NodeID,Y,Z,Displacement,Stress_L1,Stress_L2,Stress_L4
2,99.9568,-99.9571,2.48E+00,1.25E+02,4.13E+01,1.44E+02
3,99.9594,-93.2865,2.68E+00,1.26E+02,4.31E+01,1.45E+02
4,99.9641,-86.618,2.87E+00,1.25E+02,4.51E+01,1.44E+02
5,99.9706,-79.9513,3.04E+00,1.22E+02,4.72E+01,1.41E+02
6,99.9783,-73.2863,3.20E+00,1.17E+02,4.93E+01,1.36E+02
7,99.9868,-66.6226,3.34E+00,1.12E+02,5.15E+01,1.30E+02
8,99.9957,-59.9597,3.46E+00,1.06E+02,5.36E+01,1.23E+02
9,100.005,-53.2975,3.57E+00,1.00E+02,5.57E+01,1.17E+02
10,100.013,-46.6356,3.67E+00,9.47E+01,5.78E+01,1.10E+02
11,100.021,-39.9737,3.76E+00,9.00E+01,5.99E+01,1.04E+02
12,100.027,-33.3119,3.83E+00,8.59E+01,6.20E+01,9.74E+01
13,100.033,-26.6501,3.89E+00,8.25E+01,6.42E+01,9.15E+01
14,100.038,-19.988,3.94E+00,7.97E+01,6.64E+01,8.58E+01
15,100.041,-13.3259,3.97E+00,7.75E+01,6.88E+01,8.03E+01
16,100.043,-6.66375,3.99E+00,7.56E+01,7.13E+01,7.48E+01
17,100.043,-0.00155586,4.00E+00,7.41E+01,7.40E+01,6.95E+01
18,100.042,6.66061,3.99E+00,7.29E+01,7.70E+01,6.42E+01
19,100.04,13.3227,3.96E+00,7.19E+01,8.03E+01,5.91E+01
20,100.036,19.9847,3.93E+00,7.10E+01,8.39E+01,5.41E+01
21,100.03,26.6465,3.88E+00,7.02E+01,8.81E+01,4.92E+01
22,100.024,33.3082,3.81E+00,6.95E+01,9.27E+01,4.44E+01
23,100.017,39.9698,3.73E+00,6.88E+01,9.78E+01,3.97E+01
24,100.008,46.6314,3.64E+00,6.80E+01,1.04E+02,3.50E+01
25,99.9992,53.2931,3.54E+00,6.72E+01,1.10E+02,3.05E+01
26,99.9898,59.9551,3.42E+00,6.63E+01,1.16E+02,2.62E+01
27,99.9805,66.6176,3.29E+00,6.52E+01,1.23E+02,2.21E+01
28,99.9717,73.2811,3.14E+00,6.39E+01,1.29E+02,1.83E+01
29,99.9638,79.9459,2.98E+00,6.24E+01,1.34E+02,1.49E+01
30,99.9575,86.6123,2.81E+00,6.08E+01,1.38E+02,1.22E+01
31,99.9532,93.2808,2.62E+00,5.92E+01,1.39E+02,1.05E+01
32,99.951,99.9513,2.41E+00,5.76E+01,1.38E+02,9.91E+00
33,93.2796,99.9528,2.62E+00,5.91E+01,1.40E+02,1.04E+01
34,86.6104,99.9565,2.81E+00,6.06E+01,1.41E+02,1.19E+01
35,79.9432,99.9623,2.99E+00,6.21E+01,1.38E+02,1.44E+01
36,73.2779,99.9699,3.15E+00,6.35E+01,1.33E+02,1.77E+01
37,66.6141,99.9786,3.30E+00,6.47E+01,1.27E+02,2.15E+01
38,59.9514,99.988,3.43E+00,6.58E+01,1.20E+02,2.56E+01
39,53.2894,99.9976,3.55E+00,6.67E+01,1.13E+02,3.00E+01
40,46.6278,100.007,3.65E+00,6.74E+01,1.06E+02,3.46E+01
41,39.9664,100.016,3.74E+00,6.81E+01,9.98E+01,3.93E+01
42,33.305,100.024,3.82E+00,6.87E+01,9.42E+01,4.40E+01
43,26.6434,100.03,3.89E+00,6.94E+01,8.93E+01,4.89E+01
44,19.9817,100.036,3.94E+00,7.01E+01,8.50E+01,5.38E+01
45,13.3199,100.04,3.98E+00,7.08E+01,8.11E+01,5.88E+01
46,6.65789,100.043,4.00E+00,7.17E+01,7.77E+01,6.38E+01
47,-0.00421414,100.045,4.01E+00,7.28E+01,7.47E+01,6.90E+01
48,-6.66637,100.045,4.01E+00,7.42E+01,7.19E+01,7.42E+01
49,-13.3285,100.043,3.99E+00,7.59E+01,6.93E+01,7.95E+01
50,-19.9906,100.04,3.96E+00,7.80E+01,6.69E+01,8.48E+01
51,-26.6526,100.036,3.91E+00,8.06E+01,6.46E+01,9.03E+01
52,-33.3144,100.03,3.85E+00,8.38E+01,6.24E+01,9.60E+01
53,-39.9762,100.023,3.78E+00,8.77E+01,6.02E+01,1.02E+02
54,-46.6379,100.015,3.69E+00,9.22E+01,5.81E+01,1.08E+02
55,-53.2996,100.007,3.59E+00,9.73E+01,5.60E+01,1.14E+02
56,-59.9616,99.9976,3.48E+00,1.03E+02,5.39E+01,1.21E+02
57,-66.624,99.9883,3.35E+00,1.09E+02,5.17E+01,1.28E+02
58,-73.2872,99.9793,3.21E+00,1.15E+02,4.95E+01,1.34E+02
59,-79.9518,99.9711,3.05E+00,1.20E+02,4.73E+01,1.39E+02
60,-86.6179,99.9641,2.88E+00,1.23E+02,4.51E+01,1.43E+02
61,-93.286,99.9591,2.69E+00,1.24E+02,4.31E+01,1.44E+02
62,-99.9564,99.9562,2.49E+00,1.24E+02,4.13E+01,1.43E+02
63,-99.9586,93.285,2.70E+00,1.26E+02,4.29E+01,1.45E+02
64,-99.9631,86.6161,2.89E+00,1.26E+02,4.48E+01,1.45E+02
65,-99.9695,79.9492,3.06E+00,1.23E+02,4.69E+01,1.43E+02
66,-99.9775,73.2842,3.22E+00,1.18E+02,4.91E+01,1.37E+02
67,-99.9865,66.6206,3.36E+00,1.12E+02,5.13E+01,1.31E+02
68,-99.9959,59.9581,3.49E+00,1.06E+02,5.35E+01,1.24E+02
69,-100.005,53.2961,3.60E+00,1.00E+02,5.56E+01,1.17E+02
70,-100.014,46.6345,3.70E+00,9.44E+01,5.77E+01,1.10E+02
71,-100.022,39.9729,3.79E+00,8.95E+01,5.98E+01,1.03E+02
72,-100.03,33.3113,3.87E+00,8.53E+01,6.19E+01,9.69E+01
73,-100.036,26.6496,3.93E+00,8.19E+01,6.40E+01,9.09E+01
74,-100.041,19.9878,3.97E+00,7.92E+01,6.63E+01,8.52E+01
75,-100.044,13.3258,4.01E+00,7.70E+01,6.86E+01,7.96E+01
76,-100.046,6.66369,4.03E+00,7.53E+01,7.10E+01,7.41E+01
77,-100.046,0.00158016,4.03E+00,7.39E+01,7.37E+01,6.88E+01
78,-100.045,-6.66049,4.02E+00,7.27E+01,7.67E+01,6.36E+01
79,-100.042,-13.3224,4.00E+00,7.17E+01,7.99E+01,5.86E+01
80,-100.038,-19.9842,3.96E+00,7.09E+01,8.37E+01,5.36E+01
81,-100.032,-26.6459,3.90E+00,7.01E+01,8.79E+01,4.87E+01
82,-100.025,-33.3072,3.84E+00,6.94E+01,9.26E+01,4.39E+01
83,-100.017,-39.9685,3.76E+00,6.87E+01,9.81E+01,3.92E+01
84,-100.008,-46.6298,3.67E+00,6.80E+01,1.04E+02,3.46E+01
85,-99.9989,-53.291,3.56E+00,6.71E+01,1.11E+02,3.01E+01
86,-99.9889,-59.9526,3.44E+00,6.62E+01,1.18E+02,2.58E+01
87,-99.9791,-66.6149,3.31E+00,6.50E+01,1.25E+02,2.16E+01
88,-99.9699,-73.2781,3.16E+00,6.37E+01,1.32E+02,1.78E+01
89,-99.9619,-79.9429,3.00E+00,6.22E+01,1.37E+02,1.44E+01
90,-99.9557,-86.6097,2.82E+00,6.06E+01,1.40E+02,1.19E+01
91,-99.9517,-93.2786,2.63E+00,5.91E+01,1.40E+02,1.04E+01
92,-99.9501,-99.9499,2.42E+00,5.76E+01,1.38E+02,1.00E+01
93,-93.2797,-99.9522,2.63E+00,5.92E+01,1.38E+02,1.05E+01
94,-86.6116,-99.9569,2.82E+00,6.09E+01,1.37E+02,1.22E+01
95,-79.9456,-99.9637,2.99E+00,6.26E+01,1.33E+02,1.49E+01
96,-73.2813,-99.9721,3.15E+00,6.41E+01,1.28E+02,1.83E+01
97,-66.6185,-99.9815,3.30E+00,6.54E+01,1.21E+02,2.21E+01
98,-59.9564,-99.9912,3.43E+00,6.65E+01,1.14E+02,2.62E+01
99,-53.2947,-100.001,3.55E+00,6.75E+01,1.08E+02,3.05E+01
100,-46.6334,-100.01,3.65E+00,6.84E+01,1.01E+02,3.50E+01
101,-39.9719,-100.019,3.74E+00,6.92E+01,9.57E+01,3.95E+01
102,-33.3104,-100.026,3.82E+00,7.00E+01,9.07E+01,4.42E+01
103,-26.6489,-100.033,3.89E+00,7.07E+01,8.63E+01,4.89E+01
104,-19.9871,-100.038,3.94E+00,7.16E+01,8.24E+01,5.38E+01
105,-13.3251,-100.042,3.98E+00,7.26E+01,7.89E+01,5.88E+01
106,-6.66303,-100.044,4.00E+00,7.36E+01,7.57E+01,6.39E+01
107,-0.00086609,-100.045,4.01E+00,7.49E+01,7.29E+01,6.91E+01
108,6.66132,-100.044,4.01E+00,7.65E+01,7.03E+01,7.45E+01
109,13.3235,-100.042,3.99E+00,7.84E+01,6.79E+01,8.01E+01
110,19.9855,-100.039,3.95E+00,8.07E+01,6.56E+01,8.58E+01
111,26.6474,-100.034,3.91E+00,8.37E+01,6.34E+01,9.18E+01
112,33.3092,-100.028,3.85E+00,8.73E+01,6.13E+01,9.80E+01
113,39.9709,-100.021,3.77E+00,9.16E+01,5.92E+01,1.05E+02
114,46.6326,-100.012,3.68E+00,9.67E+01,5.72E+01,1.11E+02
115,53.2944,-100.004,3.58E+00,1.02E+02,5.51E+01,1.19E+02
116,59.9566,-99.9945,3.47E+00,1.09E+02,5.30E+01,1.26E+02
117,66.6196,-99.9855,3.34E+00,1.15E+02,5.09E+01,1.33E+02
118,73.2835,-99.9769,3.20E+00,1.21E+02,4.88E+01,1.39E+02
119,79.949,-99.9694,3.05E+00,1.25E+02,4.67E+01,1.44E+02
120,86.6163,-99.9633,2.87E+00,1.27E+02,4.48E+01,1.47E+02
121,93.2855,-99.9592,2.68E+00,1.27E+02,4.30E+01,1.46E+02
122,-93.3803,0.00186019,4.54E+00,7.66E+01,7.60E+01,7.03E+01
123,-86.7142,0.00216934,5.05E+00,7.97E+01,7.85E+01,7.18E+01
124,-80.0478,0.00250659,5.58E+00,8.31E+01,8.11E+01,7.32E+01
125,-73.3813,0.00287874,6.13E+00,8.71E+01,8.41E+01,7.46E+01
126,-66.7148,0.00327429,6.69E+00,9.19E+01,8.76E+01,7.60E+01
127,-60.0485,0.00369518,7.27E+00,9.78E+01,9.17E+01,7.73E+01
128,-53.3824,0.00410318,7.88E+00,1.05E+02,9.69E+01,7.87E+01
129,-46.717,0.00448391,8.51E+00,1.15E+02,1.04E+02,8.02E+01
130,-40.0524,0.00469609,9.18E+00,1.30E+02,1.13E+02,8.19E+01
131,-33.389,0.00467965,9.89E+00,1.50E+02,1.27E+02,8.40E+01
132,-26.7275,0.00398267,1.07E+01,1.83E+02,1.49E+02,8.76E+01
133,-20.0694,0.00205623,1.15E+01,2.39E+02,1.86E+02,9.92E+01
134,-13.4221,-0.00515889,1.24E+01,3.78E+02,2.77E+02,1.25E+02
135,-6.77372,-0.0189668,1.35E+01,6.91E+02,4.82E+02,1.44E+02
136,0.0039483,-0.00263136,1.42E+01,9.03E+02,6.27E+02,1.50E+02
137,6.77354,0.0160853,1.35E+01,6.97E+02,4.96E+02,1.59E+02
138,13.4133,0.00427216,1.23E+01,3.87E+02,2.90E+02,1.46E+02
139,20.0604,-0.0023005,1.14E+01,2.47E+02,1.98E+02,1.16E+02
140,26.7196,-0.00387844,1.06E+01,1.88E+02,1.57E+02,9.98E+01
141,33.3819,-0.00434883,9.80E+00,1.53E+02,1.33E+02,9.30E+01
142,40.046,-0.00426295,9.09E+00,1.32E+02,1.18E+02,8.86E+01
143,46.7111,-0.00403713,8.43E+00,1.17E+02,1.07E+02,8.53E+01
144,53.3771,-0.00369936,7.80E+00,1.07E+02,9.95E+01,8.26E+01
145,60.0435,-0.0033575,7.20E+00,9.87E+01,9.37E+01,8.03E+01
146,66.7102,-0.00300198,6.63E+00,9.26E+01,8.91E+01,7.82E+01
147,73.3771,-0.00266821,6.07E+00,8.77E+01,8.52E+01,7.63E+01
148,80.0439,-0.00235212,5.53E+00,8.36E+01,8.20E+01,7.46E+01
149,86.7106,-0.00206399,5.01E+00,8.01E+01,7.91E+01,7.28E+01
150,93.377,-0.00179648,4.50E+00,7.69E+01,7.64E+01,7.11E+01
151,0.0137559,6.76852,1.35E+01,6.97E+02,4.94E+02,1.44E+02
152,-0.00404954,13.415,1.24E+01,3.70E+02,2.93E+02,1.40E+02
153,-0.0106158,20.0636,1.14E+01,2.29E+02,1.98E+02,1.18E+02
154,-0.0119263,26.7226,1.06E+01,1.76E+02,1.56E+02,1.02E+02
155,-0.0119441,33.3848,9.83E+00,1.46E+02,1.31E+02,9.44E+01
156,-0.0112139,40.0487,9.13E+00,1.26E+02,1.16E+02,8.94E+01
157,-0.0103979,46.7137,8.46E+00,1.13E+02,1.06E+02,8.58E+01
158,-0.00946853,53.3795,7.83E+00,1.03E+02,9.88E+01,8.28E+01
159,-0.00860171,60.0457,7.23E+00,9.60E+01,9.33E+01,8.04E+01
160,-0.00774568,66.7123,6.65E+00,9.03E+01,8.90E+01,7.82E+01
161,-0.00695399,73.379,6.10E+00,8.57E+01,8.54E+01,7.62E+01
162,-0.00619921,80.0457,5.56E+00,8.19E+01,8.23E+01,7.43E+01
163,-0.00549464,86.7123,5.03E+00,7.85E+01,7.95E+01,7.25E+01
164,-0.00483392,93.3786,4.52E+00,7.55E+01,7.70E+01,7.07E+01
165,-53.3819,6.66194,7.87E+00,1.06E+02,9.28E+01,9.42E+01
166,-53.3745,13.3196,7.79E+00,1.08E+02,8.98E+01,1.12E+02
167,-53.3611,19.9766,7.66E+00,1.16E+02,8.69E+01,1.33E+02
168,-53.3435,26.6329,7.48E+00,1.28E+02,8.36E+01,1.55E+02
169,-53.324,33.2896,7.25E+00,1.46E+02,7.98E+01,1.78E+02
170,-53.3053,39.9485,6.98E+00,1.65E+02,7.56E+01,1.98E+02
171,-53.2906,46.6115,6.67E+00,1.76E+02,7.19E+01,2.10E+02
172,-53.282,53.2804,6.34E+00,1.75E+02,6.91E+01,2.07E+02
173,-53.2794,59.9543,5.98E+00,1.63E+02,6.72E+01,1.93E+02
174,-53.2805,66.6305,5.60E+00,1.47E+02,6.57E+01,1.75E+02
175,-53.2833,73.3072,5.21E+00,1.32E+02,6.41E+01,1.57E+02
176,-53.2871,79.9835,4.82E+00,1.19E+02,6.23E+01,1.42E+02
177,-53.2912,86.659,4.41E+00,1.10E+02,6.03E+01,1.31E+02
178,-53.2954,93.3334,4.00E+00,1.03E+02,5.81E+01,1.22E+02
179,-59.9661,46.6114,6.27E+00,1.58E+02,7.01E+01,1.88E+02
180,-66.6427,46.6139,5.86E+00,1.40E+02,6.84E+01,1.67E+02
181,-73.3189,46.6176,5.43E+00,1.25E+02,6.65E+01,1.49E+02
182,-79.9944,46.6217,5.00E+00,1.14E+02,6.44E+01,1.35E+02
183,-86.6688,46.626,4.57E+00,1.05E+02,6.22E+01,1.25E+02
184,-93.342,46.6303,4.14E+00,9.91E+01,5.99E+01,1.16E+02
185,-73.3333,39.958,5.62E+00,1.14E+02,6.93E+01,1.36E+02
186,-73.3471,33.2992,5.77E+00,1.04E+02,7.18E+01,1.24E+02
187,-73.3595,26.6404,5.91E+00,9.73E+01,7.41E+01,1.12E+02
188,-73.3696,19.9814,6.01E+00,9.24E+01,7.64E+01,1.02E+02
189,-73.3769,13.322,6.08E+00,8.94E+01,7.86E+01,9.21E+01
190,-73.3808,6.66248,6.12E+00,8.79E+01,8.11E+01,8.30E+01
191,-66.6886,26.6379,6.42E+00,1.04E+02,7.70E+01,1.22E+02
192,-60.0167,26.6354,6.95E+00,1.14E+02,8.02E+01,1.36E+02
193,-66.6741,33.2959,6.26E+00,1.14E+02,7.45E+01,1.36E+02
194,-66.6583,39.9542,6.07E+00,1.26E+02,7.16E+01,1.52E+02
195,-59.9997,33.2926,6.76E+00,1.27E+02,7.71E+01,1.54E+02
196,-59.9821,39.9508,6.53E+00,1.43E+02,7.37E+01,1.72E+02
197,-66.7096,13.3212,6.63E+00,9.42E+01,8.18E+01,9.70E+01
198,-60.0421,13.3203,7.20E+00,1.00E+02,8.54E+01,1.03E+02
199,-66.7008,19.9798,6.55E+00,9.79E+01,7.94E+01,1.09E+02
200,-60.0313,19.9781,7.10E+00,1.05E+02,8.29E+01,1.19E+02
201,-66.7144,6.66225,6.68E+00,9.25E+01,8.43E+01,8.59E+01
202,-60.048,6.66206,7.26E+00,9.82E+01,8.81E+01,8.95E+01
203,-93.3677,26.6474,4.41E+00,8.47E+01,6.64E+01,9.47E+01
204,-86.6991,26.6452,4.90E+00,8.80E+01,6.88E+01,9.94E+01
205,-80.0297,26.6428,5.40E+00,9.21E+01,7.14E+01,1.05E+02
206,-86.6903,33.3055,4.81E+00,9.25E+01,6.67E+01,1.07E+02
207,-86.6801,39.9657,4.70E+00,9.83E+01,6.45E+01,1.16E+02
208,-93.3604,33.3085,4.34E+00,8.85E+01,6.42E+01,1.02E+02
209,-93.3517,39.9694,4.25E+00,9.33E+01,6.21E+01,1.09E+02
210,-80.0192,33.3024,5.29E+00,9.76E+01,6.92E+01,1.14E+02
211,-80.0072,39.9619,5.16E+00,1.05E+02,6.69E+01,1.24E+02
212,-93.3777,13.3248,4.51E+00,7.95E+01,7.09E+01,8.21E+01
213,-86.7111,13.3239,5.02E+00,8.23E+01,7.33E+01,8.49E+01
214,-80.0441,13.323,5.54E+00,8.56E+01,7.59E+01,8.82E+01
215,-86.7061,19.9846,4.97E+00,8.47E+01,7.10E+01,9.20E+01
216,-93.3736,19.9862,4.47E+00,8.17E+01,6.86E+01,8.83E+01
217,-80.0381,19.983,5.48E+00,8.81E+01,7.36E+01,9.64E+01
218,-86.7138,6.66306,5.05E+00,8.08E+01,7.57E+01,7.82E+01
219,-93.3799,6.66337,4.53E+00,7.79E+01,7.33E+01,7.61E+01
220,-80.0474,6.66276,5.58E+00,8.40E+01,7.83E+01,8.05E+01
221,-59.9459,73.2948,4.99E+00,1.41E+02,6.10E+01,1.67E+02
222,-66.6113,73.2852,4.74E+00,1.47E+02,5.82E+01,1.72E+02
223,-73.28,73.2791,4.47E+00,1.47E+02,5.58E+01,1.72E+02
224,-79.952,73.2767,4.18E+00,1.42E+02,5.39E+01,1.66E+02
225,-86.6263,73.2774,3.87E+00,1.35E+02,5.23E+01,1.57E+02
226,-93.3017,73.2801,3.55E+00,1.26E+02,5.07E+01,1.47E+02
227,-73.2848,66.6088,4.74E+00,1.49E+02,5.79E+01,1.74E+02
228,-73.2934,59.9421,4.99E+00,1.45E+02,6.06E+01,1.71E+02
229,-73.3052,53.2786,5.22E+00,1.36E+02,6.35E+01,1.61E+02
230,-66.6188,59.9418,5.34E+00,1.57E+02,6.22E+01,1.84E+02
231,-59.9469,59.9455,5.67E+00,1.64E+02,6.43E+01,1.94E+02
232,-66.613,66.6118,5.05E+00,1.55E+02,5.99E+01,1.82E+02
233,-59.9448,66.6191,5.34E+00,1.55E+02,6.25E+01,1.82E+02
234,-66.629,53.276,5.61E+00,1.51E+02,6.51E+01,1.79E+02
235,-59.9539,53.276,5.98E+00,1.66E+02,6.68E+01,1.96E+02
236,-93.3211,59.9532,3.88E+00,1.13E+02,5.55E+01,1.32E+02
237,-86.6455,59.9486,4.26E+00,1.22E+02,5.73E+01,1.43E+02
238,-79.9694,59.9446,4.63E+00,1.33E+02,5.90E+01,1.56E+02
239,-86.635,66.6119,4.07E+00,1.29E+02,5.48E+01,1.51E+02
240,-93.3109,66.6159,3.72E+00,1.20E+02,5.31E+01,1.40E+02
241,-79.9593,66.6092,4.41E+00,1.40E+02,5.63E+01,1.63E+02
242,-86.6571,53.2868,4.42E+00,1.13E+02,5.98E+01,1.34E+02
243,-93.3317,53.2915,4.02E+00,1.06E+02,5.77E+01,1.24E+02
244,-79.9814,53.2824,4.83E+00,1.23E+02,6.18E+01,1.46E+02
245,-73.2831,93.3034,3.54E+00,1.22E+02,5.11E+01,1.43E+02
246,-73.2801,86.6275,3.87E+00,1.31E+02,5.26E+01,1.53E+02
247,-73.2787,79.9524,4.17E+00,1.40E+02,5.41E+01,1.64E+02
248,-66.6155,86.6368,4.07E+00,1.25E+02,5.52E+01,1.47E+02
249,-59.9527,86.6475,4.25E+00,1.18E+02,5.78E+01,1.39E+02
250,-66.6195,93.3128,3.71E+00,1.16E+02,5.35E+01,1.36E+02
251,-59.957,93.323,3.86E+00,1.09E+02,5.59E+01,1.29E+02
252,-66.6125,79.9606,4.41E+00,1.36E+02,5.67E+01,1.60E+02
253,-59.9488,79.9713,4.62E+00,1.28E+02,5.95E+01,1.52E+02
254,-93.289,86.615,3.16E+00,1.31E+02,4.64E+01,1.51E+02
255,-86.6169,86.6163,3.41E+00,1.34E+02,4.82E+01,1.56E+02
256,-79.9472,86.6205,3.65E+00,1.35E+02,5.02E+01,1.56E+02
257,-86.6163,93.2894,3.15E+00,1.29E+02,4.65E+01,1.50E+02
258,-93.2863,93.286,2.93E+00,1.29E+02,4.46E+01,1.49E+02
259,-79.9486,93.2954,3.36E+00,1.27E+02,4.87E+01,1.48E+02
260,-86.6202,79.9455,3.65E+00,1.36E+02,5.00E+01,1.58E+02
261,-93.2942,79.9464,3.36E+00,1.30E+02,4.85E+01,1.51E+02
262,-79.9481,79.9473,3.92E+00,1.40E+02,5.19E+01,1.63E+02
263,-6.6679,46.7142,8.46E+00,1.13E+02,1.01E+02,1.06E+02
264,-13.3254,46.7063,8.37E+00,1.17E+02,9.68E+01,1.29E+02
265,-19.982,46.691,8.22E+00,1.27E+02,9.32E+01,1.54E+02
266,-26.6378,46.6708,8.00E+00,1.44E+02,8.88E+01,1.80E+02
267,-33.2941,46.6491,7.73E+00,1.66E+02,8.36E+01,2.05E+02
268,-39.9535,46.6298,7.41E+00,1.84E+02,7.86E+01,2.23E+02
269,-46.6189,46.6169,7.06E+00,1.88E+02,7.46E+01,2.24E+02
270,-26.6363,39.9945,8.54E+00,1.73E+02,9.30E+01,2.18E+02
271,-26.6363,33.3162,9.08E+00,2.10E+02,9.80E+01,2.67E+02
272,-26.6432,26.6405,9.59E+00,2.39E+02,1.06E+02,3.07E+02
273,-26.6659,19.9759,1.01E+01,2.33E+02,1.16E+02,3.00E+02
274,-26.6995,13.3206,1.04E+01,2.04E+02,1.27E+02,2.38E+02
275,-26.7249,6.66318,1.06E+01,1.85E+02,1.37E+02,1.54E+02
276,-19.9826,26.6667,1.00E+01,2.26E+02,1.18E+02,2.98E+02
277,-13.3283,26.7001,1.04E+01,1.94E+02,1.31E+02,2.42E+02
278,-6.67077,26.7223,1.06E+01,1.76E+02,1.42E+02,1.68E+02
279,-13.3263,33.3702,9.68E+00,1.55E+02,1.15E+02,1.83E+02
280,-13.3256,40.0387,9.01E+00,1.32E+02,1.05E+02,1.50E+02
281,-19.9812,33.3444,9.43E+00,1.81E+02,1.07E+02,2.32E+02
282,-19.9813,40.0188,8.82E+00,1.48E+02,9.95E+01,1.84E+02
283,-6.66936,33.3853,9.82E+00,1.45E+02,1.22E+02,1.35E+02
284,-6.66854,40.0493,9.12E+00,1.26E+02,1.09E+02,1.17E+02
285,-13.4024,6.67561,1.23E+01,3.63E+02,2.48E+02,2.90E+02
286,-13.3542,13.3508,1.18E+01,3.10E+02,2.01E+02,3.92E+02
287,-13.3331,20.0261,1.11E+01,2.50E+02,1.58E+02,3.33E+02
288,-20.026,13.326,1.11E+01,2.60E+02,1.54E+02,3.29E+02
289,-20.0635,6.66596,1.14E+01,2.44E+02,1.70E+02,2.14E+02
290,-19.9936,19.9907,1.06E+01,2.61E+02,1.34E+02,3.53E+02
291,-6.68291,13.3997,1.23E+01,3.47E+02,2.59E+02,3.08E+02
292,-6.72236,6.71746,1.32E+01,5.74E+02,3.86E+02,2.46E+02
293,-6.67376,20.0611,1.14E+01,2.29E+02,1.78E+02,2.32E+02
294,-46.6689,26.6306,8.02E+00,1.49E+02,8.74E+01,1.82E+02
295,-39.9925,26.6291,8.56E+00,1.80E+02,9.16E+01,2.22E+02
296,-33.3154,26.6301,9.09E+00,2.16E+02,9.70E+01,2.71E+02
297,-39.9706,33.288,8.22E+00,2.01E+02,8.57E+01,2.46E+02
298,-39.9575,39.9552,7.83E+00,2.02E+02,8.13E+01,2.45E+02
299,-46.6473,33.2875,7.74E+00,1.72E+02,8.24E+01,2.10E+02
300,-46.6294,39.9487,7.42E+00,1.88E+02,7.78E+01,2.26E+02
301,-33.2985,33.296,8.67E+00,2.19E+02,9.07E+01,2.72E+02
302,-33.2935,39.9712,8.21E+00,1.96E+02,8.65E+01,2.42E+02
303,-46.7069,13.3191,8.41E+00,1.20E+02,9.54E+01,1.25E+02
304,-40.0389,13.3188,9.05E+00,1.36E+02,1.03E+02,1.45E+02
305,-33.3701,13.319,9.72E+00,1.62E+02,1.13E+02,1.79E+02
306,-40.0175,19.974,8.84E+00,1.53E+02,9.78E+01,1.84E+02
307,-46.6901,19.9752,8.25E+00,1.31E+02,9.18E+01,1.53E+02
308,-33.3426,19.9736,9.45E+00,1.89E+02,1.05E+02,2.33E+02
309,-40.0516,6.66198,9.16E+00,1.30E+02,1.07E+02,1.10E+02
310,-46.7164,6.66189,8.50E+00,1.16E+02,9.88E+01,1.01E+02
311,-33.3877,6.66228,9.87E+00,1.51E+02,1.19E+02,1.25E+02
312,-26.6508,93.3677,4.39E+00,8.33E+01,6.69E+01,9.43E+01
313,-26.649,86.6991,4.88E+00,8.65E+01,6.94E+01,9.91E+01
314,-26.6472,80.0299,5.38E+00,9.04E+01,7.20E+01,1.05E+02
315,-26.6453,73.36,5.88E+00,9.54E+01,7.47E+01,1.12E+02
316,-26.6434,66.6894,6.40E+00,1.02E+02,7.78E+01,1.22E+02
317,-26.6415,60.0178,6.92E+00,1.11E+02,8.11E+01,1.35E+02
318,-26.6396,53.3451,7.46E+00,1.24E+02,8.48E+01,1.53E+02
319,-19.986,73.3693,5.98E+00,9.08E+01,7.71E+01,1.03E+02
320,-13.3264,73.3758,6.05E+00,8.80E+01,7.95E+01,9.33E+01
321,-6.66669,73.3791,6.09E+00,8.64E+01,8.22E+01,8.45E+01
322,-13.3269,80.043,5.52E+00,8.43E+01,7.66E+01,8.90E+01
323,-13.3274,86.71,5.00E+00,8.11E+01,7.40E+01,8.54E+01
324,-13.3279,93.3767,4.49E+00,7.84E+01,7.16E+01,8.22E+01
325,-19.9883,86.7056,4.95E+00,8.34E+01,7.16E+01,9.21E+01
326,-19.9871,80.0376,5.46E+00,8.67E+01,7.42E+01,9.67E+01
327,-19.9894,93.373,4.45E+00,8.05E+01,6.92E+01,8.82E+01
328,-6.66646,86.7123,5.02E+00,7.96E+01,7.66E+01,7.88E+01
329,-6.66656,80.0457,5.55E+00,8.27E+01,7.92E+01,8.15E+01
330,-6.66641,93.3785,4.51E+00,7.67E+01,7.41E+01,7.64E+01
331,-13.3254,53.3737,7.76E+00,1.06E+02,9.10E+01,1.15E+02
332,-13.3256,60.041,7.17E+00,9.83E+01,8.65E+01,1.06E+02
333,-13.326,66.7084,6.60E+00,9.25E+01,8.27E+01,9.86E+01
334,-19.9838,60.0314,7.07E+00,1.03E+02,8.38E+01,1.20E+02
335,-19.9829,53.3616,7.63E+00,1.13E+02,8.81E+01,1.34E+02
336,-19.9849,66.7006,6.52E+00,9.60E+01,8.03E+01,1.10E+02
337,-6.66713,60.0459,7.22E+00,9.63E+01,8.94E+01,9.24E+01
338,-6.66748,53.3798,7.83E+00,1.03E+02,9.43E+01,9.81E+01
339,-6.66688,66.7124,6.65E+00,9.08E+01,8.55E+01,8.81E+01
340,-46.6228,73.3211,5.42E+00,1.21E+02,6.71E+01,1.45E+02
341,-39.9634,73.3351,5.60E+00,1.10E+02,6.98E+01,1.34E+02
342,-33.3043,73.3484,5.75E+00,1.02E+02,7.23E+01,1.23E+02
343,-39.9667,80.0087,5.14E+00,1.02E+02,6.74E+01,1.23E+02
344,-39.9699,86.6812,4.68E+00,9.60E+01,6.49E+01,1.14E+02
345,-39.9731,93.3526,4.23E+00,9.13E+01,6.25E+01,1.07E+02
346,-46.6304,86.6704,4.56E+00,1.02E+02,6.27E+01,1.22E+02
347,-46.6266,79.9963,4.99E+00,1.10E+02,6.49E+01,1.32E+02
348,-46.6342,93.3434,4.12E+00,9.66E+01,6.03E+01,1.14E+02
349,-33.3095,86.6909,4.79E+00,9.07E+01,6.71E+01,1.06E+02
350,-33.3069,80.0201,5.27E+00,9.55E+01,6.97E+01,1.13E+02
351,-33.312,93.3608,4.32E+00,8.69E+01,6.47E+01,1.01E+02
352,-39.9543,53.3071,6.97E+00,1.59E+02,7.66E+01,1.94E+02
353,-39.9568,59.9843,6.52E+00,1.38E+02,7.45E+01,1.68E+02
354,-39.96,66.6603,6.06E+00,1.22E+02,7.22E+01,1.49E+02
355,-46.6166,59.9678,6.26E+00,1.53E+02,7.08E+01,1.83E+02
356,-46.6156,53.291,6.67E+00,1.73E+02,7.24E+01,2.07E+02
357,-46.6193,66.6448,5.84E+00,1.35E+02,6.90E+01,1.62E+02
358,-33.2989,60.0016,6.74E+00,1.23E+02,7.80E+01,1.51E+02
359,-33.2962,53.3261,7.23E+00,1.41E+02,8.09E+01,1.74E+02
360,-33.3016,66.6756,6.24E+00,1.11E+02,7.51E+01,1.35E+02
361,93.335,46.6267,4.06E+00,7.18E+01,1.09E+02,3.46E+01
362,86.6606,46.6219,4.48E+00,7.57E+01,1.17E+02,3.38E+01
363,79.985,46.6168,4.90E+00,7.97E+01,1.27E+02,3.24E+01
364,73.3082,46.6117,5.32E+00,8.38E+01,1.39E+02,3.04E+01
365,66.6306,46.6069,5.72E+00,8.79E+01,1.55E+02,2.78E+01
366,59.9525,46.6029,6.13E+00,9.19E+01,1.74E+02,2.45E+01
367,53.275,46.6007,6.51E+00,9.59E+01,1.95E+02,2.12E+01
368,46.6003,46.6026,6.89E+00,1.00E+02,2.10E+02,1.93E+01
369,39.9314,46.6112,7.24E+00,1.05E+02,2.12E+02,2.08E+01
370,33.2691,46.6271,7.56E+00,1.09E+02,1.98E+02,2.60E+01
371,26.6116,46.6477,7.84E+00,1.13E+02,1.75E+02,3.39E+01
372,19.9566,46.6697,8.08E+00,1.15E+02,1.50E+02,4.33E+01
373,13.3019,46.6898,8.27E+00,1.15E+02,1.30E+02,5.47E+01
374,6.64637,46.7051,8.40E+00,1.14E+02,1.15E+02,6.87E+01
375,53.2895,39.9386,6.81E+00,1.00E+02,1.83E+02,2.59E+01
376,53.3076,33.2801,7.08E+00,1.04E+02,1.65E+02,3.20E+01
377,53.327,26.6236,7.31E+00,1.07E+02,1.46E+02,3.90E+01
378,53.3453,19.9676,7.51E+00,1.08E+02,1.29E+02,4.72E+01
379,53.3608,13.3113,7.66E+00,1.08E+02,1.16E+02,5.69E+01
380,53.3717,6.65415,7.76E+00,1.07E+02,1.06E+02,6.86E+01
381,79.9978,39.957,5.06E+00,8.08E+01,1.17E+02,3.75E+01
382,80.01,33.2974,5.20E+00,8.16E+01,1.09E+02,4.29E+01
383,80.0209,26.6379,5.31E+00,8.20E+01,1.01E+02,4.85E+01
384,80.03,19.9782,5.40E+00,8.24E+01,9.49E+01,5.45E+01
385,80.0371,13.3182,5.47E+00,8.26E+01,8.97E+01,6.08E+01
386,80.0418,6.65804,5.52E+00,8.30E+01,8.55E+01,6.75E+01
387,86.6916,26.641,4.83E+00,7.77E+01,9.58E+01,4.92E+01
388,93.3614,26.6438,4.35E+00,7.38E+01,9.16E+01,4.93E+01
389,86.6824,33.3012,4.73E+00,7.72E+01,1.02E+02,4.38E+01
390,86.6719,39.9615,4.62E+00,7.65E+01,1.09E+02,3.87E+01
391,93.3537,33.3048,4.27E+00,7.32E+01,9.68E+01,4.43E+01
392,93.3448,39.9658,4.17E+00,7.25E+01,1.03E+02,3.94E+01
393,86.7051,13.3198,4.96E+00,7.86E+01,8.61E+01,6.05E+01
394,93.3726,13.3213,4.46E+00,7.51E+01,8.30E+01,5.99E+01
395,86.6993,19.9805,4.90E+00,7.81E+01,9.06E+01,5.47E+01
396,93.3678,19.9826,4.41E+00,7.44E+01,8.70E+01,5.45E+01
397,86.7089,6.65894,5.00E+00,7.92E+01,8.23E+01,6.65E+01
398,93.3757,6.6598,4.49E+00,7.59E+01,7.95E+01,6.54E+01
399,60.0024,26.6275,6.80E+00,9.91E+01,1.29E+02,4.28E+01
400,66.6764,26.6312,6.30E+00,9.26E+01,1.17E+02,4.55E+01
401,73.3492,26.6347,5.80E+00,8.70E+01,1.08E+02,4.74E+01
402,66.6615,33.2891,6.14E+00,9.18E+01,1.29E+02,3.91E+01
403,66.6458,39.9474,5.94E+00,9.02E+01,1.42E+02,3.32E+01
404,59.9853,33.2846,6.61E+00,9.77E+01,1.44E+02,3.60E+01
405,59.968,39.9426,6.38E+00,9.53E+01,1.60E+02,2.99E+01
406,73.3364,33.2934,5.66E+00,8.64E+01,1.17E+02,4.14E+01
407,73.3224,39.9522,5.50E+00,8.54E+01,1.28E+02,3.57E+01
408,66.7069,6.65613,6.60E+00,9.26E+01,9.36E+01,6.88E+01
409,66.6998,13.3149,6.53E+00,9.28E+01,9.95E+01,6.02E+01
410,66.6895,19.9732,6.43E+00,9.29E+01,1.07E+02,5.25E+01
411,60.0306,13.3131,7.09E+00,9.95E+01,1.07E+02,5.90E+01
412,60.0393,6.65514,7.17E+00,9.90E+01,9.91E+01,6.89E+01
413,60.0179,19.9705,6.96E+00,9.96E+01,1.16E+02,5.04E+01
414,73.3687,13.3166,6.00E+00,8.73E+01,9.41E+01,6.08E+01
415,73.3744,6.6571,6.05E+00,8.74E+01,8.92E+01,6.83E+01
416,73.3601,19.9758,5.91E+00,8.72E+01,1.00E+02,5.38E+01
417,26.6081,39.9692,8.35E+00,1.23E+02,2.08E+02,2.81E+01
418,26.6073,33.2913,8.85E+00,1.35E+02,2.46E+02,2.36E+01
419,26.6151,26.6186,9.33E+00,1.50E+02,2.71E+02,2.42E+01
420,26.6377,19.9577,9.77E+00,1.66E+02,2.62E+02,3.02E+01
421,26.6702,13.305,1.01E+01,1.81E+02,2.24E+02,3.91E+01
422,26.7013,6.65246,1.04E+01,1.89E+02,1.83E+02,5.68E+01
423,33.2914,26.614,8.85E+00,1.37E+02,2.41E+02,2.45E+01
424,39.971,26.6159,8.34E+00,1.25E+02,2.02E+02,2.89E+01
425,46.6498,26.6195,7.83E+00,1.15E+02,1.70E+02,3.42E+01
426,39.9498,33.274,8.01E+00,1.18E+02,2.23E+02,2.24E+01
427,39.9362,39.9388,7.64E+00,1.11E+02,2.27E+02,1.94E+01
428,33.2741,33.2771,8.45E+00,1.26E+02,2.47E+02,2.04E+01
429,33.2682,39.9497,8.01E+00,1.17E+02,2.28E+02,2.15E+01
430,46.6287,33.2761,7.55E+00,1.11E+02,1.92E+02,2.71E+01
431,46.6113,39.9364,7.23E+00,1.06E+02,2.08E+02,2.17E+01
432,33.3456,13.3057,9.49E+00,1.53E+02,1.78E+02,4.31E+01
433,40.0187,13.3075,8.86E+00,1.33E+02,1.49E+02,4.89E+01
434,46.6903,13.3094,8.25E+00,1.19E+02,1.29E+02,5.36E+01
435,39.9955,19.9613,8.63E+00,1.31E+02,1.74E+02,3.74E+01
436,33.3174,19.9586,9.20E+00,1.47E+02,2.13E+02,3.22E+01
437,46.6713,19.9645,8.06E+00,1.18E+02,1.48E+02,4.28E+01
438,40.0366,6.65243,9.02E+00,1.33E+02,1.30E+02,6.54E+01
439,33.3691,6.65206,9.70E+00,1.55E+02,1.50E+02,6.17E+01
440,46.7042,6.65324,8.37E+00,1.18E+02,1.16E+02,6.75E+01
441,6.64314,26.7015,1.04E+01,1.78E+02,1.84E+02,5.96E+01
442,13.2954,26.6691,1.02E+01,1.74E+02,2.28E+02,3.89E+01
443,19.95,26.6378,9.78E+00,1.63E+02,2.67E+02,2.92E+01
444,13.2965,33.3444,9.51E+00,1.48E+02,1.81E+02,4.42E+01
445,13.2992,40.0178,8.88E+00,1.29E+02,1.50E+02,5.02E+01
446,6.64358,33.3696,9.72E+00,1.48E+02,1.50E+02,6.40E+01
447,6.64476,40.0374,9.04E+00,1.28E+02,1.29E+02,6.71E+01
448,19.9498,33.3158,9.21E+00,1.43E+02,2.18E+02,3.17E+01
449,19.9527,39.9936,8.64E+00,1.27E+02,1.78E+02,3.76E+01
450,6.6598,13.3695,1.20E+01,3.45E+02,3.16E+02,6.47E+01
451,13.3175,13.3224,1.15E+01,2.78E+02,3.25E+02,5.61E+01
452,19.9923,13.307,1.08E+01,2.21E+02,2.84E+02,4.29E+01
453,13.2984,19.9928,1.08E+01,2.15E+02,2.88E+02,4.09E+01
454,6.64605,20.0334,1.12E+01,2.30E+02,2.37E+02,5.71E+01
455,19.961,19.9652,1.03E+01,1.91E+02,3.00E+02,3.38E+01
456,13.3687,6.66873,1.20E+01,3.60E+02,3.11E+02,6.63E+01
457,6.7121,6.71468,1.29E+01,5.64E+02,4.39E+02,9.75E+01
458,20.0333,6.65569,1.12E+01,2.45E+02,2.34E+02,5.59E+01
459,53.2837,93.3228,3.95E+00,7.02E+01,1.20E+02,2.94E+01
460,53.278,86.6469,4.34E+00,7.38E+01,1.30E+02,2.84E+01
461,53.2725,79.97,4.73E+00,7.73E+01,1.41E+02,2.68E+01
462,53.2675,73.2927,5.11E+00,8.08E+01,1.55E+02,2.46E+01
463,53.2639,66.6157,5.49E+00,8.42E+01,1.71E+02,2.21E+01
464,53.2628,59.9402,5.85E+00,8.77E+01,1.87E+02,1.98E+01
465,53.266,53.2679,6.19E+00,9.16E+01,1.96E+02,1.91E+01
466,59.9315,73.2819,4.88E+00,7.84E+01,1.64E+02,2.03E+01
467,66.5988,73.2745,4.63E+00,7.59E+01,1.67E+02,1.73E+01
468,73.2696,73.2707,4.36E+00,7.36E+01,1.65E+02,1.59E+01
469,79.9432,73.2703,4.08E+00,7.14E+01,1.57E+02,1.60E+01
470,86.6187,73.2725,3.78E+00,6.91E+01,1.48E+02,1.67E+01
471,93.2951,73.2763,3.47E+00,6.66E+01,1.38E+02,1.76E+01
472,73.2681,79.943,4.08E+00,7.11E+01,1.59E+02,1.55E+01
473,73.2695,86.6176,3.78E+00,6.86E+01,1.51E+02,1.60E+01
474,73.273,93.2935,3.47E+00,6.61E+01,1.42E+02,1.69E+01
475,66.6036,86.6255,3.99E+00,7.05E+01,1.46E+02,1.96E+01
476,59.94,86.6355,4.17E+00,7.23E+01,1.39E+02,2.38E+01
477,66.6001,79.9493,4.32E+00,7.33E+01,1.57E+02,1.83E+01
478,59.9351,79.9585,4.53E+00,7.54E+01,1.51E+02,2.22E+01
479,66.6085,93.3022,3.65E+00,6.77E+01,1.36E+02,2.07E+01
480,59.9455,93.3121,3.81E+00,6.90E+01,1.28E+02,2.49E+01
481,86.6126,79.9399,3.56E+00,6.69E+01,1.51E+02,1.39E+01
482,86.6092,86.6099,3.33E+00,6.48E+01,1.50E+02,1.22E+01
483,86.6086,93.2823,3.08E+00,6.27E+01,1.46E+02,1.17E+01
484,79.938,86.6123,3.56E+00,6.67E+01,1.52E+02,1.35E+01
485,79.9391,79.94,3.83E+00,6.90E+01,1.57E+02,1.41E+01
486,79.9396,93.2867,3.28E+00,6.44E+01,1.46E+02,1.38E+01
487,93.2826,86.6101,3.08E+00,6.29E+01,1.44E+02,1.19E+01
488,93.2878,79.9421,3.28E+00,6.48E+01,1.43E+02,1.44E+01
489,93.2799,93.2803,2.86E+00,6.10E+01,1.43E+02,1.06E+01
490,73.2948,53.2726,5.11E+00,8.17E+01,1.51E+02,2.55E+01
491,73.2832,59.9356,4.88E+00,7.91E+01,1.60E+02,2.11E+01
492,73.2746,66.6015,4.63E+00,7.63E+01,1.65E+02,1.78E+01
493,66.6069,59.9335,5.22E+00,8.18E+01,1.74E+02,1.93E+01
494,59.9329,59.9345,5.54E+00,8.47E+01,1.84E+02,1.85E+01
495,66.6172,53.2686,5.48E+00,8.50E+01,1.67E+02,2.30E+01
496,59.9403,53.2665,5.84E+00,8.82E+01,1.83E+02,2.04E+01
497,66.6008,66.6022,4.93E+00,7.88E+01,1.74E+02,1.74E+01
498,59.9304,66.6068,5.22E+00,8.14E+01,1.76E+02,1.88E+01
499,93.3142,59.9496,3.80E+00,6.97E+01,1.24E+02,2.56E+01
500,86.6376,59.9444,4.17E+00,7.30E+01,1.34E+02,2.45E+01
501,79.9604,59.9395,4.53E+00,7.61E+01,1.46E+02,2.30E+01
502,86.6489,53.2827,4.33E+00,7.45E+01,1.26E+02,2.90E+01
503,93.3246,53.2879,3.94E+00,7.08E+01,1.17E+02,3.00E+01
504,79.9722,53.2775,4.72E+00,7.81E+01,1.37E+02,2.75E+01
505,86.6273,66.6075,3.98E+00,7.11E+01,1.42E+02,2.03E+01
506,93.3041,66.6123,3.64E+00,6.83E+01,1.32E+02,2.14E+01
507,79.9505,66.6036,4.31E+00,7.38E+01,1.54E+02,1.90E+01
508,26.6402,93.3612,4.36E+00,7.29E+01,9.28E+01,4.91E+01
509,26.6368,86.6912,4.84E+00,7.67E+01,9.71E+01,4.90E+01
510,26.6332,80.0202,5.33E+00,8.10E+01,1.03E+02,4.85E+01
511,26.6293,73.3482,5.82E+00,8.58E+01,1.09E+02,4.74E+01
512,26.6252,66.6751,6.31E+00,9.12E+01,1.19E+02,4.56E+01
513,26.6208,60.0008,6.82E+00,9.74E+01,1.32E+02,4.28E+01
514,26.6162,53.325,7.33E+00,1.05E+02,1.50E+02,3.89E+01
515,33.2878,73.3348,5.68E+00,8.53E+01,1.20E+02,4.12E+01
516,39.9465,73.3204,5.51E+00,8.44E+01,1.31E+02,3.53E+01
517,46.6062,73.306,5.33E+00,8.29E+01,1.44E+02,2.98E+01
518,39.9518,79.996,5.07E+00,7.99E+01,1.20E+02,3.72E+01
519,39.9569,86.6705,4.63E+00,7.57E+01,1.12E+02,3.83E+01
520,39.9618,93.3437,4.19E+00,7.18E+01,1.05E+02,3.90E+01
521,33.2969,86.6814,4.74E+00,7.63E+01,1.04E+02,4.36E+01
522,33.2925,80.0087,5.21E+00,8.06E+01,1.11E+02,4.27E+01
523,33.301,93.353,4.28E+00,7.23E+01,9.84E+01,4.40E+01
524,46.6172,86.6588,4.50E+00,7.49E+01,1.20E+02,3.32E+01
525,46.6116,79.9829,4.91E+00,7.89E+01,1.31E+02,3.18E+01
526,46.6226,93.3335,4.08E+00,7.11E+01,1.12E+02,3.41E+01
527,33.2778,59.9831,6.62E+00,9.62E+01,1.48E+02,3.56E+01
528,39.9362,59.9658,6.39E+00,9.39E+01,1.65E+02,2.91E+01
529,46.5975,59.9509,6.13E+00,9.09E+01,1.79E+02,2.35E+01
530,39.9412,66.6435,5.95E+00,8.91E+01,1.46E+02,3.27E+01
531,33.2828,66.6596,6.15E+00,9.05E+01,1.32E+02,3.89E+01
532,46.6012,66.6284,5.73E+00,8.69E+01,1.60E+02,2.69E+01
533,39.9324,53.2878,6.82E+00,9.89E+01,1.88E+02,2.47E+01
534,33.2729,53.3054,7.09E+00,1.02E+02,1.70E+02,3.12E+01
535,46.5964,53.2748,6.52E+00,9.52E+01,1.98E+02,2.04E+01
536,6.65261,73.3757,6.07E+00,8.56E+01,8.94E+01,6.83E+01
537,13.3119,73.3692,6.02E+00,8.57E+01,9.45E+01,6.09E+01
538,19.9707,73.3599,5.93E+00,8.58E+01,1.01E+02,5.40E+01
539,13.314,80.0377,5.49E+00,8.13E+01,9.03E+01,6.08E+01
540,13.3161,86.7058,4.98E+00,7.74E+01,8.68E+01,6.04E+01
541,13.318,93.3733,4.47E+00,7.39E+01,8.38E+01,5.97E+01
542,6.65539,86.7101,5.01E+00,7.79E+01,8.28E+01,6.63E+01
543,6.65403,80.043,5.54E+00,8.14E+01,8.59E+01,6.74E+01
544,6.65667,93.3768,4.50E+00,7.46E+01,8.02E+01,6.51E+01
545,19.9766,86.6994,4.92E+00,7.71E+01,9.15E+01,5.46E+01
546,19.9737,80.03,5.42E+00,8.12E+01,9.58E+01,5.45E+01
547,19.9792,93.368,4.43E+00,7.34E+01,8.80E+01,5.43E+01
548,13.3046,53.3606,7.68E+00,1.05E+02,1.16E+02,5.77E+01
549,13.3071,60.0307,7.11E+00,9.72E+01,1.07E+02,5.96E+01
550,13.3096,66.7002,6.55E+00,9.09E+01,9.99E+01,6.06E+01
551,6.64958,60.0405,7.19E+00,9.65E+01,9.89E+01,6.94E+01
552,6.64796,53.3728,7.78E+00,1.04E+02,1.06E+02,6.94E+01
553,6.65112,66.7082,6.62E+00,9.05E+01,9.36E+01,6.90E+01
554,19.9641,60.0171,6.98E+00,9.76E+01,1.18E+02,5.07E+01
555,19.9604,53.3441,7.53E+00,1.06E+02,1.31E+02,4.77E+01
556,19.9675,66.689,6.45E+00,9.12E+01,1.08E+02,5.28E+01
557,-0.00092054,-93.3792,4.52E+00,7.78E+01,7.53E+01,7.05E+01
558,-0.000972889,-86.713,5.03E+00,8.09E+01,7.78E+01,7.19E+01
559,-0.00101692,-80.0465,5.56E+00,8.45E+01,8.06E+01,7.32E+01
560,-0.00106339,-73.3799,6.10E+00,8.87E+01,8.37E+01,7.45E+01
561,-0.00111887,-66.7134,6.66E+00,9.38E+01,8.73E+01,7.58E+01
562,-0.00120159,-60.047,7.24E+00,1.00E+02,9.17E+01,7.70E+01
563,-0.00131963,-53.3809,7.84E+00,1.08E+02,9.71E+01,7.83E+01
564,-0.00151055,-46.7154,8.47E+00,1.19E+02,1.04E+02,7.96E+01
565,-0.00178341,-40.0506,9.14E+00,1.35E+02,1.14E+02,8.09E+01
566,-0.00227542,-33.3868,9.84E+00,1.58E+02,1.28E+02,8.26E+01
567,-0.0031588,-26.7248,1.06E+01,1.94E+02,1.50E+02,8.61E+01
568,-0.00507184,-20.0655,1.14E+01,2.60E+02,1.88E+02,9.84E+01
569,-0.0100303,-13.4154,1.24E+01,4.08E+02,2.81E+02,1.30E+02
570,-0.0162734,-6.76761,1.35E+01,7.02E+02,4.89E+02,1.58E+02
571,-6.65907,-53.3761,7.80E+00,1.09E+02,1.03E+02,6.49E+01
572,-13.3159,-53.3654,7.70E+00,1.09E+02,1.12E+02,5.41E+01
573,-19.9719,-53.3498,7.55E+00,1.08E+02,1.25E+02,4.53E+01
574,-26.6272,-53.3308,7.35E+00,1.07E+02,1.41E+02,3.79E+01
575,-33.2827,-53.3106,7.11E+00,1.04E+02,1.60E+02,3.14E+01
576,-39.9401,-53.2914,6.84E+00,9.99E+01,1.80E+02,2.54E+01
577,-46.6013,-53.2759,6.54E+00,9.53E+01,1.93E+02,2.07E+01
578,-53.2679,-53.2664,6.22E+00,9.10E+01,1.95E+02,1.85E+01
579,-59.9402,-53.2633,5.87E+00,8.74E+01,1.85E+02,1.94E+01
580,-66.6161,-53.2647,5.51E+00,8.42E+01,1.69E+02,2.19E+01
581,-73.2934,-53.2686,5.14E+00,8.10E+01,1.53E+02,2.46E+01
582,-79.971,-53.2738,4.75E+00,7.77E+01,1.38E+02,2.68E+01
583,-86.648,-53.2795,4.36E+00,7.42E+01,1.27E+02,2.84E+01
584,-93.324,-53.2853,3.96E+00,7.06E+01,1.18E+02,2.95E+01
585,-46.6039,-59.9538,6.15E+00,9.16E+01,1.72E+02,2.42E+01
586,-46.6084,-66.6323,5.75E+00,8.79E+01,1.52E+02,2.75E+01
587,-46.6135,-73.3102,5.34E+00,8.39E+01,1.36E+02,3.02E+01
588,-46.6187,-79.9871,4.92E+00,7.99E+01,1.24E+02,3.22E+01
589,-46.6239,-86.6628,4.50E+00,7.59E+01,1.14E+02,3.35E+01
590,-46.6287,-93.3371,4.08E+00,7.20E+01,1.07E+02,3.44E+01
591,-19.9746,-60.0221,7.00E+00,1.00E+02,1.13E+02,4.87E+01
592,-19.977,-66.6933,6.46E+00,9.36E+01,1.04E+02,5.11E+01
593,-19.9793,-73.3636,5.94E+00,8.79E+01,9.76E+01,5.27E+01
594,-19.9814,-80.0332,5.43E+00,8.31E+01,9.26E+01,5.36E+01
595,-19.9834,-86.7022,4.92E+00,7.88E+01,8.86E+01,5.40E+01
596,-19.9853,-93.3703,4.43E+00,7.50E+01,8.53E+01,5.40E+01
597,-13.3202,-73.3721,6.02E+00,8.81E+01,9.19E+01,5.93E+01
598,-6.66077,-73.3777,6.08E+00,8.83E+01,8.73E+01,6.65E+01
599,-13.3188,-66.7037,6.56E+00,9.37E+01,9.69E+01,5.83E+01
600,-13.3174,-60.0348,7.12E+00,1.00E+02,1.03E+02,5.67E+01
601,-6.66017,-66.7106,6.63E+00,9.36E+01,9.14E+01,6.65E+01
602,-6.6596,-60.0433,7.20E+00,1.00E+02,9.65E+01,6.60E+01
603,-13.3227,-86.7079,4.98E+00,7.94E+01,8.44E+01,5.97E+01
604,-6.66194,-86.7116,5.02E+00,8.01E+01,8.09E+01,6.56E+01
605,-13.3215,-80.0402,5.50E+00,8.34E+01,8.78E+01,5.97E+01
606,-6.66136,-80.0447,5.54E+00,8.39E+01,8.39E+01,6.62E+01
607,-13.3239,-93.375,4.47E+00,7.58E+01,8.15E+01,5.93E+01
608,-6.6625,-93.378,4.50E+00,7.67E+01,7.82E+01,6.48E+01
609,-39.9546,-73.3251,5.52E+00,8.56E+01,1.24E+02,3.54E+01
610,-33.2962,-73.3395,5.69E+00,8.68E+01,1.14E+02,4.08E+01
611,-26.6379,-73.3525,5.83E+00,8.75E+01,1.05E+02,4.65E+01
612,-33.292,-66.6648,6.16E+00,9.21E+01,1.25E+02,3.85E+01
613,-33.2875,-59.9885,6.64E+00,9.78E+01,1.40E+02,3.54E+01
614,-39.9497,-66.6484,5.97E+00,9.04E+01,1.38E+02,3.29E+01
615,-39.9446,-59.9703,6.41E+00,9.51E+01,1.56E+02,2.95E+01
616,-26.6347,-66.6801,6.33E+00,9.31E+01,1.13E+02,4.45E+01
617,-26.6311,-60.0063,6.84E+00,9.95E+01,1.25E+02,4.17E+01
618,-33.3072,-93.3562,4.28E+00,7.36E+01,9.46E+01,4.39E+01
619,-33.3038,-86.6852,4.75E+00,7.76E+01,9.94E+01,4.34E+01
620,-33.3002,-80.0129,5.22E+00,8.20E+01,1.06E+02,4.24E+01
621,-39.9638,-86.6745,4.63E+00,7.69E+01,1.06E+02,3.84E+01
622,-39.968,-93.3471,4.19E+00,7.29E+01,1.00E+02,3.91E+01
623,-39.9594,-80.0004,5.08E+00,8.11E+01,1.14E+02,3.71E+01
624,-26.6438,-86.6945,4.85E+00,7.82E+01,9.36E+01,4.86E+01
625,-26.6464,-93.364,4.36E+00,7.43E+01,8.96E+01,4.89E+01
626,-26.641,-80.024,5.33E+00,8.26E+01,9.85E+01,4.78E+01
627,-73.2819,-59.9319,4.90E+00,7.84E+01,1.62E+02,2.01E+01
628,-73.2739,-66.5987,4.65E+00,7.58E+01,1.66E+02,1.70E+01
629,-73.2699,-73.2691,4.38E+00,7.34E+01,1.64E+02,1.55E+01
630,-73.2697,-79.9428,4.09E+00,7.12E+01,1.56E+02,1.56E+01
631,-73.2721,-86.6186,3.79E+00,6.89E+01,1.46E+02,1.64E+01
632,-73.2762,-93.2952,3.48E+00,6.66E+01,1.36E+02,1.74E+01
633,-66.6011,-73.2744,4.65E+00,7.61E+01,1.64E+02,1.74E+01
634,-59.9358,-73.2837,4.90E+00,7.89E+01,1.58E+02,2.09E+01
635,-53.2735,-73.296,5.13E+00,8.16E+01,1.48E+02,2.53E+01
636,-59.9333,-66.6071,5.24E+00,8.16E+01,1.72E+02,1.89E+01
637,-59.9342,-59.933,5.56E+00,8.43E+01,1.83E+02,1.80E+01
638,-66.6017,-66.6006,4.95E+00,7.85E+01,1.73E+02,1.70E+01
639,-66.6065,-59.9305,5.24E+00,8.12E+01,1.75E+02,1.84E+01
640,-53.2691,-66.6181,5.50E+00,8.48E+01,1.64E+02,2.27E+01
641,-53.2666,-59.9408,5.87E+00,8.78E+01,1.82E+02,2.00E+01
642,-59.9508,-93.3154,3.81E+00,6.98E+01,1.22E+02,2.55E+01
643,-59.9452,-86.6387,4.18E+00,7.30E+01,1.32E+02,2.44E+01
644,-59.9401,-79.9612,4.54E+00,7.61E+01,1.44E+02,2.28E+01
645,-66.6077,-86.6277,4.00E+00,7.11E+01,1.40E+02,2.02E+01
646,-66.6129,-93.3048,3.65E+00,6.83E+01,1.30E+02,2.13E+01
647,-66.6035,-79.9506,4.33E+00,7.36E+01,1.52E+02,1.87E+01
648,-53.2841,-86.6507,4.35E+00,7.46E+01,1.23E+02,2.88E+01
649,-53.2895,-93.3264,3.95E+00,7.10E+01,1.14E+02,2.98E+01
650,-53.2787,-79.9738,4.74E+00,7.82E+01,1.34E+02,2.74E+01
651,-93.2932,-73.273,3.48E+00,6.63E+01,1.41E+02,1.69E+01
652,-86.6171,-73.2692,3.80E+00,6.86E+01,1.50E+02,1.59E+01
653,-79.9423,-73.2676,4.10E+00,7.09E+01,1.58E+02,1.52E+01
654,-86.6256,-66.604,4.00E+00,7.07E+01,1.44E+02,1.95E+01
655,-86.6361,-59.9409,4.19E+00,7.26E+01,1.36E+02,2.38E+01
656,-93.3024,-66.6091,3.66E+00,6.80E+01,1.34E+02,2.08E+01
657,-93.3129,-59.9466,3.82E+00,6.94E+01,1.26E+02,2.50E+01
658,-79.949,-66.6002,4.33E+00,7.33E+01,1.56E+02,1.81E+01
659,-79.9588,-59.9357,4.55E+00,7.56E+01,1.48E+02,2.21E+01
660,-86.6091,-93.2817,3.08E+00,6.28E+01,1.44E+02,1.17E+01
661,-86.6089,-86.6084,3.34E+00,6.47E+01,1.49E+02,1.19E+01
662,-86.6115,-79.9374,3.58E+00,6.66E+01,1.52E+02,1.33E+01
663,-93.2812,-86.6077,3.09E+00,6.26E+01,1.46E+02,1.15E+01
664,-93.2792,-93.2788,2.86E+00,6.09E+01,1.43E+02,1.05E+01
665,-93.286,-79.9391,3.29E+00,6.45E+01,1.45E+02,1.37E+01
666,-79.9391,-86.612,3.57E+00,6.67E+01,1.50E+02,1.36E+01
667,-79.9415,-93.2873,3.29E+00,6.47E+01,1.41E+02,1.41E+01
668,-79.9391,-79.9384,3.84E+00,6.88E+01,1.56E+02,1.37E+01
669,-46.709,-6.65213,8.45E+00,1.16E+02,1.12E+02,6.42E+01
670,-46.6937,-13.3073,8.31E+00,1.17E+02,1.26E+02,5.17E+01
671,-46.6733,-19.9614,8.12E+00,1.16E+02,1.45E+02,4.17E+01
672,-46.6505,-26.6155,7.88E+00,1.13E+02,1.69E+02,3.33E+01
673,-46.6288,-33.2717,7.59E+00,1.09E+02,1.94E+02,2.59E+01
674,-46.612,-39.9328,7.27E+00,1.04E+02,2.09E+02,2.04E+01
675,-46.6029,-46.6012,6.92E+00,9.93E+01,2.09E+02,1.87E+01
676,-39.9717,-26.6116,8.39E+00,1.22E+02,2.03E+02,2.78E+01
677,-33.293,-26.6101,8.90E+00,1.33E+02,2.42E+02,2.39E+01
678,-26.6202,-26.6175,9.38E+00,1.47E+02,2.69E+02,2.54E+01
679,-19.9604,-26.641,9.82E+00,1.63E+02,2.58E+02,3.21E+01
680,-13.31,-26.6754,1.02E+01,1.79E+02,2.16E+02,3.95E+01
681,-6.6591,-26.7073,1.05E+01,1.91E+02,1.75E+02,5.09E+01
682,-26.6401,-19.9536,9.83E+00,1.60E+02,2.62E+02,3.06E+01
683,-26.6732,-13.3013,1.02E+01,1.72E+02,2.20E+02,3.87E+01
684,-26.7067,-6.65079,1.05E+01,1.80E+02,1.75E+02,5.29E+01
685,-33.3487,-13.3027,9.56E+00,1.48E+02,1.74E+02,4.16E+01
686,-40.0221,-13.305,8.93E+00,1.30E+02,1.44E+02,4.70E+01
687,-33.319,-19.9544,9.26E+00,1.42E+02,2.12E+02,3.15E+01
688,-39.9972,-19.9576,8.69E+00,1.27E+02,1.72E+02,3.64E+01
689,-33.3743,-6.65062,9.78E+00,1.50E+02,1.44E+02,5.73E+01
690,-40.0417,-6.65117,9.10E+00,1.30E+02,1.25E+02,6.14E+01
691,-6.67299,-13.3715,1.21E+01,3.59E+02,3.05E+02,7.87E+01
692,-13.3247,-13.3209,1.15E+01,2.69E+02,3.20E+02,6.27E+01
693,-19.9956,-13.3028,1.09E+01,2.10E+02,2.82E+02,4.41E+01
694,-13.3107,-19.9963,1.09E+01,2.16E+02,2.79E+02,4.75E+01
695,-6.66208,-20.0389,1.12E+01,2.46E+02,2.25E+02,5.49E+01
696,-19.9672,-19.964,1.04E+01,1.85E+02,2.97E+02,3.70E+01
697,-13.3736,-6.66546,1.21E+01,3.35E+02,3.06E+02,6.89E+01
698,-6.7184,-6.71285,1.30E+01,5.50E+02,4.31E+02,1.17E+02
699,-20.0384,-6.65353,1.13E+01,2.29E+02,2.26E+02,5.34E+01
700,-26.623,-46.6536,7.87E+00,1.15E+02,1.64E+02,3.33E+01
701,-26.6189,-39.9744,8.38E+00,1.24E+02,1.97E+02,2.85E+01
702,-26.6161,-33.294,8.89E+00,1.35E+02,2.38E+02,2.50E+01
703,-33.2754,-39.9519,8.05E+00,1.17E+02,2.21E+02,2.21E+01
704,-39.9395,-39.9375,7.67E+00,1.10E+02,2.25E+02,1.90E+01
705,-33.2783,-46.6314,7.59E+00,1.10E+02,1.88E+02,2.66E+01
706,-39.9374,-46.6128,7.27E+00,1.05E+02,2.06E+02,2.12E+01
707,-33.2782,-33.2759,8.49E+00,1.25E+02,2.45E+02,2.04E+01
708,-39.9509,-33.2702,8.05E+00,1.16E+02,2.25E+02,2.13E+01
709,-13.3144,-46.6953,8.29E+00,1.20E+02,1.24E+02,5.03E+01
710,-13.3128,-40.024,8.90E+00,1.34E+02,1.43E+02,4.55E+01
711,-13.3112,-33.3509,9.54E+00,1.53E+02,1.71E+02,4.06E+01
712,-19.9657,-40.0001,8.67E+00,1.30E+02,1.68E+02,3.60E+01
713,-19.969,-46.676,8.10E+00,1.18E+02,1.42E+02,4.09E+01
714,-19.9625,-33.3217,9.25E+00,1.45E+02,2.07E+02,3.21E+01
715,-6.65834,-40.042,9.06E+00,1.35E+02,1.25E+02,5.96E+01
716,-6.65862,-46.7091,8.41E+00,1.20E+02,1.12E+02,6.28E+01
717,-6.65837,-33.3748,9.75E+00,1.57E+02,1.44E+02,5.50E+01
718,-73.3782,-6.65657,6.10E+00,8.69E+01,8.79E+01,6.68E+01
719,-73.3719,-13.3156,6.05E+00,8.68E+01,9.27E+01,5.96E+01
720,-73.3626,-19.9743,5.96E+00,8.68E+01,9.90E+01,5.29E+01
721,-73.3508,-26.6327,5.85E+00,8.65E+01,1.07E+02,4.67E+01
722,-73.3371,-33.2907,5.70E+00,8.60E+01,1.17E+02,4.08E+01
723,-73.3222,-39.949,5.54E+00,8.49E+01,1.28E+02,3.52E+01
724,-73.3073,-46.608,5.35E+00,8.33E+01,1.41E+02,2.97E+01
725,-66.6779,-26.6288,6.35E+00,9.19E+01,1.16E+02,4.48E+01
726,-60.0036,-26.6245,6.85E+00,9.80E+01,1.28E+02,4.20E+01
727,-53.3279,-26.6201,7.37E+00,1.05E+02,1.45E+02,3.81E+01
728,-66.7032,-13.3137,6.59E+00,9.21E+01,9.77E+01,5.89E+01
729,-60.034,-13.3117,7.15E+00,9.85E+01,1.04E+02,5.75E+01
730,-53.3642,-13.3095,7.72E+00,1.07E+02,1.13E+02,5.51E+01
731,-60.0436,-6.65433,7.23E+00,9.81E+01,9.68E+01,6.67E+01
732,-66.711,-6.65546,6.66E+00,9.19E+01,9.19E+01,6.70E+01
733,-53.3762,-6.65319,7.83E+00,1.06E+02,1.03E+02,6.59E+01
734,-60.0203,-19.9684,7.02E+00,9.86E+01,1.14E+02,4.93E+01
735,-66.692,-19.9714,6.48E+00,9.22E+01,1.06E+02,5.15E+01
736,-53.3475,-19.965,7.57E+00,1.06E+02,1.27E+02,4.61E+01
737,-59.9516,-46.5988,6.16E+00,9.08E+01,1.77E+02,2.34E+01
738,-59.9674,-39.9384,6.42E+00,9.41E+01,1.61E+02,2.89E+01
739,-59.9854,-33.2808,6.65E+00,9.66E+01,1.44E+02,3.52E+01
740,-66.6454,-39.9436,5.98E+00,8.95E+01,1.42E+02,3.25E+01
741,-66.6295,-46.6028,5.76E+00,8.71E+01,1.57E+02,2.69E+01
742,-66.662,-33.2859,6.18E+00,9.11E+01,1.28E+02,3.85E+01
743,-53.289,-39.9343,6.85E+00,9.88E+01,1.85E+02,2.45E+01
744,-53.2752,-46.5974,6.55E+00,9.47E+01,1.96E+02,1.99E+01
745,-53.3075,-33.2758,7.13E+00,1.03E+02,1.65E+02,3.10E+01
746,-93.3633,-26.6429,4.38E+00,7.36E+01,9.12E+01,4.88E+01
747,-86.6935,-26.6397,4.86E+00,7.75E+01,9.53E+01,4.86E+01
748,-80.0227,-26.6363,5.35E+00,8.18E+01,1.00E+02,4.79E+01
749,-86.7018,-19.9796,4.94E+00,7.80E+01,8.99E+01,5.40E+01
750,-86.7081,-13.3192,5.00E+00,7.84E+01,8.54E+01,5.97E+01
751,-86.7123,-6.65864,5.04E+00,7.90E+01,8.16E+01,6.56E+01
752,-93.3753,-13.3209,4.49E+00,7.49E+01,8.25E+01,5.92E+01
753,-93.3701,-19.982,4.45E+00,7.42E+01,8.66E+01,5.40E+01
754,-93.3787,-6.65959,4.52E+00,7.57E+01,7.90E+01,6.47E+01
755,-80.0402,-13.3175,5.52E+00,8.23E+01,8.87E+01,5.99E+01
756,-80.0326,-19.9771,5.45E+00,8.21E+01,9.39E+01,5.37E+01
757,-80.0454,-6.65763,5.56E+00,8.26E+01,8.45E+01,6.63E+01
758,-86.6603,-46.6192,4.51E+00,7.54E+01,1.18E+02,3.32E+01
759,-86.6724,-39.9593,4.65E+00,7.63E+01,1.09E+02,3.82E+01
760,-86.6836,-33.2995,4.77E+00,7.70E+01,1.02E+02,4.33E+01
761,-93.3455,-39.9641,4.20E+00,7.24E+01,1.03E+02,3.89E+01
762,-93.335,-46.6246,4.09E+00,7.16E+01,1.10E+02,3.41E+01
763,-93.355,-33.3035,4.30E+00,7.30E+01,9.67E+01,4.38E+01
764,-79.998,-39.9542,5.09E+00,8.05E+01,1.17E+02,3.70E+01
765,-79.9844,-46.6136,4.93E+00,7.93E+01,1.28E+02,3.18E+01
766,-80.011,-33.2952,5.23E+00,8.13E+01,1.08E+02,4.24E+01
767,93.3311,-53.2932,3.98E+00,1.06E+02,5.80E+01,1.24E+02
768,86.6566,-53.2889,4.39E+00,1.13E+02,6.01E+01,1.34E+02
769,79.9811,-53.2849,4.79E+00,1.23E+02,6.22E+01,1.45E+02
770,73.3049,-53.2813,5.19E+00,1.35E+02,6.41E+01,1.60E+02
771,66.6284,-53.2786,5.57E+00,1.50E+02,6.58E+01,1.78E+02
772,59.9524,-53.2779,5.94E+00,1.66E+02,6.75E+01,1.95E+02
773,53.2786,-53.2806,6.30E+00,1.77E+02,6.95E+01,2.09E+02
774,46.6094,-53.2888,6.63E+00,1.79E+02,7.22E+01,2.12E+02
775,39.9454,-53.3027,6.93E+00,1.69E+02,7.58E+01,2.01E+02
776,33.2857,-53.3204,7.20E+00,1.51E+02,7.98E+01,1.81E+02
777,26.6284,-53.3394,7.43E+00,1.33E+02,8.36E+01,1.58E+02
778,19.9717,-53.3569,7.61E+00,1.20E+02,8.69E+01,1.35E+02
779,13.3146,-53.3707,7.75E+00,1.12E+02,8.99E+01,1.14E+02
780,6.65677,-53.379,7.82E+00,1.09E+02,9.30E+01,9.46E+01
781,53.2744,-59.9526,5.95E+00,1.69E+02,6.69E+01,1.98E+02
782,53.2743,-66.6275,5.58E+00,1.54E+02,6.50E+01,1.81E+02
783,53.2768,-73.3036,5.19E+00,1.40E+02,6.33E+01,1.64E+02
784,53.2805,-79.9797,4.80E+00,1.27E+02,6.14E+01,1.49E+02
785,53.2849,-86.6553,4.40E+00,1.17E+02,5.94E+01,1.36E+02
786,53.2896,-93.3299,3.99E+00,1.09E+02,5.72E+01,1.26E+02
787,59.9409,-73.2924,4.96E+00,1.48E+02,6.05E+01,1.73E+02
788,66.6081,-73.2843,4.71E+00,1.51E+02,5.80E+01,1.76E+02
789,73.2786,-73.2798,4.44E+00,1.49E+02,5.59E+01,1.73E+02
790,79.9519,-73.2785,4.15E+00,1.42E+02,5.42E+01,1.65E+02
791,86.6268,-73.2796,3.85E+00,1.34E+02,5.27E+01,1.55E+02
792,93.3025,-73.2824,3.53E+00,1.25E+02,5.11E+01,1.45E+02
793,73.2843,-66.6107,4.71E+00,1.49E+02,5.84E+01,1.74E+02
794,73.2933,-59.9446,4.96E+00,1.44E+02,6.12E+01,1.69E+02
795,59.9407,-66.6179,5.31E+00,1.59E+02,6.23E+01,1.86E+02
796,59.9442,-59.9459,5.64E+00,1.67E+02,6.45E+01,1.95E+02
797,66.6109,-66.6124,5.02E+00,1.57E+02,6.01E+01,1.83E+02
798,66.6177,-59.9437,5.31E+00,1.57E+02,6.27E+01,1.84E+02
799,86.6355,-66.6144,4.05E+00,1.28E+02,5.52E+01,1.50E+02
800,86.6456,-59.951,4.23E+00,1.21E+02,5.77E+01,1.42E+02
801,79.9595,-66.6117,4.39E+00,1.39E+02,5.68E+01,1.62E+02
802,79.9696,-59.9473,4.60E+00,1.32E+02,5.95E+01,1.55E+02
803,93.3114,-66.6182,3.70E+00,1.19E+02,5.34E+01,1.39E+02
804,93.3211,-59.9553,3.85E+00,1.12E+02,5.57E+01,1.32E+02
805,73.2796,-93.3013,3.53E+00,1.28E+02,5.05E+01,1.48E+02
806,73.277,-86.6261,3.85E+00,1.37E+02,5.22E+01,1.58E+02
807,73.2764,-79.9519,4.16E+00,1.44E+02,5.39E+01,1.67E+02
808,66.611,-86.6343,4.05E+00,1.32E+02,5.45E+01,1.53E+02
809,59.9472,-86.6443,4.24E+00,1.25E+02,5.70E+01,1.45E+02
810,66.6149,-93.31,3.70E+00,1.23E+02,5.28E+01,1.42E+02
811,59.9517,-93.3197,3.86E+00,1.16E+02,5.50E+01,1.35E+02
812,66.6085,-79.9587,4.39E+00,1.42E+02,5.62E+01,1.65E+02
813,59.9434,-79.9682,4.61E+00,1.36E+02,5.87E+01,1.58E+02
814,93.2896,-86.6166,3.14E+00,1.31E+02,4.67E+01,1.51E+02
815,86.6165,-86.6172,3.40E+00,1.36E+02,4.83E+01,1.57E+02
816,79.9455,-86.6203,3.63E+00,1.38E+02,5.01E+01,1.59E+02
817,86.6152,-93.2894,3.14E+00,1.32E+02,4.64E+01,1.52E+02
818,93.2864,-93.2868,2.92E+00,1.30E+02,4.47E+01,1.50E+02
819,79.9463,-93.2943,3.35E+00,1.32E+02,4.84E+01,1.52E+02
820,86.6204,-79.9472,3.63E+00,1.36E+02,5.04E+01,1.58E+02
821,93.2951,-79.9485,3.34E+00,1.29E+02,4.88E+01,1.49E+02
822,79.9472,-79.9481,3.90E+00,1.42E+02,5.20E+01,1.64E+02
823,26.6312,-60.0129,6.90E+00,1.18E+02,7.99E+01,1.38E+02
824,26.6341,-66.6852,6.38E+00,1.08E+02,7.67E+01,1.24E+02
825,26.6369,-73.3565,5.87E+00,1.00E+02,7.37E+01,1.14E+02
826,26.6397,-80.027,5.37E+00,9.46E+01,7.09E+01,1.06E+02
827,26.6423,-86.6967,4.87E+00,9.02E+01,6.83E+01,1.01E+02
828,26.6449,-93.3656,4.39E+00,8.66E+01,6.58E+01,9.57E+01
829,33.2959,-73.3441,5.74E+00,1.08E+02,7.13E+01,1.26E+02
830,39.9551,-73.3306,5.58E+00,1.18E+02,6.88E+01,1.39E+02
831,46.6151,-73.3167,5.40E+00,1.29E+02,6.61E+01,1.52E+02
832,39.9512,-66.6555,6.04E+00,1.30E+02,7.12E+01,1.55E+02
833,39.9477,-59.9793,6.49E+00,1.47E+02,7.35E+01,1.76E+02
834,33.2923,-66.6708,6.22E+00,1.18E+02,7.41E+01,1.39E+02
835,33.2888,-59.9962,6.71E+00,1.32E+02,7.69E+01,1.57E+02
836,46.6115,-66.6405,5.82E+00,1.44E+02,6.81E+01,1.70E+02
837,46.6091,-59.9641,6.23E+00,1.61E+02,7.00E+01,1.91E+02
838,39.9671,-93.3496,4.22E+00,9.57E+01,6.15E+01,1.10E+02
839,39.9632,-86.6777,4.67E+00,1.01E+02,6.39E+01,1.17E+02
840,39.9591,-80.0047,5.13E+00,1.08E+02,6.64E+01,1.27E+02
841,33.3028,-86.6879,4.78E+00,9.50E+01,6.61E+01,1.09E+02
842,33.306,-93.3582,4.31E+00,9.07E+01,6.36E+01,1.03E+02
843,33.2994,-80.0165,5.26E+00,1.01E+02,6.87E+01,1.16E+02
844,46.6238,-86.6667,4.55E+00,1.08E+02,6.17E+01,1.27E+02
845,46.6282,-93.34,4.12E+00,1.02E+02,5.94E+01,1.18E+02
846,46.6194,-79.9922,4.97E+00,1.17E+02,6.39E+01,1.38E+02
847,6.65872,-73.3788,6.09E+00,8.97E+01,8.08E+01,8.32E+01
848,13.3184,-73.3743,6.05E+00,9.16E+01,7.83E+01,9.27E+01
849,19.9778,-73.3667,5.97E+00,9.49E+01,7.60E+01,1.03E+02
850,13.3171,-66.7067,6.59E+00,9.67E+01,8.15E+01,9.78E+01
851,13.3158,-60.0388,7.16E+00,1.03E+02,8.53E+01,1.05E+02
852,6.65806,-66.7121,6.65E+00,9.46E+01,8.42E+01,8.62E+01
853,6.65741,-60.0454,7.22E+00,1.01E+02,8.82E+01,8.98E+01
854,19.9757,-66.6975,6.50E+00,1.01E+02,7.91E+01,1.11E+02
855,19.9737,-60.0276,7.05E+00,1.09E+02,8.27E+01,1.21E+02
856,13.3222,-93.3759,4.49E+00,8.10E+01,7.02E+01,8.26E+01
857,13.321,-86.7091,4.99E+00,8.40E+01,7.27E+01,8.55E+01
858,13.3197,-80.0418,5.51E+00,8.74E+01,7.54E+01,8.88E+01
859,6.66004,-86.7122,5.02E+00,8.22E+01,7.51E+01,7.85E+01
860,6.66068,-93.3784,4.51E+00,7.92E+01,7.26E+01,7.65E+01
861,6.65938,-80.0456,5.55E+00,8.56E+01,7.78E+01,8.07E+01
862,19.9818,-86.7039,4.94E+00,8.65E+01,7.05E+01,9.28E+01
863,19.9837,-93.3716,4.44E+00,8.34E+01,6.80E+01,8.90E+01
864,19.9798,-80.0355,5.45E+00,9.03E+01,7.31E+01,9.73E+01
865,53.3762,-6.66195,7.79E+00,1.07E+02,9.49E+01,9.89E+01
866,53.369,-13.32,7.72E+00,1.10E+02,9.15E+01,1.17E+02
867,53.3565,-19.9776,7.59E+00,1.18E+02,8.83E+01,1.37E+02
868,53.34,-26.6347,7.41E+00,1.30E+02,8.50E+01,1.58E+02
869,53.3216,-33.292,7.19E+00,1.47E+02,8.12E+01,1.79E+02
870,53.3036,-39.9511,6.92E+00,1.64E+02,7.70E+01,1.97E+02
871,53.2885,-46.6135,6.63E+00,1.76E+02,7.29E+01,2.09E+02
872,60.0131,-26.6369,6.88E+00,1.16E+02,8.11E+01,1.38E+02
873,66.6851,-26.6392,6.36E+00,1.06E+02,7.77E+01,1.25E+02
874,73.3562,-26.6414,5.85E+00,9.87E+01,7.46E+01,1.14E+02
875,80.0265,-26.6437,5.35E+00,9.32E+01,7.17E+01,1.07E+02
876,86.6961,-26.6458,4.86E+00,8.89E+01,6.91E+01,1.01E+02
877,93.365,-26.648,4.37E+00,8.54E+01,6.66E+01,9.56E+01
878,73.3657,-19.982,5.95E+00,9.37E+01,7.70E+01,1.04E+02
879,73.3726,-13.3223,6.02E+00,9.04E+01,7.94E+01,9.42E+01
880,73.3764,-6.66255,6.06E+00,8.86E+01,8.21E+01,8.50E+01
881,66.7049,-13.3215,6.57E+00,9.54E+01,8.28E+01,9.98E+01
882,60.037,-13.3207,7.13E+00,1.02E+02,8.67E+01,1.07E+02
883,66.6965,-19.9805,6.48E+00,9.94E+01,8.02E+01,1.12E+02
884,60.0268,-19.979,7.03E+00,1.07E+02,8.39E+01,1.22E+02
885,66.7095,-6.6623,6.62E+00,9.34E+01,8.56E+01,8.86E+01
886,60.0427,-6.66209,7.19E+00,9.93E+01,8.98E+01,9.30E+01
887,93.3744,-13.325,4.47E+00,8.01E+01,7.12E+01,8.30E+01
888,86.7075,-13.3241,4.98E+00,8.30E+01,7.37E+01,8.62E+01
889,80.0402,-13.3232,5.49E+00,8.64E+01,7.64E+01,8.98E+01
890,86.7027,-19.9851,4.93E+00,8.55E+01,7.13E+01,9.32E+01
891,93.3705,-19.9866,4.43E+00,8.24E+01,6.88E+01,8.92E+01
892,80.0345,-19.9835,5.43E+00,8.91E+01,7.40E+01,9.80E+01
893,86.7101,-6.66313,5.00E+00,8.13E+01,7.62E+01,7.94E+01
894,93.3766,-6.66344,4.49E+00,7.83E+01,7.37E+01,7.70E+01
895,80.0433,-6.66283,5.53E+00,8.46E+01,7.90E+01,8.20E+01
896,73.318,-46.6201,5.39E+00,1.25E+02,6.70E+01,1.49E+02
897,73.3316,-39.96,5.57E+00,1.15E+02,6.97E+01,1.37E+02
898,73.3446,-33.3006,5.72E+00,1.06E+02,7.22E+01,1.25E+02
899,66.6567,-39.9566,6.02E+00,1.27E+02,7.22E+01,1.52E+02
900,59.9806,-39.9534,6.48E+00,1.43E+02,7.47E+01,1.72E+02
901,66.6418,-46.6166,5.81E+00,1.39E+02,6.91E+01,1.66E+02
902,59.965,-46.6141,6.22E+00,1.57E+02,7.10E+01,1.87E+02
903,66.6715,-33.2977,6.21E+00,1.15E+02,7.51E+01,1.38E+02
904,59.9972,-33.2947,6.70E+00,1.28E+02,7.81E+01,1.55E+02
905,93.3499,-39.9704,4.21E+00,9.39E+01,6.23E+01,1.09E+02
906,86.6782,-39.967,4.66E+00,9.90E+01,6.47E+01,1.16E+02
907,80.0055,-39.9635,5.11E+00,1.06E+02,6.72E+01,1.25E+02
908,86.6676,-46.6278,4.53E+00,1.06E+02,6.25E+01,1.25E+02
909,93.3408,-46.6317,4.10E+00,9.94E+01,6.01E+01,1.16E+02
910,79.9934,-46.6239,4.96E+00,1.14E+02,6.48E+01,1.35E+02
911,86.6878,-33.3064,4.77E+00,9.34E+01,6.69E+01,1.08E+02
912,93.3581,-33.3092,4.30E+00,8.93E+01,6.44E+01,1.02E+02
913,80.0167,-33.3035,5.24E+00,9.87E+01,6.95E+01,1.16E+02
914,6.65615,-26.7192,1.06E+01,1.96E+02,1.39E+02,1.58E+02
915,13.3138,-26.6934,1.03E+01,2.11E+02,1.29E+02,2.45E+02
916,19.9706,-26.6613,9.97E+00,2.37E+02,1.18E+02,3.05E+02
917,26.6358,-26.6392,9.52E+00,2.41E+02,1.08E+02,3.09E+02
918,33.311,-26.6317,9.01E+00,2.15E+02,9.99E+01,2.71E+02
919,39.9889,-26.6312,8.48E+00,1.79E+02,9.41E+01,2.23E+02
920,46.6654,-26.6326,7.95E+00,1.50E+02,8.93E+01,1.85E+02
921,26.6604,-19.9771,9.96E+00,2.31E+02,1.20E+02,3.04E+02
922,26.6925,-13.3212,1.03E+01,2.02E+02,1.33E+02,2.50E+02
923,26.7162,-6.66337,1.05E+01,1.86E+02,1.44E+02,1.71E+02
924,20.019,-13.3267,1.10E+01,2.55E+02,1.61E+02,3.41E+02
925,13.3457,-13.3488,1.17E+01,3.08E+02,2.06E+02,4.02E+02
926,6.67195,-13.3961,1.22E+01,3.69E+02,2.56E+02,2.94E+02
927,13.3204,-20.0206,1.10E+01,2.63E+02,1.57E+02,3.35E+02
928,19.9852,-19.9889,1.05E+01,2.63E+02,1.37E+02,3.57E+02
929,6.65913,-20.0568,1.14E+01,2.57E+02,1.73E+02,2.18E+02
930,13.3946,-6.67655,1.22E+01,3.48E+02,2.63E+02,3.22E+02
931,20.0541,-6.66629,1.13E+01,2.41E+02,1.80E+02,2.38E+02
932,6.71877,-6.71643,1.31E+01,5.68E+02,3.95E+02,2.62E+02
933,46.701,-13.3195,8.33E+00,1.22E+02,9.76E+01,1.32E+02
934,40.0326,-13.3192,8.96E+00,1.38E+02,1.06E+02,1.54E+02
935,33.3634,-13.3195,9.62E+00,1.64E+02,1.17E+02,1.89E+02
936,40.0125,-19.9753,8.76E+00,1.55E+02,1.00E+02,1.90E+02
937,46.6852,-19.9763,8.17E+00,1.33E+02,9.37E+01,1.58E+02
938,33.3377,-19.975,9.36E+00,1.88E+02,1.09E+02,2.38E+02
939,40.0446,-6.66199,9.07E+00,1.32E+02,1.11E+02,1.19E+02
940,46.7101,-6.66189,8.41E+00,1.17E+02,1.02E+02,1.07E+02
941,33.3799,-6.66237,9.77E+00,1.53E+02,1.24E+02,1.38E+02
942,26.6258,-46.6646,7.96E+00,1.55E+02,8.76E+01,1.87E+02
943,26.6243,-39.9882,8.50E+00,1.85E+02,9.21E+01,2.26E+02
944,26.6257,-33.3115,9.02E+00,2.20E+02,9.82E+01,2.74E+02
945,13.3135,-46.7026,8.35E+00,1.24E+02,9.56E+01,1.28E+02
946,13.3126,-40.0339,8.99E+00,1.42E+02,1.03E+02,1.49E+02
947,13.3123,-33.3644,9.65E+00,1.69E+02,1.14E+02,1.84E+02
948,6.65575,-40.0478,9.11E+00,1.35E+02,1.08E+02,1.11E+02
949,6.65621,-46.7132,8.45E+00,1.20E+02,9.93E+01,1.01E+02
950,6.65564,-33.3831,9.81E+00,1.59E+02,1.20E+02,1.28E+02
951,19.9682,-40.0123,8.78E+00,1.60E+02,9.81E+01,1.89E+02
952,19.9698,-46.6854,8.19E+00,1.36E+02,9.19E+01,1.57E+02
953,19.9677,-33.3374,9.38E+00,1.95E+02,1.06E+02,2.39E+02
954,39.9459,-46.6269,7.36E+00,1.91E+02,7.85E+01,2.29E+02
955,39.9522,-39.9548,7.78E+00,2.05E+02,8.23E+01,2.47E+02
956,39.9671,-33.2898,8.15E+00,2.00E+02,8.77E+01,2.46E+02
957,33.2845,-39.9674,8.16E+00,2.04E+02,8.66E+01,2.49E+02
958,33.2837,-46.6438,7.69E+00,1.77E+02,8.29E+01,2.13E+02
959,33.2922,-33.2952,8.61E+00,2.22E+02,9.21E+01,2.74E+02
960,46.6266,-39.9506,7.36E+00,1.87E+02,7.94E+01,2.26E+02
961,46.6145,-46.6169,7.01E+00,1.90E+02,7.52E+01,2.26E+02
962,46.6446,-33.2899,7.68E+00,1.71E+02,8.43E+01,2.10E+02
1302,-99.9507,-106.206,2.21E+00,5.61E+01,1.34E+02,1.05E+01
1303,-99.9531,-112.464,1.99E+00,5.43E+01,1.29E+02,1.12E+01
1304,-99.9568,-118.722,1.75E+00,5.23E+01,1.25E+02,1.19E+01
1305,-99.9617,-124.981,1.49E+00,4.97E+01,1.21E+02,1.22E+01
1306,-93.296,-124.986,1.59E+00,5.02E+01,1.19E+02,1.20E+01
1307,-86.6312,-124.992,1.68E+00,5.07E+01,1.15E+02,1.34E+01
1308,-79.9669,-124.998,1.76E+00,5.12E+01,1.10E+02,1.60E+01
1309,-73.3029,-125.003,1.83E+00,5.19E+01,1.05E+02,1.95E+01
1310,-66.6393,-125.009,1.89E+00,5.26E+01,1.00E+02,2.33E+01
1311,-59.9756,-125.014,1.95E+00,5.33E+01,9.56E+01,2.73E+01
1312,-53.3119,-125.019,2.00E+00,5.42E+01,9.12E+01,3.14E+01
1313,-46.6483,-125.023,2.04E+00,5.52E+01,8.70E+01,3.55E+01
1314,-39.9846,-125.027,2.08E+00,5.63E+01,8.31E+01,3.95E+01
1315,-33.3207,-125.03,2.11E+00,5.75E+01,7.94E+01,4.36E+01
1316,-26.6569,-125.033,2.13E+00,5.88E+01,7.60E+01,4.76E+01
1317,-19.9928,-125.035,2.15E+00,6.02E+01,7.28E+01,5.16E+01
1318,-13.3287,-125.036,2.17E+00,6.18E+01,6.98E+01,5.57E+01
1319,-6.66468,-125.037,2.18E+00,6.35E+01,6.70E+01,5.98E+01
1320,-0.000549319,-125.038,2.18E+00,6.53E+01,6.43E+01,6.39E+01
1321,6.66358,-125.037,2.18E+00,6.73E+01,6.17E+01,6.80E+01
1322,13.3277,-125.037,2.17E+00,6.95E+01,5.93E+01,7.22E+01
1323,19.9918,-125.035,2.16E+00,7.19E+01,5.70E+01,7.65E+01
1324,26.6558,-125.033,2.14E+00,7.46E+01,5.47E+01,8.08E+01
1325,33.3198,-125.03,2.12E+00,7.75E+01,5.25E+01,8.53E+01
1326,39.9837,-125.027,2.09E+00,8.07E+01,5.04E+01,8.98E+01
1327,46.6475,-125.024,2.05E+00,8.43E+01,4.84E+01,9.45E+01
1328,53.3113,-125.019,2.01E+00,8.81E+01,4.64E+01,9.94E+01
1329,59.9751,-125.015,1.97E+00,9.22E+01,4.44E+01,1.04E+02
1330,66.6389,-125.01,1.92E+00,9.65E+01,4.26E+01,1.09E+02
1331,73.3029,-125.005,1.86E+00,1.01E+02,4.07E+01,1.15E+02
1332,79.9673,-125,1.79E+00,1.05E+02,3.90E+01,1.19E+02
1333,86.6321,-124.994,1.72E+00,1.09E+02,3.73E+01,1.24E+02
1334,93.2975,-124.989,1.64E+00,1.12E+02,3.57E+01,1.27E+02
1335,99.9639,-124.984,1.54E+00,1.13E+02,3.43E+01,1.29E+02
1336,99.9601,-118.727,1.80E+00,1.16E+02,3.63E+01,1.33E+02
1337,99.9575,-112.469,2.04E+00,1.19E+02,3.80E+01,1.37E+02
1338,99.9563,-106.212,2.27E+00,1.22E+02,3.97E+01,1.41E+02
1339,-0.000650435,-118.79,2.63E+00,6.77E+01,6.64E+01,6.50E+01
1340,-0.000731197,-112.542,3.09E+00,7.00E+01,6.86E+01,6.64E+01
1341,-0.00080566,-106.294,3.55E+00,7.24E+01,7.07E+01,6.77E+01
1342,-53.308,-118.766,2.39E+00,5.77E+01,9.44E+01,3.12E+01
1343,-53.3038,-112.512,2.78E+00,6.09E+01,9.81E+01,3.11E+01
1344,-53.2994,-106.257,3.17E+00,6.42E+01,1.02E+02,3.09E+01
1345,-79.9613,-118.74,2.08E+00,5.47E+01,1.15E+02,1.59E+01
1346,-79.9558,-112.482,2.40E+00,5.76E+01,1.20E+02,1.58E+01
1347,-79.9504,-106.223,2.70E+00,6.03E+01,1.26E+02,1.55E+01
1348,-86.6202,-112.475,2.27E+00,5.66E+01,1.24E+02,1.31E+01
1349,-93.2858,-112.469,2.14E+00,5.55E+01,1.28E+02,1.16E+01
1350,-86.6256,-118.734,1.98E+00,5.39E+01,1.19E+02,1.33E+01
1351,-93.2906,-118.727,1.87E+00,5.31E+01,1.23E+02,1.19E+01
1352,-86.6155,-106.216,2.55E+00,5.90E+01,1.30E+02,1.28E+01
1353,-93.282,-106.21,2.39E+00,5.75E+01,1.33E+02,1.10E+01
1354,-66.6343,-118.754,2.25E+00,5.61E+01,1.04E+02,2.30E+01
1355,-66.6292,-112.497,2.61E+00,5.93E+01,1.09E+02,2.29E+01
1356,-66.6239,-106.24,2.96E+00,6.24E+01,1.14E+02,2.26E+01
1357,-73.2922,-112.49,2.51E+00,5.85E+01,1.14E+02,1.91E+01
1358,-73.2976,-118.747,2.17E+00,5.54E+01,1.10E+02,1.93E+01
1359,-73.2867,-106.231,2.84E+00,6.14E+01,1.20E+02,1.88E+01
1360,-59.9664,-112.505,2.70E+00,6.01E+01,1.03E+02,2.69E+01
1361,-59.9711,-118.76,2.33E+00,5.68E+01,9.92E+01,2.71E+01
1362,-59.9615,-106.249,3.07E+00,6.33E+01,1.08E+02,2.67E+01
1363,-26.6551,-118.784,2.57E+00,6.18E+01,7.84E+01,4.79E+01
1364,-26.6531,-112.534,3.01E+00,6.46E+01,8.09E+01,4.84E+01
1365,-26.6511,-106.284,3.45E+00,6.76E+01,8.34E+01,4.87E+01
1366,-39.9817,-118.776,2.49E+00,5.95E+01,8.58E+01,3.95E+01
1367,-39.9786,-112.525,2.91E+00,6.26E+01,8.87E+01,3.96E+01
1368,-39.9754,-106.272,3.33E+00,6.58E+01,9.19E+01,3.97E+01
1369,-46.6412,-112.519,2.85E+00,6.17E+01,9.32E+01,3.53E+01
1370,-46.6448,-118.772,2.45E+00,5.85E+01,8.99E+01,3.54E+01
1371,-46.6373,-106.265,3.25E+00,6.50E+01,9.68E+01,3.53E+01
1372,-33.316,-112.53,2.96E+00,6.36E+01,8.46E+01,4.40E+01
1373,-33.3185,-118.781,2.54E+00,6.06E+01,8.20E+01,4.37E+01
1374,-33.3134,-106.279,3.39E+00,6.67E+01,8.74E+01,4.42E+01
1375,-13.3279,-118.789,2.62E+00,6.45E+01,7.20E+01,5.64E+01
1376,-13.327,-112.54,3.07E+00,6.70E+01,7.42E+01,5.72E+01
1377,-13.3261,-106.291,3.52E+00,6.97E+01,7.65E+01,5.81E+01
1378,-19.9901,-112.538,3.04E+00,6.58E+01,7.74E+01,5.28E+01
1379,-19.9915,-118.787,2.60E+00,6.30E+01,7.51E+01,5.21E+01
1380,-19.9886,-106.288,3.49E+00,6.86E+01,7.98E+01,5.34E+01
1381,-6.66389,-112.542,3.08E+00,6.84E+01,7.13E+01,6.18E+01
1382,-6.6643,-118.79,2.63E+00,6.60E+01,6.91E+01,6.07E+01
1383,-6.66348,-106.293,3.54E+00,7.09E+01,7.35E+01,6.29E+01
1384,46.644,-118.772,2.46E+00,8.69E+01,5.06E+01,9.77E+01
1385,46.6403,-112.52,2.87E+00,8.96E+01,5.28E+01,1.02E+02
1386,46.6365,-106.267,3.28E+00,9.28E+01,5.50E+01,1.06E+02
1387,19.9903,-118.787,2.60E+00,7.41E+01,5.91E+01,7.84E+01
1388,19.9888,-112.538,3.05E+00,7.62E+01,6.13E+01,8.06E+01
1389,19.9872,-106.289,3.50E+00,7.84E+01,6.34E+01,8.31E+01
1390,13.3256,-112.541,3.07E+00,7.39E+01,6.36E+01,7.58E+01
1391,6.66247,-112.542,3.08E+00,7.18E+01,6.60E+01,7.10E+01
1392,13.3267,-118.789,2.62E+00,7.17E+01,6.15E+01,7.39E+01
1393,6.66302,-118.79,2.63E+00,6.96E+01,6.39E+01,6.94E+01
1394,13.3246,-106.292,3.53E+00,7.60E+01,6.57E+01,7.79E+01
1395,6.6619,-106.293,3.54E+00,7.41E+01,6.81E+01,7.27E+01
1396,33.3173,-118.781,2.55E+00,7.98E+01,5.48E+01,8.78E+01
1397,33.3147,-112.531,2.98E+00,8.20E+01,5.69E+01,9.07E+01
1398,33.312,-106.28,3.41E+00,8.44E+01,5.91E+01,9.41E+01
1399,26.6518,-112.535,3.02E+00,7.89E+01,5.91E+01,8.56E+01
1400,26.6538,-118.784,2.58E+00,7.68E+01,5.69E+01,8.30E+01
1401,26.6496,-106.285,3.46E+00,8.11E+01,6.12E+01,8.85E+01
1402,39.9775,-112.526,2.93E+00,8.56E+01,5.48E+01,9.60E+01
1403,39.9807,-118.777,2.51E+00,8.31E+01,5.27E+01,9.27E+01
1404,39.9743,-106.274,3.35E+00,8.83E+01,5.70E+01,9.99E+01
1405,73.2978,-118.749,2.21E+00,1.05E+02,4.30E+01,1.19E+02
1406,73.2928,-112.493,2.55E+00,1.09E+02,4.51E+01,1.25E+02
1407,73.288,-106.235,2.88E+00,1.14E+02,4.71E+01,1.31E+02
1408,59.9706,-118.761,2.35E+00,9.54E+01,4.67E+01,1.08E+02
1409,59.966,-112.507,2.73E+00,9.89E+01,4.89E+01,1.13E+02
1410,59.9613,-106.251,3.10E+00,1.03E+02,5.10E+01,1.19E+02
1411,53.3031,-112.514,2.81E+00,9.41E+01,5.08E+01,1.07E+02
1412,53.3073,-118.767,2.41E+00,9.10E+01,4.87E+01,1.03E+02
1413,53.2988,-106.259,3.20E+00,9.78E+01,5.30E+01,1.12E+02
1414,66.6292,-112.5,2.64E+00,1.04E+02,4.70E+01,1.19E+02
1415,66.6341,-118.755,2.28E+00,1.00E+02,4.49E+01,1.14E+02
1416,66.6243,-106.243,3.00E+00,1.09E+02,4.90E+01,1.25E+02
1417,86.6271,-118.737,2.03E+00,1.13E+02,3.95E+01,1.29E+02
1418,86.6226,-112.479,2.32E+00,1.17E+02,4.14E+01,1.34E+02
1419,86.6188,-106.221,2.61E+00,1.22E+02,4.32E+01,1.40E+02
1420,79.9572,-112.486,2.44E+00,1.13E+02,4.33E+01,1.30E+02
1421,79.9621,-118.743,2.12E+00,1.09E+02,4.12E+01,1.24E+02
1422,79.9527,-106.228,2.75E+00,1.19E+02,4.51E+01,1.37E+02
1423,93.2892,-112.474,2.19E+00,1.19E+02,3.97E+01,1.37E+02
1424,93.293,-118.731,1.92E+00,1.15E+02,3.78E+01,1.32E+02
1425,93.2866,-106.216,2.45E+00,1.23E+02,4.14E+01,1.42E+02
1426,99.951,106.207,2.21E+00,5.59E+01,1.35E+02,1.02E+01
1427,99.9528,112.464,1.98E+00,5.40E+01,1.32E+02,1.10E+01
1428,99.9562,118.721,1.75E+00,5.17E+01,1.28E+02,1.18E+01
1429,99.9607,124.98,1.50E+00,4.90E+01,1.25E+02,1.24E+01
1430,93.2945,124.985,1.60E+00,4.95E+01,1.23E+02,1.20E+01
1431,86.6291,124.99,1.69E+00,5.00E+01,1.19E+02,1.30E+01
1432,79.9644,124.995,1.76E+00,5.05E+01,1.15E+02,1.54E+01
1433,73.3001,125.001,1.84E+00,5.10E+01,1.10E+02,1.87E+01
1434,66.6362,125.007,1.90E+00,5.17E+01,1.05E+02,2.24E+01
1435,59.9725,125.012,1.95E+00,5.24E+01,1.00E+02,2.64E+01
1436,53.3088,125.017,2.00E+00,5.31E+01,9.53E+01,3.05E+01
1437,46.6452,125.021,2.05E+00,5.40E+01,9.09E+01,3.46E+01
1438,39.9815,125.025,2.08E+00,5.49E+01,8.67E+01,3.87E+01
1439,33.3177,125.029,2.11E+00,5.60E+01,8.27E+01,4.27E+01
1440,26.6539,125.032,2.14E+00,5.71E+01,7.90E+01,4.68E+01
1441,19.9899,125.034,2.16E+00,5.84E+01,7.56E+01,5.08E+01
1442,13.3259,125.036,2.17E+00,5.98E+01,7.24E+01,5.48E+01
1443,6.66187,125.037,2.18E+00,6.13E+01,6.94E+01,5.89E+01
1444,-0.00222579,125.037,2.18E+00,6.30E+01,6.65E+01,6.29E+01
1445,-6.66634,125.037,2.18E+00,6.48E+01,6.38E+01,6.69E+01
1446,-13.3304,125.037,2.17E+00,6.69E+01,6.12E+01,7.10E+01
1447,-19.9945,125.036,2.16E+00,6.91E+01,5.88E+01,7.50E+01
1448,-26.6586,125.034,2.14E+00,7.16E+01,5.64E+01,7.91E+01
1449,-33.3225,125.031,2.12E+00,7.44E+01,5.41E+01,8.33E+01
1450,-39.9865,125.028,2.09E+00,7.74E+01,5.19E+01,8.75E+01
1451,-46.6504,125.025,2.05E+00,8.07E+01,4.97E+01,9.19E+01
1452,-53.3141,125.021,2.01E+00,8.43E+01,4.76E+01,9.63E+01
1453,-59.9779,125.017,1.96E+00,8.82E+01,4.56E+01,1.01E+02
1454,-66.6418,125.012,1.91E+00,9.23E+01,4.36E+01,1.06E+02
1455,-73.3056,125.007,1.85E+00,9.65E+01,4.17E+01,1.10E+02
1456,-79.9698,125.002,1.79E+00,1.01E+02,3.99E+01,1.15E+02
1457,-86.6343,124.996,1.72E+00,1.05E+02,3.82E+01,1.19E+02
1458,-93.2992,124.991,1.63E+00,1.08E+02,3.65E+01,1.23E+02
1459,-99.965,124.986,1.54E+00,1.10E+02,3.50E+01,1.26E+02
1460,-99.961,118.727,1.80E+00,1.13E+02,3.68E+01,1.30E+02
1461,-99.958,112.469,2.05E+00,1.16E+02,3.83E+01,1.35E+02
1462,-99.9564,106.212,2.28E+00,1.20E+02,3.98E+01,1.39E+02
1463,-0.00268753,118.79,2.63E+00,6.56E+01,6.85E+01,6.42E+01
1464,-0.00316759,112.542,3.09E+00,6.80E+01,7.05E+01,6.57E+01
1465,-0.00367282,106.294,3.55E+00,7.03E+01,7.25E+01,6.73E+01
1466,53.3043,118.764,2.39E+00,5.67E+01,9.86E+01,3.04E+01
1467,53.2995,112.51,2.78E+00,6.00E+01,1.03E+02,3.04E+01
1468,53.2946,106.254,3.17E+00,6.33E+01,1.07E+02,3.04E+01
1469,79.9586,118.738,2.09E+00,5.40E+01,1.20E+02,1.54E+01
1470,79.9529,112.48,2.40E+00,5.70E+01,1.25E+02,1.53E+01
1471,79.9477,106.221,2.70E+00,5.97E+01,1.31E+02,1.50E+01
1472,86.6181,112.473,2.27E+00,5.61E+01,1.29E+02,1.28E+01
1473,93.2847,112.468,2.14E+00,5.50E+01,1.31E+02,1.13E+01
1474,86.6234,118.732,1.99E+00,5.33E+01,1.24E+02,1.30E+01
1475,93.2892,118.726,1.87E+00,5.25E+01,1.27E+02,1.18E+01
1476,86.6137,106.215,2.55E+00,5.85E+01,1.35E+02,1.24E+01
1477,93.2814,106.21,2.39E+00,5.72E+01,1.36E+02,1.08E+01
1478,66.6308,118.751,2.26E+00,5.53E+01,1.09E+02,2.23E+01
1479,66.6253,112.495,2.61E+00,5.86E+01,1.14E+02,2.22E+01
1480,66.6196,106.237,2.96E+00,6.17E+01,1.20E+02,2.20E+01
1481,73.2887,112.487,2.51E+00,5.78E+01,1.20E+02,1.85E+01
1482,73.2945,118.745,2.18E+00,5.46E+01,1.15E+02,1.86E+01
1483,73.2831,106.229,2.84E+00,6.08E+01,1.26E+02,1.83E+01
1484,59.9623,112.502,2.70E+00,5.93E+01,1.08E+02,2.62E+01
1485,59.9675,118.758,2.33E+00,5.60E+01,1.04E+02,2.63E+01
1486,59.9569,106.246,3.07E+00,6.26E+01,1.14E+02,2.61E+01
1487,26.6515,118.783,2.57E+00,6.02E+01,8.14E+01,4.72E+01
1488,26.6489,112.533,3.01E+00,6.32E+01,8.38E+01,4.78E+01
1489,26.6463,106.282,3.45E+00,6.62E+01,8.63E+01,4.84E+01
1490,39.978,118.774,2.50E+00,5.83E+01,8.94E+01,3.88E+01
1491,39.9743,112.523,2.91E+00,6.15E+01,9.23E+01,3.91E+01
1492,39.9705,106.27,3.33E+00,6.47E+01,9.57E+01,3.93E+01
1493,46.6369,112.516,2.85E+00,6.07E+01,9.72E+01,3.47E+01
1494,46.6412,118.769,2.45E+00,5.74E+01,9.39E+01,3.46E+01
1495,46.6325,106.262,3.25E+00,6.40E+01,1.01E+02,3.48E+01
1496,33.3117,112.528,2.97E+00,6.23E+01,8.79E+01,4.34E+01
1497,33.3148,118.779,2.54E+00,5.92E+01,8.52E+01,4.30E+01
1498,33.3084,106.276,3.39E+00,6.54E+01,9.08E+01,4.38E+01
1499,13.3245,118.788,2.62E+00,6.26E+01,7.45E+01,5.57E+01
1500,13.3231,112.539,3.07E+00,6.53E+01,7.66E+01,5.67E+01
1501,13.3215,106.29,3.52E+00,6.80E+01,7.88E+01,5.78E+01
1502,19.986,112.536,3.04E+00,6.42E+01,8.00E+01,5.23E+01
1503,19.988,118.786,2.60E+00,6.14E+01,7.78E+01,5.14E+01
1504,19.984,106.287,3.49E+00,6.70E+01,8.24E+01,5.31E+01
1505,6.65997,112.541,3.08E+00,6.66E+01,7.34E+01,6.12E+01
1506,6.66094,118.789,2.63E+00,6.40E+01,7.14E+01,5.99E+01
1507,6.65896,106.292,3.54E+00,6.91E+01,7.55E+01,6.25E+01
1508,-46.6475,118.774,2.46E+00,8.33E+01,5.18E+01,9.49E+01
1509,-46.6444,112.522,2.87E+00,8.59E+01,5.39E+01,9.86E+01
1510,-46.6412,106.269,3.28E+00,8.87E+01,5.60E+01,1.03E+02
1511,-19.9936,118.788,2.60E+00,7.15E+01,6.08E+01,7.70E+01
1512,-19.9926,112.539,3.05E+00,7.36E+01,6.27E+01,7.93E+01
1513,-19.9916,106.29,3.50E+00,7.57E+01,6.48E+01,8.19E+01
1514,-13.3296,112.541,3.07E+00,7.15E+01,6.52E+01,7.47E+01
1515,-6.66632,112.542,3.08E+00,6.96E+01,6.78E+01,7.02E+01
1516,-13.33,118.789,2.62E+00,6.93E+01,6.32E+01,7.27E+01
1517,-6.66633,118.79,2.63E+00,6.73E+01,6.58E+01,6.84E+01
1518,-13.329,106.292,3.53E+00,7.36E+01,6.72E+01,7.70E+01
1519,-6.66634,106.293,3.54E+00,7.18E+01,6.98E+01,7.21E+01
1520,-33.3206,118.782,2.55E+00,7.67E+01,5.61E+01,8.58E+01
1521,-33.3186,112.532,2.98E+00,7.90E+01,5.82E+01,8.87E+01
1522,-33.3166,106.281,3.41E+00,8.12E+01,6.03E+01,9.21E+01
1523,-26.6556,112.536,3.02E+00,7.61E+01,6.04E+01,8.40E+01
1524,-26.6571,118.785,2.58E+00,7.39E+01,5.84E+01,8.14E+01
1525,-26.6541,106.286,3.46E+00,7.83E+01,6.25E+01,8.70E+01
1526,-39.9816,112.528,2.93E+00,8.22E+01,5.60E+01,9.36E+01
1527,-39.9841,118.778,2.51E+00,7.99E+01,5.39E+01,9.03E+01
1528,-39.9789,106.276,3.35E+00,8.47E+01,5.81E+01,9.74E+01
1529,-73.3009,118.751,2.21E+00,1.00E+02,4.39E+01,1.15E+02
1530,-73.2962,112.495,2.55E+00,1.04E+02,4.59E+01,1.20E+02
1531,-73.2916,106.238,2.88E+00,1.09E+02,4.78E+01,1.26E+02
1532,-59.974,118.764,2.35E+00,9.12E+01,4.77E+01,1.05E+02
1533,-59.97,112.509,2.73E+00,9.44E+01,4.98E+01,1.09E+02
1534,-59.9658,106.254,3.10E+00,9.82E+01,5.19E+01,1.14E+02
1535,-53.3072,112.516,2.80E+00,9.00E+01,5.18E+01,1.04E+02
1536,-53.3108,118.769,2.41E+00,8.71E+01,4.97E+01,9.97E+01
1537,-53.3035,106.262,3.20E+00,9.32E+01,5.39E+01,1.09E+02
1538,-66.6329,112.502,2.64E+00,9.91E+01,4.78E+01,1.15E+02
1539,-66.6374,118.758,2.28E+00,9.55E+01,4.58E+01,1.10E+02
1540,-66.6285,106.246,3.00E+00,1.03E+02,4.98E+01,1.20E+02
1541,-86.6293,118.739,2.03E+00,1.08E+02,4.02E+01,1.24E+02
1542,-86.6248,112.481,2.33E+00,1.12E+02,4.20E+01,1.30E+02
1543,-86.6209,106.222,2.61E+00,1.17E+02,4.37E+01,1.36E+02
1544,-79.9601,112.488,2.44E+00,1.08E+02,4.40E+01,1.25E+02
1545,-79.9649,118.745,2.12E+00,1.04E+02,4.20E+01,1.20E+02
1546,-79.9556,106.23,2.75E+00,1.13E+02,4.57E+01,1.32E+02
1547,-93.2907,112.475,2.19E+00,1.15E+02,4.01E+01,1.33E+02
1548,-93.2945,118.733,1.92E+00,1.11E+02,3.84E+01,1.28E+02
1549,-93.2876,106.216,2.45E+00,1.20E+02,4.17E+01,1.38E+02
1550,106.211,124.976,1.39E+00,4.85E+01,1.25E+02,1.39E+01
1551,112.463,124.973,1.27E+00,4.80E+01,1.24E+02,1.60E+01
1552,118.716,124.971,1.14E+00,4.73E+01,1.21E+02,1.84E+01
1553,124.971,124.971,9.96E-01,4.61E+01,1.18E+02,2.08E+01
1554,124.971,118.716,1.14E+00,4.74E+01,1.20E+02,1.83E+01
1555,124.974,112.464,1.27E+00,4.82E+01,1.22E+02,1.57E+01
1556,124.977,106.212,1.39E+00,4.87E+01,1.22E+02,1.35E+01
1557,124.981,99.9621,1.49E+00,4.92E+01,1.21E+02,1.20E+01
1558,124.986,93.2961,1.59E+00,4.97E+01,1.19E+02,1.18E+01
1559,124.991,86.6309,1.68E+00,5.02E+01,1.16E+02,1.32E+01
1560,124.997,79.9663,1.76E+00,5.07E+01,1.12E+02,1.58E+01
1561,125.002,73.3022,1.83E+00,5.13E+01,1.07E+02,1.92E+01
1562,125.008,66.6382,1.89E+00,5.20E+01,1.02E+02,2.30E+01
1563,125.013,59.9745,1.95E+00,5.27E+01,9.76E+01,2.69E+01
1564,125.018,53.3107,1.99E+00,5.36E+01,9.32E+01,3.10E+01
1565,125.022,46.647,2.04E+00,5.45E+01,8.89E+01,3.51E+01
1566,125.026,39.9832,2.07E+00,5.56E+01,8.49E+01,3.92E+01
1567,125.029,33.3193,2.11E+00,5.68E+01,8.11E+01,4.33E+01
1568,125.032,26.6554,2.13E+00,5.80E+01,7.76E+01,4.74E+01
1569,125.034,19.9914,2.15E+00,5.94E+01,7.43E+01,5.14E+01
1570,125.035,13.3274,2.17E+00,6.09E+01,7.12E+01,5.55E+01
1571,125.036,6.66331,2.17E+00,6.25E+01,6.83E+01,5.96E+01
1572,125.037,-0.000795948,2.18E+00,6.43E+01,6.55E+01,6.37E+01
1573,125.037,-6.66492,2.18E+00,6.62E+01,6.29E+01,6.78E+01
1574,125.036,-13.329,2.17E+00,6.84E+01,6.04E+01,7.19E+01
1575,125.034,-19.9931,2.15E+00,7.07E+01,5.79E+01,7.61E+01
1576,125.033,-26.6572,2.14E+00,7.33E+01,5.56E+01,8.03E+01
1577,125.03,-33.3211,2.11E+00,7.61E+01,5.33E+01,8.46E+01
1578,125.027,-39.985,2.08E+00,7.93E+01,5.11E+01,8.90E+01
1579,125.024,-46.649,2.05E+00,8.27E+01,4.90E+01,9.34E+01
1580,125.02,-53.3127,2.01E+00,8.63E+01,4.69E+01,9.80E+01
1581,125.015,-59.9766,1.96E+00,9.02E+01,4.49E+01,1.03E+02
1582,125.011,-66.6406,1.91E+00,9.43E+01,4.30E+01,1.07E+02
1583,125.006,-73.3046,1.85E+00,9.84E+01,4.12E+01,1.12E+02
1584,125.001,-79.9689,1.79E+00,1.02E+02,3.94E+01,1.17E+02
1585,124.995,-86.6337,1.71E+00,1.06E+02,3.77E+01,1.21E+02
1586,124.99,-93.2989,1.63E+00,1.09E+02,3.61E+01,1.24E+02
1587,124.985,-99.9651,1.54E+00,1.11E+02,3.46E+01,1.27E+02
1588,124.981,-106.216,1.44E+00,1.11E+02,3.32E+01,1.28E+02
1589,124.978,-112.467,1.33E+00,1.10E+02,3.20E+01,1.28E+02
1590,124.976,-118.72,1.21E+00,1.08E+02,3.07E+01,1.26E+02
1591,124.974,-124.974,1.07E+00,1.06E+02,2.93E+01,1.24E+02
1592,118.72,-124.975,1.21E+00,1.09E+02,3.06E+01,1.27E+02
1593,112.467,-124.977,1.33E+00,1.12E+02,3.18E+01,1.29E+02
1594,106.215,-124.981,1.45E+00,1.13E+02,3.30E+01,1.30E+02
1595,118.789,-0.000964164,2.63E+00,6.68E+01,6.76E+01,6.49E+01
1596,112.541,-0.00114906,3.08E+00,6.92E+01,6.97E+01,6.63E+01
1597,106.292,-0.00134772,3.53E+00,7.16E+01,7.18E+01,6.79E+01
1598,118.753,66.6332,2.25E+00,5.56E+01,1.06E+02,2.27E+01
1599,112.496,66.6281,2.60E+00,5.89E+01,1.11E+02,2.26E+01
1600,106.239,66.6228,2.95E+00,6.20E+01,1.16E+02,2.24E+01
1601,118.723,99.7512,1.75E+00,5.20E+01,1.25E+02,1.16E+01
1602,112.465,99.7476,1.99E+00,5.42E+01,1.30E+02,1.09E+01
1603,106.207,99.7454,2.21E+00,5.59E+01,1.34E+02,1.03E+01
1604,112.462,106.121,1.83E+00,5.30E+01,1.29E+02,1.16E+01
1605,112.46,112.46,1.66E+00,5.17E+01,1.28E+02,1.29E+01
1606,112.461,118.716,1.47E+00,5.01E+01,1.26E+02,1.45E+01
1607,118.716,112.461,1.47E+00,5.02E+01,1.25E+02,1.44E+01
1608,118.712,106.138,1.62E+00,5.12E+01,1.26E+02,1.27E+01
1609,118.715,118.715,1.32E+00,4.90E+01,1.23E+02,1.64E+01
1610,106.206,112.461,1.83E+00,5.29E+01,1.30E+02,1.17E+01
1611,106.213,106.135,2.03E+00,5.45E+01,1.33E+02,1.06E+01
1612,106.208,118.718,1.62E+00,5.10E+01,1.28E+02,1.29E+01
1613,118.733,86.6255,1.98E+00,5.34E+01,1.20E+02,1.31E+01
1614,112.475,86.6204,2.27E+00,5.62E+01,1.25E+02,1.29E+01
1615,106.216,86.6159,2.54E+00,5.86E+01,1.31E+02,1.26E+01
1616,112.469,93.2015,2.13E+00,5.52E+01,1.28E+02,1.13E+01
1617,118.734,93.2201,1.87E+00,5.27E+01,1.23E+02,1.17E+01
1618,106.204,93.2121,2.38E+00,5.73E+01,1.34E+02,1.09E+01
1619,112.489,73.2914,2.50E+00,5.80E+01,1.16E+02,1.89E+01
1620,112.482,79.9554,2.39E+00,5.72E+01,1.21E+02,1.55E+01
1621,118.746,73.2968,2.17E+00,5.48E+01,1.11E+02,1.90E+01
1622,118.74,79.9608,2.08E+00,5.41E+01,1.16E+02,1.56E+01
1623,106.231,73.2861,2.83E+00,6.10E+01,1.22E+02,1.86E+01
1624,106.223,79.9504,2.69E+00,5.99E+01,1.27E+02,1.53E+01
1625,118.779,33.3168,2.53E+00,6.00E+01,8.37E+01,4.35E+01
1626,112.528,33.3141,2.96E+00,6.30E+01,8.64E+01,4.39E+01
1627,106.277,33.3112,3.38E+00,6.61E+01,8.93E+01,4.42E+01
1628,118.765,53.3066,2.39E+00,5.71E+01,9.65E+01,3.09E+01
1629,112.511,53.3023,2.77E+00,6.04E+01,1.00E+02,3.09E+01
1630,106.255,53.2978,3.16E+00,6.38E+01,1.05E+02,3.08E+01
1631,112.504,59.9651,2.69E+00,5.97E+01,1.05E+02,2.67E+01
1632,118.759,59.9698,2.32E+00,5.63E+01,1.01E+02,2.67E+01
1633,106.247,59.9601,3.06E+00,6.29E+01,1.10E+02,2.65E+01
1634,112.523,39.9769,2.90E+00,6.21E+01,9.06E+01,3.95E+01
1635,112.517,46.6396,2.84E+00,6.13E+01,9.52E+01,3.51E+01
1636,118.775,39.9801,2.49E+00,5.89E+01,8.77E+01,3.93E+01
1637,118.77,46.6434,2.44E+00,5.80E+01,9.19E+01,3.51E+01
1638,106.27,39.9734,3.32E+00,6.53E+01,9.39E+01,3.97E+01
1639,106.263,46.6356,3.24E+00,6.45E+01,9.90E+01,3.52E+01
1640,118.785,19.9899,2.59E+00,6.23E+01,7.66E+01,5.20E+01
1641,112.536,19.9882,3.03E+00,6.51E+01,7.89E+01,5.28E+01
1642,106.286,19.9865,3.48E+00,6.79E+01,8.13E+01,5.35E+01
1643,112.533,26.6512,3.00E+00,6.40E+01,8.25E+01,4.83E+01
1644,118.782,26.6534,2.56E+00,6.11E+01,8.00E+01,4.78E+01
1645,106.282,26.6489,3.44E+00,6.70E+01,8.51E+01,4.88E+01
1646,112.54,6.66203,3.07E+00,6.77E+01,7.25E+01,6.18E+01
1647,112.539,13.3252,3.06E+00,6.63E+01,7.56E+01,5.72E+01
1648,118.789,6.66269,2.62E+00,6.52E+01,7.04E+01,6.06E+01
1649,118.787,13.3263,2.61E+00,6.37E+01,7.34E+01,5.63E+01
1650,106.291,6.66134,3.53E+00,7.02E+01,7.47E+01,6.30E+01
1651,106.289,13.324,3.51E+00,6.90E+01,7.79E+01,5.82E+01
1652,118.762,-59.9725,2.34E+00,9.33E+01,4.72E+01,1.07E+02
1653,112.508,-59.9683,2.72E+00,9.67E+01,4.93E+01,1.11E+02
1654,106.252,-59.964,3.09E+00,1.01E+02,5.14E+01,1.17E+02
1655,118.784,-26.6555,2.57E+00,7.56E+01,5.77E+01,8.25E+01
1656,112.534,-26.6537,3.01E+00,7.78E+01,5.98E+01,8.52E+01
1657,106.284,-26.6519,3.45E+00,8.01E+01,6.20E+01,8.82E+01
1658,118.788,-13.3282,2.61E+00,7.07E+01,6.25E+01,7.36E+01
1659,112.539,-13.3275,3.06E+00,7.29E+01,6.45E+01,7.56E+01
1660,106.29,-13.3267,3.51E+00,7.51E+01,6.66E+01,7.78E+01
1661,112.541,-6.66432,3.07E+00,7.09E+01,6.70E+01,7.09E+01
1662,118.789,-6.66461,2.62E+00,6.87E+01,6.50E+01,6.92E+01
1663,106.292,-6.66403,3.53E+00,7.32E+01,6.91E+01,7.28E+01
1664,112.537,-19.9907,3.04E+00,7.52E+01,6.21E+01,8.04E+01
1665,118.786,-19.9919,2.60E+00,7.30E+01,6.00E+01,7.80E+01
1666,106.288,-19.9894,3.49E+00,7.74E+01,6.42E+01,8.29E+01
1667,118.777,-39.9824,2.50E+00,8.17E+01,5.33E+01,9.18E+01
1668,112.526,-39.9796,2.92E+00,8.42E+01,5.55E+01,9.51E+01
1669,106.274,-39.9767,3.34E+00,8.69E+01,5.76E+01,9.90E+01
1670,112.53,-33.3168,2.97E+00,8.08E+01,5.76E+01,9.01E+01
1671,118.781,-33.319,2.54E+00,7.85E+01,5.55E+01,8.71E+01
1672,106.279,-33.3144,3.40E+00,8.32E+01,5.97E+01,9.35E+01
1673,112.514,-53.3054,2.80E+00,9.22E+01,5.13E+01,1.06E+02
1674,112.52,-46.6424,2.86E+00,8.80E+01,5.34E+01,1.00E+02
1675,118.768,-53.3091,2.40E+00,8.92E+01,4.91E+01,1.02E+02
1676,118.772,-46.6458,2.46E+00,8.53E+01,5.12E+01,9.66E+01
1677,106.26,-53.3014,3.19E+00,9.57E+01,5.35E+01,1.11E+02
1678,106.267,-46.6391,3.27E+00,9.10E+01,5.55E+01,1.05E+02
1679,118.741,-93.2146,1.92E+00,1.12E+02,3.82E+01,1.29E+02
1680,112.475,-93.1905,2.19E+00,1.16E+02,4.00E+01,1.34E+02
1681,106.209,-93.208,2.44E+00,1.21E+02,4.16E+01,1.39E+02
1682,118.75,-73.2998,2.20E+00,1.02E+02,4.34E+01,1.17E+02
1683,112.494,-73.2951,2.54E+00,1.06E+02,4.55E+01,1.22E+02
1684,106.236,-73.2905,2.87E+00,1.11E+02,4.74E+01,1.28E+02
1685,112.501,-66.6314,2.64E+00,1.01E+02,4.74E+01,1.17E+02
1686,118.756,-66.636,2.28E+00,9.76E+01,4.52E+01,1.12E+02
1687,106.244,-66.6269,2.99E+00,1.06E+02,4.94E+01,1.23E+02
1688,112.48,-86.5943,2.32E+00,1.14E+02,4.17E+01,1.31E+02
1689,112.487,-79.9593,2.44E+00,1.10E+02,4.36E+01,1.27E+02
1690,118.741,-86.6088,2.02E+00,1.10E+02,3.98E+01,1.26E+02
1691,118.744,-79.964,2.12E+00,1.06E+02,4.16E+01,1.21E+02
1692,106.219,-86.6007,2.60E+00,1.19E+02,4.34E+01,1.37E+02
1693,106.229,-79.955,2.74E+00,1.16E+02,4.54E+01,1.33E+02
1694,118.715,-106.133,1.68E+00,1.14E+02,3.51E+01,1.31E+02
1695,112.467,-106.111,1.89E+00,1.17E+02,3.67E+01,1.35E+02
1696,106.219,-106.131,2.09E+00,1.20E+02,3.82E+01,1.38E+02
1697,112.47,-99.6874,2.05E+00,1.17E+02,3.83E+01,1.35E+02
1698,118.728,-99.7138,1.80E+00,1.14E+02,3.66E+01,1.31E+02
1699,106.213,-99.7094,2.27E+00,1.21E+02,3.98E+01,1.40E+02
1700,112.465,-118.721,1.54E+00,1.13E+02,3.36E+01,1.31E+02
1701,112.465,-112.435,1.72E+00,1.15E+02,3.51E+01,1.33E+02
1702,118.72,-118.72,1.38E+00,1.10E+02,3.22E+01,1.29E+02
1703,118.718,-112.445,1.54E+00,1.12E+02,3.37E+01,1.30E+02
1704,106.212,-118.723,1.68E+00,1.15E+02,3.49E+01,1.33E+02
1705,106.213,-112.446,1.89E+00,1.18E+02,3.65E+01,1.36E+02
1706,-106.215,124.981,1.45E+00,1.11E+02,3.36E+01,1.28E+02
1707,-112.466,124.978,1.34E+00,1.10E+02,3.23E+01,1.28E+02
1708,-118.719,124.975,1.21E+00,1.08E+02,3.09E+01,1.27E+02
1709,-124.973,124.974,1.07E+00,1.06E+02,2.95E+01,1.25E+02
1710,-124.974,118.719,1.21E+00,1.09E+02,3.08E+01,1.28E+02
1711,-124.977,112.466,1.34E+00,1.11E+02,3.21E+01,1.29E+02
1712,-124.98,106.214,1.45E+00,1.13E+02,3.33E+01,1.30E+02
1713,-124.984,99.9637,1.55E+00,1.12E+02,3.47E+01,1.29E+02
1714,-124.989,93.2976,1.64E+00,1.11E+02,3.62E+01,1.26E+02
1715,-124.995,86.6324,1.73E+00,1.08E+02,3.78E+01,1.23E+02
1716,-125,79.9679,1.80E+00,1.04E+02,3.95E+01,1.18E+02
1717,-125.006,73.3037,1.87E+00,9.92E+01,4.13E+01,1.13E+02
1718,-125.011,66.6398,1.92E+00,9.47E+01,4.32E+01,1.08E+02
1719,-125.016,59.976,1.98E+00,9.03E+01,4.51E+01,1.03E+02
1720,-125.02,53.3123,2.02E+00,8.62E+01,4.70E+01,9.82E+01
1721,-125.025,46.6486,2.06E+00,8.25E+01,4.91E+01,9.35E+01
1722,-125.028,39.9848,2.10E+00,7.90E+01,5.12E+01,8.89E+01
1723,-125.031,33.321,2.13E+00,7.58E+01,5.33E+01,8.44E+01
1724,-125.034,26.657,2.15E+00,7.30E+01,5.55E+01,8.01E+01
1725,-125.036,19.993,2.17E+00,7.04E+01,5.79E+01,7.58E+01
1726,-125.037,13.3289,2.18E+00,6.81E+01,6.02E+01,7.16E+01
1727,-125.038,6.66486,2.19E+00,6.60E+01,6.28E+01,6.75E+01
1728,-125.038,0.000747488,2.19E+00,6.41E+01,6.54E+01,6.34E+01
1729,-125.038,-6.66335,2.19E+00,6.23E+01,6.82E+01,5.93E+01
1730,-125.037,-13.3274,2.18E+00,6.07E+01,7.11E+01,5.53E+01
1731,-125.035,-19.9914,2.16E+00,5.93E+01,7.43E+01,5.12E+01
1732,-125.033,-26.6554,2.14E+00,5.80E+01,7.76E+01,4.72E+01
1733,-125.03,-33.3191,2.12E+00,5.67E+01,8.13E+01,4.31E+01
1734,-125.026,-39.9829,2.09E+00,5.56E+01,8.52E+01,3.91E+01
1735,-125.022,-46.6466,2.05E+00,5.46E+01,8.94E+01,3.50E+01
1736,-125.018,-53.3101,2.00E+00,5.37E+01,9.39E+01,3.09E+01
1737,-125.013,-59.9737,1.95E+00,5.29E+01,9.87E+01,2.69E+01
1738,-125.007,-66.6373,1.90E+00,5.21E+01,1.04E+02,2.29E+01
1739,-125.002,-73.3009,1.83E+00,5.15E+01,1.09E+02,1.91E+01
1740,-124.996,-79.965,1.76E+00,5.09E+01,1.14E+02,1.58E+01
1741,-124.99,-86.6294,1.68E+00,5.03E+01,1.19E+02,1.33E+01
1742,-124.984,-93.2943,1.59E+00,4.98E+01,1.22E+02,1.22E+01
1743,-124.979,-99.9603,1.49E+00,4.94E+01,1.25E+02,1.25E+01
1744,-124.975,-106.211,1.39E+00,4.90E+01,1.26E+02,1.41E+01
1745,-124.972,-112.462,1.27E+00,4.86E+01,1.25E+02,1.63E+01
1746,-124.97,-118.715,1.14E+00,4.80E+01,1.22E+02,1.88E+01
1747,-124.969,-124.97,9.97E-01,4.70E+01,1.19E+02,2.12E+01
1748,-118.715,-124.97,1.14E+00,4.81E+01,1.21E+02,1.86E+01
1749,-112.463,-124.973,1.27E+00,4.88E+01,1.23E+02,1.60E+01
1750,-106.212,-124.976,1.39E+00,4.92E+01,1.23E+02,1.38E+01
1751,-118.791,0.000927777,2.64E+00,6.66E+01,6.75E+01,6.45E+01
1752,-112.543,0.00112463,3.10E+00,6.90E+01,6.95E+01,6.59E+01
1753,-106.295,0.0013407,3.56E+00,7.14E+01,7.16E+01,6.73E+01
1754,-118.756,66.6351,2.29E+00,9.82E+01,4.53E+01,1.13E+02
1755,-112.501,66.6302,2.66E+00,1.02E+02,4.74E+01,1.18E+02
1756,-106.244,66.6254,3.01E+00,1.07E+02,4.94E+01,1.24E+02
1757,-118.726,99.7533,1.81E+00,1.15E+02,3.65E+01,1.33E+02
1758,-112.469,99.7505,2.06E+00,1.18E+02,3.82E+01,1.37E+02
1759,-106.212,99.7491,2.28E+00,1.21E+02,3.97E+01,1.40E+02
1760,-112.466,106.125,1.90E+00,1.17E+02,3.66E+01,1.36E+02
1761,-112.464,112.464,1.73E+00,1.15E+02,3.52E+01,1.33E+02
1762,-112.464,118.72,1.54E+00,1.12E+02,3.38E+01,1.30E+02
1763,-118.72,112.464,1.54E+00,1.13E+02,3.37E+01,1.31E+02
1764,-118.715,106.14,1.69E+00,1.15E+02,3.51E+01,1.33E+02
1765,-118.719,118.719,1.39E+00,1.10E+02,3.24E+01,1.29E+02
1766,-106.21,112.466,1.90E+00,1.16E+02,3.67E+01,1.35E+02
1767,-106.217,106.139,2.10E+00,1.19E+02,3.82E+01,1.38E+02
1768,-106.212,118.723,1.68E+00,1.13E+02,3.52E+01,1.31E+02
1769,-118.737,86.6273,2.04E+00,1.11E+02,3.99E+01,1.27E+02
1770,-112.479,86.6227,2.33E+00,1.15E+02,4.17E+01,1.33E+02
1771,-106.221,86.6188,2.62E+00,1.20E+02,4.33E+01,1.39E+02
1772,-112.473,93.204,2.20E+00,1.18E+02,3.99E+01,1.36E+02
1773,-118.738,93.222,1.93E+00,1.14E+02,3.82E+01,1.31E+02
1774,-106.209,93.2153,2.46E+00,1.22E+02,4.14E+01,1.41E+02
1775,-112.493,73.2936,2.56E+00,1.07E+02,4.55E+01,1.23E+02
1776,-112.486,79.9576,2.45E+00,1.12E+02,4.36E+01,1.29E+02
1777,-118.75,73.2987,2.22E+00,1.03E+02,4.35E+01,1.18E+02
1778,-118.744,79.9627,2.13E+00,1.07E+02,4.16E+01,1.23E+02
1779,-106.236,73.2887,2.89E+00,1.12E+02,4.74E+01,1.30E+02
1780,-106.228,79.953,2.76E+00,1.17E+02,4.53E+01,1.35E+02
1781,-118.782,33.3187,2.56E+00,7.82E+01,5.55E+01,8.69E+01
1782,-112.532,33.3164,2.99E+00,8.04E+01,5.76E+01,8.98E+01
1783,-106.281,33.3139,3.43E+00,8.27E+01,5.97E+01,9.31E+01
1784,-118.768,53.3085,2.42E+00,8.91E+01,4.92E+01,1.02E+02
1785,-112.515,53.3045,2.82E+00,9.21E+01,5.13E+01,1.06E+02
1786,-106.261,53.3004,3.21E+00,9.56E+01,5.35E+01,1.11E+02
1787,-112.508,59.9673,2.74E+00,9.69E+01,4.94E+01,1.12E+02
1788,-118.763,59.9717,2.36E+00,9.35E+01,4.73E+01,1.07E+02
1789,-106.253,59.9627,3.12E+00,1.01E+02,5.14E+01,1.17E+02
1790,-112.527,39.9792,2.94E+00,8.38E+01,5.54E+01,9.49E+01
1791,-112.521,46.6418,2.89E+00,8.77E+01,5.34E+01,1.00E+02
1792,-118.778,39.9821,2.52E+00,8.14E+01,5.33E+01,9.17E+01
1793,-118.774,46.6453,2.48E+00,8.51E+01,5.12E+01,9.66E+01
1794,-106.275,39.9761,3.37E+00,8.64E+01,5.76E+01,9.87E+01
1795,-106.268,46.6382,3.30E+00,9.07E+01,5.55E+01,1.05E+02
1796,-118.788,19.9918,2.62E+00,7.27E+01,5.99E+01,7.77E+01
1797,-112.539,19.9905,3.06E+00,7.48E+01,6.20E+01,8.00E+01
1798,-106.29,19.9892,3.52E+00,7.69E+01,6.41E+01,8.24E+01
1799,-112.536,26.6535,3.03E+00,7.74E+01,5.97E+01,8.48E+01
1800,-118.785,26.6553,2.59E+00,7.53E+01,5.77E+01,8.23E+01
1801,-106.286,26.6516,3.48E+00,7.96E+01,6.18E+01,8.77E+01
1802,-112.543,6.66428,3.10E+00,7.07E+01,6.69E+01,7.05E+01
1803,-112.542,13.3274,3.09E+00,7.26E+01,6.44E+01,7.52E+01
1804,-118.791,6.66457,2.64E+00,6.84E+01,6.48E+01,6.89E+01
1805,-118.79,13.3282,2.63E+00,7.04E+01,6.23E+01,7.33E+01
1806,-106.295,6.66398,3.56E+00,7.29E+01,6.89E+01,7.23E+01
1807,-106.293,13.3266,3.54E+00,7.47E+01,6.64E+01,7.73E+01
1808,-118.759,-59.9687,2.33E+00,5.64E+01,1.02E+02,2.66E+01
1809,-112.503,-59.9636,2.71E+00,5.97E+01,1.07E+02,2.64E+01
1810,-106.247,-59.9582,3.08E+00,6.30E+01,1.12E+02,2.62E+01
1811,-118.784,-26.6532,2.58E+00,6.10E+01,8.00E+01,4.75E+01
1812,-112.534,-26.6509,3.02E+00,6.40E+01,8.24E+01,4.80E+01
1813,-106.284,-26.6485,3.46E+00,6.70E+01,8.50E+01,4.84E+01
1814,-118.789,-13.3262,2.63E+00,6.36E+01,7.33E+01,5.60E+01
1815,-112.541,-13.325,3.08E+00,6.62E+01,7.54E+01,5.69E+01
1816,-106.292,-13.3238,3.53E+00,6.89E+01,7.76E+01,5.77E+01
1817,-112.542,-6.66198,3.09E+00,6.75E+01,7.24E+01,6.14E+01
1818,-118.79,-6.66268,2.64E+00,6.50E+01,7.03E+01,6.02E+01
1819,-106.294,-6.66125,3.55E+00,7.00E+01,7.45E+01,6.25E+01
1820,-112.538,-19.988,3.05E+00,6.50E+01,7.88E+01,5.24E+01
1821,-118.787,-19.9898,2.61E+00,6.22E+01,7.65E+01,5.17E+01
1822,-106.288,-19.9862,3.50E+00,6.79E+01,8.11E+01,5.31E+01
1823,-118.776,-39.9797,2.50E+00,5.89E+01,8.80E+01,3.91E+01
1824,-112.524,-39.9762,2.92E+00,6.21E+01,9.09E+01,3.92E+01
1825,-106.271,-39.9725,3.34E+00,6.53E+01,9.42E+01,3.93E+01
1826,-112.529,-33.3137,2.98E+00,6.30E+01,8.65E+01,4.36E+01
1827,-118.78,-33.3165,2.55E+00,5.99E+01,8.38E+01,4.33E+01
1828,-106.278,-33.3106,3.41E+00,6.61E+01,8.93E+01,4.38E+01
1829,-112.511,-53.3011,2.79E+00,6.05E+01,1.01E+02,3.06E+01
1830,-112.518,-46.6386,2.86E+00,6.13E+01,9.58E+01,3.49E+01
1831,-118.765,-53.3057,2.40E+00,5.72E+01,9.73E+01,3.07E+01
1832,-118.771,-46.6428,2.46E+00,5.80E+01,9.25E+01,3.49E+01
1833,-106.255,-53.2961,3.18E+00,6.38E+01,1.06E+02,3.05E+01
1834,-106.264,-46.6343,3.26E+00,6.46E+01,9.95E+01,3.48E+01
1835,-118.734,-93.2089,1.88E+00,5.28E+01,1.27E+02,1.20E+01
1836,-112.467,-93.1839,2.14E+00,5.52E+01,1.31E+02,1.15E+01
1837,-106.201,-93.2006,2.39E+00,5.72E+01,1.36E+02,1.09E+01
1838,-118.745,-73.2952,2.18E+00,5.49E+01,1.14E+02,1.88E+01
1839,-112.488,-73.2893,2.52E+00,5.81E+01,1.19E+02,1.86E+01
1840,-106.229,-73.2835,2.84E+00,6.10E+01,1.25E+02,1.83E+01
1841,-112.495,-66.6262,2.62E+00,5.89E+01,1.13E+02,2.24E+01
1842,-118.752,-66.6318,2.26E+00,5.57E+01,1.08E+02,2.26E+01
1843,-106.238,-66.6205,2.97E+00,6.20E+01,1.18E+02,2.21E+01
1844,-112.473,-86.5878,2.28E+00,5.62E+01,1.28E+02,1.29E+01
1845,-112.48,-79.9531,2.40E+00,5.72E+01,1.24E+02,1.54E+01
1846,-118.735,-86.6034,1.99E+00,5.35E+01,1.23E+02,1.32E+01
1847,-118.738,-79.959,2.09E+00,5.42E+01,1.19E+02,1.56E+01
1848,-106.211,-86.5931,2.56E+00,5.85E+01,1.34E+02,1.24E+01
1849,-106.221,-79.9477,2.71E+00,5.98E+01,1.30E+02,1.50E+01
1850,-118.708,-106.127,1.62E+00,5.13E+01,1.28E+02,1.32E+01
1851,-112.46,-106.105,1.83E+00,5.31E+01,1.31E+02,1.20E+01
1852,-106.213,-106.124,2.03E+00,5.46E+01,1.33E+02,1.09E+01
1853,-112.463,-99.6808,1.99E+00,5.42E+01,1.32E+02,1.13E+01
1854,-118.721,-99.708,1.75E+00,5.20E+01,1.28E+02,1.21E+01
1855,-106.206,-99.7023,2.22E+00,5.59E+01,1.35E+02,1.04E+01
1856,-112.46,-118.715,1.48E+00,5.06E+01,1.25E+02,1.48E+01
1857,-112.459,-112.429,1.66E+00,5.20E+01,1.28E+02,1.33E+01
1858,-118.714,-118.714,1.32E+00,4.96E+01,1.24E+02,1.68E+01
1859,-118.712,-112.44,1.48E+00,5.05E+01,1.26E+02,1.49E+01
1860,-106.208,-118.718,1.62E+00,5.15E+01,1.26E+02,1.30E+01
1861,-106.208,-112.44,1.83E+00,5.32E+01,1.30E+02,1.19E+01
1862,124.975,-131.23,9.05E-01,1.04E+02,2.76E+01,1.23E+02
1863,124.977,-137.487,7.20E-01,1.03E+02,2.53E+01,1.23E+02
1864,124.98,-143.745,5.10E-01,1.03E+02,2.10E+01,1.25E+02
1865,124.986,-150.001,2.85E-01,5.44E+01,6.06E+01,7.41E+01
1866,118.735,-150.003,3.12E-01,5.56E+01,6.10E+01,7.77E+01
1867,112.486,-150.004,3.34E-01,5.57E+01,6.07E+01,8.05E+01
1868,106.236,-150.006,3.53E-01,5.51E+01,6.00E+01,8.23E+01
1869,99.9868,-150.007,3.70E-01,5.38E+01,5.91E+01,8.31E+01
1870,93.3209,-150.009,3.85E-01,5.17E+01,5.78E+01,8.38E+01
1871,86.6552,-150.01,3.99E-01,4.92E+01,5.66E+01,8.43E+01
1872,79.9896,-150.012,4.11E-01,4.67E+01,5.54E+01,8.45E+01
1873,73.324,-150.013,4.21E-01,4.43E+01,5.41E+01,8.46E+01
1874,66.6583,-150.015,4.31E-01,4.20E+01,5.28E+01,8.45E+01
1875,59.9927,-150.016,4.39E-01,3.99E+01,5.17E+01,8.43E+01
1876,53.327,-150.017,4.46E-01,3.81E+01,5.07E+01,8.41E+01
1877,46.6613,-150.018,4.52E-01,3.67E+01,4.98E+01,8.39E+01
1878,39.9956,-150.018,4.57E-01,3.55E+01,4.90E+01,8.37E+01
1879,33.3299,-150.019,4.62E-01,3.46E+01,4.83E+01,8.35E+01
1880,26.6641,-150.02,4.65E-01,3.39E+01,4.78E+01,8.32E+01
1881,19.9983,-150.02,4.68E-01,3.33E+01,4.73E+01,8.30E+01
1882,13.3325,-150.02,4.70E-01,3.30E+01,4.70E+01,8.27E+01
1883,6.66669,-150.02,4.71E-01,3.28E+01,4.68E+01,8.25E+01
1884,0.000871512,-150.02,4.72E-01,3.27E+01,4.66E+01,8.22E+01
1885,-6.66495,-150.02,4.71E-01,3.28E+01,4.66E+01,8.18E+01
1886,-13.3307,-150.02,4.70E-01,3.31E+01,4.67E+01,8.15E+01
1887,-19.9966,-150.02,4.68E-01,3.35E+01,4.69E+01,8.12E+01
1888,-26.6624,-150.02,4.65E-01,3.41E+01,4.72E+01,8.08E+01
1889,-33.3281,-150.019,4.61E-01,3.48E+01,4.77E+01,8.04E+01
1890,-39.9939,-150.018,4.57E-01,3.57E+01,4.82E+01,8.00E+01
1891,-46.6597,-150.018,4.51E-01,3.68E+01,4.90E+01,7.96E+01
1892,-53.3254,-150.017,4.45E-01,3.81E+01,4.98E+01,7.92E+01
1893,-59.9911,-150.016,4.38E-01,3.97E+01,5.08E+01,7.87E+01
1894,-66.6568,-150.015,4.30E-01,4.15E+01,5.20E+01,7.82E+01
1895,-73.3223,-150.013,4.22E-01,4.36E+01,5.33E+01,7.77E+01
1896,-79.9879,-150.012,4.12E-01,4.60E+01,5.45E+01,7.68E+01
1897,-86.6535,-150.01,4.01E-01,4.86E+01,5.58E+01,7.56E+01
1898,-93.3192,-150.008,3.89E-01,5.13E+01,5.74E+01,7.49E+01
1899,-99.9856,-150.006,3.72E-01,5.38E+01,5.92E+01,7.49E+01
1900,-106.235,-150.004,3.54E-01,5.57E+01,6.09E+01,7.48E+01
1901,-112.484,-150.002,3.33E-01,5.81E+01,6.21E+01,7.54E+01
1902,-118.734,-150,3.08E-01,6.08E+01,6.26E+01,7.69E+01
1903,-124.984,-149.997,2.78E-01,6.28E+01,6.23E+01,7.85E+01
1904,-124.978,-143.741,4.67E-01,3.35E+01,1.13E+02,2.03E+01
1905,-124.974,-137.483,6.58E-01,4.13E+01,1.16E+02,2.33E+01
1906,-124.971,-131.226,8.36E-01,4.50E+01,1.17E+02,2.31E+01
1907,-0.000544488,-143.776,8.70E-01,5.13E+01,5.39E+01,6.74E+01
1908,-0.000278081,-137.531,1.30E+00,5.82E+01,5.93E+01,6.40E+01
1909,-0.000474765,-131.285,1.74E+00,6.25E+01,6.18E+01,6.32E+01
1910,66.6527,-143.766,7.89E-01,8.29E+01,3.22E+01,1.04E+02
1911,66.6484,-137.515,1.17E+00,8.91E+01,3.73E+01,1.04E+02
1912,66.6437,-131.263,1.54E+00,9.32E+01,3.99E+01,1.06E+02
1913,99.7733,-143.754,6.73E-01,1.03E+02,2.42E+01,1.23E+02
1914,99.7676,-137.499,9.77E-01,1.07E+02,2.90E+01,1.24E+02
1915,99.7622,-131.242,1.27E+00,1.10E+02,3.18E+01,1.26E+02
1916,106.139,-137.496,9.25E-01,1.09E+02,2.78E+01,1.26E+02
1917,112.474,-137.492,8.66E-01,1.09E+02,2.67E+01,1.26E+02
1918,118.725,-137.49,7.99E-01,1.07E+02,2.59E+01,1.25E+02
1919,112.479,-143.749,6.03E-01,1.06E+02,2.20E+01,1.26E+02
1920,106.158,-143.745,6.40E-01,1.05E+02,2.30E+01,1.25E+02
1921,118.729,-143.747,5.61E-01,1.05E+02,2.13E+01,1.26E+02
1922,112.47,-131.235,1.11E+00,1.10E+02,2.95E+01,1.27E+02
1923,106.148,-131.245,1.19E+00,1.11E+02,3.06E+01,1.27E+02
1924,118.722,-131.232,1.02E+00,1.08E+02,2.85E+01,1.26E+02
1925,86.6484,-143.759,7.28E-01,9.54E+01,2.70E+01,1.17E+02
1926,86.6431,-137.506,1.07E+00,1.01E+02,3.20E+01,1.17E+02
1927,86.6374,-131.251,1.40E+00,1.05E+02,3.47E+01,1.20E+02
1928,93.2234,-137.502,1.02E+00,1.05E+02,3.04E+01,1.21E+02
1929,93.2431,-143.764,7.01E-01,9.93E+01,2.55E+01,1.20E+02
1930,93.2318,-131.239,1.34E+00,1.08E+02,3.31E+01,1.23E+02
1931,73.3132,-137.512,1.14E+00,9.31E+01,3.55E+01,1.08E+02
1932,79.978,-137.509,1.10E+00,9.73E+01,3.37E+01,1.13E+02
1933,73.3179,-143.764,7.71E-01,8.71E+01,3.04E+01,1.09E+02
1934,79.9831,-143.762,7.51E-01,9.12E+01,2.86E+01,1.13E+02
1935,73.308,-131.259,1.50E+00,9.74E+01,3.81E+01,1.11E+02
1936,79.9726,-131.255,1.45E+00,1.02E+02,3.63E+01,1.15E+02
1937,33.3264,-143.774,8.51E-01,6.47E+01,4.23E+01,8.50E+01
1938,33.3245,-137.527,1.27E+00,7.10E+01,4.76E+01,8.29E+01
1939,33.3221,-131.279,1.69E+00,7.49E+01,5.01E+01,8.34E+01
1940,53.3222,-143.77,8.20E-01,7.50E+01,3.61E+01,9.64E+01
1941,53.3189,-137.521,1.22E+00,8.12E+01,4.13E+01,9.52E+01
1942,53.3151,-131.271,1.61E+00,8.52E+01,4.38E+01,9.66E+01
1943,59.9837,-137.518,1.19E+00,8.50E+01,3.93E+01,9.96E+01
1944,59.9874,-143.768,8.05E-01,7.89E+01,3.41E+01,1.00E+02
1945,59.9794,-131.267,1.58E+00,8.91E+01,4.19E+01,1.01E+02
1946,39.9894,-137.525,1.25E+00,7.41E+01,4.54E+01,8.69E+01
1947,46.6542,-137.523,1.24E+00,7.75E+01,4.33E+01,9.10E+01
1948,39.9917,-143.773,8.43E-01,6.79E+01,4.02E+01,8.87E+01
1949,46.657,-143.771,8.32E-01,7.13E+01,3.81E+01,9.25E+01
1950,39.9865,-131.277,1.67E+00,7.81E+01,4.79E+01,8.76E+01
1951,46.6508,-131.274,1.64E+00,8.15E+01,4.58E+01,9.20E+01
1952,19.9957,-143.775,8.64E-01,5.88E+01,4.67E+01,7.79E+01
1953,19.9947,-137.529,1.29E+00,6.53E+01,5.21E+01,7.52E+01
1954,19.9932,-131.283,1.72E+00,6.93E+01,5.45E+01,7.51E+01
1955,26.6596,-137.528,1.28E+00,6.80E+01,4.98E+01,7.90E+01
1956,26.661,-143.775,8.59E-01,6.16E+01,4.45E+01,8.14E+01
1957,26.6577,-131.281,1.71E+00,7.20E+01,5.23E+01,7.92E+01
1958,6.66471,-137.531,1.30E+00,6.04E+01,5.68E+01,6.77E+01
1959,13.3297,-137.53,1.29E+00,6.28E+01,5.44E+01,7.14E+01
1960,6.66486,-143.776,8.70E-01,5.37E+01,5.14E+01,7.09E+01
1961,13.3303,-143.776,8.68E-01,5.62E+01,4.90E+01,7.44E+01
1962,6.66409,-131.284,1.74E+00,6.45E+01,5.93E+01,6.71E+01
1963,13.3286,-131.284,1.73E+00,6.68E+01,5.69E+01,7.11E+01
1964,-59.9882,-143.768,7.97E-01,3.56E+01,8.30E+01,3.54E+01
1965,-59.9839,-137.518,1.18E+00,4.39E+01,8.89E+01,3.03E+01
1966,-59.9799,-131.267,1.56E+00,4.93E+01,9.21E+01,2.81E+01
1967,-26.6621,-143.775,8.55E-01,4.32E+01,6.51E+01,5.37E+01
1968,-26.6601,-137.528,1.27E+00,5.07E+01,7.07E+01,4.93E+01
1969,-26.6586,-131.281,1.70E+00,5.54E+01,7.34E+01,4.77E+01
1970,-13.3313,-143.776,8.66E-01,4.71E+01,5.92E+01,6.06E+01
1971,-13.3302,-137.53,1.29E+00,5.42E+01,6.47E+01,5.67E+01
1972,-13.3296,-131.284,1.73E+00,5.87E+01,6.73E+01,5.55E+01
1973,-6.66524,-137.531,1.30E+00,5.61E+01,6.20E+01,6.03E+01
1974,-6.66593,-143.776,8.69E-01,4.91E+01,5.65E+01,6.40E+01
1975,-6.66502,-131.284,1.73E+00,6.05E+01,6.45E+01,5.93E+01
1976,-19.9952,-137.529,1.28E+00,5.24E+01,6.76E+01,5.30E+01
1977,-19.9967,-143.776,8.61E-01,4.51E+01,6.21E+01,5.71E+01
1978,-19.9941,-131.283,1.72E+00,5.70E+01,7.02E+01,5.16E+01
1979,-39.9927,-143.773,8.37E-01,3.98E+01,7.17E+01,4.66E+01
1980,-39.9898,-137.525,1.24E+00,4.76E+01,7.73E+01,4.19E+01
1981,-39.9873,-131.277,1.66E+00,5.27E+01,8.02E+01,4.00E+01
1982,-33.3251,-137.527,1.26E+00,4.91E+01,7.39E+01,4.56E+01
1983,-33.3274,-143.774,8.46E-01,4.15E+01,6.83E+01,5.02E+01
1984,-33.323,-131.279,1.68E+00,5.40E+01,7.67E+01,4.39E+01
1985,-53.3194,-137.521,1.20E+00,4.50E+01,8.48E+01,3.43E+01
1986,-46.6545,-137.523,1.23E+00,4.62E+01,8.10E+01,3.81E+01
1987,-53.3231,-143.77,8.12E-01,3.69E+01,7.90E+01,3.93E+01
1988,-46.6579,-143.771,8.25E-01,3.83E+01,7.52E+01,4.30E+01
1989,-53.3157,-131.27,1.60E+00,5.03E+01,8.80E+01,3.21E+01
1990,-46.6516,-131.274,1.63E+00,5.14E+01,8.40E+01,3.60E+01
1991,-93.2342,-143.764,6.87E-01,3.22E+01,1.05E+02,1.60E+01
1992,-93.2076,-137.501,9.97E-01,4.09E+01,1.11E+02,1.27E+01
1993,-93.2219,-131.236,1.30E+00,4.63E+01,1.15E+02,1.21E+01
1994,-73.3183,-143.764,7.61E-01,3.36E+01,9.14E+01,2.75E+01
1995,-73.3131,-137.512,1.12E+00,4.22E+01,9.72E+01,2.23E+01
1996,-73.3081,-131.258,1.48E+00,4.78E+01,1.01E+02,2.02E+01
1997,-66.6485,-137.515,1.15E+00,4.29E+01,9.30E+01,2.64E+01
1998,-66.6533,-143.766,7.80E-01,3.45E+01,8.72E+01,3.15E+01
1999,-66.6439,-131.263,1.52E+00,4.85E+01,9.65E+01,2.41E+01
2000,-86.6126,-137.504,1.04E+00,4.11E+01,1.07E+02,1.50E+01
2001,-79.9778,-137.508,1.08E+00,4.15E+01,1.02E+02,1.84E+01
2002,-86.6286,-143.762,7.15E-01,3.25E+01,1.00E+02,1.93E+01
2003,-79.9834,-143.761,7.40E-01,3.29E+01,9.56E+01,2.33E+01
2004,-86.617,-131.246,1.37E+00,4.67E+01,1.11E+02,1.36E+01
2005,-79.9725,-131.254,1.43E+00,4.72E+01,1.06E+02,1.65E+01
2006,-106.149,-143.741,6.18E-01,3.16E+01,1.12E+02,1.27E+01
2007,-106.122,-137.493,8.87E-01,4.08E+01,1.17E+02,1.29E+01
2008,-106.137,-131.244,1.15E+00,4.60E+01,1.20E+02,1.38E+01
2009,-99.7021,-137.497,9.46E-01,4.08E+01,1.14E+02,1.19E+01
2010,-99.7321,-143.753,6.55E-01,3.19E+01,1.09E+02,1.36E+01
2011,-99.7197,-131.239,1.23E+00,4.61E+01,1.18E+02,1.22E+01
2012,-118.722,-137.486,7.45E-01,4.10E+01,1.18E+02,1.96E+01
2013,-112.442,-137.489,8.21E-01,4.08E+01,1.18E+02,1.58E+01
2014,-118.728,-143.744,5.25E-01,3.26E+01,1.14E+02,1.66E+01
2015,-112.458,-143.744,5.75E-01,3.18E+01,1.14E+02,1.38E+01
2016,-118.718,-131.228,9.52E-01,4.56E+01,1.19E+02,1.99E+01
2017,-112.447,-131.234,1.06E+00,4.59E+01,1.20E+02,1.66E+01
2018,124.972,131.226,8.35E-01,4.39E+01,1.16E+02,2.29E+01
2019,124.975,137.483,6.57E-01,4.00E+01,1.15E+02,2.33E+01
2020,124.979,143.74,4.66E-01,3.18E+01,1.13E+02,2.01E+01
2021,124.984,149.996,2.77E-01,6.30E+01,6.34E+01,8.02E+01
2022,118.734,149.999,3.09E-01,6.18E+01,6.45E+01,7.94E+01
2023,112.484,150.001,3.36E-01,5.97E+01,6.48E+01,7.84E+01
2024,106.235,150.003,3.58E-01,5.76E+01,6.41E+01,7.81E+01
2025,99.985,150.005,3.77E-01,5.59E+01,6.28E+01,7.84E+01
2026,93.3186,150.007,3.94E-01,5.35E+01,6.13E+01,7.84E+01
2027,86.6527,150.009,4.07E-01,5.07E+01,5.99E+01,7.91E+01
2028,79.9872,150.011,4.18E-01,4.79E+01,5.86E+01,8.04E+01
2029,73.3216,150.012,4.28E-01,4.52E+01,5.74E+01,8.12E+01
2030,66.656,150.014,4.37E-01,4.28E+01,5.60E+01,8.17E+01
2031,59.9904,150.015,4.44E-01,4.06E+01,5.46E+01,8.21E+01
2032,53.3247,150.016,4.51E-01,3.87E+01,5.34E+01,8.24E+01
2033,46.659,150.017,4.56E-01,3.70E+01,5.23E+01,8.27E+01
2034,39.9933,150.018,4.61E-01,3.55E+01,5.14E+01,8.30E+01
2035,33.3275,150.019,4.65E-01,3.42E+01,5.05E+01,8.32E+01
2036,26.6618,150.019,4.68E-01,3.30E+01,4.98E+01,8.34E+01
2037,19.996,150.02,4.70E-01,3.21E+01,4.92E+01,8.36E+01
2038,13.3302,150.02,4.72E-01,3.13E+01,4.87E+01,8.38E+01
2039,6.66437,150.02,4.72E-01,3.07E+01,4.84E+01,8.39E+01
2040,-0.00144541,150.02,4.72E-01,3.03E+01,4.81E+01,8.41E+01
2041,-6.66726,150.02,4.71E-01,3.00E+01,4.79E+01,8.41E+01
2042,-13.333,150.02,4.69E-01,2.99E+01,4.79E+01,8.42E+01
2043,-19.9989,150.02,4.66E-01,3.00E+01,4.79E+01,8.42E+01
2044,-26.6647,150.02,4.62E-01,3.02E+01,4.80E+01,8.42E+01
2045,-33.3304,150.019,4.58E-01,3.07E+01,4.83E+01,8.42E+01
2046,-39.9962,150.019,4.53E-01,3.13E+01,4.86E+01,8.41E+01
2047,-46.662,150.018,4.47E-01,3.23E+01,4.91E+01,8.41E+01
2048,-53.3276,150.017,4.40E-01,3.37E+01,4.97E+01,8.40E+01
2049,-59.9934,150.016,4.33E-01,3.56E+01,5.04E+01,8.39E+01
2050,-66.659,150.015,4.25E-01,3.80E+01,5.13E+01,8.38E+01
2051,-73.3246,150.014,4.15E-01,4.06E+01,5.22E+01,8.36E+01
2052,-79.9903,150.013,4.05E-01,4.33E+01,5.33E+01,8.34E+01
2053,-86.6559,150.011,3.93E-01,4.62E+01,5.44E+01,8.30E+01
2054,-93.3215,150.01,3.80E-01,4.91E+01,5.55E+01,8.24E+01
2055,-99.9874,150.009,3.65E-01,5.16E+01,5.67E+01,8.17E+01
2056,-106.237,150.007,3.49E-01,5.33E+01,5.77E+01,8.09E+01
2057,-112.486,150.005,3.30E-01,5.45E+01,5.87E+01,7.94E+01
2058,-118.736,150.004,3.09E-01,5.49E+01,5.94E+01,7.70E+01
2059,-124.986,150.002,2.83E-01,5.43E+01,5.94E+01,7.38E+01
2060,-124.98,143.745,5.08E-01,1.02E+02,2.18E+01,1.25E+02
2061,-124.976,137.487,7.18E-01,1.03E+02,2.60E+01,1.24E+02
2062,-124.974,131.23,9.06E-01,1.04E+02,2.80E+01,1.24E+02
2063,-0.000718531,143.776,8.69E-01,4.61E+01,5.71E+01,6.85E+01
2064,-0.00132732,137.531,1.30E+00,5.49E+01,6.20E+01,6.34E+01
2065,-0.00177442,131.284,1.74E+00,5.97E+01,6.44E+01,6.23E+01
2066,66.6519,143.765,7.87E-01,3.16E+01,9.22E+01,3.15E+01
2067,66.6467,137.513,1.16E+00,4.14E+01,9.75E+01,2.53E+01
2068,66.6415,131.261,1.53E+00,4.74E+01,1.01E+02,2.31E+01
2069,99.7723,143.752,6.60E-01,3.00E+01,1.13E+02,1.36E+01
2070,99.7658,137.495,9.50E-01,3.97E+01,1.18E+02,1.20E+01
2071,99.7598,131.238,1.23E+00,4.53E+01,1.21E+02,1.24E+01
2072,106.137,137.492,8.90E-01,3.97E+01,1.19E+02,1.34E+01
2073,112.472,137.488,8.22E-01,3.97E+01,1.20E+02,1.64E+01
2074,118.723,137.485,7.46E-01,3.98E+01,1.18E+02,2.00E+01
2075,112.478,143.745,5.77E-01,3.02E+01,1.16E+02,1.41E+01
2076,106.157,143.741,6.22E-01,2.99E+01,1.15E+02,1.29E+01
2077,118.728,143.743,5.26E-01,3.11E+01,1.15E+02,1.68E+01
2078,112.467,131.231,1.06E+00,4.49E+01,1.22E+02,1.69E+01
2079,106.145,131.241,1.15E+00,4.51E+01,1.22E+02,1.42E+01
2080,118.719,131.228,9.52E-01,4.46E+01,1.20E+02,2.00E+01
2081,86.6473,143.757,7.22E-01,3.03E+01,1.05E+02,1.90E+01
2082,86.6412,137.503,1.05E+00,3.99E+01,1.11E+02,1.42E+01
2083,86.6351,131.247,1.37E+00,4.58E+01,1.15E+02,1.32E+01
2084,93.2215,137.499,1.00E+00,3.98E+01,1.15E+02,1.23E+01
2085,93.2421,143.761,6.93E-01,3.02E+01,1.10E+02,1.58E+01
2086,93.2294,131.236,1.31E+00,4.55E+01,1.19E+02,1.20E+01
2087,73.3113,137.51,1.13E+00,4.08E+01,1.02E+02,2.13E+01
2088,79.9761,137.506,1.09E+00,4.03E+01,1.06E+02,1.74E+01
2089,73.317,143.762,7.68E-01,3.09E+01,9.64E+01,2.73E+01
2090,79.982,143.76,7.47E-01,3.05E+01,1.01E+02,2.30E+01
2091,73.3058,131.256,1.48E+00,4.67E+01,1.06E+02,1.93E+01
2092,79.9703,131.252,1.43E+00,4.62E+01,1.11E+02,1.58E+01
2093,33.326,143.773,8.50E-01,3.73E+01,7.24E+01,5.10E+01
2094,33.3232,137.526,1.26E+00,4.67E+01,7.74E+01,4.50E+01
2095,33.3205,131.278,1.69E+00,5.21E+01,8.02E+01,4.30E+01
2096,53.3217,143.769,8.18E-01,3.34E+01,8.37E+01,3.96E+01
2097,53.3174,137.519,1.21E+00,4.31E+01,8.90E+01,3.33E+01
2098,53.3132,131.269,1.61E+00,4.89E+01,9.22E+01,3.11E+01
2099,59.9821,137.517,1.19E+00,4.22E+01,9.32E+01,2.93E+01
2100,59.9868,143.767,8.04E-01,3.24E+01,8.79E+01,3.56E+01
2101,59.9773,131.265,1.57E+00,4.81E+01,9.66E+01,2.71E+01
2102,39.988,137.524,1.25E+00,4.54E+01,8.11E+01,4.12E+01
2103,46.6527,137.522,1.23E+00,4.42E+01,8.49E+01,3.73E+01
2104,39.9913,143.772,8.41E-01,3.59E+01,7.60E+01,4.73E+01
2105,46.6565,143.77,8.31E-01,3.46E+01,7.98E+01,4.35E+01
2106,39.9848,131.275,1.66E+00,5.09E+01,8.40E+01,3.91E+01
2107,46.649,131.272,1.64E+00,4.99E+01,8.80E+01,3.51E+01
2108,19.9954,143.775,8.63E-01,4.04E+01,6.59E+01,5.82E+01
2109,19.9935,137.529,1.29E+00,4.96E+01,7.08E+01,5.25E+01
2110,19.9917,131.282,1.72E+00,5.48E+01,7.33E+01,5.08E+01
2111,26.6584,137.528,1.28E+00,4.81E+01,7.40E+01,4.87E+01
2112,26.6607,143.774,8.57E-01,3.88E+01,6.91E+01,5.46E+01
2113,26.6562,131.28,1.71E+00,5.34E+01,7.66E+01,4.69E+01
2114,6.66364,137.53,1.30E+00,5.30E+01,6.48E+01,5.98E+01
2115,13.3286,137.53,1.29E+00,5.12E+01,6.77E+01,5.61E+01
2116,6.66467,143.776,8.68E-01,4.40E+01,5.99E+01,6.51E+01
2117,13.33,143.776,8.66E-01,4.22E+01,6.28E+01,6.17E+01
2118,6.66276,131.284,1.74E+00,5.80E+01,6.72E+01,5.85E+01
2119,13.3273,131.283,1.73E+00,5.63E+01,7.02E+01,5.47E+01
2120,-59.9888,143.769,7.97E-01,7.25E+01,3.61E+01,9.96E+01
2121,-59.9854,137.519,1.18E+00,8.04E+01,4.08E+01,9.70E+01
2122,-59.9817,131.269,1.57E+00,8.49E+01,4.33E+01,9.81E+01
2123,-26.6623,143.775,8.53E-01,5.57E+01,4.71E+01,8.20E+01
2124,-26.6612,137.529,1.27E+00,6.41E+01,5.18E+01,7.79E+01
2125,-26.6599,131.282,1.70E+00,6.86E+01,5.42E+01,7.77E+01
2126,-13.3315,143.776,8.64E-01,5.05E+01,5.19E+01,7.53E+01
2127,-13.3312,137.53,1.29E+00,5.91E+01,5.67E+01,7.06E+01
2128,-13.3308,131.284,1.73E+00,6.38E+01,5.91E+01,7.00E+01
2129,-6.66628,137.531,1.30E+00,5.69E+01,5.93E+01,6.70E+01
2130,-6.6661,143.776,8.67E-01,4.82E+01,5.45E+01,7.19E+01
2131,-6.66631,131.284,1.74E+00,6.17E+01,6.17E+01,6.61E+01
2132,-19.9962,137.53,1.28E+00,6.15E+01,5.42E+01,7.43E+01
2133,-19.9969,143.776,8.60E-01,5.30E+01,4.95E+01,7.87E+01
2134,-19.9954,131.283,1.72E+00,6.61E+01,5.66E+01,7.38E+01
2135,-39.993,143.773,8.36E-01,6.17E+01,4.25E+01,8.89E+01
2136,-39.991,137.526,1.25E+00,6.99E+01,4.72E+01,8.53E+01
2137,-39.9888,131.278,1.66E+00,7.44E+01,4.97E+01,8.56E+01
2138,-33.3262,137.527,1.26E+00,6.69E+01,4.95E+01,8.16E+01
2139,-33.3277,143.774,8.45E-01,5.86E+01,4.47E+01,8.54E+01
2140,-33.3244,131.28,1.69E+00,7.14E+01,5.19E+01,8.16E+01
2141,-53.3207,137.522,1.21E+00,7.67E+01,4.29E+01,9.30E+01
2142,-46.6558,137.524,1.23E+00,7.32E+01,4.50E+01,8.91E+01
2143,-53.3235,143.77,8.12E-01,6.87E+01,3.82E+01,9.59E+01
2144,-46.6583,143.772,8.25E-01,6.51E+01,4.03E+01,9.24E+01
2145,-53.3174,131.272,1.61E+00,8.12E+01,4.54E+01,9.38E+01
2146,-46.6532,131.275,1.64E+00,7.77E+01,4.75E+01,8.97E+01
2147,-93.2351,143.766,6.94E-01,9.37E+01,2.70E+01,1.18E+02
2148,-93.2094,137.504,1.02E+00,1.00E+02,3.16E+01,1.17E+02
2149,-93.2244,131.24,1.33E+00,1.04E+02,3.43E+01,1.19E+02
2150,-73.3192,143.765,7.63E-01,8.07E+01,3.22E+01,1.07E+02
2151,-73.3148,137.514,1.13E+00,8.84E+01,3.69E+01,1.05E+02
2152,-73.3103,131.261,1.49E+00,9.30E+01,3.94E+01,1.07E+02
2153,-66.65,137.517,1.16E+00,8.43E+01,3.88E+01,1.01E+02
2154,-66.6539,143.767,7.81E-01,7.65E+01,3.41E+01,1.03E+02
2155,-66.6459,131.265,1.54E+00,8.89E+01,4.14E+01,1.03E+02
2156,-86.6144,137.507,1.06E+00,9.67E+01,3.32E+01,1.14E+02
2157,-79.9796,137.511,1.10E+00,9.26E+01,3.50E+01,1.09E+02
2158,-86.6296,143.763,7.19E-01,8.94E+01,2.85E+01,1.15E+02
2159,-79.9844,143.763,7.42E-01,8.50E+01,3.03E+01,1.11E+02
2160,-86.6193,131.25,1.39E+00,1.01E+02,3.59E+01,1.16E+02
2161,-79.9747,131.257,1.45E+00,9.71E+01,3.76E+01,1.11E+02
2162,-106.15,143.744,6.35E-01,1.00E+02,2.42E+01,1.24E+02
2163,-106.124,137.497,9.21E-01,1.06E+02,2.89E+01,1.23E+02
2164,-106.139,131.248,1.19E+00,1.09E+02,3.15E+01,1.25E+02
2165,-99.704,137.5,9.72E-01,1.04E+02,3.02E+01,1.21E+02
2166,-99.7331,143.756,6.66E-01,9.74E+01,2.56E+01,1.22E+02
2167,-99.7223,131.243,1.27E+00,1.07E+02,3.28E+01,1.23E+02
2168,-118.725,137.49,7.96E-01,1.06E+02,2.67E+01,1.25E+02
2169,-112.444,137.493,8.63E-01,1.07E+02,2.76E+01,1.24E+02
2170,-118.729,143.748,5.57E-01,1.03E+02,2.23E+01,1.26E+02
2171,-112.459,143.747,5.99E-01,1.02E+02,2.31E+01,1.26E+02
2172,-118.721,131.232,1.02E+00,1.07E+02,2.91E+01,1.25E+02
2173,-112.45,131.238,1.11E+00,1.09E+02,3.03E+01,1.26E+02
2174,-131.236,150,2.51E-01,5.26E+01,5.88E+01,7.01E+01
2175,-137.487,149.998,2.10E-01,5.01E+01,5.73E+01,6.67E+01
2176,-143.739,149.996,1.60E-01,4.51E+01,5.37E+01,6.66E+01
2177,-149.991,149.994,1.05E-01,5.33E+01,3.33E+01,9.67E+01
2178,-149.994,143.739,1.80E-01,7.76E+01,1.83E+01,1.28E+02
2179,-149.996,137.487,2.33E-01,8.60E+01,1.70E+01,1.32E+02
2180,-149.999,131.235,2.72E-01,9.09E+01,1.61E+01,1.36E+02
2181,-150.001,124.985,3.03E-01,9.30E+01,1.60E+01,1.38E+02
2182,-150.003,118.735,3.28E-01,9.30E+01,1.63E+01,1.39E+02
2183,-150.005,112.485,3.49E-01,9.13E+01,1.69E+01,1.38E+02
2184,-150.006,106.235,3.68E-01,8.85E+01,1.78E+01,1.37E+02
2185,-150.008,99.9863,3.84E-01,8.51E+01,1.87E+01,1.34E+02
2186,-150.01,93.3201,3.99E-01,8.09E+01,2.01E+01,1.31E+02
2187,-150.011,86.6542,4.11E-01,7.57E+01,2.19E+01,1.27E+02
2188,-150.013,79.9886,4.21E-01,7.09E+01,2.36E+01,1.24E+02
2189,-150.014,73.3231,4.30E-01,6.63E+01,2.53E+01,1.21E+02
2190,-150.015,66.6575,4.39E-01,6.17E+01,2.72E+01,1.17E+02
2191,-150.016,59.9918,4.46E-01,5.73E+01,2.91E+01,1.14E+02
2192,-150.017,53.3261,4.53E-01,5.31E+01,3.11E+01,1.10E+02
2193,-150.018,46.6604,4.59E-01,4.93E+01,3.32E+01,1.07E+02
2194,-150.019,39.9947,4.64E-01,4.57E+01,3.53E+01,1.04E+02
2195,-150.02,33.3289,4.68E-01,4.23E+01,3.75E+01,1.00E+02
2196,-150.02,26.6631,4.72E-01,3.92E+01,3.97E+01,9.72E+01
2197,-150.021,19.9973,4.74E-01,3.63E+01,4.20E+01,9.40E+01
2198,-150.021,13.3315,4.76E-01,3.36E+01,4.44E+01,9.08E+01
2199,-150.021,6.6657,4.77E-01,3.11E+01,4.69E+01,8.76E+01
2200,-150.021,-0.000117412,4.77E-01,2.88E+01,4.95E+01,8.44E+01
2201,-150.021,-6.66593,4.77E-01,2.66E+01,5.21E+01,8.11E+01
2202,-150.021,-13.3317,4.75E-01,2.46E+01,5.50E+01,7.78E+01
2203,-150.02,-19.9975,4.73E-01,2.28E+01,5.79E+01,7.45E+01
2204,-150.02,-26.6633,4.70E-01,2.11E+01,6.10E+01,7.10E+01
2205,-150.019,-33.329,4.66E-01,1.96E+01,6.43E+01,6.75E+01
2206,-150.019,-39.9948,4.61E-01,1.83E+01,6.78E+01,6.39E+01
2207,-150.018,-46.6605,4.55E-01,1.73E+01,7.15E+01,6.02E+01
2208,-150.017,-53.3261,4.48E-01,1.65E+01,7.55E+01,5.64E+01
2209,-150.016,-59.9918,4.41E-01,1.60E+01,7.97E+01,5.23E+01
2210,-150.014,-66.6574,4.32E-01,1.57E+01,8.41E+01,4.82E+01
2211,-150.013,-73.323,4.22E-01,1.56E+01,8.87E+01,4.38E+01
2212,-150.011,-79.9886,4.10E-01,1.56E+01,9.34E+01,3.92E+01
2213,-150.01,-86.6541,3.97E-01,1.57E+01,9.79E+01,3.45E+01
2214,-150.008,-93.3196,3.81E-01,1.59E+01,1.02E+02,2.93E+01
2215,-150.006,-99.9856,3.63E-01,1.63E+01,1.07E+02,2.41E+01
2216,-150.004,-106.235,3.43E-01,1.64E+01,1.10E+02,2.06E+01
2217,-150.002,-112.484,3.21E-01,1.68E+01,1.13E+02,1.81E+01
2218,-149.999,-118.734,2.94E-01,1.80E+01,1.14E+02,1.60E+01
2219,-149.997,-124.984,2.62E-01,1.96E+01,1.14E+02,1.59E+01
2220,-149.995,-131.235,2.24E-01,2.13E+01,1.12E+02,1.76E+01
2221,-149.992,-137.486,1.78E-01,2.22E+01,1.07E+02,1.95E+01
2222,-149.991,-143.737,1.28E-01,1.97E+01,9.98E+01,1.86E+01
2223,-149.991,-149.989,8.14E-02,3.54E+01,7.32E+01,4.19E+01
2224,-143.738,-149.989,1.45E-01,6.00E+01,5.66E+01,7.39E+01
2225,-137.486,-149.992,1.98E-01,6.28E+01,5.91E+01,7.86E+01
2226,-131.235,-149.994,2.41E-01,6.36E+01,6.12E+01,7.93E+01
2227,-143.776,0.000180667,8.75E-01,4.72E+01,5.63E+01,6.94E+01
2228,-137.531,0.000395258,1.30E+00,5.61E+01,6.03E+01,6.41E+01
2229,-131.285,0.000573505,1.75E+00,6.09E+01,6.31E+01,6.29E+01
2230,-143.762,79.9835,7.58E-01,8.69E+01,3.04E+01,1.14E+02
2231,-137.51,79.9784,1.11E+00,9.50E+01,3.43E+01,1.12E+02
2232,-131.256,79.9732,1.46E+00,9.99E+01,3.72E+01,1.15E+02
2233,-143.747,118.729,5.71E-01,1.03E+02,2.24E+01,1.30E+02
2234,-137.489,118.724,8.05E-01,1.07E+02,2.63E+01,1.27E+02
2235,-131.231,118.721,1.02E+00,1.08E+02,2.89E+01,1.27E+02
2236,-143.739,137.484,3.83E-01,9.01E+01,2.18E+01,1.23E+02
2237,-137.483,137.484,5.14E-01,9.40E+01,2.40E+01,1.20E+02
2238,-131.229,137.485,6.26E-01,9.91E+01,2.52E+01,1.21E+02
2239,-137.484,143.74,3.75E-01,9.31E+01,2.13E+01,1.20E+02
2240,-143.738,143.739,2.85E-01,8.40E+01,2.07E+01,1.21E+02
2241,-131.231,143.743,4.48E-01,9.90E+01,2.16E+01,1.23E+02
2242,-137.486,124.976,7.25E-01,1.03E+02,2.57E+01,1.25E+02
2243,-137.484,131.229,6.30E-01,9.84E+01,2.50E+01,1.23E+02
2244,-143.744,124.98,5.20E-01,1.01E+02,2.21E+01,1.29E+02
2245,-143.741,131.231,4.59E-01,9.66E+01,2.19E+01,1.27E+02
2246,-131.229,124.974,9.08E-01,1.04E+02,2.79E+01,1.24E+02
2247,-131.228,131.229,7.78E-01,1.01E+02,2.68E+01,1.22E+02
2248,-143.755,99.7735,6.82E-01,9.96E+01,2.55E+01,1.26E+02
2249,-137.499,99.7676,9.84E-01,1.06E+02,2.97E+01,1.24E+02
2250,-131.242,99.7622,1.28E+00,1.10E+02,3.25E+01,1.26E+02
2251,-137.496,106.138,9.32E-01,1.08E+02,2.84E+01,1.26E+02
2252,-137.492,112.473,8.73E-01,1.08E+02,2.72E+01,1.27E+02
2253,-143.745,106.158,6.50E-01,1.02E+02,2.41E+01,1.28E+02
2254,-143.749,112.479,6.13E-01,1.03E+02,2.31E+01,1.29E+02
2255,-131.245,106.147,1.20E+00,1.11E+02,3.12E+01,1.28E+02
2256,-131.234,112.469,1.12E+00,1.10E+02,3.00E+01,1.28E+02
2257,-137.506,86.6434,1.07E+00,9.94E+01,3.26E+01,1.17E+02
2258,-137.503,93.2235,1.03E+00,1.03E+02,3.11E+01,1.21E+02
2259,-143.76,86.6489,7.36E-01,9.15E+01,2.87E+01,1.18E+02
2260,-143.764,93.2434,7.10E-01,9.60E+01,2.72E+01,1.22E+02
2261,-131.251,86.6379,1.41E+00,1.04E+02,3.55E+01,1.19E+02
2262,-131.24,93.232,1.35E+00,1.07E+02,3.39E+01,1.23E+02
2263,-143.773,39.9924,8.47E-01,6.33E+01,4.21E+01,9.05E+01
2264,-137.526,39.99,1.26E+00,7.16E+01,4.61E+01,8.67E+01
2265,-131.277,39.9875,1.68E+00,7.60E+01,4.89E+01,8.70E+01
2266,-143.768,59.9881,8.11E-01,7.44E+01,3.59E+01,1.02E+02
2267,-137.519,59.9842,1.20E+00,8.24E+01,3.99E+01,9.91E+01
2268,-131.268,59.9802,1.59E+00,8.70E+01,4.27E+01,1.00E+02
2269,-137.516,66.6489,1.17E+00,8.64E+01,3.80E+01,1.03E+02
2270,-137.513,73.3136,1.14E+00,9.05E+01,3.61E+01,1.08E+02
2271,-143.767,66.6533,7.95E-01,7.85E+01,3.39E+01,1.06E+02
2272,-143.764,73.3184,7.78E-01,8.26E+01,3.21E+01,1.10E+02
2273,-131.264,66.6444,1.55E+00,9.10E+01,4.08E+01,1.05E+02
2274,-131.26,73.3087,1.51E+00,9.54E+01,3.90E+01,1.10E+02
2275,-137.524,46.6548,1.24E+00,7.50E+01,4.40E+01,9.07E+01
2276,-137.521,53.3195,1.22E+00,7.86E+01,4.19E+01,9.49E+01
2277,-143.772,46.6577,8.37E-01,6.67E+01,4.00E+01,9.42E+01
2278,-143.77,53.3229,8.25E-01,7.04E+01,3.79E+01,9.80E+01
2279,-131.275,46.6518,1.65E+00,7.94E+01,4.67E+01,9.13E+01
2280,-131.272,53.316,1.62E+00,8.31E+01,4.47E+01,9.57E+01
2281,-143.776,19.9964,8.69E-01,5.44E+01,4.88E+01,7.98E+01
2282,-137.53,19.9953,1.29E+00,6.29E+01,5.28E+01,7.52E+01
2283,-131.283,19.9942,1.73E+00,6.74E+01,5.56E+01,7.47E+01
2284,-137.529,26.6602,1.28E+00,6.55E+01,5.05E+01,7.90E+01
2285,-137.527,33.3252,1.27E+00,6.84E+01,4.83E+01,8.28E+01
2286,-143.775,26.6617,8.64E-01,5.71E+01,4.65E+01,8.33E+01
2287,-143.774,33.3271,8.56E-01,6.01E+01,4.43E+01,8.69E+01
2288,-131.282,26.6587,1.72E+00,7.01E+01,5.33E+01,7.87E+01
2289,-131.28,33.3231,1.70E+00,7.29E+01,5.10E+01,8.28E+01
2290,-137.531,6.66538,1.30E+00,5.82E+01,5.77E+01,6.78E+01
2291,-137.531,13.3304,1.30E+00,6.04E+01,5.52E+01,7.15E+01
2292,-143.776,6.66558,8.75E-01,4.94E+01,5.37E+01,7.29E+01
2293,-143.776,13.331,8.73E-01,5.18E+01,5.12E+01,7.63E+01
2294,-131.285,6.66513,1.74E+00,6.29E+01,6.05E+01,6.68E+01
2295,-131.284,13.3297,1.74E+00,6.51E+01,5.80E+01,7.07E+01
2296,-143.763,-73.3175,7.63E-01,3.18E+01,9.59E+01,2.84E+01
2297,-137.511,-73.3121,1.12E+00,4.14E+01,1.01E+02,2.23E+01
2298,-131.257,-73.3065,1.48E+00,4.72E+01,1.05E+02,1.99E+01
2299,-143.773,-33.3266,8.52E-01,3.83E+01,7.13E+01,5.18E+01
2300,-137.527,-33.3242,1.27E+00,4.76E+01,7.55E+01,4.57E+01
2301,-131.279,-33.3217,1.69E+00,5.30E+01,7.86E+01,4.36E+01
2302,-143.776,-13.3306,8.71E-01,4.33E+01,6.18E+01,6.25E+01
2303,-137.53,-13.3295,1.30E+00,5.23E+01,6.59E+01,5.68E+01
2304,-131.284,-13.3285,1.74E+00,5.73E+01,6.88E+01,5.52E+01
2305,-137.531,-6.66455,1.30E+00,5.41E+01,6.31E+01,6.05E+01
2306,-143.776,-6.6652,8.74E-01,4.52E+01,5.90E+01,6.60E+01
2307,-131.285,-6.66395,1.74E+00,5.90E+01,6.59E+01,5.91E+01
2308,-137.528,-26.6593,1.28E+00,4.90E+01,7.21E+01,4.94E+01
2309,-137.529,-19.9945,1.29E+00,5.06E+01,6.89E+01,5.31E+01
2310,-143.774,-26.6612,8.60E-01,3.98E+01,6.80E+01,5.55E+01
2311,-143.775,-19.996,8.66E-01,4.15E+01,6.48E+01,5.90E+01
2312,-131.281,-26.6573,1.71E+00,5.43E+01,7.51E+01,4.75E+01
2313,-131.283,-19.993,1.72E+00,5.58E+01,7.18E+01,5.14E+01
2314,-143.769,-53.3222,8.17E-01,3.44E+01,8.26E+01,4.06E+01
2315,-137.52,-53.3183,1.21E+00,4.39E+01,8.72E+01,3.42E+01
2316,-131.27,-53.3143,1.61E+00,4.96E+01,9.07E+01,3.17E+01
2317,-137.523,-46.6536,1.23E+00,4.50E+01,8.30E+01,3.81E+01
2318,-137.525,-39.989,1.25E+00,4.63E+01,7.92E+01,4.19E+01
2319,-143.771,-46.657,8.30E-01,3.55E+01,7.86E+01,4.44E+01
2320,-143.772,-39.9919,8.42E-01,3.68E+01,7.48E+01,4.82E+01
2321,-131.273,-46.6501,1.64E+00,5.06E+01,8.64E+01,3.57E+01
2322,-131.276,-39.986,1.67E+00,5.17E+01,8.24E+01,3.97E+01
2323,-137.514,-66.6475,1.15E+00,4.21E+01,9.61E+01,2.62E+01
2324,-137.517,-59.983,1.18E+00,4.29E+01,9.15E+01,3.02E+01
2325,-143.765,-66.6524,7.84E-01,3.25E+01,9.13E+01,3.25E+01
2326,-143.767,-59.9874,8.01E-01,3.33E+01,8.68E+01,3.66E+01
2327,-131.261,-66.6424,1.53E+00,4.79E+01,9.99E+01,2.38E+01
2328,-131.266,-59.9784,1.57E+00,4.87E+01,9.52E+01,2.78E+01
2329,-143.74,-112.446,5.70E-01,3.18E+01,1.18E+02,1.39E+01
2330,-137.488,-112.419,8.18E-01,4.07E+01,1.21E+02,1.62E+01
2331,-131.235,-112.435,1.05E+00,4.56E+01,1.23E+02,1.69E+01
2332,-143.765,-93.2168,6.84E-01,3.07E+01,1.10E+02,1.65E+01
2333,-137.499,-93.1814,9.96E-01,4.02E+01,1.15E+02,1.28E+01
2334,-131.232,-93.204,1.30E+00,4.59E+01,1.19E+02,1.22E+01
2335,-137.503,-86.6013,1.04E+00,4.04E+01,1.10E+02,1.51E+01
2336,-137.507,-79.9767,1.09E+00,4.09E+01,1.05E+02,1.85E+01
2337,-143.761,-86.621,7.14E-01,3.08E+01,1.05E+02,2.01E+01
2338,-143.76,-79.9826,7.40E-01,3.12E+01,1.00E+02,2.42E+01
2339,-131.243,-86.6087,1.37E+00,4.63E+01,1.15E+02,1.37E+01
2340,-131.252,-79.9709,1.43E+00,4.67E+01,1.10E+02,1.64E+01
2341,-137.492,-106.073,8.85E-01,4.05E+01,1.20E+02,1.33E+01
2342,-137.495,-99.6695,9.44E-01,4.02E+01,1.18E+02,1.21E+01
2343,-143.74,-106.118,6.13E-01,3.14E+01,1.17E+02,1.28E+01
2344,-143.753,-99.7114,6.51E-01,3.11E+01,1.14E+02,1.40E+01
2345,-131.242,-106.106,1.15E+00,4.57E+01,1.23E+02,1.42E+01
2346,-131.237,-99.6986,1.23E+00,4.57E+01,1.21E+02,1.25E+01
2347,-143.738,-131.23,3.92E-01,3.47E+01,1.13E+02,2.44E+01
2348,-137.481,-131.226,5.55E-01,4.12E+01,1.13E+02,2.65E+01
2349,-131.225,-131.225,7.04E-01,4.39E+01,1.14E+02,2.56E+01
2350,-137.482,-124.974,6.55E-01,4.13E+01,1.17E+02,2.36E+01
2351,-137.485,-118.702,7.42E-01,4.09E+01,1.20E+02,2.00E+01
2352,-143.74,-124.978,4.61E-01,3.40E+01,1.17E+02,2.06E+01
2353,-143.741,-118.715,5.19E-01,3.28E+01,1.18E+02,1.68E+01
2354,-131.225,-124.971,8.35E-01,4.49E+01,1.18E+02,2.33E+01
2355,-131.229,-118.705,9.51E-01,4.54E+01,1.21E+02,2.02E+01
2356,-137.482,-143.736,3.19E-01,3.32E+01,1.05E+02,2.62E+01
2357,-137.48,-137.48,4.42E-01,3.93E+01,1.08E+02,2.81E+01
2358,-143.735,-143.735,2.27E-01,2.95E+01,1.00E+02,2.52E+01
2359,-143.736,-137.482,3.13E-01,3.40E+01,1.07E+02,2.67E+01
2360,-131.23,-143.738,3.99E-01,3.39E+01,1.10E+02,2.39E+01
2361,-131.226,-137.481,5.57E-01,4.10E+01,1.12E+02,2.64E+01
2362,131.235,149.994,2.39E-01,6.27E+01,6.14E+01,8.02E+01
2363,137.486,149.991,1.93E-01,6.04E+01,5.81E+01,7.82E+01
2364,143.738,149.989,1.42E-01,5.49E+01,5.37E+01,7.28E+01
2365,149.99,149.99,9.24E-02,6.58E+01,3.18E+01,9.23E+01
2366,149.99,143.738,1.44E-01,5.40E+01,5.33E+01,7.22E+01
2367,149.992,137.486,1.96E-01,5.90E+01,5.71E+01,7.71E+01
2368,149.994,131.235,2.41E-01,6.09E+01,5.99E+01,7.87E+01
2369,149.997,124.985,2.79E-01,6.09E+01,6.15E+01,7.85E+01
2370,149.999,118.734,3.10E-01,5.98E+01,6.21E+01,7.76E+01
2371,150.002,112.484,3.36E-01,5.79E+01,6.20E+01,7.68E+01
2372,150.004,106.235,3.57E-01,5.58E+01,6.14E+01,7.66E+01
2373,150.006,99.9854,3.75E-01,5.34E+01,6.04E+01,7.70E+01
2374,150.008,93.3195,3.91E-01,5.08E+01,5.91E+01,7.78E+01
2375,150.009,86.6537,4.05E-01,4.83E+01,5.77E+01,7.85E+01
2376,150.011,79.988,4.17E-01,4.59E+01,5.63E+01,7.91E+01
2377,150.013,73.3223,4.28E-01,4.37E+01,5.49E+01,7.97E+01
2378,150.014,66.6566,4.37E-01,4.16E+01,5.36E+01,8.02E+01
2379,150.015,59.9909,4.45E-01,3.97E+01,5.24E+01,8.06E+01
2380,150.016,53.3252,4.52E-01,3.81E+01,5.14E+01,8.10E+01
2381,150.017,46.6595,4.58E-01,3.67E+01,5.05E+01,8.14E+01
2382,150.018,39.9938,4.63E-01,3.54E+01,4.97E+01,8.17E+01
2383,150.019,33.328,4.67E-01,3.43E+01,4.90E+01,8.21E+01
2384,150.019,26.6622,4.71E-01,3.34E+01,4.85E+01,8.24E+01
2385,150.02,19.9964,4.73E-01,3.27E+01,4.80E+01,8.27E+01
2386,150.02,13.3306,4.75E-01,3.21E+01,4.77E+01,8.29E+01
2387,150.02,6.66483,4.76E-01,3.17E+01,4.75E+01,8.31E+01
2388,150.02,-0.000979269,4.76E-01,3.15E+01,4.74E+01,8.34E+01
2389,150.02,-6.66679,4.75E-01,3.13E+01,4.74E+01,8.35E+01
2390,150.02,-13.3326,4.74E-01,3.14E+01,4.74E+01,8.37E+01
2391,150.02,-19.9984,4.71E-01,3.16E+01,4.76E+01,8.38E+01
2392,150.019,-26.6642,4.68E-01,3.20E+01,4.79E+01,8.39E+01
2393,150.019,-33.3299,4.64E-01,3.25E+01,4.83E+01,8.40E+01
2394,150.018,-39.9957,4.59E-01,3.33E+01,4.88E+01,8.40E+01
2395,150.018,-46.6615,4.54E-01,3.44E+01,4.94E+01,8.41E+01
2396,150.017,-53.3271,4.47E-01,3.58E+01,5.01E+01,8.41E+01
2397,150.016,-59.9928,4.40E-01,3.76E+01,5.10E+01,8.42E+01
2398,150.015,-66.6585,4.31E-01,3.98E+01,5.19E+01,8.41E+01
2399,150.014,-73.3241,4.22E-01,4.23E+01,5.30E+01,8.41E+01
2400,150.012,-79.9898,4.12E-01,4.49E+01,5.41E+01,8.39E+01
2401,150.011,-86.6555,4.00E-01,4.75E+01,5.53E+01,8.36E+01
2402,150.01,-93.3212,3.86E-01,4.99E+01,5.64E+01,8.30E+01
2403,150.008,-99.987,3.71E-01,5.20E+01,5.75E+01,8.22E+01
2404,150.007,-106.236,3.55E-01,5.36E+01,5.85E+01,8.09E+01
2405,150.005,-112.486,3.36E-01,5.46E+01,5.91E+01,7.90E+01
2406,150.003,-118.736,3.13E-01,5.47E+01,5.93E+01,7.65E+01
2407,150.002,-124.986,2.86E-01,5.36E+01,5.91E+01,7.31E+01
2408,150,-131.236,2.54E-01,5.15E+01,5.81E+01,6.90E+01
2409,149.998,-137.488,2.12E-01,4.92E+01,5.64E+01,6.55E+01
2410,149.996,-143.74,1.58E-01,4.86E+01,5.32E+01,6.60E+01
2411,149.994,-149.994,8.62E-02,3.28E+01,6.36E+01,4.31E+01
2412,143.74,-149.996,1.57E-01,4.91E+01,5.38E+01,6.58E+01
2413,137.488,-149.998,2.11E-01,5.00E+01,5.73E+01,6.56E+01
2414,131.236,-149.999,2.52E-01,5.22E+01,5.94E+01,6.97E+01
2415,143.776,-4.98E-05,8.71E-01,4.86E+01,5.57E+01,6.84E+01
2416,137.53,-0.000525693,1.30E+00,5.65E+01,6.07E+01,6.41E+01
2417,131.284,-0.000612179,1.73E+00,6.12E+01,6.32E+01,6.30E+01
2418,143.76,79.9831,7.43E-01,3.11E+01,9.79E+01,2.36E+01
2419,137.507,79.9774,1.08E+00,4.05E+01,1.04E+02,1.82E+01
2420,131.253,79.9719,1.42E+00,4.65E+01,1.07E+02,1.63E+01
2421,143.744,118.728,5.26E-01,3.12E+01,1.13E+02,1.63E+01
2422,137.486,118.723,7.44E-01,4.00E+01,1.16E+02,1.93E+01
2423,131.229,118.719,9.51E-01,4.47E+01,1.18E+02,1.96E+01
2424,143.737,137.483,3.16E-01,3.01E+01,1.02E+02,2.41E+01
2425,137.481,137.481,4.41E-01,3.69E+01,1.05E+02,2.69E+01
2426,131.227,137.481,5.56E-01,3.94E+01,1.10E+02,2.59E+01
2427,137.483,143.736,3.15E-01,3.02E+01,1.02E+02,2.40E+01
2428,143.736,143.736,2.27E-01,2.46E+01,9.60E+01,2.12E+01
2429,131.231,143.738,3.96E-01,3.18E+01,1.09E+02,2.30E+01
2430,137.484,124.975,6.57E-01,4.00E+01,1.14E+02,2.29E+01
2431,137.482,131.227,5.56E-01,3.93E+01,1.10E+02,2.58E+01
2432,143.741,124.979,4.67E-01,3.17E+01,1.11E+02,1.98E+01
2433,143.738,131.231,3.97E-01,3.17E+01,1.07E+02,2.29E+01
2434,131.227,124.972,8.34E-01,4.40E+01,1.15E+02,2.27E+01
2435,131.226,131.226,7.03E-01,4.26E+01,1.12E+02,2.51E+01
2436,143.752,99.773,6.56E-01,3.02E+01,1.09E+02,1.35E+01
2437,137.496,99.7667,9.45E-01,3.97E+01,1.14E+02,1.18E+01
2438,131.239,99.761,1.23E+00,4.55E+01,1.18E+02,1.20E+01
2439,137.493,106.137,8.86E-01,3.98E+01,1.16E+02,1.30E+01
2440,137.489,112.472,8.20E-01,3.99E+01,1.17E+02,1.58E+01
2441,143.742,106.158,6.19E-01,3.04E+01,1.12E+02,1.26E+01
2442,143.746,112.478,5.76E-01,3.07E+01,1.13E+02,1.36E+01
2443,131.242,106.146,1.14E+00,4.53E+01,1.19E+02,1.38E+01
2444,131.231,112.468,1.05E+00,4.51E+01,1.19E+02,1.65E+01
2445,137.504,86.6423,1.04E+00,4.01E+01,1.08E+02,1.49E+01
2446,137.5,93.2225,9.97E-01,3.98E+01,1.11E+02,1.25E+01
2447,143.758,86.6484,7.17E-01,3.05E+01,1.02E+02,1.96E+01
2448,143.762,93.2429,6.88E-01,3.03E+01,1.06E+02,1.61E+01
2449,131.248,86.6366,1.37E+00,4.60E+01,1.12E+02,1.35E+01
2450,131.237,93.2308,1.30E+00,4.57E+01,1.15E+02,1.19E+01
2451,143.772,39.992,8.41E-01,3.76E+01,7.39E+01,4.72E+01
2452,137.524,39.9889,1.25E+00,4.63E+01,7.91E+01,4.17E+01
2453,131.275,39.9862,1.66E+00,5.18E+01,8.20E+01,3.97E+01
2454,143.767,59.9876,8.02E-01,3.36E+01,8.52E+01,3.58E+01
2455,137.517,59.9832,1.18E+00,4.28E+01,9.07E+01,3.00E+01
2456,131.266,59.9789,1.56E+00,4.86E+01,9.41E+01,2.77E+01
2457,137.514,66.6479,1.15E+00,4.19E+01,9.49E+01,2.60E+01
2458,137.511,73.3126,1.12E+00,4.11E+01,9.92E+01,2.20E+01
2459,143.765,66.6528,7.85E-01,3.26E+01,8.94E+01,3.18E+01
2460,143.763,73.318,7.65E-01,3.18E+01,9.36E+01,2.77E+01
2461,131.262,66.6432,1.52E+00,4.77E+01,9.85E+01,2.37E+01
2462,131.257,73.3075,1.48E+00,4.70E+01,1.03E+02,1.99E+01
2463,137.522,46.6537,1.23E+00,4.50E+01,8.28E+01,3.79E+01
2464,137.52,53.3185,1.21E+00,4.38E+01,8.67E+01,3.40E+01
2465,143.771,46.6572,8.30E-01,3.61E+01,7.75E+01,4.35E+01
2466,143.769,53.3224,8.17E-01,3.48E+01,8.13E+01,3.97E+01
2467,131.273,46.6505,1.63E+00,5.06E+01,8.59E+01,3.57E+01
2468,131.269,53.3147,1.60E+00,4.95E+01,8.99E+01,3.17E+01
2469,143.775,19.9961,8.64E-01,4.26E+01,6.41E+01,5.80E+01
2470,137.529,19.9943,1.28E+00,5.09E+01,6.92E+01,5.30E+01
2471,131.282,19.993,1.72E+00,5.60E+01,7.18E+01,5.14E+01
2472,137.527,26.6592,1.27E+00,4.93E+01,7.24E+01,4.93E+01
2473,137.526,33.3241,1.26E+00,4.77E+01,7.57E+01,4.56E+01
2474,143.774,26.6614,8.58E-01,4.08E+01,6.72E+01,5.44E+01
2475,143.773,33.3267,8.50E-01,3.91E+01,7.05E+01,5.08E+01
2476,131.28,26.6574,1.70E+00,5.44E+01,7.50E+01,4.75E+01
2477,131.278,33.3218,1.68E+00,5.30E+01,7.84E+01,4.36E+01
2478,137.53,6.66444,1.30E+00,5.45E+01,6.34E+01,6.04E+01
2479,137.529,13.3294,1.29E+00,5.26E+01,6.63E+01,5.67E+01
2480,143.776,6.66534,8.71E-01,4.65E+01,5.84E+01,6.50E+01
2481,143.775,13.3307,8.68E-01,4.45E+01,6.12E+01,6.15E+01
2482,131.283,6.66393,1.73E+00,5.93E+01,6.59E+01,5.92E+01
2483,131.283,13.3285,1.73E+00,5.76E+01,6.88E+01,5.53E+01
2484,143.764,-73.3185,7.69E-01,8.35E+01,3.12E+01,1.08E+02
2485,137.513,-73.3141,1.13E+00,9.04E+01,3.60E+01,1.07E+02
2486,131.26,-73.3093,1.49E+00,9.49E+01,3.87E+01,1.09E+02
2487,143.774,-33.3269,8.50E-01,6.16E+01,4.35E+01,8.57E+01
2488,137.527,-33.3252,1.26E+00,6.90E+01,4.85E+01,8.26E+01
2489,131.279,-33.3231,1.69E+00,7.33E+01,5.10E+01,8.28E+01
2490,143.776,-13.3308,8.68E-01,5.33E+01,5.06E+01,7.53E+01
2491,137.53,-13.3304,1.29E+00,6.10E+01,5.56E+01,7.14E+01
2492,131.283,-13.3297,1.73E+00,6.55E+01,5.80E+01,7.08E+01
2493,137.53,-6.66547,1.30E+00,5.87E+01,5.81E+01,6.78E+01
2494,143.776,-6.66542,8.71E-01,5.09E+01,5.31E+01,7.18E+01
2495,131.284,-6.66515,1.73E+00,6.32E+01,6.06E+01,6.69E+01
2496,137.528,-26.6603,1.28E+00,6.61E+01,5.08E+01,7.89E+01
2497,137.529,-19.9954,1.29E+00,6.34E+01,5.32E+01,7.51E+01
2498,143.775,-26.6615,8.58E-01,5.87E+01,4.58E+01,8.22E+01
2499,143.775,-19.9962,8.64E-01,5.59E+01,4.82E+01,7.87E+01
2500,131.281,-26.6587,1.70E+00,7.05E+01,5.33E+01,7.87E+01
2501,131.282,-19.9942,1.72E+00,6.79E+01,5.56E+01,7.47E+01
2502,143.77,-53.3228,8.18E-01,7.17E+01,3.71E+01,9.65E+01
2503,137.521,-53.3197,1.21E+00,7.89E+01,4.20E+01,9.44E+01
2504,131.271,-53.3162,1.61E+00,8.32E+01,4.45E+01,9.54E+01
2505,137.523,-46.6549,1.23E+00,7.53E+01,4.41E+01,9.04E+01
2506,137.525,-39.9901,1.25E+00,7.20E+01,4.63E+01,8.65E+01
2507,143.771,-46.6575,8.30E-01,6.81E+01,3.92E+01,9.28E+01
2508,143.773,-39.9922,8.41E-01,6.48E+01,4.13E+01,8.92E+01
2509,131.274,-46.6519,1.64E+00,7.97E+01,4.66E+01,9.11E+01
2510,131.277,-39.9876,1.66E+00,7.64E+01,4.88E+01,8.69E+01
2511,137.516,-66.6493,1.16E+00,8.65E+01,3.79E+01,1.03E+02
2512,137.518,-59.9845,1.19E+00,8.26E+01,3.99E+01,9.85E+01
2513,143.766,-66.6532,7.87E-01,7.94E+01,3.31E+01,1.04E+02
2514,143.768,-59.9881,8.03E-01,7.55E+01,3.50E+01,1.00E+02
2515,131.264,-66.6449,1.54E+00,9.09E+01,4.05E+01,1.04E+02
2516,131.268,-59.9806,1.58E+00,8.70E+01,4.25E+01,9.98E+01
2517,143.745,-112.448,6.03E-01,1.03E+02,2.23E+01,1.25E+02
2518,137.493,-112.422,8.65E-01,1.06E+02,2.70E+01,1.24E+02
2519,131.241,-112.439,1.11E+00,1.08E+02,2.98E+01,1.25E+02
2520,143.768,-93.2183,6.99E-01,9.54E+01,2.61E+01,1.19E+02
2521,137.503,-93.184,1.02E+00,1.02E+02,3.09E+01,1.18E+02
2522,131.237,-93.2076,1.33E+00,1.06E+02,3.36E+01,1.21E+02
2523,137.506,-86.6038,1.06E+00,9.81E+01,3.25E+01,1.15E+02
2524,137.51,-79.979,1.10E+00,9.44E+01,3.42E+01,1.11E+02
2525,143.764,-86.6224,7.25E-01,9.16E+01,2.77E+01,1.15E+02
2526,143.762,-79.9838,7.48E-01,8.76E+01,2.94E+01,1.12E+02
2527,131.248,-86.6119,1.39E+00,1.02E+02,3.52E+01,1.17E+02
2528,131.256,-79.9739,1.45E+00,9.88E+01,3.69E+01,1.13E+02
2529,137.496,-106.076,9.23E-01,1.06E+02,2.81E+01,1.23E+02
2530,137.5,-99.6723,9.75E-01,1.04E+02,2.94E+01,1.21E+02
2531,143.744,-106.12,6.40E-01,1.01E+02,2.34E+01,1.24E+02
2532,143.756,-99.713,6.71E-01,9.86E+01,2.47E+01,1.22E+02
2533,131.248,-106.109,1.19E+00,1.09E+02,3.09E+01,1.25E+02
2534,131.242,-99.7024,1.27E+00,1.08E+02,3.22E+01,1.23E+02
2535,143.743,-131.232,4.50E-01,9.74E+01,2.11E+01,1.21E+02
2536,137.486,-131.23,6.25E-01,9.81E+01,2.48E+01,1.20E+02
2537,131.229,-131.229,7.76E-01,1.00E+02,2.64E+01,1.21E+02
2538,137.488,-124.977,7.19E-01,1.02E+02,2.54E+01,1.22E+02
2539,137.49,-118.705,7.98E-01,1.05E+02,2.61E+01,1.24E+02
2540,143.745,-124.98,5.10E-01,1.01E+02,2.11E+01,1.24E+02
2541,143.746,-118.716,5.60E-01,1.03E+02,2.16E+01,1.25E+02
2542,131.231,-124.975,9.04E-01,1.03E+02,2.77E+01,1.23E+02
2543,131.235,-118.709,1.01E+00,1.07E+02,2.87E+01,1.25E+02
2544,137.485,-143.74,3.74E-01,9.21E+01,2.13E+01,1.17E+02
2545,137.484,-137.484,5.12E-01,9.38E+01,2.38E+01,1.17E+02
2546,143.739,-143.739,2.79E-01,8.58E+01,2.09E+01,1.15E+02
2547,143.741,-137.485,3.74E-01,9.18E+01,2.13E+01,1.17E+02
2548,131.232,-143.743,4.50E-01,9.84E+01,2.10E+01,1.21E+02
2549,131.23,-137.485,6.25E-01,9.86E+01,2.47E+01,1.20E+02
2550,-149.995,-156.246,3.17E-02,4.60E+01,4.97E+01,7.33E+01
2551,-150,-162.5,0.00E+00,3.83E+01,4.92E+01,7.99E+01
2552,-143.75,-162.5,0.00E+00,6.93E+01,1.05E+01,1.57E+02
2553,-137.5,-162.5,0.00E+00,6.45E+01,1.46E+01,1.69E+02
2554,-131.25,-162.5,0.00E+00,5.90E+01,1.69E+01,1.76E+02
2555,-125,-162.5,0.00E+00,5.31E+01,1.82E+01,1.81E+02
2556,-118.75,-162.5,0.00E+00,4.66E+01,1.85E+01,1.84E+02
2557,-112.5,-162.5,0.00E+00,4.14E+01,1.80E+01,1.85E+02
2558,-106.25,-162.5,0.00E+00,3.80E+01,1.62E+01,1.84E+02
2559,-100,-162.5,0.00E+00,3.28E+01,1.43E+01,1.80E+02
2560,-93.3333,-162.5,0.00E+00,2.46E+01,1.38E+01,1.79E+02
2561,-86.6667,-162.5,0.00E+00,1.64E+01,1.31E+01,1.79E+02
2562,-80,-162.5,0.00E+00,1.03E+01,1.09E+01,1.77E+02
2563,-73.3333,-162.5,0.00E+00,6.34E+00,8.34E+00,1.74E+02
2564,-66.6667,-162.5,0.00E+00,5.91E+00,6.29E+00,1.71E+02
2565,-60,-162.5,0.00E+00,8.77E+00,4.78E+00,1.69E+02
2566,-53.3333,-162.5,0.00E+00,1.27E+01,4.16E+00,1.66E+02
2567,-46.6667,-162.5,0.00E+00,1.67E+01,4.74E+00,1.64E+02
2568,-40,-162.5,0.00E+00,2.05E+01,6.28E+00,1.62E+02
2569,-33.3333,-162.5,0.00E+00,2.41E+01,8.31E+00,1.59E+02
2570,-26.6667,-162.5,0.00E+00,2.74E+01,1.06E+01,1.57E+02
2571,-20,-162.5,0.00E+00,3.05E+01,1.30E+01,1.54E+02
2572,-13.3333,-162.5,0.00E+00,3.33E+01,1.56E+01,1.52E+02
2573,-6.66667,-162.5,0.00E+00,3.59E+01,1.83E+01,1.49E+02
2574,0,-162.5,0.00E+00,3.83E+01,2.11E+01,1.47E+02
2575,6.66667,-162.5,0.00E+00,4.05E+01,2.40E+01,1.44E+02
2576,13.3333,-162.5,0.00E+00,4.25E+01,2.70E+01,1.41E+02
2577,20,-162.5,0.00E+00,4.44E+01,3.01E+01,1.38E+02
2578,26.6667,-162.5,0.00E+00,4.60E+01,3.34E+01,1.35E+02
2579,33.3333,-162.5,0.00E+00,4.75E+01,3.69E+01,1.32E+02
2580,40,-162.5,0.00E+00,4.88E+01,4.05E+01,1.28E+02
2581,46.6667,-162.5,0.00E+00,4.99E+01,4.43E+01,1.24E+02
2582,53.3333,-162.5,0.00E+00,5.09E+01,4.83E+01,1.21E+02
2583,60,-162.5,0.00E+00,5.17E+01,5.25E+01,1.17E+02
2584,66.6667,-162.5,0.00E+00,5.24E+01,5.69E+01,1.12E+02
2585,73.3333,-162.5,0.00E+00,5.28E+01,6.15E+01,1.08E+02
2586,80,-162.5,0.00E+00,5.31E+01,6.64E+01,1.03E+02
2587,86.6667,-162.5,0.00E+00,5.31E+01,7.14E+01,9.75E+01
2588,93.3333,-162.5,0.00E+00,5.25E+01,7.65E+01,9.29E+01
2589,100,-162.5,0.00E+00,5.18E+01,8.17E+01,8.83E+01
2590,106.25,-162.5,0.00E+00,5.06E+01,8.62E+01,8.09E+01
2591,112.5,-162.5,0.00E+00,4.86E+01,8.94E+01,7.24E+01
2592,118.75,-162.5,0.00E+00,4.56E+01,9.22E+01,6.42E+01
2593,125,-162.5,0.00E+00,4.13E+01,9.47E+01,5.49E+01
2594,131.25,-162.5,0.00E+00,3.50E+01,9.57E+01,4.36E+01
2595,137.5,-162.5,0.00E+00,2.57E+01,9.54E+01,3.04E+01
2596,143.75,-162.5,0.00E+00,1.42E+01,9.33E+01,1.77E+01
2597,150,-162.5,0.00E+00,6.83E+00,8.90E+01,1.04E+01
2598,149.994,-156.246,2.34E-02,1.17E+01,8.26E+01,1.44E+01
2599,0.00094271,-156.264,1.48E-01,2.83E+01,3.24E+01,1.21E+02
2600,-79.9932,-156.261,1.34E-01,3.73E+01,1.42E+01,1.52E+02
2601,-118.741,-156.256,1.06E-01,7.05E+01,1.59E+01,1.62E+02
2602,-137.491,-156.251,7.46E-02,8.06E+01,1.47E+01,1.51E+02
2603,-143.742,-156.249,5.83E-02,8.17E+01,1.29E+01,1.41E+02
2604,-131.241,-156.253,8.77E-02,7.87E+01,1.54E+01,1.57E+02
2605,-124.991,-156.254,9.81E-02,7.52E+01,1.58E+01,1.60E+02
2606,-99.7848,-156.258,1.25E-01,5.70E+01,1.35E+01,1.57E+02
2607,-112.491,-156.257,1.13E-01,6.57E+01,1.56E+01,1.62E+02
2608,-106.185,-156.258,1.20E-01,6.18E+01,1.46E+01,1.60E+02
2609,-93.2682,-156.259,1.29E-01,5.02E+01,1.37E+01,1.55E+02
2610,-86.6592,-156.26,1.32E-01,4.32E+01,1.44E+01,1.54E+02
2611,-39.9964,-156.263,1.45E-01,2.84E+01,1.77E+01,1.36E+02
2612,-59.9949,-156.262,1.40E-01,2.88E+01,1.38E+01,1.44E+02
2613,-73.3271,-156.261,1.36E-01,3.26E+01,1.38E+01,1.49E+02
2614,-66.6611,-156.262,1.38E-01,2.98E+01,1.36E+01,1.46E+02
2615,-53.3287,-156.262,1.42E-01,2.85E+01,1.45E+01,1.41E+02
2616,-46.6626,-156.263,1.43E-01,2.84E+01,1.59E+01,1.39E+02
2617,-19.9977,-156.264,1.48E-01,2.84E+01,2.45E+01,1.28E+02
2618,-33.3301,-156.263,1.46E-01,2.84E+01,1.98E+01,1.33E+02
2619,-26.664,-156.263,1.47E-01,2.84E+01,2.21E+01,1.31E+02
2620,-13.3315,-156.264,1.48E-01,2.84E+01,2.71E+01,1.26E+02
2621,-6.66528,-156.264,1.48E-01,2.83E+01,2.97E+01,1.23E+02
2622,73.3291,-156.26,1.33E-01,2.90E+01,7.16E+01,8.39E+01
2623,33.332,-156.263,1.45E-01,2.79E+01,4.77E+01,1.06E+02
2624,13.3334,-156.263,1.48E-01,2.81E+01,3.81E+01,1.15E+02
2625,6.66717,-156.264,1.48E-01,2.82E+01,3.52E+01,1.18E+02
2626,19.9996,-156.263,1.47E-01,2.81E+01,4.12E+01,1.12E+02
2627,26.6658,-156.263,1.46E-01,2.80E+01,4.43E+01,1.09E+02
2628,53.3306,-156.262,1.40E-01,2.79E+01,5.88E+01,9.56E+01
2629,39.9983,-156.262,1.44E-01,2.78E+01,5.12E+01,1.03E+02
2630,46.6644,-156.262,1.42E-01,2.78E+01,5.49E+01,9.92E+01
2631,59.9968,-156.261,1.38E-01,2.82E+01,6.29E+01,9.19E+01
2632,66.6629,-156.261,1.35E-01,2.85E+01,6.71E+01,8.80E+01
2633,112.493,-156.255,1.05E-01,2.82E+01,9.60E+01,5.32E+01
2634,93.2705,-156.258,1.22E-01,2.99E+01,8.52E+01,7.00E+01
2635,79.9952,-156.259,1.30E-01,2.94E+01,7.61E+01,7.94E+01
2636,86.6613,-156.259,1.26E-01,2.98E+01,8.06E+01,7.46E+01
2637,99.7871,-156.257,1.17E-01,2.99E+01,8.97E+01,6.54E+01
2638,106.187,-156.256,1.12E-01,2.93E+01,9.34E+01,5.97E+01
2639,131.243,-156.252,7.86E-02,2.05E+01,9.80E+01,3.02E+01
2640,118.743,-156.254,9.82E-02,2.65E+01,9.80E+01,4.63E+01
2641,124.992,-156.253,8.95E-02,2.39E+01,9.89E+01,3.87E+01
2642,137.493,-156.25,6.48E-02,1.67E+01,9.54E+01,2.17E+01
2643,143.744,-156.248,4.69E-02,1.46E+01,9.02E+01,1.74E+01
2644,149.993,156.247,3.66E-02,7.64E+01,1.02E+01,1.27E+02
2645,150,162.5,0.00E+00,7.19E+01,8.14E+00,1.38E+02
2646,143.75,162.5,0.00E+00,7.01E+01,1.08E+01,1.57E+02
2647,137.5,162.5,0.00E+00,6.66E+01,1.31E+01,1.70E+02
2648,131.25,162.5,0.00E+00,6.21E+01,1.50E+01,1.80E+02
2649,125,162.5,0.00E+00,5.67E+01,1.61E+01,1.86E+02
2650,118.75,162.5,0.00E+00,5.13E+01,1.63E+01,1.90E+02
2651,112.5,162.5,0.00E+00,4.68E+01,1.57E+01,1.93E+02
2652,106.25,162.5,0.00E+00,4.34E+01,1.40E+01,1.92E+02
2653,100,162.5,0.00E+00,3.85E+01,1.22E+01,1.89E+02
2654,93.3333,162.5,0.00E+00,3.05E+01,1.18E+01,1.87E+02
2655,86.6667,162.5,0.00E+00,2.20E+01,1.14E+01,1.87E+02
2656,80,162.5,0.00E+00,1.53E+01,9.51E+00,1.84E+02
2657,73.3333,162.5,0.00E+00,9.77E+00,7.32E+00,1.81E+02
2658,66.6667,162.5,0.00E+00,6.04E+00,5.72E+00,1.78E+02
2659,60,162.5,0.00E+00,5.99E+00,4.82E+00,1.75E+02
2660,53.3333,162.5,0.00E+00,9.15E+00,4.80E+00,1.72E+02
2661,46.6667,162.5,0.00E+00,1.32E+01,5.66E+00,1.69E+02
2662,40,162.5,0.00E+00,1.73E+01,7.13E+00,1.66E+02
2663,33.3333,162.5,0.00E+00,2.12E+01,8.95E+00,1.63E+02
2664,26.6667,162.5,0.00E+00,2.48E+01,1.10E+01,1.60E+02
2665,20,162.5,0.00E+00,2.82E+01,1.31E+01,1.57E+02
2666,13.3333,162.5,0.00E+00,3.13E+01,1.54E+01,1.54E+02
2667,6.66667,162.5,0.00E+00,3.42E+01,1.78E+01,1.51E+02
2668,0,162.5,0.00E+00,3.69E+01,2.03E+01,1.48E+02
2669,-6.66667,162.5,0.00E+00,3.93E+01,2.28E+01,1.44E+02
2670,-13.3333,162.5,0.00E+00,4.16E+01,2.55E+01,1.41E+02
2671,-20,162.5,0.00E+00,4.36E+01,2.83E+01,1.37E+02
2672,-26.6667,162.5,0.00E+00,4.55E+01,3.13E+01,1.34E+02
2673,-33.3333,162.5,0.00E+00,4.72E+01,3.44E+01,1.30E+02
2674,-40,162.5,0.00E+00,4.87E+01,3.76E+01,1.26E+02
2675,-46.6667,162.5,0.00E+00,5.01E+01,4.10E+01,1.22E+02
2676,-53.3333,162.5,0.00E+00,5.13E+01,4.46E+01,1.18E+02
2677,-60,162.5,0.00E+00,5.23E+01,4.84E+01,1.14E+02
2678,-66.6667,162.5,0.00E+00,5.32E+01,5.24E+01,1.09E+02
2679,-73.3333,162.5,0.00E+00,5.38E+01,5.67E+01,1.05E+02
2680,-80,162.5,0.00E+00,5.43E+01,6.11E+01,9.94E+01
2681,-86.6667,162.5,0.00E+00,5.44E+01,6.58E+01,9.40E+01
2682,-93.3333,162.5,0.00E+00,5.40E+01,7.07E+01,8.95E+01
2683,-100,162.5,0.00E+00,5.33E+01,7.57E+01,8.47E+01
2684,-106.25,162.5,0.00E+00,5.22E+01,8.02E+01,7.73E+01
2685,-112.5,162.5,0.00E+00,5.02E+01,8.40E+01,6.95E+01
2686,-118.75,162.5,0.00E+00,4.71E+01,8.74E+01,6.18E+01
2687,-125,162.5,0.00E+00,4.26E+01,9.06E+01,5.27E+01
2688,-131.25,162.5,0.00E+00,3.61E+01,9.29E+01,4.25E+01
2689,-137.5,162.5,0.00E+00,2.75E+01,9.39E+01,3.11E+01
2690,-143.75,162.5,0.00E+00,1.96E+01,9.30E+01,2.17E+01
2691,-150,162.5,0.00E+00,4.55E+01,4.92E+01,6.83E+01
2692,-149.993,156.246,3.23E-02,3.98E+01,4.83E+01,6.80E+01
2693,-0.00116818,156.264,1.48E-01,2.86E+01,3.14E+01,1.22E+02
2694,79.9928,156.26,1.37E-01,4.34E+01,1.49E+01,1.59E+02
2695,118.741,156.255,1.07E-01,7.48E+01,1.60E+01,1.67E+02
2696,137.491,156.25,7.22E-02,8.10E+01,1.42E+01,1.53E+02
2697,143.742,156.248,5.49E-02,7.98E+01,1.22E+01,1.42E+02
2698,131.241,156.252,8.66E-02,8.05E+01,1.53E+01,1.60E+02
2699,124.99,156.254,9.80E-02,7.82E+01,1.58E+01,1.65E+02
2700,99.7845,156.258,1.27E-01,6.34E+01,1.38E+01,1.65E+02
2701,112.491,156.256,1.15E-01,7.10E+01,1.59E+01,1.68E+02
2702,106.184,156.257,1.21E-01,6.76E+01,1.49E+01,1.68E+02
2703,93.2678,156.259,1.31E-01,5.68E+01,1.42E+01,1.63E+02
2704,86.6587,156.26,1.34E-01,4.96E+01,1.50E+01,1.61E+02
2705,39.9961,156.263,1.47E-01,2.93E+01,1.87E+01,1.40E+02
2706,59.9945,156.262,1.43E-01,3.06E+01,1.49E+01,1.50E+02
2707,73.3268,156.261,1.39E-01,3.78E+01,1.45E+01,1.56E+02
2708,66.6607,156.261,1.41E-01,3.32E+01,1.45E+01,1.53E+02
2709,53.3284,156.262,1.44E-01,2.97E+01,1.57E+01,1.46E+02
2710,46.6623,156.263,1.46E-01,2.94E+01,1.71E+01,1.43E+02
2711,19.9975,156.263,1.49E-01,2.90E+01,2.46E+01,1.31E+02
2712,33.3299,156.263,1.48E-01,2.92E+01,2.06E+01,1.37E+02
2713,26.6637,156.263,1.48E-01,2.91E+01,2.25E+01,1.34E+02
2714,13.3313,156.264,1.49E-01,2.89E+01,2.68E+01,1.28E+02
2715,6.66505,156.264,1.49E-01,2.87E+01,2.91E+01,1.25E+02
2716,-73.3293,156.26,1.30E-01,2.97E+01,6.62E+01,8.13E+01
2717,-33.3322,156.263,1.43E-01,2.77E+01,4.48E+01,1.05E+02
2718,-13.3336,156.263,1.47E-01,2.82E+01,3.64E+01,1.15E+02
2719,-6.66738,156.264,1.48E-01,2.84E+01,3.39E+01,1.18E+02
2720,-19.9998,156.263,1.46E-01,2.80E+01,3.91E+01,1.12E+02
2721,-26.6661,156.263,1.45E-01,2.78E+01,4.19E+01,1.08E+02
2722,-53.3308,156.262,1.38E-01,2.77E+01,5.46E+01,9.37E+01
2723,-39.9985,156.263,1.42E-01,2.75E+01,4.79E+01,1.01E+02
2724,-46.6647,156.262,1.40E-01,2.75E+01,5.12E+01,9.75E+01
2725,-59.997,156.261,1.36E-01,2.81E+01,5.83E+01,8.97E+01
2726,-66.6632,156.261,1.33E-01,2.89E+01,6.21E+01,8.56E+01
2727,-112.493,156.256,1.04E-01,2.98E+01,9.07E+01,5.06E+01
2728,-93.2708,156.258,1.19E-01,3.14E+01,7.90E+01,6.73E+01
2729,-79.9955,156.26,1.27E-01,3.05E+01,7.04E+01,7.67E+01
2730,-86.6616,156.259,1.23E-01,3.11E+01,7.46E+01,7.19E+01
2731,-99.7874,156.257,1.15E-01,3.15E+01,8.34E+01,6.25E+01
2732,-106.187,156.256,1.09E-01,3.10E+01,8.73E+01,5.68E+01
2733,-131.243,156.252,7.79E-02,2.11E+01,9.58E+01,2.91E+01
2734,-118.743,156.254,9.68E-02,2.79E+01,9.34E+01,4.41E+01
2735,-124.993,156.253,8.84E-02,2.50E+01,9.53E+01,3.68E+01
2736,-137.493,156.25,6.45E-02,1.68E+01,9.46E+01,2.19E+01
2737,-143.743,156.248,4.74E-02,1.40E+01,9.04E+01,1.72E+01
2738,-156.25,162.5,0.00E+00,6.56E+01,5.48E+00,1.07E+02
2739,-162.5,162.5,0.00E+00,5.65E+01,4.47E+00,9.45E+01
2740,-162.5,156.25,0.00E+00,5.91E+01,5.36E+00,1.13E+02
2741,-162.5,150,0.00E+00,6.09E+01,7.70E+00,1.41E+02
2742,-162.5,143.75,0.00E+00,5.96E+01,1.11E+01,1.59E+02
2743,-162.5,137.5,0.00E+00,5.73E+01,1.41E+01,1.70E+02
2744,-162.5,131.25,0.00E+00,5.35E+01,1.56E+01,1.77E+02
2745,-162.5,125,0.00E+00,4.92E+01,1.58E+01,1.82E+02
2746,-162.5,118.75,0.00E+00,4.42E+01,1.54E+01,1.85E+02
2747,-162.5,112.5,0.00E+00,3.90E+01,1.44E+01,1.86E+02
2748,-162.5,106.25,0.00E+00,3.44E+01,1.32E+01,1.86E+02
2749,-162.5,100,0.00E+00,3.02E+01,1.15E+01,1.83E+02
2750,-162.5,93.3333,0.00E+00,2.37E+01,1.02E+01,1.80E+02
2751,-162.5,86.6667,0.00E+00,1.58E+01,9.73E+00,1.80E+02
2752,-162.5,80,0.00E+00,9.75E+00,8.11E+00,1.78E+02
2753,-162.5,73.3333,0.00E+00,6.01E+00,6.19E+00,1.76E+02
2754,-162.5,66.6667,0.00E+00,6.02E+00,4.92E+00,1.73E+02
2755,-162.5,60,0.00E+00,9.30E+00,4.46E+00,1.71E+02
2756,-162.5,53.3333,0.00E+00,1.35E+01,4.90E+00,1.68E+02
2757,-162.5,46.6667,0.00E+00,1.76E+01,6.11E+00,1.66E+02
2758,-162.5,40,0.00E+00,2.16E+01,7.77E+00,1.63E+02
2759,-162.5,33.3333,0.00E+00,2.53E+01,9.71E+00,1.61E+02
2760,-162.5,26.6667,0.00E+00,2.88E+01,1.18E+01,1.58E+02
2761,-162.5,20,0.00E+00,3.20E+01,1.41E+01,1.55E+02
2762,-162.5,13.3333,0.00E+00,3.50E+01,1.64E+01,1.53E+02
2763,-162.5,6.66667,0.00E+00,3.78E+01,1.89E+01,1.50E+02
2764,-162.5,-5.33E-14,0.00E+00,4.03E+01,2.16E+01,1.47E+02
2765,-162.5,-6.66667,0.00E+00,4.27E+01,2.43E+01,1.44E+02
2766,-162.5,-13.3333,0.00E+00,4.48E+01,2.72E+01,1.41E+02
2767,-162.5,-20,0.00E+00,4.68E+01,3.03E+01,1.38E+02
2768,-162.5,-26.6667,0.00E+00,4.86E+01,3.35E+01,1.34E+02
2769,-162.5,-33.3333,0.00E+00,5.02E+01,3.69E+01,1.31E+02
2770,-162.5,-40,0.00E+00,5.16E+01,4.04E+01,1.27E+02
2771,-162.5,-46.6667,0.00E+00,5.29E+01,4.43E+01,1.24E+02
2772,-162.5,-53.3333,0.00E+00,5.40E+01,4.83E+01,1.20E+02
2773,-162.5,-60,0.00E+00,5.49E+01,5.26E+01,1.15E+02
2774,-162.5,-66.6667,0.00E+00,5.56E+01,5.72E+01,1.11E+02
2775,-162.5,-73.3333,0.00E+00,5.61E+01,6.21E+01,1.06E+02
2776,-162.5,-80,0.00E+00,5.64E+01,6.73E+01,1.00E+02
2777,-162.5,-86.6667,0.00E+00,5.64E+01,7.28E+01,9.42E+01
2778,-162.5,-93.3333,0.00E+00,5.51E+01,7.88E+01,8.91E+01
2779,-162.5,-100,0.00E+00,5.34E+01,8.49E+01,8.72E+01
2780,-162.5,-106.25,0.00E+00,5.18E+01,9.09E+01,7.90E+01
2781,-162.5,-112.5,0.00E+00,4.89E+01,9.46E+01,6.70E+01
2782,-162.5,-118.75,0.00E+00,4.43E+01,9.74E+01,5.86E+01
2783,-162.5,-125,0.00E+00,3.84E+01,1.01E+02,4.87E+01
2784,-162.5,-131.25,0.00E+00,3.10E+01,1.03E+02,3.78E+01
2785,-162.5,-137.5,0.00E+00,2.29E+01,1.04E+02,2.70E+01
2786,-162.5,-143.75,0.00E+00,1.47E+01,1.03E+02,1.75E+01
2787,-162.5,-150,0.00E+00,8.31E+00,9.90E+01,1.13E+01
2788,-162.5,-156.25,0.00E+00,5.29E+00,8.65E+01,7.63E+00
2789,-162.5,-162.5,0.00E+00,4.58E+00,7.71E+01,5.84E+00
2790,-156.25,-162.5,0.00E+00,4.93E+00,8.38E+01,7.92E+00
2791,-156.264,-0.000852539,1.50E-01,2.83E+01,3.33E+01,1.21E+02
2792,-156.26,86.6595,1.32E-01,4.05E+01,1.36E+01,1.57E+02
2793,-156.255,124.991,1.01E-01,6.79E+01,1.40E+01,1.64E+02
2794,-156.25,143.742,6.54E-02,6.81E+01,1.38E+01,1.46E+02
2795,-156.246,156.246,1.43E-02,6.27E+01,7.35E+00,1.17E+02
2796,-156.248,149.994,4.20E-02,6.30E+01,1.15E+01,1.33E+02
2797,-156.252,137.491,8.08E-02,7.03E+01,1.38E+01,1.54E+02
2798,-156.254,131.241,9.21E-02,6.99E+01,1.40E+01,1.60E+02
2799,-156.258,106.185,1.20E-01,5.65E+01,1.36E+01,1.65E+02
2800,-156.256,118.741,1.08E-01,6.47E+01,1.40E+01,1.65E+02
2801,-156.257,112.491,1.14E-01,6.07E+01,1.38E+01,1.66E+02
2802,-156.258,99.7855,1.25E-01,5.25E+01,1.29E+01,1.62E+02
2803,-156.259,93.2686,1.29E-01,4.71E+01,1.28E+01,1.59E+02
2804,-156.263,46.6627,1.45E-01,2.75E+01,1.75E+01,1.41E+02
2805,-156.262,66.6613,1.40E-01,2.81E+01,1.39E+01,1.50E+02
2806,-156.261,79.9935,1.35E-01,3.49E+01,1.37E+01,1.55E+02
2807,-156.261,73.3274,1.37E-01,3.05E+01,1.36E+01,1.53E+02
2808,-156.262,59.9951,1.42E-01,2.74E+01,1.46E+01,1.47E+02
2809,-156.263,53.3289,1.43E-01,2.74E+01,1.58E+01,1.44E+02
2810,-156.264,26.6641,1.49E-01,2.79E+01,2.36E+01,1.33E+02
2811,-156.263,39.9965,1.47E-01,2.76E+01,1.94E+01,1.38E+02
2812,-156.263,33.3303,1.48E-01,2.77E+01,2.14E+01,1.36E+02
2813,-156.264,13.3316,1.50E-01,2.81E+01,2.82E+01,1.27E+02
2814,-156.264,19.9979,1.49E-01,2.80E+01,2.59E+01,1.30E+02
2815,-156.264,6.66538,1.50E-01,2.82E+01,3.07E+01,1.24E+02
2816,-156.26,-79.995,1.31E-01,3.12E+01,7.82E+01,7.52E+01
2817,-156.263,-39.9981,1.46E-01,2.88E+01,5.19E+01,1.01E+02
2818,-156.264,-19.9995,1.49E-01,2.85E+01,4.19E+01,1.12E+02
2819,-156.264,-6.66708,1.50E-01,2.83E+01,3.60E+01,1.18E+02
2820,-156.264,-13.3333,1.50E-01,2.84E+01,3.89E+01,1.15E+02
2821,-156.264,-26.6658,1.48E-01,2.85E+01,4.51E+01,1.08E+02
2822,-156.263,-33.3319,1.47E-01,2.86E+01,4.84E+01,1.05E+02
2823,-156.262,-59.9966,1.40E-01,2.99E+01,6.39E+01,8.94E+01
2824,-156.263,-46.6644,1.44E-01,2.90E+01,5.57E+01,9.75E+01
2825,-156.262,-53.3305,1.42E-01,2.94E+01,5.97E+01,9.35E+01
2826,-156.261,-66.6628,1.37E-01,3.04E+01,6.84E+01,8.50E+01
2827,-156.26,-73.3288,1.35E-01,3.08E+01,7.32E+01,8.03E+01
2828,-156.253,-118.742,9.63E-02,2.64E+01,1.05E+02,3.82E+01
2829,-156.256,-99.7866,1.17E-01,3.04E+01,9.36E+01,5.97E+01
2830,-156.259,-86.6611,1.27E-01,3.15E+01,8.32E+01,6.95E+01
2831,-156.258,-93.2701,1.23E-01,3.11E+01,8.82E+01,6.40E+01
2832,-156.255,-106.187,1.11E-01,2.96E+01,9.86E+01,5.35E+01
2833,-156.255,-112.492,1.04E-01,2.82E+01,1.02E+02,4.54E+01
2834,-156.248,-137.492,5.81E-02,1.86E+01,1.06E+02,2.06E+01
2835,-156.252,-124.992,8.61E-02,2.43E+01,1.07E+02,3.13E+01
2836,-156.25,-131.242,7.35E-02,2.17E+01,1.07E+02,2.54E+01
2837,-156.245,-149.993,2.39E-02,1.05E+01,9.50E+01,1.26E+01
2838,-156.246,-143.742,4.10E-02,1.38E+01,1.02E+02,1.56E+01
2839,-156.244,-156.244,6.71E-03,7.53E+00,8.72E+01,1.01E+01
2840,156.25,162.5,0.00E+00,6.60E+01,5.65E+00,1.12E+02
2841,162.5,162.5,0.00E+00,5.97E+01,4.62E+00,9.58E+01
2842,162.5,156.25,0.00E+00,6.55E+01,5.59E+00,1.12E+02
2843,162.5,150,0.00E+00,7.07E+01,7.86E+00,1.37E+02
2844,162.5,143.75,0.00E+00,6.84E+01,1.06E+01,1.54E+02
2845,162.5,137.5,0.00E+00,6.45E+01,1.35E+01,1.66E+02
2846,162.5,131.25,0.00E+00,5.99E+01,1.59E+01,1.75E+02
2847,162.5,125,0.00E+00,5.48E+01,1.73E+01,1.80E+02
2848,162.5,118.75,0.00E+00,4.93E+01,1.75E+01,1.83E+02
2849,162.5,112.5,0.00E+00,4.34E+01,1.70E+01,1.85E+02
2850,162.5,106.25,0.00E+00,3.74E+01,1.60E+01,1.85E+02
2851,162.5,100,0.00E+00,3.13E+01,1.45E+01,1.84E+02
2852,162.5,93.3333,0.00E+00,2.52E+01,1.28E+01,1.83E+02
2853,162.5,86.6667,0.00E+00,1.90E+01,1.09E+01,1.81E+02
2854,162.5,80,0.00E+00,1.33E+01,9.03E+00,1.79E+02
2855,162.5,73.3333,0.00E+00,8.32E+00,7.23E+00,1.76E+02
2856,162.5,66.6667,0.00E+00,5.51E+00,5.67E+00,1.74E+02
2857,162.5,60,0.00E+00,6.37E+00,4.68E+00,1.71E+02
2858,162.5,53.3333,0.00E+00,9.82E+00,4.62E+00,1.68E+02
2859,162.5,46.6667,0.00E+00,1.38E+01,5.56E+00,1.66E+02
2860,162.5,40,0.00E+00,1.77E+01,7.20E+00,1.63E+02
2861,162.5,33.3333,0.00E+00,2.14E+01,9.20E+00,1.60E+02
2862,162.5,26.6667,0.00E+00,2.49E+01,1.14E+01,1.58E+02
2863,162.5,20,0.00E+00,2.81E+01,1.38E+01,1.55E+02
2864,162.5,13.3333,0.00E+00,3.12E+01,1.62E+01,1.52E+02
2865,162.5,6.66667,0.00E+00,3.40E+01,1.88E+01,1.49E+02
2866,162.5,5.33E-14,0.00E+00,3.65E+01,2.15E+01,1.46E+02
2867,162.5,-6.66667,0.00E+00,3.89E+01,2.43E+01,1.43E+02
2868,162.5,-13.3333,0.00E+00,4.11E+01,2.72E+01,1.40E+02
2869,162.5,-20,0.00E+00,4.31E+01,3.02E+01,1.37E+02
2870,162.5,-26.6667,0.00E+00,4.49E+01,3.33E+01,1.33E+02
2871,162.5,-33.3333,0.00E+00,4.65E+01,3.66E+01,1.30E+02
2872,162.5,-40,0.00E+00,4.80E+01,4.00E+01,1.26E+02
2873,162.5,-46.6667,0.00E+00,4.93E+01,4.36E+01,1.22E+02
2874,162.5,-53.3333,0.00E+00,5.04E+01,4.74E+01,1.18E+02
2875,162.5,-60,0.00E+00,5.14E+01,5.13E+01,1.14E+02
2876,162.5,-66.6667,0.00E+00,5.21E+01,5.55E+01,1.10E+02
2877,162.5,-73.3333,0.00E+00,5.27E+01,5.98E+01,1.05E+02
2878,162.5,-80,0.00E+00,5.31E+01,6.43E+01,1.00E+02
2879,162.5,-86.6667,0.00E+00,5.32E+01,6.89E+01,9.47E+01
2880,162.5,-93.3333,0.00E+00,5.28E+01,7.36E+01,8.89E+01
2881,162.5,-100,0.00E+00,5.21E+01,7.80E+01,8.29E+01
2882,162.5,-106.25,0.00E+00,5.09E+01,8.21E+01,7.65E+01
2883,162.5,-112.5,0.00E+00,4.90E+01,8.59E+01,6.93E+01
2884,162.5,-118.75,0.00E+00,4.61E+01,8.92E+01,6.12E+01
2885,162.5,-125,0.00E+00,4.18E+01,9.16E+01,5.20E+01
2886,162.5,-131.25,0.00E+00,3.53E+01,9.30E+01,4.12E+01
2887,162.5,-137.5,0.00E+00,2.56E+01,9.31E+01,2.86E+01
2888,162.5,-143.75,0.00E+00,1.37E+01,9.13E+01,1.67E+01
2889,162.5,-150,0.00E+00,6.44E+00,8.77E+01,1.02E+01
2890,162.5,-156.25,0.00E+00,4.75E+00,7.83E+01,7.04E+00
2891,162.5,-162.5,0.00E+00,4.27E+00,7.09E+01,5.26E+00
2892,156.25,-162.5,0.00E+00,4.79E+00,7.88E+01,7.03E+00
2893,156.263,-0.0007737,1.53E-01,2.79E+01,3.22E+01,1.21E+02
2894,156.259,86.6595,1.36E-01,4.55E+01,1.40E+01,1.57E+02
2895,156.254,124.991,1.01E-01,7.53E+01,1.54E+01,1.60E+02
2896,156.248,143.742,5.75E-02,7.81E+01,1.18E+01,1.40E+02
2897,156.245,156.246,1.54E-02,6.98E+01,7.54E+00,1.15E+02
2898,156.247,149.993,3.82E-02,7.54E+01,1.00E+01,1.26E+02
2899,156.25,137.491,7.53E-02,7.87E+01,1.37E+01,1.50E+02
2900,156.252,131.241,8.99E-02,7.77E+01,1.49E+01,1.56E+02
2901,156.257,106.185,1.23E-01,6.23E+01,1.51E+01,1.63E+02
2902,156.255,118.741,1.10E-01,7.17E+01,1.55E+01,1.62E+02
2903,156.256,112.491,1.17E-01,6.73E+01,1.54E+01,1.63E+02
2904,156.258,99.7854,1.28E-01,5.69E+01,1.47E+01,1.62E+02
2905,156.259,93.2687,1.32E-01,5.12E+01,1.43E+01,1.60E+02
2906,156.262,46.6627,1.49E-01,2.82E+01,1.64E+01,1.41E+02
2907,156.261,66.6611,1.44E-01,3.09E+01,1.37E+01,1.49E+02
2908,156.26,79.9934,1.39E-01,3.99E+01,1.38E+01,1.55E+02
2909,156.261,73.3272,1.42E-01,3.48E+01,1.37E+01,1.52E+02
2910,156.262,59.995,1.46E-01,2.89E+01,1.41E+01,1.46E+02
2911,156.262,53.3288,1.48E-01,2.84E+01,1.50E+01,1.43E+02
2912,156.263,26.6641,1.52E-01,2.81E+01,2.25E+01,1.32E+02
2913,156.263,39.9965,1.51E-01,2.82E+01,1.83E+01,1.38E+02
2914,156.263,33.3303,1.52E-01,2.82E+01,2.03E+01,1.35E+02
2915,156.263,13.3317,1.53E-01,2.80E+01,2.72E+01,1.27E+02
2916,156.263,19.9979,1.53E-01,2.81E+01,2.48E+01,1.29E+02
2917,156.263,6.66545,1.53E-01,2.80E+01,2.97E+01,1.24E+02
2918,156.259,-79.9951,1.32E-01,2.97E+01,7.33E+01,7.74E+01
2919,156.262,-39.9981,1.47E-01,2.72E+01,5.00E+01,1.01E+02
2920,156.263,-19.9994,1.51E-01,2.75E+01,4.06E+01,1.11E+02
2921,156.263,-6.66699,1.53E-01,2.78E+01,3.49E+01,1.18E+02
2922,156.263,-13.3332,1.52E-01,2.76E+01,3.77E+01,1.15E+02
2923,156.263,-26.6657,1.50E-01,2.74E+01,4.36E+01,1.08E+02
2924,156.263,-33.3318,1.49E-01,2.72E+01,4.67E+01,1.05E+02
2925,156.261,-59.9966,1.41E-01,2.77E+01,6.09E+01,9.01E+01
2926,156.262,-46.6643,1.46E-01,2.72E+01,5.35E+01,9.77E+01
2927,156.262,-53.3304,1.43E-01,2.73E+01,5.71E+01,9.40E+01
2928,156.261,-66.6628,1.39E-01,2.83E+01,6.49E+01,8.61E+01
2929,156.26,-73.3289,1.36E-01,2.90E+01,6.91E+01,8.18E+01
2930,156.254,-118.743,1.01E-01,2.73E+01,9.47E+01,4.40E+01
2931,156.257,-99.7872,1.20E-01,3.04E+01,8.59E+01,6.23E+01
2932,156.259,-86.6613,1.29E-01,3.02E+01,7.76E+01,7.26E+01
2933,156.258,-93.2706,1.25E-01,3.05E+01,8.19E+01,6.76E+01
2934,156.256,-106.187,1.15E-01,3.00E+01,8.95E+01,5.67E+01
2935,156.255,-112.493,1.08E-01,2.90E+01,9.25E+01,5.07E+01
2936,156.25,-137.493,6.69E-02,1.61E+01,9.33E+01,2.07E+01
2937,156.253,-124.992,9.20E-02,2.45E+01,9.58E+01,3.66E+01
2938,156.252,-131.243,8.09E-02,2.06E+01,9.54E+01,2.85E+01
2939,156.246,-149.994,2.41E-02,1.14E+01,8.17E+01,1.44E+01
2940,156.248,-143.744,4.84E-02,1.39E+01,8.86E+01,1.71E+01
2941,156.245,-156.245,4.98E-03,6.83E+00,7.83E+01,9.42E+00
