NodeID,Y,Z,Displacement,Stress_L1,Stress_L2,Stress_L4
2,99.9771,-99.9771,2.96E+00,56.01,21.72,67.73
3,99.979,-93.3089,3.12E+00,56.56,22.42,68.49
4,99.982,-86.6416,3.28E+00,56.03,23.21,68.1
5,99.9858,-79.9752,3.42E+00,54.44,24.09,66.54
6,99.9903,-73.3095,3.55E+00,52.06,25,64.06
7,99.9954,-66.6446,3.68E+00,49.23,25.91,60.99
8,100.001,-59.98,3.79E+00,46.3,26.8,57.63
9,100.006,-53.3158,3.89E+00,43.54,27.65,54.2
10,100.011,-46.6517,3.99E+00,41.11,28.46,50.81
11,100.016,-39.9877,4.07E+00,39.13,29.25,47.5
12,100.02,-33.3235,4.14E+00,37.63,30.01,44.25
13,100.024,-26.6594,4.20E+00,36.59,30.74,41.06
14,100.027,-19.9951,4.24E+00,35.94,31.46,37.92
15,100.028,-13.3307,4.27E+00,35.59,32.19,34.87
16,100.029,-6.66629,4.28E+00,35.45,32.99,31.93
17,100.029,-0.00189806,4.28E+00,35.43,33.9,29.12
18,100.028,6.66243,4.27E+00,35.46,34.97,26.46
19,100.026,13.3267,4.24E+00,35.52,36.25,23.96
20,100.023,19.9908,4.20E+00,35.56,37.77,21.59
21,100.019,26.6548,4.15E+00,35.56,39.58,19.36
22,100.015,33.3187,4.09E+00,35.51,41.69,17.26
23,100.01,39.9825,4.01E+00,35.39,44.15,15.29
24,100.005,46.6463,3.92E+00,35.17,46.94,13.44
25,99.9993,53.3101,3.82E+00,34.85,50.03,11.72
26,99.9937,59.9741,3.72E+00,34.4,53.33,10.13
27,99.9882,66.6385,3.60E+00,33.82,56.66,8.678
28,99.9831,73.3033,3.47E+00,33.13,59.76,7.384
29,99.9786,79.9689,3.34E+00,32.35,62.3,6.28
30,99.975,86.6353,3.19E+00,31.53,63.95,5.42
31,99.9724,93.3026,3.04E+00,30.71,64.47,4.868
32,99.9708,99.9709,2.88E+00,29.93,63.88,4.642
33,93.3024,99.9724,3.04E+00,30.69,64.61,4.851
34,86.635,99.9749,3.19E+00,31.49,64.23,5.386
35,79.9685,99.9784,3.34E+00,32.29,62.71,6.233
36,73.3029,99.9828,3.47E+00,33.05,60.26,7.329
37,66.638,99.9879,3.60E+00,33.73,57.2,8.619
38,59.9736,99.9934,3.72E+00,34.3,53.87,10.07
39,53.3095,99.9991,3.83E+00,34.73,50.53,11.67
40,46.6457,100.005,3.92E+00,35.04,47.34,13.4
41,39.9819,100.01,4.01E+00,35.24,44.44,15.27
42,33.318,100.015,4.09E+00,35.35,41.89,17.27
43,26.6542,100.019,4.15E+00,35.37,39.7,19.4
44,19.9902,100.023,4.21E+00,35.35,37.85,21.64
45,13.3261,100.026,4.25E+00,35.28,36.3,24.01
46,6.66186,100.028,4.27E+00,35.2,35.01,26.52
47,-0.00244092,100.029,4.29E+00,35.14,33.94,29.16
48,-6.66681,100.029,4.29E+00,35.15,33.03,31.94
49,-13.3312,100.029,4.27E+00,35.3,32.24,34.86
50,-19.9956,100.027,4.24E+00,35.66,31.51,37.88
51,-26.6599,100.024,4.20E+00,36.32,30.8,41
52,-33.324,100.021,4.14E+00,37.39,30.07,44.19
53,-39.9882,100.016,4.07E+00,38.91,29.31,47.43
54,-46.6522,100.012,3.99E+00,40.9,28.52,50.72
55,-53.3162,100.006,3.90E+00,43.31,27.7,54.09
56,-59.9804,100.001,3.79E+00,46.06,26.84,57.48
57,-66.6449,99.9957,3.68E+00,48.96,25.95,60.8
58,-73.3097,99.9905,3.55E+00,51.77,25.03,63.84
59,-79.9753,99.9859,3.42E+00,54.14,24.11,66.3
60,-86.6417,99.982,3.28E+00,55.72,23.22,67.85
61,-93.3088,99.979,3.12E+00,56.26,22.41,68.26
62,-99.9771,99.977,2.96E+00,55.75,21.72,67.53
63,-99.979,93.3087,3.13E+00,56.33,22.41,68.39
64,-99.9819,86.6413,3.28E+00,55.83,23.21,68.07
65,-99.9857,79.9748,3.43E+00,54.25,24.08,66.54
66,-99.9903,73.3091,3.56E+00,51.85,25,64.05
67,-99.9955,66.6441,3.69E+00,48.99,25.91,60.94
68,-100.001,59.9796,3.80E+00,46.02,26.79,57.53
69,-100.006,53.3154,3.90E+00,43.21,27.64,54.03
70,-100.012,46.6513,4.00E+00,40.74,28.45,50.58
71,-100.016,39.9872,4.08E+00,38.74,29.23,47.21
72,-100.021,33.3231,4.15E+00,37.24,29.98,43.93
73,-100.024,26.6589,4.21E+00,36.21,30.71,40.72
74,-100.027,19.9946,4.25E+00,35.58,31.42,37.58
75,-100.029,13.3303,4.28E+00,35.25,32.14,34.54
76,-100.03,6.66587,4.29E+00,35.12,32.93,31.63
77,-100.03,0.00149028,4.29E+00,35.11,33.83,28.86
78,-100.029,-6.66283,4.28E+00,35.16,34.9,26.24
79,-100.027,-13.327,4.25E+00,35.23,36.19,23.77
80,-100.024,-19.9911,4.21E+00,35.28,37.73,21.42
81,-100.02,-26.6551,4.15E+00,35.3,39.57,19.21
82,-100.016,-33.3189,4.09E+00,35.26,41.73,17.12
83,-100.011,-39.9827,4.01E+00,35.15,44.25,15.14
84,-100.005,-46.6465,3.92E+00,34.95,47.12,13.29
85,-99.9997,-53.3102,3.82E+00,34.64,50.3,11.56
86,-99.994,-59.9742,3.71E+00,34.21,53.68,9.964
87,-99.9884,-66.6386,3.59E+00,33.66,57.08,8.517
88,-99.9833,-73.3034,3.47E+00,32.99,60.23,7.238
89,-99.9788,-79.9689,3.33E+00,32.25,62.76,6.167
90,-99.9753,-86.6354,3.19E+00,31.47,64.33,5.36
91,-99.9727,-93.3027,3.03E+00,30.7,64.71,4.873
92,-99.9712,-99.9711,2.87E+00,29.96,63.94,4.706
93,-93.3028,-99.9727,3.03E+00,30.72,64.46,4.871
94,-86.6356,-99.9753,3.19E+00,31.52,63.89,5.374
95,-79.9692,-99.979,3.33E+00,32.32,62.2,6.201
96,-73.3037,-99.9835,3.47E+00,33.08,59.63,7.289
97,-66.639,-99.9886,3.59E+00,33.75,56.5,8.572
98,-59.9747,-99.9942,3.71E+00,34.31,53.15,10.01
99,-53.3107,-99.9999,3.82E+00,34.75,49.84,11.59
100,-46.647,-100.005,3.92E+00,35.07,46.75,13.3
101,-39.9832,-100.011,4.01E+00,35.29,43.96,15.14
102,-33.3195,-100.016,4.08E+00,35.42,41.52,17.09
103,-26.6557,-100.02,4.15E+00,35.47,39.41,19.16
104,-19.9917,-100.024,4.20E+00,35.48,37.62,21.36
105,-13.3275,-100.027,4.24E+00,35.45,36.11,23.7
106,-6.66333,-100.029,4.27E+00,35.4,34.85,26.17
107,0.00100446,-100.03,4.29E+00,35.37,33.79,28.8
108,6.66539,-100.03,4.29E+00,35.39,32.89,31.59
109,13.3298,-100.029,4.27E+00,35.51,32.1,34.53
110,19.9942,-100.027,4.24E+00,35.84,31.37,37.6
111,26.6585,-100.024,4.20E+00,36.47,30.65,40.76
112,33.3226,-100.02,4.14E+00,37.5,29.92,44
113,39.9868,-100.016,4.08E+00,38.99,29.17,47.31
114,46.6508,-100.011,3.99E+00,40.98,28.39,50.69
115,53.3149,-100.006,3.90E+00,43.42,27.59,54.15
116,59.9792,-100,3.80E+00,46.2,26.75,57.64
117,66.6438,-99.9951,3.68E+00,49.15,25.88,61.06
118,73.3089,-99.9901,3.56E+00,51.99,24.98,64.17
119,79.9746,-99.9856,3.43E+00,54.39,24.08,66.67
120,86.6412,-99.9818,3.28E+00,55.98,23.21,68.21
121,93.3087,-99.979,3.13E+00,56.51,22.42,68.56
122,-93.3634,0.00163531,4.64E+00,36.64,34.9,29.2
123,-86.6971,0.00178169,4.99E+00,38.43,36.12,29.52
124,-80.0307,0.00192446,5.36E+00,40.53,37.51,29.81
125,-73.3644,0.00205893,5.74E+00,43.06,39.14,30.06
126,-66.6983,0.00217255,6.12E+00,46.16,41.11,30.27
127,-60.0323,0.00225385,6.53E+00,50.05,43.56,30.45
128,-53.3666,0.00227123,6.94E+00,55.07,46.68,30.61
129,-46.7012,0.00219417,7.38E+00,61.72,50.82,30.76
130,-40.0363,0.00193372,7.84E+00,70.86,56.54,31.02
131,-33.372,0.00138771,8.32E+00,84,64.86,31.74
132,-26.7089,0.000253041,8.84E+00,104.2,77.86,34.1
133,-20.0477,-0.00189877,9.41E+00,138.3,100.3,41.39
134,-13.3906,-0.00649454,1.00E+01,213,149.6,55.26
135,-6.72599,-0.0117575,1.07E+01,362.6,248.6,77.66
136,0.000585297,-0.0007168,1.11E+01,458.8,312.7,90.77
137,6.72595,0.0106792,1.07E+01,362.4,248.7,78.27
138,13.3894,0.00577224,1.00E+01,214.3,149.9,57.7
139,20.0462,0.00130598,9.39E+00,140,100.8,42.97
140,26.7074,-0.00079513,8.83E+00,105.4,78.5,35.27
141,33.3706,-0.00190075,8.31E+00,84.91,65.44,32.77
142,40.0349,-0.00243046,7.82E+00,71.54,57.02,31.94
143,46.6999,-0.00268172,7.36E+00,62.26,51.21,31.58
144,53.3654,-0.00275208,6.93E+00,55.52,46.99,31.33
145,60.0312,-0.00272927,6.51E+00,50.45,43.8,31.09
146,66.6972,-0.00264109,6.11E+00,46.53,41.31,30.83
147,73.3634,-0.0025187,5.73E+00,43.41,39.3,30.55
148,80.0298,-0.00237352,5.35E+00,40.87,37.64,30.23
149,86.6962,-0.00221798,4.99E+00,38.75,36.23,29.89
150,93.3626,-0.00205655,4.63E+00,36.96,34.99,29.52
151,0.0102803,6.72309,1.07E+01,365.5,252.2,77.69
152,0.00467319,13.3881,1.00E+01,214.9,154.7,56.02
153,0.00037037,20.046,9.40E+00,137.2,102.9,42.96
154,-0.0017944,26.7074,8.83E+00,102.9,79.39,36.16
155,-0.00291025,33.3706,8.31E+00,83.05,65.91,33.68
156,-0.00341756,40.035,7.83E+00,70.16,57.3,32.69
157,-0.00363402,46.7,7.37E+00,61.21,51.39,32.17
158,-0.00366279,53.3655,6.93E+00,54.71,47.11,31.79
159,-0.00359546,60.0313,6.52E+00,49.81,43.89,31.45
160,-0.0034601,66.6974,6.12E+00,46,41.37,31.11
161,-0.00328875,73.3636,5.73E+00,42.96,39.35,30.76
162,-0.00309175,80.0299,5.35E+00,40.48,37.67,30.39
163,-0.00288125,86.6963,4.99E+00,38.41,36.25,30
164,-0.00266394,93.3627,4.63E+00,36.65,35.02,29.59
165,-53.3673,6.66629,6.95E+00,54.09,45.24,39.6
166,-53.3643,13.3304,6.90E+00,53.59,44.27,50.58
167,-53.3577,19.9941,6.81E+00,54.93,43.01,62.68
168,-53.3487,26.6572,6.67E+00,59.18,41.21,74.8
169,-53.3386,33.3199,6.50E+00,65.97,39.03,85.99
170,-53.329,39.9832,6.30E+00,73.24,36.79,94.92
171,-53.3212,46.6482,6.07E+00,77.94,34.84,99.58
172,-53.3159,53.3153,5.83E+00,77.87,33.4,98.55
173,-53.3131,59.9844,5.57E+00,73.43,32.43,92.71
174,-53.3122,66.6547,5.31E+00,66.89,31.7,84.6
175,-53.3123,73.3255,5.03E+00,60.27,31.01,76.38
176,-53.313,79.9962,4.75E+00,54.5,30.26,69.1
177,-53.3139,86.6667,4.47E+00,49.82,29.44,63.03
178,-53.315,93.3368,4.18E+00,46.15,28.58,58.07
179,-59.9915,46.6469,5.79E+00,70.15,33.92,89.58
180,-66.6622,46.6468,5.50E+00,62.34,33.09,79.65
181,-73.3327,46.6474,5.20E+00,55.69,32.22,71.08
182,-80.0031,46.6482,4.90E+00,50.41,31.3,64.1
183,-86.673,46.6492,4.60E+00,46.32,30.35,58.53
184,-93.3425,46.6502,4.30E+00,43.17,29.39,54.1
185,-73.3404,39.9839,5.34E+00,50.88,33.48,64.91
186,-73.3477,33.3207,5.47E+00,46.95,34.64,58.59
187,-73.3543,26.6574,5.58E+00,44.27,35.65,52.3
188,-73.3596,19.9938,5.66E+00,42.87,36.5,46.14
189,-73.3632,13.3299,5.71E+00,42.46,37.26,40.26
190,-73.3648,6.66596,5.74E+00,42.64,38.06,34.85
191,-66.6863,26.6572,5.94E+00,47.84,37.27,57.63
192,-60.0177,26.6571,6.30E+00,52.62,39.11,64.84
193,-66.6786,33.3203,5.81E+00,51.51,36.02,65.31
194,-66.6704,39.9833,5.66E+00,56.63,34.6,72.82
195,-60.0089,33.3199,6.15E+00,57.68,37.5,74.23
196,-59.9998,39.983,5.98E+00,64.1,35.7,82.84
197,-66.6969,13.33,6.10E+00,45.32,39.11,42.7
198,-60.0305,13.3301,6.49E+00,48.93,41.38,45.98
199,-66.6926,19.9938,6.03E+00,45.87,38.28,50
200,-60.0252,19.9939,6.42E+00,49.76,40.41,55.27
201,-66.6988,6.66603,6.13E+00,45.6,39.94,36.04
202,-60.033,6.66614,6.53E+00,49.31,42.26,37.56
203,-93.3571,26.6585,4.54E+00,37.63,31.77,42.7
204,-86.6898,26.6581,4.88E+00,39.38,32.93,45.16
205,-80.0222,26.6577,5.23E+00,41.54,34.22,48.28
206,-86.6849,33.3218,4.80E+00,40.92,32.14,49.52
207,-86.6793,39.9855,4.71E+00,43.25,31.28,53.98
208,-93.353,33.3225,4.47E+00,38.86,31.02,46.41
209,-93.348,39.9864,4.39E+00,40.71,30.23,50.21
210,-80.0165,33.3212,5.13E+00,43.53,33.34,53.48
211,-80.01,39.9847,5.03E+00,46.54,32.37,58.77
212,-93.3626,13.3301,4.62E+00,36.62,33.2,35.61
213,-86.6962,13.33,4.98E+00,38.23,34.38,36.86
214,-80.0297,13.3299,5.34E+00,40.14,35.71,38.37
215,-86.6936,19.9941,4.94E+00,38.54,33.66,40.92
216,-93.3604,19.9944,4.59E+00,36.93,32.48,39.09
217,-80.0267,19.9939,5.29E+00,40.48,34.99,43.21
218,-86.6973,6.66588,5.00E+00,38.25,35.16,33.05
219,-93.3636,6.66587,4.64E+00,36.56,33.98,32.3
220,-80.031,6.66591,5.36E+00,40.24,36.5,33.88
221,-59.9771,73.319,4.86E+00,64.28,29.69,80.43
222,-66.6433,73.314,4.66E+00,66.41,28.51,82.25
223,-73.3108,73.3105,4.46E+00,66.08,27.56,81.38
224,-79.9797,73.3086,4.25E+00,63.59,26.81,78.2
225,-86.6496,73.308,4.03E+00,59.82,26.2,73.65
226,-93.3198,73.3083,3.80E+00,55.7,25.61,68.71
227,-73.3141,66.6427,4.67E+00,66.58,28.48,82.4
228,-73.3191,59.9764,4.86E+00,64.58,29.61,80.68
229,-73.3255,53.3113,5.04E+00,60.6,30.9,76.61
230,-66.6492,59.9773,5.11E+00,69.93,30.3,87.26
231,-59.9803,59.9798,5.35E+00,73.42,31.18,91.85
232,-66.6453,66.6449,4.89E+00,69.51,29.28,86.21
233,-59.9779,66.6489,5.11E+00,69.72,30.35,87.08
234,-66.6549,53.3113,5.31E+00,67.26,31.6,84.85
235,-59.9848,53.3124,5.57E+00,73.7,32.36,92.91
236,-93.3307,59.9783,4.07E+00,49.46,27.57,62
237,-86.6603,59.9772,4.34E+00,53.77,28.31,67.43
238,-79.9896,59.9765,4.60E+00,58.91,28.98,73.76
239,-86.6545,66.6422,4.19E+00,57.27,27.23,71.13
240,-93.325,66.643,3.94E+00,52.78,26.59,65.67
241,-79.984,66.642,4.43E+00,62.1,27.84,76.96
242,-86.6666,53.313,4.47E+00,49.95,29.36,63.09
243,-93.3366,53.3141,4.19E+00,46.15,28.5,58.06
244,-79.9961,53.312,4.76E+00,54.74,30.16,69.25
245,-73.3088,93.32,3.79E+00,55.53,25.65,68.47
246,-73.3085,86.6496,4.02E+00,59.63,26.24,73.43
247,-73.3091,79.9796,4.25E+00,63.45,26.84,78.05
248,-66.6429,86.6546,4.18E+00,57.05,27.3,70.9
249,-59.9781,86.6604,4.33E+00,53.58,28.38,67.26
250,-66.6437,93.3252,3.93E+00,52.65,26.65,65.47
251,-59.9792,93.3309,4.07E+00,49.38,27.63,61.89
252,-66.6426,79.984,4.43E+00,61.86,27.89,76.73
253,-59.9773,79.9897,4.60E+00,58.63,29.06,73.53
254,-93.3121,86.6417,3.48E+00,58.49,23.79,71.25
255,-86.6433,86.6431,3.67E+00,60.34,24.47,73.56
256,-79.9753,86.6457,3.85E+00,60.79,25.28,74.37
257,-86.642,93.3122,3.48E+00,58.4,23.8,71.12
258,-93.31,93.3099,3.31E+00,57.9,23.05,70.33
259,-79.9749,93.3156,3.64E+00,57.57,24.68,70.47
260,-86.6458,79.975,3.85E+00,60.9,25.26,74.51
261,-93.3155,79.9745,3.64E+00,57.72,24.65,70.68
262,-79.9768,79.9766,4.06E+00,63.04,25.97,77.21
263,-6.66792,46.7011,7.38E+00,59.74,49.67,44.11
264,-13.3323,46.6972,7.32E+00,59.08,48.45,58.73
265,-19.9961,46.6892,7.21E+00,61.36,46.61,74.3
266,-26.659,46.6786,7.04E+00,67.53,43.94,88.93
267,-33.3217,46.6676,6.84E+00,75.86,40.91,100.8
268,-39.9858,46.6581,6.60E+00,82.24,38.18,107.4
269,-46.6523,46.6516,6.35E+00,82.95,36.16,106.7
270,-26.6601,40.0082,7.42E+00,79.5,46.64,107.3
271,-26.6626,33.3373,7.79E+00,93.26,50.01,128.9
272,-26.6689,26.6679,8.14E+00,102.8,55.03,145.2
273,-26.6815,20.0016,8.46E+00,102.2,62.33,141.9
274,-26.6979,13.3365,8.71E+00,97.78,70.18,112.5
275,-26.7094,6.66869,8.85E+00,99.74,75.06,68.56
276,-20.003,26.6808,8.46E+00,101.2,62.81,142.2
277,-13.3379,26.697,8.70E+00,96.12,71.15,114
278,-6.67012,26.7081,8.84E+00,98.01,76.36,71.36
279,-13.3349,33.3642,8.23E+00,79.1,60.73,86.52
280,-13.3333,40.0309,7.77E+00,67.34,53.62,69.43
281,-19.9991,33.3511,8.04E+00,84.78,55.71,113.2
282,-19.9972,40.0206,7.62E+00,71.12,50.66,90.16
283,-6.66892,33.3718,8.32E+00,80.05,63.52,57.09
284,-6.6683,40.0362,7.84E+00,68.1,55.3,49.01
285,-13.3825,6.67941,9.99E+00,186.1,143.7,114.2
286,-13.3588,13.3576,9.65E+00,147,116,167.2
287,-13.3441,20.0284,9.19E+00,118.7,88.5,150.5
288,-20.0294,13.3428,9.19E+00,120,87.53,149.6
289,-20.0465,6.67156,9.40E+00,129.2,97.47,93.49
290,-20.0121,20.011,8.85E+00,113.8,73.72,163.3
291,-6.68082,13.3808,9.98E+00,185.8,147,115.7
292,-6.70296,6.70086,1.05E+01,293.5,214.5,85.72
293,-6.67293,20.0451,9.39E+00,127.4,99.47,96.16
294,-46.679,26.6576,7.05E+00,68.26,43.58,88.61
295,-40.0086,26.6586,7.42E+00,80.4,46.26,107.2
296,-33.338,26.6613,7.79E+00,94.04,49.72,128.9
297,-39.9973,33.3224,7.17E+00,87.97,42.58,117.2
298,-39.9897,39.9888,6.90E+00,88.74,39.9,116.7
299,-46.668,33.3204,6.84E+00,76.56,40.64,100.9
300,-46.6586,39.9847,6.60E+00,82.68,38.04,107.6
301,-33.3283,33.3274,7.49E+00,95.26,45.51,129.3
302,-33.3235,39.9968,7.17E+00,87.4,42.78,117.1
303,-46.6981,13.331,7.33E+00,59.78,48.03,57.36
304,-40.0317,13.3319,7.77E+00,68.31,53.07,67.86
305,-33.3651,13.3335,8.23E+00,80.43,60,84.83
306,-40.0211,19.9957,7.63E+00,72.08,50.16,89.34
307,-46.6898,19.9947,7.21E+00,62.05,46.21,73.43
308,-33.3516,19.9977,8.04E+00,85.99,55.15,112.6
309,-40.0373,6.66687,7.85E+00,69.05,54.67,47.07
310,-46.7022,6.66651,7.39E+00,60.42,49.2,42.54
311,-33.373,6.66748,8.33E+00,81.36,62.65,54.69
312,-26.6595,93.3569,4.53E+00,37.73,31.86,43.06
313,-26.6592,86.6895,4.87E+00,39.44,33.03,45.58
314,-26.6589,80.0219,5.22E+00,41.53,34.33,48.74
315,-26.6586,73.354,5.57E+00,44.18,35.79,52.78
316,-26.6585,66.6859,5.93E+00,47.64,37.45,58.12
317,-26.6584,60.0174,6.30E+00,52.28,39.35,65.33
318,-26.6586,53.3483,6.67E+00,58.66,41.52,75.24
319,-19.995,73.3592,5.65E+00,42.78,36.65,46.78
320,-13.3311,73.3626,5.71E+00,42.35,37.41,40.99
321,-6.66719,73.3641,5.73E+00,42.53,38.24,35.61
322,-13.3311,80.0291,5.33E+00,40.1,35.83,38.99
323,-13.3311,86.6956,4.97E+00,38.23,34.48,37.37
324,-13.3311,93.3621,4.62E+00,36.65,33.29,36.01
325,-19.9952,86.6932,4.93E+00,38.58,33.76,41.4
326,-19.9951,80.0262,5.29E+00,40.47,35.1,43.77
327,-19.9954,93.3601,4.58E+00,36.99,32.57,39.48
328,-6.66698,86.6966,4.99E+00,38.23,35.27,33.55
329,-6.66708,80.0303,5.36E+00,40.19,36.64,34.5
330,-6.66689,93.363,4.63E+00,36.57,34.08,32.71
331,-13.3318,53.3635,6.90E+00,53.09,44.59,51.75
332,-13.3314,60.0298,6.49E+00,48.6,41.64,46.98
333,-13.3312,66.6962,6.09E+00,45.12,39.3,43.55
334,-19.9952,60.0247,6.41E+00,49.44,40.66,56.05
335,-19.9955,53.3572,6.80E+00,54.45,43.33,63.52
336,-19.995,66.692,6.03E+00,45.68,38.47,50.71
337,-6.66747,60.0321,6.52E+00,49,42.55,38.63
338,-6.66766,53.3664,6.94E+00,53.62,45.61,40.9
339,-6.66732,66.698,6.12E+00,45.4,40.16,36.94
340,-46.6485,73.3328,5.20E+00,55.4,32.35,70.99
341,-39.9851,73.3403,5.34E+00,50.68,33.62,65.01
342,-33.3219,73.3476,5.47E+00,46.82,34.78,58.89
343,-39.9858,80.01,5.02E+00,46.46,32.49,58.94
344,-39.9866,86.6792,4.70E+00,43.27,31.38,54.19
345,-39.9873,93.348,4.39E+00,40.82,30.32,50.43
346,-46.6502,86.6731,4.59E+00,46.27,30.45,58.6
347,-46.6493,80.0031,4.89E+00,50.24,31.41,64.1
348,-46.6512,93.3426,4.29E+00,43.23,29.47,54.22
349,-33.3229,86.6848,4.80E+00,40.98,32.24,49.85
350,-33.3224,80.0164,5.13E+00,43.51,33.46,53.8
351,-33.3234,93.3529,4.47E+00,38.98,31.11,46.71
352,-39.9844,53.3287,6.29E+00,72.68,36.97,94.7
353,-39.9842,59.9996,5.98E+00,63.62,35.89,82.73
354,-39.9845,66.6702,5.66E+00,56.29,34.76,72.82
355,-46.648,59.9912,5.79E+00,69.69,34.05,89.32
356,-46.6491,53.3207,6.07E+00,77.59,34.93,99.37
357,-46.6479,66.6621,5.49E+00,61.93,33.23,79.46
358,-33.3212,60.0087,6.15E+00,57.26,37.72,74.39
359,-33.3212,53.3384,6.50E+00,65.38,39.29,86.04
360,-33.3215,66.6784,5.81E+00,51.25,36.2,65.56
361,93.3349,46.6445,4.21E+00,36.84,50.03,12.89
362,86.6644,46.6427,4.50E+00,38.61,53.97,12.19
363,79.9935,46.6409,4.78E+00,40.46,58.92,11.34
364,73.3222,46.6391,5.07E+00,42.35,65.09,10.36
365,66.6506,46.6376,5.35E+00,44.28,72.55,9.305
366,59.9791,46.6366,5.63E+00,46.22,81.02,8.327
367,53.3082,46.6368,5.90E+00,48.25,89.36,7.706
368,46.6387,46.6391,6.16E+00,50.52,95.11,7.824
369,39.9717,46.6443,6.41E+00,53.13,95.4,8.835
370,33.3074,46.6527,6.64E+00,55.98,89.66,10.39
371,26.645,46.6633,6.85E+00,58.66,80.2,12.17
372,19.9836,46.6748,7.04E+00,60.71,69.99,14.43
373,13.322,46.6857,7.19E+00,61.88,61.23,17.93
374,6.65976,46.6945,7.30E+00,62.06,54.98,23.57
375,53.3154,39.972,6.12E+00,50.56,84.89,9.155
376,53.3246,33.309,6.32E+00,52.78,77.26,10.9
377,53.3348,26.6471,6.50E+00,54.59,68.63,12.91
378,53.345,19.9854,6.66E+00,55.81,60.65,15.5
379,53.3541,13.3234,6.79E+00,56.38,54.24,19.12
380,53.3611,6.66071,6.88E+00,56.29,49.72,24.24
381,80.0007,39.9777,4.91E+00,41.09,54.21,13.22
382,80.0077,33.3147,5.03E+00,41.48,49.94,15.31
383,80.0142,26.6517,5.13E+00,41.66,46.27,17.64
384,80.0199,19.9885,5.22E+00,41.65,43.25,20.26
385,80.0246,13.3251,5.28E+00,41.49,40.85,23.2
386,80.0279,6.66148,5.33E+00,41.21,39.01,26.51
387,86.683,26.6528,4.80E+00,39.37,43.53,18.41
388,93.3513,26.6538,4.47E+00,37.35,41.34,18.97
389,86.6772,33.3161,4.71E+00,39.28,46.52,16.14
390,86.671,39.9794,4.61E+00,39.04,50.02,14.07
391,93.3464,33.3174,4.40E+00,37.3,43.82,16.79
392,93.3408,39.981,4.31E+00,37.13,46.73,14.76
393,86.6918,13.3256,4.93E+00,39.2,39.04,23.61
394,93.3589,13.3262,4.58E+00,37.22,37.53,23.85
395,86.6879,19.9893,4.87E+00,39.34,41.05,20.89
396,93.3556,19.9901,4.54E+00,37.32,39.25,21.32
397,86.6946,6.66179,4.97E+00,38.99,37.46,26.61
398,93.3613,6.66211,4.62E+00,37.09,36.12,26.58
399,60.0055,26.6482,6.15E+00,50.66,60.46,14.15
400,66.6756,26.6494,5.81E+00,47.23,54.37,15.48
401,73.3451,26.6506,5.47E+00,44.25,49.78,16.66
402,66.6672,33.3118,5.67E+00,46.6,60.09,13.11
403,66.6587,39.9744,5.52E+00,45.6,66.4,11.09
404,59.9961,33.3103,6.00E+00,49.56,67.6,11.9
405,59.9871,39.9729,5.82E+00,48.03,74.91,9.996
406,73.3377,33.3133,5.35E+00,43.91,54.35,14.28
407,73.3299,39.976,5.22E+00,43.28,59.57,12.2
408,66.6945,6.66096,6.08E+00,47.1,43.14,25.85
409,66.6897,13.3242,6.01E+00,47.44,45.85,21.72
410,66.6832,19.9869,5.92E+00,47.5,49.58,18.3
411,60.022,13.3237,6.39E+00,51.42,49.45,20.56
412,60.0278,6.66079,6.47E+00,51.13,46,25.19
413,60.0143,19.9862,6.29E+00,51.27,54.29,16.96
414,73.3572,13.3246,5.64E+00,44.19,43.07,22.59
415,73.3612,6.6612,5.70E+00,43.86,40.86,26.27
416,73.3517,19.9877,5.57E+00,44.34,46.02,19.41
417,26.6447,39.9917,7.20E+00,63.8,94.09,12.49
418,26.6458,33.3204,7.55E+00,69.88,109.2,14.29
419,26.6507,26.6512,7.88E+00,77.41,119.3,17.19
420,26.6618,19.9865,8.19E+00,86.47,116.5,20.06
421,26.6782,13.3254,8.47E+00,96.34,101.7,21.32
422,26.6955,6.66407,8.69E+00,104.4,86.21,22.01
423,33.3202,26.6467,7.55E+00,70.18,108.8,14.43
424,39.9918,26.6457,7.20E+00,64.2,93.42,12.6
425,46.6635,26.6461,6.85E+00,59.09,79.52,12.18
426,39.9814,33.3089,6.95E+00,60.12,101.5,10.98
427,39.9747,39.9751,6.69E+00,56.36,102,9.514
428,33.3118,33.3123,7.26E+00,64.64,110.1,12.42
429,33.3081,39.9815,6.96E+00,59.93,101.9,10.9
430,46.6528,33.3083,6.64E+00,56.26,89.05,10.47
431,46.6442,39.9724,6.41E+00,53.27,95.04,8.9
432,33.348,13.3237,8.03E+00,81.65,83.19,17.04
433,40.0172,13.3232,7.60E+00,70.85,70.01,16.41
434,46.6858,13.3232,7.19E+00,62.68,60.79,17.55
435,40.0044,19.9843,7.42E+00,68,81.52,14.11
436,33.3331,19.9845,7.81E+00,76.17,97.75,15.96
437,46.675,19.9847,7.04E+00,61.3,69.41,14.28
438,40.0281,6.66118,7.74E+00,72.22,61.57,21.54
439,33.3617,6.66212,8.21E+00,85.14,71.48,20.59
440,46.6946,6.66081,7.30E+00,63.05,54.69,22.99
441,6.66289,26.6953,8.70E+00,102,87.21,22.04
442,13.3242,26.6781,8.47E+00,94.92,102.5,20.77
443,19.9856,26.662,8.19E+00,85.91,117,19.77
444,13.3225,33.3478,8.03E+00,80.42,83.96,16.98
445,13.322,40.017,7.61E+00,69.85,70.6,16.68
446,6.66095,33.3615,8.21E+00,83.37,72.13,21.13
447,6.66007,40.028,7.75E+00,70.92,61.99,22.2
448,19.9834,33.333,7.81E+00,75.47,98.48,15.74
449,19.9831,40.0042,7.42E+00,67.33,82.23,14.09
450,6.67819,13.3666,9.77E+00,195.3,144.8,47.64
451,13.3412,13.3417,9.36E+00,150.5,137.4,42.91
452,20.0084,13.3297,8.92E+00,117.6,123.3,30.23
453,13.3288,20.0086,8.92E+00,116.3,124.1,29.36
454,6.66741,20.0299,9.22E+00,132.5,109.8,28.09
455,19.9926,19.9932,8.57E+00,99.79,128.9,25.31
456,13.367,6.67921,9.77E+00,196.5,142.1,48.89
457,6.7042,6.70358,1.03E+01,303.3,206.9,83.01
458,20.03,6.6685,9.21E+00,135.6,107.9,29.17
459,53.3075,93.3285,4.10E+00,36.27,54.19,11.12
460,53.3056,86.6575,4.37E+00,37.87,58.74,10.42
461,53.3037,79.9862,4.64E+00,39.47,64.29,9.588
462,53.3022,73.3148,4.90E+00,41.06,70.81,8.642
463,53.3013,66.6436,5.16E+00,42.65,77.94,7.689
464,53.3015,59.973,5.42E+00,44.3,84.67,6.981
465,53.3036,53.3039,5.66E+00,46.14,89.14,6.908
466,59.9672,73.3089,4.73E+00,39.8,74.66,7.221
467,66.6337,73.3045,4.54E+00,38.53,76.38,6.22
468,73.3016,73.3018,4.34E+00,37.35,75.61,5.795
469,79.9709,73.3007,4.13E+00,36.27,72.73,5.913
470,86.6412,73.3008,3.92E+00,35.24,68.6,6.355
471,93.312,73.3018,3.70E+00,34.19,64.06,6.893
472,73.3004,79.971,4.14E+00,36.23,72.93,5.876
473,73.3004,86.6411,3.92E+00,35.18,68.94,6.3
474,73.3013,93.3118,3.70E+00,34.12,64.51,6.833
475,66.6345,86.6456,4.08E+00,36.17,66.48,7.447
476,59.9697,86.6512,4.23E+00,37.09,62.9,8.845
477,66.6336,79.9748,4.31E+00,37.34,71.67,6.768
478,59.9681,79.9799,4.48E+00,38.45,68.59,8.051
479,66.6361,93.3168,3.84E+00,34.96,61.54,8.088
480,59.9715,93.3224,3.98E+00,35.69,57.96,9.526
481,86.6378,79.9677,3.75E+00,34.22,69.67,5.544
482,86.6357,86.6358,3.57E+00,33.26,69.08,5.156
483,86.6348,93.3049,3.39E+00,32.35,67.08,5.153
484,79.9675,86.6378,3.75E+00,34.19,69.85,5.512
485,79.9685,79.9686,3.95E+00,35.19,72.16,5.484
486,79.9676,93.3078,3.55E+00,33.23,66.46,5.826
487,93.3049,86.635,3.39E+00,32.38,66.91,5.179
488,93.3079,79.9679,3.55E+00,33.29,66.14,5.875
489,93.3031,93.3032,3.22E+00,31.51,66.32,4.854
490,73.315,53.3029,4.90E+00,41.19,70.27,8.702
491,73.309,59.9678,4.73E+00,39.88,74.24,7.286
492,73.3045,66.634,4.54E+00,38.57,76.15,6.262
493,66.6385,59.9678,4.97E+00,41.22,80.01,6.608
494,59.9691,59.9693,5.20E+00,42.67,84,6.412
495,66.6437,53.3019,5.16E+00,42.76,77.48,7.757
496,59.973,53.302,5.42E+00,44.37,84.39,7.032
497,66.6352,66.6354,4.76E+00,39.8,79.53,6.087
498,59.9674,66.6385,4.97E+00,41.17,80.26,6.562
499,93.3227,59.9721,3.98E+00,35.79,57.41,9.582
500,86.6515,59.9703,4.23E+00,37.19,62.37,8.902
501,79.9802,59.9687,4.48E+00,38.55,68.08,8.114
502,86.6578,53.3062,4.37E+00,37.99,58.2,10.47
503,93.3287,53.3082,4.10E+00,36.39,53.65,11.16
504,79.9865,53.3044,4.64E+00,39.6,63.73,9.637
505,86.6459,66.6351,4.08E+00,36.25,66.01,7.511
506,93.317,66.6366,3.84E+00,35.05,61.01,8.149
507,79.9749,66.6341,4.31E+00,37.41,71.29,6.829
508,26.6531,93.3512,4.48E+00,37.14,41.52,19.02
509,26.652,86.6828,4.80E+00,39.14,43.76,18.47
510,26.6509,80.014,5.13E+00,41.4,46.56,17.72
511,26.6497,73.3449,5.47E+00,43.96,50.13,16.76
512,26.6485,66.6753,5.81E+00,46.9,54.78,15.59
513,26.6472,60.0052,6.16E+00,50.29,60.95,14.26
514,26.646,53.3346,6.50E+00,54.18,69.22,12.97
515,33.3124,73.3374,5.35E+00,43.67,54.79,14.33
516,39.9752,73.3296,5.22E+00,43.08,60.1,12.21
517,46.6383,73.3219,5.07E+00,42.19,65.66,10.32
518,39.9769,80.0004,4.92E+00,40.9,54.68,13.22
519,39.9786,86.6707,4.61E+00,38.87,50.44,14.08
520,39.9803,93.3406,4.31E+00,36.98,47.1,14.76
521,33.3153,86.677,4.71E+00,39.09,46.84,16.17
522,33.3139,80.0075,5.03E+00,41.26,50.32,15.35
523,33.3167,93.3461,4.40E+00,37.12,44.1,16.81
524,46.642,86.6641,4.50E+00,38.47,54.47,12.17
525,46.6401,79.9932,4.78E+00,40.3,59.46,11.31
526,46.6438,93.3346,4.21E+00,36.7,50.5,12.86
527,33.3094,59.9959,6.00E+00,49.27,68.19,11.92
528,39.9721,59.9868,5.82E+00,47.82,75.52,9.951
529,46.6359,59.979,5.63E+00,46.08,81.54,8.256
530,39.9735,66.6584,5.52E+00,45.39,66.98,11.07
531,33.3109,66.6669,5.67E+00,46.34,60.61,13.16
532,46.6368,66.6504,5.35E+00,44.12,73.13,9.251
533,39.9712,53.3153,6.12E+00,50.36,85.45,9.08
534,33.3081,53.3244,6.32E+00,52.48,77.91,10.86
535,46.6363,53.3082,5.90E+00,48.16,89.69,7.648
536,6.6604,73.3612,5.70E+00,43.43,40.96,26.49
537,13.3238,73.3571,5.65E+00,43.79,43.23,22.78
538,19.9869,73.3516,5.57E+00,43.99,46.26,19.56
539,13.3244,80.0245,5.28E+00,41.14,40.97,23.35
540,13.3249,86.6917,4.93E+00,38.89,39.13,23.73
541,13.3255,93.3589,4.59E+00,36.96,37.6,23.94
542,6.6611,86.6947,4.97E+00,38.66,37.51,26.72
543,6.66074,80.0279,5.33E+00,40.83,39.08,26.67
544,6.66148,93.3613,4.62E+00,36.8,36.17,26.66
545,19.9886,86.6877,4.87E+00,39.07,41.2,20.98
546,19.9877,80.0198,5.22E+00,41.34,43.45,20.38
547,19.9894,93.3554,4.54E+00,37.08,39.37,21.39
548,13.3223,53.3539,6.79E+00,55.72,54.57,19.49
549,13.3228,60.0219,6.40E+00,50.87,49.71,20.87
550,13.3233,66.6896,6.02E+00,46.98,46.06,21.97
551,6.65986,60.0278,6.47E+00,50.51,46.16,25.57
552,6.65972,53.3611,6.88E+00,55.51,49.93,24.72
553,6.6601,66.6945,6.08E+00,46.59,43.26,26.14
554,19.9852,60.0141,6.29E+00,50.81,54.66,17.17
555,19.9843,53.3447,6.66E+00,55.28,61.12,15.71
556,19.986,66.683,5.93E+00,47.1,49.89,18.48
557,0.00110564,-93.3632,4.64E+00,36.93,34.87,29.12
558,0.00120418,-86.6968,4.99E+00,38.76,36.09,29.4
559,0.00130024,-80.0304,5.36E+00,40.91,37.49,29.65
560,0.00138768,-73.3641,5.73E+00,43.5,39.13,29.85
561,0.00145518,-66.698,6.12E+00,46.69,41.11,30.01
562,0.00149203,-60.032,6.52E+00,50.72,43.56,30.12
563,0.00146927,-53.3662,6.94E+00,55.92,46.7,30.19
564,0.00136042,-46.7008,7.37E+00,62.85,50.87,30.24
565,0.00108606,-40.0358,7.83E+00,72.4,56.63,30.39
566,0.000557091,-33.3714,8.32E+00,86.18,65,31.01
567,-0.000496233,-26.7081,8.84E+00,107.4,78.1,33.39
568,-0.00243334,-20.0465,9.40E+00,143.2,101.1,40.87
569,-0.00610211,-13.3884,1.00E+01,220.5,152.7,55.55
570,-0.0102403,-6.72358,1.07E+01,366,251,77.45
571,-6.66199,-53.362,6.89E+00,56.48,49.4,23.37
572,-13.3246,-53.355,6.79E+00,56.38,53.89,18.54
573,-19.9865,-53.3459,6.67E+00,55.66,60.29,15.17
574,-26.6482,-53.3357,6.51E+00,54.35,68.29,12.76
575,-33.3099,-53.3254,6.33E+00,52.5,77,10.87
576,-39.9728,-53.3161,6.12E+00,50.26,84.74,9.196
577,-46.6375,-53.3088,5.90E+00,47.95,89.32,7.764
578,-53.3045,-53.3042,5.67E+00,45.87,89.14,6.948
579,-59.9737,-53.3021,5.42E+00,44.07,84.64,6.985
580,-66.6443,-53.3019,5.17E+00,42.47,77.85,7.656
581,-73.3155,-53.3029,4.90E+00,40.91,70.66,8.573
582,-79.9869,-53.3044,4.64E+00,39.35,64.1,9.491
583,-86.6582,-53.3063,4.37E+00,37.76,58.53,10.31
584,-93.3291,-53.3082,4.10E+00,36.18,53.95,11
585,-46.6374,-59.9798,5.63E+00,45.98,80.9,8.317
586,-46.6383,-66.6513,5.35E+00,44.09,72.36,9.24
587,-46.6399,-73.3228,5.07E+00,42.2,64.85,10.25
588,-46.6416,-79.9941,4.78E+00,40.33,58.68,11.21
589,-46.6435,-86.6651,4.50E+00,38.5,53.74,12.05
590,-46.6453,-93.3354,4.21E+00,36.74,49.83,12.75
591,-19.9873,-60.0152,6.29E+00,51.17,53.96,16.57
592,-19.9881,-66.6841,5.93E+00,47.42,49.29,17.9
593,-19.9888,-73.3525,5.57E+00,44.27,45.77,19.02
594,-19.9895,-80.0207,5.22E+00,41.59,43.03,19.91
595,-19.9903,-86.6886,4.88E+00,39.27,40.86,20.58
596,-19.991,-93.3562,4.54E+00,37.25,39.09,21.05
597,-13.3257,-73.3579,5.65E+00,44.17,42.84,22.09
598,-6.66233,-73.3619,5.70E+00,43.9,40.67,25.67
599,-13.3253,-66.6906,6.02E+00,47.43,45.59,21.17
600,-13.3249,-60.0229,6.40E+00,51.42,49.15,19.98
601,-6.66214,-66.6953,6.08E+00,47.18,42.91,25.15
602,-6.66202,-60.0286,6.48E+00,51.26,45.74,24.4
603,-13.3266,-86.6925,4.93E+00,39.16,38.87,23.24
604,-6.6628,-86.6953,4.97E+00,38.97,37.3,26.17
605,-13.3261,-80.0253,5.29E+00,41.46,40.66,22.77
606,-6.66255,-80.0286,5.33E+00,41.22,38.84,26
607,-13.3271,-93.3595,4.59E+00,37.17,37.38,23.54
608,-6.66306,-93.3619,4.62E+00,37.05,35.99,26.22
609,-39.9769,-73.3306,5.22E+00,43.14,59.29,12.05
610,-33.3142,-73.3385,5.35E+00,43.78,54.06,14.07
611,-26.6516,-73.3459,5.47E+00,44.15,49.51,16.37
612,-33.3127,-66.668,5.68E+00,46.44,59.79,12.93
613,-33.3113,-59.997,6.00E+00,49.35,67.3,11.77
614,-39.9752,-66.6594,5.52E+00,45.42,66.13,10.98
615,-39.9738,-59.9878,5.82E+00,47.8,74.68,9.945
616,-26.6505,-66.6765,5.81E+00,47.1,54.06,15.19
617,-26.6493,-60.0064,6.16E+00,50.49,60.12,13.91
618,-33.3182,-93.347,4.40E+00,37.2,43.63,16.6
619,-33.3169,-86.678,4.71E+00,39.19,46.29,15.93
620,-33.3156,-80.0085,5.03E+00,41.37,49.68,15.09
621,-39.9802,-86.6717,4.61E+00,38.93,49.79,13.9
622,-39.9817,-93.3414,4.31E+00,37.03,46.53,14.6
623,-39.9785,-80.0014,4.92E+00,40.97,53.95,13.05
624,-26.6537,-86.6837,4.80E+00,39.29,43.32,18.15
625,-26.6547,-93.352,4.47E+00,37.27,41.16,18.74
626,-26.6527,-80.015,5.13E+00,41.57,46.03,17.36
627,-73.3094,-59.9678,4.73E+00,39.65,74.6,7.169
628,-73.305,-66.6342,4.54E+00,38.38,76.39,6.17
629,-73.3022,-73.302,4.34E+00,37.22,75.63,5.739
630,-73.3011,-79.9714,4.13E+00,36.16,72.71,5.848
631,-73.3012,-86.6416,3.92E+00,35.15,68.52,6.28
632,-73.3022,-93.3124,3.69E+00,34.13,63.96,6.805
633,-66.6346,-73.3049,4.54E+00,38.43,76.13,6.205
634,-59.9683,-73.3095,4.73E+00,39.73,74.14,7.226
635,-53.3035,-73.3156,4.90E+00,41.03,70.09,8.627
636,-59.9683,-66.639,4.97E+00,41.04,79.98,6.571
637,-59.9699,-59.9697,5.20E+00,42.46,84,6.399
638,-66.6359,-66.6357,4.76E+00,39.64,79.54,6.045
639,-66.6391,-59.9679,4.97E+00,40.99,80.26,6.53
640,-53.3025,-66.6443,5.17E+00,42.57,77.36,7.715
641,-53.3026,-59.9736,5.42E+00,44.14,84.34,7.031
642,-59.9727,-93.3232,3.97E+00,35.7,57.23,9.471
643,-59.9709,-86.652,4.23E+00,37.09,62.18,8.803
644,-59.9693,-79.9807,4.48E+00,38.43,67.93,8.032
645,-66.6356,-86.6463,4.08E+00,36.16,65.88,7.425
646,-66.6371,-93.3175,3.84E+00,34.97,60.86,8.05
647,-66.6346,-79.9753,4.31E+00,37.29,71.2,6.757
648,-53.3069,-86.6584,4.37E+00,37.88,57.98,10.35
649,-53.3088,-93.3293,4.09E+00,36.29,53.45,11.04
650,-53.305,-79.9871,4.64E+00,39.47,63.52,9.537
651,-93.3123,-73.3018,3.70E+00,34.06,64.5,6.761
652,-86.6416,-73.3008,3.92E+00,35.09,68.96,6.239
653,-79.9714,-73.3008,4.13E+00,36.12,72.96,5.819
654,-86.6462,-66.6351,4.08E+00,36.07,66.43,7.371
655,-86.6519,-59.9703,4.23E+00,36.99,62.76,8.752
656,-93.3173,-66.6367,3.84E+00,34.88,61.45,7.997
657,-93.323,-59.9722,3.97E+00,35.6,57.79,9.422
658,-79.9753,-66.6342,4.31E+00,37.22,71.65,6.707
659,-79.9805,-59.9688,4.48E+00,38.33,68.48,7.976
660,-86.6354,-93.3052,3.38E+00,32.35,66.9,5.135
661,-86.6362,-86.6361,3.57E+00,33.21,69.11,5.113
662,-86.6382,-79.9679,3.75E+00,34.12,69.89,5.462
663,-93.3052,-86.6352,3.38E+00,32.32,67.15,5.126
664,-93.3035,-93.3034,3.21E+00,31.5,66.36,4.846
665,-93.3082,-79.968,3.54E+00,33.19,66.51,5.777
666,-79.9681,-86.6382,3.75E+00,34.15,69.65,5.482
667,-79.9682,-93.3083,3.54E+00,33.24,66.08,5.804
668,-79.969,-79.9689,3.94E+00,35.1,72.18,5.426
669,-46.6958,-6.66119,7.31E+00,62.28,54.35,22.59
670,-46.6869,-13.3234,7.20E+00,61.83,60.59,17.39
671,-46.6759,-19.9848,7.05E+00,60.49,69.41,14.23
672,-46.6643,-26.6461,6.86E+00,58.35,79.75,12.19
673,-46.6536,-33.3083,6.65E+00,55.63,89.43,10.52
674,-46.6451,-39.9725,6.41E+00,52.77,95.34,8.988
675,-46.6398,-46.6394,6.16E+00,50.18,95.11,7.946
676,-39.9926,-26.6457,7.21E+00,63.37,93.77,12.72
677,-33.3212,-26.6468,7.55E+00,69.31,109.1,14.69
678,-26.6521,-26.6515,7.89E+00,76.7,119.3,17.68
679,-19.9874,-26.6627,8.20E+00,85.71,116.3,20.62
680,-13.3265,-26.6791,8.48E+00,95.84,101.4,21.92
681,-6.66535,-26.6964,8.70E+00,104.8,85.94,22.06
682,-26.6629,-19.9865,8.20E+00,85.18,116.8,20.32
683,-26.6792,-13.3254,8.48E+00,94.42,101.8,21.35
684,-26.6967,-6.66433,8.71E+00,102.2,85.86,21.9
685,-33.3489,-13.3237,8.04E+00,80.18,83.12,17.08
686,-40.0182,-13.3233,7.62E+00,69.74,69.84,16.37
687,-33.334,-19.9845,7.82E+00,74.98,98.04,16.11
688,-40.0052,-19.9843,7.43E+00,67,81.64,14.16
689,-33.3628,-6.66242,8.22E+00,83.67,71.06,20.4
690,-40.0293,-6.66153,7.76E+00,71.18,61.17,21.23
691,-6.67991,-13.367,9.78E+00,197.8,143.7,51.1
692,-13.3425,-13.3418,9.37E+00,149.1,137.4,43.74
693,-20.0094,-13.3297,8.93E+00,115.4,123.6,30.21
694,-13.3308,-20.0092,8.93E+00,116.7,123.4,31.02
695,-6.66967,-20.0307,9.22E+00,135.9,108.4,30.13
696,-19.994,-19.9934,8.58E+00,98.8,128.9,25.95
697,-13.368,-6.67935,9.78E+00,192.7,142.3,48.61
698,-6.70496,-6.70389,1.04E+01,302,206.5,84.81
699,-20.0311,-6.66868,9.23E+00,132.3,107.8,28.92
700,-26.6472,-46.6644,6.86E+00,58.76,79.22,12.2
701,-26.6467,-39.9926,7.21E+00,63.75,93.2,12.83
702,-26.6476,-33.321,7.55E+00,69.59,108.7,14.82
703,-33.3097,-39.9822,6.96E+00,59.64,101.4,11.25
704,-39.9758,-39.9754,6.70E+00,55.92,102,9.747
705,-33.3092,-46.6536,6.65E+00,55.88,88.88,10.6
706,-39.9731,-46.6449,6.41E+00,52.89,94.99,9.048
707,-33.313,-33.3125,7.27E+00,64.08,110.1,12.78
708,-39.9823,-33.3089,6.96E+00,59.48,101.8,11.17
709,-13.3244,-46.6869,7.20E+00,62.66,60.4,17.06
710,-13.3244,-40.0182,7.61E+00,70.76,69.61,16.16
711,-13.3249,-33.3489,8.04E+00,81.43,82.82,17.2
712,-19.9854,-40.0053,7.43E+00,67.66,81.17,14.19
713,-19.9859,-46.676,7.04E+00,61.09,69.04,14.11
714,-19.9856,-33.334,7.82E+00,75.66,97.47,16.33
715,-6.66252,-40.0291,7.75E+00,72.55,61.18,20.69
716,-6.66212,-46.6956,7.31E+00,63.31,54.33,22.07
717,-6.66344,-33.3626,8.22E+00,85.52,71.1,20.02
718,-73.3621,-6.66162,5.71E+00,43.47,40.72,25.89
719,-73.358,-13.325,5.65E+00,43.78,42.95,22.29
720,-73.3525,-19.988,5.57E+00,43.93,45.96,19.17
721,-73.3458,-26.6508,5.47E+00,43.87,49.79,16.47
722,-73.3383,-33.3134,5.36E+00,43.55,54.45,14.12
723,-73.3304,-39.9761,5.22E+00,42.95,59.79,12.06
724,-73.3226,-46.6392,5.07E+00,42.05,65.42,10.22
725,-66.6763,-26.6496,5.82E+00,46.78,54.39,15.3
726,-60.0062,-26.6484,6.16E+00,50.13,60.52,14.01
727,-53.3355,-26.6472,6.51E+00,53.96,68.75,12.82
728,-66.6906,-13.3245,6.02E+00,46.97,45.72,21.42
729,-60.0229,-13.324,6.40E+00,50.86,49.29,20.28
730,-53.355,-13.3236,6.80E+00,55.7,54.05,18.88
731,-60.0288,-6.6612,6.48E+00,50.62,45.78,24.76
732,-66.6955,-6.66138,6.09E+00,46.66,42.96,25.43
733,-53.3622,-6.66111,6.89E+00,55.67,49.45,23.81
734,-60.0152,-19.9864,6.30E+00,50.71,54.22,16.77
735,-66.6841,-19.9872,5.93E+00,47.03,49.51,18.08
736,-53.3458,-19.9856,6.67E+00,55.14,60.6,15.36
737,-59.9797,-46.6367,5.63E+00,45.85,81.4,8.254
738,-59.9877,-39.9729,5.83E+00,47.59,75.25,9.907
739,-59.9968,-33.3103,6.00E+00,49.07,67.81,11.79
740,-66.6593,-39.9744,5.52E+00,45.22,66.67,10.97
741,-66.6512,-46.6376,5.35E+00,43.94,72.92,9.193
742,-66.6679,-33.3118,5.68E+00,46.18,60.24,12.97
743,-53.316,-39.9721,6.12E+00,50.07,85.27,9.131
744,-53.3089,-46.637,5.90E+00,47.86,89.64,7.712
745,-53.3252,-33.309,6.33E+00,52.22,77.56,10.85
746,-93.3519,-26.6541,4.48E+00,37.07,41.34,18.8
747,-86.6836,-26.6531,4.80E+00,39.07,43.53,18.22
748,-80.0149,-26.652,5.14E+00,41.32,46.27,17.45
749,-86.6886,-19.9896,4.88E+00,39.02,41,20.68
750,-86.6926,-13.326,4.93E+00,38.87,38.96,23.36
751,-86.6955,-6.6622,4.97E+00,38.66,37.36,26.3
752,-93.3596,-13.3265,4.59E+00,36.92,37.46,23.63
753,-93.3562,-19.9904,4.54E+00,37.02,39.21,21.13
754,-93.3621,-6.66251,4.62E+00,36.78,36.04,26.32
755,-80.0254,-13.3255,5.29E+00,41.12,40.76,22.93
756,-80.0207,-19.9888,5.22E+00,41.29,43.2,20.03
757,-80.0288,-6.6619,5.34E+00,40.85,38.89,26.17
758,-86.6649,-46.6428,4.50E+00,38.36,54.21,12.03
759,-86.6715,-39.9795,4.61E+00,38.77,50.17,13.91
760,-86.6779,-33.3163,4.72E+00,39,46.58,15.97
761,-93.3413,-39.9811,4.31E+00,36.88,46.86,14.61
762,-93.3353,-46.6447,4.21E+00,36.61,50.25,12.73
763,-93.3469,-33.3176,4.40E+00,37.03,43.88,16.63
764,-80.0012,-39.9778,4.92E+00,40.79,54.39,13.06
765,-79.9939,-46.6409,4.78E+00,40.18,59.2,11.19
766,-80.0083,-33.3149,5.03E+00,41.16,50.02,15.14
767,93.3363,-53.3146,4.18E+00,46.43,28.53,58.24
768,86.6662,-53.3135,4.47E+00,50.16,29.41,63.26
769,79.9958,-53.3125,4.75E+00,54.87,30.25,69.39
770,73.3251,-53.3118,5.03E+00,60.63,31.03,76.68
771,66.6544,-53.3118,5.30E+00,67.19,31.75,84.85
772,59.9841,-53.3127,5.57E+00,73.62,32.51,92.87
773,53.3149,-53.3155,5.82E+00,77.95,33.51,98.61
774,46.6477,-53.3207,6.06E+00,78.02,34.95,99.64
775,39.9827,-53.3284,6.29E+00,73.46,36.87,95.1
776,33.3192,-53.3379,6.49E+00,66.38,39.06,86.32
777,26.6564,-53.3478,6.66E+00,59.75,41.2,75.16
778,19.9934,-53.3568,6.80E+00,55.6,42.97,62.9
779,13.3297,-53.3634,6.89E+00,54.34,44.24,50.57
780,6.66554,-53.3667,6.94E+00,54.92,45.25,39.34
781,53.312,-59.9844,5.57E+00,73.82,32.44,92.99
782,53.3109,-66.6545,5.30E+00,67.47,31.65,85.01
783,53.3109,-73.325,5.03E+00,60.87,30.92,76.81
784,53.3116,-79.9957,4.75E+00,55.03,30.15,69.46
785,53.3125,-86.6661,4.47E+00,50.21,29.33,63.27
786,53.3137,-93.3361,4.19E+00,46.39,28.46,58.21
787,59.976,-73.3188,4.85E+00,64.78,29.65,80.83
788,66.6425,-73.3139,4.66E+00,66.74,28.52,82.53
789,73.3103,-73.3106,4.46E+00,66.25,27.6,81.52
790,79.9795,-73.3089,4.24E+00,63.68,26.87,78.24
791,86.6494,-73.3083,4.02E+00,59.91,26.24,73.67
792,93.3198,-73.3087,3.79E+00,55.83,25.64,68.72
793,73.3137,-66.6431,4.66E+00,66.62,28.55,82.43
794,73.3187,-59.9768,4.85E+00,64.57,29.72,80.67
795,59.977,-66.6489,5.10E+00,70.07,30.36,87.36
796,59.9795,-59.98,5.34E+00,73.54,31.26,91.94
797,66.6446,-66.6451,4.89E+00,69.66,29.33,86.32
798,66.6486,-59.9776,5.10E+00,69.92,30.41,87.24
799,86.6543,-66.6426,4.18E+00,57.37,27.29,71.16
800,86.66,-59.9777,4.33E+00,53.92,28.36,67.52
801,79.9838,-66.6424,4.42E+00,62.14,27.91,76.97
802,79.9894,-59.977,4.59E+00,58.97,29.07,73.8
803,93.3249,-66.6434,3.93E+00,52.96,26.62,65.72
804,93.3305,-59.9788,4.06E+00,49.68,27.6,62.11
805,73.308,-93.3196,3.80E+00,55.87,25.6,68.85
806,73.3078,-86.6494,4.02E+00,60,26.2,73.8
807,73.3085,-79.9796,4.24E+00,63.75,26.84,78.33
808,66.6419,-86.6542,4.18E+00,57.47,27.23,71.3
809,59.9768,-86.6599,4.33E+00,54.01,28.29,67.61
810,66.6426,-93.3246,3.94E+00,52.98,26.57,65.82
811,59.9779,-93.3303,4.07E+00,49.68,27.53,62.15
812,66.6417,-79.9838,4.43E+00,62.29,27.85,77.11
813,59.9761,-79.9893,4.60E+00,59.15,28.98,73.95
814,93.3121,-86.642,3.48E+00,58.66,23.82,71.34
815,86.643,-86.6432,3.67E+00,60.54,24.49,73.74
816,79.9749,-86.6457,3.85E+00,61.08,25.28,74.66
817,86.6416,-93.3121,3.48E+00,58.66,23.8,71.4
818,93.3099,-93.31,3.31E+00,58.13,23.06,70.52
819,79.9743,-93.3153,3.64E+00,57.88,24.66,70.82
820,86.6456,-79.9752,3.85E+00,61.03,25.3,74.58
821,93.3155,-79.9748,3.64E+00,57.85,24.68,70.71
822,79.9765,-79.9767,4.05E+00,63.23,25.99,77.37
823,26.6564,-60.0169,6.29E+00,53.15,39.09,65.11
824,26.6565,-66.6855,5.93E+00,48.3,37.24,57.81
825,26.6567,-73.3536,5.57E+00,44.66,35.61,52.42
826,26.6571,-80.0216,5.22E+00,41.87,34.18,48.35
827,26.6575,-86.6892,4.87E+00,39.68,32.89,45.22
828,26.658,-93.3566,4.53E+00,37.91,31.72,42.74
829,33.3201,-73.3471,5.46E+00,47.34,34.61,58.78
830,39.9833,-73.3397,5.34E+00,51.26,33.47,65.15
831,46.6468,-73.3322,5.19E+00,56.02,32.22,71.32
832,39.9827,-66.6697,5.66E+00,57.02,34.61,73.1
833,39.9824,-59.9992,5.97E+00,64.46,35.74,83.12
834,33.3196,-66.6779,5.80E+00,51.95,36.01,65.57
835,33.3193,-60.0082,6.14E+00,58.14,37.5,74.55
836,46.6463,-66.6617,5.49E+00,62.65,33.12,79.89
837,46.6465,-59.991,5.78E+00,70.37,33.98,89.75
838,39.9858,-93.3474,4.39E+00,40.97,30.18,50.32
839,39.985,-86.6787,4.70E+00,43.54,31.24,54.12
840,39.9841,-80.0094,5.02E+00,46.87,32.34,58.96
841,33.3213,-86.6843,4.80E+00,41.21,32.1,49.63
842,33.3219,-93.3524,4.47E+00,39.14,30.97,46.49
843,33.3206,-80.0159,5.13E+00,43.87,33.31,53.62
844,46.6486,-86.6725,4.59E+00,46.6,30.31,58.7
845,46.6497,-93.3419,4.29E+00,43.42,29.34,54.23
846,46.6477,-80.0025,4.89E+00,50.73,31.28,64.31
847,6.66531,-73.3644,5.73E+00,43.08,38.06,34.7
848,13.3293,-73.3626,5.71E+00,42.88,37.24,40.19
849,19.9931,-73.359,5.65E+00,43.27,36.48,46.16
850,13.3293,-66.6962,6.09E+00,45.82,39.09,42.63
851,13.3294,-60.0298,6.48E+00,49.53,41.37,45.93
852,6.66535,-66.6983,6.12E+00,46.12,39.94,35.85
853,6.66542,-60.0324,6.52E+00,49.96,42.27,37.33
854,19.9931,-66.6918,6.02E+00,46.34,38.25,50.07
855,19.9931,-60.0244,6.41E+00,50.32,40.38,55.4
856,13.3296,-93.3622,4.62E+00,36.9,33.16,35.57
857,13.3295,-86.6957,4.97E+00,38.55,34.35,36.81
858,13.3293,-80.0292,5.33E+00,40.5,35.69,38.31
859,6.66532,-86.697,4.99E+00,38.58,35.13,32.95
860,6.66535,-93.3633,4.64E+00,36.85,33.95,32.24
861,6.66531,-80.0306,5.36E+00,40.61,36.48,33.76
862,19.9935,-86.6931,4.93E+00,38.85,33.63,40.93
863,19.9938,-93.3599,4.59E+00,37.21,32.44,39.09
864,19.9933,-80.0261,5.29E+00,40.83,34.96,43.22
865,53.366,-6.66682,6.93E+00,54.36,45.54,40.62
866,53.363,-13.3309,6.89E+00,53.73,44.55,51.77
867,53.3565,-19.9947,6.79E+00,55.03,43.29,63.78
868,53.3476,-26.6578,6.66E+00,59.22,41.51,75.62
869,53.3377,-33.3205,6.48E+00,65.89,39.33,86.42
870,53.3282,-39.9838,6.28E+00,73.03,37.06,94.99
871,53.3203,-46.6486,6.06E+00,77.77,35.05,99.51
872,60.0167,-26.6576,6.29E+00,52.78,39.34,65.62
873,66.6853,-26.6577,5.92E+00,48.07,37.44,58.33
874,73.3535,-26.6579,5.56E+00,44.55,35.78,52.91
875,80.0214,-26.6582,5.21E+00,41.85,34.31,48.81
876,86.689,-26.6585,4.87E+00,39.71,33.01,45.63
877,93.3565,-26.6589,4.53E+00,37.99,31.82,43.1
878,73.3587,-19.9943,5.65E+00,43.14,36.64,46.81
879,73.3622,-13.3304,5.70E+00,42.74,37.41,40.92
880,73.3638,-6.66645,5.73E+00,42.95,38.22,35.44
881,66.6957,-13.3305,6.08E+00,45.57,39.29,43.49
882,60.0293,-13.3306,6.48E+00,49.13,41.61,46.94
883,66.6915,-19.9943,6.02E+00,46.11,38.46,50.8
884,60.0241,-19.9944,6.40E+00,49.94,40.64,56.21
885,66.6977,-6.66653,6.11E+00,45.9,40.14,36.74
886,60.0317,-6.66665,6.52E+00,49.6,42.51,38.4
887,93.3618,-13.3305,4.61E+00,36.95,33.26,36
888,86.6953,-13.3304,4.97E+00,38.55,34.47,37.33
889,80.0287,-13.3304,5.33E+00,40.45,35.83,38.93
890,86.6928,-19.9946,4.93E+00,38.87,33.74,41.41
891,93.3597,-19.9948,4.58E+00,37.27,32.54,39.49
892,80.0258,-19.9944,5.28E+00,40.78,35.09,43.78
893,86.6964,-6.66634,4.99E+00,38.57,35.26,33.47
894,93.3628,-6.66631,4.63E+00,36.88,34.06,32.66
895,80.0301,-6.66638,5.35E+00,40.56,36.63,34.38
896,73.3323,-46.6479,5.19E+00,55.81,32.35,71.3
897,73.3398,-39.9845,5.33E+00,51.09,33.61,65.29
898,73.347,-33.3212,5.46E+00,47.21,34.77,59.1
899,66.6697,-39.9839,5.65E+00,56.74,34.78,73.15
900,59.9991,-39.9836,5.97E+00,64.06,35.93,83.07
901,66.6616,-46.6474,5.48E+00,62.33,33.26,79.78
902,59.9908,-46.6475,5.78E+00,70.02,34.12,89.59
903,66.6778,-33.3208,5.80E+00,51.71,36.2,65.85
904,60.008,-33.3205,6.14E+00,57.76,37.73,74.75
905,93.3475,-39.9868,4.38E+00,41.06,30.27,50.52
906,86.6787,-39.986,4.70E+00,43.56,31.35,54.33
907,80.0094,-39.9852,5.01E+00,46.81,32.46,59.15
908,86.6726,-46.6497,4.59E+00,46.59,30.41,58.8
909,93.3421,-46.6507,4.29E+00,43.49,29.43,54.35
910,80.0026,-46.6487,4.89E+00,50.62,31.39,64.36
911,86.6843,-33.3223,4.79E+00,41.26,32.21,49.94
912,93.3524,-33.3229,4.46E+00,39.23,31.07,46.78
913,80.0158,-33.3217,5.12E+00,43.84,33.44,53.95
914,6.66803,-26.7082,8.84E+00,102.4,75.09,67.85
915,13.3359,-26.6968,8.69E+00,98.88,70.18,112.3
916,20.0011,-26.6807,8.44E+00,102.1,62.44,141.8
917,26.6673,-26.6682,8.12E+00,102.5,55.18,145.2
918,33.3367,-26.6618,7.77E+00,93.4,50.12,129.1
919,40.0074,-26.6593,7.40E+00,79.97,46.69,107.7
920,46.6779,-26.6582,7.03E+00,68.11,43.95,89.37
921,26.68,-20.0022,8.44E+00,101.2,62.83,142.7
922,26.6962,-13.337,8.69E+00,96.61,70.88,114.8
923,26.7076,-6.66928,8.83E+00,99.46,75.76,71.22
924,20.0279,-13.3433,9.17E+00,118,88.15,151.8
925,13.3575,-13.3579,9.64E+00,145.6,115.9,168
926,6.67973,-13.3809,9.97E+00,188.6,145.5,112.4
927,13.3424,-20.0284,9.18E+00,120.3,87.73,149
928,20.0106,-20.0113,8.84E+00,113.2,73.81,163.5
929,6.67113,-20.0452,9.39E+00,132.4,97.86,91.84
930,13.3813,-6.68008,9.97E+00,183.3,144.2,117.8
931,20.0449,-6.67218,9.38E+00,127.9,98.26,96.81
932,6.70277,-6.70141,1.05E+01,291.6,214,85.35
933,46.6966,-13.3315,7.31E+00,59.82,48.38,58.82
934,40.0302,-13.3324,7.75E+00,68.17,53.5,69.66
935,33.3635,-13.334,8.21E+00,79.94,60.56,86.98
936,40.0198,-19.9963,7.61E+00,71.79,50.61,90.67
937,46.6885,-19.9952,7.20E+00,62.01,46.57,74.68
938,33.3503,-19.9982,8.02E+00,85.29,55.69,113.8
939,40.0358,-6.66742,7.83E+00,69.24,55.13,48.67
940,46.7007,-6.66705,7.37E+00,60.66,49.57,43.8
941,33.3713,-6.66804,8.31E+00,81.43,63.21,56.76
942,26.6569,-46.6782,7.03E+00,68.79,43.59,89
943,26.658,-40.0078,7.41E+00,80.69,46.32,107.4
944,26.6607,-33.3372,7.77E+00,93.91,49.84,128.9
945,13.3302,-46.6972,7.32E+00,60.73,47.97,57.42
946,13.3311,-40.0307,7.76E+00,69.48,52.98,67.99
947,13.3327,-33.364,8.22E+00,81.74,59.91,84.97
948,6.66609,-40.0365,7.84E+00,70.5,54.67,46.74
949,6.66574,-46.7014,7.38E+00,61.5,49.2,42.24
950,6.66672,-33.372,8.32E+00,83.34,62.62,54.29
951,19.995,-40.0202,7.61E+00,72.84,50.11,89.73
952,19.9939,-46.6888,7.20E+00,62.82,46.16,73.76
953,19.997,-33.3507,8.03E+00,86.44,55.16,112.8
954,39.9843,-46.6581,6.59E+00,82.71,38.17,107.6
955,39.9883,-39.9891,6.88E+00,88.7,40.06,116.6
956,39.9962,-33.3229,7.16E+00,87.57,42.91,117.2
957,33.3218,-39.9967,7.16E+00,87.93,42.72,117.2
958,33.3199,-46.6673,6.83E+00,76.8,40.72,101.1
959,33.3269,-33.3277,7.48E+00,95.12,45.66,129.2
960,46.6576,-39.9852,6.59E+00,82.41,38.31,107.5
961,46.6511,-46.6518,6.33E+00,82.99,36.3,106.7
962,46.6669,-33.321,6.82E+00,76.27,40.99,101.1
1302,-99.9706,-106.223,2.71E+00,29.27,62.31,4.777
1303,-99.9709,-112.476,2.55E+00,28.57,60.17,4.967
1304,-99.9718,-118.73,2.38E+00,27.85,57.81,5.177
1305,-99.9732,-124.984,2.20E+00,27.06,55.47,5.347
1306,-93.3071,-124.987,2.30E+00,27.48,53.95,5.614
1307,-86.6416,-124.991,2.40E+00,27.88,52.02,6.223
1308,-79.9764,-124.995,2.49E+00,28.23,49.86,7.146
1309,-73.3114,-124.999,2.57E+00,28.54,47.61,8.316
1310,-66.6468,-125.003,2.65E+00,28.8,45.35,9.676
1311,-59.9821,-125.007,2.72E+00,29.04,43.19,11.18
1312,-53.3175,-125.011,2.78E+00,29.25,41.18,12.78
1313,-46.6529,-125.014,2.83E+00,29.42,39.32,14.44
1314,-39.9883,-125.017,2.88E+00,29.57,37.62,16.14
1315,-33.3236,-125.02,2.93E+00,29.72,36.09,17.89
1316,-26.6589,-125.023,2.96E+00,29.88,34.7,19.69
1317,-19.994,-125.025,2.99E+00,30.06,33.44,21.53
1318,-13.3291,-125.026,3.01E+00,30.25,32.31,23.42
1319,-6.66427,-125.027,3.03E+00,30.47,31.26,25.34
1320,0.000686999,-125.028,3.04E+00,30.74,30.29,27.32
1321,6.66567,-125.028,3.04E+00,31.05,29.39,29.33
1322,13.3306,-125.027,3.03E+00,31.43,28.56,31.38
1323,19.9956,-125.026,3.01E+00,31.92,27.79,33.46
1324,26.6605,-125.025,2.99E+00,32.52,27.04,35.56
1325,33.3254,-125.023,2.96E+00,33.28,26.32,37.69
1326,39.9902,-125.02,2.92E+00,34.22,25.61,39.83
1327,46.655,-125.017,2.88E+00,35.35,24.91,42
1328,53.3198,-125.014,2.83E+00,36.69,24.21,44.2
1329,59.9845,-125.011,2.77E+00,38.24,23.52,46.46
1330,66.6494,-125.007,2.71E+00,39.96,22.84,48.77
1331,73.3143,-125.003,2.64E+00,41.8,22.16,51.07
1332,79.9794,-124.999,2.56E+00,43.67,21.49,53.33
1333,86.6448,-124.995,2.47E+00,45.49,20.81,55.46
1334,93.3106,-124.992,2.38E+00,47.12,20.14,57.34
1335,99.9769,-124.988,2.28E+00,48.45,19.48,58.81
1336,99.9762,-118.735,2.46E+00,50.58,20.04,61.35
1337,99.9758,-112.482,2.64E+00,52.71,20.58,63.85
1338,99.9761,-106.229,2.80E+00,54.62,21.12,66.08
1339,0.000751804,-118.778,3.34E+00,31.76,31.11,27.72
1340,0.000828653,-112.529,3.65E+00,32.85,31.95,28.1
1341,0.000912317,-106.279,3.97E+00,34.03,32.82,28.46
1342,-53.3159,-118.758,3.04E+00,30.56,42.79,12.6
1343,-53.3142,-112.506,3.30E+00,31.91,44.71,12.35
1344,-53.3125,-106.253,3.56E+00,33.3,46.99,12.02
1345,-79.9743,-118.741,2.71E+00,29.34,52.35,7.017
1346,-79.9724,-112.487,2.92E+00,30.39,55.25,6.823
1347,-79.9707,-106.233,3.13E+00,31.38,58.53,6.554
1348,-86.6379,-112.483,2.80E+00,29.82,57.51,5.916
1349,-93.304,-112.479,2.68E+00,29.2,59.21,5.288
1350,-86.6397,-118.737,2.60E+00,28.88,54.61,6.105
1351,-93.3054,-118.733,2.49E+00,28.37,56.49,5.483
1352,-86.6365,-106.229,3.00E+00,30.69,60.65,5.664
1353,-93.3031,-106.226,2.86E+00,29.97,61.95,5.06
1354,-66.6448,-118.75,2.89E+00,30.07,47.44,9.518
1355,-66.6429,-112.496,3.13E+00,31.32,49.93,9.29
1356,-66.6409,-106.243,3.36E+00,32.54,52.89,8.98
1357,-73.3075,-112.492,3.03E+00,30.89,52.65,7.963
1358,-73.3094,-118.745,2.80E+00,29.73,49.91,8.171
1359,-73.3055,-106.238,3.25E+00,32.01,55.85,7.676
1360,-59.9785,-112.501,3.22E+00,31.65,47.24,10.76
1361,-59.9803,-118.754,2.97E+00,30.35,45.04,11.01
1362,-59.9766,-106.248,3.47E+00,32.97,49.88,10.43
1363,-26.6581,-118.772,3.26E+00,31.14,35.68,19.68
1364,-26.6573,-112.522,3.55E+00,32.47,36.76,19.6
1365,-26.6565,-106.271,3.85E+00,33.89,37.97,19.44
1366,-39.9871,-118.766,3.16E+00,30.88,38.86,16.01
1367,-39.9859,-112.515,3.44E+00,32.25,40.27,15.81
1368,-39.9846,-106.263,3.72E+00,33.71,41.93,15.53
1369,-46.65,-112.511,3.38E+00,32.1,42.37,14.03
1370,-46.6514,-118.763,3.11E+00,30.73,40.73,14.27
1371,-46.6485,-106.258,3.65E+00,33.54,44.33,13.72
1372,-33.3217,-112.519,3.50E+00,32.37,38.4,17.67
1373,-33.3227,-118.77,3.21E+00,31.01,37.18,17.82
1374,-33.3207,-106.267,3.79E+00,33.82,39.81,17.43
1375,-13.3288,-118.776,3.32E+00,31.4,33.15,23.58
1376,-13.3284,-112.527,3.62E+00,32.63,34.04,23.69
1377,-13.3279,-106.277,3.93E+00,33.96,35.01,23.74
1378,-19.9929,-112.525,3.59E+00,32.55,35.31,21.61
1379,-19.9935,-118.775,3.29E+00,31.26,34.34,21.6
1380,-19.9923,-106.274,3.90E+00,33.94,36.38,21.54
1381,-6.66378,-112.528,3.64E+00,32.72,32.93,25.86
1382,-6.66403,-118.778,3.33E+00,31.56,32.08,25.62
1383,-6.66355,-106.278,3.96E+00,33.99,33.84,26.04
1384,46.654,-118.766,3.16E+00,36.39,25.75,43.67
1385,46.6529,-112.515,3.44E+00,37.62,26.61,45.6
1386,46.6519,-106.263,3.71E+00,39.11,27.49,47.89
1387,19.9952,-118.777,3.32E+00,32.77,28.62,34.34
1388,19.9949,-112.527,3.62E+00,33.68,29.49,35.29
1389,19.9945,-106.277,3.93E+00,34.69,30.4,36.36
1390,13.3302,-112.528,3.64E+00,33.29,30.25,32.83
1391,6.66551,-112.529,3.65E+00,33.02,31.06,30.43
1392,13.3304,-118.778,3.33E+00,32.33,29.39,32.08
1393,6.66558,-118.778,3.34E+00,32,30.22,29.87
1394,13.33,-106.278,3.96E+00,34.33,31.14,33.63
1395,6.66544,-106.279,3.97E+00,34.13,31.94,30.99
1396,33.3247,-118.772,3.25E+00,34.14,27.17,38.94
1397,33.324,-112.522,3.55E+00,35.09,28.04,40.37
1398,33.3233,-106.271,3.84E+00,36.18,28.95,42.01
1399,26.6595,-112.525,3.59E+00,34.27,28.76,37.81
1400,26.66,-118.775,3.29E+00,33.36,27.89,36.62
1401,26.6589,-106.274,3.89E+00,35.28,29.67,39.16
1402,39.9885,-112.519,3.50E+00,36.2,27.33,42.96
1403,39.9894,-118.769,3.21E+00,35.14,26.46,41.29
1404,39.9876,-106.267,3.78E+00,37.45,28.23,44.92
1405,73.3128,-118.75,2.87E+00,43.66,22.93,53.62
1406,73.3113,-112.497,3.11E+00,45.93,23.65,56.61
1407,73.31,-106.244,3.33E+00,48.68,24.33,60.09
1408,59.9832,-118.758,3.03E+00,39.66,24.35,48.59
1409,59.9818,-112.506,3.29E+00,41.37,25.16,51.07
1410,59.9805,-106.253,3.54E+00,43.5,25.96,54.03
1411,53.3173,-112.511,3.37E+00,39.36,25.89,48.31
1412,53.3186,-118.762,3.10E+00,37.9,25.05,46.1
1413,53.3161,-106.258,3.63E+00,41.14,26.73,50.93
1414,66.6464,-112.502,3.20E+00,43.6,24.41,53.86
1415,66.6479,-118.754,2.95E+00,41.6,23.64,51.11
1416,66.645,-106.248,3.44E+00,46.07,25.16,57.12
1417,86.6434,-118.742,2.68E+00,47.69,21.47,58.25
1418,86.6423,-112.488,2.89E+00,50.25,22.08,61.38
1419,86.6415,-106.235,3.09E+00,53.06,22.66,64.76
1420,79.9765,-112.493,3.00E+00,48.21,22.87,59.18
1421,79.9779,-118.746,2.78E+00,45.73,22.21,56.05
1422,79.9754,-106.239,3.22E+00,51.11,23.49,62.73
1423,93.3087,-112.485,2.77E+00,51.81,21.31,63.01
1424,93.3095,-118.738,2.58E+00,49.37,20.75,60.09
1425,93.3084,-106.232,2.95E+00,54.28,21.86,65.92
1426,99.9703,106.223,2.72E+00,29.19,62.43,4.673
1427,99.9706,112.476,2.56E+00,28.45,60.42,4.845
1428,99.9714,118.729,2.39E+00,27.68,58.13,5.061
1429,99.9728,124.983,2.21E+00,26.84,55.79,5.26
1430,93.3067,124.986,2.32E+00,27.32,54.42,5.695
1431,86.6411,124.99,2.41E+00,27.76,52.65,6.374
1432,79.9758,124.994,2.50E+00,28.15,50.56,7.286
1433,73.3108,124.998,2.58E+00,28.48,48.25,8.418
1434,66.6459,125.002,2.66E+00,28.76,45.85,9.745
1435,59.9812,125.006,2.73E+00,29,43.56,11.22
1436,53.3165,125.01,2.79E+00,29.2,41.46,12.81
1437,46.6519,125.013,2.84E+00,29.38,39.55,14.47
1438,39.9872,125.017,2.89E+00,29.54,37.82,16.19
1439,33.3225,125.02,2.93E+00,29.69,36.28,17.95
1440,26.6578,125.022,2.97E+00,29.85,34.89,19.75
1441,19.993,125.024,3.00E+00,30.01,33.65,21.6
1442,13.3282,125.026,3.02E+00,30.2,32.51,23.48
1443,6.66327,125.027,3.03E+00,30.42,31.48,25.4
1444,-0.00165671,125.027,3.04E+00,30.67,30.53,27.35
1445,-6.66661,125.028,3.04E+00,30.98,29.65,29.33
1446,-13.3315,125.027,3.03E+00,31.36,28.82,31.34
1447,-19.9965,125.026,3.01E+00,31.85,28.04,33.37
1448,-26.6615,125.025,2.98E+00,32.47,27.28,35.43
1449,-33.3263,125.023,2.95E+00,33.25,26.54,37.51
1450,-39.9911,125.02,2.91E+00,34.23,25.81,39.61
1451,-46.656,125.017,2.87E+00,35.43,25.08,41.76
1452,-53.3207,125.014,2.82E+00,36.86,24.36,43.96
1453,-59.9855,125.011,2.76E+00,38.52,23.64,46.23
1454,-66.6504,125.007,2.69E+00,40.35,22.93,48.53
1455,-73.3152,125.003,2.62E+00,42.27,22.22,50.82
1456,-79.9803,125,2.54E+00,44.18,21.53,53.03
1457,-86.6456,124.996,2.45E+00,46,20.84,55.09
1458,-93.3112,124.992,2.36E+00,47.62,20.16,56.89
1459,-99.9773,124.989,2.26E+00,48.87,19.51,58.3
1460,-99.9764,118.735,2.45E+00,50.65,20.05,60.91
1461,-99.976,112.482,2.63E+00,52.56,20.58,63.46
1462,-99.9761,106.229,2.80E+00,54.37,21.12,65.76
1463,-0.00184334,118.778,3.34E+00,31.65,31.31,27.83
1464,-0.00203661,112.529,3.65E+00,32.7,32.12,28.29
1465,-0.00223549,106.279,3.97E+00,33.85,32.98,28.73
1466,53.3149,118.758,3.05E+00,30.53,43.19,12.62
1467,53.3131,112.505,3.31E+00,31.89,45.22,12.38
1468,53.3114,106.252,3.57E+00,33.28,47.61,12.08
1469,79.9737,118.74,2.72E+00,29.29,53.03,7.121
1470,79.9717,112.486,2.93E+00,30.35,55.87,6.9
1471,79.9699,106.232,3.14E+00,31.34,59.11,6.605
1472,86.6373,112.482,2.81E+00,29.76,58.03,5.972
1473,93.3036,112.479,2.69E+00,29.11,59.61,5.276
1474,86.6391,118.736,2.62E+00,28.8,55.18,6.199
1475,93.3049,118.733,2.51E+00,28.26,56.94,5.505
1476,86.6359,106.228,3.01E+00,30.64,61.1,5.691
1477,93.3027,106.225,2.87E+00,29.91,62.25,5.035
1478,66.644,118.749,2.90E+00,30.04,48.09,9.556
1479,66.6419,112.496,3.14E+00,31.28,50.63,9.329
1480,66.6399,106.242,3.37E+00,32.51,53.61,9.026
1481,73.3066,112.491,3.04E+00,30.86,53.35,8.028
1482,73.3087,118.745,2.81E+00,29.7,50.63,8.247
1483,73.3047,106.237,3.26E+00,31.97,56.53,7.729
1484,59.9775,112.501,3.23E+00,31.62,47.88,10.79
1485,59.9794,118.754,2.98E+00,30.31,45.56,11.02
1486,59.9755,106.247,3.47E+00,32.95,50.58,10.48
1487,26.6569,118.772,3.26E+00,31.1,35.87,19.78
1488,26.656,112.521,3.56E+00,32.41,36.97,19.75
1489,26.6551,106.27,3.85E+00,33.82,38.21,19.63
1490,39.986,118.766,3.17E+00,30.86,39.11,16.07
1491,39.9846,112.514,3.45E+00,32.23,40.58,15.9
1492,39.9833,106.262,3.73E+00,33.68,42.32,15.64
1493,46.6489,112.51,3.38E+00,32.09,42.77,14.1
1494,46.6504,118.762,3.11E+00,30.71,41.04,14.31
1495,46.6473,106.257,3.65E+00,33.52,44.82,13.8
1496,33.3204,112.518,3.51E+00,32.34,38.65,17.79
1497,33.3215,118.769,3.22E+00,30.98,37.39,17.9
1498,33.3192,106.267,3.80E+00,33.77,40.12,17.59
1499,13.3277,118.776,3.32E+00,31.33,33.34,23.7
1500,13.3271,112.526,3.62E+00,32.53,34.22,23.88
1501,13.3266,106.276,3.93E+00,33.83,35.19,23.98
1502,19.9916,112.524,3.59E+00,32.47,35.5,21.78
1503,19.9923,118.774,3.29E+00,31.21,34.53,21.72
1504,19.9909,106.274,3.90E+00,33.83,36.58,21.76
1505,6.66258,112.528,3.64E+00,32.6,33.11,26.05
1506,6.66293,118.777,3.34E+00,31.47,32.27,25.74
1507,6.66222,106.278,3.96E+00,33.82,34,26.31
1508,-46.6551,118.767,3.15E+00,36.44,25.9,43.57
1509,-46.6541,112.515,3.43E+00,37.65,26.75,45.6
1510,-46.6532,106.264,3.71E+00,39.1,27.62,47.93
1511,-19.9962,118.777,3.31E+00,32.65,28.84,34.35
1512,-19.996,112.527,3.62E+00,33.54,29.68,35.4
1513,-19.9958,106.277,3.93E+00,34.52,30.56,36.55
1514,-13.3314,112.528,3.64E+00,33.13,30.43,32.97
1515,-6.66667,112.529,3.65E+00,32.87,31.24,30.59
1516,-13.3314,118.778,3.33E+00,32.21,29.61,32.13
1517,-6.66664,118.778,3.34E+00,31.89,30.43,29.96
1518,-13.3312,106.278,3.95E+00,34.14,31.3,33.86
1519,-6.66673,106.279,3.97E+00,33.94,32.1,31.25
1520,-33.3257,118.772,3.25E+00,34.07,27.37,38.88
1521,-33.3251,112.522,3.54E+00,35.01,28.22,40.4
1522,-33.3246,106.271,3.84E+00,36.1,29.11,42.13
1523,-26.6605,112.525,3.59E+00,34.15,28.95,37.88
1524,-26.6609,118.775,3.28E+00,33.26,28.1,36.6
1525,-26.6602,106.275,3.89E+00,35.15,29.84,39.32
1526,-39.9897,112.519,3.49E+00,36.17,27.49,42.97
1527,-39.9904,118.77,3.20E+00,35.12,26.64,41.2
1528,-39.9889,106.268,3.78E+00,37.41,28.38,45
1529,-73.3137,118.751,2.86E+00,43.94,22.97,53.43
1530,-73.3122,112.498,3.09E+00,46.03,23.69,56.39
1531,-73.3109,106.244,3.33E+00,48.6,24.38,59.82
1532,-59.9843,118.759,3.02E+00,39.86,24.44,48.47
1533,-59.983,112.507,3.28E+00,41.48,25.25,50.99
1534,-59.9817,106.254,3.54E+00,43.49,26.05,53.93
1535,-53.3186,112.511,3.36E+00,39.44,26,48.27
1536,-53.3197,118.763,3.09E+00,38.03,25.17,45.99
1537,-53.3174,106.259,3.63E+00,41.15,26.84,50.91
1538,-66.6475,112.502,3.19E+00,43.72,24.48,53.72
1539,-66.649,118.755,2.94E+00,41.85,23.71,50.96
1540,-66.6462,106.249,3.44E+00,46.03,25.23,56.94
1541,-86.6442,118.742,2.67E+00,47.93,21.49,57.92
1542,-86.643,112.489,2.88E+00,50.26,22.1,61.04
1543,-86.6421,106.235,3.08E+00,52.9,22.67,64.39
1544,-79.9774,112.493,2.99E+00,48.27,22.9,58.89
1545,-79.9788,118.746,2.77E+00,46.01,22.23,55.78
1546,-79.9762,106.239,3.21E+00,50.99,23.52,62.4
1547,-93.3091,112.485,2.76E+00,51.75,21.31,62.62
1548,-93.3099,118.739,2.56E+00,49.54,20.75,59.69
1549,-93.3086,106.232,2.94E+00,54.08,21.85,65.56
1550,106.223,124.981,2.11E+00,26.34,56.65,5.051
1551,112.473,124.979,2.00E+00,25.82,56.94,5.025
1552,118.725,124.977,1.88E+00,25.19,56.67,5.162
1553,124.976,124.976,1.75E+00,24.38,55.92,5.432
1554,124.977,118.725,1.88E+00,25.17,56.6,5.204
1555,124.979,112.474,1.99E+00,25.81,56.79,5.071
1556,124.981,106.223,2.11E+00,26.37,56.39,5.067
1557,124.983,99.973,2.21E+00,26.91,55.42,5.25
1558,124.987,93.3069,2.31E+00,27.4,53.92,5.681
1559,124.99,86.6413,2.41E+00,27.85,52.02,6.383
1560,124.994,79.976,2.50E+00,28.24,49.88,7.337
1561,124.998,73.3111,2.58E+00,28.58,47.65,8.504
1562,125.002,66.6463,2.66E+00,28.86,45.44,9.838
1563,125.006,59.9816,2.73E+00,29.1,43.3,11.3
1564,125.01,53.317,2.79E+00,29.31,41.3,12.86
1565,125.014,46.6524,2.84E+00,29.49,39.46,14.5
1566,125.017,39.9877,2.89E+00,29.66,37.77,16.2
1567,125.02,33.323,2.93E+00,29.83,36.23,17.96
1568,125.022,26.6582,2.97E+00,30,34.83,19.75
1569,125.024,19.9934,3.00E+00,30.19,33.57,21.59
1570,125.026,13.3285,3.02E+00,30.39,32.42,23.48
1571,125.027,6.66362,3.03E+00,30.62,31.38,25.4
1572,125.027,-0.00133012,3.04E+00,30.89,30.42,27.36
1573,125.027,-6.66631,3.03E+00,31.22,29.53,29.37
1574,125.027,-13.3312,3.03E+00,31.62,28.71,31.4
1575,125.026,-19.9962,3.01E+00,32.13,27.93,33.47
1576,125.024,-26.6612,2.98E+00,32.76,27.17,35.55
1577,125.022,-33.326,2.95E+00,33.55,26.44,37.66
1578,125.02,-39.9909,2.91E+00,34.52,25.71,39.77
1579,125.017,-46.6557,2.87E+00,35.7,25,41.91
1580,125.014,-53.3204,2.82E+00,37.08,24.28,44.08
1581,125.011,-59.9852,2.76E+00,38.65,23.57,46.28
1582,125.007,-66.6501,2.69E+00,40.41,22.87,48.52
1583,125.003,-73.3149,2.62E+00,42.29,22.16,50.77
1584,124.999,-79.9801,2.54E+00,44.22,21.46,52.99
1585,124.996,-86.6455,2.46E+00,46.11,20.75,55.09
1586,124.992,-93.3111,2.36E+00,47.82,20.05,56.94
1587,124.989,-99.9774,2.27E+00,49.19,19.37,58.4
1588,124.986,-106.227,2.17E+00,50.08,18.74,59.34
1589,124.984,-112.478,2.06E+00,50.44,18.15,59.7
1590,124.982,-118.729,1.95E+00,50.24,17.61,59.49
1591,124.981,-124.981,1.83E+00,49.58,17.12,58.78
1592,118.729,-124.982,1.95E+00,49.86,17.69,59.73
1593,112.478,-124.984,2.07E+00,49.84,18.27,60.08
1594,106.227,-124.986,2.18E+00,49.37,18.87,59.76
1595,118.778,-0.00146446,3.34E+00,31.88,31.22,27.84
1596,112.528,-0.00160475,3.65E+00,32.94,32.06,28.29
1597,106.279,-0.0017518,3.97E+00,34.11,32.94,28.71
1598,118.749,66.6443,2.90E+00,30.13,47.57,9.637
1599,112.496,66.6424,3.13E+00,31.38,50.08,9.396
1600,106.242,66.6404,3.37E+00,32.6,53.07,9.085
1601,118.73,99.7652,2.39E+00,27.76,57.82,5.067
1602,112.476,99.7643,2.56E+00,28.51,60.19,4.861
1603,106.223,99.764,2.73E+00,29.22,62.31,4.685
1604,112.474,106.137,2.43E+00,27.85,60.31,4.68
1605,112.473,112.473,2.29E+00,27.2,59.69,4.702
1606,112.473,118.726,2.15E+00,26.53,58.51,4.846
1607,118.726,112.473,2.15E+00,26.55,58.42,4.859
1608,118.72,106.151,2.27E+00,27.16,58.46,4.866
1609,118.725,118.725,2.01E+00,25.91,57.78,4.978
1610,106.222,112.474,2.43E+00,27.82,60.41,4.672
1611,106.229,106.151,2.58E+00,28.51,61.71,4.583
1612,106.222,118.727,2.27E+00,27.11,58.65,4.857
1613,118.736,86.6393,2.61E+00,28.88,54.67,6.21
1614,112.483,86.6376,2.81E+00,29.82,57.6,5.991
1615,106.229,86.6362,3.01E+00,30.69,60.74,5.719
1616,112.479,93.2188,2.69E+00,29.18,59.26,5.294
1617,118.739,93.2343,2.50E+00,28.34,56.52,5.509
1618,106.219,93.232,2.87E+00,29.95,62,5.057
1619,112.491,73.307,3.03E+00,30.94,52.79,8.078
1620,112.487,79.9721,2.93E+00,30.42,55.36,6.931
1621,118.745,73.309,2.81E+00,29.78,50.02,8.311
1622,118.741,79.974,2.72E+00,29.37,52.44,7.155
1623,106.237,73.3051,3.26E+00,32.05,56.01,7.776
1624,106.233,79.9703,3.13E+00,31.4,58.66,6.641
1625,118.769,33.322,3.22E+00,31.12,37.34,17.9
1626,112.518,33.3209,3.51E+00,32.48,38.58,17.79
1627,106.267,33.3198,3.79E+00,33.93,40,17.58
1628,118.758,53.3153,3.05E+00,30.64,42.95,12.68
1629,112.506,53.3137,3.31E+00,32,44.88,12.44
1630,106.253,53.3119,3.57E+00,33.39,47.19,12.13
1631,112.501,59.9779,3.23E+00,31.73,47.41,10.86
1632,118.754,59.9798,2.98E+00,30.41,45.19,11.1
1633,106.247,59.976,3.47E+00,33.05,50.07,10.54
1634,112.514,39.9852,3.45E+00,32.36,40.45,15.92
1635,112.51,46.6494,3.38E+00,32.21,42.55,14.14
1636,118.766,39.9865,3.17E+00,30.99,39.02,16.09
1637,118.762,46.6509,3.11E+00,30.83,40.89,14.35
1638,106.262,39.9839,3.73E+00,33.82,42.12,15.66
1639,106.258,46.6479,3.65E+00,33.64,44.52,13.84
1640,118.774,19.9928,3.29E+00,31.38,34.48,21.7
1641,112.524,19.9921,3.59E+00,32.65,35.47,21.76
1642,106.274,19.9915,3.90E+00,34.03,36.54,21.73
1643,112.521,26.6566,3.55E+00,32.57,36.92,19.73
1644,118.772,26.6574,3.26E+00,31.25,35.83,19.77
1645,106.27,26.6557,3.85E+00,33.99,38.15,19.6
1646,112.528,6.66304,3.64E+00,32.82,33.06,26.03
1647,112.526,13.3276,3.62E+00,32.73,34.18,23.85
1648,118.777,6.66334,3.33E+00,31.68,32.2,25.74
1649,118.776,13.3281,3.32E+00,31.52,33.28,23.69
1650,106.278,6.66274,3.95E+00,34.06,33.97,26.28
1651,106.276,13.3272,3.93E+00,34.04,35.16,23.95
1652,118.759,-59.9839,3.02E+00,39.97,24.38,48.5
1653,112.506,-59.9826,3.28E+00,41.62,25.19,51.04
1654,106.254,-59.9813,3.54E+00,43.68,25.99,54.02
1655,118.775,-26.6607,3.28E+00,33.55,28.01,36.71
1656,112.524,-26.6603,3.58E+00,34.43,28.87,37.98
1657,106.274,-26.6598,3.89E+00,35.42,29.77,39.39
1658,118.777,-13.3311,3.33E+00,32.48,29.52,32.2
1659,112.528,-13.3309,3.64E+00,33.4,30.36,33.02
1660,106.278,-13.3308,3.95E+00,34.43,31.24,33.9
1661,112.529,-6.66626,3.65E+00,33.13,31.17,30.62
1662,118.778,-6.66627,3.34E+00,32.14,30.34,29.99
1663,106.279,-6.66627,3.96E+00,34.22,32.05,31.26
1664,112.526,-19.9956,3.62E+00,33.82,29.6,35.48
1665,118.776,-19.9959,3.31E+00,32.93,28.75,34.44
1666,106.277,-19.9953,3.93E+00,34.81,30.49,36.62
1667,118.769,-39.9901,3.20E+00,35.39,26.55,41.33
1668,112.519,-39.9893,3.49E+00,36.41,27.42,43.07
1669,106.267,-39.9885,3.78E+00,37.63,28.31,45.08
1670,112.522,-33.3249,3.54E+00,35.28,28.14,40.51
1671,118.772,-33.3255,3.25E+00,34.36,27.28,39.01
1672,106.271,-33.3242,3.84E+00,36.34,29.05,42.22
1673,112.511,-53.3182,3.36E+00,39.59,25.94,48.33
1674,112.515,-46.6536,3.43E+00,37.85,26.68,45.67
1675,118.763,-53.3193,3.09E+00,38.2,25.11,46.06
1676,118.766,-46.6547,3.15E+00,36.67,25.83,43.67
1677,106.259,-53.3169,3.63E+00,41.33,26.78,50.98
1678,106.263,-46.6527,3.71E+00,39.29,27.56,48
1679,118.747,-93.23,2.57E+00,49.82,20.68,59.83
1680,112.485,-93.2089,2.76E+00,52.08,21.27,62.83
1681,106.224,-93.2288,2.95E+00,54.41,21.84,65.8
1682,118.75,-73.3134,2.86E+00,44.03,22.91,53.44
1683,112.497,-73.312,3.09E+00,46.2,23.64,56.49
1684,106.244,-73.3106,3.33E+00,48.86,24.33,60
1685,112.502,-66.6471,3.19E+00,43.86,24.42,53.78
1686,118.755,-66.6485,2.94E+00,41.94,23.65,50.97
1687,106.249,-66.6458,3.44E+00,46.24,25.18,57.07
1688,112.489,-86.6127,2.88E+00,50.53,22.05,61.22
1689,112.493,-79.9772,2.99E+00,48.5,22.85,59.03
1690,118.745,-86.624,2.67E+00,48.13,21.42,58.02
1691,118.746,-79.9786,2.77E+00,46.14,22.17,55.83
1692,106.232,-86.6219,3.08E+00,53.22,22.64,64.62
1693,106.239,-79.976,3.21E+00,51.27,23.48,62.6
1694,118.724,-106.147,2.34E+00,51.6,19.32,61.68
1695,112.48,-106.127,2.50E+00,53.04,19.89,63.73
1696,106.236,-106.148,2.66E+00,54.13,20.48,65.28
1697,112.482,-99.705,2.64E+00,52.94,20.55,63.69
1698,118.736,-99.729,2.46E+00,51.02,19.97,61.09
1699,106.229,-99.7287,2.81E+00,54.71,21.11,66.01
1700,112.478,-118.731,2.22E+00,51.29,18.78,61.73
1701,112.479,-112.449,2.37E+00,52.43,19.31,63.02
1702,118.73,-118.73,2.09E+00,50.9,18.19,60.88
1703,118.728,-112.458,2.22E+00,51.54,18.73,61.58
1704,106.227,-118.733,2.35E+00,51.22,19.39,61.91
1705,106.23,-112.46,2.51E+00,52.88,19.91,63.83
1706,-106.227,124.986,2.16E+00,49.63,18.9,59.19
1707,-112.478,124.984,2.06E+00,49.85,18.3,59.51
1708,-118.729,124.982,1.94E+00,49.57,17.69,59.33
1709,-124.981,124.981,1.82E+00,48.92,17.07,58.79
1710,-124.982,118.729,1.95E+00,49.48,17.69,59.74
1711,-124.984,112.478,2.06E+00,49.65,18.28,60.05
1712,-124.986,106.227,2.17E+00,49.32,18.86,59.72
1713,-124.988,99.9771,2.28E+00,48.49,19.49,58.79
1714,-124.992,93.3108,2.38E+00,47.21,20.15,57.34
1715,-124.996,86.6451,2.47E+00,45.59,20.83,55.48
1716,-124.999,79.9797,2.56E+00,43.73,21.52,53.34
1717,-125.003,73.3146,2.63E+00,41.74,22.21,51.01
1718,-125.007,66.6497,2.70E+00,39.81,22.9,48.64
1719,-125.011,59.9849,2.77E+00,38.04,23.6,46.33
1720,-125.014,53.3201,2.83E+00,36.48,24.3,44.09
1721,-125.018,46.6553,2.88E+00,35.12,25,41.9
1722,-125.02,39.9905,2.92E+00,33.97,25.71,39.74
1723,-125.023,33.3257,2.96E+00,33.03,26.43,37.61
1724,-125.025,26.6608,2.99E+00,32.27,27.16,35.5
1725,-125.026,19.9959,3.01E+00,31.68,27.91,33.41
1726,-125.027,13.3309,3.03E+00,31.21,28.69,31.35
1727,-125.028,6.66596,3.04E+00,30.84,29.51,29.32
1728,-125.028,0.000991917,3.04E+00,30.54,30.39,27.32
1729,-125.027,-6.66396,3.03E+00,30.29,31.35,25.35
1730,-125.026,-13.3288,3.02E+00,30.08,32.4,23.43
1731,-125.025,-19.9937,2.99E+00,29.9,33.56,21.54
1732,-125.023,-26.6585,2.96E+00,29.74,34.84,19.69
1733,-125.02,-33.3232,2.93E+00,29.59,36.25,17.88
1734,-125.017,-39.9879,2.88E+00,29.44,37.82,16.11
1735,-125.014,-46.6526,2.83E+00,29.28,39.56,14.39
1736,-125.01,-53.3171,2.78E+00,29.12,41.46,12.72
1737,-125.007,-59.9818,2.72E+00,28.93,43.53,11.12
1738,-125.003,-66.6465,2.65E+00,28.71,45.77,9.624
1739,-124.998,-73.3112,2.57E+00,28.45,48.11,8.267
1740,-124.994,-79.9762,2.49E+00,28.15,50.43,7.106
1741,-124.99,-86.6414,2.40E+00,27.8,52.64,6.2
1742,-124.987,-93.307,2.30E+00,27.41,54.59,5.612
1743,-124.983,-99.9732,2.20E+00,26.99,56.12,5.368
1744,-124.981,-106.223,2.09E+00,26.56,57.07,5.427
1745,-124.979,-112.474,1.98E+00,26.12,57.37,5.699
1746,-124.977,-118.725,1.87E+00,25.66,57.05,6.106
1747,-124.977,-124.977,1.74E+00,25.13,56.19,6.606
1748,-118.725,-124.977,1.87E+00,25.68,56.71,6.074
1749,-112.474,-124.979,1.98E+00,26.16,56.84,5.654
1750,-106.223,-124.981,2.09E+00,26.62,56.44,5.389
1751,-118.778,0.0011069,3.34E+00,31.55,31.19,27.73
1752,-112.529,0.001229,3.65E+00,32.63,32.01,28.12
1753,-106.279,0.00135661,3.97E+00,33.8,32.88,28.5
1754,-118.755,66.6482,2.95E+00,41.49,23.69,51.03
1755,-112.502,66.6468,3.20E+00,43.51,24.46,53.8
1756,-106.249,66.6454,3.44E+00,45.95,25.2,57.04
1757,-118.735,99.7698,2.46E+00,50.51,20.05,61.27
1758,-112.482,99.7694,2.64E+00,52.57,20.59,63.72
1759,-106.229,99.7696,2.81E+00,54.42,21.12,65.92
1760,-112.48,106.142,2.50E+00,52.66,19.93,63.68
1761,-112.478,112.479,2.36E+00,52.06,19.35,62.82
1762,-112.478,118.731,2.21E+00,51.02,18.82,61.36
1763,-118.731,112.478,2.22E+00,51.02,18.81,61.63
1764,-118.726,106.156,2.34E+00,51.08,19.4,61.82
1765,-118.73,118.73,2.08E+00,50.43,18.25,60.74
1766,-106.227,112.48,2.50E+00,52.63,19.93,63.49
1767,-106.235,106.157,2.66E+00,53.83,20.49,65.08
1768,-106.227,118.733,2.33E+00,51.13,19.41,61.46
1769,-118.742,86.6437,2.68E+00,47.72,21.48,58.22
1770,-112.489,86.6425,2.89E+00,50.2,22.09,61.31
1771,-106.235,86.6416,3.09E+00,52.96,22.66,64.64
1772,-112.485,93.2238,2.77E+00,51.73,21.31,62.9
1773,-118.745,93.2388,2.57E+00,49.35,20.75,60.02
1774,-106.225,93.2375,2.95E+00,54.15,21.85,65.79
1775,-112.497,73.3116,3.10E+00,45.88,23.68,56.56
1776,-112.493,79.9768,3.00E+00,48.18,22.89,59.12
1777,-118.75,73.3131,2.87E+00,43.63,22.96,53.59
1778,-118.746,79.9782,2.78E+00,45.76,22.23,56.03
1779,-106.244,73.3103,3.33E+00,48.59,24.36,60.01
1780,-106.239,79.9756,3.22E+00,51.02,23.51,62.63
1781,-118.773,33.325,3.25E+00,33.89,27.27,38.87
1782,-112.522,33.3244,3.55E+00,34.85,28.14,40.3
1783,-106.272,33.3238,3.85E+00,35.94,29.03,41.94
1784,-118.763,53.3189,3.10E+00,37.69,25.13,45.98
1785,-112.511,53.3177,3.37E+00,39.15,25.96,48.2
1786,-106.259,53.3165,3.64E+00,40.95,26.79,50.83
1787,-112.507,59.9822,3.29E+00,41.22,25.21,50.98
1788,-118.759,59.9835,3.03E+00,39.47,24.41,48.47
1789,-106.254,59.9809,3.54E+00,43.35,26.01,53.94
1790,-112.519,39.9889,3.50E+00,35.96,27.42,42.87
1791,-112.515,46.6533,3.44E+00,37.39,26.69,45.5
1792,-118.77,39.9897,3.21E+00,34.9,26.55,41.2
1793,-118.766,46.6543,3.16E+00,36.16,25.84,43.56
1794,-106.268,39.9881,3.79E+00,37.21,28.3,44.83
1795,-106.264,46.6523,3.72E+00,38.88,27.56,47.78
1796,-118.777,19.9956,3.32E+00,32.53,28.73,34.29
1797,-112.527,19.9952,3.62E+00,33.44,29.57,35.26
1798,-106.277,19.9949,3.93E+00,34.44,30.46,36.34
1799,-112.525,26.6598,3.59E+00,34.02,28.85,37.76
1800,-118.775,26.6603,3.29E+00,33.11,27.99,36.56
1801,-106.275,26.6594,3.90E+00,35.03,29.75,39.11
1802,-112.529,6.6659,3.66E+00,32.79,31.13,30.43
1803,-112.528,13.3306,3.64E+00,33.05,30.33,32.82
1804,-118.779,6.66592,3.34E+00,31.79,30.3,29.87
1805,-118.778,13.3307,3.34E+00,32.1,29.49,32.06
1806,-106.28,6.66588,3.97E+00,33.89,31.99,31.02
1807,-106.279,13.3304,3.96E+00,34.08,31.2,33.63
1808,-118.754,-59.9799,2.97E+00,30.23,45.44,10.94
1809,-112.501,-59.9781,3.22E+00,31.54,47.69,10.7
1810,-106.248,-59.9762,3.47E+00,32.86,50.38,10.38
1811,-118.772,-26.6577,3.26E+00,30.99,35.82,19.69
1812,-112.522,-26.6569,3.55E+00,32.31,36.9,19.63
1813,-106.271,-26.656,3.85E+00,33.73,38.12,19.47
1814,-118.777,-13.3284,3.32E+00,31.23,33.24,23.6
1815,-112.527,-13.3279,3.62E+00,32.44,34.14,23.73
1816,-106.277,-13.3275,3.93E+00,33.76,35.1,23.79
1817,-112.528,-6.66337,3.64E+00,32.52,33.01,25.89
1818,-118.778,-6.66366,3.34E+00,31.37,32.16,25.64
1819,-106.278,-6.6631,3.96E+00,33.77,33.91,26.09
1820,-112.525,-19.9925,3.59E+00,32.38,35.43,21.64
1821,-118.775,-19.9931,3.29E+00,31.1,34.46,21.62
1822,-106.274,-19.9918,3.90E+00,33.75,36.5,21.58
1823,-118.766,-39.9867,3.16E+00,30.75,39.07,15.99
1824,-112.515,-39.9854,3.44E+00,32.13,40.5,15.81
1825,-106.263,-39.9841,3.73E+00,33.58,42.19,15.53
1826,-112.518,-33.3213,3.50E+00,32.23,38.59,17.68
1827,-118.769,-33.3223,3.21E+00,30.88,37.35,17.81
1828,-106.267,-33.3202,3.79E+00,33.68,40.01,17.46
1829,-112.506,-53.3139,3.30E+00,31.79,45.07,12.3
1830,-112.51,-46.6496,3.38E+00,31.99,42.66,14.01
1831,-118.758,-53.3155,3.04E+00,30.44,43.11,12.54
1832,-118.762,-46.6512,3.11E+00,30.61,40.99,14.23
1833,-106.253,-53.312,3.56E+00,33.19,47.41,11.98
1834,-106.258,-46.6481,3.65E+00,33.42,44.66,13.7
1835,-118.741,-93.2254,2.49E+00,28.31,57.12,5.49
1836,-112.479,-93.2037,2.68E+00,29.15,59.77,5.301
1837,-106.218,-93.2231,2.86E+00,29.93,62.4,5.07
1838,-118.745,-73.3091,2.80E+00,29.64,50.47,8.116
1839,-112.491,-73.3071,3.03E+00,30.79,53.24,7.905
1840,-106.237,-73.3051,3.25E+00,31.91,56.47,7.618
1841,-112.496,-66.6424,3.13E+00,31.21,50.46,9.223
1842,-118.75,-66.6444,2.89E+00,29.96,47.92,9.452
1843,-106.242,-66.6404,3.36E+00,32.44,53.46,8.919
1844,-112.483,-86.6075,2.80E+00,29.75,58.13,5.9
1845,-112.487,-79.9721,2.92E+00,30.3,55.87,6.781
1846,-118.74,-86.6194,2.60E+00,28.81,55.24,6.083
1847,-118.741,-79.9741,2.71E+00,29.25,52.96,6.975
1848,-106.226,-86.6162,3.00E+00,30.62,61.22,5.649
1849,-106.233,-79.9704,3.13E+00,31.29,59.15,6.513
1850,-118.719,-106.142,2.26E+00,27.28,58.94,5.198
1851,-112.475,-106.122,2.42E+00,27.95,60.59,4.951
1852,-106.231,-106.142,2.57E+00,28.6,61.79,4.774
1853,-112.477,-99.6998,2.55E+00,28.55,60.61,4.996
1854,-118.73,-99.7243,2.38E+00,27.8,58.4,5.208
1855,-106.224,-99.7231,2.72E+00,29.25,62.56,4.792
1856,-112.473,-118.726,2.13E+00,26.79,58.46,5.356
1857,-112.474,-112.444,2.28E+00,27.37,59.8,5.097
1858,-118.725,-118.725,2.00E+00,26.24,57.94,5.695
1859,-118.723,-112.453,2.14E+00,26.77,58.76,5.386
1860,-106.222,-118.728,2.26E+00,27.32,58.46,5.158
1861,-106.225,-112.455,2.42E+00,27.97,60.32,4.928
1862,124.981,-131.233,1.70E+00,48.63,16.64,57.77
1863,124.981,-137.486,1.56E+00,47.53,16.13,56.59
1864,124.981,-143.739,1.42E+00,46.35,15.58,55.32
1865,124.982,-149.992,1.26E+00,45.12,15.05,54.23
1866,118.732,-149.994,1.33E+00,44.48,15.4,53.81
1867,112.482,-149.997,1.39E+00,43.8,15.81,53.07
1868,106.232,-149.999,1.44E+00,43.07,16.18,52.14
1869,99.9829,-150.001,1.49E+00,42.06,16.57,50.7
1870,93.3171,-150.004,1.54E+00,40.81,17.11,49.1
1871,86.6515,-150.006,1.58E+00,39.49,17.64,47.54
1872,79.986,-150.009,1.62E+00,38.02,18.18,45.68
1873,73.3206,-150.011,1.66E+00,36.59,18.85,43.92
1874,66.6552,-150.013,1.69E+00,35.33,19.47,42.35
1875,59.9898,-150.015,1.72E+00,34.03,20.12,40.6
1876,53.3244,-150.017,1.75E+00,32.83,20.85,38.91
1877,46.659,-150.018,1.77E+00,31.83,21.51,37.35
1878,39.9936,-150.02,1.79E+00,30.78,22.25,35.67
1879,33.3281,-150.021,1.81E+00,29.87,23.02,34.02
1880,26.6626,-150.022,1.82E+00,29.14,23.73,32.42
1881,19.9971,-150.023,1.83E+00,28.34,24.55,30.8
1882,13.3316,-150.023,1.84E+00,27.69,25.38,29.18
1883,6.66602,-150.024,1.84E+00,27.18,26.16,27.55
1884,0.000485651,-150.024,1.84E+00,26.57,27.09,25.98
1885,-6.66505,-150.023,1.84E+00,26.09,28,24.4
1886,-13.3305,-150.023,1.83E+00,25.71,28.92,22.73
1887,-19.9961,-150.022,1.82E+00,25.22,30.06,21.18
1888,-26.6616,-150.021,1.81E+00,24.81,31.26,19.68
1889,-33.327,-150.02,1.79E+00,24.51,32.41,18.17
1890,-39.9925,-150.019,1.77E+00,24.26,33.54,16.54
1891,-46.6579,-150.017,1.75E+00,23.97,34.81,14.83
1892,-53.3232,-150.015,1.72E+00,23.65,36.32,13.35
1893,-59.9886,-150.013,1.69E+00,23.48,37.75,11.86
1894,-66.6539,-150.011,1.65E+00,23.29,39.24,10.22
1895,-73.3192,-150.008,1.62E+00,23.07,41,8.87
1896,-79.9846,-150.006,1.58E+00,22.97,42.63,7.595
1897,-86.65,-150.003,1.53E+00,22.8,44.31,6.353
1898,-93.3154,-150.001,1.48E+00,22.63,46.19,5.598
1899,-99.9811,-149.998,1.42E+00,22.57,47.68,5.334
1900,-106.23,-149.995,1.37E+00,22.4,48.98,5.581
1901,-112.48,-149.993,1.31E+00,22.22,50.29,6.169
1902,-118.729,-149.991,1.24E+00,22.18,51.08,7.066
1903,-124.979,-149.989,1.17E+00,22.02,51.47,8.263
1904,-124.978,-143.735,1.33E+00,23.15,52.7,7.95
1905,-124.977,-137.482,1.47E+00,23.93,53.84,7.577
1906,-124.976,-131.229,1.61E+00,24.55,55.03,7.126
1907,0.000526847,-143.775,2.14E+00,27.81,27.89,26.18
1908,0.000578037,-137.526,2.43E+00,28.8,28.68,26.52
1909,0.000629717,-131.277,2.73E+00,29.76,29.48,26.91
1910,66.6538,-143.762,1.95E+00,36.38,20.35,43.51
1911,66.6523,-137.511,2.20E+00,37.42,21.19,44.99
1912,66.6508,-131.259,2.46E+00,38.6,22.03,46.75
1913,99.7748,-143.748,1.70E+00,43.37,17.42,52.33
1914,99.7731,-137.495,1.90E+00,44.8,18.2,54.24
1915,99.7717,-131.242,2.10E+00,46.48,18.88,56.4
1916,106.144,-137.492,1.83E+00,45.81,17.68,55.49
1917,112.479,-137.49,1.75E+00,46.62,17.19,56.37
1918,118.73,-137.488,1.66E+00,47.21,16.69,56.78
1919,112.48,-143.743,1.57E+00,45.15,16.55,54.61
1920,106.16,-143.739,1.64E+00,44.36,16.97,53.67
1921,118.731,-143.741,1.50E+00,45.82,16.05,55.19
1922,112.478,-131.237,1.91E+00,48.23,17.75,58.24
1923,106.157,-131.246,2.01E+00,47.51,18.31,57.57
1924,118.729,-131.235,1.81E+00,48.59,17.21,58.33
1925,86.6498,-143.754,1.81E+00,40.75,18.5,49.06
1926,86.6481,-137.501,2.04E+00,42.07,19.31,50.88
1927,86.6464,-131.248,2.26E+00,43.63,20.09,53.01
1928,93.2286,-137.498,1.97E+00,43.53,18.75,52.66
1929,93.2445,-143.758,1.76E+00,42.13,17.98,50.74
1930,93.2412,-131.238,2.18E+00,45.18,19.47,54.86
1931,73.3175,-137.508,2.15E+00,38.96,20.56,46.97
1932,79.9827,-137.505,2.10E+00,40.54,19.92,48.96
1933,73.319,-143.759,1.91E+00,37.78,19.72,45.29
1934,79.9844,-143.757,1.86E+00,39.29,19.06,47.18
1935,73.3159,-131.256,2.40E+00,40.26,21.37,48.88
1936,79.981,-131.252,2.33E+00,41.96,20.73,50.99
1937,33.3274,-143.772,2.09E+00,30.9,23.85,34.68
1938,33.3268,-137.522,2.38E+00,31.71,24.67,35.57
1939,33.3261,-131.273,2.67E+00,32.48,25.49,36.57
1940,53.3233,-143.767,2.02E+00,33.87,21.7,39.9
1941,53.3221,-137.516,2.29E+00,34.75,22.54,41.15
1942,53.321,-131.265,2.56E+00,35.67,23.37,42.57
1943,59.9872,-137.513,2.25E+00,36.03,21.86,43.06
1944,59.9885,-143.764,1.98E+00,35.1,20.99,41.69
1945,59.9859,-131.262,2.51E+00,37.05,22.69,44.63
1946,39.9919,-137.521,2.36E+00,32.59,23.94,37.42
1947,46.657,-137.518,2.32E+00,33.59,23.23,39.27
1948,39.9928,-143.77,2.07E+00,31.8,23.09,36.43
1949,46.658,-143.769,2.05E+00,32.77,22.38,38.19
1950,39.9911,-131.27,2.64E+00,33.37,24.77,38.55
1951,46.656,-131.268,2.60E+00,34.44,24.07,40.55
1952,19.9967,-143.774,2.12E+00,29.44,25.36,31.26
1953,19.9963,-137.525,2.42E+00,30.29,26.17,31.91
1954,19.996,-131.276,2.71E+00,31.09,26.97,32.65
1955,26.6616,-137.524,2.40E+00,30.93,25.41,33.74
1956,26.6621,-143.773,2.11E+00,30.12,24.59,32.99
1957,26.661,-131.274,2.70E+00,31.73,26.22,34.61
1958,6.66584,-137.526,2.43E+00,29.22,27.8,28.3
1959,13.3311,-137.526,2.43E+00,29.72,26.97,30.1
1960,6.66593,-143.775,2.14E+00,28.29,27.01,27.87
1961,13.3313,-143.775,2.13E+00,28.83,26.17,29.55
1962,6.66575,-131.277,2.73E+00,30.13,28.59,28.8
1963,13.3309,-131.277,2.73E+00,30.58,27.76,30.71
1964,-59.987,-143.762,1.95E+00,25.07,38.95,11.61
1965,-59.9855,-137.511,2.21E+00,26.41,40.22,11.43
1966,-59.9838,-131.259,2.46E+00,27.73,41.62,11.31
1967,-26.661,-143.772,2.09E+00,26.33,32.11,19.61
1968,-26.6603,-137.522,2.38E+00,27.5,32.95,19.61
1969,-26.6596,-131.273,2.67E+00,28.68,33.79,19.66
1970,-13.3302,-143.774,2.12E+00,26.98,29.83,22.85
1971,-13.3299,-137.525,2.42E+00,28.08,30.69,23.02
1972,-13.3295,-131.276,2.72E+00,29.15,31.5,23.22
1973,-6.66465,-137.526,2.43E+00,28.42,29.64,24.76
1974,-6.66484,-143.775,2.13E+00,27.38,28.82,24.51
1975,-6.66446,-131.277,2.73E+00,29.43,30.46,25.05
1976,-19.9951,-137.524,2.40E+00,27.77,31.8,21.3
1977,-19.9956,-143.773,2.11E+00,26.62,30.95,21.2
1978,-19.9946,-131.274,2.70E+00,28.9,32.61,21.42
1979,-39.9914,-143.769,2.05E+00,25.81,34.52,16.41
1980,-39.9904,-137.519,2.33E+00,27.08,35.5,16.32
1981,-39.9894,-131.268,2.60E+00,28.31,36.53,16.23
1982,-33.3254,-137.521,2.36E+00,27.28,34.16,17.96
1983,-33.3263,-143.771,2.07E+00,26.08,33.29,18.04
1984,-33.3246,-131.271,2.64E+00,28.48,35.1,17.93
1985,-53.3205,-137.514,2.25E+00,26.61,38.54,13.01
1986,-46.6554,-137.516,2.29E+00,26.86,36.98,14.66
1987,-53.3219,-143.765,1.99E+00,25.24,37.42,13.15
1988,-46.6567,-143.767,2.02E+00,25.51,35.92,14.74
1989,-53.319,-131.262,2.51E+00,27.94,39.78,12.92
1990,-46.6542,-131.265,2.56E+00,28.14,38.08,14.56
1991,-93.2334,-143.756,1.69E+00,24.18,47.85,5.661
1992,-93.2109,-137.494,1.90E+00,25.41,49.6,5.686
1993,-93.2291,-131.233,2.11E+00,26.51,51.64,5.676
1994,-73.3173,-143.757,1.86E+00,24.67,42.42,8.669
1995,-73.3154,-137.504,2.10E+00,26.03,43.92,8.526
1996,-73.3134,-131.252,2.34E+00,27.31,45.63,8.426
1997,-66.6504,-137.508,2.15E+00,26.24,42.04,9.931
1998,-66.6521,-143.759,1.91E+00,24.88,40.63,10.07
1999,-66.6485,-131.255,2.40E+00,27.52,43.57,9.801
2000,-86.6156,-137.498,1.97E+00,25.66,47.81,6.322
2001,-79.9805,-137.501,2.04E+00,25.84,45.86,7.295
2002,-86.6278,-143.754,1.75E+00,24.37,46.05,6.34
2003,-79.9825,-143.754,1.81E+00,24.55,44.18,7.419
2004,-86.6236,-131.241,2.19E+00,26.8,49.76,6.286
2005,-79.9785,-131.248,2.27E+00,27.07,47.73,7.227
2006,-106.148,-143.733,1.56E+00,23.83,50.77,5.643
2007,-106.126,-137.488,1.75E+00,24.93,52.55,5.641
2008,-106.144,-131.244,1.92E+00,25.83,54.43,5.562
2009,-99.7058,-137.491,1.83E+00,25.17,51.2,5.462
2010,-99.7314,-143.745,1.63E+00,24.05,49.38,5.426
2011,-99.7274,-131.237,2.02E+00,26.17,53.25,5.446
2012,-118.726,-137.484,1.57E+00,24.25,53.89,6.829
2013,-112.446,-137.486,1.66E+00,24.6,53.46,6.144
2014,-118.728,-143.737,1.41E+00,23.37,52.5,7.021
2015,-112.458,-143.736,1.49E+00,23.56,51.88,6.23
2016,-118.725,-131.23,1.72E+00,25.02,55.31,6.48
2017,-112.455,-131.235,1.83E+00,25.46,55.14,5.929
2018,124.976,131.229,1.62E+00,23.31,54.85,5.687
2019,124.977,137.481,1.49E+00,21.88,53.46,5.785
2020,124.978,143.734,1.35E+00,19.84,51.78,5.517
2021,124.98,149.987,1.21E+00,34.81,32.99,29.69
2022,118.73,149.989,1.28E+00,34.97,33.16,29.23
2023,112.48,149.992,1.35E+00,35,33.02,28.66
2024,106.231,149.994,1.41E+00,35.22,32.67,28.28
2025,99.9813,149.997,1.46E+00,35.25,32.3,28.05
2026,93.3153,150,1.52E+00,34.38,32.05,27.42
2027,86.6496,150.003,1.57E+00,33.3,31.62,26.8
2028,79.9841,150.005,1.61E+00,32.61,30.99,26.59
2029,73.3186,150.008,1.65E+00,31.84,30.42,26.37
2030,66.6532,150.01,1.69E+00,31.11,29.85,26.2
2031,59.9879,150.013,1.72E+00,30.47,29.32,26.15
2032,53.3225,150.015,1.75E+00,29.9,28.87,26.15
2033,46.6572,150.017,1.77E+00,29.38,28.48,26.17
2034,39.9918,150.018,1.79E+00,28.89,28.14,26.21
2035,33.3264,150.02,1.81E+00,28.45,27.85,26.26
2036,26.661,150.021,1.82E+00,28.06,27.59,26.32
2037,19.9955,150.022,1.83E+00,27.71,27.37,26.39
2038,13.33,150.023,1.84E+00,27.42,27.19,26.47
2039,6.66448,150.023,1.84E+00,27.19,27.06,26.56
2040,-0.00105294,150.024,1.84E+00,27.01,26.97,26.66
2041,-6.66659,150.024,1.84E+00,26.88,26.91,26.76
2042,-13.3321,150.023,1.83E+00,26.81,26.9,26.86
2043,-19.9976,150.023,1.82E+00,26.79,26.92,26.97
2044,-26.6632,150.022,1.81E+00,26.83,26.98,27.07
2045,-33.3286,150.021,1.79E+00,26.93,27.08,27.18
2046,-39.9941,150.02,1.77E+00,27.09,27.21,27.28
2047,-46.6595,150.018,1.75E+00,27.31,27.37,27.38
2048,-53.3249,150.017,1.72E+00,27.61,27.58,27.5
2049,-59.9903,150.015,1.69E+00,27.99,27.84,27.63
2050,-66.6557,150.013,1.65E+00,28.45,28.16,27.76
2051,-73.3211,150.011,1.62E+00,29,28.51,27.93
2052,-79.9866,150.009,1.58E+00,29.62,28.98,28.1
2053,-86.6522,150.006,1.53E+00,30.18,29.57,28.17
2054,-93.3178,150.004,1.49E+00,30.74,30.01,28.24
2055,-99.9836,150.002,1.43E+00,31.3,30.32,28.32
2056,-106.233,149.999,1.38E+00,31.84,30.48,28.4
2057,-112.482,149.997,1.33E+00,32.33,30.65,28.47
2058,-118.732,149.995,1.26E+00,32.65,30.84,28.45
2059,-124.982,149.993,1.20E+00,32.75,30.88,28.4
2060,-124.981,143.739,1.38E+00,48.5,15.44,53.17
2061,-124.98,137.486,1.54E+00,48.1,15.86,55.46
2062,-124.98,131.233,1.68E+00,48.3,16.46,57.34
2063,-0.0011703,143.775,2.14E+00,27.86,28.13,25.99
2064,-0.0013176,137.526,2.43E+00,28.82,28.97,26.39
2065,-0.00148155,131.277,2.73E+00,29.74,29.76,26.86
2066,66.6515,143.759,1.93E+00,24.13,40.39,10.91
2067,66.6497,137.507,2.17E+00,25.94,42.06,10.29
2068,66.6478,131.255,2.42E+00,27.42,43.86,9.958
2069,99.7724,143.744,1.66E+00,22.88,49.55,6
2070,99.7702,137.491,1.85E+00,24.63,51.44,5.61
2071,99.7682,131.237,2.03E+00,25.85,53.54,5.427
2072,106.141,137.488,1.76E+00,24.25,52.47,5.314
2073,112.476,137.485,1.68E+00,23.58,53.22,5.289
2074,118.726,137.483,1.59E+00,22.73,53.59,5.535
2075,112.478,143.738,1.51E+00,21.34,51.23,5.367
2076,106.157,143.734,1.59E+00,22.21,50.51,5.509
2077,118.728,143.736,1.43E+00,20.56,51.72,5.472
2078,112.474,131.232,1.84E+00,24.93,55.15,5.173
2079,106.153,131.241,1.94E+00,25.45,54.56,5.198
2080,118.725,131.23,1.73E+00,24.2,55.25,5.374
2081,86.6475,143.75,1.78E+00,23.3,46.09,7.295
2082,86.6454,137.497,1.99E+00,25.16,48.3,6.756
2083,86.6432,131.244,2.20E+00,26.58,50.42,6.528
2084,93.2259,137.494,1.92E+00,24.88,50.1,6.072
2085,93.2422,143.754,1.72E+00,23.13,48.09,6.57
2086,93.2378,131.234,2.12E+00,26.22,52.15,5.861
2087,73.3148,137.504,2.12E+00,25.7,44.02,8.924
2088,79.98,137.501,2.06E+00,25.44,46.15,7.72
2089,73.3167,143.756,1.89E+00,23.87,42.15,9.578
2090,79.982,143.753,1.84E+00,23.59,44.01,8.351
2091,73.3128,131.251,2.35E+00,27.17,46.07,8.605
2092,79.9779,131.247,2.28E+00,26.89,48.34,7.445
2093,33.3255,143.77,2.09E+00,25.63,33.29,18.28
2094,33.3245,137.52,2.37E+00,27.11,34.29,18.05
2095,33.3235,131.27,2.65E+00,28.42,35.26,17.98
2096,53.3211,143.764,2.01E+00,24.68,37.2,13.79
2097,53.3196,137.513,2.27E+00,26.39,38.54,13.27
2098,53.3181,131.262,2.53E+00,27.84,39.94,13
2099,59.9846,137.51,2.22E+00,26.17,40.23,11.74
2100,59.9863,143.762,1.97E+00,24.4,38.72,12.32
2101,59.9829,131.258,2.48E+00,27.65,41.82,11.44
2102,39.9896,137.518,2.34E+00,26.85,35.58,16.43
2103,46.6546,137.516,2.31E+00,26.62,36.99,14.84
2104,39.9907,143.768,2.06E+00,25.29,34.51,16.77
2105,46.6559,143.766,2.04E+00,24.98,35.8,15.27
2106,39.9884,131.268,2.62E+00,28.22,36.67,16.28
2107,46.6533,131.265,2.58E+00,28.03,38.22,14.62
2108,19.9949,143.773,2.12E+00,26.41,31.04,21.34
2109,19.9943,137.524,2.41E+00,27.69,31.95,21.33
2110,19.9937,131.274,2.70E+00,28.86,32.8,21.45
2111,26.6594,137.522,2.39E+00,27.38,33.08,19.68
2112,26.6602,143.772,2.10E+00,26,32.14,19.81
2113,26.6586,131.272,2.68E+00,28.63,33.98,19.7
2114,6.66392,137.525,2.43E+00,28.4,29.9,24.69
2115,13.3291,137.525,2.42E+00,28.03,30.9,23
2116,6.66421,143.775,2.14E+00,27.33,29.04,24.43
2117,13.3296,143.774,2.13E+00,26.85,30.02,22.88
2118,6.6636,131.276,2.73E+00,29.41,30.7,25.03
2119,13.3287,131.275,2.72E+00,29.12,31.71,23.23
2120,-59.9892,143.764,1.96E+00,35.97,21.36,40.38
2121,-59.988,137.514,2.23E+00,36.56,22.09,42.25
2122,-59.9868,131.262,2.49E+00,37.42,22.85,44.18
2123,-26.6627,143.773,2.10E+00,30.54,24.89,32.3
2124,-26.6623,137.524,2.39E+00,31.12,25.7,33.31
2125,-26.6619,131.274,2.69E+00,31.76,26.49,34.34
2126,-13.3319,143.775,2.13E+00,29.07,26.44,29.14
2127,-13.3318,137.526,2.42E+00,29.82,27.26,29.84
2128,-13.3316,131.276,2.72E+00,30.58,28.04,30.58
2129,-6.66654,137.526,2.43E+00,29.29,28.09,28.11
2130,-6.66654,143.775,2.13E+00,28.44,27.26,27.56
2131,-6.66656,131.277,2.73E+00,30.12,28.87,28.71
2132,-19.997,137.525,2.41E+00,30.43,26.47,31.57
2133,-19.9973,143.774,2.12E+00,29.77,25.65,30.72
2134,-19.9968,131.276,2.71E+00,31.11,27.25,32.45
2135,-39.9933,143.77,2.06E+00,32.35,23.43,35.47
2136,-39.9926,137.521,2.34E+00,32.84,24.22,36.8
2137,-39.9919,131.271,2.63E+00,33.47,25.01,38.16
2138,-33.3275,137.522,2.37E+00,31.92,24.95,35.04
2139,-33.3281,143.772,2.08E+00,31.4,24.15,33.89
2140,-33.3269,131.273,2.66E+00,32.53,25.74,36.24
2141,-53.3229,137.516,2.27E+00,35.15,22.79,40.38
2142,-46.6577,137.519,2.31E+00,33.92,23.5,38.57
2143,-53.3239,143.767,2.00E+00,34.62,22.03,38.7
2144,-46.6587,143.769,2.03E+00,33.42,22.73,37.07
2145,-53.3218,131.265,2.54E+00,35.9,23.56,42.12
2146,-46.6569,131.268,2.59E+00,34.59,24.28,40.11
2147,-93.2362,143.76,1.72E+00,44.32,18.33,49.26
2148,-93.2141,137.499,1.94E+00,44.96,18.91,51.73
2149,-93.2328,131.237,2.16E+00,46.07,19.54,54.25
2150,-73.3197,143.76,1.87E+00,39.12,20.04,43.93
2151,-73.3182,137.508,2.13E+00,39.88,20.72,46.2
2152,-73.3167,131.256,2.37E+00,40.93,21.47,48.46
2153,-66.653,137.511,2.18E+00,38.14,21.4,44.19
2154,-66.6544,143.762,1.92E+00,37.46,20.69,42.11
2155,-66.6517,131.259,2.44E+00,39.12,22.15,46.31
2156,-86.6187,137.502,2.01E+00,43.4,19.47,50.06
2157,-79.9835,137.505,2.07E+00,41.67,20.07,48.19
2158,-86.6305,143.757,1.77E+00,42.67,18.9,47.62
2159,-79.9851,143.757,1.83E+00,40.91,19.43,45.8
2160,-86.6271,131.246,2.23E+00,44.5,20.16,52.5
2161,-79.9819,131.252,2.31E+00,42.76,20.8,50.55
2162,-106.151,143.738,1.59E+00,46.98,16.97,51.75
2163,-106.13,137.493,1.79E+00,47.41,17.68,54.31
2164,-106.148,131.248,1.98E+00,48.33,18.35,56.79
2165,-99.7091,137.496,1.87E+00,46.31,18.33,53.16
2166,-99.7343,143.749,1.66E+00,45.76,17.68,50.64
2167,-99.7311,131.242,2.07E+00,47.38,18.95,55.71
2168,-118.73,137.488,1.63E+00,48.4,16.38,55.49
2169,-112.449,137.49,1.71E+00,48.14,17.01,55.11
2170,-118.731,143.741,1.45E+00,48.47,15.81,53.05
2171,-112.461,143.741,1.53E+00,47.92,16.31,52.57
2172,-118.729,131.235,1.79E+00,48.8,17.08,57.57
2173,-112.458,131.24,1.89E+00,48.83,17.72,57.42
2174,-131.232,149.991,1.13E+00,32.56,30.81,28.35
2175,-137.483,149.99,1.05E+00,31.98,30.43,28.49
2176,-143.734,149.989,9.75E-01,31.05,29.61,30.02
2177,-149.985,149.988,8.92E-01,36.33,22.81,42.46
2178,-149.987,143.736,1.00E+00,43.84,15.76,53.86
2179,-149.989,137.484,1.09E+00,44.61,14.75,54.48
2180,-149.99,131.233,1.18E+00,44.99,14.6,54.63
2181,-149.992,124.982,1.25E+00,45.12,14.68,54.46
2182,-149.994,118.732,1.31E+00,44.86,14.9,53.91
2183,-149.997,112.482,1.37E+00,44.27,15.19,53.06
2184,-149.999,106.233,1.43E+00,43.59,15.63,52.17
2185,-150.001,99.9832,1.48E+00,42.45,16.24,50.81
2186,-150.004,93.3173,1.53E+00,40.81,16.95,48.93
2187,-150.006,86.6517,1.57E+00,39.26,17.63,47.18
2188,-150.009,79.9862,1.62E+00,37.83,18.26,45.53
2189,-150.011,73.3208,1.65E+00,36.42,18.89,43.86
2190,-150.013,66.6554,1.69E+00,35.05,19.54,42.16
2191,-150.015,59.99,1.72E+00,33.75,20.22,40.46
2192,-150.017,53.3246,1.74E+00,32.57,20.92,38.81
2193,-150.019,46.6592,1.77E+00,31.51,21.63,37.18
2194,-150.02,39.9937,1.79E+00,30.54,22.35,35.57
2195,-150.021,33.3282,1.81E+00,29.67,23.1,33.96
2196,-150.022,26.6627,1.82E+00,28.89,23.87,32.35
2197,-150.023,19.9972,1.83E+00,28.18,24.67,30.74
2198,-150.023,13.3317,1.84E+00,27.54,25.49,29.14
2199,-150.024,6.66613,1.84E+00,26.97,26.34,27.55
2200,-150.024,0.000585151,1.84E+00,26.45,27.24,25.96
2201,-150.023,-6.66495,1.84E+00,25.98,28.18,24.38
2202,-150.023,-13.3304,1.83E+00,25.55,29.17,22.8
2203,-150.022,-19.996,1.82E+00,25.16,30.22,21.22
2204,-150.021,-26.6615,1.81E+00,24.81,31.33,19.65
2205,-150.02,-33.3269,1.79E+00,24.48,32.51,18.08
2206,-150.019,-39.9923,1.77E+00,24.19,33.75,16.5
2207,-150.017,-46.6577,1.75E+00,23.92,35.09,14.94
2208,-150.015,-53.323,1.72E+00,23.68,36.5,13.39
2209,-150.013,-59.9884,1.69E+00,23.47,37.99,11.86
2210,-150.011,-66.6537,1.65E+00,23.28,39.58,10.35
2211,-150.008,-73.319,1.62E+00,23.11,41.26,8.909
2212,-150.006,-79.9844,1.57E+00,22.96,42.98,7.579
2213,-150.003,-86.6499,1.53E+00,22.81,44.75,6.433
2214,-150,-93.3154,1.48E+00,22.64,46.63,5.6
2215,-149.998,-99.9812,1.42E+00,22.47,48.33,5.252
2216,-149.995,-106.231,1.37E+00,22.34,49.67,5.48
2217,-149.993,-112.48,1.31E+00,22.27,50.85,6.112
2218,-149.991,-118.73,1.24E+00,22.2,51.84,6.955
2219,-149.989,-124.98,1.17E+00,22.15,52.42,7.821
2220,-149.987,-131.23,1.09E+00,22.11,52.37,8.769
2221,-149.985,-137.481,1.01E+00,21.95,51.88,9.878
2222,-149.985,-143.733,9.18E-01,21.83,51.26,10.52
2223,-149.984,-149.984,8.20E-01,21.39,49.99,11.31
2224,-143.732,-149.985,9.19E-01,21.31,50.04,11.78
2225,-137.481,-149.986,1.01E+00,21.62,50.91,10.42
2226,-131.23,-149.987,1.09E+00,21.81,51.54,9.3
2227,-143.775,0.000678435,2.14E+00,27.6,28.08,26.17
2228,-137.526,0.000777055,2.43E+00,28.6,28.85,26.51
2229,-131.277,0.000881058,2.73E+00,29.56,29.62,26.91
2230,-143.757,79.9846,1.86E+00,39.09,19.16,46.99
2231,-137.505,79.9829,2.09E+00,40.43,19.98,48.81
2232,-131.252,79.9813,2.33E+00,41.98,20.77,50.95
2233,-143.741,118.731,1.49E+00,45.97,15.63,55.42
2234,-137.488,118.73,1.65E+00,47.08,16.39,56.97
2235,-131.235,118.729,1.80E+00,48.31,17.1,58.45
2236,-143.736,137.484,1.22E+00,45.18,15.07,55.12
2237,-137.483,137.484,1.33E+00,46.14,15.23,55.15
2238,-131.232,137.485,1.44E+00,47.26,15.48,55.22
2239,-137.483,143.737,1.20E+00,46.52,15.15,52.82
2240,-143.735,143.736,1.11E+00,44.62,15.3,53.57
2241,-131.232,143.738,1.29E+00,47.85,15.23,52.97
2242,-137.486,124.98,1.55E+00,47.03,15.85,57.02
2243,-137.484,131.232,1.45E+00,46.61,15.51,56.5
2244,-143.739,124.981,1.41E+00,46.04,15.31,55.75
2245,-143.737,131.232,1.32E+00,45.75,15.14,55.72
2246,-131.233,124.98,1.69E+00,48.05,16.45,58.03
2247,-131.232,131.232,1.57E+00,47.51,15.92,56.95
2248,-143.749,99.775,1.69E+00,43.79,17.5,52.54
2249,-137.495,99.7734,1.89E+00,45.1,18.2,54.35
2250,-131.242,99.7719,2.09E+00,46.66,18.87,56.44
2251,-137.493,106.144,1.82E+00,46.07,17.69,55.56
2252,-137.49,112.479,1.74E+00,46.76,17.07,56.46
2253,-143.739,106.16,1.63E+00,44.8,16.9,53.8
2254,-143.743,112.48,1.56E+00,45.53,16.17,54.75
2255,-131.246,106.157,2.00E+00,47.6,18.3,57.58
2256,-131.237,112.478,1.90E+00,48.17,17.73,58.28
2257,-137.502,86.6483,2.03E+00,42.19,19.35,50.87
2258,-137.498,93.2289,1.97E+00,43.82,18.74,52.79
2259,-143.754,86.65,1.81E+00,40.68,18.53,48.86
2260,-143.758,93.2448,1.75E+00,42.37,17.96,50.82
2261,-131.249,86.6467,2.25E+00,43.79,20.12,53.07
2262,-131.238,93.2414,2.17E+00,45.38,19.48,54.92
2263,-143.771,39.9929,2.07E+00,31.49,23.24,36.35
2264,-137.521,39.9921,2.35E+00,32.31,24.06,37.32
2265,-131.271,39.9913,2.64E+00,33.12,24.88,38.45
2266,-143.765,59.9887,1.98E+00,34.82,21.12,41.59
2267,-137.514,59.9875,2.25E+00,35.8,21.96,42.94
2268,-131.262,59.9862,2.51E+00,36.84,22.78,44.51
2269,-137.511,66.6526,2.20E+00,37.23,21.28,44.86
2270,-137.508,73.3177,2.15E+00,38.76,20.63,46.81
2271,-143.762,66.654,1.94E+00,36.17,20.45,43.39
2272,-143.76,73.3193,1.90E+00,37.6,19.8,45.19
2273,-131.259,66.6511,2.45E+00,38.41,22.1,46.6
2274,-131.256,73.3161,2.39E+00,40.13,21.43,48.75
2275,-137.519,46.6573,2.32E+00,33.33,23.35,39.17
2276,-137.516,53.3224,2.29E+00,34.49,22.64,41.04
2277,-143.769,46.6582,2.05E+00,32.47,22.52,38.07
2278,-143.767,53.3235,2.02E+00,33.58,21.81,39.82
2279,-131.268,46.6563,2.60E+00,34.19,24.17,40.45
2280,-131.265,53.3212,2.56E+00,35.44,23.47,42.46
2281,-143.774,19.9969,2.12E+00,29.19,25.52,31.23
2282,-137.525,19.9965,2.42E+00,30.05,26.32,31.87
2283,-131.276,19.9962,2.72E+00,30.86,27.11,32.6
2284,-137.524,26.6618,2.40E+00,30.69,25.54,33.68
2285,-137.523,33.327,2.38E+00,31.44,24.79,35.5
2286,-143.773,26.6623,2.11E+00,29.86,24.74,32.94
2287,-143.772,33.3276,2.09E+00,30.63,23.98,34.64
2288,-131.275,26.6613,2.70E+00,31.48,26.35,34.54
2289,-131.273,33.3263,2.67E+00,32.22,25.61,36.49
2290,-137.526,6.66604,2.43E+00,29.01,27.96,28.28
2291,-137.526,13.3313,2.43E+00,29.49,27.12,30.07
2292,-143.775,6.66608,2.14E+00,28.07,27.18,27.85
2293,-143.775,13.3315,2.13E+00,28.59,26.33,29.54
2294,-131.277,6.66599,2.73E+00,29.92,28.73,28.78
2295,-131.277,13.3311,2.73E+00,30.35,27.9,30.68
2296,-143.756,-73.3171,1.86E+00,24.64,42.71,8.645
2297,-137.504,-73.3152,2.10E+00,25.97,44.27,8.497
2298,-131.252,-73.3132,2.34E+00,27.23,46.06,8.384
2299,-143.77,-33.326,2.07E+00,25.87,33.44,17.93
2300,-137.521,-33.3251,2.36E+00,27.12,34.33,17.9
2301,-131.27,-33.3242,2.64E+00,28.34,35.26,17.9
2302,-143.774,-13.3301,2.12E+00,26.8,30.02,22.85
2303,-137.525,-13.3297,2.42E+00,27.91,30.81,23.02
2304,-131.276,-13.3292,2.72E+00,28.99,31.6,23.22
2305,-137.526,-6.66444,2.43E+00,28.23,29.8,24.76
2306,-143.775,-6.6647,2.13E+00,27.18,29.02,24.51
2307,-131.277,-6.6642,2.73E+00,29.25,30.57,25.05
2308,-137.522,-26.66,2.38E+00,27.36,33.07,19.59
2309,-137.524,-19.9949,2.40E+00,27.62,31.9,21.3
2310,-143.772,-26.6607,2.09E+00,26.15,32.22,19.56
2311,-143.773,-19.9954,2.11E+00,26.46,31.09,21.2
2312,-131.273,-26.6592,2.67E+00,28.54,33.93,19.65
2313,-131.274,-19.9943,2.70E+00,28.75,32.71,21.42
2314,-143.764,-53.3216,1.98E+00,25.18,37.62,13.12
2315,-137.513,-53.3202,2.25E+00,26.51,38.77,12.97
2316,-131.262,-53.3187,2.52E+00,27.81,40.03,12.85
2317,-137.516,-46.6552,2.29E+00,26.7,37.17,14.59
2318,-137.519,-39.9902,2.33E+00,26.9,35.7,16.24
2319,-143.767,-46.6564,2.02E+00,25.39,36.13,14.71
2320,-143.769,-39.9913,2.05E+00,25.62,34.74,16.31
2321,-131.265,-46.6539,2.56E+00,27.99,38.3,14.5
2322,-131.268,-39.9891,2.61E+00,28.16,36.71,16.18
2323,-137.507,-66.6501,2.15E+00,26.15,42.33,9.9
2324,-137.511,-59.9852,2.21E+00,26.33,40.49,11.4
2325,-143.759,-66.6519,1.91E+00,24.81,40.92,10.07
2326,-143.762,-59.9868,1.95E+00,24.99,39.22,11.57
2327,-131.255,-66.6483,2.40E+00,27.44,43.92,9.764
2328,-131.259,-59.9835,2.46E+00,27.63,41.91,11.27
2329,-143.734,-112.447,1.49E+00,23.45,52.55,6.273
2330,-137.486,-112.424,1.66E+00,24.52,54.19,6.169
2331,-131.237,-112.444,1.83E+00,25.41,55.81,5.969
2332,-143.757,-93.217,1.69E+00,24.16,48.4,5.648
2333,-137.494,-93.1858,1.90E+00,25.35,50.21,5.676
2334,-131.231,-93.2127,2.11E+00,26.43,52.27,5.67
2335,-137.497,-86.6054,1.97E+00,25.56,48.34,6.29
2336,-137.501,-79.9804,2.04E+00,25.77,46.3,7.261
2337,-143.754,-86.621,1.75E+00,24.3,46.51,6.321
2338,-143.753,-79.9824,1.81E+00,24.47,44.56,7.363
2339,-131.24,-86.6167,2.19E+00,26.73,50.35,6.264
2340,-131.248,-79.9783,2.27E+00,27,48.25,7.192
2341,-137.488,-106.078,1.75E+00,24.88,53.19,5.634
2342,-137.491,-99.6743,1.83E+00,25.13,51.83,5.457
2343,-143.733,-106.118,1.56E+00,23.74,51.4,5.627
2344,-143.746,-99.7117,1.63E+00,24.02,50.02,5.397
2345,-131.244,-106.115,1.92E+00,25.78,55.12,5.579
2346,-131.236,-99.7076,2.02E+00,26.11,53.89,5.453
2347,-143.734,-131.229,1.23E+00,22.85,53.18,8.87
2348,-137.481,-131.229,1.37E+00,23.54,53.88,8.37
2349,-131.228,-131.229,1.49E+00,24.07,54.51,7.77
2350,-137.482,-124.977,1.47E+00,23.84,54.51,7.644
2351,-137.484,-118.707,1.57E+00,24.15,54.65,6.9
2352,-143.735,-124.978,1.32E+00,23.08,53.54,7.931
2353,-143.735,-118.715,1.41E+00,23.25,53.32,7.087
2354,-131.229,-124.977,1.61E+00,24.51,55.44,7.168
2355,-131.232,-118.712,1.72E+00,24.97,55.9,6.538
2356,-137.48,-143.733,1.14E+00,22.49,51.74,9.813
2357,-137.48,-137.48,1.26E+00,23.12,52.86,9.11
2358,-143.732,-143.732,1.03E+00,21.98,51.31,10.88
2359,-143.733,-137.481,1.14E+00,22.46,52.46,9.955
2360,-131.229,-143.734,1.23E+00,22.85,52.42,8.858
2361,-131.228,-137.481,1.37E+00,23.55,53.39,8.343
2362,131.23,149.985,1.13E+00,34.18,32.52,29.86
2363,137.481,149.984,1.05E+00,33.07,31.72,29.74
2364,143.732,149.983,9.60E-01,31.44,30.68,29.33
2365,149.984,149.984,8.71E-01,39.19,20.49,41.17
2366,149.983,143.732,9.60E-01,31.3,30.61,29.21
2367,149.984,137.481,1.05E+00,32.95,31.65,29.63
2368,149.986,131.23,1.13E+00,34.07,32.45,29.74
2369,149.987,124.98,1.21E+00,34.73,32.92,29.56
2370,149.99,118.73,1.28E+00,35.02,33.12,29.18
2371,149.992,112.48,1.35E+00,35.02,33.07,28.69
2372,149.995,106.23,1.41E+00,34.8,32.85,28.17
2373,149.997,99.9811,1.46E+00,34.38,32.51,27.69
2374,150,93.3155,1.52E+00,33.82,32.04,27.26
2375,150.003,86.6499,1.57E+00,33.16,31.48,26.9
2376,150.006,79.9844,1.61E+00,32.47,30.9,26.62
2377,150.008,73.319,1.65E+00,31.78,30.32,26.43
2378,150.011,66.6536,1.68E+00,31.11,29.78,26.28
2379,150.013,59.9883,1.72E+00,30.47,29.27,26.19
2380,150.015,53.3229,1.74E+00,29.88,28.81,26.15
2381,150.017,46.6575,1.77E+00,29.34,28.4,26.14
2382,150.018,39.9921,1.79E+00,28.86,28.04,26.16
2383,150.02,33.3266,1.81E+00,28.43,27.73,26.2
2384,150.021,26.6612,1.82E+00,28.05,27.47,26.26
2385,150.022,19.9957,1.83E+00,27.73,27.26,26.34
2386,150.023,13.3301,1.84E+00,27.46,27.09,26.43
2387,150.023,6.66461,1.84E+00,27.24,26.97,26.53
2388,150.023,-0.000932004,1.84E+00,27.07,26.88,26.63
2389,150.023,-6.66648,1.84E+00,26.96,26.84,26.74
2390,150.023,-13.332,1.83E+00,26.9,26.84,26.86
2391,150.023,-19.9975,1.82E+00,26.9,26.87,26.98
2392,150.022,-26.6631,1.81E+00,26.95,26.95,27.11
2393,150.021,-33.3285,1.79E+00,27.06,27.07,27.24
2394,150.02,-39.994,1.77E+00,27.24,27.22,27.38
2395,150.018,-46.6595,1.75E+00,27.48,27.43,27.52
2396,150.017,-53.3249,1.72E+00,27.8,27.67,27.66
2397,150.015,-59.9903,1.69E+00,28.18,27.96,27.82
2398,150.013,-66.6557,1.66E+00,28.63,28.29,27.97
2399,150.011,-73.3211,1.62E+00,29.14,28.66,28.13
2400,150.008,-79.9865,1.58E+00,29.7,29.06,28.28
2401,150.006,-86.652,1.54E+00,30.32,29.46,28.43
2402,150.004,-93.3176,1.49E+00,30.93,29.9,28.55
2403,150.001,-99.9833,1.44E+00,31.5,30.3,28.62
2404,149.999,-106.233,1.39E+00,32.02,30.6,28.65
2405,149.997,-112.482,1.33E+00,32.45,30.85,28.61
2406,149.995,-118.732,1.27E+00,32.77,30.98,28.54
2407,149.993,-124.982,1.20E+00,32.94,31,28.44
2408,149.992,-131.232,1.13E+00,32.95,30.87,28.31
2409,149.99,-137.483,1.05E+00,32.76,30.58,28.15
2410,149.989,-143.735,9.67E-01,32.4,30.07,28.01
2411,149.989,-149.987,8.76E-01,32.06,29.44,28.04
2412,143.736,-149.988,9.97E-01,47.01,14.26,50.57
2413,137.484,-149.989,1.10E+00,46.3,14.53,52.78
2414,131.233,-149.991,1.19E+00,45.7,14.8,54
2415,143.775,-0.00100025,2.14E+00,28.09,27.95,26
2416,137.526,-0.00109472,2.43E+00,29.04,28.82,26.41
2417,131.277,-0.00120687,2.73E+00,29.96,29.62,26.88
2418,143.753,79.9823,1.83E+00,23.65,43.72,8.452
2419,137.501,79.9802,2.06E+00,25.55,45.6,7.821
2420,131.248,79.9781,2.28E+00,27,47.65,7.527
2421,143.736,118.728,1.43E+00,20.87,51.49,5.415
2422,137.483,118.726,1.58E+00,22.89,53.39,5.555
2423,131.23,118.725,1.73E+00,24.2,55.14,5.437
2424,143.732,137.48,1.16E+00,17.6,50.57,4.945
2425,137.48,137.48,1.27E+00,19.73,51.81,5.569
2426,131.228,137.48,1.38E+00,20.97,52.85,5.821
2427,137.48,143.732,1.16E+00,17.59,50.58,4.965
2428,143.732,143.731,1.06E+00,15.37,49.72,4.396
2429,131.229,143.733,1.26E+00,18.92,51.38,5.364
2430,137.482,124.977,1.49E+00,22.06,53.33,5.751
2431,137.481,131.228,1.38E+00,21.06,52.78,5.804
2432,143.735,124.978,1.35E+00,20.04,51.64,5.442
2433,143.733,131.229,1.26E+00,19.02,51.32,5.321
2434,131.229,124.976,1.62E+00,23.35,54.8,5.688
2435,131.228,131.228,1.51E+00,22.31,54.01,5.88
2436,143.744,99.7724,1.65E+00,22.62,48.63,5.878
2437,137.491,99.7703,1.84E+00,24.57,50.79,5.555
2438,131.237,99.7683,2.03E+00,25.89,53.09,5.398
2439,137.488,106.141,1.76E+00,24.13,52.06,5.353
2440,137.485,112.476,1.68E+00,23.58,52.95,5.379
2441,143.734,106.157,1.59E+00,22.16,49.92,5.518
2442,143.739,112.478,1.51E+00,21.57,50.89,5.391
2443,131.241,106.154,1.94E+00,25.41,54.26,5.228
2444,131.232,112.475,1.84E+00,24.87,54.96,5.261
2445,137.497,86.6455,1.99E+00,25.27,47.46,6.804
2446,137.494,93.226,1.92E+00,24.95,49.22,6.036
2447,143.75,86.6476,1.78E+00,23.35,45.46,7.374
2448,143.754,93.2422,1.72E+00,23.01,47.12,6.5
2449,131.244,86.6434,2.20E+00,26.68,49.66,6.55
2450,131.234,93.238,2.12E+00,26.31,51.51,5.831
2451,143.769,39.991,2.06E+00,25.44,34.39,16.8
2452,137.518,39.99,2.34E+00,26.99,35.5,16.45
2453,131.268,39.9889,2.61E+00,28.35,36.62,16.3
2454,143.762,59.9867,1.97E+00,24.49,38.7,12.4
2455,137.51,59.9851,2.22E+00,26.27,40.13,11.81
2456,131.259,59.9834,2.47E+00,27.74,41.66,11.51
2457,137.507,66.65,2.17E+00,26.04,41.88,10.37
2458,137.504,73.3151,2.12E+00,25.81,43.71,9.03
2459,143.759,66.6518,1.93E+00,24.21,40.31,11.01
2460,143.756,73.317,1.88E+00,23.93,41.99,9.68
2461,131.255,66.6482,2.42E+00,27.52,43.59,10.05
2462,131.251,73.3131,2.35E+00,27.28,45.6,8.712
2463,137.516,46.655,2.30E+00,26.74,36.94,14.87
2464,137.513,53.3201,2.27E+00,26.5,38.48,13.32
2465,143.767,46.6563,2.04E+00,25.1,35.74,15.31
2466,143.764,53.3215,2.00E+00,24.79,37.17,13.84
2467,131.265,46.6537,2.57E+00,28.15,38.17,14.65
2468,131.262,53.3185,2.53E+00,27.95,39.85,13.05
2469,143.773,19.9951,2.12E+00,26.61,30.86,21.35
2470,137.524,19.9946,2.41E+00,27.88,31.8,21.34
2471,131.274,19.994,2.70E+00,29.03,32.69,21.46
2472,137.522,26.6598,2.39E+00,27.56,32.94,19.69
2473,137.52,33.3249,2.37E+00,27.26,34.17,18.06
2474,143.772,26.6605,2.10E+00,26.19,31.96,19.83
2475,143.77,33.3258,2.09E+00,25.8,33.13,18.31
2476,131.272,26.659,2.68E+00,28.79,33.89,19.71
2477,131.27,33.324,2.65E+00,28.56,35.2,17.99
2478,137.525,6.66416,2.43E+00,28.61,29.74,24.7
2479,137.525,13.3294,2.42E+00,28.23,30.73,23.01
2480,143.774,6.6644,2.14E+00,27.56,28.86,24.44
2481,143.774,13.3298,2.13E+00,27.06,29.83,22.89
2482,131.276,6.6639,2.73E+00,29.61,30.57,25.05
2483,131.275,13.329,2.72E+00,29.31,31.58,23.24
2484,143.759,-73.3196,1.88E+00,39.28,19.95,44.01
2485,137.508,-73.318,2.13E+00,39.92,20.65,46.17
2486,131.256,-73.3165,2.38E+00,40.92,21.41,48.39
2487,143.772,-33.3279,2.08E+00,31.7,24.01,34
2488,137.522,-33.3273,2.37E+00,32.23,24.82,35.19
2489,131.272,-33.3266,2.66E+00,32.84,25.62,36.4
2490,143.774,-13.3318,2.13E+00,29.32,26.28,29.17
2491,137.525,-13.3316,2.42E+00,30.07,27.12,29.88
2492,131.276,-13.3314,2.72E+00,30.82,27.91,30.63
2493,137.526,-6.66633,2.43E+00,29.52,27.94,28.14
2494,143.775,-6.66639,2.13E+00,28.68,27.09,27.58
2495,131.277,-6.66631,2.73E+00,30.36,28.74,28.75
2496,137.524,-26.662,2.39E+00,31.41,25.56,33.41
2497,137.525,-19.9969,2.41E+00,30.69,26.33,31.64
2498,143.773,-26.6625,2.10E+00,30.82,24.74,32.38
2499,143.774,-19.9972,2.12E+00,30.03,25.49,30.77
2500,131.274,-26.6616,2.69E+00,32.05,26.37,34.46
2501,131.275,-19.9966,2.71E+00,31.38,27.13,32.54
2502,143.766,-53.3238,2.00E+00,34.99,21.91,38.93
2503,137.516,-53.3227,2.27E+00,35.48,22.68,40.6
2504,131.265,-53.3216,2.54E+00,36.18,23.48,42.28
2505,137.518,-46.6575,2.31E+00,34.26,23.38,38.78
2506,137.52,-39.9925,2.34E+00,33.18,24.1,36.98
2507,143.768,-46.6585,2.03E+00,33.78,22.6,37.27
2508,143.77,-39.9932,2.06E+00,32.69,23.3,35.63
2509,131.268,-46.6566,2.59E+00,34.9,24.18,40.3
2510,131.27,-39.9917,2.63E+00,33.79,24.9,38.34
2511,137.511,-66.6528,2.18E+00,38.33,21.31,44.29
2512,137.513,-59.9878,2.23E+00,36.84,21.99,42.43
2513,143.762,-66.6543,1.92E+00,37.75,20.59,42.3
2514,143.764,-59.9891,1.96E+00,36.31,21.24,40.6
2515,131.259,-66.6514,2.44E+00,39.21,22.09,46.33
2516,131.262,-59.9865,2.49E+00,37.62,22.78,44.29
2517,143.738,-112.45,1.53E+00,47.94,16.44,52.53
2518,137.49,-112.427,1.72E+00,48.47,16.94,55.13
2519,131.242,-112.448,1.89E+00,49.34,17.57,57.53
2520,143.762,-93.2196,1.72E+00,44.11,18.11,48.98
2521,137.498,-93.1889,1.94E+00,44.89,18.71,51.56
2522,131.235,-93.2163,2.16E+00,46.14,19.4,54.2
2523,137.501,-86.6084,2.01E+00,43.28,19.34,49.86
2524,137.505,-79.9833,2.07E+00,41.59,19.99,48.04
2525,143.758,-86.6236,1.78E+00,42.51,18.7,47.39
2526,143.757,-79.9849,1.83E+00,40.87,19.32,45.71
2527,131.245,-86.6202,2.24E+00,44.48,20.06,52.4
2528,131.252,-79.9816,2.31E+00,42.71,20.73,50.43
2529,137.493,-106.082,1.80E+00,47.58,17.51,54.28
2530,137.495,-99.6774,1.87E+00,46.36,18.1,53.06
2531,143.737,-106.121,1.60E+00,46.89,16.98,51.61
2532,143.75,-99.7144,1.66E+00,45.59,17.54,50.41
2533,131.248,-106.118,1.99E+00,48.67,18.15,56.86
2534,131.241,-99.7113,2.08E+00,47.58,18.76,55.72
2535,143.738,-131.232,1.29E+00,48.93,15.07,52.95
2536,137.485,-131.232,1.44E+00,48.59,15.44,54.98
2537,131.233,-131.232,1.58E+00,48.52,16.06,56.63
2538,137.487,-124.981,1.54E+00,48.99,15.9,55.48
2539,137.488,-118.71,1.63E+00,48.96,16.4,55.54
2540,143.74,-124.981,1.38E+00,49.01,15.46,53.24
2541,143.74,-118.718,1.46E+00,48.67,15.93,53.09
2542,131.234,-124.981,1.69E+00,49.21,16.54,57.35
2543,131.237,-118.716,1.79E+00,49.51,17.03,57.69
2544,137.484,-143.736,1.22E+00,47.07,14.8,53.39
2545,137.485,-137.484,1.34E+00,47.87,15.07,54.2
2546,143.737,-143.735,1.10E+00,47.7,14.53,51.35
2547,143.737,-137.483,1.20E+00,48.44,14.77,52.25
2548,131.233,-143.737,1.32E+00,46.71,15.2,54.79
2549,131.232,-137.485,1.45E+00,47.65,15.6,55.72
2550,149.989,-157.132,7.61E-01,31.84,28.88,28.33
2551,149.99,-164.278,6.36E-01,31.57,28.45,28.86
2552,149.991,-171.425,4.99E-01,30.94,28.04,29.55
2553,149.993,-178.571,3.53E-01,29.24,27.15,30.36
2554,149.995,-185.717,2.04E-01,24.99,24.62,31.32
2555,149.997,-192.861,6.77E-02,18.68,21.72,41.49
2556,150,-200,0.00E+00,15.4,20.69,51.16
2557,143.75,-200,0.00E+00,11.4,9.496,80.57
2558,137.5,-200,0.00E+00,10.7,10.22,80.38
2559,131.25,-200,0.00E+00,9.112,9.261,80.31
2560,125,-200,0.00E+00,7.346,8.23,79.99
2561,118.75,-200,0.00E+00,5.647,7.285,79.4
2562,112.5,-200,0.00E+00,4.163,6.517,78.75
2563,106.25,-200,0.00E+00,3.03,5.853,77.95
2564,100,-200,0.00E+00,2.714,5.091,77.23
2565,93.3333,-200,0.00E+00,3.456,4.264,76.63
2566,86.6667,-200,0.00E+00,4.806,3.496,75.95
2567,80,-200,0.00E+00,6.602,2.818,75.22
2568,73.3333,-200,0.00E+00,8.203,2.253,74.32
2569,66.6667,-200,0.00E+00,9.607,1.777,73.48
2570,60,-200,0.00E+00,11.32,1.466,72.75
2571,53.3333,-200,0.00E+00,12.76,1.483,71.87
2572,46.6667,-200,0.00E+00,13.97,1.851,70.95
2573,40,-200,0.00E+00,15.46,2.494,70.22
2574,33.3333,-200,0.00E+00,16.68,3.175,69.28
2575,26.6667,-200,0.00E+00,17.68,3.889,68.25
2576,20,-200,0.00E+00,18.95,4.791,67.46
2577,13.3333,-200,0.00E+00,19.94,5.621,66.43
2578,6.66667,-200,0.00E+00,20.74,6.433,65.3
2579,0,-200,0.00E+00,21.75,7.473,64.46
2580,-6.66667,-200,0.00E+00,22.52,8.408,63.36
2581,-13.3333,-200,0.00E+00,23.14,9.312,62.1
2582,-20,-200,0.00E+00,24.05,10.49,61.12
2583,-26.6667,-200,0.00E+00,24.85,11.67,60.07
2584,-33.3333,-200,0.00E+00,25.37,12.78,58.79
2585,-40,-200,0.00E+00,25.73,13.85,57.25
2586,-46.6667,-200,0.00E+00,26.16,14.98,55.67
2587,-53.3333,-200,0.00E+00,26.69,16.41,54.45
2588,-60,-200,0.00E+00,27.03,17.68,52.93
2589,-66.6667,-200,0.00E+00,27.27,18.92,51.18
2590,-73.3333,-200,0.00E+00,27.56,20.58,49.83
2591,-80,-200,0.00E+00,27.69,22.11,48.13
2592,-86.6667,-200,0.00E+00,27.8,23.57,46.08
2593,-93.3333,-200,0.00E+00,27.84,25.44,44.32
2594,-100,-200,0.00E+00,27.73,27.09,42.4
2595,-106.25,-200,0.00E+00,27.33,28.7,40.14
2596,-112.5,-200,0.00E+00,26.6,30.7,38.24
2597,-118.75,-200,0.00E+00,25.72,32.42,36.14
2598,-125,-200,0.00E+00,24.67,34.01,33.53
2599,-131.25,-200,0.00E+00,23.37,35.88,31.02
2600,-137.5,-200,0.00E+00,21.78,37.52,28.01
2601,-143.75,-200,0.00E+00,19.97,38.96,24.43
2602,-150,-200,0.00E+00,17.73,40.45,20.57
2603,-149.996,-192.858,4.91E-02,10.26,42.23,13.88
2604,-149.993,-185.714,1.57E-01,6.087,44.9,7.061
2605,-149.99,-178.568,2.90E-01,12.24,46.51,8.455
2606,-149.987,-171.422,4.30E-01,16.74,47.61,10.72
2607,-149.986,-164.276,5.68E-01,19.3,48.45,11.59
2608,-149.984,-157.13,6.99E-01,20.58,48.99,11.87
2609,-0.000145051,-192.864,8.96E-02,11.47,11.65,54.97
2610,0.000121006,-185.726,2.96E-01,5.736,17.88,40.46
2611,0.00020322,-178.586,5.63E-01,13.93,21.26,32.59
2612,0.000306412,-171.447,8.64E-01,19.58,23.48,28.46
2613,0.000366051,-164.306,1.18E+00,22.84,25.01,26.69
2614,0.000428658,-157.165,1.51E+00,24.97,26.18,26.06
2615,79.9663,-192.869,8.34E-02,9.886,4.705,66.68
2616,79.9331,-185.729,2.73E-01,18.5,8.658,53.91
2617,79.9088,-178.583,5.16E-01,26.99,12.03,47.43
2618,79.9213,-171.435,7.84E-01,31.88,14.27,44.46
2619,79.9429,-164.293,1.06E+00,34.7,15.89,43.87
2620,79.9644,-157.149,1.34E+00,36.57,17.16,44.51
2621,118.715,-192.856,7.63E-02,14.48,5.373,71.48
2622,118.681,-185.715,2.47E-01,28.32,5.231,59.44
2623,118.656,-178.577,4.59E-01,35.8,8.6,53.62
2624,118.667,-171.437,6.84E-01,39.53,11.26,51.59
2625,118.688,-164.291,9.08E-01,41.57,13.13,51.56
2626,118.71,-157.145,1.12E+00,43.08,14.52,52.54
2627,124.955,-178.576,4.48E-01,36.92,8.462,54.15
2628,131.24,-178.575,4.36E-01,38.05,8.765,54.65
2629,137.49,-178.574,4.21E-01,39.55,9.58,54.41
2630,143.741,-178.573,3.97E-01,42.28,10.89,52.02
2631,131.243,-185.72,2.39E-01,31.47,5.21,59.8
2632,131.246,-192.862,7.46E-02,18.03,6.287,71.91
2633,124.965,-185.717,2.43E-01,29.84,5.064,59.71
2634,124.982,-192.859,7.53E-02,16.18,5.78,71.89
2635,143.743,-185.718,2.28E-01,37.07,7.287,56.41
2636,137.492,-185.719,2.35E-01,33.33,5.733,59.4
2637,143.746,-192.862,7.55E-02,22.43,7.164,70.01
2638,137.496,-192.862,7.48E-02,19.89,6.811,71.63
2639,131.234,-157.137,1.02E+00,44.57,14.18,53.34
2640,131.235,-164.284,8.33E-01,43.14,13.16,52.83
2641,131.237,-171.431,6.38E-01,41.22,11.48,52.93
2642,124.964,-164.288,8.73E-01,42.26,13.03,52.36
2643,124.973,-157.141,1.07E+00,43.79,14.27,53.23
2644,124.956,-171.433,6.63E-01,40.31,11.23,52.36
2645,143.738,-164.281,7.20E-01,45.8,13.36,49.94
2646,137.486,-164.282,7.83E-01,44.36,13.29,52.23
2647,143.737,-157.134,8.64E-01,46.45,13.89,50.08
2648,137.485,-157.136,9.47E-01,45.47,14.07,52.39
2649,143.739,-171.427,5.64E-01,44.64,12.54,50.33
2650,137.488,-171.429,6.07E-01,42.61,11.95,52.56
2651,86.4474,-178.584,5.07E-01,28.56,11.38,48.7
2652,92.9571,-178.582,4.99E-01,29.99,10.78,49.74
2653,99.4279,-178.579,4.89E-01,31.54,10.23,50.9
2654,105.872,-178.577,4.79E-01,33.21,9.619,52.19
2655,112.278,-178.576,4.69E-01,34.61,9.022,53.05
2656,99.5152,-185.722,2.61E-01,23.37,6.846,56.88
2657,99.6519,-192.863,7.98E-02,10.46,4.941,69.04
2658,93.0262,-185.734,2.65E-01,21.69,7.444,55.89
2659,86.4986,-185.737,2.69E-01,20.18,8.008,54.97
2660,93.1499,-192.882,8.07E-02,9.96,4.829,68.29
2661,86.5805,-192.878,8.20E-02,9.916,4.694,67.46
2662,112.33,-185.707,2.52E-01,26.83,5.636,58.86
2663,105.942,-185.71,2.56E-01,25.23,6.197,57.95
2664,112.413,-192.847,7.76E-02,12.97,5.114,70.76
2665,106.066,-192.843,7.89E-02,11.62,4.99,69.83
2666,99.6746,-157.147,1.25E+00,40.65,15.51,49.28
2667,99.5716,-164.292,9.93E-01,38.84,14.18,48.29
2668,99.4738,-171.437,7.39E-01,36.17,12.51,48.43
2669,93.0707,-164.282,1.02E+00,37.49,14.67,46.81
2670,86.5303,-164.28,1.04E+00,36.25,15.3,45.55
2671,93.166,-157.132,1.28E+00,39.33,16.05,47.69
2672,86.5908,-157.14,1.31E+00,38.07,16.61,46.29
2673,92.9938,-171.43,7.55E-01,34.77,12.99,47.11
2674,86.4733,-171.429,7.70E-01,33.48,13.59,45.9
2675,112.36,-164.304,9.38E-01,40.95,13.45,50.78
2676,105.986,-164.303,9.66E-01,40.17,13.84,49.89
2677,112.421,-157.154,1.17E+00,42.44,14.86,51.72
2678,106.081,-157.162,1.21E+00,41.76,15.18,50.83
2679,112.304,-171.443,7.03E-01,38.73,11.54,50.82
2680,105.909,-171.443,7.21E-01,37.7,12.02,49.87
2681,39.9988,-192.864,8.83E-02,10.14,6.65,61.09
2682,39.9981,-185.725,2.91E-01,10.34,12.91,47.33
2683,39.9972,-178.585,5.53E-01,19.29,16.33,40.07
2684,39.9963,-171.445,8.46E-01,24.56,18.53,36.46
2685,39.9954,-164.304,1.15E+00,27.53,20.08,35.23
2686,39.9945,-157.162,1.47E+00,29.42,21.29,35.19
2687,46.6633,-178.585,5.48E-01,20.49,15.49,41.33
2688,53.3294,-178.584,5.43E-01,21.59,14.81,42.51
2689,59.9955,-178.584,5.37E-01,22.84,14.12,43.75
2690,66.6616,-178.583,5.31E-01,24.26,13.35,45.06
2691,73.2924,-178.583,5.24E-01,25.58,12.67,46.22
2692,59.997,-185.724,2.83E-01,14.1,10.7,50.61
2693,59.9982,-192.864,8.63E-02,10,5.024,63.89
2694,53.3306,-185.725,2.86E-01,12.78,11.4,49.52
2695,46.6643,-185.725,2.88E-01,11.64,12.06,48.39
2696,53.3317,-192.864,8.71E-02,10.05,5.395,62.95
2697,46.6653,-192.864,8.76E-02,10.14,5.875,61.87
2698,73.302,-185.727,2.77E-01,16.97,9.277,52.81
2699,66.6632,-185.724,2.80E-01,15.62,9.909,51.7
2700,73.3168,-192.867,8.45E-02,9.913,4.726,65.7
2701,66.6647,-192.864,8.54E-02,9.991,4.759,64.67
2702,59.9913,-157.158,1.42E+00,32.68,19.12,39.81
2703,59.9927,-164.301,1.12E+00,30.84,17.89,39.55
2704,59.9941,-171.443,8.20E-01,27.94,16.32,40.46
2705,53.3269,-164.302,1.13E+00,29.66,18.58,38.08
2706,46.6612,-164.303,1.14E+00,28.75,19.26,36.74
2707,53.3257,-157.16,1.44E+00,31.49,19.84,38.22
2708,46.6601,-157.161,1.46E+00,30.57,20.5,36.78
2709,53.3282,-171.444,8.30E-01,26.76,17.01,39.12
2710,46.6622,-171.444,8.38E-01,25.84,17.66,37.78
2711,73.3029,-164.295,1.08E+00,33.38,16.51,42.42
2712,66.6584,-164.3,1.10E+00,32.27,17.17,41.15
2713,73.3116,-157.153,1.37E+00,35.19,17.82,42.88
2714,66.6568,-157.157,1.39E+00,34.05,18.44,41.5
2715,73.2949,-171.439,7.97E-01,30.57,14.89,43.16
2716,66.66,-171.442,8.09E-01,29.43,15.54,41.88
2717,6.66635,-178.586,5.63E-01,14.76,20.27,33.83
2718,13.3325,-178.586,5.63E-01,15.49,19.51,35.12
2719,19.9987,-178.586,5.61E-01,16.35,18.69,36.38
2720,26.6648,-178.586,5.59E-01,17.36,17.78,37.62
2721,33.331,-178.585,5.56E-01,18.25,17.08,38.84
2722,19.9991,-185.726,2.95E-01,7.198,15.28,43.97
2723,19.9993,-192.864,8.94E-02,10.27,8.998,58.13
2724,13.3327,-185.726,2.95E-01,6.28,16.12,42.81
2725,6.66643,-185.726,2.96E-01,5.756,16.87,41.57
2726,13.3328,-192.864,8.95E-02,10.3,9.838,57.08
2727,6.66633,-192.864,8.95E-02,10.63,10.6,55.83
2728,33.3317,-185.725,2.92E-01,9.225,13.67,46.22
2729,26.6654,-185.725,2.94E-01,8.29,14.36,45.05
2730,33.3323,-192.864,8.87E-02,10.18,7.378,60.11
2731,26.6658,-192.864,8.90E-02,10.28,8.053,58.95
2732,19.9975,-157.164,1.50E+00,26.89,23.62,30.62
2733,19.9979,-164.305,1.18E+00,24.92,22.44,30.97
2734,19.9983,-171.446,8.61E-01,21.81,20.9,32.48
2735,13.332,-164.306,1.18E+00,24.16,23.26,29.52
2736,6.6662,-164.306,1.18E+00,23.65,23.97,28.03
2737,13.3318,-157.165,1.51E+00,26.18,24.44,29.08
2738,6.66612,-157.165,1.51E+00,25.71,25.18,27.5
2739,13.3323,-171.447,8.63E-01,21.02,21.73,31.14
2740,6.66629,-171.447,8.64E-01,20.49,22.42,29.68
2741,33.3296,-164.304,1.16E+00,26.58,20.83,33.78
2742,26.6637,-164.305,1.17E+00,25.91,21.51,32.38
2743,33.3288,-157.163,1.48E+00,28.48,22.06,33.63
2744,26.6632,-157.164,1.49E+00,27.82,22.74,32.12
2745,33.3303,-171.446,8.52E-01,23.59,19.28,35.12
2746,26.6643,-171.446,8.57E-01,22.89,19.95,33.74
2747,-73.3105,-192.867,8.24E-02,17.39,24.51,40.29
2748,-73.2874,-185.727,2.70E-01,6.145,30.38,25.42
2749,-73.2705,-178.583,5.11E-01,8.804,33.75,17.19
2750,-73.2781,-171.437,7.78E-01,14.79,36.18,12.81
2751,-73.2918,-164.294,1.06E+00,18.51,37.99,10.56
2752,-73.3055,-157.15,1.34E+00,21.07,39.55,9.384
2753,-33.3326,-192.864,8.79E-02,15.16,16.89,49.27
2754,-33.3315,-185.725,2.90E-01,6.152,23.01,34.38
2755,-33.3306,-178.585,5.51E-01,10.88,26.38,26.15
2756,-33.3297,-171.445,8.44E-01,16.58,28.64,21.83
2757,-33.3288,-164.304,1.15E+00,20.16,30.21,19.66
2758,-33.3279,-157.162,1.47E+00,22.56,31.42,18.59
2759,-26.6644,-178.585,5.55E-01,11.43,25.27,27.52
2760,-19.9983,-178.585,5.58E-01,12.04,24.09,28.77
2761,-13.3321,-178.586,5.61E-01,12.67,22.99,29.96
2762,-6.66597,-178.586,5.62E-01,13.22,22.18,31.29
2763,-19.9989,-185.725,2.93E-01,5.85,20.74,36.89
2764,-19.9996,-192.864,8.89E-02,13.69,14.61,51.59
2765,-26.6651,-185.725,2.92E-01,6.124,21.91,35.73
2766,-26.6661,-192.864,8.85E-02,14.59,15.79,50.58
2767,-6.66622,-185.726,2.95E-01,5.736,18.81,39.28
2768,-13.3325,-185.726,2.94E-01,5.596,19.63,38
2769,-6.66667,-192.864,8.94E-02,12.21,12.59,53.86
2770,-13.3332,-192.864,8.91E-02,12.75,13.44,52.54
2771,-19.9966,-157.164,1.49E+00,23.44,29.07,21.43
2772,-19.9971,-164.305,1.17E+00,21.16,27.85,22.34
2773,-19.9977,-171.446,8.56E-01,17.79,26.3,24.41
2774,-26.6629,-164.305,1.16E+00,20.58,29.09,21.08
2775,-26.6622,-157.163,1.48E+00,22.9,30.3,20.05
2776,-26.6636,-171.446,8.51E-01,17.09,27.52,23.24
2777,-6.66548,-164.306,1.18E+00,22.22,25.92,25.23
2778,-13.3313,-164.306,1.18E+00,21.81,26.69,23.64
2779,-6.66526,-157.165,1.51E+00,24.42,27.08,24.54
2780,-13.331,-157.164,1.50E+00,24.05,27.9,22.87
2781,-6.66571,-171.447,8.63E-01,18.91,24.4,27.08
2782,-13.3317,-171.446,8.60E-01,18.5,25.16,25.56
2783,-66.6376,-178.583,5.20E-01,9.043,32.2,18.63
2784,-59.9951,-178.583,5.28E-01,9.297,31.01,20.27
2785,-53.3289,-178.584,5.35E-01,9.671,29.68,21.8
2786,-46.6628,-178.584,5.41E-01,10.07,28.32,23.13
2787,-39.9968,-178.585,5.46E-01,10.44,27.35,24.63
2788,-53.3304,-185.724,2.82E-01,6.015,26.35,30.04
2789,-53.332,-192.864,8.56E-02,16.41,20.41,44.89
2790,-59.9967,-185.724,2.78E-01,6.044,27.64,28.54
2791,-66.6446,-185.725,2.74E-01,5.934,28.83,26.88
2792,-59.9986,-192.864,8.47E-02,16.79,21.69,43.4
2793,-66.6554,-192.865,8.35E-02,16.99,22.9,41.65
2794,-39.9978,-185.725,2.87E-01,5.937,24,32.87
2795,-46.6641,-185.725,2.84E-01,5.788,25.01,31.36
2796,-39.9991,-192.864,8.72E-02,15.45,17.93,47.7
2797,-46.6655,-192.864,8.64E-02,15.78,19.01,46.1
2798,-53.3247,-157.158,1.42E+00,21.7,35.12,13.88
2799,-53.3261,-164.301,1.11E+00,19.23,33.73,15.07
2800,-53.3275,-171.443,8.17E-01,15.62,32.01,17.34
2801,-59.9919,-164.3,1.10E+00,18.92,35.11,13.55
2802,-66.6434,-164.296,1.08E+00,18.73,36.27,11.79
2803,-59.9902,-157.157,1.39E+00,21.48,36.49,12.39
2804,-66.6486,-157.153,1.37E+00,21.3,37.8,10.66
2805,-59.9935,-171.442,8.05E-01,15.26,33.4,15.82
2806,-66.6386,-171.439,7.92E-01,15.1,34.54,14.09
2807,-39.9947,-164.303,1.14E+00,19.84,31.17,17.99
2808,-46.6603,-164.302,1.13E+00,19.6,32.17,16.31
2809,-39.9936,-157.161,1.45E+00,22.32,32.44,16.95
2810,-46.6591,-157.16,1.44E+00,22.06,33.57,15.22
2811,-39.9957,-171.445,8.36E-01,16.29,29.6,20.19
2812,-46.6616,-171.444,8.27E-01,16.09,30.55,18.56
2813,-112.445,-192.851,7.22E-02,16.96,34.22,29.01
2814,-112.395,-185.712,2.33E-01,6.268,39.5,14.73
2815,-112.365,-178.573,4.35E-01,8.716,42.66,7.639
2816,-112.37,-171.437,6.54E-01,14.4,45.05,5.332
2817,-112.391,-164.297,8.77E-01,18.02,46.9,5.327
2818,-112.435,-157.149,1.10E+00,20.46,48.62,5.854
2819,-105.932,-178.572,4.51E-01,8.526,41.12,8.971
2820,-99.4692,-178.576,4.66E-01,8.436,39.74,10.69
2821,-92.9503,-178.582,4.79E-01,8.479,38.14,12.35
2822,-86.4146,-178.585,4.90E-01,8.517,36.52,13.83
2823,-79.8514,-178.585,5.01E-01,8.594,35.23,15.55
2824,-93.0189,-185.727,2.54E-01,6.307,34.81,20.41
2825,-93.1417,-192.876,7.79E-02,17.81,29.18,35.02
2826,-99.5365,-185.716,2.48E-01,6.34,36.4,18.54
2827,-105.977,-185.706,2.41E-01,6.207,37.87,16.5
2828,-99.6553,-192.856,7.65E-02,17.78,30.81,33.1
2829,-106.08,-192.84,7.47E-02,17.42,32.37,30.87
2830,-79.8865,-185.733,2.65E-01,6.177,31.86,23.79
2831,-86.4686,-185.733,2.60E-01,6.102,33.18,22.02
2832,-79.9422,-192.873,8.10E-02,17.57,26.02,38.65
2833,-86.5633,-192.876,7.94E-02,17.62,27.42,36.69
2834,-93.1512,-157.133,1.23E+00,20.65,44.46,5.733
2835,-93.0477,-164.286,9.78E-01,18.08,42.65,6.443
2836,-92.979,-171.436,7.25E-01,14.35,40.66,8.285
2837,-99.5565,-164.293,9.47E-01,17.98,44.27,5.619
2838,-105.993,-164.3,9.13E-01,17.94,45.43,5.156
2839,-99.6601,-157.147,1.19E+00,20.59,46,5.295
2840,-106.08,-157.161,1.14E+00,20.49,47.19,5.361
2841,-99.4924,-171.437,7.03E-01,14.25,42.29,6.999
2842,-105.948,-171.44,6.80E-01,14.32,43.55,5.838
2843,-79.9054,-164.29,1.03E+00,18.3,39.52,9.084
2844,-86.4957,-164.287,1.01E+00,18.16,40.81,7.439
2845,-79.9451,-157.146,1.31E+00,20.94,41.1,8.036
2846,-86.5694,-157.141,1.27E+00,20.79,42.55,6.587
2847,-79.8679,-171.435,7.62E-01,14.53,37.69,11.23
2848,-86.4382,-171.434,7.44E-01,14.46,38.94,9.489
2849,-143.74,-178.569,3.22E-01,11.6,46.65,7.184
2850,-137.49,-178.571,3.50E-01,10.87,46.54,6.258
2851,-131.24,-178.572,3.75E-01,10.1,45.88,5.864
2852,-124.99,-178.573,3.98E-01,9.396,44.89,5.976
2853,-118.689,-178.575,4.17E-01,8.948,43.96,6.583
2854,-131.243,-185.717,2.02E-01,6.061,43.18,9.743
2855,-131.246,-192.86,6.30E-02,14.28,38.8,22.41
2856,-137.493,-185.716,1.89E-01,6.036,44.11,8.471
2857,-143.743,-185.715,1.74E-01,5.957,44.65,7.512
2858,-137.496,-192.859,5.91E-02,13.05,40.14,19.8
2859,-143.746,-192.859,5.45E-02,11.69,41.25,16.85
2860,-118.7,-185.716,2.24E-01,6.175,40.9,12.94
2861,-124.993,-185.718,2.14E-01,6,42.02,11.18
2862,-118.724,-192.856,6.95E-02,16.26,35.81,27.01
2863,-124.997,-192.861,6.64E-02,15.31,37.21,24.66
2864,-131.232,-157.134,9.24E-01,20.31,50.57,9.353
2865,-131.234,-164.281,7.45E-01,18.22,49.42,8.644
2866,-131.237,-171.427,5.60E-01,15.13,47.93,7.066
2867,-137.484,-164.279,6.92E-01,18.46,49.47,9.983
2868,-143.735,-164.277,6.33E-01,18.93,48.7,11.26
2869,-137.482,-157.132,8.56E-01,20.3,50.26,10.64
2870,-143.733,-157.131,7.81E-01,20.31,49.26,12.09
2871,-137.487,-171.426,5.22E-01,15.71,48.31,8.273
2872,-143.737,-171.424,4.79E-01,16.39,47.95,9.634
2873,-118.696,-164.287,8.37E-01,18.06,48.05,6.173
2874,-124.984,-164.282,7.94E-01,18.06,48.69,7.533
2875,-118.711,-157.142,1.04E+00,20.48,49.59,6.825
2876,-124.982,-157.136,9.87E-01,20.37,50.13,8.233
2877,-118.688,-171.431,6.26E-01,14.48,46.28,5.46
2878,-124.987,-171.429,5.95E-01,14.72,47.06,6.194
2879,149.984,157.13,7.62E-01,47.07,11.1,53.94
2880,149.986,164.277,6.38E-01,45.37,10.98,55.04
2881,149.987,171.424,4.97E-01,43.85,9.962,56.39
2882,149.989,178.57,3.45E-01,41.47,8.04,58.75
2883,149.992,185.716,1.92E-01,36.41,5.298,63.73
2884,149.996,192.86,5.99E-02,25.54,5.984,74.26
2885,150,200,0.00E+00,18.15,8.202,81.4
2886,143.75,200,0.00E+00,16.17,8.237,82.71
2887,137.5,200,0.00E+00,14.2,8.113,83.56
2888,131.25,200,0.00E+00,12.21,7.932,84.04
2889,125,200,0.00E+00,10.22,7.704,84.1
2890,118.75,200,0.00E+00,8.244,7.454,83.86
2891,112.5,200,0.00E+00,6.561,7.183,82.48
2892,106.25,200,0.00E+00,5.19,6.557,79.6
2893,100,200,0.00E+00,3.688,5.485,77.05
2894,93.3333,200,0.00E+00,3.15,4.539,77.5
2895,86.6667,200,0.00E+00,4.38,3.932,78.61
2896,80,200,0.00E+00,6.126,3.465,77.82
2897,73.3333,200,0.00E+00,7.828,2.978,77
2898,66.6667,200,0.00E+00,9.491,2.492,76.22
2899,60,200,0.00E+00,10.99,2.048,75.19
2900,53.3333,200,0.00E+00,12.42,1.601,74.18
2901,46.6667,200,0.00E+00,13.77,1.361,73.17
2902,40,200,0.00E+00,15.04,1.575,72.14
2903,33.3333,200,0.00E+00,16.24,2.168,71.09
2904,26.6667,200,0.00E+00,17.35,2.929,70.02
2905,20,200,0.00E+00,18.39,3.758,68.93
2906,13.3333,200,0.00E+00,19.35,4.628,67.81
2907,6.66667,200,0.00E+00,20.24,5.531,66.66
2908,0,200,0.00E+00,21.05,6.467,65.47
2909,-6.66667,200,0.00E+00,21.81,7.436,64.24
2910,-13.3333,200,0.00E+00,22.5,8.44,62.97
2911,-20,200,0.00E+00,23.15,9.483,61.66
2912,-26.6667,200,0.00E+00,23.74,10.57,60.29
2913,-33.3333,200,0.00E+00,24.29,11.69,58.86
2914,-40,200,0.00E+00,24.8,12.86,57.38
2915,-46.6667,200,0.00E+00,25.23,14.07,55.88
2916,-53.3333,200,0.00E+00,25.53,15.33,54.41
2917,-60,200,0.00E+00,25.7,16.64,53.04
2918,-66.6667,200,0.00E+00,25.77,18,51.75
2919,-73.3333,200,0.00E+00,25.63,19.46,50.38
2920,-80,200,0.00E+00,25.66,20.98,49.25
2921,-86.6667,200,0.00E+00,26.14,22.55,48.31
2922,-93.3333,200,0.00E+00,26.48,24.36,46.56
2923,-100,200,0.00E+00,26.47,26.25,43.99
2924,-106.25,200,0.00E+00,25.85,28.09,40.89
2925,-112.5,200,0.00E+00,24.85,29.75,38
2926,-118.75,200,0.00E+00,23.58,31.29,35.4
2927,-125,200,0.00E+00,21.98,32.86,32.54
2928,-131.25,200,0.00E+00,20.44,34.33,29.62
2929,-137.5,200,0.00E+00,19.3,35.83,26.87
2930,-143.75,200,0.00E+00,18.41,37.24,24.21
2931,-150,200,0.00E+00,22.61,22.4,44.76
2932,-149.996,192.857,4.35E-02,21.73,21.95,41.62
2933,-149.992,185.714,1.50E-01,20.35,22.24,35.86
2934,-149.989,178.57,2.92E-01,21.4,24.13,31.51
2935,-149.987,171.424,4.47E-01,24.52,26.15,29.1
2936,-149.985,164.278,6.01E-01,27.14,27.55,28.67
2937,-149.984,157.133,7.50E-01,28.78,28.53,30.22
2938,-0.000407285,192.865,8.63E-02,10.77,10.6,55.85
2939,-0.000360022,185.726,2.91E-01,6.248,16.85,41.06
2940,-0.000460744,178.586,5.59E-01,15.37,20.31,33.3
2941,-0.000603669,171.446,8.60E-01,20.68,22.56,29.54
2942,-0.000772084,164.306,1.18E+00,23.82,24.16,27.96
2943,-0.000945426,157.165,1.51E+00,25.83,25.55,27.53
2944,79.966,192.869,8.32E-02,10.73,4.834,68.69
2945,79.9324,185.729,2.78E-01,20.87,8.317,55.03
2946,79.9077,178.583,5.25E-01,29.44,11.67,48.48
2947,79.9198,171.435,7.96E-01,34.38,13.83,45.76
2948,79.9412,164.292,1.07E+00,37.84,15.67,44.9
2949,79.9625,157.147,1.35E+00,41.03,17.79,44.56
2950,118.715,192.856,7.43E-02,17.44,5.78,75.52
2951,118.68,185.714,2.44E-01,31.61,6.146,63.12
2952,118.655,178.576,4.53E-01,39.23,9.52,57.28
2953,118.666,171.436,6.73E-01,43.39,11.71,54.81
2954,118.688,164.289,8.91E-01,46.15,13.26,53.84
2955,118.709,157.142,1.10E+00,49.03,14.75,53.32
2956,124.954,178.575,4.36E-01,40.11,9.124,58.03
2957,131.239,178.574,4.16E-01,40.8,8.734,58.56
2958,137.489,178.573,3.95E-01,41.33,8.433,58.94
2959,143.739,178.571,3.71E-01,41.61,8.2,59.07
2960,131.242,185.719,2.26E-01,34.1,5.564,64.15
2961,131.246,192.861,6.95E-02,20.93,5.878,76.05
2962,124.965,185.717,2.36E-01,32.97,5.791,63.79
2963,124.982,192.859,7.20E-02,19.23,5.801,75.94
2964,143.742,185.717,2.04E-01,35.85,5.338,64.17
2965,137.492,185.718,2.16E-01,35.05,5.428,64.26
2966,143.746,192.86,6.34E-02,24.07,6.002,75.22
2967,137.496,192.861,6.66E-02,22.53,5.948,75.78
2968,131.232,157.134,9.77E-01,49.37,13.9,55.03
2969,131.234,164.281,8.03E-01,46.88,12.72,55.53
2970,131.237,171.428,6.13E-01,44.4,11.13,56.28
2971,124.963,164.286,8.49E-01,46.62,13.05,54.75
2972,124.971,157.138,1.04E+00,49.45,14.39,54.35
2973,124.956,171.432,6.45E-01,43.95,11.49,55.58
2974,143.735,164.278,6.97E-01,46.22,11.56,55.82
2975,137.484,164.279,7.52E-01,46.74,12.21,55.95
2976,143.733,157.131,8.38E-01,47.94,12.01,55
2977,137.482,157.132,9.10E-01,48.79,13.16,55.31
2978,143.737,171.425,5.40E-01,44.47,10.31,56.87
2979,137.487,171.426,5.78E-01,44.61,10.71,56.78
2980,86.4463,178.584,5.17E-01,30.99,11.44,49.63
2981,92.9561,178.582,5.08E-01,32.8,11.1,51.06
2982,99.427,178.579,4.96E-01,34.71,10.61,52.79
2983,105.872,178.576,4.83E-01,36.49,10.16,54.58
2984,112.278,178.575,4.69E-01,38.03,9.833,56.15
2985,99.5145,185.722,2.65E-01,26.45,7.439,58.05
2986,99.6514,192.863,8.04E-02,12.43,5.472,69.38
2987,93.0255,185.734,2.70E-01,24.5,7.873,56.51
2988,86.4979,185.737,2.74E-01,22.6,8.16,55.74
2989,93.1495,192.883,8.15E-02,11.19,5.172,68.9
2990,86.5802,192.878,8.24E-02,10.81,4.99,69.31
2991,112.329,185.706,2.52E-01,30.02,6.569,61.85
2992,105.941,185.71,2.59E-01,28.29,7,60.03
2993,112.412,192.847,7.66E-02,15.71,5.858,74.17
2994,106.065,192.843,7.88E-02,14.1,5.806,71.72
2995,99.6729,157.144,1.24E+00,46.88,15.56,50.17
2996,99.5703,164.29,9.96E-01,43.38,14.38,50.44
2997,99.4728,171.435,7.45E-01,39.69,12.69,50.77
2998,93.0693,164.28,1.03E+00,41.49,14.62,48.51
2999,86.5287,164.28,1.05E+00,39.57,14.98,46.58
3000,93.164,157.131,1.28E+00,44.89,16.15,48.23
3001,86.5889,157.138,1.32E+00,42.78,16.98,46.21
3002,92.9926,171.429,7.64E-01,37.82,13.12,48.93
3003,86.472,171.429,7.81E-01,36,13.44,47.22
3004,112.359,164.302,9.29E-01,45.68,13.53,53.04
3005,105.984,164.301,9.64E-01,44.88,13.95,52.04
3006,112.42,157.151,1.15E+00,48.52,15.03,52.33
3007,106.079,157.159,1.20E+00,47.99,15.26,51.44
3008,112.303,171.442,6.99E-01,42.63,11.92,53.9
3009,105.908,171.441,7.23E-01,41.38,12.25,52.53
3010,39.9985,192.864,8.63E-02,10.6,5.642,62.69
3011,39.9975,185.726,2.90E-01,12.03,11.91,48.28
3012,39.9964,178.585,5.55E-01,21.2,15.54,40.95
3013,39.9953,171.445,8.51E-01,26.45,17.94,37.55
3014,39.9941,164.303,1.16E+00,29.71,19.72,36.17
3015,39.9929,157.161,1.48E+00,32.18,21.41,35.61
3016,46.6625,178.585,5.52E-01,22.42,14.79,42.24
3017,53.3286,178.585,5.48E-01,23.72,14.03,43.54
3018,59.9946,178.584,5.43E-01,25.1,13.28,44.85
3019,66.6607,178.584,5.38E-01,26.54,12.57,46.12
3020,73.2914,178.583,5.32E-01,28,12.01,47.34
3021,59.9963,185.725,2.85E-01,16.06,9.58,51.86
3022,59.9979,192.864,8.50E-02,10.62,4.713,65.92
3023,53.3301,185.725,2.87E-01,14.62,10.33,50.67
3024,46.6638,185.725,2.89E-01,13.28,11.12,49.47
3025,53.3314,192.864,8.55E-02,10.6,4.849,64.85
3026,46.665,192.864,8.59E-02,10.6,5.13,63.77
3027,73.3014,185.727,2.81E-01,19.22,8.559,54.06
3028,66.6626,185.725,2.83E-01,17.59,8.971,53.02
3029,73.3165,192.867,8.38E-02,10.67,4.727,67.83
3030,66.6644,192.864,8.45E-02,10.66,4.667,66.97
3031,59.9895,157.157,1.43E+00,36.17,19.64,39.83
3032,59.9913,164.3,1.13E+00,33.47,17.77,40.42
3033,59.993,171.443,8.29E-01,30.23,15.85,41.69
3034,53.3256,164.301,1.14E+00,32.18,18.4,39.01
3035,46.6599,164.303,1.15E+00,30.92,19.05,37.58
3036,53.324,157.159,1.45E+00,34.79,20.22,38.41
3037,46.6585,157.16,1.46E+00,33.46,20.8,37
3038,53.3271,171.443,8.38E-01,28.92,16.54,40.31
3039,46.6612,171.444,8.45E-01,27.65,17.24,38.92
3040,73.3013,164.295,1.09E+00,36.25,16.44,43.33
3041,66.6569,164.299,1.11E+00,34.79,17.12,41.82
3042,73.3097,157.151,1.38E+00,39.28,18.47,42.9
3043,66.655,157.155,1.40E+00,37.64,19.06,41.3
3044,73.2935,171.439,8.08E-01,32.93,14.44,44.39
3045,66.6588,171.442,8.19E-01,31.56,15.15,43.04
3046,6.6657,178.586,5.60E-01,16.18,19.47,34.58
3047,13.3319,178.586,5.61E-01,17.06,18.65,35.86
3048,19.998,178.586,5.61E-01,17.99,17.84,37.13
3049,26.6642,178.586,5.59E-01,18.99,17.06,38.4
3050,33.3303,178.586,5.58E-01,20.05,16.3,39.67
3051,19.9986,185.726,2.93E-01,8.74,14.31,44.71
3052,19.9991,192.865,8.67E-02,10.61,7.956,59.36
3053,13.3323,185.726,2.93E-01,7.787,15.14,43.51
3054,6.66596,185.726,2.92E-01,6.904,15.98,42.29
3055,13.3326,192.865,8.67E-02,10.6,8.81,58.22
3056,6.66608,192.865,8.65E-02,10.61,9.692,57.05
3057,33.3312,185.726,2.92E-01,10.85,12.71,47.09
3058,26.6649,185.726,2.92E-01,9.761,13.5,45.9
3059,33.332,192.865,8.65E-02,10.6,6.343,61.59
3060,26.6655,192.865,8.67E-02,10.61,7.131,60.49
3061,19.9961,157.164,1.50E+00,28.71,23.37,31.52
3062,19.9967,164.305,1.18E+00,26.47,21.84,32.03
3063,19.9974,171.446,8.61E-01,23.27,20.16,33.52
3064,13.3309,164.305,1.18E+00,25.52,22.59,30.67
3065,6.66507,164.306,1.18E+00,24.64,23.36,29.31
3066,13.3304,157.164,1.51E+00,27.69,24.07,30.18
3067,6.66474,157.165,1.51E+00,26.73,24.8,28.85
3068,13.3314,171.446,8.62E-01,22.35,20.94,32.19
3069,6.6654,171.446,8.62E-01,21.48,21.74,30.87
3070,33.3284,164.304,1.17E+00,28.56,20.4,34.77
3071,26.6625,164.305,1.18E+00,27.48,21.11,33.39
3072,33.3273,157.162,1.49E+00,30.96,22.05,34.23
3073,26.6617,157.163,1.50E+00,29.8,22.7,32.86
3074,33.3293,171.445,8.56E-01,25.32,18.67,36.2
3075,26.6634,171.446,8.59E-01,24.26,19.4,34.85
3076,-73.3108,192.867,7.71E-02,15.73,23.19,40.86
3077,-73.2879,185.727,2.59E-01,5.903,28.81,26.07
3078,-73.2711,178.582,4.96E-01,9.169,31.95,18
3079,-73.2789,171.437,7.60E-01,14.28,34.06,13.97
3080,-73.2929,164.294,1.04E+00,17.3,35.58,12.44
3081,-73.307,157.151,1.32E+00,18.8,36.77,12.63
3082,-33.3328,192.864,8.36E-02,13.88,15.66,49.31
3083,-33.3319,185.725,2.82E-01,6.029,21.68,34.56
3084,-33.3312,178.585,5.42E-01,11.98,25.03,26.68
3085,-33.3305,171.444,8.33E-01,17.34,27.19,22.77
3086,-33.3299,164.303,1.14E+00,20.42,28.69,21.14
3087,-33.3293,157.162,1.46E+00,22.12,29.87,20.89
3088,-26.665,178.585,5.47E-01,12.58,24.01,28.04
3089,-19.9989,178.586,5.51E-01,13.22,23.03,29.38
3090,-13.3327,178.586,5.54E-01,13.89,22.09,30.7
3091,-6.6666,178.586,5.57E-01,14.6,21.19,32
3092,-19.9993,185.726,2.87E-01,6.005,19.64,37.24
3093,-19.9999,192.864,8.50E-02,12.66,13.53,52.06
3094,-26.6656,185.725,2.85E-01,6.016,20.64,35.92
3095,-26.6663,192.864,8.43E-02,13.29,14.57,50.71
3096,-6.66667,185.726,2.90E-01,6.005,17.75,39.81
3097,-13.333,185.726,2.89E-01,5.998,18.68,38.54
3098,-6.66688,192.865,8.60E-02,11.29,11.54,54.62
3099,-13.3335,192.864,8.55E-02,11.99,12.52,53.36
3100,-19.998,157.164,1.49E+00,23.47,28.01,23.55
3101,-19.9983,164.305,1.16E+00,21.65,26.76,23.88
3102,-19.9986,171.445,8.48E-01,18.55,25.23,25.51
3103,-26.6641,164.304,1.15E+00,21.02,27.7,22.51
3104,-26.6636,157.163,1.48E+00,22.77,28.92,22.22
3105,-26.6645,171.445,8.41E-01,17.93,26.19,24.14
3106,-6.6666,164.305,1.18E+00,23.05,24.99,26.61
3107,-13.3324,164.305,1.17E+00,22.33,25.86,25.25
3108,-6.66662,157.165,1.50E+00,24.99,26.34,26.21
3109,-13.3324,157.164,1.50E+00,24.21,27.15,24.88
3110,-6.66659,171.446,8.57E-01,19.92,23.42,28.2
3111,-13.3326,171.446,8.53E-01,19.22,24.3,26.86
3112,-66.6382,178.583,5.05E-01,9.439,30.75,19.4
3113,-59.9957,178.583,5.14E-01,9.851,29.54,20.89
3114,-53.3296,178.584,5.22E-01,10.34,28.35,22.39
3115,-46.6634,178.584,5.29E-01,10.87,27.2,23.86
3116,-39.9974,178.585,5.36E-01,11.41,26.09,25.29
3117,-53.3308,185.724,2.73E-01,6.039,25.07,30.23
3118,-53.3322,192.864,8.08E-02,15.33,19.2,44.91
3119,-59.9971,185.724,2.69E-01,5.995,26.29,28.77
3120,-66.6451,185.725,2.64E-01,5.949,27.55,27.39
3121,-59.9988,192.864,7.97E-02,15.6,20.48,43.52
3122,-66.6557,192.865,7.85E-02,15.76,21.8,42.21
3123,-39.9983,185.725,2.79E-01,6.041,22.76,33.16
3124,-46.6645,185.725,2.76E-01,6.051,23.9,31.71
3125,-39.9993,192.864,8.28E-02,14.43,16.8,47.87
3126,-46.6657,192.864,8.19E-02,14.93,17.97,46.39
3127,-53.3261,157.159,1.40E+00,20.36,33,16.87
3128,-53.3272,164.301,1.10E+00,18.81,31.9,16.95
3129,-53.3284,171.442,8.02E-01,15.72,30.47,18.52
3130,-59.993,164.299,1.08E+00,18.32,33.06,15.5
3131,-66.6445,164.296,1.06E+00,17.82,34.29,14.01
3132,-59.9916,157.157,1.38E+00,19.83,34.17,15.5
3133,-66.65,157.154,1.35E+00,19.32,35.43,14.09
3134,-59.9943,171.441,7.89E-01,15.21,31.64,17.03
3135,-66.6394,171.439,7.75E-01,14.72,32.83,15.49
3136,-39.9957,164.303,1.13E+00,19.86,29.72,19.76
3137,-46.6614,164.302,1.12E+00,19.32,30.79,18.36
3138,-39.9949,157.161,1.45E+00,21.5,30.86,19.56
3139,-46.6605,157.16,1.43E+00,20.92,31.9,18.22
3140,-39.9965,171.444,8.24E-01,16.78,28.24,21.38
3141,-46.6624,171.443,8.14E-01,16.24,29.34,19.97
3142,-112.445,192.851,6.55E-02,15.67,32.75,29.57
3143,-112.395,185.712,2.19E-01,6.03,37.46,16.51
3144,-112.365,178.573,4.17E-01,8.623,40.33,9.535
3145,-112.371,171.437,6.35E-01,13.48,42.35,6.327
3146,-112.393,164.298,8.61E-01,16.09,43.76,5.32
3147,-112.437,157.151,1.09E+00,16.82,44.8,5.425
3148,-105.933,178.571,4.33E-01,8.631,39.04,11.12
3149,-99.4699,178.575,4.47E-01,8.631,37.62,12.66
3150,-92.9509,178.581,4.61E-01,8.696,36.11,14.09
3151,-86.4153,178.584,4.73E-01,8.835,34.61,15.42
3152,-79.852,178.584,4.85E-01,9,33.21,16.7
3153,-93.0194,185.727,2.41E-01,6.112,32.84,22.33
3154,-93.1419,192.876,7.16E-02,16.55,27.63,37.12
3155,-99.5369,185.716,2.34E-01,6.212,34.43,20.64
3156,-105.977,185.706,2.27E-01,6.172,36.03,18.63
3157,-99.6554,192.856,6.99E-02,16.66,29.39,34.89
3158,-106.08,192.84,6.80E-02,16.31,31.17,32.2
3159,-79.887,185.732,2.54E-01,5.908,30.05,24.85
3160,-86.4691,185.733,2.48E-01,5.999,31.36,23.68
3161,-79.9424,192.872,7.54E-02,15.81,24.57,39.71
3162,-86.5636,192.875,7.36E-02,16.22,25.99,38.69
3163,-93.153,157.134,1.22E+00,17.3,41.43,8.165
3164,-93.0491,164.286,9.60E-01,16.35,40.16,8.26
3165,-92.98,171.435,7.05E-01,13.63,38.43,9.918
3166,-99.558,164.293,9.29E-01,16.21,41.55,7.097
3167,-105.994,164.301,8.96E-01,16.12,42.71,6.07
3168,-99.662,157.149,1.18E+00,17.03,42.75,7.009
3169,-106.082,157.163,1.14E+00,16.87,43.83,6.089
3170,-99.4934,171.437,6.83E-01,13.52,39.89,8.624
3171,-105.949,171.44,6.60E-01,13.48,41.18,7.397
3172,-79.9065,164.29,1.01E+00,16.85,37.03,10.91
3173,-86.4969,164.287,9.88E-01,16.55,38.62,9.515
3174,-79.9466,157.147,1.29E+00,18.25,38.27,11.09
3175,-86.571,157.142,1.26E+00,17.72,39.92,9.552
3176,-79.8687,171.435,7.43E-01,13.98,35.41,12.55
3177,-86.4391,171.434,7.25E-01,13.79,36.9,11.22
3178,-143.74,178.571,3.09E-01,5.984,42.67,6.726
3179,-137.49,178.572,3.34E-01,7.606,43.28,6.123
3180,-131.241,178.573,3.58E-01,8.343,42.92,6.307
3181,-124.991,178.574,3.80E-01,8.497,42.34,6.966
3182,-118.69,178.574,3.99E-01,8.562,41.46,8.079
3183,-131.244,185.717,1.87E-01,5.333,40.37,11.58
3184,-131.247,192.86,5.53E-02,12.74,36.6,22.5
3185,-137.493,185.716,1.73E-01,5.23,41.01,11.03
3186,-143.743,185.715,1.59E-01,5.646,40.74,11.67
3187,-137.497,192.859,5.06E-02,12.44,37.73,20.69
3188,-143.746,192.859,4.57E-02,13.02,38.38,19.56
3189,-118.701,185.715,2.10E-01,5.792,38.69,14.52
3190,-124.994,185.718,1.99E-01,5.51,39.69,12.84
3191,-118.724,192.856,6.27E-02,14.8,34.16,27.16
3192,-124.997,192.86,5.94E-02,13.67,35.49,24.76
3193,-131.233,157.137,9.34E-01,16.72,46.28,5.213
3194,-131.235,164.282,7.40E-01,15.63,45.76,5.251
3195,-131.238,171.428,5.46E-01,12.81,44.67,4.931
3196,-137.485,164.281,6.93E-01,15.13,45.58,5.62
3197,-143.735,164.279,6.45E-01,13.89,44.15,5.299
3198,-137.484,157.135,8.73E-01,16.61,45.73,5.86
3199,-143.734,157.134,8.11E-01,16.51,43.93,6.761
3200,-137.488,171.426,5.11E-01,12.13,44.74,4.889
3201,-143.738,171.425,4.76E-01,10.38,43.73,4.811
3202,-118.698,164.289,8.24E-01,16.06,44.64,4.94
3203,-124.986,164.284,7.84E-01,15.92,45.34,4.931
3204,-118.713,157.144,1.04E+00,16.8,45.62,5.043
3205,-124.984,157.138,9.90E-01,16.78,46.11,4.958
3206,-118.689,171.432,6.08E-01,13.38,43.35,5.498
3207,-124.988,171.429,5.78E-01,13.15,44.15,5.034
3208,-157.143,200,0.00E+00,26.49,7.033,67.41
3209,-164.286,200,0.00E+00,25.21,6.856,67.68
3210,-171.429,200,0.00E+00,24.65,5.99,66.05
3211,-178.571,200,0.00E+00,24.48,4.615,62.31
3212,-185.714,200,0.00E+00,24.5,3.14,56.03
3213,-192.857,200,0.00E+00,22.99,2.105,45.11
3214,-200,200,0.00E+00,21.44,1.743,37.99
3215,-200,192.857,0.00E+00,22.65,2.099,45.06
3216,-200,185.714,0.00E+00,23.28,3.143,56.34
3217,-200,178.571,0.00E+00,21.93,4.655,63.68
3218,-200,171.429,0.00E+00,20.08,6.037,68.66
3219,-200,164.286,0.00E+00,17.53,6.966,72.19
3220,-200,157.143,0.00E+00,14.61,7.903,76.31
3221,-200,150,0.00E+00,12.56,8.951,80.31
3222,-200,143.75,0.00E+00,11.87,9.332,81.17
3223,-200,137.5,0.00E+00,11.14,8.868,79.88
3224,-200,131.25,0.00E+00,9.53,8.178,79.36
3225,-200,125,0.00E+00,7.546,7.601,79.37
3226,-200,118.75,0.00E+00,5.632,7.036,79.16
3227,-200,112.5,0.00E+00,3.953,6.4,78.93
3228,-200,106.25,0.00E+00,2.854,5.809,78.31
3229,-200,100,0.00E+00,2.529,5.126,76.27
3230,-200,93.3333,0.00E+00,3.38,4.375,75.22
3231,-200,86.6667,0.00E+00,5.253,3.749,75.74
3232,-200,80,0.00E+00,7.126,3.163,75.37
3233,-200,73.3333,0.00E+00,8.764,2.555,74.55
3234,-200,66.6667,0.00E+00,10.35,1.982,73.76
3235,-200,60,0.00E+00,11.86,1.535,72.97
3236,-200,53.3333,0.00E+00,13.3,1.354,72.16
3237,-200,46.6667,0.00E+00,14.67,1.575,71.34
3238,-200,40,0.00E+00,15.97,2.12,70.51
3239,-200,33.3333,0.00E+00,17.19,2.822,69.64
3240,-200,26.6667,0.00E+00,18.33,3.6,68.76
3241,-200,20,0.00E+00,19.4,4.426,67.84
3242,-200,13.3333,0.00E+00,20.4,5.291,66.88
3243,-200,6.66667,0.00E+00,21.33,6.192,65.89
3244,-200,-5.33E-14,0.00E+00,22.2,7.129,64.87
3245,-200,-6.66667,0.00E+00,23,8.105,63.8
3246,-200,-13.3333,0.00E+00,23.75,9.119,62.69
3247,-200,-20,0.00E+00,24.43,10.17,61.54
3248,-200,-26.6667,0.00E+00,25.05,11.27,60.34
3249,-200,-33.3333,0.00E+00,25.62,12.42,59.1
3250,-200,-40,0.00E+00,26.13,13.61,57.81
3251,-200,-46.6667,0.00E+00,26.58,14.86,56.47
3252,-200,-53.3333,0.00E+00,26.97,16.16,55.08
3253,-200,-60,0.00E+00,27.26,17.53,53.65
3254,-200,-66.6667,0.00E+00,27.46,18.96,52.18
3255,-200,-73.3333,0.00E+00,27.6,20.46,50.61
3256,-200,-80,0.00E+00,27.65,22.05,48.94
3257,-200,-86.6667,0.00E+00,27.51,23.73,47.21
3258,-200,-93.3333,0.00E+00,27.32,25.52,45.84
3259,-200,-100,0.00E+00,27.73,27.36,45.05
3260,-200,-106.25,0.00E+00,27.93,29.45,42.64
3261,-200,-112.5,0.00E+00,27.38,31.38,38.83
3262,-200,-118.75,0.00E+00,26.93,32.89,35.77
3263,-200,-125,0.00E+00,26.61,34.44,32.83
3264,-200,-131.25,0.00E+00,25.85,36.08,29.25
3265,-200,-137.5,0.00E+00,24.21,37.67,24.96
3266,-200,-143.75,0.00E+00,22.64,38.68,20.7
3267,-200,-150,0.00E+00,19.37,39.72,15.95
3268,-200,-157.143,0.00E+00,14.74,40.1,13.06
3269,-200,-164.286,0.00E+00,10.87,40.44,11.37
3270,-200,-171.429,0.00E+00,7.083,41.37,8.097
3271,-200,-178.571,0.00E+00,4.206,41.28,5.362
3272,-200,-185.714,0.00E+00,2.893,39.99,3.883
3273,-200,-192.857,0.00E+00,2.333,35.3,2.81
3274,-200,-200,0.00E+00,1.993,31.62,2.172
3275,-192.857,-200,0.00E+00,2.357,35.72,2.839
3276,-185.714,-200,0.00E+00,2.98,41.12,3.926
3277,-178.571,-200,0.00E+00,4.401,42.93,5.189
3278,-171.429,-200,0.00E+00,7.45,43.3,7.766
3279,-164.286,-200,0.00E+00,11.26,42.73,11.7
3280,-157.143,-200,0.00E+00,14.83,41.73,16.22
3281,-192.865,-0.000240378,8.66E-02,11.66,11.34,55.2
3282,-185.726,1.54E-05,2.92E-01,5.988,17.71,40.31
3283,-178.586,0.000153415,5.60E-01,14.23,21.23,32.41
3284,-171.447,0.000272037,8.61E-01,19.6,23.5,28.47
3285,-164.306,0.000378016,1.18E+00,22.84,25.06,26.67
3286,-157.165,0.000480632,1.51E+00,24.95,26.26,26.02
3287,-192.863,99.7906,7.72E-02,10.36,5.011,68.38
3288,-185.722,99.7882,2.56E-01,23.39,6.816,56.46
3289,-178.579,99.7858,4.83E-01,31.43,10.12,50.73
3290,-171.437,99.7834,7.30E-01,35.96,12.48,48.56
3291,-164.292,99.7811,9.83E-01,38.79,14.13,48.4
3292,-157.147,99.7787,1.24E+00,40.83,15.06,49.31
3293,-192.86,150.438,5.79E-02,20.77,6.153,72.86
3294,-185.717,150.435,1.89E-01,32.5,4.995,61.56
3295,-178.571,150.433,3.45E-01,37.46,7.979,56.04
3296,-171.426,150.431,5.02E-01,39.48,10.22,53.6
3297,-164.279,150.43,6.47E-01,40.27,12.04,52.46
3298,-157.133,150.43,7.77E-01,41.3,14.75,52.81
3299,-178.57,157.315,3.12E-01,36.07,8.491,55.32
3300,-178.568,164.278,2.71E-01,34.02,8.679,54.15
3301,-178.567,171.422,2.20E-01,31.52,8.508,52.75
3302,-178.566,178.566,1.61E-01,29.41,7.824,52.08
3303,-178.566,185.712,9.59E-02,28.39,5.99,53.6
3304,-178.568,192.857,3.30E-02,26.33,4.651,58.7
3305,-185.713,171.423,1.29E-01,29.72,5.956,56.31
3306,-192.858,171.425,4.21E-02,24.3,5.165,63.71
3307,-185.714,164.279,1.54E-01,31.42,5.533,58.47
3308,-185.716,157.318,1.74E-01,32.28,5.281,60.21
3309,-192.859,164.282,4.91E-02,23.48,5.306,66.74
3310,-192.875,157.291,5.39E-02,22.06,5.653,69.93
3311,-185.711,185.711,6.10E-02,25.11,5.825,51.86
3312,-192.856,185.712,2.16E-02,23.51,4.27,53.85
3313,-185.712,178.567,9.77E-02,27.29,6.305,53.76
3314,-192.857,178.568,3.31E-02,24.28,4.875,59.59
3315,-185.711,192.856,2.21E-02,24.39,4.21,53.68
3316,-192.855,192.855,7.97E-03,22.99,3,47.87
3317,-157.131,171.423,4.14E-01,38.9,9.861,53.28
3318,-164.276,171.422,3.67E-01,36.3,10.17,52.55
3319,-171.422,171.422,3.01E-01,33.43,9.751,51.8
3320,-164.276,164.277,4.73E-01,36.76,11.38,51.86
3321,-164.278,157.314,5.67E-01,38.08,11.88,51.98
3322,-157.131,164.277,5.48E-01,39.65,11.87,52.37
3323,-157.116,157.284,6.69E-01,39.78,13.41,52.51
3324,-171.423,164.277,3.80E-01,35.08,10.52,52.08
3325,-171.424,157.314,4.46E-01,37.38,10.61,52.95
3326,-164.282,192.858,4.39E-02,28.95,5.081,63.3
3327,-164.279,185.714,1.39E-01,33.99,4.878,57.03
3328,-164.277,178.568,2.52E-01,35.7,7.89,54.11
3329,-157.135,185.715,1.47E-01,34.72,4.558,58.46
3330,-157.139,192.858,4.42E-02,29.74,5.338,63.94
3331,-157.132,178.569,2.77E-01,37.39,7.05,55.16
3332,-171.423,185.713,1.22E-01,31.73,5.377,55.69
3333,-171.425,192.858,4.01E-02,27.82,4.868,61.78
3334,-171.421,178.567,2.14E-01,32.66,8.095,52.9
3335,-178.578,106.157,4.71E-01,32.85,9.633,51.96
3336,-178.577,112.491,4.58E-01,34.23,9.243,53.11
3337,-178.577,118.741,4.45E-01,35.56,8.82,54.16
3338,-178.576,124.991,4.29E-01,36.75,8.328,55.09
3339,-178.575,131.24,4.12E-01,37.73,7.786,55.87
3340,-178.574,137.49,3.93E-01,38.3,7.408,56.38
3341,-178.573,143.922,3.71E-01,38.22,7.49,56.42
3342,-185.719,124.993,2.30E-01,29.38,5.155,60.34
3343,-192.862,124.996,6.97E-02,16.07,5.528,71.71
3344,-185.721,112.494,2.44E-01,26.44,6.003,58.67
3345,-192.862,112.497,7.37E-02,12.69,5.232,70.79
3346,-185.721,106.159,2.50E-01,24.9,6.408,57.66
3347,-192.855,106.176,7.56E-02,11.31,5.158,70
3348,-185.72,118.744,2.37E-01,27.95,5.576,59.54
3349,-192.862,118.746,7.18E-02,14.35,5.372,71.27
3350,-185.718,137.493,2.12E-01,31.69,4.612,61.94
3351,-192.861,137.496,6.44E-02,19.13,6.072,72.83
3352,-185.719,131.243,2.21E-01,30.66,4.784,61.12
3353,-192.861,131.246,6.73E-02,17.75,5.748,72.06
3354,-185.718,143.925,2.01E-01,32.31,4.711,62.24
3355,-192.844,143.897,6.14E-02,20,6.32,73.74
3356,-157.139,124.984,1.06E+00,44.09,13.77,53.33
3357,-164.286,124.986,8.53E-01,42.75,12.51,52.7
3358,-171.432,124.988,6.41E-01,40.66,10.8,53.06
3359,-164.287,118.736,8.90E-01,42.16,12.73,51.96
3360,-164.289,112.486,9.24E-01,41.36,13.1,51.08
3361,-164.29,106.152,9.55E-01,40.2,13.65,49.88
3362,-157.143,112.484,1.15E+00,42.95,14.29,51.75
3363,-157.141,118.734,1.11E+00,43.63,14,52.63
3364,-157.153,106.164,1.20E+00,42.14,14.62,50.78
3365,-171.434,112.489,6.90E-01,38.69,11.46,51.19
3366,-171.433,118.738,6.67E-01,39.81,11.1,52.23
3367,-171.435,106.154,7.11E-01,37.36,11.92,49.92
3368,-164.281,143.918,7.11E-01,42.02,12.18,52.9
3369,-164.282,137.486,7.66E-01,42.82,12.35,53.24
3370,-164.284,131.236,8.12E-01,42.99,12.42,53.16
3371,-157.136,137.485,9.37E-01,43.9,13.91,53.55
3372,-157.151,143.887,8.64E-01,43.3,14.7,53.04
3373,-157.137,131.234,1.00E+00,44.14,13.71,53.63
3374,-171.429,137.488,5.82E-01,41.3,10.13,53.99
3375,-171.428,143.92,5.45E-01,40.77,9.938,53.9
3376,-171.43,131.238,6.13E-01,41.22,10.5,53.69
3377,-192.864,53.3317,8.41E-02,10.25,5.121,63.05
3378,-185.725,53.3306,2.83E-01,12.85,11.08,49.18
3379,-178.584,53.3294,5.40E-01,21.64,14.66,42.18
3380,-171.444,53.3282,8.27E-01,26.57,17,39.05
3381,-164.302,53.327,1.13E+00,29.45,18.62,38
3382,-157.16,53.3258,1.43E+00,31.28,19.88,38.1
3383,-178.584,59.9955,5.34E-01,22.86,13.92,43.39
3384,-178.583,66.6616,5.28E-01,24.14,13.18,44.6
3385,-178.582,73.3276,5.21E-01,25.45,12.49,45.77
3386,-178.582,79.9937,5.13E-01,26.82,11.9,46.92
3387,-178.581,86.6599,5.04E-01,28.33,11.36,48.14
3388,-178.58,93.241,4.94E-01,29.92,10.74,49.43
3389,-185.724,73.3294,2.74E-01,17,8.971,52.34
3390,-192.864,73.3311,8.17E-02,10.16,4.694,65.71
3391,-185.724,66.6631,2.77E-01,15.55,9.598,51.31
3392,-185.724,59.9969,2.80E-01,14.16,10.32,50.25
3393,-192.864,66.6646,8.25E-02,10.17,4.709,64.83
3394,-192.864,59.9982,8.33E-02,10.21,4.834,63.95
3395,-185.723,86.6619,2.66E-01,20.12,7.926,54.07
3396,-192.863,86.664,7.99E-02,10.07,4.786,66.97
3397,-185.723,79.9957,2.70E-01,18.51,8.443,53.26
3398,-192.863,79.9976,8.08E-02,10.15,4.732,66.53
3399,-185.722,93.2433,2.62E-01,21.8,7.343,55.14
3400,-192.871,93.2596,7.86E-02,9.994,4.848,67.17
3401,-157.155,73.3225,1.37E+00,35.01,17.82,42.82
3402,-164.298,73.3242,1.08E+00,33.1,16.51,42.36
3403,-171.441,73.3259,7.93E-01,30.21,14.83,43.03
3404,-164.3,66.6585,1.10E+00,31.78,17.21,40.87
3405,-164.301,59.9928,1.11E+00,30.57,17.91,39.42
3406,-157.157,66.6569,1.39E+00,33.66,18.49,41.22
3407,-157.158,59.9914,1.41E+00,32.4,19.18,39.64
3408,-171.442,66.66,8.06E-01,28.93,15.56,41.69
3409,-171.443,59.9941,8.17E-01,27.72,16.28,40.37
3410,-164.294,93.2366,1.01E+00,37.37,14.5,46.87
3411,-164.296,86.6557,1.04E+00,35.94,15.05,45.35
3412,-164.297,79.99,1.06E+00,34.5,15.78,43.86
3413,-157.151,86.6537,1.31E+00,37.81,16.44,45.96
3414,-157.141,93.2485,1.27E+00,39.24,15.7,47.54
3415,-157.153,79.9881,1.34E+00,36.4,17.15,44.41
3416,-171.439,86.6578,7.65E-01,33.08,13.53,45.79
3417,-171.438,93.2388,7.48E-01,34.55,13.03,47.18
3418,-171.44,79.9918,7.80E-01,31.59,14.12,44.39
3419,-192.864,26.6657,8.61E-02,10.44,7.83,59.31
3420,-185.726,26.6653,2.90E-01,8.357,14.23,44.84
3421,-178.586,26.6648,5.56E-01,17.44,17.78,37.34
3422,-171.446,26.6643,8.54E-01,22.59,20.07,33.76
3423,-164.305,26.6638,1.17E+00,25.64,21.65,32.32
3424,-157.164,26.6633,1.49E+00,27.56,22.87,32.04
3425,-178.585,33.331,5.53E-01,18.38,16.98,38.55
3426,-178.585,39.9971,5.49E-01,19.4,16.19,39.76
3427,-178.585,46.6632,5.45E-01,20.48,15.42,40.97
3428,-185.725,39.998,2.87E-01,10.46,12.63,47.02
3429,-192.864,39.9987,8.53E-02,10.35,6.284,61.21
3430,-185.725,33.3316,2.89E-01,9.373,13.42,45.94
3431,-192.864,33.3322,8.57E-02,10.4,7.034,60.27
3432,-185.725,46.6643,2.85E-01,11.62,11.85,48.1
3433,-192.864,46.6652,8.47E-02,10.3,5.619,62.14
3434,-164.305,33.3296,1.16E+00,26.49,20.86,33.74
3435,-164.304,39.9954,1.15E+00,27.41,20.1,35.16
3436,-164.303,46.6612,1.14E+00,28.4,19.35,36.58
3437,-171.445,39.9963,8.43E-01,24.45,18.5,36.4
3438,-171.446,33.3303,8.49E-01,23.49,19.28,35.08
3439,-171.445,46.6622,8.35E-01,25.48,17.74,37.72
3440,-157.162,39.9946,1.47E+00,29.27,21.33,35.07
3441,-157.163,33.3289,1.48E+00,28.38,22.09,33.55
3442,-157.161,46.6602,1.45E+00,30.24,20.59,36.59
3443,-178.586,6.66632,5.60E-01,14.95,20.32,33.66
3444,-178.586,13.3325,5.60E-01,15.72,19.45,34.9
3445,-178.586,19.9987,5.58E-01,16.55,18.6,36.12
3446,-185.726,13.3327,2.92E-01,6.545,15.91,42.61
3447,-192.865,13.3327,8.66E-02,10.55,9.521,57.32
3448,-185.726,6.66634,2.92E-01,6.058,16.79,41.47
3449,-192.865,6.66625,8.66E-02,10.93,10.41,56.27
3450,-185.726,19.999,2.91E-01,7.407,15.06,43.73
3451,-192.864,19.9992,8.64E-02,10.48,8.66,58.33
3452,-164.306,6.66623,1.18E+00,23.46,24.16,28.09
3453,-164.306,13.3321,1.18E+00,24.13,23.3,29.5
3454,-164.306,19.9979,1.17E+00,24.85,22.46,30.91
3455,-171.447,13.3323,8.60E-01,20.99,21.73,31.13
3456,-171.447,6.66628,8.61E-01,20.27,22.6,29.8
3457,-171.446,19.9983,8.58E-01,21.76,20.89,32.45
3458,-157.165,13.3319,1.51E+00,26.14,24.5,29.03
3459,-157.165,6.66618,1.51E+00,25.52,25.36,27.53
3460,-157.164,19.9976,1.50E+00,26.82,23.67,30.53
3461,-192.862,-99.7909,7.30E-02,17.53,30.85,34.74
3462,-185.721,-99.788,2.44E-01,6.514,36.48,19.1
3463,-178.578,-99.7853,4.61E-01,9.131,40.07,11.06
3464,-171.434,-99.7826,6.99E-01,14.74,42.58,7.209
3465,-164.289,-99.78,9.43E-01,18.35,44.62,5.688
3466,-157.144,-99.7773,1.19E+00,20.65,46.53,5.232
3467,-192.864,-46.6657,8.37E-02,16.03,18.95,46.67
3468,-185.725,-46.6642,2.82E-01,6.201,25.16,31.46
3469,-178.584,-46.6629,5.38E-01,10.43,28.65,23.17
3470,-171.444,-46.6616,8.25E-01,16.08,30.97,18.8
3471,-164.302,-46.6603,1.13E+00,19.64,32.62,16.56
3472,-157.16,-46.6591,1.44E+00,22.09,33.94,15.46
3473,-178.584,-39.9968,5.44E-01,10.84,27.45,24.56
3474,-178.585,-33.3307,5.48E-01,11.3,26.3,25.93
3475,-178.585,-26.6645,5.52E-01,11.8,25.2,27.27
3476,-178.585,-19.9983,5.55E-01,12.34,24.14,28.58
3477,-178.586,-13.3322,5.58E-01,12.93,23.13,29.88
3478,-178.586,-6.666,5.59E-01,13.55,22.16,31.15
3479,-185.725,-26.6653,2.88E-01,6.107,21.7,35.43
3480,-192.864,-26.6662,8.55E-02,14.47,15.42,50.57
3481,-185.725,-33.3317,2.86E-01,6.137,22.81,34.14
3482,-185.725,-39.9979,2.84E-01,6.167,23.96,32.82
3483,-192.864,-33.3328,8.50E-02,15.04,16.55,49.31
3484,-192.864,-39.9992,8.44E-02,15.56,17.72,48.01
3485,-185.726,-13.3327,2.91E-01,6.046,19.63,37.92
3486,-192.864,-13.3332,8.62E-02,13.17,13.3,52.96
3487,-185.725,-19.999,2.90E-01,6.077,20.65,36.69
3488,-192.864,-19.9997,8.59E-02,13.85,14.34,51.78
3489,-185.726,-6.66629,2.92E-01,6.015,18.65,39.13
3490,-192.865,-6.66671,8.65E-02,12.44,12.3,54.1
3491,-157.163,-26.6623,1.48E+00,23.1,30.3,20.01
3492,-164.305,-26.663,1.16E+00,20.79,29.07,20.96
3493,-171.446,-26.6637,8.48E-01,17.35,27.48,23.04
3494,-164.304,-33.3288,1.15E+00,20.37,30.19,19.5
3495,-164.303,-39.9946,1.14E+00,19.99,31.37,18.03
3496,-157.162,-33.3279,1.47E+00,22.73,31.45,18.5
3497,-157.161,-39.9934,1.45E+00,22.4,32.66,16.98
3498,-171.445,-33.3298,8.42E-01,16.89,28.58,21.64
3499,-171.444,-39.9956,8.34E-01,16.47,29.74,20.23
3500,-164.306,-6.66547,1.18E+00,22.27,26,25.25
3501,-164.306,-13.3314,1.17E+00,21.74,26.97,23.83
3502,-164.305,-19.9972,1.17E+00,21.25,27.99,22.39
3503,-157.164,-13.3309,1.50E+00,23.95,28.18,23.02
3504,-157.165,-6.6652,1.51E+00,24.43,27.19,24.52
3505,-157.164,-19.9966,1.49E+00,23.51,29.21,21.51
3506,-171.446,-13.3318,8.57E-01,18.39,25.4,25.78
3507,-171.447,-6.66573,8.60E-01,18.97,24.43,27.13
3508,-171.446,-19.9977,8.53E-01,17.86,26.41,24.42
3509,-192.863,-73.3315,7.97E-02,17.19,24.46,40.83
3510,-185.723,-73.3293,2.67E-01,6.305,30.56,25.61
3511,-178.581,-73.3272,5.08E-01,9.292,34.04,17.26
3512,-171.44,-73.3252,7.75E-01,14.93,36.4,12.84
3513,-164.297,-73.3232,1.05E+00,18.6,38.2,10.58
3514,-157.153,-73.3211,1.34E+00,21.18,39.78,9.458
3515,-178.582,-66.6611,5.17E-01,9.479,32.62,18.78
3516,-178.583,-59.9951,5.25E-01,9.744,31.24,20.28
3517,-178.583,-53.3291,5.32E-01,10.06,29.92,21.74
3518,-185.724,-59.9968,2.75E-01,6.264,27.75,28.6
3519,-192.864,-59.9986,8.19E-02,16.77,21.58,43.84
3520,-185.723,-66.663,2.71E-01,6.279,29.13,27.12
3521,-192.863,-66.665,8.09E-02,17.02,22.99,42.37
3522,-185.724,-53.3306,2.79E-01,6.236,26.43,30.05
3523,-192.864,-53.3322,8.28E-02,16.44,20.24,45.27
3524,-164.298,-66.6574,1.08E+00,18.81,36.72,12.09
3525,-164.3,-59.9918,1.09E+00,19.05,35.3,13.59
3526,-164.301,-53.3261,1.11E+00,19.32,33.94,15.09
3527,-171.442,-59.9934,8.03E-01,15.42,33.59,15.87
3528,-171.441,-66.6593,7.90E-01,15.16,34.98,14.37
3529,-171.443,-53.3276,8.15E-01,15.73,32.25,17.35
3530,-157.156,-59.9901,1.39E+00,21.57,36.71,12.43
3531,-157.155,-66.6556,1.36E+00,21.36,38.2,10.93
3532,-157.158,-53.3246,1.41E+00,21.81,35.3,13.95
3533,-178.579,-93.2405,4.75E-01,9.128,38.48,12.64
3534,-178.58,-86.6594,4.87E-01,9.169,36.92,14.22
3535,-178.58,-79.9933,4.98E-01,9.202,35.47,15.75
3536,-185.722,-86.6618,2.57E-01,6.376,33.49,22.42
3537,-192.863,-86.6645,7.69E-02,17.26,27.6,37.49
3538,-185.721,-93.2431,2.51E-01,6.397,34.94,20.76
3539,-192.87,-93.26,7.50E-02,17.21,29.19,35.97
3540,-185.722,-79.9956,2.62E-01,6.351,32.03,24.05
3541,-192.863,-79.998,7.84E-02,17.29,26.01,39.19
3542,-164.291,-93.2354,9.75E-01,18.3,43.01,6.576
3543,-164.293,-86.6546,1.00E+00,18.29,41.38,7.718
3544,-164.295,-79.9889,1.03E+00,18.42,39.76,9.097
3545,-171.437,-86.657,7.41E-01,14.74,39.41,9.889
3546,-171.436,-93.238,7.21E-01,14.74,41.01,8.518
3547,-171.439,-79.9911,7.59E-01,14.78,37.87,11.33
3548,-157.148,-86.6522,1.27E+00,20.85,43.08,6.772
3549,-157.138,-93.247,1.23E+00,20.71,44.83,5.774
3550,-157.151,-79.9867,1.30E+00,21.01,41.42,8.053
3551,-192.829,-143.968,5.33E-02,13.42,41.47,14.18
3552,-185.699,-144.037,1.73E-01,6.086,45.48,7.034
3553,-178.564,-144.062,3.20E-01,10.94,47.34,8.027
3554,-171.425,-144.066,4.76E-01,15.77,48.31,10.5
3555,-164.293,-144.052,6.29E-01,19.11,48.98,11.12
3556,-157.163,-143.973,7.75E-01,21.29,50.3,10.27
3557,-178.569,-137.621,3.48E-01,10.36,47.21,6.7
3558,-178.572,-131.24,3.73E-01,10.1,46.53,5.926
3559,-178.573,-124.99,3.94E-01,10.03,45.47,6.06
3560,-178.574,-118.74,4.13E-01,9.881,44.24,6.945
3561,-178.575,-112.491,4.31E-01,9.571,42.93,8.152
3562,-178.576,-106.156,4.47E-01,9.272,41.55,9.54
3563,-185.718,-124.993,2.10E-01,6.669,42.49,11.15
3564,-192.861,-124.996,6.37E-02,16.71,37.59,24.12
3565,-185.717,-131.243,2.00E-01,6.514,43.75,9.187
3566,-185.71,-137.611,1.87E-01,6.25,44.8,7.788
3567,-192.86,-131.246,6.07E-02,16.11,39.09,20.99
3568,-192.848,-137.577,5.73E-02,14.78,40.5,17.53
3569,-185.719,-112.494,2.28E-01,6.623,39.63,15.6
3570,-192.861,-112.497,6.87E-02,17.23,34.55,29.81
3571,-185.718,-118.743,2.20E-01,6.686,41.12,13.38
3572,-192.861,-118.747,6.64E-02,16.93,36.1,26.93
3573,-185.72,-106.159,2.36E-01,6.6,38.08,17.46
3574,-192.854,-106.176,7.10E-02,17.64,32.73,32.74
3575,-157.135,-124.982,9.83E-01,20.97,50.96,7.337
3576,-164.282,-124.985,7.90E-01,19.05,49.34,6.629
3577,-171.428,-124.987,5.92E-01,15.67,47.62,5.722
3578,-164.28,-131.234,7.42E-01,19.26,49.8,7.874
3579,-164.285,-137.612,6.89E-01,19.31,49.56,9.495
3580,-157.134,-131.232,9.21E-01,21.16,51.16,8.317
3581,-157.145,-137.571,8.52E-01,21.28,50.71,9.468
3582,-171.427,-131.237,5.58E-01,15.76,48.42,6.888
3583,-171.426,-137.622,5.19E-01,15.74,48.65,8.655
3584,-164.288,-106.151,9.10E-01,18.37,46.08,5.179
3585,-164.286,-112.485,8.73E-01,18.47,47.31,5.236
3586,-164.284,-118.735,8.33E-01,18.73,48.39,5.79
3587,-157.139,-112.483,1.09E+00,20.74,49.08,5.693
3588,-157.15,-106.162,1.14E+00,20.68,47.89,5.223
3589,-157.137,-118.732,1.04E+00,20.8,50.15,6.496
3590,-171.431,-112.488,6.50E-01,15.06,45.38,5.457
3591,-171.433,-106.153,6.76E-01,14.82,44.05,6.123
3592,-171.43,-118.737,6.22E-01,15.4,46.54,5.301
3593,-192.862,-171.459,2.43E-02,5.82,41.21,7.482
3594,-185.716,-171.49,8.13E-02,7.553,40.92,9.129
3595,-178.568,-171.516,1.53E-01,12.34,41,12.37
3596,-171.419,-171.527,2.29E-01,14.99,42.35,13.58
3597,-164.271,-171.512,3.01E-01,16.14,44.93,13.44
3598,-157.122,-171.471,3.69E-01,16.59,46.96,12.17
3599,-178.573,-164.531,2.03E-01,12.88,43.41,12.02
3600,-178.567,-157.568,2.48E-01,12.5,45.38,11.02
3601,-178.562,-150.781,2.87E-01,11.7,46.72,9.611
3602,-185.718,-157.506,1.34E-01,6.412,44.71,7.583
3603,-192.877,-157.398,4.13E-02,8.746,42.19,9.39
3604,-185.725,-164.484,1.09E-01,7.106,43.1,8.523
3605,-192.873,-164.407,3.34E-02,7.194,41.65,8.829
3606,-185.704,-150.735,1.55E-01,6.041,45.54,6.985
3607,-192.851,-150.633,4.79E-02,11.25,42.25,10.98
3608,-164.263,-164.518,3.96E-01,17.79,45.3,14.05
3609,-164.271,-157.549,4.83E-01,18.43,46.4,13.95
3610,-164.286,-150.766,5.60E-01,18.73,47.96,12.85
3611,-171.422,-157.577,3.67E-01,16.32,45.78,13.25
3612,-171.419,-164.542,3.00E-01,16.14,43.8,13.79
3613,-171.424,-150.79,4.25E-01,16.03,47.4,12.08
3614,-157.113,-157.419,5.93E-01,19.97,48.07,12.53
3615,-157.112,-164.427,4.85E-01,18.84,47.58,12.68
3616,-157.139,-150.65,6.89E-01,20.75,49.26,11.5
3617,-178.567,-192.855,1.52E-02,4.588,41.47,6.004
3618,-178.565,-185.709,5.22E-02,7.104,39.29,8.642
3619,-178.566,-178.606,1.01E-01,10.64,39.17,11.38
3620,-185.709,-185.709,2.52E-02,5.355,36.76,6.73
3621,-192.854,-185.711,6.41E-03,3.463,37.97,4.608
3622,-185.711,-192.854,6.48E-03,3.473,38.79,4.669
3623,-192.854,-192.854,1.12E-03,2.633,36.23,3.353
3624,-185.712,-178.595,5.20E-02,7.23,38.37,8.63
3625,-192.858,-178.584,1.49E-02,4.593,39.99,6.045
3626,-164.282,-192.856,3.41E-02,7.314,43.25,8.786
3627,-164.279,-185.711,1.10E-01,6.98,44.07,8.046
3628,-164.274,-178.604,2.03E-01,12.81,44.6,11.55
3629,-171.422,-185.71,8.15E-02,7.392,42.24,8.896
3630,-171.425,-192.855,2.49E-02,5.87,42.9,7.229
3631,-171.42,-178.609,1.53E-01,12.29,41.92,12.19
3632,-157.136,-185.712,1.35E-01,6.459,44.79,7.203
3633,-157.139,-192.857,4.22E-02,8.789,42.92,11.03
3634,-157.129,-178.589,2.49E-01,12.67,46.02,10.07
3635,157.143,200,0.00E+00,20.22,7.955,79.45
3636,164.286,200,0.00E+00,22.19,7.444,76.71
3637,171.429,200,0.00E+00,23.83,6.5,72.94
3638,178.571,200,0.00E+00,25.07,5.047,67.6
3639,185.714,200,0.00E+00,25.88,3.424,60.15
3640,192.857,200,0.00E+00,24.61,2.264,48.32
3641,200,200,0.00E+00,23.02,1.87,40.78
3642,200,192.857,0.00E+00,24.57,2.253,48.31
3643,200,185.714,0.00E+00,25.85,3.326,60.02
3644,200,178.571,0.00E+00,25.12,4.858,67.31
3645,200,171.429,0.00E+00,23.94,6.296,72.58
3646,200,164.286,0.00E+00,22.32,7.206,76.16
3647,200,157.143,0.00E+00,20.42,7.663,78.8
3648,200,150,0.00E+00,18.3,7.886,80.69
3649,200,143.75,0.00E+00,16.07,7.959,81.67
3650,200,137.5,0.00E+00,13.86,7.815,82.16
3651,200,131.25,0.00E+00,11.67,7.526,82.32
3652,200,125,0.00E+00,9.456,7.212,82.18
3653,200,118.75,0.00E+00,7.33,6.849,81.83
3654,200,112.5,0.00E+00,5.342,6.427,81.3
3655,200,106.25,0.00E+00,3.621,6.008,80.64
3656,200,100,0.00E+00,2.679,5.515,79.9
3657,200,93.3333,0.00E+00,3.003,4.914,79.08
3658,200,86.6667,0.00E+00,4.294,4.325,78.23
3659,200,80,0.00E+00,5.9,3.724,77.33
3660,200,73.3333,0.00E+00,7.524,3.081,76.42
3661,200,66.6667,0.00E+00,9.099,2.441,75.5
3662,200,60,0.00E+00,10.6,1.863,74.56
3663,200,53.3333,0.00E+00,12.02,1.47,73.61
3664,200,46.6667,0.00E+00,13.36,1.441,72.64
3665,200,40,0.00E+00,14.62,1.807,71.66
3666,200,33.3333,0.00E+00,15.79,2.428,70.66
3667,200,26.6667,0.00E+00,16.89,3.174,69.63
3668,200,20,0.00E+00,17.91,3.988,68.57
3669,200,13.3333,0.00E+00,18.85,4.852,67.49
3670,200,6.66667,0.00E+00,19.73,5.755,66.37
3671,200,5.33E-14,0.00E+00,20.53,6.696,65.22
3672,200,-6.66667,0.00E+00,21.27,7.673,64.04
3673,200,-13.3333,0.00E+00,21.95,8.687,62.81
3674,200,-20,0.00E+00,22.57,9.738,61.55
3675,200,-26.6667,0.00E+00,23.13,10.83,60.24
3676,200,-33.3333,0.00E+00,23.63,11.96,58.9
3677,200,-40,0.00E+00,24.08,13.13,57.51
3678,200,-46.6667,0.00E+00,24.49,14.35,56.07
3679,200,-53.3333,0.00E+00,24.84,15.62,54.58
3680,200,-60,0.00E+00,25.14,16.93,53.05
3681,200,-66.6667,0.00E+00,25.39,18.3,51.45
3682,200,-73.3333,0.00E+00,25.58,19.72,49.79
3683,200,-80,0.00E+00,25.71,21.19,48.06
3684,200,-86.6667,0.00E+00,25.75,22.74,46.28
3685,200,-93.3333,0.00E+00,25.71,24.34,44.37
3686,200,-100,0.00E+00,25.61,25.92,42.34
3687,200,-106.25,0.00E+00,25.37,27.51,40.31
3688,200,-112.5,0.00E+00,24.98,29.15,38.16
3689,200,-118.75,0.00E+00,24.47,30.77,35.83
3690,200,-125,0.00E+00,23.77,32.36,33.31
3691,200,-131.25,0.00E+00,22.89,33.91,30.61
3692,200,-137.5,0.00E+00,21.73,35.35,27.65
3693,200,-143.75,0.00E+00,20.03,36.75,24.4
3694,200,-150,0.00E+00,17.68,38.04,20.82
3695,200,-157.143,0.00E+00,14.73,39.06,16.68
3696,200,-164.286,0.00E+00,11.15,39.63,12.14
3697,200,-171.429,0.00E+00,7.213,39.78,7.956
3698,200,-178.571,0.00E+00,4.08,39.33,5.09
3699,200,-185.714,0.00E+00,2.709,37.9,3.71
3700,200,-192.857,0.00E+00,2.192,33.33,2.672
3701,200,-200,0.00E+00,1.875,29.76,2.047
3702,192.857,-200,0.00E+00,2.193,33.34,2.672
3703,185.714,-200,0.00E+00,2.751,37.83,3.735
3704,178.571,-200,0.00E+00,4.244,38.96,5.263
3705,171.429,-200,0.00E+00,7.608,38.73,8.441
3706,164.286,-200,0.00E+00,12.11,37.33,13.15
3707,157.143,-200,0.00E+00,16.93,34.7,18.65
3708,192.865,-0.0003469,8.93E-02,10.51,10.81,55.8
3709,185.726,-0.000296513,2.95E-01,6.243,16.93,41.16
3710,178.586,-0.000434102,5.62E-01,15.32,20.3,33.35
3711,171.446,-0.000566552,8.63E-01,20.59,22.55,29.56
3712,164.306,-0.000716916,1.18E+00,23.73,24.15,27.94
3713,157.165,-0.000862962,1.51E+00,25.73,25.56,27.47
3714,192.863,99.7905,8.15E-02,11.29,5.072,71.48
3715,185.722,99.7878,2.64E-01,25.37,6.565,58.83
3716,178.58,99.785,4.94E-01,33.87,9.931,52.81
3717,171.436,99.7824,7.42E-01,38.84,12.4,50.42
3718,164.291,99.7798,9.93E-01,42.38,14.23,49.65
3719,157.145,99.7771,1.24E+00,45.67,16.2,49.38
3720,192.86,150.438,6.20E-02,25.49,5.837,73.82
3721,185.716,150.435,1.93E-01,36.17,5.321,63.54
3722,178.57,150.432,3.45E-01,41.19,8.06,58.57
3723,171.424,150.43,4.96E-01,43.53,9.927,56.17
3724,164.276,150.428,6.34E-01,45.07,10.92,54.77
3725,157.129,150.427,7.57E-01,46.86,11.05,53.74
3726,178.569,157.314,3.12E-01,40.35,8.076,57.74
3727,178.568,164.277,2.74E-01,38.58,8.249,56.55
3728,178.566,171.421,2.26E-01,35.84,8.424,55.19
3729,178.566,178.566,1.69E-01,32.91,8.128,54.58
3730,178.566,185.712,1.02E-01,30.92,6.513,56.61
3731,178.568,192.857,3.45E-02,27.66,5.144,63.08
3732,185.713,171.422,1.33E-01,33.73,6.094,59.1
3733,192.858,171.425,4.50E-02,28.13,5.414,67.18
3734,185.714,164.279,1.57E-01,35.53,5.617,61.1
3735,185.715,157.317,1.77E-01,36.23,5.372,62.55
3736,192.859,164.281,5.19E-02,27.82,5.615,70.14
3737,192.874,157.29,5.72E-02,26.86,5.746,72.29
3738,185.711,185.711,6.48E-02,27.78,6.218,54.86
3739,192.856,185.711,2.39E-02,26.14,4.544,57.24
3740,185.711,178.566,1.03E-01,30.79,6.555,56.62
3741,192.857,178.568,3.60E-02,27.58,5.096,62.95
3742,185.711,192.856,2.30E-02,26.19,4.569,57.29
3743,192.855,192.855,8.67E-03,24.92,3.226,51.16
3744,157.131,171.422,4.44E-01,42.49,9.779,55.4
3745,164.275,171.421,3.82E-01,40.25,9.71,54.3
3746,171.42,171.421,3.10E-01,37.74,9.432,53.87
3747,164.275,164.275,4.80E-01,41.88,10.35,53.48
3748,164.275,157.312,5.62E-01,43.72,10.62,53.83
3749,157.13,164.276,5.64E-01,43.89,10.63,53.96
3750,157.114,157.281,6.67E-01,45.59,10.87,53.28
3751,171.421,164.275,3.83E-01,40.13,9.741,54.26
3752,171.422,157.313,4.44E-01,42.22,9.813,55.25
3753,157.135,185.715,1.75E-01,36.51,5.36,62.75
3754,164.278,185.714,1.55E-01,35.79,5.598,61.22
3755,171.422,185.713,1.32E-01,33.94,6.062,59.14
3756,164.276,178.568,2.72E-01,38.8,8.243,56.64
3757,157.133,178.569,3.12E-01,40.64,8.048,57.91
3758,171.421,178.566,2.25E-01,35.94,8.427,55.21
3759,164.281,192.859,4.98E-02,27.89,5.707,70.47
3760,157.138,192.859,5.52E-02,26.9,5.88,72.72
3761,171.424,192.858,4.31E-02,28.21,5.474,67.38
3762,178.579,106.156,4.82E-01,35.43,9.559,54.13
3763,178.577,112.49,4.69E-01,36.9,9.255,55.35
3764,178.576,118.74,4.54E-01,38.25,8.991,56.46
3765,178.575,124.99,4.37E-01,39.42,8.775,57.43
3766,178.574,131.24,4.18E-01,40.36,8.578,58.21
3767,178.573,137.489,3.97E-01,41.04,8.351,58.74
3768,178.571,143.921,3.73E-01,41.36,8.159,58.91
3769,185.719,124.993,2.37E-01,31.97,5.666,62.82
3770,192.862,124.996,7.43E-02,18.28,5.57,74.41
3771,185.721,112.493,2.53E-01,28.8,6.009,61.06
3772,192.862,112.496,7.84E-02,14.45,5.291,73.21
3773,185.722,106.159,2.59E-01,27.1,6.258,60
3774,192.855,106.176,8.02E-02,12.68,5.183,72.4
3775,185.72,118.743,2.45E-01,30.43,5.815,61.99
3776,192.862,118.746,7.65E-02,16.34,5.436,73.87
3777,185.718,137.492,2.18E-01,34.57,5.425,63.82
3778,192.861,137.496,6.90E-02,22.06,5.828,74.79
3779,185.719,131.243,2.28E-01,33.36,5.539,63.47
3780,192.861,131.246,7.18E-02,20.21,5.698,74.76
3781,185.717,143.924,2.06E-01,35.57,5.35,63.93
3782,192.843,143.897,6.61E-02,23.85,5.883,74.55
3783,157.136,124.982,1.04E+00,49.25,14.24,54.18
3784,164.283,124.984,8.49E-01,46.49,12.73,54.62
3785,171.43,124.987,6.46E-01,43.58,11.1,55.35
3786,164.285,118.734,8.91E-01,45.86,13.06,53.63
3787,164.287,112.485,9.28E-01,44.9,13.4,52.42
3788,164.289,106.15,9.62E-01,43.73,13.79,51.09
3789,157.14,112.482,1.15E+00,48.08,15.2,52.13
3790,157.138,118.732,1.10E+00,48.88,14.73,53.29
3791,157.151,106.162,1.19E+00,46.98,15.69,50.82
3792,171.433,112.488,6.99E-01,41.58,11.64,53.14
3793,171.431,118.737,6.74E-01,42.7,11.36,54.32
3794,171.434,106.153,7.22E-01,40.29,11.98,51.83
3795,164.278,143.917,6.96E-01,45.98,11.46,55.59
3796,164.279,137.484,7.53E-01,46.56,12,55.74
3797,164.281,131.234,8.04E-01,46.72,12.4,55.34
3798,157.132,137.482,9.11E-01,48.61,12.93,55.08
3799,157.148,143.885,8.37E-01,47.71,11.88,54.76
3800,157.134,131.232,9.78E-01,49.16,13.67,54.79
3801,171.426,137.487,5.79E-01,44.39,10.59,56.65
3802,171.425,143.919,5.40E-01,44.2,10.23,56.69
3803,171.428,131.237,6.14E-01,44.17,10.87,56.15
3804,192.864,53.3316,8.82E-02,10.27,4.971,64.51
3805,185.725,53.3302,2.90E-01,14.32,10.56,50.55
3806,178.585,53.3287,5.50E-01,23.37,14.07,43.41
3807,171.444,53.3273,8.38E-01,28.57,16.49,40.15
3808,164.302,53.3258,1.14E+00,31.95,18.27,38.81
3809,157.159,53.3243,1.44E+00,34.65,20.07,38.27
3810,178.584,59.9949,5.45E-01,24.68,13.39,44.7
3811,178.584,66.6609,5.39E-01,26.08,12.73,46.02
3812,178.583,73.327,5.32E-01,27.55,12.08,47.36
3813,178.582,79.9931,5.24E-01,29.09,11.46,48.73
3814,178.581,86.6592,5.15E-01,30.67,10.9,50.1
3815,178.58,93.2403,5.05E-01,32.26,10.39,51.46
3816,185.724,73.3291,2.82E-01,18.65,8.548,54.09
3817,192.864,73.331,8.61E-02,10.23,4.775,67.58
3818,185.724,66.6628,2.85E-01,17.12,9.189,52.9
3819,185.725,59.9965,2.88E-01,15.68,9.863,51.72
3820,192.864,66.6645,8.69E-02,10.24,4.769,66.56
3821,192.864,59.998,8.76E-02,10.25,4.817,65.54
3822,185.723,86.6616,2.74E-01,21.92,7.42,56.52
3823,192.863,86.6639,8.41E-02,10.3,4.853,69.61
3824,185.724,79.9953,2.78E-01,20.25,7.954,55.3
3825,192.864,79.9974,8.52E-02,10.24,4.809,68.59
3826,185.723,93.2429,2.70E-01,23.62,6.953,57.7
3827,192.871,93.2595,8.27E-02,10.54,4.937,70.57
3828,157.154,73.3209,1.38E+00,39.22,18.35,42.87
3829,164.298,73.323,1.09E+00,36.21,16.42,43.31
3830,171.441,73.325,8.07E-01,32.72,14.57,44.44
3831,164.299,66.6573,1.11E+00,34.72,17.02,41.78
3832,164.3,59.9916,1.13E+00,33.3,17.63,40.27
3833,157.156,66.6554,1.40E+00,37.63,18.9,41.29
3834,157.157,59.9899,1.42E+00,36.1,19.48,39.75
3835,171.442,66.6591,8.19E-01,31.27,15.19,42.98
3836,171.443,59.9932,8.29E-01,29.88,15.83,41.55
3837,164.293,93.2353,1.02E+00,40.86,14.73,48.07
3838,164.295,86.6545,1.05E+00,39.3,15.28,46.47
3839,164.296,79.9888,1.07E+00,37.75,15.84,44.89
3840,157.15,86.6521,1.31E+00,42.49,17.28,46.13
3841,157.14,93.2469,1.28E+00,44.13,16.74,47.78
3842,157.152,79.9865,1.35E+00,40.85,17.81,44.49
3843,171.439,86.6568,7.78E-01,35.76,13.38,47.42
3844,171.437,93.2378,7.61E-01,37.31,12.86,48.93
3845,171.44,79.9909,7.93E-01,34.22,13.96,45.92
3846,192.865,26.6656,8.96E-02,10.32,7.336,60.31
3847,185.726,26.665,2.95E-01,9.645,13.55,45.92
3848,178.586,26.6642,5.62E-01,18.83,17,38.37
3849,171.446,26.6634,8.61E-01,24.06,19.34,34.8
3850,164.305,26.6627,1.18E+00,27.29,21.03,33.27
3851,157.163,26.6619,1.50E+00,29.61,22.63,32.71
3852,178.586,33.3304,5.60E-01,19.86,16.24,39.62
3853,178.585,39.9965,5.57E-01,20.95,15.5,40.87
3854,178.585,46.6626,5.54E-01,22.12,14.77,42.13
3855,185.726,39.9976,2.93E-01,11.83,12.01,48.23
3856,192.864,39.9986,8.91E-02,10.3,5.873,62.44
3857,185.726,33.3313,2.95E-01,10.7,12.77,47.08
3858,192.864,33.3321,8.94E-02,10.31,6.568,61.38
3859,185.725,46.6639,2.92E-01,13.04,11.27,49.39
3860,192.864,46.6651,8.87E-02,10.28,5.318,63.48
3861,164.304,33.3285,1.17E+00,28.34,20.31,34.62
3862,164.303,39.9943,1.16E+00,29.47,19.61,35.99
3863,164.303,46.66,1.15E+00,30.67,18.93,37.39
3864,171.445,39.9954,8.52E-01,26.17,17.87,37.44
3865,171.445,33.3294,8.57E-01,25.08,18.59,36.11
3866,171.444,46.6613,8.46E-01,27.34,17.17,38.78
3867,157.162,39.9931,1.48E+00,31.97,21.31,35.42
3868,157.163,33.3275,1.49E+00,30.75,21.96,34.06
3869,157.16,46.6587,1.46E+00,33.27,20.68,36.83
3870,178.586,6.66573,5.63E-01,16.11,19.43,34.62
3871,178.586,13.3319,5.64E-01,16.96,18.6,35.87
3872,178.586,19.9981,5.63E-01,17.86,17.79,37.12
3873,185.726,13.3324,2.96E-01,7.727,15.19,43.57
3874,192.865,13.3326,8.96E-02,10.32,9.004,58.11
3875,185.726,6.66603,2.96E-01,6.871,16.05,42.37
3876,192.865,6.66614,8.95E-02,10.33,9.89,56.97
3877,185.726,19.9987,2.96E-01,8.653,14.36,44.75
3878,192.865,19.9991,8.96E-02,10.32,8.152,59.22
3879,164.306,6.66513,1.18E+00,24.53,23.33,29.27
3880,164.305,13.331,1.18E+00,25.39,22.54,30.6
3881,164.305,19.9968,1.18E+00,26.31,21.77,31.93
3882,171.446,13.3315,8.64E-01,22.21,20.89,32.18
3883,171.446,6.66544,8.64E-01,21.37,21.71,30.87
3884,171.446,19.9974,8.63E-01,23.1,20.1,33.49
3885,157.164,13.3305,1.51E+00,27.54,24.04,30.08
3886,157.165,6.66483,1.51E+00,26.61,24.79,28.78
3887,157.164,19.9962,1.51E+00,28.54,23.33,31.39
3888,192.862,-99.7911,7.39E-02,16.11,29.41,33.51
3889,185.721,-99.7884,2.41E-01,6.135,34.69,19.65
3890,178.578,-99.786,4.54E-01,8.839,37.74,12.14
3891,171.434,-99.7836,6.89E-01,13.89,39.87,8.613
3892,164.29,-99.7813,9.34E-01,16.69,41.4,7.376
3893,157.146,-99.7791,1.18E+00,17.65,42.66,7.666
3894,192.864,-46.6658,8.49E-02,14.42,18.26,46.73
3895,185.725,-46.6646,2.80E-01,6.041,24.08,32.11
3896,178.584,-46.6635,5.33E-01,11.06,27.3,24.15
3897,171.443,-46.6625,8.17E-01,16.34,29.46,20.18
3898,164.302,-46.6615,1.12E+00,19.36,30.95,18.5
3899,157.16,-46.6605,1.43E+00,20.92,32.11,18.31
3900,178.585,-39.9974,5.39E-01,11.55,26.18,25.51
3901,178.585,-33.3313,5.45E-01,12.08,25.1,26.86
3902,178.585,-26.6651,5.50E-01,12.64,24.07,28.19
3903,178.586,-19.9989,5.54E-01,13.25,23.07,29.5
3904,178.586,-13.3328,5.58E-01,13.89,22.11,30.8
3905,178.586,-6.66659,5.60E-01,14.59,21.19,32.08
3906,185.725,-26.6656,2.88E-01,6.019,20.79,36.13
3907,192.864,-26.6663,8.74E-02,12.93,14.83,50.82
3908,185.725,-33.332,2.86E-01,6.026,21.84,34.82
3909,185.725,-39.9982,2.83E-01,6.033,22.94,33.48
3910,192.864,-33.3329,8.66E-02,13.47,15.93,49.5
3911,192.864,-39.9993,8.58E-02,13.97,17.07,48.13
3912,185.726,-13.333,2.92E-01,6.007,18.79,38.69
3913,192.864,-13.3333,8.85E-02,11.7,12.75,53.38
3914,185.726,-19.9993,2.91E-01,6.012,19.77,37.42
3915,192.864,-19.9998,8.80E-02,12.34,13.77,52.12
3916,185.726,-6.6666,2.94E-01,6.014,17.84,39.94
3917,192.864,-6.66681,8.89E-02,11.02,11.76,54.6
3918,157.163,-26.6636,1.48E+00,22.74,29,22.26
3919,164.304,-26.6641,1.16E+00,21,27.76,22.58
3920,171.445,-26.6646,8.44E-01,17.93,26.25,24.25
3921,164.303,-33.33,1.15E+00,20.42,28.77,21.23
3922,164.303,-39.9957,1.13E+00,19.88,29.83,19.87
3923,157.162,-33.3293,1.46E+00,22.1,29.98,20.95
3924,157.161,-39.9949,1.45E+00,21.49,31.01,19.63
3925,171.444,-33.3306,8.36E-01,17.37,27.27,22.91
3926,171.444,-39.9965,8.27E-01,16.84,28.34,21.55
3927,164.305,-6.66656,1.18E+00,22.98,25,26.61
3928,164.305,-13.3325,1.17E+00,22.28,25.88,25.27
3929,164.305,-19.9983,1.17E+00,21.62,26.8,23.93
3930,157.164,-13.3322,1.50E+00,24.14,27.2,24.87
3931,157.165,-6.66654,1.51E+00,24.91,26.36,26.17
3932,157.164,-19.9979,1.49E+00,23.42,28.08,23.57
3933,171.446,-13.3326,8.56E-01,19.18,24.33,26.92
3934,171.446,-6.66657,8.60E-01,19.86,23.42,28.25
3935,171.445,-19.9986,8.51E-01,18.53,25.27,25.59
3936,192.863,-73.3316,8.03E-02,15.75,23.47,40.62
3937,185.723,-73.3297,2.64E-01,6.088,29.1,26.26
3938,178.581,-73.3279,5.00E-01,9.534,32.27,18.4
3939,171.439,-73.3262,7.64E-01,14.74,34.43,14.49
3940,164.297,-73.3245,1.04E+00,17.69,35.94,12.91
3941,157.154,-73.3228,1.33E+00,18.98,37.14,12.95
3942,178.582,-66.6618,5.10E-01,9.85,30.96,19.89
3943,178.583,-59.9957,5.18E-01,10.21,29.69,21.34
3944,178.583,-53.3297,5.26E-01,10.62,28.47,22.76
3945,185.724,-59.9971,2.73E-01,6.063,26.5,29.27
3946,192.863,-59.9987,8.28E-02,15.19,20.77,43.78
3947,185.723,-66.6634,2.68E-01,6.075,27.78,27.79
3948,192.863,-66.6651,8.16E-02,15.5,22.1,42.23
3949,185.724,-53.3309,2.76E-01,6.052,25.26,30.71
3950,192.864,-53.3323,8.39E-02,14.83,19.49,45.28
3951,164.298,-66.6587,1.06E+00,18.05,34.62,14.33
3952,164.299,-59.993,1.08E+00,18.45,33.34,15.73
3953,164.3,-53.3274,1.10E+00,18.89,32.12,17.12
3954,171.441,-59.9944,7.93E-01,15.46,31.85,17.38
3955,171.44,-66.6602,7.79E-01,15.08,33.11,15.95
3956,171.442,-53.3285,8.06E-01,15.88,30.63,18.79
3957,157.157,-59.9917,1.38E+00,19.87,34.5,15.65
3958,157.155,-66.6572,1.36E+00,19.41,35.79,14.3
3959,157.159,-53.3262,1.41E+00,20.38,33.28,16.99
3960,178.579,-93.2412,4.67E-01,8.932,36.37,13.74
3961,178.58,-86.6601,4.79E-01,9.076,34.99,15.33
3962,178.581,-79.9941,4.90E-01,9.272,33.62,16.88
3963,185.722,-86.6622,2.53E-01,6.122,31.87,23.04
3964,192.863,-86.6646,7.74E-02,16.07,26.39,37.21
3965,185.721,-93.2435,2.47E-01,6.129,33.27,21.37
3966,192.87,-93.2601,7.56E-02,16.12,27.9,35.4
3967,185.722,-79.996,2.59E-01,6.107,30.47,24.68
3968,192.863,-79.9981,7.89E-02,15.95,24.9,38.95
3969,164.292,-93.2368,9.64E-01,16.86,40.06,8.669
3970,164.293,-86.656,9.92E-01,17.08,38.69,10.05
3971,164.295,-79.9903,1.02E+00,17.36,37.31,11.48
3972,171.437,-86.658,7.30E-01,14.2,37.15,11.52
3973,171.436,-93.239,7.10E-01,14.02,38.53,10.05
3974,171.438,-79.9921,7.48E-01,14.44,35.78,13.01
3975,157.15,-86.654,1.26E+00,18.24,39.92,10.24
3976,157.14,-93.2488,1.22E+00,17.92,41.32,8.912
3977,157.152,-79.9884,1.30E+00,18.59,38.53,11.6
3978,192.829,-143.968,5.36E-02,12.01,38.89,16.98
3979,185.699,-144.037,1.72E-01,5.77,42.07,7.38
3980,178.564,-144.062,3.19E-01,10.33,43.81,6.102
3981,171.426,-144.067,4.78E-01,14.67,44.85,7.583
3982,164.294,-144.053,6.39E-01,16.88,45.28,8.016
3983,157.166,-143.974,8.00E-01,17.12,45.5,6.815
3984,178.57,-137.622,3.46E-01,9.855,43.64,5.559
3985,178.573,-131.24,3.69E-01,9.516,43.12,5.725
3986,178.574,-124.991,3.90E-01,9.237,42.37,6.479
3987,178.575,-118.741,4.08E-01,9.029,41.41,7.642
3988,178.576,-112.491,4.25E-01,8.904,40.3,9.058
3989,178.577,-106.157,4.40E-01,8.834,39.07,10.58
3990,185.718,-124.994,2.08E-01,6.052,39.8,12.32
3991,192.861,-124.997,6.44E-02,14.82,35.33,25.01
3992,185.717,-131.243,1.98E-01,5.991,40.77,10.46
3993,185.71,-137.611,1.86E-01,5.906,41.53,8.735
3994,192.86,-131.247,6.12E-02,14.16,36.64,22.54
3995,192.848,-137.577,5.77E-02,13.29,37.82,19.86
3996,185.719,-112.494,2.26E-01,6.132,37.43,16.04
3997,192.861,-112.497,6.96E-02,15.72,32.45,29.49
3998,185.719,-118.744,2.18E-01,6.101,38.67,14.19
3999,192.861,-118.747,6.72E-02,15.35,33.91,27.33
4000,185.72,-106.159,2.34E-01,6.14,36.1,17.86
4001,192.854,-106.176,7.20E-02,15.97,30.94,31.53
4002,157.138,-124.984,9.94E-01,17.07,46.18,4.95
4003,164.283,-124.986,7.90E-01,16.53,45.29,5.043
4004,171.429,-124.988,5.87E-01,14,44.13,5.016
4005,164.282,-131.236,7.45E-01,16.62,45.69,5.667
4006,164.286,-137.613,6.95E-01,16.74,45.74,6.691
4007,157.136,-131.234,9.36E-01,17.05,46.38,5.22
4008,157.148,-137.572,8.71E-01,17.08,46.17,5.856
4009,171.427,-131.238,5.55E-01,14.18,44.71,5.321
4010,171.426,-137.623,5.19E-01,14.4,45.01,6.224
4011,164.288,-106.152,9.02E-01,16.56,42.63,6.236
4012,164.287,-112.486,8.68E-01,16.5,43.71,5.376
4013,164.285,-118.736,8.30E-01,16.49,44.62,4.941
4014,157.142,-112.484,1.10E+00,17.26,44.85,5.678
4015,157.152,-106.164,1.14E+00,17.43,43.83,6.563
4016,157.14,-118.734,1.05E+00,17.13,45.66,5.11
4017,171.432,-112.489,6.43E-01,13.81,42.3,6.135
4018,171.433,-106.154,6.67E-01,13.82,41.15,7.275
4019,171.43,-118.738,6.16E-01,13.88,43.31,5.328
4020,192.862,-171.459,2.53E-02,5.746,39.25,7.041
4021,185.717,-171.49,8.35E-02,7.461,38.44,8.32
4022,178.569,-171.517,1.59E-01,12.43,38.29,11.69
4023,171.42,-171.528,2.42E-01,15.08,39.28,13.07
4024,164.273,-171.514,3.27E-01,16.31,41.01,12.91
4025,157.126,-171.473,4.12E-01,16.36,42.54,11.47
4026,178.573,-164.532,2.08E-01,12.24,40.65,10.64
4027,178.568,-157.569,2.51E-01,11.66,42.39,8.968
4028,178.563,-150.782,2.88E-01,10.98,43.43,7.312
4029,185.719,-157.506,1.35E-01,5.839,41.61,6.656
4030,192.877,-157.397,4.17E-02,8.599,40.08,11.18
4031,185.725,-164.485,1.11E-01,6.56,40.39,7.384
4032,192.873,-164.406,3.41E-02,7.094,39.94,8.764
4033,185.704,-150.735,1.55E-01,5.66,42.17,6.643
4034,192.85,-150.633,4.81E-02,10.33,39.71,14.04
4035,164.265,-164.519,4.19E-01,17.08,41.82,12.06
4036,164.272,-157.55,5.02E-01,17.2,43.03,10.82
4037,164.288,-150.767,5.74E-01,17.05,44.31,9.455
4038,171.423,-157.578,3.76E-01,15.42,42.8,10.71
4039,171.421,-164.543,3.13E-01,15.52,41.05,12.15
4040,171.425,-150.792,4.30E-01,15.04,44.11,9.141
4041,157.115,-157.422,6.29E-01,17.18,43.54,9.279
4042,157.116,-164.429,5.26E-01,17.05,42.89,10.51
4043,157.142,-150.652,7.19E-01,17.16,44.5,8.004
4044,178.568,-192.855,1.54E-02,4.727,37.4,6.022
4045,178.566,-185.71,5.46E-02,7.775,35.45,8.733
4046,178.567,-178.607,1.06E-01,11.35,36.03,11.33
4047,185.71,-185.71,2.59E-02,5.545,33.9,6.657
4048,192.854,-185.711,6.48E-03,3.363,35.72,4.481
4049,185.711,-192.854,6.44E-03,3.396,35.62,4.509
4050,192.854,-192.854,1.06E-03,2.497,33.91,3.201
4051,185.713,-178.596,5.37E-02,7.448,35.83,8.378
4052,192.858,-178.584,1.54E-02,4.506,37.87,5.783
4053,157.138,-185.715,1.63E-01,9.387,40.24,8.851
4054,164.28,-185.713,1.24E-01,8.668,39.11,9.184
4055,171.423,-185.711,8.79E-02,8.585,37.58,9.441
4056,164.283,-192.857,3.77E-02,8.411,37.79,9.852
4057,157.14,-192.859,5.11E-02,11.37,36.8,12.7
4058,171.425,-192.856,2.60E-02,6.391,38.1,7.719
4059,164.276,-178.606,2.26E-01,14.16,40.35,12.49
4060,157.132,-178.592,2.89E-01,14.39,41.99,11.39
4061,171.422,-178.611,1.65E-01,13.34,38.08,12.6
