NodeID,Y,Z,Displacement,Stress_L1,Stress_L2,Stress_L4
2,99.9762,-99.9763,1.52E+00,8.49E+01,2.83E+01,1.03E+02
3,99.9782,-93.3063,1.68E+00,8.63E+01,2.97E+01,1.04E+02
4,99.9816,-86.6378,1.83E+00,8.65E+01,3.11E+01,1.04E+02
5,99.9862,-79.9707,1.96E+00,8.52E+01,3.26E+01,1.03E+02
6,99.9916,-73.3047,2.07E+00,8.25E+01,3.41E+01,9.94E+01
7,99.9976,-66.6398,2.18E+00,7.89E+01,3.56E+01,9.53E+01
8,100.004,-59.9754,2.27E+00,7.50E+01,3.72E+01,9.07E+01
9,100.01,-53.3115,2.36E+00,7.10E+01,3.88E+01,8.58E+01
10,100.016,-46.6478,2.43E+00,6.73E+01,4.04E+01,8.10E+01
11,100.021,-39.9841,2.49E+00,6.39E+01,4.21E+01,7.62E+01
12,100.025,-33.3205,2.55E+00,6.11E+01,4.38E+01,7.15E+01
13,100.029,-26.6568,2.59E+00,5.87E+01,4.55E+01,6.69E+01
14,100.032,-19.9929,2.62E+00,5.68E+01,4.73E+01,6.23E+01
15,100.034,-13.329,2.65E+00,5.52E+01,4.92E+01,5.77E+01
16,100.035,-6.66512,2.66E+00,5.40E+01,5.12E+01,5.32E+01
17,100.035,-0.00116793,2.66E+00,5.31E+01,5.33E+01,4.87E+01
18,100.035,6.66275,2.65E+00,5.23E+01,5.57E+01,4.43E+01
19,100.033,13.3266,2.63E+00,5.16E+01,5.83E+01,4.00E+01
20,100.03,19.9904,2.60E+00,5.10E+01,6.11E+01,3.58E+01
21,100.026,26.654,2.56E+00,5.05E+01,6.43E+01,3.16E+01
22,100.022,33.3176,2.51E+00,5.00E+01,6.78E+01,2.75E+01
23,100.017,39.981,2.45E+00,4.96E+01,7.18E+01,2.36E+01
24,100.011,46.6445,2.38E+00,4.91E+01,7.60E+01,1.98E+01
25,100.005,53.308,2.31E+00,4.87E+01,8.07E+01,1.63E+01
26,99.9984,59.9718,2.22E+00,4.81E+01,8.54E+01,1.33E+01
27,99.992,66.6359,2.12E+00,4.75E+01,9.01E+01,1.10E+01
28,99.986,73.3008,2.00E+00,4.67E+01,9.42E+01,9.84E+00
29,99.9806,79.9665,1.88E+00,4.59E+01,9.73E+01,9.91E+00
30,99.9762,86.6335,1.74E+00,4.50E+01,9.89E+01,1.09E+01
31,99.9732,93.3019,1.60E+00,4.39E+01,9.89E+01,1.25E+01
32,99.9718,99.9718,1.43E+00,4.28E+01,9.75E+01,1.41E+01
33,93.3017,99.9732,1.60E+00,4.39E+01,9.92E+01,1.25E+01
34,86.6331,99.9761,1.75E+00,4.49E+01,9.95E+01,1.10E+01
35,79.966,99.9804,1.88E+00,4.58E+01,9.81E+01,9.97E+00
36,73.3001,99.9857,2.01E+00,4.66E+01,9.52E+01,9.86E+00
37,66.6352,99.9917,2.12E+00,4.73E+01,9.11E+01,1.10E+01
38,59.971,99.9981,2.22E+00,4.79E+01,8.64E+01,1.32E+01
39,53.3072,100.005,2.31E+00,4.84E+01,8.16E+01,1.62E+01
40,46.6437,100.011,2.39E+00,4.89E+01,7.69E+01,1.97E+01
41,39.9803,100.017,2.46E+00,4.93E+01,7.25E+01,2.35E+01
42,33.3168,100.022,2.52E+00,4.97E+01,6.85E+01,2.74E+01
43,26.6533,100.026,2.57E+00,5.02E+01,6.48E+01,3.15E+01
44,19.9897,100.03,2.60E+00,5.07E+01,6.16E+01,3.57E+01
45,13.3259,100.033,2.63E+00,5.12E+01,5.87E+01,4.00E+01
46,6.66211,100.035,2.65E+00,5.18E+01,5.61E+01,4.43E+01
47,-0.00178119,100.036,2.66E+00,5.26E+01,5.37E+01,4.87E+01
48,-6.66571,100.036,2.66E+00,5.35E+01,5.15E+01,5.31E+01
49,-13.3296,100.035,2.65E+00,5.47E+01,4.95E+01,5.76E+01
50,-19.9935,100.033,2.63E+00,5.62E+01,4.76E+01,6.21E+01
51,-26.6573,100.03,2.59E+00,5.82E+01,4.58E+01,6.67E+01
52,-33.321,100.026,2.55E+00,6.05E+01,4.40E+01,7.12E+01
53,-39.9846,100.021,2.49E+00,6.34E+01,4.23E+01,7.59E+01
54,-46.6483,100.016,2.43E+00,6.67E+01,4.06E+01,8.06E+01
55,-53.3119,100.01,2.36E+00,7.04E+01,3.90E+01,8.54E+01
56,-59.9758,100.004,2.27E+00,7.44E+01,3.74E+01,9.02E+01
57,-66.64,99.9979,2.18E+00,7.85E+01,3.58E+01,9.49E+01
58,-73.3049,99.9918,2.08E+00,8.21E+01,3.42E+01,9.91E+01
59,-79.9707,99.9863,1.96E+00,8.49E+01,3.26E+01,1.02E+02
60,-86.6377,99.9816,1.83E+00,8.63E+01,3.11E+01,1.04E+02
61,-93.3061,99.9781,1.68E+00,8.62E+01,2.97E+01,1.04E+02
62,-99.9761,99.976,1.52E+00,8.49E+01,2.84E+01,1.03E+02
63,-99.978,93.306,1.68E+00,8.65E+01,2.97E+01,1.04E+02
64,-99.9814,86.6374,1.83E+00,8.68E+01,3.11E+01,1.05E+02
65,-99.986,79.9703,1.96E+00,8.56E+01,3.25E+01,1.03E+02
66,-99.9915,73.3043,2.08E+00,8.29E+01,3.41E+01,9.98E+01
67,-99.9976,66.6394,2.18E+00,7.93E+01,3.56E+01,9.57E+01
68,-100.004,59.9751,2.28E+00,7.52E+01,3.72E+01,9.09E+01
69,-100.01,53.3113,2.36E+00,7.11E+01,3.88E+01,8.59E+01
70,-100.016,46.6476,2.43E+00,6.73E+01,4.04E+01,8.10E+01
71,-100.021,39.984,2.50E+00,6.39E+01,4.21E+01,7.62E+01
72,-100.026,33.3204,2.55E+00,6.10E+01,4.38E+01,7.14E+01
73,-100.03,26.6567,2.60E+00,5.86E+01,4.55E+01,6.67E+01
74,-100.033,19.993,2.63E+00,5.67E+01,4.73E+01,6.21E+01
75,-100.035,13.3291,2.65E+00,5.52E+01,4.92E+01,5.75E+01
76,-100.036,6.66517,2.66E+00,5.40E+01,5.12E+01,5.30E+01
77,-100.036,0.00125042,2.67E+00,5.30E+01,5.33E+01,4.86E+01
78,-100.035,-6.66264,2.66E+00,5.22E+01,5.57E+01,4.42E+01
79,-100.033,-13.3264,2.64E+00,5.16E+01,5.83E+01,3.99E+01
80,-100.03,-19.9902,2.61E+00,5.10E+01,6.12E+01,3.56E+01
81,-100.027,-26.6538,2.57E+00,5.05E+01,6.44E+01,3.15E+01
82,-100.022,-33.3172,2.52E+00,5.00E+01,6.80E+01,2.74E+01
83,-100.017,-39.9806,2.46E+00,4.95E+01,7.20E+01,2.34E+01
84,-100.011,-46.644,2.39E+00,4.91E+01,7.64E+01,1.97E+01
85,-100.005,-53.3074,2.31E+00,4.86E+01,8.11E+01,1.62E+01
86,-99.9982,-59.9711,2.22E+00,4.80E+01,8.60E+01,1.32E+01
87,-99.9917,-66.6352,2.12E+00,4.74E+01,9.08E+01,1.10E+01
88,-99.9855,-73.2999,2.01E+00,4.67E+01,9.50E+01,9.94E+00
89,-99.9801,-79.9658,1.88E+00,4.58E+01,9.81E+01,1.01E+01
90,-99.9758,-86.6328,1.75E+00,4.49E+01,9.97E+01,1.12E+01
91,-99.9728,-93.3013,1.60E+00,4.39E+01,9.95E+01,1.27E+01
92,-99.9714,-99.9714,1.43E+00,4.28E+01,9.78E+01,1.42E+01
93,-93.3015,-99.9728,1.60E+00,4.40E+01,9.91E+01,1.26E+01
94,-86.6332,-99.9759,1.75E+00,4.50E+01,9.91E+01,1.11E+01
95,-79.9663,-99.9803,1.88E+00,4.59E+01,9.73E+01,1.00E+01
96,-73.3006,-99.9858,2.01E+00,4.68E+01,9.41E+01,9.91E+00
97,-66.636,-99.992,2.12E+00,4.75E+01,8.98E+01,1.10E+01
98,-59.9719,-99.9985,2.22E+00,4.82E+01,8.51E+01,1.33E+01
99,-53.3082,-100.005,2.31E+00,4.88E+01,8.03E+01,1.63E+01
100,-46.6448,-100.011,2.39E+00,4.93E+01,7.57E+01,1.98E+01
101,-39.9814,-100.017,2.46E+00,4.98E+01,7.13E+01,2.35E+01
102,-33.318,-100.022,2.52E+00,5.02E+01,6.74E+01,2.75E+01
103,-26.6545,-100.027,2.57E+00,5.07E+01,6.39E+01,3.15E+01
104,-19.9909,-100.03,2.61E+00,5.13E+01,6.07E+01,3.57E+01
105,-13.3271,-100.033,2.64E+00,5.19E+01,5.79E+01,3.99E+01
106,-6.66328,-100.035,2.65E+00,5.26E+01,5.53E+01,4.42E+01
107,0.000637905,-100.036,2.66E+00,5.34E+01,5.30E+01,4.86E+01
108,6.66458,-100.036,2.66E+00,5.44E+01,5.09E+01,5.31E+01
109,13.3285,-100.035,2.65E+00,5.57E+01,4.89E+01,5.76E+01
110,19.9924,-100.032,2.63E+00,5.72E+01,4.70E+01,6.22E+01
111,26.6562,-100.029,2.59E+00,5.92E+01,4.53E+01,6.69E+01
112,33.3199,-100.025,2.55E+00,6.16E+01,4.35E+01,7.16E+01
113,39.9836,-100.021,2.49E+00,6.45E+01,4.19E+01,7.64E+01
114,46.6472,-100.015,2.43E+00,6.79E+01,4.02E+01,8.13E+01
115,53.3109,-100.01,2.36E+00,7.17E+01,3.86E+01,8.63E+01
116,59.9748,-100.003,2.27E+00,7.57E+01,3.70E+01,9.12E+01
117,66.6392,-99.9973,2.18E+00,7.97E+01,3.55E+01,9.60E+01
118,73.3043,-99.9914,2.07E+00,8.33E+01,3.39E+01,1.00E+02
119,79.9703,-99.986,1.96E+00,8.58E+01,3.24E+01,1.03E+02
120,86.6375,-99.9815,1.83E+00,8.70E+01,3.10E+01,1.05E+02
121,93.3061,-99.9782,1.68E+00,8.66E+01,2.96E+01,1.04E+02
122,-93.3709,0.00147462,3.10E+00,5.55E+01,5.53E+01,4.96E+01
123,-86.7054,0.0017145,3.54E+00,5.82E+01,5.74E+01,5.07E+01
124,-80.0395,0.00196794,3.99E+00,6.11E+01,5.96E+01,5.17E+01
125,-73.3734,0.00223462,4.46E+00,6.45E+01,6.21E+01,5.26E+01
126,-66.7073,0.00250362,4.93E+00,6.85E+01,6.49E+01,5.35E+01
127,-60.0412,0.00276893,5.42E+00,7.34E+01,6.82E+01,5.42E+01
128,-53.3752,0.00299842,5.93E+00,7.97E+01,7.24E+01,5.49E+01
129,-46.7096,0.00316947,6.46E+00,8.80E+01,7.79E+01,5.55E+01
130,-40.0445,0.00318018,7.02E+00,9.96E+01,8.55E+01,5.62E+01
131,-33.3803,0.00293599,7.62E+00,1.16E+02,9.66E+01,5.74E+01
132,-26.7177,0.00205764,8.25E+00,1.43E+02,1.14E+02,6.02E+01
133,-20.0577,4.94E-07,8.95E+00,1.89E+02,1.45E+02,6.95E+01
134,-13.4049,-0.00569193,9.74E+00,2.94E+02,2.14E+02,8.88E+01
135,-6.74666,-0.0138965,1.06E+01,5.14E+02,3.59E+02,1.01E+02
136,0.00162866,-0.000751946,1.12E+01,6.58E+02,4.55E+02,1.02E+02
137,6.74773,0.0131537,1.06E+01,5.14E+02,3.61E+02,1.04E+02
138,13.4039,0.0055853,9.72E+00,2.96E+02,2.16E+02,9.34E+01
139,20.0564,7.87E-05,8.93E+00,1.91E+02,1.46E+02,7.25E+01
140,26.7164,-0.00190234,8.23E+00,1.44E+02,1.16E+02,6.24E+01
141,33.3791,-0.00272996,7.59E+00,1.17E+02,9.78E+01,5.91E+01
142,40.0434,-0.0029485,7.00E+00,1.00E+02,8.64E+01,5.76E+01
143,46.7085,-0.00293275,6.44E+00,8.83E+01,7.86E+01,5.66E+01
144,53.3742,-0.00276992,5.91E+00,7.98E+01,7.29E+01,5.57E+01
145,60.0402,-0.0025574,5.40E+00,7.35E+01,6.86E+01,5.48E+01
146,66.7064,-0.00231198,4.92E+00,6.85E+01,6.52E+01,5.40E+01
147,73.3726,-0.00206466,4.44E+00,6.45E+01,6.23E+01,5.30E+01
148,80.0387,-0.00182031,3.98E+00,6.11E+01,5.97E+01,5.20E+01
149,86.7046,-0.00158861,3.53E+00,5.82E+01,5.75E+01,5.09E+01
150,93.3702,-0.0013687,3.09E+00,5.55E+01,5.53E+01,4.98E+01
151,0.0126252,6.74313,1.06E+01,5.19E+02,3.66E+02,1.01E+02
152,0.00381002,13.4022,9.72E+00,2.96E+02,2.23E+02,9.13E+01
153,-0.00145363,20.0562,8.93E+00,1.86E+02,1.49E+02,7.36E+01
154,-0.00347138,26.7164,8.24E+00,1.41E+02,1.17E+02,6.42E+01
155,-0.00425627,33.3793,7.60E+00,1.15E+02,9.84E+01,6.05E+01
156,-0.00438735,40.0436,7.01E+00,9.81E+01,8.68E+01,5.86E+01
157,-0.00427696,46.7088,6.45E+00,8.68E+01,7.88E+01,5.73E+01
158,-0.00401703,53.3745,5.92E+00,7.87E+01,7.32E+01,5.62E+01
159,-0.00371108,60.0405,5.41E+00,7.26E+01,6.89E+01,5.52E+01
160,-0.0033738,66.7067,4.92E+00,6.78E+01,6.54E+01,5.42E+01
161,-0.00303781,73.3729,4.45E+00,6.39E+01,6.25E+01,5.32E+01
162,-0.00270518,80.039,3.99E+00,6.06E+01,6.00E+01,5.21E+01
163,-0.00238469,86.7049,3.54E+00,5.77E+01,5.78E+01,5.10E+01
164,-0.00207831,93.3705,3.10E+00,5.51E+01,5.57E+01,4.98E+01
165,-53.3752,6.66455,5.93E+00,7.89E+01,6.97E+01,6.74E+01
166,-53.3701,13.3261,5.87E+00,7.94E+01,6.77E+01,8.20E+01
167,-53.3605,19.9871,5.76E+00,8.29E+01,6.55E+01,9.78E+01
168,-53.3478,26.6474,5.60E+00,9.06E+01,6.28E+01,1.14E+02
169,-53.3337,33.3079,5.41E+00,1.02E+02,5.97E+01,1.30E+02
170,-53.3203,39.9696,5.19E+00,1.13E+02,5.64E+01,1.43E+02
171,-53.3094,46.6341,4.93E+00,1.21E+02,5.35E+01,1.50E+02
172,-53.3026,53.3022,4.66E+00,1.20E+02,5.11E+01,1.49E+02
173,-53.2997,59.9736,4.36E+00,1.13E+02,4.94E+01,1.40E+02
174,-53.2996,66.6468,4.05E+00,1.03E+02,4.79E+01,1.28E+02
175,-53.3011,73.3205,3.73E+00,9.34E+01,4.64E+01,1.16E+02
176,-53.3034,79.9941,3.40E+00,8.52E+01,4.47E+01,1.06E+02
177,-53.3061,86.667,3.06E+00,7.89E+01,4.29E+01,9.73E+01
178,-53.3089,93.3391,2.71E+00,7.41E+01,4.09E+01,9.06E+01
179,-59.9827,46.6336,4.60E+00,1.09E+02,5.18E+01,1.35E+02
180,-66.6565,46.6348,4.25E+00,9.68E+01,5.02E+01,1.21E+02
181,-73.3299,46.637,3.90E+00,8.72E+01,4.84E+01,1.09E+02
182,-80.0028,46.6395,3.54E+00,7.99E+01,4.65E+01,9.91E+01
183,-86.6748,46.6422,3.17E+00,7.45E+01,4.45E+01,9.16E+01
184,-93.3457,46.6449,2.80E+00,7.05E+01,4.25E+01,8.57E+01
185,-73.3401,39.9747,4.05E+00,8.01E+01,5.06E+01,1.00E+02
186,-73.3499,33.3129,4.17E+00,7.40E+01,5.26E+01,9.14E+01
187,-73.3586,26.6512,4.28E+00,6.95E+01,5.45E+01,8.30E+01
188,-73.3657,19.9892,4.36E+00,6.67E+01,5.63E+01,7.49E+01
189,-73.3708,13.327,4.42E+00,6.51E+01,5.80E+01,6.71E+01
190,-73.3734,6.66461,4.45E+00,6.46E+01,5.99E+01,5.96E+01
191,-66.6892,26.6498,4.72E+00,7.43E+01,5.70E+01,9.02E+01
192,-60.019,26.6485,5.16E+00,8.10E+01,5.98E+01,1.00E+02
193,-66.6788,33.311,4.59E+00,8.03E+01,5.49E+01,1.01E+02
194,-66.6676,39.9725,4.43E+00,8.82E+01,5.26E+01,1.11E+02
195,-60.0068,33.3093,5.00E+00,8.92E+01,5.73E+01,1.13E+02
196,-59.9942,39.9707,4.81E+00,9.92E+01,5.46E+01,1.25E+02
197,-66.7041,13.3266,4.89E+00,6.88E+01,6.07E+01,7.07E+01
198,-60.0371,13.3262,5.37E+00,7.33E+01,6.39E+01,7.54E+01
199,-66.6979,19.9884,4.82E+00,7.06E+01,5.90E+01,8.03E+01
200,-60.0295,19.9876,5.28E+00,7.57E+01,6.20E+01,8.75E+01
201,-66.7073,6.66453,4.93E+00,6.83E+01,6.26E+01,6.17E+01
202,-60.0412,6.6645,5.42E+00,7.29E+01,6.58E+01,6.42E+01
203,-93.3629,26.6554,3.01E+00,6.07E+01,4.76E+01,6.97E+01
204,-86.6955,26.654,3.43E+00,6.31E+01,4.98E+01,7.32E+01
205,-80.0274,26.6526,3.85E+00,6.59E+01,5.21E+01,7.75E+01
206,-86.6895,33.3167,3.36E+00,6.60E+01,4.81E+01,7.92E+01
207,-86.6825,39.9794,3.27E+00,6.99E+01,4.63E+01,8.53E+01
208,-93.358,33.3186,2.95E+00,6.33E+01,4.59E+01,7.49E+01
209,-93.3522,39.9817,2.89E+00,6.66E+01,4.42E+01,8.02E+01
210,-80.0201,33.3148,3.77E+00,6.95E+01,5.03E+01,8.45E+01
211,-80.0117,39.977,3.66E+00,7.42E+01,4.84E+01,9.17E+01
212,-93.3694,13.3285,3.08E+00,5.73E+01,5.12E+01,5.95E+01
213,-86.7036,13.328,3.52E+00,5.96E+01,5.33E+01,6.16E+01
214,-80.0373,13.3275,3.97E+00,6.22E+01,5.56E+01,6.41E+01
215,-86.7003,19.991,3.48E+00,6.10E+01,5.16E+01,6.74E+01
216,-93.3668,19.992,3.05E+00,5.88E+01,4.94E+01,6.45E+01
217,-80.0332,19.9901,3.92E+00,6.36E+01,5.38E+01,7.07E+01
218,-86.7053,6.66486,3.54E+00,5.87E+01,5.53E+01,5.61E+01
219,-93.3708,6.66501,3.10E+00,5.63E+01,5.32E+01,5.45E+01
220,-80.0395,6.66472,3.99E+00,6.14E+01,5.75E+01,5.78E+01
221,-59.9658,73.312,3.54E+00,9.92E+01,4.41E+01,1.22E+02
222,-66.6325,73.3054,3.34E+00,1.02E+02,4.20E+01,1.25E+02
223,-73.3015,73.3013,3.12E+00,1.02E+02,4.01E+01,1.23E+02
224,-79.9726,73.2996,2.88E+00,9.81E+01,3.86E+01,1.19E+02
225,-86.6451,73.3,2.63E+00,9.29E+01,3.71E+01,1.12E+02
226,-93.3182,73.3017,2.36E+00,8.76E+01,3.57E+01,1.06E+02
227,-73.3054,66.632,3.34E+00,1.03E+02,4.19E+01,1.25E+02
228,-73.3118,59.965,3.54E+00,1.00E+02,4.40E+01,1.23E+02
229,-73.3202,53.3002,3.73E+00,9.44E+01,4.62E+01,1.17E+02
230,-66.6391,59.9651,3.83E+00,1.08E+02,4.54E+01,1.32E+02
231,-59.968,59.9677,4.11E+00,1.13E+02,4.72E+01,1.39E+02
232,-66.6344,66.6341,3.59E+00,1.07E+02,4.35E+01,1.30E+02
233,-59.9657,66.639,3.83E+00,1.08E+02,4.55E+01,1.32E+02
234,-66.6466,53.2988,4.05E+00,1.04E+02,4.77E+01,1.29E+02
235,-59.9736,53.2991,4.36E+00,1.14E+02,4.93E+01,1.40E+02
236,-93.3316,59.9719,2.61E+00,7.95E+01,3.91E+01,9.67E+01
237,-86.6587,59.969,2.93E+00,8.51E+01,4.08E+01,1.04E+02
238,-79.9853,59.9665,3.24E+00,9.20E+01,4.25E+01,1.13E+02
239,-86.6514,66.6338,2.79E+00,8.97E+01,3.90E+01,1.09E+02
240,-93.3246,66.6363,2.49E+00,8.39E+01,3.74E+01,1.02E+02
241,-79.978,66.6321,3.07E+00,9.64E+01,4.04E+01,1.17E+02
242,-86.6667,53.3052,3.06E+00,7.97E+01,4.27E+01,9.79E+01
243,-93.3388,53.3082,2.71E+00,7.49E+01,4.08E+01,9.12E+01
244,-79.9937,53.3025,3.40E+00,8.62E+01,4.45E+01,1.06E+02
245,-73.3022,93.3185,2.36E+00,8.68E+01,3.58E+01,1.05E+02
246,-73.3004,86.6453,2.62E+00,9.23E+01,3.72E+01,1.12E+02
247,-73.3,79.9726,2.88E+00,9.77E+01,3.86E+01,1.18E+02
248,-66.6345,86.6516,2.78E+00,8.89E+01,3.91E+01,1.08E+02
249,-59.9698,86.659,2.93E+00,8.42E+01,4.10E+01,1.03E+02
250,-66.637,93.325,2.49E+00,8.31E+01,3.75E+01,1.01E+02
251,-59.9726,93.3319,2.61E+00,7.87E+01,3.92E+01,9.60E+01
252,-66.6328,79.9782,3.07E+00,9.56E+01,4.06E+01,1.17E+02
253,-59.9673,79.9856,3.24E+00,9.11E+01,4.26E+01,1.12E+02
254,-93.309,86.6367,2.05E+00,9.01E+01,3.25E+01,1.09E+02
255,-86.6378,86.6377,2.26E+00,9.26E+01,3.39E+01,1.12E+02
256,-79.9682,86.6405,2.45E+00,9.36E+01,3.55E+01,1.13E+02
257,-86.637,93.3091,2.05E+00,8.97E+01,3.25E+01,1.08E+02
258,-93.3067,93.3066,1.88E+00,8.86E+01,3.10E+01,1.07E+02
259,-79.9688,93.3131,2.21E+00,8.92E+01,3.41E+01,1.08E+02
260,-86.6405,79.9679,2.45E+00,9.39E+01,3.54E+01,1.13E+02
261,-93.3129,79.9684,2.21E+00,8.98E+01,3.40E+01,1.08E+02
262,-79.9694,79.9692,2.67E+00,9.70E+01,3.69E+01,1.17E+02
263,-6.6658,46.709,6.45E+00,8.55E+01,7.55E+01,7.38E+01
264,-13.3273,46.7028,6.38E+00,8.63E+01,7.31E+01,9.31E+01
265,-19.988,46.691,6.24E+00,9.18E+01,7.02E+01,1.14E+02
266,-26.648,46.6758,6.05E+00,1.03E+02,6.65E+01,1.34E+02
267,-33.3085,46.6602,5.82E+00,1.17E+02,6.24E+01,1.51E+02
268,-39.9714,46.6468,5.55E+00,1.27E+02,5.86E+01,1.62E+02
269,-46.6385,46.638,5.25E+00,1.29E+02,5.56E+01,1.61E+02
270,-26.648,40.0024,6.50E+00,1.22E+02,6.99E+01,1.61E+02
271,-26.6498,33.3283,6.95E+00,1.45E+02,7.40E+01,1.94E+02
272,-26.6572,26.6566,7.37E+00,1.62E+02,8.00E+01,2.20E+02
273,-26.6747,19.9915,7.76E+00,1.59E+02,8.89E+01,2.16E+02
274,-26.6988,13.3305,8.06E+00,1.45E+02,9.91E+01,1.74E+02
275,-26.7166,6.66687,8.24E+00,1.40E+02,1.07E+02,1.12E+02
276,-19.9927,26.6748,7.75E+00,1.57E+02,8.96E+01,2.16E+02
277,-13.3318,26.6987,8.05E+00,1.42E+02,1.01E+02,1.76E+02
278,-6.66817,26.7157,8.23E+00,1.37E+02,1.09E+02,1.16E+02
279,-13.329,33.3676,7.47E+00,1.15E+02,8.81E+01,1.34E+02
280,-13.3278,40.0354,6.91E+00,9.79E+01,7.95E+01,1.09E+02
281,-19.9894,33.3483,7.25E+00,1.29E+02,8.13E+01,1.71E+02
282,-19.9882,40.0203,6.74E+00,1.07E+02,7.52E+01,1.36E+02
283,-6.66685,33.3794,7.60E+00,1.12E+02,9.30E+01,9.37E+01
284,-6.66619,40.0439,7.00E+00,9.62E+01,8.26E+01,8.13E+01
285,-13.3918,6.67956,9.65E+00,2.67E+02,1.95E+02,1.97E+02
286,-13.357,13.3562,9.22E+00,2.19E+02,1.56E+02,2.70E+02
287,-13.3382,20.028,8.65E+00,1.78E+02,1.22E+02,2.35E+02
288,-20.0282,13.3369,8.66E+00,1.81E+02,1.20E+02,2.34E+02
289,-20.0543,6.67008,8.92E+00,1.83E+02,1.35E+02,1.53E+02
290,-20.0037,20.0031,8.24E+00,1.78E+02,1.03E+02,2.51E+02
291,-6.68096,13.3905,9.64E+00,2.65E+02,2.02E+02,2.00E+02
292,-6.712,6.70961,1.03E+01,4.23E+02,2.96E+02,1.49E+02
293,-6.67136,20.0534,8.91E+00,1.79E+02,1.38E+02,1.58E+02
294,-46.6756,26.6466,6.06E+00,1.04E+02,6.60E+01,1.34E+02
295,-40.0021,26.6466,6.51E+00,1.24E+02,6.94E+01,1.61E+02
296,-33.3282,26.6486,6.95E+00,1.47E+02,7.36E+01,1.94E+02
297,-39.9861,33.3085,6.22E+00,1.37E+02,6.46E+01,1.77E+02
298,-39.9757,39.9752,5.90E+00,1.38E+02,6.10E+01,1.76E+02
299,-46.6599,33.3072,5.82E+00,1.18E+02,6.20E+01,1.52E+02
300,-46.6468,39.9705,5.55E+00,1.28E+02,5.84E+01,1.62E+02
301,-33.315,33.3145,6.60E+00,1.49E+02,6.83E+01,1.95E+02
302,-33.3095,39.9862,6.22E+00,1.36E+02,6.49E+01,1.76E+02
303,-46.7031,13.3261,6.39E+00,8.77E+01,7.24E+01,9.16E+01
304,-40.0357,13.3266,6.92E+00,9.97E+01,7.86E+01,1.07E+02
305,-33.3677,13.3278,7.48E+00,1.18E+02,8.70E+01,1.31E+02
306,-40.0202,19.9869,6.75E+00,1.09E+02,7.45E+01,1.36E+02
307,-46.6909,19.9867,6.25E+00,9.32E+01,6.96E+01,1.13E+02
308,-33.348,19.988,7.25E+00,1.31E+02,8.05E+01,1.70E+02
309,-40.0446,6.665,7.02E+00,9.80E+01,8.16E+01,7.88E+01
310,-46.7097,6.66468,6.46E+00,8.69E+01,7.47E+01,7.19E+01
311,-33.3801,6.6656,7.61E+00,1.15E+02,9.16E+01,9.03E+01
312,-26.656,93.3629,3.01E+00,6.02E+01,4.79E+01,6.96E+01
313,-26.6547,86.6954,3.43E+00,6.26E+01,5.00E+01,7.32E+01
314,-26.6534,80.0274,3.85E+00,6.53E+01,5.23E+01,7.76E+01
315,-26.6521,73.3586,4.28E+00,6.89E+01,5.48E+01,8.31E+01
316,-26.6509,66.6893,4.71E+00,7.35E+01,5.74E+01,9.03E+01
317,-26.6497,60.0191,5.15E+00,8.00E+01,6.02E+01,1.00E+02
318,-26.6488,53.348,5.60E+00,8.94E+01,6.32E+01,1.14E+02
319,-19.9901,73.3656,4.36E+00,6.60E+01,5.66E+01,7.52E+01
320,-13.3278,73.3704,4.42E+00,6.45E+01,5.84E+01,6.75E+01
321,-6.66544,73.3729,4.45E+00,6.39E+01,6.03E+01,6.02E+01
322,-13.3282,80.037,3.96E+00,6.16E+01,5.59E+01,6.45E+01
323,-13.3287,86.7033,3.52E+00,5.91E+01,5.36E+01,6.19E+01
324,-13.3291,93.3692,3.08E+00,5.69E+01,5.15E+01,5.96E+01
325,-19.9918,86.7001,3.48E+00,6.05E+01,5.18E+01,6.75E+01
326,-19.9909,80.033,3.91E+00,6.30E+01,5.41E+01,7.09E+01
327,-19.9926,93.3666,3.05E+00,5.83E+01,4.97E+01,6.46E+01
328,-6.66554,86.7049,3.54E+00,5.82E+01,5.56E+01,5.63E+01
329,-6.66548,80.039,3.98E+00,6.09E+01,5.78E+01,5.82E+01
330,-6.66563,93.3705,3.09E+00,5.58E+01,5.35E+01,5.46E+01
331,-13.3271,53.3698,5.86E+00,7.82E+01,6.82E+01,8.31E+01
332,-13.3272,60.0368,5.36E+00,7.24E+01,6.43E+01,7.63E+01
333,-13.3275,66.7037,4.88E+00,6.80E+01,6.11E+01,7.13E+01
334,-19.9887,60.0294,5.28E+00,7.48E+01,6.24E+01,8.80E+01
335,-19.9882,53.3605,5.75E+00,8.18E+01,6.60E+01,9.84E+01
336,-19.9893,66.6977,4.81E+00,6.98E+01,5.93E+01,8.07E+01
337,-6.66547,60.0406,5.41E+00,7.20E+01,6.63E+01,6.52E+01
338,-6.66559,53.3746,5.92E+00,7.77E+01,7.03E+01,6.88E+01
339,-6.66543,66.7067,4.92E+00,6.75E+01,6.30E+01,6.24E+01
340,-46.638,73.3303,3.90E+00,8.62E+01,4.86E+01,1.08E+02
341,-39.9758,73.3404,4.04E+00,7.92E+01,5.08E+01,9.96E+01
342,-33.3139,73.3501,4.17E+00,7.33E+01,5.28E+01,9.12E+01
343,-39.978,80.012,3.66E+00,7.35E+01,4.86E+01,9.13E+01
344,-39.9802,86.6826,3.27E+00,6.92E+01,4.65E+01,8.50E+01
345,-39.9825,93.3524,2.88E+00,6.60E+01,4.44E+01,7.99E+01
346,-46.643,86.675,3.17E+00,7.38E+01,4.47E+01,9.11E+01
347,-46.6405,80.0031,3.53E+00,7.91E+01,4.67E+01,9.85E+01
348,-46.6457,93.346,2.80E+00,6.98E+01,4.26E+01,8.52E+01
349,-33.3175,86.6895,3.36E+00,6.55E+01,4.83E+01,7.90E+01
350,-33.3157,80.0202,3.76E+00,6.88E+01,5.05E+01,8.44E+01
351,-33.3192,93.3581,2.95E+00,6.28E+01,4.61E+01,7.47E+01
352,-39.9708,53.3205,5.18E+00,1.12E+02,5.67E+01,1.42E+02
353,-39.9719,59.9945,4.81E+00,9.80E+01,5.49E+01,1.25E+02
354,-39.9737,66.6679,4.43E+00,8.72E+01,5.29E+01,1.10E+02
355,-46.6346,59.9829,4.60E+00,1.07E+02,5.20E+01,1.34E+02
356,-46.635,53.3094,4.93E+00,1.20E+02,5.36E+01,1.50E+02
357,-46.6359,66.6568,4.25E+00,9.57E+01,5.04E+01,1.20E+02
358,-33.3105,60.0071,5.00E+00,8.81E+01,5.77E+01,1.13E+02
359,-33.3091,53.334,5.41E+00,1.00E+02,6.01E+01,1.29E+02
360,-33.3121,66.679,4.58E+00,7.94E+01,5.52E+01,1.00E+02
361,93.34,46.6411,2.74E+00,5.24E+01,8.02E+01,1.95E+01
362,86.6679,46.6376,3.10E+00,5.57E+01,8.55E+01,1.90E+01
363,79.9948,46.634,3.45E+00,5.91E+01,9.22E+01,1.82E+01
364,73.3209,46.6305,3.80E+00,6.24E+01,1.01E+02,1.71E+01
365,66.6463,46.6272,4.14E+00,6.57E+01,1.12E+02,1.56E+01
366,59.9715,46.6247,4.47E+00,6.88E+01,1.25E+02,1.39E+01
367,53.2974,46.6239,4.79E+00,7.20E+01,1.38E+02,1.22E+01
368,46.6256,46.6261,5.10E+00,7.53E+01,1.47E+02,1.17E+01
369,39.9577,46.6331,5.39E+00,7.89E+01,1.47E+02,1.31E+01
370,33.2942,46.645,5.66E+00,8.27E+01,1.38E+02,1.64E+01
371,26.6338,46.6601,5.90E+00,8.60E+01,1.23E+02,2.10E+01
372,19.9749,46.6761,6.11E+00,8.81E+01,1.07E+02,2.67E+01
373,13.3161,46.6908,6.27E+00,8.89E+01,9.42E+01,3.42E+01
374,6.65646,46.7023,6.39E+00,8.83E+01,8.47E+01,4.42E+01
375,53.3075,39.9595,5.04E+00,7.52E+01,1.30E+02,1.52E+01
376,53.3205,33.298,5.27E+00,7.81E+01,1.18E+02,1.91E+01
377,53.3348,26.6381,5.47E+00,8.02E+01,1.05E+02,2.38E+01
378,53.3486,19.9786,5.64E+00,8.13E+01,9.35E+01,2.94E+01
379,53.3606,13.3188,5.77E+00,8.15E+01,8.41E+01,3.64E+01
380,53.3694,6.65841,5.87E+00,8.09E+01,7.73E+01,4.50E+01
381,80.0041,39.9718,3.58E+00,5.99E+01,8.54E+01,2.20E+01
382,80.013,33.3098,3.69E+00,6.04E+01,7.92E+01,2.62E+01
383,80.021,26.6479,3.79E+00,6.08E+01,7.38E+01,3.07E+01
384,80.0278,19.9858,3.87E+00,6.09E+01,6.92E+01,3.56E+01
385,80.0332,13.3234,3.93E+00,6.10E+01,6.54E+01,4.07E+01
386,80.0369,6.6609,3.96E+00,6.10E+01,6.23E+01,4.62E+01
387,86.6903,26.65,3.38E+00,5.71E+01,7.00E+01,3.13E+01
388,93.3587,26.6521,2.97E+00,5.37E+01,6.69E+01,3.15E+01
389,86.6836,33.3126,3.30E+00,5.68E+01,7.46E+01,2.69E+01
390,86.676,39.975,3.21E+00,5.63E+01,7.97E+01,2.28E+01
391,93.3532,33.3151,2.91E+00,5.33E+01,7.09E+01,2.73E+01
392,93.3469,39.9781,2.83E+00,5.29E+01,7.53E+01,2.33E+01
393,86.7002,13.3245,3.49E+00,5.76E+01,6.28E+01,4.07E+01
394,93.3668,13.3256,3.06E+00,5.45E+01,6.04E+01,4.04E+01
395,86.6959,19.9874,3.44E+00,5.73E+01,6.61E+01,3.59E+01
396,93.3633,19.9889,3.02E+00,5.41E+01,6.34E+01,3.59E+01
397,86.7032,6.66154,3.52E+00,5.78E+01,5.99E+01,4.57E+01
398,93.3691,6.66216,3.08E+00,5.49E+01,5.77E+01,4.51E+01
399,60.0079,26.6406,5.04E+00,7.45E+01,9.34E+01,2.64E+01
400,66.6799,26.6432,4.62E+00,6.94E+01,8.49E+01,2.84E+01
401,73.3509,26.6456,4.20E+00,6.48E+01,7.86E+01,2.98E+01
402,66.6688,33.304,4.48E+00,6.87E+01,9.32E+01,2.36E+01
403,66.6573,39.9651,4.32E+00,6.74E+01,1.03E+02,1.94E+01
404,59.9951,33.3009,4.88E+00,7.32E+01,1.04E+02,2.16E+01
405,59.9826,39.962,4.69E+00,7.13E+01,1.15E+02,1.74E+01
406,73.3414,33.307,4.09E+00,6.44E+01,8.52E+01,2.51E+01
407,73.3312,39.9685,3.95E+00,6.36E+01,9.28E+01,2.09E+01
408,66.7035,6.6596,4.89E+00,6.90E+01,6.83E+01,4.64E+01
409,66.6978,13.3212,4.83E+00,6.94E+01,7.24E+01,3.97E+01
410,66.6898,19.9823,4.74E+00,6.96E+01,7.79E+01,3.37E+01
411,60.0294,13.32,5.29E+00,7.48E+01,7.74E+01,3.84E+01
412,60.0365,6.65898,5.37E+00,7.43E+01,7.22E+01,4.60E+01
413,60.0196,19.9805,5.18E+00,7.50E+01,8.45E+01,3.19E+01
414,73.3657,13.3223,4.37E+00,6.49E+01,6.86E+01,4.05E+01
415,73.3703,6.66025,4.42E+00,6.47E+01,6.50E+01,4.65E+01
416,73.3591,19.9841,4.30E+00,6.50E+01,7.30E+01,3.49E+01
417,26.632,39.985,6.33E+00,9.32E+01,1.45E+02,1.84E+01
418,26.6322,33.3101,6.74E+00,1.02E+02,1.70E+02,1.76E+01
419,26.6379,26.6386,7.15E+00,1.12E+02,1.87E+02,1.97E+01
420,26.6536,19.9746,7.52E+00,1.23E+02,1.83E+02,2.39E+01
421,26.6772,13.3169,7.84E+00,1.35E+02,1.58E+02,2.78E+01
422,26.7011,6.65938,8.09E+00,1.44E+02,1.31E+02,3.53E+01
423,33.3101,26.6335,6.74E+00,1.02E+02,1.69E+02,1.77E+01
424,39.9853,26.6336,6.32E+00,9.38E+01,1.44E+02,1.84E+01
425,46.6605,26.6355,5.90E+00,8.67E+01,1.22E+02,2.09E+01
426,39.9704,33.2952,6.04E+00,8.86E+01,1.57E+02,1.47E+01
427,39.9611,39.9617,5.73E+00,8.35E+01,1.58E+02,1.27E+01
428,33.2982,33.2989,6.40E+00,9.47E+01,1.71E+02,1.49E+01
429,33.294,39.9704,6.04E+00,8.83E+01,1.58E+02,1.45E+01
430,46.6453,33.2957,5.66E+00,8.32E+01,1.37E+02,1.65E+01
431,46.633,39.9588,5.39E+00,7.92E+01,1.47E+02,1.32E+01
432,33.3497,13.3162,7.30E+00,1.16E+02,1.27E+02,2.70E+01
433,40.021,13.3168,6.78E+00,1.01E+02,1.07E+02,3.00E+01
434,46.6912,13.3177,6.27E+00,8.99E+01,9.34E+01,3.35E+01
435,40.0033,19.9749,6.57E+00,9.82E+01,1.25E+02,2.32E+01
436,33.3287,19.9737,7.05E+00,1.09E+02,1.51E+02,2.17E+01
437,46.6766,19.9767,6.10E+00,8.90E+01,1.06E+02,2.63E+01
438,40.0353,6.65776,6.92E+00,1.02E+02,9.40E+01,4.08E+01
439,33.3682,6.65807,7.49E+00,1.18E+02,1.09E+02,3.76E+01
440,46.7024,6.65798,6.38E+00,8.96E+01,8.42E+01,4.33E+01
441,6.65748,26.7007,8.10E+00,1.40E+02,1.33E+02,3.64E+01
442,13.315,26.6767,7.85E+00,1.33E+02,1.59E+02,2.76E+01
443,19.9732,26.6536,7.52E+00,1.23E+02,1.84E+02,2.36E+01
444,13.3143,33.3492,7.31E+00,1.14E+02,1.29E+02,2.75E+01
445,13.315,40.0205,6.78E+00,9.95E+01,1.08E+02,3.07E+01
446,6.65628,33.3679,7.50E+00,1.16E+02,1.10E+02,3.88E+01
447,6.6561,40.0351,6.93E+00,9.97E+01,9.46E+01,4.19E+01
448,19.972,33.3283,7.05E+00,1.08E+02,1.52E+02,2.17E+01
449,19.973,40.0028,6.58E+00,9.73E+01,1.26E+02,2.34E+01
450,6.67423,13.3705,9.43E+00,2.67E+02,2.24E+02,5.69E+01
451,13.3342,13.335,8.93E+00,2.08E+02,2.20E+02,5.15E+01
452,20.0038,13.3205,8.39E+00,1.64E+02,1.95E+02,3.62E+01
453,13.319,20.0038,8.39E+00,1.62E+02,1.97E+02,3.52E+01
454,6.6617,20.0341,8.74E+00,1.81E+02,1.69E+02,3.90E+01
455,19.9816,19.9823,7.97E+00,1.41E+02,2.05E+02,2.96E+01
456,13.3713,6.67592,9.43E+00,2.70E+02,2.20E+02,5.82E+01
457,6.71141,6.71047,1.01E+01,4.21E+02,3.15E+02,9.49E+01
458,20.0345,6.66353,8.73E+00,1.86E+02,1.66E+02,3.93E+01
459,53.3034,93.3324,2.65E+00,5.16E+01,8.64E+01,1.59E+01
460,53.2995,86.6593,2.98E+00,5.47E+01,9.25E+01,1.54E+01
461,53.2957,79.9854,3.31E+00,5.77E+01,1.00E+02,1.47E+01
462,53.2924,73.311,3.63E+00,6.06E+01,1.10E+02,1.37E+01
463,53.29,66.6366,3.94E+00,6.33E+01,1.20E+02,1.24E+01
464,53.2892,59.9632,4.24E+00,6.60E+01,1.31E+02,1.12E+01
465,53.2913,53.2918,4.52E+00,6.89E+01,1.37E+02,1.09E+01
466,59.9573,73.303,3.44E+00,5.88E+01,1.15E+02,1.10E+01
467,66.6244,73.2973,3.24E+00,5.69E+01,1.18E+02,9.27E+00
468,73.2939,73.2942,3.02E+00,5.50E+01,1.16E+02,8.59E+00
469,79.9655,73.2935,2.78E+00,5.31E+01,1.12E+02,8.73E+00
470,86.6384,73.2948,2.54E+00,5.12E+01,1.06E+02,9.21E+00
471,93.3121,73.2973,2.28E+00,4.91E+01,9.98E+01,9.63E+00
472,73.293,79.9655,2.78E+00,5.31E+01,1.12E+02,8.70E+00
473,73.2941,86.6383,2.54E+00,5.11E+01,1.07E+02,9.19E+00
474,73.2967,93.3119,2.28E+00,4.90E+01,1.01E+02,9.63E+00
475,66.6279,86.6441,2.70E+00,5.25E+01,1.03E+02,1.04E+01
476,59.9632,86.6513,2.85E+00,5.37E+01,9.84E+01,1.26E+01
477,66.6254,79.9703,2.97E+00,5.47E+01,1.11E+02,9.82E+00
478,59.9598,79.9771,3.15E+00,5.63E+01,1.06E+02,1.19E+01
479,66.6313,93.3181,2.41E+00,5.00E+01,9.67E+01,1.08E+01
480,59.967,93.3251,2.54E+00,5.09E+01,9.18E+01,1.30E+01
481,86.6342,79.9626,2.36E+00,4.98E+01,1.07E+02,8.91E+00
482,86.632,86.6322,2.17E+00,4.82E+01,1.06E+02,9.38E+00
483,86.6317,93.3035,1.96E+00,4.66E+01,1.03E+02,1.02E+01
484,79.9622,86.6343,2.36E+00,4.97E+01,1.08E+02,8.92E+00
485,79.9627,79.963,2.58E+00,5.14E+01,1.11E+02,8.51E+00
486,79.9634,93.3069,2.13E+00,4.78E+01,1.03E+02,9.52E+00
487,93.3035,86.6321,1.96E+00,4.67E+01,1.03E+02,1.02E+01
488,93.3071,79.9639,2.13E+00,4.79E+01,1.02E+02,9.49E+00
489,93.3017,93.3018,1.79E+00,4.54E+01,1.02E+02,1.13E+01
490,73.3113,53.2935,3.63E+00,6.08E+01,1.09E+02,1.38E+01
491,73.3032,59.9582,3.44E+00,5.89E+01,1.14E+02,1.11E+01
492,73.2972,66.625,3.23E+00,5.69E+01,1.17E+02,9.33E+00
493,66.6298,59.9572,3.72E+00,6.12E+01,1.23E+02,1.03E+01
494,59.9581,59.9585,3.99E+00,6.36E+01,1.29E+02,1.01E+01
495,66.6368,53.291,3.94E+00,6.35E+01,1.19E+02,1.25E+01
496,59.9631,53.29,4.24E+00,6.61E+01,1.30E+02,1.13E+01
497,66.6257,66.626,3.48E+00,5.90E+01,1.22E+02,9.26E+00
498,59.9565,66.6298,3.72E+00,6.11E+01,1.24E+02,1.02E+01
499,93.3254,59.9679,2.54E+00,5.11E+01,9.07E+01,1.30E+01
500,86.6516,59.9641,2.85E+00,5.39E+01,9.74E+01,1.26E+01
501,79.9774,59.9607,3.15E+00,5.65E+01,1.05E+02,1.20E+01
502,86.6596,53.3005,2.98E+00,5.49E+01,9.15E+01,1.55E+01
503,93.3327,53.3043,2.65E+00,5.18E+01,8.54E+01,1.60E+01
504,79.9857,53.2968,3.31E+00,5.79E+01,9.91E+01,1.48E+01
505,86.6444,66.6287,2.70E+00,5.26E+01,1.03E+02,1.05E+01
506,93.3184,66.6321,2.41E+00,5.02E+01,9.57E+01,1.08E+01
507,79.9704,66.6262,2.97E+00,5.49E+01,1.10E+02,9.89E+00
508,26.6512,93.3587,2.97E+00,5.34E+01,6.75E+01,3.15E+01
509,26.6491,86.6902,3.38E+00,5.68E+01,7.06E+01,3.13E+01
510,26.6468,80.0208,3.79E+00,6.04E+01,7.44E+01,3.08E+01
511,26.6443,73.3506,4.21E+00,6.45E+01,7.92E+01,2.99E+01
512,26.6418,66.6796,4.63E+00,6.89E+01,8.56E+01,2.85E+01
513,26.6391,60.0075,5.05E+00,7.39E+01,9.43E+01,2.65E+01
514,26.6364,53.3343,5.47E+00,7.96E+01,1.06E+02,2.39E+01
515,33.3057,73.341,4.09E+00,6.41E+01,8.60E+01,2.52E+01
516,39.9672,73.3308,3.95E+00,6.33E+01,9.38E+01,2.09E+01
517,46.6292,73.3205,3.80E+00,6.21E+01,1.02E+02,1.70E+01
518,39.9706,80.0038,3.58E+00,5.96E+01,8.63E+01,2.20E+01
519,39.974,86.6758,3.21E+00,5.61E+01,8.05E+01,2.27E+01
520,39.9772,93.3467,2.83E+00,5.26E+01,7.60E+01,2.32E+01
521,33.3115,86.6834,3.30E+00,5.65E+01,7.52E+01,2.69E+01
522,33.3087,80.0127,3.70E+00,6.01E+01,7.99E+01,2.62E+01
523,33.3143,93.3531,2.91E+00,5.30E+01,7.15E+01,2.72E+01
524,46.6366,86.6676,3.10E+00,5.55E+01,8.64E+01,1.89E+01
525,46.6329,79.9945,3.45E+00,5.88E+01,9.32E+01,1.81E+01
526,46.6402,93.3397,2.75E+00,5.22E+01,8.11E+01,1.94E+01
527,33.2994,59.9947,4.88E+00,7.28E+01,1.05E+02,2.16E+01
528,39.9606,59.9822,4.69E+00,7.10E+01,1.16E+02,1.73E+01
529,46.6236,59.9713,4.47E+00,6.86E+01,1.26E+02,1.38E+01
530,39.9637,66.6569,4.32E+00,6.71E+01,1.04E+02,1.93E+01
531,33.3025,66.6684,4.49E+00,6.83E+01,9.42E+01,2.36E+01
532,46.626,66.6459,4.14E+00,6.54E+01,1.13E+02,1.55E+01
533,39.9582,53.3073,5.04E+00,7.49E+01,1.32E+02,1.50E+01
534,33.2964,53.3201,5.27E+00,7.76E+01,1.20E+02,1.91E+01
535,46.6229,53.2975,4.79E+00,7.18E+01,1.38E+02,1.21E+01
536,6.65921,73.3705,4.42E+00,6.41E+01,6.54E+01,4.67E+01
537,13.3212,73.3657,4.37E+00,6.44E+01,6.90E+01,4.06E+01
538,19.9829,73.359,4.30E+00,6.45E+01,7.35E+01,3.50E+01
539,13.3224,80.0333,3.93E+00,6.05E+01,6.58E+01,4.08E+01
540,13.3237,86.7003,3.49E+00,5.72E+01,6.32E+01,4.07E+01
541,13.3248,93.3669,3.06E+00,5.41E+01,6.08E+01,4.04E+01
542,6.6607,86.7034,3.52E+00,5.74E+01,6.03E+01,4.57E+01
543,6.65996,80.0371,3.97E+00,6.05E+01,6.26E+01,4.63E+01
544,6.66142,93.3693,3.09E+00,5.45E+01,5.81E+01,4.50E+01
545,19.9864,86.6959,3.44E+00,5.70E+01,6.66E+01,3.59E+01
546,19.9847,80.0278,3.87E+00,6.05E+01,6.97E+01,3.57E+01
547,19.9881,93.3633,3.02E+00,5.37E+01,6.39E+01,3.59E+01
548,13.3173,53.3604,5.78E+00,8.06E+01,8.46E+01,3.69E+01
549,13.3186,60.0293,5.30E+00,7.41E+01,7.79E+01,3.88E+01
550,13.3199,66.6978,4.83E+00,6.88E+01,7.29E+01,4.00E+01
551,6.65772,60.0366,5.37E+00,7.35E+01,7.25E+01,4.64E+01
552,6.65703,53.3694,5.87E+00,7.99E+01,7.77E+01,4.56E+01
553,6.65845,66.7036,4.89E+00,6.83E+01,6.86E+01,4.67E+01
554,19.979,60.0193,5.19E+00,7.43E+01,8.51E+01,3.22E+01
555,19.977,53.3482,5.64E+00,8.06E+01,9.43E+01,2.98E+01
556,19.981,66.6896,4.74E+00,6.91E+01,7.85E+01,3.39E+01
557,0.000784002,-93.3706,3.10E+00,5.59E+01,5.50E+01,4.96E+01
558,0.000940698,-86.7051,3.54E+00,5.86E+01,5.71E+01,5.06E+01
559,0.00111383,-80.0392,3.99E+00,6.16E+01,5.94E+01,5.16E+01
560,0.00129916,-73.3731,4.45E+00,6.51E+01,6.19E+01,5.24E+01
561,0.00148684,-66.707,4.92E+00,6.92E+01,6.47E+01,5.32E+01
562,0.00167002,-60.0408,5.41E+00,7.43E+01,6.81E+01,5.38E+01
563,0.00182016,-53.3748,5.92E+00,8.08E+01,7.23E+01,5.44E+01
564,0.00191762,-46.7092,6.45E+00,8.96E+01,7.79E+01,5.49E+01
565,0.00187899,-40.044,7.01E+00,1.02E+02,8.56E+01,5.54E+01
566,0.00161845,-33.3797,7.60E+00,1.20E+02,9.68E+01,5.62E+01
567,0.000805124,-26.7168,8.24E+00,1.48E+02,1.15E+02,5.89E+01
568,-0.00103563,-20.0563,8.94E+00,1.97E+02,1.46E+02,6.80E+01
569,-0.00544315,-13.4018,9.72E+00,3.07E+02,2.19E+02,8.88E+01
570,-0.0116069,-6.74288,1.06E+01,5.20E+02,3.64E+02,1.03E+02
571,-6.65931,-53.3701,5.87E+00,8.17E+01,7.67E+01,4.40E+01
572,-13.3196,-53.3612,5.78E+00,8.20E+01,8.33E+01,3.57E+01
573,-19.9792,-53.3492,5.65E+00,8.16E+01,9.27E+01,2.91E+01
574,-26.6385,-53.3352,5.48E+00,8.03E+01,1.05E+02,2.36E+01
575,-33.2982,-53.3207,5.28E+00,7.81E+01,1.18E+02,1.91E+01
576,-39.9595,-53.3075,5.05E+00,7.51E+01,1.30E+02,1.52E+01
577,-46.6237,-53.2972,4.80E+00,7.18E+01,1.37E+02,1.22E+01
578,-53.2915,-53.291,4.53E+00,6.87E+01,1.37E+02,1.09E+01
579,-59.9629,-53.289,4.24E+00,6.59E+01,1.30E+02,1.12E+01
580,-66.6365,-53.2898,3.94E+00,6.33E+01,1.20E+02,1.24E+01
581,-73.3108,-53.2923,3.63E+00,6.06E+01,1.09E+02,1.37E+01
582,-79.9854,-53.2958,3.31E+00,5.78E+01,9.97E+01,1.47E+01
583,-86.6594,-53.2996,2.99E+00,5.48E+01,9.20E+01,1.54E+01
584,-93.3325,-53.3035,2.65E+00,5.17E+01,8.59E+01,1.59E+01
585,-46.6246,-59.9714,4.48E+00,6.87E+01,1.24E+02,1.39E+01
586,-46.6272,-66.6463,4.14E+00,6.56E+01,1.11E+02,1.56E+01
587,-46.6306,-73.3209,3.80E+00,6.24E+01,1.00E+02,1.71E+01
588,-46.6342,-79.995,3.46E+00,5.91E+01,9.17E+01,1.82E+01
589,-46.6379,-86.6682,3.10E+00,5.58E+01,8.50E+01,1.89E+01
590,-46.6414,-93.3402,2.75E+00,5.25E+01,7.98E+01,1.94E+01
591,-19.9811,-60.0202,5.19E+00,7.52E+01,8.37E+01,3.16E+01
592,-19.983,-66.6904,4.74E+00,6.99E+01,7.73E+01,3.34E+01
593,-19.9847,-73.3596,4.30E+00,6.52E+01,7.25E+01,3.46E+01
594,-19.9864,-80.0283,3.87E+00,6.12E+01,6.88E+01,3.54E+01
595,-19.9879,-86.6964,3.45E+00,5.76E+01,6.57E+01,3.57E+01
596,-19.9894,-93.3637,3.02E+00,5.43E+01,6.31E+01,3.58E+01
597,-13.323,-73.3663,4.38E+00,6.53E+01,6.81E+01,4.01E+01
598,-6.66099,-73.3708,4.43E+00,6.52E+01,6.46E+01,4.60E+01
599,-13.3219,-66.6984,4.83E+00,6.98E+01,7.19E+01,3.92E+01
600,-13.3207,-60.0301,5.30E+00,7.53E+01,7.68E+01,3.78E+01
601,-6.66039,-66.7041,4.89E+00,6.96E+01,6.78E+01,4.58E+01
602,-6.65982,-60.0372,5.38E+00,7.49E+01,7.17E+01,4.52E+01
603,-13.3251,-86.7008,3.49E+00,5.79E+01,6.24E+01,4.05E+01
604,-6.66218,-86.7037,3.52E+00,5.82E+01,5.95E+01,4.54E+01
605,-13.3241,-80.0337,3.93E+00,6.13E+01,6.50E+01,4.04E+01
606,-6.66159,-80.0374,3.97E+00,6.15E+01,6.19E+01,4.58E+01
607,-13.3261,-93.3672,3.06E+00,5.48E+01,6.00E+01,4.03E+01
608,-6.66274,-93.3695,3.09E+00,5.53E+01,5.74E+01,4.49E+01
609,-39.9687,-73.3314,3.96E+00,6.37E+01,9.22E+01,2.08E+01
610,-33.3074,-73.3417,4.09E+00,6.45E+01,8.46E+01,2.50E+01
611,-26.6462,-73.3513,4.21E+00,6.50E+01,7.80E+01,2.96E+01
612,-33.3043,-66.6692,4.49E+00,6.88E+01,9.25E+01,2.35E+01
613,-33.3012,-59.9954,4.88E+00,7.33E+01,1.03E+02,2.15E+01
614,-39.9653,-66.6575,4.33E+00,6.75E+01,1.02E+02,1.93E+01
615,-39.9621,-59.9827,4.69E+00,7.13E+01,1.15E+02,1.74E+01
616,-26.6437,-66.6804,4.63E+00,6.95E+01,8.42E+01,2.82E+01
617,-26.6412,-60.0083,5.05E+00,7.46E+01,9.27E+01,2.62E+01
618,-33.3155,-93.3536,2.91E+00,5.35E+01,7.04E+01,2.72E+01
619,-33.313,-86.684,3.30E+00,5.69E+01,7.41E+01,2.68E+01
620,-33.3102,-80.0134,3.70E+00,6.06E+01,7.86E+01,2.61E+01
621,-39.9754,-86.6764,3.21E+00,5.64E+01,7.92E+01,2.27E+01
622,-39.9785,-93.3472,2.83E+00,5.30E+01,7.49E+01,2.32E+01
623,-39.9721,-80.0044,3.59E+00,6.00E+01,8.48E+01,2.19E+01
624,-26.6506,-86.6907,3.38E+00,5.73E+01,6.96E+01,3.11E+01
625,-26.6526,-93.3591,2.97E+00,5.39E+01,6.65E+01,3.14E+01
626,-26.6484,-80.0215,3.79E+00,6.10E+01,7.33E+01,3.06E+01
627,-73.3027,-59.9571,3.44E+00,5.87E+01,1.15E+02,1.10E+01
628,-73.2969,-66.6241,3.24E+00,5.68E+01,1.18E+02,9.27E+00
629,-73.2938,-73.2935,3.02E+00,5.49E+01,1.16E+02,8.61E+00
630,-73.2931,-79.9651,2.79E+00,5.31E+01,1.12E+02,8.78E+00
631,-73.2944,-86.6382,2.54E+00,5.12E+01,1.06E+02,9.28E+00
632,-73.2971,-93.3119,2.28E+00,4.91E+01,9.97E+01,9.71E+00
633,-66.6247,-73.2969,3.24E+00,5.69E+01,1.17E+02,9.33E+00
634,-59.958,-73.3029,3.44E+00,5.89E+01,1.14E+02,1.11E+01
635,-53.2934,-73.3112,3.63E+00,6.08E+01,1.08E+02,1.38E+01
636,-59.9569,-66.6295,3.72E+00,6.11E+01,1.23E+02,1.03E+01
637,-59.9582,-59.9578,3.99E+00,6.35E+01,1.29E+02,1.01E+01
638,-66.6257,-66.6253,3.49E+00,5.89E+01,1.22E+02,9.23E+00
639,-66.6295,-59.9562,3.72E+00,6.11E+01,1.24E+02,1.02E+01
640,-53.2908,-66.6367,3.94E+00,6.34E+01,1.19E+02,1.25E+01
641,-53.2898,-59.9628,4.24E+00,6.60E+01,1.30E+02,1.13E+01
642,-59.9679,-93.3254,2.54E+00,5.11E+01,9.04E+01,1.30E+01
643,-59.9641,-86.6516,2.85E+00,5.39E+01,9.71E+01,1.26E+01
644,-59.9606,-79.9772,3.15E+00,5.65E+01,1.05E+02,1.20E+01
645,-66.6286,-86.6442,2.70E+00,5.26E+01,1.02E+02,1.05E+01
646,-66.632,-93.3183,2.42E+00,5.02E+01,9.55E+01,1.09E+01
647,-66.6259,-79.9702,2.98E+00,5.48E+01,1.10E+02,9.91E+00
648,-53.3006,-86.6598,2.98E+00,5.50E+01,9.11E+01,1.55E+01
649,-53.3044,-93.3328,2.65E+00,5.19E+01,8.50E+01,1.60E+01
650,-53.2968,-79.9857,3.31E+00,5.79E+01,9.87E+01,1.48E+01
651,-93.3116,-73.2964,2.28E+00,4.90E+01,1.01E+02,9.71E+00
652,-86.638,-73.2938,2.54E+00,5.11E+01,1.07E+02,9.25E+00
653,-79.9651,-73.2926,2.79E+00,5.30E+01,1.12E+02,8.75E+00
654,-86.6439,-66.6278,2.70E+00,5.25E+01,1.03E+02,1.04E+01
655,-86.6512,-59.9631,2.85E+00,5.37E+01,9.80E+01,1.26E+01
656,-93.3179,-66.6312,2.42E+00,5.01E+01,9.65E+01,1.08E+01
657,-93.325,-59.967,2.54E+00,5.10E+01,9.14E+01,1.30E+01
658,-79.97,-66.6252,2.98E+00,5.47E+01,1.11E+02,9.84E+00
659,-79.9769,-59.9597,3.15E+00,5.63E+01,1.06E+02,1.19E+01
660,-86.6317,-93.3031,1.97E+00,4.67E+01,1.03E+02,1.03E+01
661,-86.6318,-86.6316,2.17E+00,4.82E+01,1.06E+02,9.52E+00
662,-86.6339,-79.9618,2.36E+00,4.97E+01,1.08E+02,9.03E+00
663,-93.3031,-86.6314,1.97E+00,4.67E+01,1.03E+02,1.04E+01
664,-93.3014,-93.3013,1.79E+00,4.54E+01,1.02E+02,1.15E+01
665,-93.3066,-79.9631,2.13E+00,4.79E+01,1.03E+02,9.64E+00
666,-79.9622,-86.6339,2.36E+00,4.97E+01,1.07E+02,9.03E+00
667,-79.9636,-93.3067,2.13E+00,4.79E+01,1.02E+02,9.61E+00
668,-79.9625,-79.9623,2.58E+00,5.14E+01,1.11E+02,8.59E+00
669,-46.7031,-6.65752,6.40E+00,8.91E+01,8.35E+01,4.29E+01
670,-46.6916,-13.317,6.28E+00,8.93E+01,9.29E+01,3.34E+01
671,-46.6767,-19.9757,6.12E+00,8.83E+01,1.06E+02,2.63E+01
672,-46.6604,-26.6343,5.91E+00,8.60E+01,1.22E+02,2.09E+01
673,-46.6451,-33.2944,5.67E+00,8.26E+01,1.37E+02,1.64E+01
674,-46.633,-39.9577,5.40E+00,7.88E+01,1.47E+02,1.31E+01
675,-46.6259,-46.6254,5.11E+00,7.51E+01,1.47E+02,1.16E+01
676,-39.9852,-26.6323,6.34E+00,9.30E+01,1.44E+02,1.84E+01
677,-33.3101,-26.6323,6.75E+00,1.01E+02,1.70E+02,1.78E+01
678,-26.6386,-26.6379,7.16E+00,1.11E+02,1.87E+02,2.01E+01
679,-19.9748,-26.6537,7.53E+00,1.23E+02,1.82E+02,2.44E+01
680,-13.3174,-26.6776,7.86E+00,1.35E+02,1.57E+02,2.82E+01
681,-6.66034,-26.7017,8.11E+00,1.45E+02,1.30E+02,3.45E+01
682,-26.6537,-19.9734,7.53E+00,1.22E+02,1.83E+02,2.41E+01
683,-26.6773,-13.3157,7.86E+00,1.33E+02,1.58E+02,2.79E+01
684,-26.7017,-6.65873,8.11E+00,1.41E+02,1.30E+02,3.51E+01
685,-33.3499,-13.3152,7.32E+00,1.14E+02,1.27E+02,2.71E+01
686,-40.0213,-13.3159,6.79E+00,9.98E+01,1.07E+02,3.00E+01
687,-33.3286,-19.9725,7.06E+00,1.08E+02,1.51E+02,2.18E+01
688,-40.0033,-19.9737,6.59E+00,9.73E+01,1.25E+02,2.33E+01
689,-33.3688,-6.6575,7.51E+00,1.17E+02,1.08E+02,3.72E+01
690,-40.036,-6.65725,6.94E+00,1.01E+02,9.31E+01,4.04E+01
691,-6.67607,-13.3704,9.43E+00,2.72E+02,2.22E+02,6.14E+01
692,-13.3351,-13.3342,8.95E+00,2.06E+02,2.20E+02,5.27E+01
693,-20.004,-13.3192,8.41E+00,1.61E+02,1.96E+02,3.62E+01
694,-13.3209,-20.004,8.40E+00,1.63E+02,1.95E+02,3.72E+01
695,-6.66436,-20.0348,8.75E+00,1.87E+02,1.66E+02,3.96E+01
696,-19.9824,-19.9817,7.99E+00,1.40E+02,2.05E+02,3.03E+01
697,-13.3716,-6.67498,9.44E+00,2.63E+02,2.20E+02,5.79E+01
698,-6.7116,-6.70983,1.02E+01,4.19E+02,3.14E+02,9.83E+01
699,-20.035,-6.66274,8.75E+00,1.81E+02,1.65E+02,3.89E+01
700,-26.6359,-46.6609,5.91E+00,8.66E+01,1.21E+02,2.08E+01
701,-26.6339,-39.9855,6.33E+00,9.36E+01,1.43E+02,1.85E+01
702,-26.6336,-33.3102,6.75E+00,1.02E+02,1.69E+02,1.79E+01
703,-33.2951,-39.9704,6.05E+00,8.82E+01,1.57E+02,1.48E+01
704,-39.9615,-39.9609,5.73E+00,8.32E+01,1.58E+02,1.27E+01
705,-33.2958,-46.6454,5.67E+00,8.30E+01,1.36E+02,1.65E+01
706,-39.9587,-46.633,5.40E+00,7.89E+01,1.46E+02,1.32E+01
707,-33.2987,-33.2982,6.41E+00,9.43E+01,1.71E+02,1.50E+01
708,-39.9704,-33.294,6.05E+00,8.80E+01,1.57E+02,1.46E+01
709,-13.3185,-46.6919,6.28E+00,9.04E+01,9.26E+01,3.28E+01
710,-13.3176,-40.0216,6.79E+00,1.01E+02,1.06E+02,2.94E+01
711,-13.3169,-33.3502,7.31E+00,1.16E+02,1.26E+02,2.67E+01
712,-19.9754,-40.0037,6.58E+00,9.82E+01,1.24E+02,2.31E+01
713,-19.9773,-46.6771,6.11E+00,8.91E+01,1.05E+02,2.60E+01
714,-19.9741,-33.329,7.06E+00,1.09E+02,1.50E+02,2.19E+01
715,-6.65875,-40.036,6.94E+00,1.03E+02,9.31E+01,3.94E+01
716,-6.65893,-46.7031,6.39E+00,9.05E+01,8.35E+01,4.21E+01
717,-6.65907,-33.3688,7.50E+00,1.19E+02,1.08E+02,3.61E+01
718,-73.371,-6.65998,4.43E+00,6.46E+01,6.49E+01,4.62E+01
719,-73.3663,-13.3219,4.38E+00,6.48E+01,6.84E+01,4.02E+01
720,-73.3595,-19.9835,4.31E+00,6.48E+01,7.29E+01,3.47E+01
721,-73.3511,-26.6449,4.21E+00,6.47E+01,7.85E+01,2.97E+01
722,-73.3414,-33.3061,4.10E+00,6.42E+01,8.53E+01,2.50E+01
723,-73.331,-39.9675,3.96E+00,6.34E+01,9.30E+01,2.08E+01
724,-73.3205,-46.6294,3.81E+00,6.22E+01,1.01E+02,1.70E+01
725,-66.6801,-26.6424,4.63E+00,6.91E+01,8.48E+01,2.83E+01
726,-60.0079,-26.6397,5.06E+00,7.41E+01,9.34E+01,2.63E+01
727,-53.3347,-26.637,5.48E+00,7.97E+01,1.05E+02,2.37E+01
728,-66.6984,-13.3207,4.84E+00,6.92E+01,7.22E+01,3.95E+01
729,-60.03,-13.3194,5.31E+00,7.46E+01,7.71E+01,3.82E+01
730,-53.3611,-13.3182,5.79E+00,8.11E+01,8.36E+01,3.62E+01
731,-60.0373,-6.65862,5.38E+00,7.41E+01,7.18E+01,4.56E+01
732,-66.7043,-6.65929,4.90E+00,6.89E+01,6.80E+01,4.61E+01
733,-53.3702,-6.658,5.88E+00,8.06E+01,7.68E+01,4.46E+01
734,-60.0199,-19.9797,5.20E+00,7.46E+01,8.42E+01,3.18E+01
735,-66.6902,-19.9817,4.75E+00,6.94E+01,7.77E+01,3.36E+01
736,-53.3488,-19.9777,5.65E+00,8.09E+01,9.32E+01,2.94E+01
737,-59.9712,-46.6235,4.48E+00,6.85E+01,1.25E+02,1.37E+01
738,-59.9823,-39.9607,4.69E+00,7.10E+01,1.16E+02,1.73E+01
739,-59.995,-33.2997,4.89E+00,7.29E+01,1.04E+02,2.15E+01
740,-66.6571,-39.964,4.33E+00,6.72E+01,1.03E+02,1.93E+01
741,-66.6459,-46.626,4.15E+00,6.54E+01,1.12E+02,1.55E+01
742,-66.6688,-33.3029,4.49E+00,6.84E+01,9.33E+01,2.35E+01
743,-53.3072,-39.9583,5.05E+00,7.48E+01,1.31E+02,1.50E+01
744,-53.2973,-46.6228,4.80E+00,7.17E+01,1.38E+02,1.21E+01
745,-53.3203,-33.2967,5.28E+00,7.77E+01,1.19E+02,1.90E+01
746,-93.3591,-26.6518,2.98E+00,5.36E+01,6.70E+01,3.14E+01
747,-86.6906,-26.6496,3.39E+00,5.70E+01,7.01E+01,3.11E+01
748,-80.0213,-26.6473,3.80E+00,6.07E+01,7.38E+01,3.06E+01
749,-86.6964,-19.987,3.45E+00,5.73E+01,6.61E+01,3.57E+01
750,-86.7009,-13.3242,3.50E+00,5.75E+01,6.27E+01,4.05E+01
751,-86.7039,-6.66136,3.53E+00,5.78E+01,5.99E+01,4.55E+01
752,-93.3673,-13.3254,3.06E+00,5.44E+01,6.04E+01,4.02E+01
753,-93.3637,-19.9886,3.03E+00,5.40E+01,6.35E+01,3.57E+01
754,-93.3697,-6.66201,3.09E+00,5.49E+01,5.77E+01,4.49E+01
755,-80.0338,-13.3231,3.94E+00,6.09E+01,6.53E+01,4.05E+01
756,-80.0283,-19.9853,3.88E+00,6.08E+01,6.92E+01,3.54E+01
757,-80.0376,-6.66068,3.98E+00,6.10E+01,6.22E+01,4.59E+01
758,-86.6678,-46.6368,3.11E+00,5.56E+01,8.58E+01,1.88E+01
759,-86.6761,-39.9743,3.21E+00,5.62E+01,8.00E+01,2.27E+01
760,-86.6838,-33.312,3.31E+00,5.67E+01,7.47E+01,2.68E+01
761,-93.347,-39.9776,2.84E+00,5.28E+01,7.55E+01,2.31E+01
762,-93.3399,-46.6405,2.75E+00,5.23E+01,8.06E+01,1.93E+01
763,-93.3534,-33.3147,2.91E+00,5.32E+01,7.10E+01,2.72E+01
764,-80.004,-39.971,3.59E+00,5.98E+01,8.56E+01,2.19E+01
765,-79.9946,-46.6331,3.46E+00,5.89E+01,9.26E+01,1.81E+01
766,-80.0131,-33.3091,3.70E+00,6.03E+01,7.93E+01,2.61E+01
767,93.3386,-53.3085,2.71E+00,7.47E+01,4.08E+01,9.11E+01
768,86.6665,-53.3056,3.05E+00,7.96E+01,4.28E+01,9.78E+01
769,79.9936,-53.303,3.39E+00,8.60E+01,4.46E+01,1.06E+02
770,73.3201,-53.3007,3.72E+00,9.41E+01,4.63E+01,1.16E+02
771,66.6465,-53.2993,4.04E+00,1.04E+02,4.79E+01,1.28E+02
772,59.9733,-53.2995,4.35E+00,1.14E+02,4.94E+01,1.40E+02
773,53.3019,-53.3023,4.65E+00,1.21E+02,5.12E+01,1.49E+02
774,46.6337,-53.3091,4.92E+00,1.21E+02,5.35E+01,1.51E+02
775,39.9691,-53.3197,5.17E+00,1.14E+02,5.64E+01,1.43E+02
776,33.3071,-53.3329,5.40E+00,1.03E+02,5.96E+01,1.30E+02
777,26.6465,-53.3468,5.59E+00,9.17E+01,6.27E+01,1.15E+02
778,19.986,-53.3595,5.75E+00,8.41E+01,6.53E+01,9.82E+01
779,13.325,-53.3692,5.86E+00,8.05E+01,6.75E+01,8.21E+01
780,6.66345,-53.3745,5.92E+00,8.00E+01,6.96E+01,6.72E+01
781,53.2988,-59.9734,4.35E+00,1.14E+02,4.93E+01,1.41E+02
782,53.2985,-66.6464,4.04E+00,1.05E+02,4.77E+01,1.29E+02
783,53.2998,-73.3199,3.72E+00,9.50E+01,4.61E+01,1.17E+02
784,53.3021,-79.9934,3.39E+00,8.68E+01,4.44E+01,1.07E+02
785,53.3049,-86.6663,3.05E+00,8.04E+01,4.26E+01,9.84E+01
786,53.3078,-93.3384,2.71E+00,7.54E+01,4.06E+01,9.16E+01
787,59.9648,-73.3116,3.54E+00,1.01E+02,4.39E+01,1.23E+02
788,66.6319,-73.3053,3.33E+00,1.03E+02,4.19E+01,1.25E+02
789,73.3013,-73.3015,3.11E+00,1.02E+02,4.01E+01,1.23E+02
790,79.9726,-73.3,2.87E+00,9.81E+01,3.86E+01,1.19E+02
791,86.6452,-73.3004,2.62E+00,9.27E+01,3.72E+01,1.12E+02
792,93.3184,-73.3021,2.35E+00,8.72E+01,3.57E+01,1.05E+02
793,73.3053,-66.6325,3.33E+00,1.03E+02,4.20E+01,1.25E+02
794,73.3117,-59.9656,3.53E+00,9.98E+01,4.41E+01,1.22E+02
795,59.9649,-66.6389,3.82E+00,1.08E+02,4.54E+01,1.32E+02
796,59.9675,-59.9678,4.10E+00,1.14E+02,4.72E+01,1.39E+02
797,66.634,-66.6343,3.59E+00,1.08E+02,4.36E+01,1.31E+02
798,66.6388,-59.9655,3.82E+00,1.08E+02,4.55E+01,1.32E+02
799,86.6514,-66.6343,2.78E+00,8.94E+01,3.90E+01,1.09E+02
800,86.6587,-59.9695,2.92E+00,8.48E+01,4.09E+01,1.04E+02
801,79.9781,-66.6327,3.06E+00,9.61E+01,4.05E+01,1.17E+02
802,79.9853,-59.9671,3.23E+00,9.17E+01,4.26E+01,1.12E+02
803,93.3247,-66.6368,2.48E+00,8.36E+01,3.74E+01,1.01E+02
804,93.3316,-59.9723,2.60E+00,7.93E+01,3.91E+01,9.65E+01
805,73.3016,-93.3182,2.35E+00,8.80E+01,3.56E+01,1.06E+02
806,73.3,-86.6451,2.62E+00,9.33E+01,3.71E+01,1.13E+02
807,73.2997,-79.9726,2.87E+00,9.84E+01,3.86E+01,1.19E+02
808,66.6336,-86.6512,2.78E+00,9.02E+01,3.89E+01,1.09E+02
809,59.9687,-86.6585,2.92E+00,8.56E+01,4.07E+01,1.04E+02
810,66.6361,-93.3244,2.49E+00,8.44E+01,3.72E+01,1.02E+02
811,59.9716,-93.3313,2.60E+00,8.01E+01,3.89E+01,9.71E+01
812,66.632,-79.9779,3.06E+00,9.68E+01,4.04E+01,1.17E+02
813,59.9663,-79.985,3.24E+00,9.26E+01,4.24E+01,1.13E+02
814,93.3092,-86.6371,2.05E+00,8.99E+01,3.25E+01,1.08E+02
815,86.6378,-86.638,2.26E+00,9.28E+01,3.39E+01,1.12E+02
816,79.968,-86.6406,2.45E+00,9.42E+01,3.54E+01,1.13E+02
817,86.6368,-93.3091,2.05E+00,9.02E+01,3.24E+01,1.09E+02
818,93.3068,-93.3069,1.87E+00,8.88E+01,3.10E+01,1.07E+02
819,79.9685,-93.313,2.21E+00,9.00E+01,3.39E+01,1.08E+02
820,86.6406,-79.9683,2.45E+00,9.38E+01,3.55E+01,1.13E+02
821,93.3131,-79.9689,2.21E+00,8.95E+01,3.41E+01,1.08E+02
822,79.9693,-79.9694,2.67E+00,9.72E+01,3.69E+01,1.17E+02
823,26.6476,-60.0181,5.15E+00,8.20E+01,5.96E+01,1.01E+02
824,26.649,-66.6884,4.71E+00,7.52E+01,5.68E+01,9.06E+01
825,26.6504,-73.3578,4.27E+00,7.03E+01,5.43E+01,8.33E+01
826,26.6518,-80.0267,3.84E+00,6.66E+01,5.18E+01,7.77E+01
827,26.6533,-86.6949,3.42E+00,6.37E+01,4.96E+01,7.34E+01
828,26.6548,-93.3624,3.01E+00,6.13E+01,4.74E+01,6.98E+01
829,33.3122,-73.3491,4.17E+00,7.48E+01,5.24E+01,9.18E+01
830,39.9741,-73.3394,4.04E+00,8.09E+01,5.04E+01,1.01E+02
831,46.6365,-73.3294,3.89E+00,8.80E+01,4.83E+01,1.09E+02
832,39.9719,-66.667,4.42E+00,8.91E+01,5.25E+01,1.12E+02
833,39.97,-59.9936,4.80E+00,1.00E+02,5.45E+01,1.26E+02
834,33.3103,-66.6781,4.58E+00,8.13E+01,5.48E+01,1.01E+02
835,33.3085,-60.006,4.99E+00,9.02E+01,5.72E+01,1.14E+02
836,46.6344,-66.656,4.24E+00,9.75E+01,5.01E+01,1.21E+02
837,46.6332,-59.9823,4.59E+00,1.09E+02,5.18E+01,1.36E+02
838,39.9812,-93.3517,2.88E+00,6.71E+01,4.39E+01,8.05E+01
839,39.9788,-86.6819,3.27E+00,7.05E+01,4.61E+01,8.56E+01
840,39.9764,-80.0111,3.65E+00,7.49E+01,4.83E+01,9.21E+01
841,33.3161,-86.6889,3.35E+00,6.67E+01,4.78E+01,7.94E+01
842,33.318,-93.3575,2.95E+00,6.39E+01,4.56E+01,7.51E+01
843,33.3141,-80.0194,3.76E+00,7.02E+01,5.01E+01,8.48E+01
844,46.6417,-86.6743,3.17E+00,7.52E+01,4.43E+01,9.20E+01
845,46.6444,-93.3453,2.80E+00,7.10E+01,4.23E+01,8.60E+01
846,46.639,-80.0023,3.53E+00,8.07E+01,4.64E+01,9.96E+01
847,6.66373,-73.3728,4.45E+00,6.52E+01,5.97E+01,5.95E+01
848,13.3261,-73.3701,4.41E+00,6.58E+01,5.78E+01,6.71E+01
849,19.9884,-73.365,4.36E+00,6.74E+01,5.61E+01,7.50E+01
850,13.3256,-66.7033,4.88E+00,6.95E+01,6.06E+01,7.07E+01
851,13.3253,-60.0363,5.36E+00,7.43E+01,6.37E+01,7.54E+01
852,6.66358,-66.7067,4.92E+00,6.90E+01,6.24E+01,6.15E+01
853,6.66348,-60.0405,5.41E+00,7.38E+01,6.57E+01,6.40E+01
854,19.9875,-66.6971,4.81E+00,7.14E+01,5.88E+01,8.04E+01
855,19.9867,-60.0286,5.27E+00,7.67E+01,6.18E+01,8.78E+01
856,13.3279,-93.3689,3.08E+00,5.78E+01,5.09E+01,5.95E+01
857,13.3273,-86.7031,3.52E+00,6.01E+01,5.31E+01,6.17E+01
858,13.3267,-80.0367,3.96E+00,6.28E+01,5.54E+01,6.41E+01
859,6.66412,-86.7049,3.54E+00,5.92E+01,5.50E+01,5.61E+01
860,6.66435,-93.3704,3.10E+00,5.67E+01,5.29E+01,5.45E+01
861,6.66391,-80.039,3.99E+00,6.20E+01,5.72E+01,5.77E+01
862,19.9904,-86.6997,3.48E+00,6.16E+01,5.13E+01,6.75E+01
863,19.9914,-93.3662,3.05E+00,5.93E+01,4.91E+01,6.46E+01
864,19.9894,-80.0326,3.91E+00,6.42E+01,5.36E+01,7.08E+01
865,53.3741,-6.66445,5.91E+00,7.89E+01,7.01E+01,6.86E+01
866,53.369,-13.326,5.85E+00,7.93E+01,6.80E+01,8.33E+01
867,53.3595,-19.9872,5.74E+00,8.29E+01,6.58E+01,9.89E+01
868,53.347,-26.6478,5.59E+00,9.05E+01,6.31E+01,1.15E+02
869,53.3332,-33.3083,5.40E+00,1.01E+02,6.00E+01,1.30E+02
870,53.3199,-39.9702,5.17E+00,1.13E+02,5.67E+01,1.43E+02
871,53.309,-46.6346,4.92E+00,1.20E+02,5.37E+01,1.50E+02
872,60.0182,-26.6488,5.14E+00,8.10E+01,6.00E+01,1.01E+02
873,66.6884,-26.65,4.70E+00,7.44E+01,5.72E+01,9.08E+01
874,73.3578,-26.6513,4.27E+00,6.96E+01,5.46E+01,8.34E+01
875,80.0266,-26.6527,3.84E+00,6.60E+01,5.21E+01,7.78E+01
876,86.6948,-26.6541,3.42E+00,6.32E+01,4.98E+01,7.34E+01
877,93.3623,-26.6554,3.00E+00,6.08E+01,4.76E+01,6.98E+01
878,73.3648,-19.9893,4.35E+00,6.67E+01,5.64E+01,7.54E+01
879,73.3698,-13.3269,4.41E+00,6.52E+01,5.82E+01,6.76E+01
880,73.3724,-6.66452,4.44E+00,6.46E+01,6.00E+01,6.01E+01
881,66.703,-13.3265,4.87E+00,6.88E+01,6.09E+01,7.14E+01
882,60.036,-13.3262,5.35E+00,7.33E+01,6.41E+01,7.64E+01
883,66.6969,-19.9884,4.80E+00,7.06E+01,5.91E+01,8.09E+01
884,60.0285,-19.9877,5.27E+00,7.58E+01,6.22E+01,8.84E+01
885,66.7062,-6.66444,4.91E+00,6.83E+01,6.28E+01,6.23E+01
886,60.0401,-6.66441,5.40E+00,7.29E+01,6.61E+01,6.50E+01
887,93.3687,-13.3285,3.08E+00,5.74E+01,5.13E+01,5.97E+01
888,86.7027,-13.3279,3.51E+00,5.97E+01,5.34E+01,6.19E+01
889,80.0364,-13.3274,3.95E+00,6.22E+01,5.57E+01,6.45E+01
890,86.6995,-19.9911,3.47E+00,6.11E+01,5.16E+01,6.76E+01
891,93.3661,-19.992,3.05E+00,5.88E+01,4.94E+01,6.47E+01
892,80.0324,-19.9901,3.91E+00,6.36E+01,5.39E+01,7.11E+01
893,86.7045,-6.66479,3.53E+00,5.88E+01,5.53E+01,5.64E+01
894,93.3701,-6.66495,3.09E+00,5.63E+01,5.32E+01,5.47E+01
895,80.0385,-6.66464,3.98E+00,6.15E+01,5.76E+01,5.81E+01
896,73.3297,-46.6375,3.89E+00,8.71E+01,4.85E+01,1.09E+02
897,73.3397,-39.9751,4.03E+00,8.01E+01,5.07E+01,1.00E+02
898,73.3493,-33.3132,4.16E+00,7.41E+01,5.27E+01,9.17E+01
899,66.6672,-39.973,4.42E+00,8.81E+01,5.28E+01,1.11E+02
900,59.9938,-39.9712,4.80E+00,9.90E+01,5.48E+01,1.25E+02
901,66.6562,-46.6354,4.24E+00,9.65E+01,5.04E+01,1.21E+02
902,59.9824,-46.6342,4.59E+00,1.08E+02,5.20E+01,1.35E+02
903,66.6782,-33.3114,4.57E+00,8.04E+01,5.51E+01,1.01E+02
904,60.0062,-33.3097,4.98E+00,8.92E+01,5.76E+01,1.13E+02
905,93.3518,-39.9819,2.88E+00,6.66E+01,4.42E+01,8.03E+01
906,86.682,-39.9796,3.26E+00,6.99E+01,4.63E+01,8.54E+01
907,80.0113,-39.9774,3.65E+00,7.42E+01,4.85E+01,9.18E+01
908,86.6745,-46.6425,3.16E+00,7.45E+01,4.46E+01,9.15E+01
909,93.3454,-46.6452,2.80E+00,7.04E+01,4.25E+01,8.56E+01
910,80.0025,-46.6399,3.53E+00,7.98E+01,4.66E+01,9.90E+01
911,86.6889,-33.3168,3.35E+00,6.61E+01,4.81E+01,7.93E+01
912,93.3575,-33.3187,2.95E+00,6.34E+01,4.59E+01,7.50E+01
913,80.0195,-33.315,3.75E+00,6.95E+01,5.03E+01,8.47E+01
914,6.6657,-26.7151,8.22E+00,1.44E+02,1.07E+02,1.11E+02
915,13.3294,-26.6974,8.04E+00,1.47E+02,9.92E+01,1.74E+02
916,19.9906,-26.6738,7.73E+00,1.59E+02,8.91E+01,2.16E+02
917,26.6558,-26.6564,7.35E+00,1.62E+02,8.03E+01,2.20E+02
918,33.3274,-26.6489,6.93E+00,1.46E+02,7.42E+01,1.95E+02
919,40.0014,-26.647,6.49E+00,1.23E+02,7.00E+01,1.62E+02
920,46.6748,-26.647,6.04E+00,1.04E+02,6.65E+01,1.35E+02
921,26.6736,-19.9916,7.73E+00,1.57E+02,8.98E+01,2.17E+02
922,26.6974,-13.3304,8.03E+00,1.43E+02,1.00E+02,1.77E+02
923,26.7149,-6.66683,8.21E+00,1.40E+02,1.09E+02,1.16E+02
924,20.027,-13.3369,8.63E+00,1.78E+02,1.21E+02,2.37E+02
925,13.3559,-13.3557,9.20E+00,2.18E+02,1.57E+02,2.71E+02
926,6.67989,-13.3897,9.63E+00,2.70E+02,1.99E+02,1.94E+02
927,13.3363,-20.027,8.63E+00,1.82E+02,1.21E+02,2.33E+02
928,20.0023,-20.0027,8.21E+00,1.77E+02,1.03E+02,2.51E+02
929,6.66919,-20.0525,8.90E+00,1.88E+02,1.36E+02,1.51E+02
930,13.3909,-6.67967,9.63E+00,2.62E+02,1.97E+02,2.04E+02
931,20.0527,-6.67007,8.89E+00,1.81E+02,1.37E+02,1.59E+02
932,6.71259,-6.7095,1.03E+01,4.20E+02,2.96E+02,1.51E+02
933,46.7018,-13.3261,6.36E+00,8.75E+01,7.29E+01,9.34E+01
934,40.0344,-13.3266,6.90E+00,9.94E+01,7.93E+01,1.09E+02
935,33.3663,-13.3277,7.46E+00,1.17E+02,8.80E+01,1.34E+02
936,40.0191,-19.987,6.72E+00,1.08E+02,7.52E+01,1.37E+02
937,46.6898,-19.9869,6.23E+00,9.31E+01,7.01E+01,1.14E+02
938,33.347,-19.9881,7.23E+00,1.30E+02,8.13E+01,1.72E+02
939,40.0432,-6.66491,6.99E+00,9.80E+01,8.24E+01,8.10E+01
940,46.7084,-6.66459,6.44E+00,8.68E+01,7.53E+01,7.35E+01
941,33.3786,-6.66553,7.58E+00,1.14E+02,9.27E+01,9.34E+01
942,26.6457,-46.6746,6.04E+00,1.06E+02,6.59E+01,1.35E+02
943,26.6457,-40.0012,6.49E+00,1.25E+02,6.94E+01,1.62E+02
944,26.6478,-33.3275,6.93E+00,1.47E+02,7.38E+01,1.95E+02
945,13.325,-46.702,6.37E+00,8.91E+01,7.23E+01,9.18E+01
946,13.3254,-40.0344,6.91E+00,1.02E+02,7.85E+01,1.07E+02
947,13.3265,-33.3663,7.46E+00,1.20E+02,8.69E+01,1.32E+02
948,6.66379,-40.0436,7.00E+00,1.00E+02,8.16E+01,7.85E+01
949,6.66353,-46.7089,6.45E+00,8.84E+01,7.47E+01,7.16E+01
950,6.66438,-33.3789,7.59E+00,1.17E+02,9.16E+01,9.00E+01
951,19.9857,-40.019,6.73E+00,1.10E+02,7.44E+01,1.37E+02
952,19.9856,-46.6898,6.23E+00,9.46E+01,6.94E+01,1.14E+02
953,19.9869,-33.3468,7.23E+00,1.32E+02,8.05E+01,1.71E+02
954,39.9699,-46.6463,5.54E+00,1.29E+02,5.85E+01,1.62E+02
955,39.9747,-39.9752,5.88E+00,1.38E+02,6.12E+01,1.76E+02
956,39.9854,-33.3088,6.20E+00,1.36E+02,6.50E+01,1.76E+02
957,33.3078,-39.9855,6.20E+00,1.37E+02,6.47E+01,1.77E+02
958,33.3065,-46.6592,5.81E+00,1.19E+02,6.20E+01,1.52E+02
959,33.3138,-33.3143,6.58E+00,1.49E+02,6.85E+01,1.95E+02
960,46.6462,-39.9709,5.54E+00,1.28E+02,5.87E+01,1.62E+02
961,46.6376,-46.6381,5.24E+00,1.29E+02,5.57E+01,1.61E+02
962,46.6593,-33.3077,5.80E+00,1.18E+02,6.24E+01,1.52E+02
1302,-99.9717,-106.226,1.27E+00,4.15E+01,9.56E+01,1.56E+01
1303,-99.9733,-112.481,1.08E+00,3.96E+01,9.32E+01,1.64E+01
1304,-99.976,-118.737,8.88E-01,3.66E+01,9.09E+01,1.64E+01
1305,-99.9796,-124.993,6.81E-01,3.19E+01,8.84E+01,1.49E+01
1306,-93.3131,-124.997,7.44E-01,3.15E+01,8.70E+01,1.18E+01
1307,-86.6473,-125,7.99E-01,3.12E+01,8.45E+01,9.84E+00
1308,-79.9817,-125.003,8.46E-01,3.11E+01,8.14E+01,9.73E+00
1309,-73.3164,-125.007,8.88E-01,3.11E+01,7.78E+01,1.15E+01
1310,-66.6513,-125.01,9.24E-01,3.13E+01,7.40E+01,1.43E+01
1311,-59.9862,-125.013,9.56E-01,3.16E+01,7.03E+01,1.77E+01
1312,-53.3212,-125.015,9.84E-01,3.21E+01,6.67E+01,2.13E+01
1313,-46.6562,-125.018,1.01E+00,3.27E+01,6.32E+01,2.49E+01
1314,-39.9911,-125.02,1.03E+00,3.34E+01,5.99E+01,2.85E+01
1315,-33.3259,-125.022,1.05E+00,3.43E+01,5.68E+01,3.20E+01
1316,-26.6608,-125.023,1.06E+00,3.52E+01,5.40E+01,3.55E+01
1317,-19.9956,-125.024,1.07E+00,3.63E+01,5.13E+01,3.90E+01
1318,-13.3303,-125.025,1.08E+00,3.76E+01,4.87E+01,4.24E+01
1319,-6.66507,-125.026,1.09E+00,3.89E+01,4.64E+01,4.57E+01
1320,0.000219741,-125.026,1.09E+00,4.03E+01,4.41E+01,4.91E+01
1321,6.66551,-125.026,1.09E+00,4.20E+01,4.20E+01,5.24E+01
1322,13.3308,-125.025,1.09E+00,4.37E+01,3.99E+01,5.58E+01
1323,19.9961,-125.025,1.08E+00,4.57E+01,3.80E+01,5.91E+01
1324,26.6613,-125.024,1.07E+00,4.78E+01,3.61E+01,6.25E+01
1325,33.3266,-125.022,1.06E+00,5.02E+01,3.43E+01,6.59E+01
1326,39.9917,-125.021,1.04E+00,5.27E+01,3.26E+01,6.93E+01
1327,46.6569,-125.019,1.03E+00,5.56E+01,3.09E+01,7.27E+01
1328,53.322,-125.017,1.01E+00,5.86E+01,2.93E+01,7.62E+01
1329,59.9872,-125.015,9.81E-01,6.18E+01,2.78E+01,7.98E+01
1330,66.6523,-125.012,9.53E-01,6.52E+01,2.63E+01,8.34E+01
1331,73.3176,-125.009,9.22E-01,6.84E+01,2.50E+01,8.69E+01
1332,79.983,-125.006,8.87E-01,7.15E+01,2.38E+01,9.02E+01
1333,86.6486,-125.003,8.46E-01,7.41E+01,2.27E+01,9.31E+01
1334,93.3147,-125,8.00E-01,7.60E+01,2.17E+01,9.53E+01
1335,99.9813,-124.997,7.45E-01,7.66E+01,2.10E+01,9.67E+01
1336,99.9785,-118.742,9.63E-01,7.92E+01,2.36E+01,9.72E+01
1337,99.9766,-112.486,1.17E+00,8.11E+01,2.55E+01,9.88E+01
1338,99.9758,-106.231,1.35E+00,8.30E+01,2.70E+01,1.01E+02
1339,0.000302296,-118.779,1.47E+00,4.52E+01,4.69E+01,4.73E+01
1340,0.00040747,-112.532,1.87E+00,4.85E+01,4.91E+01,4.71E+01
1341,0.000514394,-106.284,2.26E+00,5.11E+01,5.11E+01,4.77E+01
1342,-53.3181,-118.764,1.32E+00,3.79E+01,7.00E+01,1.84E+01
1343,-53.3149,-112.512,1.65E+00,4.21E+01,7.32E+01,1.72E+01
1344,-53.3116,-106.259,1.98E+00,4.56E+01,7.65E+01,1.66E+01
1345,-79.9775,-118.749,1.12E+00,3.68E+01,8.51E+01,9.53E+00
1346,-79.9734,-112.493,1.38E+00,4.07E+01,8.88E+01,9.92E+00
1347,-79.9696,-106.237,1.64E+00,4.36E+01,9.28E+01,1.01E+01
1348,-86.6392,-112.489,1.30E+00,4.03E+01,9.16E+01,1.15E+01
1349,-93.3056,-112.485,1.20E+00,4.00E+01,9.31E+01,1.39E+01
1350,-86.6431,-118.745,1.05E+00,3.67E+01,8.81E+01,1.08E+01
1351,-93.3091,-118.741,9.75E-01,3.67E+01,9.01E+01,1.34E+01
1352,-86.6358,-106.232,1.53E+00,4.30E+01,9.52E+01,1.15E+01
1353,-93.303,-106.228,1.40E+00,4.23E+01,9.61E+01,1.35E+01
1354,-66.6475,-118.757,1.23E+00,3.72E+01,7.77E+01,1.21E+01
1355,-66.6437,-112.503,1.53E+00,4.13E+01,8.13E+01,1.13E+01
1356,-66.6398,-106.248,1.83E+00,4.47E+01,8.52E+01,1.11E+01
1357,-73.3084,-112.498,1.46E+00,4.10E+01,8.53E+01,9.82E+00
1358,-73.3123,-118.753,1.18E+00,3.69E+01,8.15E+01,1.00E+01
1359,-73.3043,-106.242,1.74E+00,4.42E+01,8.93E+01,9.90E+00
1360,-59.9793,-112.508,1.60E+00,4.17E+01,7.72E+01,1.39E+01
1361,-59.9828,-118.761,1.28E+00,3.75E+01,7.38E+01,1.50E+01
1362,-59.9756,-106.254,1.91E+00,4.51E+01,8.08E+01,1.35E+01
1363,-26.6593,-118.775,1.43E+00,4.07E+01,5.68E+01,3.29E+01
1364,-26.6578,-112.526,1.81E+00,4.45E+01,5.93E+01,3.19E+01
1365,-26.6562,-106.277,2.19E+00,4.77E+01,6.15E+01,3.16E+01
1366,-39.9888,-118.771,1.38E+00,3.91E+01,6.30E+01,2.57E+01
1367,-39.9865,-112.52,1.74E+00,4.32E+01,6.57E+01,2.44E+01
1368,-39.984,-106.269,2.10E+00,4.66E+01,6.84E+01,2.39E+01
1369,-46.6507,-112.517,1.70E+00,4.26E+01,6.93E+01,2.07E+01
1370,-46.6534,-118.768,1.35E+00,3.84E+01,6.64E+01,2.20E+01
1371,-46.6478,-106.264,2.05E+00,4.61E+01,7.23E+01,2.01E+01
1372,-33.3222,-112.524,1.78E+00,4.38E+01,6.24E+01,2.82E+01
1373,-33.3242,-118.773,1.41E+00,3.98E+01,5.98E+01,2.93E+01
1374,-33.3202,-106.273,2.15E+00,4.71E+01,6.48E+01,2.77E+01
1375,-13.3295,-118.778,1.46E+00,4.27E+01,5.15E+01,4.01E+01
1376,-13.3288,-112.53,1.85E+00,4.63E+01,5.38E+01,3.95E+01
1377,-13.3279,-106.282,2.24E+00,4.92E+01,5.58E+01,3.96E+01
1378,-19.9933,-112.529,1.83E+00,4.54E+01,5.64E+01,3.57E+01
1379,-19.9945,-118.777,1.45E+00,4.16E+01,5.41E+01,3.65E+01
1380,-19.9921,-106.28,2.22E+00,4.84E+01,5.86E+01,3.56E+01
1381,-6.66418,-112.531,1.86E+00,4.73E+01,5.14E+01,4.33E+01
1382,-6.66463,-118.779,1.47E+00,4.39E+01,4.91E+01,4.37E+01
1383,-6.66374,-106.283,2.26E+00,5.01E+01,5.34E+01,4.36E+01
1384,46.6546,-118.77,1.38E+00,5.99E+01,3.38E+01,7.28E+01
1385,46.6522,-112.519,1.73E+00,6.28E+01,3.61E+01,7.47E+01
1386,46.6497,-106.268,2.08E+00,6.52E+01,3.82E+01,7.76E+01
1387,19.9952,-118.778,1.46E+00,5.01E+01,4.08E+01,5.81E+01
1388,19.9943,-112.53,1.84E+00,5.30E+01,4.30E+01,5.87E+01
1389,19.9933,-106.281,2.23E+00,5.52E+01,4.51E+01,6.02E+01
1390,13.3297,-112.531,1.86E+00,5.13E+01,4.49E+01,5.48E+01
1391,6.66504,-112.532,1.86E+00,4.98E+01,4.70E+01,5.10E+01
1392,13.3302,-118.779,1.47E+00,4.83E+01,4.27E+01,5.45E+01
1393,6.66527,-118.779,1.47E+00,4.67E+01,4.47E+01,5.09E+01
1394,13.3291,-106.283,2.25E+00,5.36E+01,4.69E+01,5.60E+01
1395,6.66481,-106.284,2.26E+00,5.22E+01,4.89E+01,5.18E+01
1396,33.3249,-118.774,1.43E+00,5.45E+01,3.71E+01,6.54E+01
1397,33.3233,-112.525,1.80E+00,5.73E+01,3.94E+01,6.66E+01
1398,33.3216,-106.276,2.17E+00,5.95E+01,4.15E+01,6.88E+01
1399,26.6588,-112.528,1.82E+00,5.50E+01,4.12E+01,6.27E+01
1400,26.6601,-118.776,1.44E+00,5.22E+01,3.89E+01,6.17E+01
1401,26.6575,-106.279,2.21E+00,5.72E+01,4.32E+01,6.45E+01
1402,39.9878,-112.522,1.77E+00,5.99E+01,3.77E+01,7.06E+01
1403,39.9898,-118.772,1.40E+00,5.70E+01,3.54E+01,6.91E+01
1404,39.9857,-106.272,2.13E+00,6.22E+01,3.98E+01,7.31E+01
1405,73.314,-118.756,1.22E+00,7.27E+01,2.79E+01,8.81E+01
1406,73.3105,-112.502,1.52E+00,7.61E+01,3.02E+01,9.10E+01
1407,73.3072,-106.247,1.80E+00,7.94E+01,3.22E+01,9.51E+01
1408,59.9841,-118.763,1.31E+00,6.62E+01,3.07E+01,8.05E+01
1409,59.981,-112.511,1.64E+00,6.93E+01,3.30E+01,8.30E+01
1410,59.9779,-106.258,1.96E+00,7.23E+01,3.51E+01,8.66E+01
1411,53.3166,-112.515,1.69E+00,6.60E+01,3.45E+01,7.88E+01
1412,53.3193,-118.767,1.35E+00,6.29E+01,3.22E+01,7.66E+01
1413,53.3137,-106.263,2.02E+00,6.87E+01,3.66E+01,8.21E+01
1414,66.6456,-112.507,1.58E+00,7.28E+01,3.16E+01,8.71E+01
1415,66.6489,-118.76,1.27E+00,6.95E+01,2.92E+01,8.43E+01
1416,66.6423,-106.252,1.88E+00,7.60E+01,3.36E+01,9.10E+01
1417,86.645,-118.749,1.11E+00,7.79E+01,2.55E+01,9.44E+01
1418,86.6419,-112.493,1.36E+00,8.09E+01,2.77E+01,9.71E+01
1419,86.6393,-106.237,1.60E+00,8.38E+01,2.95E+01,1.01E+02
1420,79.9759,-112.498,1.44E+00,7.89E+01,2.89E+01,9.45E+01
1421,79.9793,-118.753,1.17E+00,7.57E+01,2.66E+01,9.15E+01
1422,79.9728,-106.242,1.71E+00,8.22E+01,3.08E+01,9.84E+01
1423,93.3087,-112.489,1.27E+00,8.17E+01,2.65E+01,9.86E+01
1424,93.3114,-118.745,1.04E+00,7.92E+01,2.45E+01,9.64E+01
1425,93.3069,-106.234,1.48E+00,8.41E+01,2.82E+01,1.01E+02
1426,99.9719,106.226,1.26E+00,4.14E+01,9.55E+01,1.55E+01
1427,99.9734,112.482,1.08E+00,3.94E+01,9.34E+01,1.64E+01
1428,99.9761,118.738,8.87E-01,3.64E+01,9.12E+01,1.65E+01
1429,99.9796,124.993,6.80E-01,3.16E+01,8.88E+01,1.49E+01
1430,93.313,124.997,7.43E-01,3.12E+01,8.77E+01,1.18E+01
1431,86.647,125,7.98E-01,3.09E+01,8.55E+01,9.86E+00
1432,79.9814,125.003,8.46E-01,3.07E+01,8.26E+01,9.71E+00
1433,73.316,125.006,8.87E-01,3.06E+01,7.91E+01,1.14E+01
1434,66.6508,125.01,9.24E-01,3.07E+01,7.54E+01,1.43E+01
1435,59.9857,125.012,9.56E-01,3.10E+01,7.17E+01,1.77E+01
1436,53.3207,125.015,9.84E-01,3.14E+01,6.81E+01,2.13E+01
1437,46.6556,125.017,1.01E+00,3.19E+01,6.46E+01,2.49E+01
1438,39.9905,125.02,1.03E+00,3.25E+01,6.13E+01,2.86E+01
1439,33.3254,125.021,1.05E+00,3.33E+01,5.82E+01,3.22E+01
1440,26.6602,125.023,1.06E+00,3.42E+01,5.53E+01,3.57E+01
1441,19.995,125.024,1.07E+00,3.52E+01,5.25E+01,3.92E+01
1442,13.3298,125.025,1.08E+00,3.63E+01,4.99E+01,4.26E+01
1443,6.66453,125.026,1.09E+00,3.75E+01,4.75E+01,4.60E+01
1444,-0.000745034,125.026,1.09E+00,3.89E+01,4.52E+01,4.94E+01
1445,-6.66603,125.026,1.09E+00,4.05E+01,4.30E+01,5.27E+01
1446,-13.3313,125.026,1.08E+00,4.22E+01,4.09E+01,5.60E+01
1447,-19.9966,125.025,1.08E+00,4.41E+01,3.89E+01,5.93E+01
1448,-26.6619,125.024,1.07E+00,4.62E+01,3.70E+01,6.26E+01
1449,-33.327,125.023,1.06E+00,4.86E+01,3.51E+01,6.59E+01
1450,-39.9922,125.021,1.04E+00,5.12E+01,3.33E+01,6.92E+01
1451,-46.6574,125.019,1.02E+00,5.40E+01,3.16E+01,7.26E+01
1452,-53.3225,125.017,1.00E+00,5.71E+01,2.99E+01,7.60E+01
1453,-59.9876,125.015,9.77E-01,6.03E+01,2.83E+01,7.94E+01
1454,-66.6528,125.012,9.49E-01,6.37E+01,2.68E+01,8.29E+01
1455,-73.3179,125.01,9.18E-01,6.71E+01,2.55E+01,8.63E+01
1456,-79.9833,125.007,8.83E-01,7.03E+01,2.42E+01,8.96E+01
1457,-86.6489,125.004,8.43E-01,7.31E+01,2.30E+01,9.25E+01
1458,-93.3148,125.001,7.97E-01,7.51E+01,2.20E+01,9.48E+01
1459,-99.9813,124.998,7.44E-01,7.60E+01,2.12E+01,9.63E+01
1460,-99.9785,118.742,9.62E-01,7.87E+01,2.38E+01,9.68E+01
1461,-99.9765,112.486,1.17E+00,8.07E+01,2.57E+01,9.85E+01
1462,-99.9757,106.231,1.35E+00,8.28E+01,2.71E+01,1.01E+02
1463,-0.00100839,118.779,1.47E+00,4.41E+01,4.78E+01,4.74E+01
1464,-0.00126169,112.532,1.86E+00,4.75E+01,4.99E+01,4.71E+01
1465,-0.00151572,106.284,2.26E+00,5.02E+01,5.18E+01,4.77E+01
1466,53.3175,118.764,1.32E+00,3.74E+01,7.13E+01,1.83E+01
1467,53.3142,112.512,1.65E+00,4.17E+01,7.44E+01,1.70E+01
1468,53.3108,106.259,1.98E+00,4.52E+01,7.77E+01,1.65E+01
1469,79.9771,118.749,1.12E+00,3.65E+01,8.62E+01,9.55E+00
1470,79.973,112.493,1.38E+00,4.04E+01,8.98E+01,9.95E+00
1471,79.9693,106.237,1.64E+00,4.34E+01,9.37E+01,1.01E+01
1472,86.6389,112.489,1.29E+00,4.01E+01,9.23E+01,1.15E+01
1473,93.3057,112.485,1.19E+00,3.98E+01,9.36E+01,1.39E+01
1474,86.6428,118.745,1.05E+00,3.64E+01,8.90E+01,1.09E+01
1475,93.309,118.741,9.74E-01,3.64E+01,9.08E+01,1.35E+01
1476,86.6356,106.232,1.53E+00,4.28E+01,9.58E+01,1.15E+01
1477,93.3031,106.229,1.40E+00,4.21E+01,9.64E+01,1.34E+01
1478,66.6469,118.757,1.23E+00,3.67E+01,7.90E+01,1.19E+01
1479,66.643,112.503,1.53E+00,4.10E+01,8.25E+01,1.12E+01
1480,66.6391,106.248,1.83E+00,4.44E+01,8.64E+01,1.10E+01
1481,73.3078,112.498,1.46E+00,4.07E+01,8.64E+01,9.79E+00
1482,73.3119,118.753,1.18E+00,3.66E+01,8.28E+01,9.94E+00
1483,73.3038,106.242,1.74E+00,4.39E+01,9.04E+01,9.88E+00
1484,59.9785,112.507,1.60E+00,4.13E+01,7.85E+01,1.38E+01
1485,59.9822,118.761,1.28E+00,3.70E+01,7.51E+01,1.49E+01
1486,59.9748,106.253,1.91E+00,4.48E+01,8.21E+01,1.34E+01
1487,26.6586,118.775,1.43E+00,3.98E+01,5.80E+01,3.29E+01
1488,26.6569,112.526,1.81E+00,4.38E+01,6.03E+01,3.19E+01
1489,26.6551,106.277,2.19E+00,4.71E+01,6.25E+01,3.16E+01
1490,39.9881,118.77,1.38E+00,3.84E+01,6.42E+01,2.56E+01
1491,39.9856,112.52,1.74E+00,4.26E+01,6.69E+01,2.43E+01
1492,39.983,106.269,2.10E+00,4.61E+01,6.95E+01,2.37E+01
1493,46.6499,112.516,1.70E+00,4.21E+01,7.05E+01,2.06E+01
1494,46.6528,118.767,1.35E+00,3.78E+01,6.77E+01,2.19E+01
1495,46.6469,106.264,2.05E+00,4.56E+01,7.35E+01,2.00E+01
1496,33.3213,112.523,1.78E+00,4.32E+01,6.35E+01,2.81E+01
1497,33.3234,118.773,1.41E+00,3.90E+01,6.10E+01,2.93E+01
1498,33.3191,106.273,2.15E+00,4.66E+01,6.59E+01,2.76E+01
1499,13.3288,118.778,1.46E+00,4.17E+01,5.26E+01,4.02E+01
1500,13.3279,112.53,1.85E+00,4.54E+01,5.47E+01,3.95E+01
1501,13.3269,106.282,2.24E+00,4.84E+01,5.67E+01,3.96E+01
1502,19.9924,112.528,1.83E+00,4.46E+01,5.74E+01,3.57E+01
1503,19.9937,118.777,1.45E+00,4.07E+01,5.52E+01,3.66E+01
1504,19.9911,106.28,2.22E+00,4.77E+01,5.95E+01,3.55E+01
1505,6.66334,112.531,1.86E+00,4.64E+01,5.23E+01,4.33E+01
1506,6.66393,118.779,1.47E+00,4.28E+01,5.01E+01,4.38E+01
1507,6.66274,106.283,2.25E+00,4.92E+01,5.42E+01,4.36E+01
1508,-46.6552,118.77,1.37E+00,5.86E+01,3.43E+01,7.25E+01
1509,-46.653,112.52,1.73E+00,6.16E+01,3.66E+01,7.42E+01
1510,-46.6506,106.268,2.08E+00,6.41E+01,3.86E+01,7.69E+01
1511,-19.9958,118.778,1.46E+00,4.89E+01,4.16E+01,5.81E+01
1512,-19.9951,112.53,1.84E+00,5.19E+01,4.37E+01,5.86E+01
1513,-19.9943,106.282,2.23E+00,5.42E+01,4.57E+01,6.01E+01
1514,-13.3306,112.531,1.86E+00,5.02E+01,4.57E+01,5.48E+01
1515,-6.66586,112.532,1.86E+00,4.88E+01,4.78E+01,5.10E+01
1516,-13.3309,118.779,1.47E+00,4.71E+01,4.36E+01,5.45E+01
1517,-6.66595,118.779,1.47E+00,4.55E+01,4.56E+01,5.10E+01
1518,-13.33,106.283,2.25E+00,5.26E+01,4.76E+01,5.59E+01
1519,-6.66578,106.284,2.26E+00,5.13E+01,4.97E+01,5.18E+01
1520,-33.3256,118.775,1.42E+00,5.32E+01,3.78E+01,6.52E+01
1521,-33.3241,112.526,1.80E+00,5.61E+01,4.00E+01,6.63E+01
1522,-33.3226,106.276,2.17E+00,5.84E+01,4.20E+01,6.84E+01
1523,-26.6596,112.528,1.82E+00,5.39E+01,4.18E+01,6.25E+01
1524,-26.6607,118.776,1.44E+00,5.09E+01,3.97E+01,6.16E+01
1525,-26.6584,106.279,2.21E+00,5.61E+01,4.38E+01,6.43E+01
1526,-39.9885,112.523,1.76E+00,5.87E+01,3.83E+01,7.02E+01
1527,-39.9904,118.772,1.40E+00,5.57E+01,3.61E+01,6.88E+01
1528,-39.9866,106.272,2.13E+00,6.11E+01,4.03E+01,7.27E+01
1529,-73.3144,118.757,1.22E+00,7.15E+01,2.83E+01,8.73E+01
1530,-73.311,112.503,1.52E+00,7.49E+01,3.05E+01,9.01E+01
1531,-73.3078,106.248,1.80E+00,7.82E+01,3.25E+01,9.41E+01
1532,-59.9847,118.764,1.31E+00,6.49E+01,3.11E+01,7.99E+01
1533,-59.9817,112.512,1.63E+00,6.82E+01,3.34E+01,8.22E+01
1534,-59.9787,106.258,1.96E+00,7.11E+01,3.54E+01,8.57E+01
1535,-53.3174,112.516,1.68E+00,6.48E+01,3.50E+01,7.82E+01
1536,-53.32,118.767,1.34E+00,6.16E+01,3.27E+01,7.62E+01
1537,-53.3147,106.263,2.02E+00,6.75E+01,3.70E+01,8.13E+01
1538,-66.6462,112.507,1.58E+00,7.16E+01,3.19E+01,8.63E+01
1539,-66.6495,118.76,1.27E+00,6.82E+01,2.97E+01,8.37E+01
1540,-66.6431,106.253,1.88E+00,7.48E+01,3.39E+01,9.00E+01
1541,-86.6453,118.749,1.11E+00,7.70E+01,2.58E+01,9.36E+01
1542,-86.6422,112.494,1.36E+00,8.00E+01,2.79E+01,9.64E+01
1543,-86.6396,106.238,1.60E+00,8.30E+01,2.97E+01,9.99E+01
1544,-79.9763,112.498,1.44E+00,7.79E+01,2.92E+01,9.36E+01
1545,-79.9797,118.753,1.17E+00,7.46E+01,2.70E+01,9.07E+01
1546,-79.9732,106.242,1.71E+00,8.11E+01,3.10E+01,9.75E+01
1547,-93.3089,112.489,1.27E+00,8.11E+01,2.68E+01,9.81E+01
1548,-93.3115,118.745,1.04E+00,7.85E+01,2.47E+01,9.58E+01
1549,-93.3069,106.234,1.48E+00,8.36E+01,2.83E+01,1.01E+02
1550,106.23,124.991,6.11E-01,3.21E+01,8.85E+01,1.83E+01
1551,112.481,124.988,5.33E-01,3.23E+01,8.67E+01,2.14E+01
1552,118.733,124.987,4.45E-01,3.20E+01,8.34E+01,2.38E+01
1553,124.986,124.986,3.46E-01,3.03E+01,8.00E+01,2.47E+01
1554,124.987,118.733,4.45E-01,3.20E+01,8.33E+01,2.38E+01
1555,124.989,112.481,5.34E-01,3.23E+01,8.63E+01,2.14E+01
1556,124.991,106.23,6.12E-01,3.21E+01,8.79E+01,1.83E+01
1557,124.994,99.9798,6.80E-01,3.17E+01,8.81E+01,1.48E+01
1558,124.997,93.3133,7.43E-01,3.13E+01,8.69E+01,1.17E+01
1559,125,86.6473,7.98E-01,3.10E+01,8.46E+01,9.79E+00
1560,125.003,79.9817,8.46E-01,3.08E+01,8.16E+01,9.69E+00
1561,125.007,73.3163,8.88E-01,3.08E+01,7.81E+01,1.14E+01
1562,125.01,66.6512,9.24E-01,3.10E+01,7.45E+01,1.43E+01
1563,125.013,59.9861,9.56E-01,3.13E+01,7.08E+01,1.77E+01
1564,125.015,53.321,9.84E-01,3.17E+01,6.72E+01,2.13E+01
1565,125.017,46.6559,1.01E+00,3.23E+01,6.38E+01,2.50E+01
1566,125.02,39.9908,1.03E+00,3.30E+01,6.05E+01,2.86E+01
1567,125.021,33.3257,1.05E+00,3.38E+01,5.75E+01,3.22E+01
1568,125.023,26.6605,1.06E+00,3.47E+01,5.46E+01,3.57E+01
1569,125.024,19.9953,1.07E+00,3.58E+01,5.19E+01,3.91E+01
1570,125.025,13.3301,1.08E+00,3.69E+01,4.93E+01,4.26E+01
1571,125.025,6.6648,1.09E+00,3.82E+01,4.69E+01,4.60E+01
1572,125.026,-0.000485233,1.09E+00,3.97E+01,4.47E+01,4.93E+01
1573,125.026,-6.66578,1.09E+00,4.12E+01,4.25E+01,5.27E+01
1574,125.025,-13.331,1.09E+00,4.30E+01,4.04E+01,5.60E+01
1575,125.025,-19.9963,1.08E+00,4.49E+01,3.85E+01,5.93E+01
1576,125.024,-26.6616,1.07E+00,4.70E+01,3.66E+01,6.26E+01
1577,125.022,-33.3268,1.06E+00,4.94E+01,3.47E+01,6.60E+01
1578,125.021,-39.992,1.04E+00,5.19E+01,3.30E+01,6.93E+01
1579,125.019,-46.6572,1.02E+00,5.48E+01,3.12E+01,7.27E+01
1580,125.017,-53.3223,1.00E+00,5.78E+01,2.96E+01,7.61E+01
1581,125.015,-59.9874,9.79E-01,6.10E+01,2.80E+01,7.96E+01
1582,125.012,-66.6526,9.51E-01,6.43E+01,2.66E+01,8.31E+01
1583,125.01,-73.3178,9.20E-01,6.76E+01,2.52E+01,8.65E+01
1584,125.007,-79.9832,8.85E-01,7.07E+01,2.39E+01,8.97E+01
1585,125.004,-86.6489,8.45E-01,7.33E+01,2.28E+01,9.26E+01
1586,125.001,-93.3148,7.98E-01,7.52E+01,2.18E+01,9.49E+01
1587,124.998,-99.9814,7.45E-01,7.59E+01,2.11E+01,9.63E+01
1588,124.995,-106.232,6.86E-01,7.53E+01,2.05E+01,9.66E+01
1589,124.992,-112.483,6.16E-01,7.32E+01,2.00E+01,9.58E+01
1590,124.99,-118.735,5.34E-01,6.97E+01,1.95E+01,9.43E+01
1591,124.989,-124.989,4.36E-01,6.58E+01,1.86E+01,9.32E+01
1592,118.735,-124.99,5.34E-01,6.99E+01,1.95E+01,9.44E+01
1593,112.483,-124.992,6.16E-01,7.36E+01,1.99E+01,9.61E+01
1594,106.232,-124.995,6.86E-01,7.59E+01,2.04E+01,9.69E+01
1595,118.779,-0.000650408,1.47E+00,4.47E+01,4.73E+01,4.74E+01
1596,112.532,-0.000817963,1.86E+00,4.80E+01,4.95E+01,4.72E+01
1597,106.284,-0.000991333,2.26E+00,5.06E+01,5.14E+01,4.78E+01
1598,118.757,66.6474,1.23E+00,3.69E+01,7.81E+01,1.20E+01
1599,112.503,66.6436,1.53E+00,4.12E+01,8.16E+01,1.13E+01
1600,106.248,66.6397,1.83E+00,4.45E+01,8.55E+01,1.11E+01
1601,118.738,99.7699,8.90E-01,3.65E+01,9.06E+01,1.63E+01
1602,112.482,99.7672,1.09E+00,3.95E+01,9.29E+01,1.63E+01
1603,106.226,99.7656,1.27E+00,4.14E+01,9.52E+01,1.54E+01
1604,112.48,106.141,9.66E-01,3.89E+01,9.16E+01,1.87E+01
1605,112.479,112.479,8.34E-01,3.78E+01,8.97E+01,2.07E+01
1606,112.479,118.733,6.90E-01,3.59E+01,8.80E+01,2.18E+01
1607,118.733,112.479,6.90E-01,3.60E+01,8.77E+01,2.18E+01
1608,118.728,106.157,7.96E-01,3.64E+01,8.98E+01,1.93E+01
1609,118.732,118.732,5.74E-01,3.47E+01,8.52E+01,2.36E+01
1610,106.226,112.48,9.65E-01,3.88E+01,9.18E+01,1.88E+01
1611,106.232,106.154,1.12E+00,4.04E+01,9.36E+01,1.73E+01
1612,106.227,118.735,7.94E-01,3.64E+01,9.02E+01,1.94E+01
1613,118.745,86.6431,1.05E+00,3.65E+01,8.81E+01,1.08E+01
1614,112.489,86.6393,1.29E+00,4.02E+01,9.15E+01,1.14E+01
1615,106.232,86.636,1.53E+00,4.29E+01,9.51E+01,1.14E+01
1616,112.485,93.221,1.20E+00,3.99E+01,9.29E+01,1.38E+01
1617,118.748,93.2384,9.75E-01,3.65E+01,8.99E+01,1.33E+01
1618,106.222,93.2325,1.40E+00,4.22E+01,9.59E+01,1.34E+01
1619,112.498,73.3083,1.46E+00,4.08E+01,8.55E+01,9.76E+00
1620,112.493,79.9735,1.38E+00,4.05E+01,8.89E+01,9.87E+00
1621,118.753,73.3123,1.18E+00,3.67E+01,8.18E+01,9.94E+00
1622,118.749,79.9775,1.12E+00,3.66E+01,8.52E+01,9.49E+00
1623,106.242,73.3044,1.74E+00,4.40E+01,8.95E+01,9.85E+00
1624,106.237,79.9698,1.64E+00,4.35E+01,9.28E+01,1.01E+01
1625,118.773,33.3238,1.41E+00,3.95E+01,6.03E+01,2.93E+01
1626,112.523,33.3218,1.78E+00,4.35E+01,6.28E+01,2.82E+01
1627,106.273,33.3197,2.14E+00,4.69E+01,6.52E+01,2.77E+01
1628,118.764,53.3179,1.32E+00,3.76E+01,7.05E+01,1.84E+01
1629,112.512,53.3147,1.65E+00,4.19E+01,7.36E+01,1.71E+01
1630,106.259,53.3114,1.98E+00,4.54E+01,7.69E+01,1.66E+01
1631,112.508,59.9791,1.60E+00,4.15E+01,7.76E+01,1.39E+01
1632,118.761,59.9826,1.28E+00,3.72E+01,7.42E+01,1.50E+01
1633,106.254,59.9754,1.91E+00,4.50E+01,8.12E+01,1.35E+01
1634,112.52,39.9861,1.74E+00,4.29E+01,6.62E+01,2.44E+01
1635,112.516,46.6504,1.70E+00,4.24E+01,6.98E+01,2.07E+01
1636,118.77,39.9885,1.38E+00,3.87E+01,6.35E+01,2.57E+01
1637,118.767,46.6532,1.35E+00,3.81E+01,6.69E+01,2.20E+01
1638,106.269,39.9837,2.10E+00,4.64E+01,6.88E+01,2.39E+01
1639,106.264,46.6475,2.04E+00,4.59E+01,7.27E+01,2.01E+01
1640,118.776,19.9941,1.45E+00,4.12E+01,5.46E+01,3.66E+01
1641,112.528,19.9929,1.83E+00,4.50E+01,5.69E+01,3.58E+01
1642,106.279,19.9917,2.21E+00,4.81E+01,5.90E+01,3.56E+01
1643,112.526,26.6574,1.81E+00,4.42E+01,5.97E+01,3.20E+01
1644,118.775,26.659,1.43E+00,4.03E+01,5.74E+01,3.30E+01
1645,106.277,26.6557,2.18E+00,4.74E+01,6.20E+01,3.17E+01
1646,112.531,6.6638,1.86E+00,4.69E+01,5.18E+01,4.34E+01
1647,112.53,13.3284,1.85E+00,4.59E+01,5.42E+01,3.96E+01
1648,118.779,6.6643,1.47E+00,4.34E+01,4.96E+01,4.38E+01
1649,118.778,13.3292,1.46E+00,4.22E+01,5.20E+01,4.02E+01
1650,106.283,6.66328,2.25E+00,4.97E+01,5.37E+01,4.37E+01
1651,106.282,13.3275,2.24E+00,4.88E+01,5.62E+01,3.97E+01
1652,118.764,-59.9844,1.31E+00,6.54E+01,3.09E+01,8.02E+01
1653,112.511,-59.9814,1.63E+00,6.86E+01,3.32E+01,8.26E+01
1654,106.258,-59.9784,1.96E+00,7.16E+01,3.53E+01,8.61E+01
1655,118.776,-26.6604,1.44E+00,5.15E+01,3.93E+01,6.18E+01
1656,112.528,-26.6593,1.82E+00,5.44E+01,4.15E+01,6.27E+01
1657,106.279,-26.658,2.20E+00,5.67E+01,4.35E+01,6.45E+01
1658,118.778,-13.3305,1.47E+00,4.77E+01,4.31E+01,5.46E+01
1659,112.531,-13.33,1.85E+00,5.08E+01,4.53E+01,5.49E+01
1660,106.283,-13.3295,2.25E+00,5.31E+01,4.73E+01,5.61E+01
1661,112.532,-6.66542,1.86E+00,4.93E+01,4.73E+01,5.11E+01
1662,118.779,-6.66559,1.47E+00,4.61E+01,4.52E+01,5.10E+01
1663,106.284,-6.66527,2.26E+00,5.18E+01,4.93E+01,5.19E+01
1664,112.53,-19.9947,1.84E+00,5.25E+01,4.34E+01,5.88E+01
1665,118.777,-19.9955,1.46E+00,4.95E+01,4.12E+01,5.82E+01
1666,106.281,-19.9938,2.23E+00,5.47E+01,4.54E+01,6.03E+01
1667,118.772,-39.9901,1.40E+00,5.64E+01,3.57E+01,6.90E+01
1668,112.522,-39.9882,1.76E+00,5.93E+01,3.80E+01,7.05E+01
1669,106.272,-39.9862,2.13E+00,6.16E+01,4.01E+01,7.29E+01
1670,112.525,-33.3238,1.80E+00,5.67E+01,3.97E+01,6.65E+01
1671,118.774,-33.3253,1.42E+00,5.38E+01,3.75E+01,6.54E+01
1672,106.276,-33.3222,2.17E+00,5.90E+01,4.18E+01,6.87E+01
1673,112.515,-53.317,1.68E+00,6.53E+01,3.47E+01,7.85E+01
1674,112.519,-46.6525,1.73E+00,6.22E+01,3.63E+01,7.45E+01
1675,118.767,-53.3196,1.34E+00,6.22E+01,3.24E+01,7.64E+01
1676,118.77,-46.6549,1.37E+00,5.92E+01,3.40E+01,7.27E+01
1677,106.263,-53.3142,2.02E+00,6.80E+01,3.68E+01,8.17E+01
1678,106.268,-46.6502,2.08E+00,6.47E+01,3.84E+01,7.73E+01
1679,118.753,-93.2317,1.04E+00,7.85E+01,2.46E+01,9.58E+01
1680,112.49,-93.2087,1.27E+00,8.11E+01,2.67E+01,9.81E+01
1681,106.226,-93.2271,1.48E+00,8.37E+01,2.83E+01,1.01E+02
1682,118.757,-73.3143,1.22E+00,7.19E+01,2.80E+01,8.76E+01
1683,112.502,-73.3109,1.51E+00,7.53E+01,3.03E+01,9.05E+01
1684,106.247,-73.3077,1.80E+00,7.86E+01,3.23E+01,9.44E+01
1685,112.507,-66.646,1.58E+00,7.20E+01,3.17E+01,8.66E+01
1686,118.76,-66.6492,1.27E+00,6.87E+01,2.94E+01,8.39E+01
1687,106.253,-66.6428,1.88E+00,7.52E+01,3.38E+01,9.04E+01
1688,112.494,-86.612,1.36E+00,8.02E+01,2.78E+01,9.65E+01
1689,112.498,-79.9762,1.44E+00,7.81E+01,2.90E+01,9.39E+01
1690,118.752,-86.6252,1.11E+00,7.72E+01,2.56E+01,9.38E+01
1691,118.753,-79.9796,1.17E+00,7.49E+01,2.68E+01,9.10E+01
1692,106.235,-86.6195,1.60E+00,8.32E+01,2.96E+01,1.00E+02
1693,106.242,-79.9732,1.71E+00,8.14E+01,3.09E+01,9.78E+01
1694,118.731,-106.15,8.79E-01,7.74E+01,2.29E+01,9.65E+01
1695,112.484,-106.129,1.05E+00,7.91E+01,2.46E+01,9.76E+01
1696,106.238,-106.149,1.21E+00,8.11E+01,2.58E+01,9.92E+01
1697,112.486,-99.7056,1.17E+00,8.07E+01,2.56E+01,9.84E+01
1698,118.742,-99.7311,9.65E-01,7.87E+01,2.37E+01,9.68E+01
1699,106.231,-99.7283,1.35E+00,8.28E+01,2.71E+01,1.01E+02
1700,112.482,-118.737,7.80E-01,7.51E+01,2.21E+01,9.55E+01
1701,112.482,-112.452,9.25E-01,7.70E+01,2.35E+01,9.62E+01
1702,118.735,-118.735,6.66E-01,7.21E+01,2.11E+01,9.41E+01
1703,118.734,-112.462,7.80E-01,7.49E+01,2.21E+01,9.53E+01
1704,106.23,-118.739,8.78E-01,7.78E+01,2.28E+01,9.68E+01
1705,106.232,-112.464,1.05E+00,7.93E+01,2.45E+01,9.77E+01
1706,-106.232,124.995,6.85E-01,7.55E+01,2.06E+01,9.68E+01
1707,-112.483,124.992,6.16E-01,7.35E+01,2.02E+01,9.61E+01
1708,-118.735,124.99,5.34E-01,7.00E+01,1.97E+01,9.46E+01
1709,-124.989,124.989,4.36E-01,6.63E+01,1.89E+01,9.37E+01
1710,-124.99,118.735,5.34E-01,7.03E+01,1.97E+01,9.48E+01
1711,-124.992,112.483,6.16E-01,7.39E+01,2.02E+01,9.64E+01
1712,-124.995,106.232,6.86E-01,7.61E+01,2.06E+01,9.72E+01
1713,-124.997,99.9812,7.45E-01,7.67E+01,2.12E+01,9.68E+01
1714,-125,93.3146,7.99E-01,7.59E+01,2.19E+01,9.54E+01
1715,-125.004,86.6487,8.45E-01,7.40E+01,2.29E+01,9.30E+01
1716,-125.007,79.983,8.85E-01,7.12E+01,2.40E+01,9.01E+01
1717,-125.01,73.3177,9.20E-01,6.80E+01,2.53E+01,8.67E+01
1718,-125.012,66.6525,9.51E-01,6.46E+01,2.67E+01,8.32E+01
1719,-125.015,59.9873,9.79E-01,6.12E+01,2.81E+01,7.97E+01
1720,-125.017,53.3222,1.00E+00,5.79E+01,2.97E+01,7.61E+01
1721,-125.019,46.6571,1.02E+00,5.49E+01,3.13E+01,7.27E+01
1722,-125.021,39.992,1.04E+00,5.20E+01,3.30E+01,6.92E+01
1723,-125.023,33.3268,1.06E+00,4.94E+01,3.48E+01,6.59E+01
1724,-125.024,26.6616,1.07E+00,4.70E+01,3.66E+01,6.25E+01
1725,-125.025,19.9963,1.08E+00,4.49E+01,3.85E+01,5.92E+01
1726,-125.026,13.3311,1.09E+00,4.30E+01,4.05E+01,5.58E+01
1727,-125.026,6.66578,1.09E+00,4.12E+01,4.25E+01,5.25E+01
1728,-125.026,0.000488351,1.09E+00,3.96E+01,4.47E+01,4.92E+01
1729,-125.026,-6.66479,1.09E+00,3.82E+01,4.70E+01,4.58E+01
1730,-125.025,-13.33,1.08E+00,3.69E+01,4.94E+01,4.24E+01
1731,-125.024,-19.9953,1.07E+00,3.58E+01,5.20E+01,3.90E+01
1732,-125.023,-26.6605,1.06E+00,3.47E+01,5.47E+01,3.56E+01
1733,-125.022,-33.3256,1.05E+00,3.38E+01,5.76E+01,3.20E+01
1734,-125.02,-39.9907,1.03E+00,3.30E+01,6.07E+01,2.85E+01
1735,-125.018,-46.6558,1.01E+00,3.23E+01,6.41E+01,2.49E+01
1736,-125.015,-53.3208,9.84E-01,3.18E+01,6.76E+01,2.13E+01
1737,-125.013,-59.9859,9.56E-01,3.13E+01,7.13E+01,1.77E+01
1738,-125.01,-66.651,9.24E-01,3.11E+01,7.51E+01,1.43E+01
1739,-125.007,-73.316,8.88E-01,3.09E+01,7.89E+01,1.14E+01
1740,-125.003,-79.9814,8.46E-01,3.09E+01,8.25E+01,9.75E+00
1741,-125,-86.647,7.98E-01,3.11E+01,8.56E+01,9.90E+00
1742,-124.996,-93.3129,7.44E-01,3.14E+01,8.80E+01,1.19E+01
1743,-124.993,-99.9794,6.80E-01,3.18E+01,8.92E+01,1.49E+01
1744,-124.991,-106.23,6.12E-01,3.23E+01,8.90E+01,1.83E+01
1745,-124.988,-112.481,5.34E-01,3.25E+01,8.73E+01,2.14E+01
1746,-124.986,-118.733,4.46E-01,3.21E+01,8.42E+01,2.38E+01
1747,-124.986,-124.986,3.47E-01,3.04E+01,8.08E+01,2.47E+01
1748,-118.733,-124.987,4.46E-01,3.21E+01,8.40E+01,2.38E+01
1749,-112.481,-124.988,5.35E-01,3.25E+01,8.69E+01,2.14E+01
1750,-106.23,-124.991,6.13E-01,3.23E+01,8.84E+01,1.83E+01
1751,-118.779,0.00067855,1.47E+00,4.46E+01,4.74E+01,4.73E+01
1752,-112.532,0.000863155,1.87E+00,4.80E+01,4.95E+01,4.71E+01
1753,-106.284,0.00105137,2.26E+00,5.06E+01,5.15E+01,4.76E+01
1754,-118.76,66.6492,1.27E+00,6.90E+01,2.95E+01,8.41E+01
1755,-112.507,66.6458,1.58E+00,7.24E+01,3.18E+01,8.69E+01
1756,-106.253,66.6426,1.89E+00,7.56E+01,3.38E+01,9.07E+01
1757,-118.742,99.7719,9.66E-01,7.93E+01,2.38E+01,9.73E+01
1758,-112.486,99.7699,1.17E+00,8.12E+01,2.56E+01,9.89E+01
1759,-106.231,99.7691,1.36E+00,8.30E+01,2.71E+01,1.01E+02
1760,-112.483,106.144,1.06E+00,7.95E+01,2.46E+01,9.79E+01
1761,-112.482,112.482,9.25E-01,7.71E+01,2.36E+01,9.65E+01
1762,-112.482,118.737,7.80E-01,7.51E+01,2.22E+01,9.56E+01
1763,-118.737,112.482,7.80E-01,7.54E+01,2.22E+01,9.58E+01
1764,-118.732,106.159,8.80E-01,7.80E+01,2.30E+01,9.70E+01
1765,-118.735,118.735,6.66E-01,7.24E+01,2.13E+01,9.44E+01
1766,-106.229,112.483,1.05E+00,7.92E+01,2.47E+01,9.77E+01
1767,-106.236,106.158,1.21E+00,8.11E+01,2.59E+01,9.93E+01
1768,-106.23,118.739,8.78E-01,7.75E+01,2.30E+01,9.67E+01
1769,-118.749,86.645,1.11E+00,7.78E+01,2.57E+01,9.43E+01
1770,-112.493,86.6418,1.36E+00,8.08E+01,2.78E+01,9.70E+01
1771,-106.237,86.6392,1.60E+00,8.37E+01,2.96E+01,1.01E+02
1772,-112.489,93.2235,1.27E+00,8.17E+01,2.67E+01,9.86E+01
1773,-118.752,93.2404,1.04E+00,7.92E+01,2.47E+01,9.64E+01
1774,-106.226,93.2358,1.49E+00,8.41E+01,2.83E+01,1.01E+02
1775,-112.502,73.3107,1.52E+00,7.57E+01,3.04E+01,9.08E+01
1776,-112.498,79.9759,1.45E+00,7.87E+01,2.91E+01,9.43E+01
1777,-118.757,73.3141,1.22E+00,7.24E+01,2.81E+01,8.79E+01
1778,-118.753,79.9794,1.17E+00,7.54E+01,2.69E+01,9.14E+01
1779,-106.247,73.3074,1.80E+00,7.90E+01,3.23E+01,9.48E+01
1780,-106.242,79.9728,1.71E+00,8.19E+01,3.09E+01,9.83E+01
1781,-118.775,33.3253,1.43E+00,5.38E+01,3.75E+01,6.53E+01
1782,-112.526,33.3237,1.80E+00,5.67E+01,3.98E+01,6.65E+01
1783,-106.276,33.3221,2.17E+00,5.89E+01,4.18E+01,6.86E+01
1784,-118.767,53.3196,1.34E+00,6.24E+01,3.25E+01,7.65E+01
1785,-112.516,53.3169,1.69E+00,6.55E+01,3.48E+01,7.86E+01
1786,-106.263,53.3141,2.03E+00,6.82E+01,3.68E+01,8.18E+01
1787,-112.511,59.9813,1.64E+00,6.89E+01,3.32E+01,8.27E+01
1788,-118.764,59.9843,1.31E+00,6.57E+01,3.09E+01,8.03E+01
1789,-106.258,59.9782,1.96E+00,7.18E+01,3.53E+01,8.63E+01
1790,-112.523,39.9881,1.77E+00,5.93E+01,3.80E+01,7.05E+01
1791,-112.519,46.6525,1.73E+00,6.22E+01,3.64E+01,7.45E+01
1792,-118.772,39.9901,1.40E+00,5.64E+01,3.58E+01,6.90E+01
1793,-118.77,46.6548,1.38E+00,5.93E+01,3.41E+01,7.27E+01
1794,-106.272,39.9861,2.13E+00,6.16E+01,4.01E+01,7.29E+01
1795,-106.268,46.6501,2.08E+00,6.47E+01,3.84E+01,7.73E+01
1796,-118.778,19.9955,1.46E+00,4.95E+01,4.12E+01,5.80E+01
1797,-112.53,19.9947,1.84E+00,5.25E+01,4.34E+01,5.86E+01
1798,-106.282,19.9938,2.24E+00,5.47E+01,4.54E+01,6.01E+01
1799,-112.528,26.6592,1.82E+00,5.44E+01,4.15E+01,6.25E+01
1800,-118.776,26.6604,1.44E+00,5.15E+01,3.93E+01,6.16E+01
1801,-106.279,26.658,2.21E+00,5.66E+01,4.36E+01,6.43E+01
1802,-112.532,6.66548,1.87E+00,4.93E+01,4.74E+01,5.09E+01
1803,-112.531,13.3301,1.86E+00,5.08E+01,4.53E+01,5.48E+01
1804,-118.779,6.66563,1.47E+00,4.61E+01,4.52E+01,5.09E+01
1805,-118.779,13.3306,1.47E+00,4.77E+01,4.32E+01,5.44E+01
1806,-106.284,6.66533,2.26E+00,5.17E+01,4.93E+01,5.18E+01
1807,-106.283,13.3296,2.25E+00,5.31E+01,4.73E+01,5.59E+01
1808,-118.761,-59.9823,1.28E+00,3.73E+01,7.48E+01,1.49E+01
1809,-112.508,-59.9787,1.60E+00,4.15E+01,7.81E+01,1.38E+01
1810,-106.253,-59.9749,1.91E+00,4.50E+01,8.18E+01,1.34E+01
1811,-118.775,-26.6589,1.43E+00,4.03E+01,5.75E+01,3.29E+01
1812,-112.526,-26.6573,1.81E+00,4.42E+01,5.99E+01,3.18E+01
1813,-106.277,-26.6556,2.19E+00,4.74E+01,6.21E+01,3.15E+01
1814,-118.778,-13.3291,1.46E+00,4.22E+01,5.21E+01,4.01E+01
1815,-112.53,-13.3283,1.85E+00,4.58E+01,5.43E+01,3.94E+01
1816,-106.282,-13.3274,2.24E+00,4.88E+01,5.63E+01,3.95E+01
1817,-112.532,-6.66371,1.86E+00,4.68E+01,5.18E+01,4.32E+01
1818,-118.779,-6.66425,1.47E+00,4.34E+01,4.97E+01,4.37E+01
1819,-106.284,-6.66318,2.26E+00,4.96E+01,5.38E+01,4.36E+01
1820,-112.529,-19.9928,1.83E+00,4.50E+01,5.70E+01,3.56E+01
1821,-118.777,-19.9941,1.45E+00,4.12E+01,5.47E+01,3.65E+01
1822,-106.28,-19.9915,2.22E+00,4.81E+01,5.91E+01,3.55E+01
1823,-118.77,-39.9884,1.38E+00,3.88E+01,6.38E+01,2.56E+01
1824,-112.52,-39.9859,1.74E+00,4.29E+01,6.64E+01,2.43E+01
1825,-106.269,-39.9833,2.10E+00,4.63E+01,6.91E+01,2.38E+01
1826,-112.524,-33.3217,1.78E+00,4.35E+01,6.30E+01,2.81E+01
1827,-118.773,-33.3237,1.41E+00,3.95E+01,6.05E+01,2.92E+01
1828,-106.273,-33.3195,2.15E+00,4.68E+01,6.54E+01,2.76E+01
1829,-112.512,-53.3144,1.65E+00,4.19E+01,7.40E+01,1.71E+01
1830,-112.516,-46.6501,1.70E+00,4.24E+01,7.01E+01,2.06E+01
1831,-118.764,-53.3176,1.32E+00,3.77E+01,7.09E+01,1.83E+01
1832,-118.768,-46.6531,1.35E+00,3.82E+01,6.72E+01,2.19E+01
1833,-106.259,-53.3109,1.98E+00,4.54E+01,7.73E+01,1.65E+01
1834,-106.264,-46.6472,2.05E+00,4.59E+01,7.31E+01,2.00E+01
1835,-118.749,-93.2289,9.76E-01,3.66E+01,9.10E+01,1.35E+01
1836,-112.484,-93.2051,1.20E+00,3.99E+01,9.38E+01,1.39E+01
1837,-106.22,-93.2228,1.41E+00,4.22E+01,9.67E+01,1.36E+01
1838,-118.753,-73.3119,1.18E+00,3.68E+01,8.26E+01,9.99E+00
1839,-112.498,-73.3077,1.46E+00,4.09E+01,8.63E+01,9.84E+00
1840,-106.242,-73.3037,1.74E+00,4.40E+01,9.03E+01,9.94E+00
1841,-112.503,-66.643,1.54E+00,4.12E+01,8.23E+01,1.13E+01
1842,-118.757,-66.647,1.23E+00,3.70E+01,7.87E+01,1.20E+01
1843,-106.248,-66.639,1.83E+00,4.45E+01,8.62E+01,1.11E+01
1844,-112.488,-86.6086,1.30E+00,4.02E+01,9.24E+01,1.16E+01
1845,-112.493,-79.9729,1.39E+00,4.05E+01,8.98E+01,1.00E+01
1846,-118.748,-86.6226,1.05E+00,3.66E+01,8.91E+01,1.10E+01
1847,-118.749,-79.9771,1.12E+00,3.66E+01,8.61E+01,9.60E+00
1848,-106.229,-86.6153,1.53E+00,4.29E+01,9.60E+01,1.16E+01
1849,-106.237,-79.9691,1.64E+00,4.35E+01,9.37E+01,1.02E+01
1850,-118.726,-106.147,7.97E-01,3.65E+01,9.08E+01,1.94E+01
1851,-112.479,-106.125,9.68E-01,3.90E+01,9.24E+01,1.88E+01
1852,-106.234,-106.145,1.12E+00,4.05E+01,9.41E+01,1.74E+01
1853,-112.481,-99.702,1.09E+00,3.95E+01,9.38E+01,1.65E+01
1854,-118.737,-99.7283,8.91E-01,3.66E+01,9.16E+01,1.65E+01
1855,-106.226,-99.7239,1.27E+00,4.14E+01,9.59E+01,1.56E+01
1856,-112.479,-118.733,6.91E-01,3.61E+01,8.83E+01,2.19E+01
1857,-112.478,-112.448,8.36E-01,3.80E+01,9.02E+01,2.07E+01
1858,-118.732,-118.732,5.74E-01,3.49E+01,8.59E+01,2.36E+01
1859,-118.73,-112.459,6.92E-01,3.61E+01,8.86E+01,2.19E+01
1860,-106.227,-118.735,7.96E-01,3.65E+01,9.03E+01,1.94E+01
1861,-106.228,-112.459,9.66E-01,3.90E+01,9.21E+01,1.88E+01
1862,124.989,-131.243,3.20E-01,6.30E+01,1.64E+01,9.49E+01
1863,124.991,-137.499,1.91E-01,5.92E+01,1.18E+01,1.02E+02
1864,124.994,-143.752,6.52E-02,4.71E+01,9.94E+00,1.17E+02
1865,125,-150,0.00E+00,3.78E+01,1.12E+01,1.29E+02
1866,118.75,-150,0.00E+00,3.51E+01,1.22E+01,1.34E+02
1867,112.5,-150,0.00E+00,3.15E+01,1.27E+01,1.38E+02
1868,106.25,-150,0.00E+00,2.73E+01,1.26E+01,1.40E+02
1869,100,-150,0.00E+00,2.28E+01,1.19E+01,1.40E+02
1870,93.3333,-150,0.00E+00,1.79E+01,1.09E+01,1.40E+02
1871,86.6667,-150,0.00E+00,1.30E+01,9.77E+00,1.39E+02
1872,80,-150,0.00E+00,8.45E+00,8.48E+00,1.38E+02
1873,73.3333,-150,0.00E+00,5.12E+00,7.11E+00,1.36E+02
1874,66.6667,-150,0.00E+00,4.90E+00,5.72E+00,1.34E+02
1875,60,-150,0.00E+00,7.64E+00,4.41E+00,1.32E+02
1876,53.3333,-150,0.00E+00,1.13E+01,3.36E+00,1.30E+02
1877,46.6667,-150,0.00E+00,1.49E+01,2.94E+00,1.28E+02
1878,40,-150,0.00E+00,1.84E+01,3.43E+00,1.26E+02
1879,33.3333,-150,0.00E+00,2.16E+01,4.63E+00,1.24E+02
1880,26.6667,-150,0.00E+00,2.46E+01,6.21E+00,1.22E+02
1881,20,-150,0.00E+00,2.74E+01,8.01E+00,1.20E+02
1882,13.3333,-150,0.00E+00,2.99E+01,9.95E+00,1.18E+02
1883,6.66667,-150,0.00E+00,3.22E+01,1.20E+01,1.15E+02
1884,0,-150,0.00E+00,3.44E+01,1.42E+01,1.13E+02
1885,-6.66667,-150,0.00E+00,3.63E+01,1.65E+01,1.10E+02
1886,-13.3333,-150,0.00E+00,3.81E+01,1.89E+01,1.07E+02
1887,-20,-150,0.00E+00,3.96E+01,2.15E+01,1.04E+02
1888,-26.6667,-150,0.00E+00,4.10E+01,2.42E+01,1.01E+02
1889,-33.3333,-150,0.00E+00,4.23E+01,2.71E+01,9.78E+01
1890,-40,-150,0.00E+00,4.33E+01,3.02E+01,9.44E+01
1891,-46.6667,-150,0.00E+00,4.42E+01,3.34E+01,9.08E+01
1892,-53.3333,-150,0.00E+00,4.49E+01,3.69E+01,8.70E+01
1893,-60,-150,0.00E+00,4.53E+01,4.05E+01,8.29E+01
1894,-66.6667,-150,0.00E+00,4.55E+01,4.45E+01,7.86E+01
1895,-73.3333,-150,0.00E+00,4.53E+01,4.86E+01,7.38E+01
1896,-80,-150,0.00E+00,4.47E+01,5.29E+01,6.87E+01
1897,-86.6667,-150,0.00E+00,4.35E+01,5.74E+01,6.30E+01
1898,-93.3333,-150,0.00E+00,4.15E+01,6.19E+01,5.67E+01
1899,-100,-150,0.00E+00,3.86E+01,6.61E+01,4.98E+01
1900,-106.25,-150,0.00E+00,3.47E+01,7.00E+01,4.23E+01
1901,-112.5,-150,0.00E+00,2.94E+01,7.32E+01,3.41E+01
1902,-118.75,-150,0.00E+00,2.28E+01,7.57E+01,2.55E+01
1903,-125,-150,0.00E+00,1.54E+01,7.72E+01,1.71E+01
1904,-124.994,-143.748,4.32E-02,1.28E+01,7.77E+01,1.48E+01
1905,-124.99,-137.495,1.33E-01,1.65E+01,7.82E+01,1.69E+01
1906,-124.987,-131.24,2.40E-01,2.60E+01,7.87E+01,2.30E+01
1907,-0.000472028,-143.761,1.22E-01,2.02E+01,2.25E+01,9.43E+01
1908,1.36E-05,-137.517,3.89E-01,1.64E+01,3.44E+01,6.71E+01
1909,0.000104988,-131.272,7.23E-01,3.21E+01,4.02E+01,5.44E+01
1910,66.6624,-143.759,1.11E-01,1.99E+01,9.39E+00,1.18E+02
1911,66.6592,-137.512,3.50E-01,4.42E+01,1.65E+01,9.50E+01
1912,66.6557,-131.263,6.42E-01,5.80E+01,2.24E+01,8.57E+01
1913,99.7875,-143.756,9.43E-02,3.83E+01,1.01E+01,1.26E+02
1914,99.7828,-137.505,2.90E-01,6.13E+01,1.15E+01,1.06E+02
1915,99.7785,-131.252,5.18E-01,7.18E+01,1.71E+01,9.86E+01
1916,106.154,-137.504,2.72E-01,6.30E+01,1.12E+01,1.07E+02
1917,112.489,-137.502,2.50E-01,6.34E+01,1.11E+01,1.06E+02
1918,118.74,-137.501,2.24E-01,6.23E+01,1.13E+01,1.05E+02
1919,112.494,-143.754,8.32E-02,4.47E+01,1.03E+01,1.25E+02
1920,106.173,-143.748,8.94E-02,4.19E+01,1.03E+01,1.26E+02
1921,118.744,-143.753,7.54E-02,4.65E+01,1.02E+01,1.22E+02
1922,112.486,-131.248,4.37E-01,7.09E+01,1.64E+01,9.88E+01
1923,106.164,-131.257,4.80E-01,7.21E+01,1.66E+01,9.92E+01
1924,118.737,-131.246,3.84E-01,6.78E+01,1.64E+01,9.72E+01
1925,86.6612,-143.757,1.03E-01,3.00E+01,9.71E+00,1.24E+02
1926,86.6569,-137.508,3.19E-01,5.54E+01,1.30E+01,1.03E+02
1927,86.6526,-131.257,5.78E-01,6.79E+01,1.87E+01,9.48E+01
1928,93.238,-137.507,3.06E-01,5.86E+01,1.21E+01,1.05E+02
1929,93.2566,-143.764,9.86E-02,3.43E+01,9.91E+00,1.26E+02
1930,93.2477,-131.248,5.50E-01,7.03E+01,1.78E+01,9.70E+01
1931,73.3251,-137.511,3.41E-01,4.79E+01,1.52E+01,9.78E+01
1932,79.991,-137.51,3.31E-01,5.17E+01,1.40E+01,1.01E+02
1933,73.3287,-143.759,1.09E-01,2.20E+01,9.44E+00,1.20E+02
1934,79.9949,-143.758,1.06E-01,2.57E+01,9.55E+00,1.22E+02
1935,73.3213,-131.261,6.23E-01,6.15E+01,2.10E+01,8.89E+01
1936,79.9869,-131.259,6.02E-01,6.48E+01,1.98E+01,9.20E+01
1937,33.331,-143.761,1.20E-01,1.97E+01,1.28E+01,1.07E+02
1938,33.3298,-137.516,3.80E-01,2.77E+01,2.45E+01,8.11E+01
1939,33.3281,-131.27,7.05E-01,4.26E+01,3.04E+01,6.98E+01
1940,53.3299,-143.76,1.15E-01,1.93E+01,9.68E+00,1.14E+02
1941,53.3274,-137.514,3.65E-01,3.70E+01,1.95E+01,8.94E+01
1942,53.3247,-131.266,6.73E-01,5.13E+01,2.54E+01,7.92E+01
1943,59.9933,-137.513,3.58E-01,4.05E+01,1.80E+01,9.22E+01
1944,59.9961,-143.76,1.13E-01,1.93E+01,9.44E+00,1.16E+02
1945,59.9902,-131.265,6.58E-01,5.46E+01,2.38E+01,8.25E+01
1946,39.9957,-137.516,3.76E-01,3.06E+01,2.28E+01,8.39E+01
1947,46.6616,-137.515,3.71E-01,3.37E+01,2.11E+01,8.66E+01
1948,39.9973,-143.761,1.18E-01,1.96E+01,1.14E+01,1.09E+02
1949,46.6636,-143.76,1.17E-01,1.94E+01,1.03E+01,1.11E+02
1950,39.9937,-131.269,6.96E-01,4.52E+01,2.87E+01,7.29E+01
1951,46.6592,-131.268,6.85E-01,4.81E+01,2.70E+01,7.61E+01
1952,19.9984,-143.761,1.21E-01,1.99E+01,1.64E+01,1.02E+02
1953,19.9979,-137.517,3.86E-01,2.26E+01,2.82E+01,7.56E+01
1954,19.997,-131.271,7.18E-01,3.78E+01,3.41E+01,6.37E+01
1955,26.6638,-137.517,3.84E-01,2.51E+01,2.63E+01,7.84E+01
1956,26.6647,-143.761,1.20E-01,1.98E+01,1.45E+01,1.04E+02
1957,26.6626,-131.271,7.12E-01,4.01E+01,3.22E+01,6.67E+01
1958,6.66597,-137.517,3.89E-01,1.83E+01,3.22E+01,7.00E+01
1959,13.3319,-137.517,3.88E-01,2.04E+01,3.02E+01,7.28E+01
1960,6.66583,-143.761,1.22E-01,2.01E+01,2.04E+01,9.69E+01
1961,13.3321,-143.761,1.22E-01,2.00E+01,1.83E+01,9.95E+01
1962,6.66573,-131.272,7.23E-01,3.38E+01,3.81E+01,5.75E+01
1963,13.3313,-131.272,7.21E-01,3.57E+01,3.61E+01,6.06E+01
1964,-59.9969,-143.759,1.10E-01,2.58E+01,4.85E+01,6.48E+01
1965,-59.9931,-137.512,3.48E-01,1.15E+01,5.99E+01,3.74E+01
1966,-59.9897,-131.263,6.41E-01,2.23E+01,6.59E+01,2.39E+01
1967,-26.6657,-143.761,1.19E-01,2.15E+01,3.24E+01,8.26E+01
1968,-26.6638,-137.516,3.80E-01,1.14E+01,4.41E+01,5.50E+01
1969,-26.6623,-131.27,7.05E-01,2.64E+01,5.00E+01,4.16E+01
1970,-13.333,-143.761,1.21E-01,2.04E+01,2.72E+01,8.87E+01
1971,-13.3319,-137.517,3.86E-01,1.32E+01,3.90E+01,6.12E+01
1972,-13.3311,-131.271,7.18E-01,2.90E+01,4.48E+01,4.81E+01
1973,-6.66591,-137.517,3.88E-01,1.47E+01,3.66E+01,6.42E+01
1974,-6.66676,-143.761,1.21E-01,2.03E+01,2.48E+01,9.15E+01
1975,-6.66549,-131.272,7.22E-01,3.05E+01,4.25E+01,5.12E+01
1976,-19.9978,-137.517,3.83E-01,1.20E+01,4.15E+01,5.81E+01
1977,-19.9994,-143.761,1.20E-01,2.08E+01,2.98E+01,8.57E+01
1978,-19.9967,-131.271,7.13E-01,2.76E+01,4.73E+01,4.48E+01
1979,-39.9982,-143.76,1.16E-01,2.36E+01,3.83E+01,7.60E+01
1980,-39.9955,-137.515,3.70E-01,1.13E+01,4.99E+01,4.83E+01
1981,-39.9933,-131.268,6.86E-01,2.44E+01,5.58E+01,3.48E+01
1982,-33.3297,-137.516,3.75E-01,1.13E+01,4.69E+01,5.17E+01
1983,-33.332,-143.761,1.18E-01,2.26E+01,3.53E+01,7.94E+01
1984,-33.3279,-131.269,6.96E-01,2.53E+01,5.28E+01,3.82E+01
1985,-53.3273,-137.513,3.56E-01,1.14E+01,5.64E+01,4.12E+01
1986,-46.6613,-137.514,3.64E-01,1.13E+01,5.30E+01,4.48E+01
1987,-53.3307,-143.759,1.13E-01,2.53E+01,4.49E+01,6.87E+01
1988,-46.6645,-143.76,1.15E-01,2.45E+01,4.15E+01,7.25E+01
1989,-53.3242,-131.265,6.58E-01,2.29E+01,6.24E+01,2.76E+01
1990,-46.6588,-131.267,6.73E-01,2.35E+01,5.90E+01,3.12E+01
1991,-93.2482,-143.763,9.07E-02,2.39E+01,6.84E+01,4.01E+01
1992,-93.2223,-137.505,2.81E-01,1.19E+01,7.79E+01,1.67E+01
1993,-93.2377,-131.243,5.09E-01,2.28E+01,8.32E+01,1.04E+01
1994,-73.3293,-143.758,1.04E-01,2.62E+01,5.62E+01,5.60E+01
1995,-73.3247,-137.51,3.27E-01,1.17E+01,6.74E+01,2.92E+01
1996,-73.3205,-131.259,5.99E-01,2.19E+01,7.33E+01,1.64E+01
1997,-66.6588,-137.511,3.38E-01,1.16E+01,6.36E+01,3.33E+01
1998,-66.6631,-143.758,1.08E-01,2.62E+01,5.23E+01,6.05E+01
1999,-66.655,-131.261,6.21E-01,2.20E+01,6.96E+01,2.01E+01
2000,-86.6263,-137.506,2.99E-01,1.18E+01,7.47E+01,2.05E+01
2001,-79.9906,-137.508,3.14E-01,1.18E+01,7.11E+01,2.48E+01
2002,-86.6418,-143.759,9.61E-02,2.52E+01,6.44E+01,4.58E+01
2003,-79.9956,-143.757,1.01E-01,2.59E+01,6.03E+01,5.11E+01
2004,-86.6317,-131.251,5.43E-01,2.23E+01,8.03E+01,1.09E+01
2005,-79.9861,-131.257,5.73E-01,2.19E+01,7.70E+01,1.32E+01
2006,-106.164,-143.744,7.71E-02,1.99E+01,7.50E+01,2.79E+01
2007,-106.138,-137.501,2.36E-01,1.24E+01,8.22E+01,1.28E+01
2008,-106.154,-131.255,4.23E-01,2.46E+01,8.59E+01,1.46E+01
2009,-99.7177,-137.503,2.60E-01,1.20E+01,8.05E+01,1.40E+01
2010,-99.7469,-143.754,8.47E-02,2.21E+01,7.20E+01,3.40E+01
2011,-99.7364,-131.249,4.69E-01,2.37E+01,8.51E+01,1.18E+01
2012,-118.739,-137.497,1.73E-01,1.51E+01,8.13E+01,1.48E+01
2013,-112.459,-137.499,2.07E-01,1.35E+01,8.25E+01,1.31E+01
2014,-118.744,-143.75,5.65E-02,1.53E+01,7.81E+01,1.80E+01
2015,-112.474,-143.749,6.77E-02,1.76E+01,7.71E+01,2.23E+01
2016,-118.735,-131.242,3.09E-01,2.63E+01,8.28E+01,2.12E+01
2017,-112.464,-131.247,3.70E-01,2.56E+01,8.52E+01,1.81E+01
2018,124.987,131.24,2.39E-01,2.58E+01,7.80E+01,2.29E+01
2019,124.99,137.495,1.31E-01,1.64E+01,7.75E+01,1.67E+01
2020,124.994,143.748,4.15E-02,1.29E+01,7.72E+01,1.51E+01
2021,125,150,0.00E+00,1.58E+01,7.69E+01,1.79E+01
2022,118.75,150,0.00E+00,2.33E+01,7.57E+01,2.66E+01
2023,112.5,150,0.00E+00,2.99E+01,7.35E+01,3.54E+01
2024,106.25,150,0.00E+00,3.52E+01,7.05E+01,4.38E+01
2025,100,150,0.00E+00,3.93E+01,6.69E+01,5.14E+01
2026,93.3333,150,0.00E+00,4.24E+01,6.28E+01,5.85E+01
2027,86.6667,150,0.00E+00,4.45E+01,5.84E+01,6.49E+01
2028,80,150,0.00E+00,4.58E+01,5.40E+01,7.06E+01
2029,73.3333,150,0.00E+00,4.66E+01,4.97E+01,7.58E+01
2030,66.6667,150,0.00E+00,4.70E+01,4.56E+01,8.05E+01
2031,60,150,0.00E+00,4.69E+01,4.16E+01,8.49E+01
2032,53.3333,150,0.00E+00,4.66E+01,3.79E+01,8.89E+01
2033,46.6667,150,0.00E+00,4.61E+01,3.44E+01,9.27E+01
2034,40,150,0.00E+00,4.53E+01,3.10E+01,9.62E+01
2035,33.3333,150,0.00E+00,4.43E+01,2.79E+01,9.95E+01
2036,26.6667,150,0.00E+00,4.32E+01,2.49E+01,1.03E+02
2037,20,150,0.00E+00,4.19E+01,2.21E+01,1.06E+02
2038,13.3333,150,0.00E+00,4.03E+01,1.95E+01,1.08E+02
2039,6.66667,150,0.00E+00,3.86E+01,1.70E+01,1.11E+02
2040,0,150,0.00E+00,3.68E+01,1.46E+01,1.14E+02
2041,-6.66667,150,0.00E+00,3.47E+01,1.23E+01,1.16E+02
2042,-13.3333,150,0.00E+00,3.24E+01,1.01E+01,1.18E+02
2043,-20,150,0.00E+00,2.99E+01,8.10E+00,1.21E+02
2044,-26.6667,150,0.00E+00,2.71E+01,6.22E+00,1.23E+02
2045,-33.3333,150,0.00E+00,2.41E+01,4.54E+00,1.25E+02
2046,-40,150,0.00E+00,2.09E+01,3.27E+00,1.27E+02
2047,-46.6667,150,0.00E+00,1.75E+01,2.80E+00,1.28E+02
2048,-53.3333,150,0.00E+00,1.38E+01,3.33E+00,1.30E+02
2049,-60,150,0.00E+00,9.99E+00,4.50E+00,1.32E+02
2050,-66.6667,150,0.00E+00,6.38E+00,5.92E+00,1.34E+02
2051,-73.3333,150,0.00E+00,4.61E+00,7.39E+00,1.36E+02
2052,-80,150,0.00E+00,6.38E+00,8.83E+00,1.37E+02
2053,-86.6667,150,0.00E+00,1.06E+01,1.02E+01,1.39E+02
2054,-93.3333,150,0.00E+00,1.55E+01,1.14E+01,1.39E+02
2055,-100,150,0.00E+00,2.05E+01,1.24E+01,1.40E+02
2056,-106.25,150,0.00E+00,2.53E+01,1.31E+01,1.39E+02
2057,-112.5,150,0.00E+00,2.97E+01,1.34E+01,1.38E+02
2058,-118.75,150,0.00E+00,3.38E+01,1.30E+01,1.34E+02
2059,-125,150,0.00E+00,3.78E+01,1.14E+01,1.28E+02
2060,-124.994,143.752,6.51E-02,4.70E+01,1.03E+01,1.18E+02
2061,-124.99,137.499,1.91E-01,5.91E+01,1.23E+01,1.02E+02
2062,-124.989,131.243,3.21E-01,6.32E+01,1.68E+01,9.54E+01
2063,0.000491213,143.761,1.18E-01,2.03E+01,2.31E+01,9.54E+01
2064,-0.000106935,137.517,3.84E-01,1.43E+01,3.54E+01,6.81E+01
2065,-0.000454525,131.272,7.20E-01,3.02E+01,4.14E+01,5.50E+01
2066,66.6632,143.758,1.05E-01,2.74E+01,5.34E+01,6.19E+01
2067,66.6588,137.511,3.36E-01,1.16E+01,6.50E+01,3.40E+01
2068,66.6548,131.261,6.20E-01,2.13E+01,7.11E+01,2.03E+01
2069,99.7881,143.754,8.17E-02,2.25E+01,7.26E+01,3.50E+01
2070,99.7824,137.503,2.58E-01,1.19E+01,8.11E+01,1.42E+01
2071,99.7775,131.249,4.67E-01,2.34E+01,8.57E+01,1.17E+01
2072,106.154,137.501,2.33E-01,1.23E+01,8.25E+01,1.28E+01
2073,112.489,137.499,2.04E-01,1.34E+01,8.25E+01,1.30E+01
2074,118.739,137.497,1.70E-01,1.50E+01,8.09E+01,1.46E+01
2075,112.494,143.752,6.51E-02,1.79E+01,7.72E+01,2.30E+01
2076,106.173,143.746,7.43E-02,2.02E+01,7.53E+01,2.88E+01
2077,118.744,143.75,5.43E-02,1.55E+01,7.79E+01,1.85E+01
2078,112.484,131.244,3.68E-01,2.54E+01,8.51E+01,1.80E+01
2079,106.163,131.253,4.21E-01,2.44E+01,8.61E+01,1.45E+01
2080,118.735,131.242,3.07E-01,2.62E+01,8.24E+01,2.11E+01
2081,86.6619,143.756,9.32E-02,2.59E+01,6.54E+01,4.70E+01
2082,86.6565,137.506,2.96E-01,1.18E+01,7.58E+01,2.09E+01
2083,86.6516,131.254,5.42E-01,2.19E+01,8.15E+01,1.10E+01
2084,93.2375,137.505,2.79E-01,1.18E+01,7.88E+01,1.70E+01
2085,93.2573,143.762,8.78E-02,2.44E+01,6.92E+01,4.12E+01
2086,93.2467,131.245,5.07E-01,2.25E+01,8.40E+01,1.04E+01
2087,73.3247,137.51,3.25E-01,1.17E+01,6.87E+01,2.97E+01
2088,79.9905,137.508,3.12E-01,1.17E+01,7.24E+01,2.53E+01
2089,73.3294,143.758,1.01E-01,2.73E+01,5.74E+01,5.73E+01
2090,79.9956,143.757,9.76E-02,2.68E+01,6.14E+01,5.24E+01
2091,73.3203,131.259,5.98E-01,2.13E+01,7.48E+01,1.66E+01
2092,79.9859,131.256,5.72E-01,2.15E+01,7.83E+01,1.33E+01
2093,33.3319,143.761,1.15E-01,2.43E+01,3.62E+01,8.08E+01
2094,33.3295,137.516,3.72E-01,1.12E+01,4.82E+01,5.27E+01
2095,33.3274,131.269,6.95E-01,2.40E+01,5.43E+01,3.87E+01
2096,53.3307,143.759,1.10E-01,2.68E+01,4.60E+01,7.02E+01
2097,53.3271,137.513,3.54E-01,1.15E+01,5.78E+01,4.20E+01
2098,53.3239,131.265,6.57E-01,2.19E+01,6.39E+01,2.79E+01
2099,59.993,137.512,3.46E-01,1.15E+01,6.13E+01,3.81E+01
2100,59.997,143.759,1.07E-01,2.72E+01,4.96E+01,6.62E+01
2101,59.9893,131.263,6.40E-01,2.15E+01,6.75E+01,2.41E+01
2102,39.9954,137.515,3.67E-01,1.13E+01,5.13E+01,4.92E+01
2103,46.6613,137.514,3.61E-01,1.14E+01,5.45E+01,4.57E+01
2104,39.9982,143.76,1.13E-01,2.53E+01,3.93E+01,7.75E+01
2105,46.6645,143.76,1.11E-01,2.61E+01,4.25E+01,7.39E+01
2106,39.9929,131.268,6.84E-01,2.31E+01,5.73E+01,3.52E+01
2107,46.6584,131.266,6.71E-01,2.24E+01,6.05E+01,3.16E+01
2108,19.9994,143.761,1.17E-01,2.20E+01,3.05E+01,8.70E+01
2109,19.9977,137.517,3.80E-01,1.13E+01,4.27E+01,5.91E+01
2110,19.9963,131.271,7.10E-01,2.61E+01,4.87E+01,4.54E+01
2111,26.6636,137.516,3.76E-01,1.12E+01,4.54E+01,5.59E+01
2112,26.6657,143.761,1.16E-01,2.32E+01,3.33E+01,8.40E+01
2113,26.6619,131.27,7.03E-01,2.50E+01,5.14E+01,4.21E+01
2114,6.66584,137.517,3.84E-01,1.27E+01,3.77E+01,6.52E+01
2115,13.3318,137.517,3.82E-01,1.17E+01,4.01E+01,6.22E+01
2116,6.66679,143.761,1.18E-01,2.05E+01,2.54E+01,9.27E+01
2117,13.3331,143.761,1.17E-01,2.11E+01,2.79E+01,8.99E+01
2118,6.66516,131.272,7.18E-01,2.87E+01,4.38E+01,5.19E+01
2119,13.3308,131.271,7.15E-01,2.73E+01,4.62E+01,4.87E+01
2120,-59.9961,143.76,1.09E-01,1.93E+01,9.51E+00,1.16E+02
2121,-59.9934,137.513,3.53E-01,3.81E+01,1.83E+01,9.25E+01
2122,-59.9905,131.265,6.53E-01,5.26E+01,2.44E+01,8.24E+01
2123,-26.6648,143.761,1.16E-01,1.98E+01,1.47E+01,1.05E+02
2124,-26.6639,137.517,3.79E-01,2.27E+01,2.71E+01,7.92E+01
2125,-26.6629,131.271,7.08E-01,3.81E+01,3.32E+01,6.72E+01
2126,-13.3321,143.761,1.18E-01,2.01E+01,1.87E+01,1.00E+02
2127,-13.332,137.517,3.83E-01,1.81E+01,3.10E+01,7.37E+01
2128,-13.3316,131.272,7.17E-01,3.38E+01,3.71E+01,6.12E+01
2129,-6.66603,137.517,3.84E-01,1.61E+01,3.32E+01,7.09E+01
2130,-6.66579,143.761,1.18E-01,2.02E+01,2.08E+01,9.79E+01
2131,-6.66605,131.272,7.20E-01,3.19E+01,3.93E+01,5.81E+01
2132,-19.998,137.517,3.81E-01,2.03E+01,2.90E+01,7.65E+01
2133,-19.9984,143.761,1.17E-01,1.99E+01,1.66E+01,1.03E+02
2134,-19.9973,131.271,7.13E-01,3.58E+01,3.51E+01,6.42E+01
2135,-39.9973,143.761,1.14E-01,1.96E+01,1.14E+01,1.10E+02
2136,-39.9958,137.516,3.71E-01,2.81E+01,2.33E+01,8.45E+01
2137,-39.994,131.269,6.91E-01,4.32E+01,2.95E+01,7.32E+01
2138,-33.3299,137.516,3.75E-01,2.53E+01,2.52E+01,8.18E+01
2139,-33.3311,143.761,1.15E-01,1.97E+01,1.29E+01,1.07E+02
2140,-33.3285,131.27,7.00E-01,4.05E+01,3.13E+01,7.02E+01
2141,-53.3276,137.514,3.59E-01,3.45E+01,1.99E+01,8.98E+01
2142,-46.6616,137.515,3.65E-01,3.12E+01,2.16E+01,8.71E+01
2143,-53.3298,143.76,1.11E-01,1.93E+01,9.72E+00,1.14E+02
2144,-46.6636,143.76,1.13E-01,1.94E+01,1.03E+01,1.12E+02
2145,-53.325,131.266,6.68E-01,4.93E+01,2.61E+01,7.93E+01
2146,-46.6596,131.268,6.80E-01,4.61E+01,2.77E+01,7.63E+01
2147,-93.2476,143.765,9.47E-02,3.22E+01,1.01E+01,1.25E+02
2148,-93.2227,137.507,3.01E-01,5.70E+01,1.22E+01,1.05E+02
2149,-93.2388,131.247,5.47E-01,6.91E+01,1.81E+01,9.67E+01
2150,-73.3286,143.759,1.04E-01,2.06E+01,9.54E+00,1.20E+02
2151,-73.3251,137.511,3.36E-01,4.57E+01,1.54E+01,9.78E+01
2152,-73.3215,131.261,6.18E-01,5.97E+01,2.15E+01,8.87E+01
2153,-66.6592,137.512,3.45E-01,4.18E+01,1.68E+01,9.52E+01
2154,-66.6623,143.759,1.07E-01,1.94E+01,9.48E+00,1.18E+02
2155,-66.6559,131.263,6.37E-01,5.61E+01,2.29E+01,8.56E+01
2156,-86.6268,137.509,3.14E-01,5.35E+01,1.31E+01,1.03E+02
2157,-79.991,137.51,3.26E-01,4.96E+01,1.42E+01,1.00E+02
2158,-86.6411,143.76,9.84E-02,2.77E+01,9.85E+00,1.24E+02
2159,-79.9949,143.758,1.02E-01,2.35E+01,9.67E+00,1.22E+02
2160,-86.6327,131.254,5.74E-01,6.64E+01,1.91E+01,9.44E+01
2161,-79.9871,131.259,5.97E-01,6.32E+01,2.02E+01,9.17E+01
2162,-106.164,143.747,8.61E-02,4.03E+01,1.05E+01,1.26E+02
2163,-106.139,137.504,2.69E-01,6.21E+01,1.12E+01,1.07E+02
2164,-106.155,131.259,4.78E-01,7.16E+01,1.69E+01,9.91E+01
2165,-99.7182,137.506,2.86E-01,6.00E+01,1.16E+01,1.06E+02
2166,-99.7463,143.756,9.07E-02,3.64E+01,1.03E+01,1.26E+02
2167,-99.7374,131.252,5.15E-01,7.10E+01,1.74E+01,9.83E+01
2168,-118.739,137.501,2.23E-01,6.21E+01,1.15E+01,1.05E+02
2169,-112.459,137.503,2.48E-01,6.29E+01,1.11E+01,1.06E+02
2170,-118.743,143.754,7.34E-02,4.58E+01,1.06E+01,1.22E+02
2171,-112.474,143.752,8.03E-02,4.35E+01,1.06E+01,1.25E+02
2172,-118.737,131.246,3.84E-01,6.78E+01,1.68E+01,9.75E+01
2173,-112.465,131.251,4.36E-01,7.06E+01,1.67E+01,9.88E+01
2174,-131.25,150,0.00E+00,4.08E+01,8.75E+00,1.20E+02
2175,-137.5,150,0.00E+00,4.24E+01,5.86E+00,1.07E+02
2176,-143.75,150,0.00E+00,4.05E+01,3.87E+00,8.67E+01
2177,-150,150,0.00E+00,3.80E+01,3.21E+00,7.35E+01
2178,-150,143.75,0.00E+00,4.05E+01,3.88E+00,8.68E+01
2179,-150,137.5,0.00E+00,4.23E+01,6.01E+00,1.08E+02
2180,-150,131.25,0.00E+00,4.06E+01,8.98E+00,1.20E+02
2181,-150,125,0.00E+00,3.79E+01,1.14E+01,1.29E+02
2182,-150,118.75,0.00E+00,3.46E+01,1.27E+01,1.35E+02
2183,-150,112.5,0.00E+00,3.06E+01,1.32E+01,1.38E+02
2184,-150,106.25,0.00E+00,2.62E+01,1.30E+01,1.40E+02
2185,-150,100,0.00E+00,2.14E+01,1.23E+01,1.41E+02
2186,-150,93.3333,0.00E+00,1.65E+01,1.14E+01,1.40E+02
2187,-150,86.6667,0.00E+00,1.15E+01,1.02E+01,1.39E+02
2188,-150,80,0.00E+00,7.09E+00,8.88E+00,1.38E+02
2189,-150,73.3333,0.00E+00,4.71E+00,7.48E+00,1.36E+02
2190,-150,66.6667,0.00E+00,5.84E+00,6.04E+00,1.34E+02
2191,-150,60,0.00E+00,9.26E+00,4.65E+00,1.33E+02
2192,-150,53.3333,0.00E+00,1.31E+01,3.46E+00,1.31E+02
2193,-150,46.6667,0.00E+00,1.67E+01,2.82E+00,1.29E+02
2194,-150,40,0.00E+00,2.02E+01,3.13E+00,1.27E+02
2195,-150,33.3333,0.00E+00,2.34E+01,4.27E+00,1.25E+02
2196,-150,26.6667,0.00E+00,2.64E+01,5.87E+00,1.23E+02
2197,-150,20,0.00E+00,2.92E+01,7.69E+00,1.20E+02
2198,-150,13.3333,0.00E+00,3.17E+01,9.66E+00,1.18E+02
2199,-150,6.66667,0.00E+00,3.40E+01,1.18E+01,1.16E+02
2200,-150,-5.33E-14,0.00E+00,3.61E+01,1.40E+01,1.13E+02
2201,-150,-6.66667,0.00E+00,3.81E+01,1.63E+01,1.11E+02
2202,-150,-13.3333,0.00E+00,3.98E+01,1.88E+01,1.08E+02
2203,-150,-20,0.00E+00,4.13E+01,2.14E+01,1.05E+02
2204,-150,-26.6667,0.00E+00,4.27E+01,2.42E+01,1.02E+02
2205,-150,-33.3333,0.00E+00,4.38E+01,2.71E+01,9.90E+01
2206,-150,-40,0.00E+00,4.48E+01,3.03E+01,9.56E+01
2207,-150,-46.6667,0.00E+00,4.57E+01,3.36E+01,9.21E+01
2208,-150,-53.3333,0.00E+00,4.63E+01,3.71E+01,8.84E+01
2209,-150,-60,0.00E+00,4.66E+01,4.08E+01,8.43E+01
2210,-150,-66.6667,0.00E+00,4.67E+01,4.48E+01,8.00E+01
2211,-150,-73.3333,0.00E+00,4.64E+01,4.90E+01,7.53E+01
2212,-150,-80,0.00E+00,4.57E+01,5.34E+01,7.01E+01
2213,-150,-86.6667,0.00E+00,4.44E+01,5.79E+01,6.45E+01
2214,-150,-93.3333,0.00E+00,4.24E+01,6.24E+01,5.82E+01
2215,-150,-100,0.00E+00,3.94E+01,6.67E+01,5.12E+01
2216,-150,-106.25,0.00E+00,3.53E+01,7.06E+01,4.36E+01
2217,-150,-112.5,0.00E+00,3.00E+01,7.38E+01,3.53E+01
2218,-150,-118.75,0.00E+00,2.34E+01,7.63E+01,2.66E+01
2219,-150,-125,0.00E+00,1.59E+01,7.76E+01,1.80E+01
2220,-150,-131.25,0.00E+00,9.20E+00,7.74E+01,1.13E+01
2221,-150,-137.5,0.00E+00,5.57E+00,7.48E+01,7.75E+00
2222,-150,-143.75,0.00E+00,4.22E+00,6.59E+01,5.50E+00
2223,-150,-150,0.00E+00,3.63E+00,5.89E+01,4.21E+00
2224,-143.75,-150,0.00E+00,4.20E+00,6.58E+01,5.51E+00
2225,-137.5,-150,0.00E+00,5.39E+00,7.46E+01,7.67E+00
2226,-131.25,-150,0.00E+00,8.77E+00,7.70E+01,1.08E+01
2227,-143.761,-0.000545599,1.18E-01,2.05E+01,2.25E+01,9.49E+01
2228,-137.517,-7.79E-06,3.85E-01,1.53E+01,3.48E+01,6.75E+01
2229,-131.272,0.000268464,7.21E-01,3.11E+01,4.09E+01,5.46E+01
2230,-143.758,79.9948,1.02E-01,2.46E+01,9.67E+00,1.23E+02
2231,-137.51,79.9909,3.27E-01,5.09E+01,1.41E+01,1.01E+02
2232,-131.259,79.9869,5.99E-01,6.43E+01,2.01E+01,9.20E+01
2233,-143.753,118.744,7.32E-02,4.65E+01,1.04E+01,1.23E+02
2234,-137.501,118.739,2.23E-01,6.27E+01,1.14E+01,1.05E+02
2235,-131.245,118.737,3.84E-01,6.82E+01,1.67E+01,9.77E+01
2236,-143.749,137.495,3.55E-02,4.41E+01,8.61E+00,1.02E+02
2237,-137.495,137.495,9.65E-02,4.84E+01,1.22E+01,9.57E+01
2238,-131.242,137.496,1.50E-01,5.40E+01,1.29E+01,9.83E+01
2239,-137.496,143.749,3.66E-02,4.41E+01,8.55E+00,1.01E+02
2240,-143.747,143.747,1.39E-02,4.14E+01,5.88E+00,9.13E+01
2241,-131.244,143.751,5.36E-02,4.66E+01,9.66E+00,1.11E+02
2242,-137.499,124.99,1.90E-01,5.97E+01,1.21E+01,1.02E+02
2243,-137.496,131.242,1.49E-01,5.44E+01,1.28E+01,9.82E+01
2244,-143.752,124.994,6.41E-02,4.74E+01,1.02E+01,1.18E+02
2245,-143.751,131.244,5.20E-02,4.67E+01,9.68E+00,1.11E+02
2246,-131.243,124.989,3.20E-01,6.34E+01,1.68E+01,9.55E+01
2247,-131.242,131.242,2.42E-01,5.82E+01,1.60E+01,9.44E+01
2248,-143.756,99.7874,9.11E-02,3.75E+01,1.03E+01,1.27E+02
2249,-137.506,99.7827,2.87E-01,6.11E+01,1.16E+01,1.07E+02
2250,-131.252,99.7784,5.16E-01,7.18E+01,1.73E+01,9.88E+01
2251,-137.504,106.154,2.69E-01,6.30E+01,1.13E+01,1.07E+02
2252,-137.502,112.489,2.48E-01,6.37E+01,1.12E+01,1.07E+02
2253,-143.748,106.173,8.64E-02,4.13E+01,1.05E+01,1.27E+02
2254,-143.754,112.493,8.04E-02,4.44E+01,1.05E+01,1.25E+02
2255,-131.257,106.164,4.79E-01,7.23E+01,1.69E+01,9.95E+01
2256,-131.248,112.485,4.36E-01,7.12E+01,1.67E+01,9.91E+01
2257,-137.509,86.6568,3.16E-01,5.47E+01,1.31E+01,1.03E+02
2258,-137.507,93.2379,3.02E-01,5.82E+01,1.22E+01,1.05E+02
2259,-143.758,86.6611,9.91E-02,2.89E+01,9.86E+00,1.24E+02
2260,-143.764,93.2565,9.52E-02,3.33E+01,1.01E+01,1.26E+02
2261,-131.257,86.6526,5.75E-01,6.75E+01,1.90E+01,9.48E+01
2262,-131.248,93.2476,5.48E-01,7.01E+01,1.80E+01,9.71E+01
2263,-143.761,39.9973,1.14E-01,1.99E+01,1.12E+01,1.09E+02
2264,-137.516,39.9956,3.72E-01,2.94E+01,2.30E+01,8.41E+01
2265,-131.269,39.9938,6.93E-01,4.42E+01,2.91E+01,7.30E+01
2266,-143.76,59.9961,1.10E-01,1.96E+01,9.49E+00,1.16E+02
2267,-137.513,59.9933,3.54E-01,3.94E+01,1.81E+01,9.23E+01
2268,-131.265,59.9903,6.55E-01,5.37E+01,2.42E+01,8.25E+01
2269,-137.512,66.6591,3.46E-01,4.31E+01,1.66E+01,9.51E+01
2270,-137.511,73.325,3.37E-01,4.70E+01,1.53E+01,9.79E+01
2271,-143.759,66.6623,1.07E-01,1.98E+01,9.47E+00,1.18E+02
2272,-143.759,73.3286,1.05E-01,2.13E+01,9.54E+00,1.21E+02
2273,-131.263,66.6558,6.39E-01,5.72E+01,2.27E+01,8.57E+01
2274,-131.261,73.3213,6.20E-01,6.08E+01,2.13E+01,8.89E+01
2275,-137.515,46.6615,3.67E-01,3.25E+01,2.13E+01,8.68E+01
2276,-137.514,53.3274,3.61E-01,3.58E+01,1.97E+01,8.96E+01
2277,-143.76,46.6635,1.13E-01,1.97E+01,1.02E+01,1.12E+02
2278,-143.76,53.3298,1.11E-01,1.96E+01,9.66E+00,1.14E+02
2279,-131.268,46.6594,6.82E-01,4.72E+01,2.74E+01,7.62E+01
2280,-131.266,53.3248,6.70E-01,5.03E+01,2.58E+01,7.93E+01
2281,-143.761,19.9984,1.17E-01,2.02E+01,1.62E+01,1.02E+02
2282,-137.517,19.9979,3.82E-01,2.14E+01,2.85E+01,7.59E+01
2283,-131.271,19.9971,7.15E-01,3.68E+01,3.47E+01,6.39E+01
2284,-137.517,26.6638,3.80E-01,2.38E+01,2.66E+01,7.87E+01
2285,-137.516,33.3297,3.76E-01,2.65E+01,2.48E+01,8.14E+01
2286,-143.761,26.6647,1.17E-01,2.01E+01,1.43E+01,1.05E+02
2287,-143.761,33.331,1.16E-01,2.00E+01,1.26E+01,1.07E+02
2288,-131.271,26.6627,7.09E-01,3.91E+01,3.27E+01,6.69E+01
2289,-131.27,33.3283,7.02E-01,4.15E+01,3.09E+01,7.00E+01
2290,-137.517,6.66595,3.85E-01,1.72E+01,3.26E+01,7.04E+01
2291,-137.517,13.3319,3.84E-01,1.92E+01,3.05E+01,7.32E+01
2292,-143.761,6.66576,1.18E-01,2.04E+01,2.03E+01,9.75E+01
2293,-143.761,13.3321,1.18E-01,2.03E+01,1.82E+01,1.00E+02
2294,-131.272,6.66589,7.21E-01,3.29E+01,3.87E+01,5.77E+01
2295,-131.272,13.3315,7.19E-01,3.47E+01,3.66E+01,6.08E+01
2296,-143.758,-73.3294,1.01E-01,2.69E+01,5.68E+01,5.69E+01
2297,-137.51,-73.3247,3.25E-01,1.17E+01,6.83E+01,2.94E+01
2298,-131.259,-73.3203,5.98E-01,2.17E+01,7.44E+01,1.65E+01
2299,-143.761,-33.332,1.15E-01,2.37E+01,3.54E+01,8.02E+01
2300,-137.516,-33.3296,3.72E-01,1.12E+01,4.75E+01,5.21E+01
2301,-131.269,-33.3276,6.95E-01,2.47E+01,5.36E+01,3.84E+01
2302,-143.761,-13.3331,1.17E-01,2.09E+01,2.72E+01,8.94E+01
2303,-137.517,-13.3319,3.83E-01,1.23E+01,3.94E+01,6.16E+01
2304,-131.272,-13.3309,7.16E-01,2.81E+01,4.55E+01,4.83E+01
2305,-137.517,-6.66593,3.84E-01,1.37E+01,3.70E+01,6.46E+01
2306,-143.761,-6.66683,1.18E-01,2.07E+01,2.48E+01,9.22E+01
2307,-131.272,-6.66533,7.19E-01,2.96E+01,4.31E+01,5.15E+01
2308,-137.516,-26.6637,3.77E-01,1.12E+01,4.47E+01,5.54E+01
2309,-137.517,-19.9978,3.80E-01,1.15E+01,4.20E+01,5.85E+01
2310,-143.761,-26.6657,1.16E-01,2.26E+01,3.25E+01,8.34E+01
2311,-143.761,-19.9994,1.17E-01,2.16E+01,2.98E+01,8.65E+01
2312,-131.27,-26.662,7.04E-01,2.57E+01,5.08E+01,4.18E+01
2313,-131.271,-19.9965,7.11E-01,2.69E+01,4.81E+01,4.51E+01
2314,-143.76,-53.3307,1.09E-01,2.62E+01,4.52E+01,6.96E+01
2315,-137.513,-53.3272,3.54E-01,1.14E+01,5.71E+01,4.15E+01
2316,-131.265,-53.324,6.57E-01,2.24E+01,6.34E+01,2.77E+01
2317,-137.514,-46.6613,3.61E-01,1.13E+01,5.37E+01,4.52E+01
2318,-137.515,-39.9955,3.67E-01,1.12E+01,5.05E+01,4.87E+01
2319,-143.76,-46.6645,1.11E-01,2.55E+01,4.18E+01,7.34E+01
2320,-143.76,-39.9983,1.13E-01,2.47E+01,3.85E+01,7.69E+01
2321,-131.267,-46.6585,6.71E-01,2.30E+01,5.99E+01,3.14E+01
2322,-131.268,-39.9931,6.84E-01,2.38E+01,5.67E+01,3.50E+01
2323,-137.511,-66.6588,3.36E-01,1.16E+01,6.44E+01,3.37E+01
2324,-137.512,-59.9931,3.45E-01,1.15E+01,6.07E+01,3.77E+01
2325,-143.758,-66.6632,1.04E-01,2.70E+01,5.28E+01,6.14E+01
2326,-143.759,-59.997,1.07E-01,2.67E+01,4.89E+01,6.57E+01
2327,-131.261,-66.6548,6.20E-01,2.17E+01,7.07E+01,2.02E+01
2328,-131.263,-59.9894,6.40E-01,2.20E+01,6.70E+01,2.40E+01
2329,-143.747,-112.463,6.54E-02,1.80E+01,7.76E+01,2.30E+01
2330,-137.499,-112.437,2.05E-01,1.36E+01,8.31E+01,1.30E+01
2331,-131.249,-112.453,3.69E-01,2.56E+01,8.58E+01,1.80E+01
2332,-143.765,-93.2318,8.78E-02,2.43E+01,6.90E+01,4.09E+01
2333,-137.505,-93.1972,2.79E-01,1.18E+01,7.88E+01,1.69E+01
2334,-131.241,-93.2211,5.08E-01,2.28E+01,8.42E+01,1.04E+01
2335,-137.506,-86.6162,2.97E-01,1.18E+01,7.56E+01,2.08E+01
2336,-137.508,-79.9905,3.12E-01,1.17E+01,7.20E+01,2.51E+01
2337,-143.76,-86.6351,9.32E-02,2.57E+01,6.51E+01,4.67E+01
2338,-143.757,-79.9957,9.76E-02,2.65E+01,6.09E+01,5.20E+01
2339,-131.25,-86.6248,5.42E-01,2.22E+01,8.14E+01,1.10E+01
2340,-131.257,-79.9859,5.72E-01,2.18E+01,7.81E+01,1.33E+01
2341,-137.501,-106.09,2.34E-01,1.24E+01,8.29E+01,1.28E+01
2342,-137.503,-99.6861,2.58E-01,1.20E+01,8.13E+01,1.42E+01
2343,-143.744,-106.134,7.45E-02,2.02E+01,7.55E+01,2.87E+01
2344,-143.755,-99.7272,8.19E-02,2.24E+01,7.26E+01,3.48E+01
2345,-131.255,-106.124,4.21E-01,2.46E+01,8.67E+01,1.46E+01
2346,-131.248,-99.7164,4.68E-01,2.36E+01,8.60E+01,1.18E+01
2347,-143.747,-131.244,2.74E-02,1.03E+01,7.56E+01,1.24E+01
2348,-137.493,-131.241,8.90E-02,1.62E+01,7.34E+01,1.72E+01
2349,-131.239,-131.239,1.64E-01,2.33E+01,7.46E+01,2.21E+01
2350,-137.495,-124.99,1.32E-01,1.65E+01,7.84E+01,1.67E+01
2351,-137.497,-118.719,1.71E-01,1.52E+01,8.17E+01,1.47E+01
2352,-143.748,-124.994,4.17E-02,1.31E+01,7.80E+01,1.52E+01
2353,-143.748,-118.731,5.45E-02,1.56E+01,7.85E+01,1.85E+01
2354,-131.24,-124.987,2.39E-01,2.60E+01,7.89E+01,2.29E+01
2355,-131.244,-118.722,3.08E-01,2.63E+01,8.31E+01,2.11E+01
2356,-137.495,-143.746,1.34E-02,7.49E+00,7.11E+01,9.63E+00
2357,-137.492,-137.492,4.65E-02,1.25E+01,6.90E+01,1.42E+01
2358,-143.746,-143.746,2.91E-03,5.23E+00,6.71E+01,6.82E+00
2359,-143.746,-137.495,1.32E-02,7.56E+00,7.12E+01,9.63E+00
2360,-131.244,-143.747,2.82E-02,1.01E+01,7.54E+01,1.23E+01
2361,-131.241,-137.493,8.96E-02,1.63E+01,7.33E+01,1.73E+01
2362,131.25,150,0.00E+00,9.10E+00,7.65E+01,1.12E+01
2363,137.5,150,0.00E+00,5.50E+00,7.39E+01,7.67E+00
2364,143.75,150,0.00E+00,4.17E+00,6.51E+01,5.43E+00
2365,150,150,0.00E+00,3.58E+00,5.81E+01,4.16E+00
2366,150,143.75,0.00E+00,4.15E+00,6.50E+01,5.45E+00
2367,150,137.5,0.00E+00,5.33E+00,7.37E+01,7.59E+00
2368,150,131.25,0.00E+00,8.68E+00,7.62E+01,1.08E+01
2369,150,125,0.00E+00,1.53E+01,7.65E+01,1.71E+01
2370,150,118.75,0.00E+00,2.27E+01,7.53E+01,2.55E+01
2371,150,112.5,0.00E+00,2.93E+01,7.30E+01,3.42E+01
2372,150,106.25,0.00E+00,3.46E+01,6.99E+01,4.25E+01
2373,150,100,0.00E+00,3.86E+01,6.63E+01,5.01E+01
2374,150,93.3333,0.00E+00,4.16E+01,6.23E+01,5.71E+01
2375,150,86.6667,0.00E+00,4.36E+01,5.79E+01,6.34E+01
2376,150,80,0.00E+00,4.48E+01,5.36E+01,6.92E+01
2377,150,73.3333,0.00E+00,4.55E+01,4.93E+01,7.44E+01
2378,150,66.6667,0.00E+00,4.58E+01,4.52E+01,7.92E+01
2379,150,60,0.00E+00,4.57E+01,4.14E+01,8.35E+01
2380,150,53.3333,0.00E+00,4.53E+01,3.77E+01,8.76E+01
2381,150,46.6667,0.00E+00,4.46E+01,3.42E+01,9.14E+01
2382,150,40,0.00E+00,4.38E+01,3.10E+01,9.50E+01
2383,150,33.3333,0.00E+00,4.28E+01,2.79E+01,9.84E+01
2384,150,26.6667,0.00E+00,4.16E+01,2.50E+01,1.02E+02
2385,150,20,0.00E+00,4.02E+01,2.22E+01,1.05E+02
2386,150,13.3333,0.00E+00,3.87E+01,1.96E+01,1.08E+02
2387,150,6.66667,0.00E+00,3.69E+01,1.71E+01,1.10E+02
2388,150,5.33E-14,0.00E+00,3.50E+01,1.48E+01,1.13E+02
2389,150,-6.66667,0.00E+00,3.29E+01,1.25E+01,1.15E+02
2390,150,-13.3333,0.00E+00,3.06E+01,1.04E+01,1.18E+02
2391,150,-20,0.00E+00,2.80E+01,8.43E+00,1.20E+02
2392,150,-26.6667,0.00E+00,2.53E+01,6.57E+00,1.22E+02
2393,150,-33.3333,0.00E+00,2.23E+01,4.90E+00,1.24E+02
2394,150,-40,0.00E+00,1.91E+01,3.58E+00,1.26E+02
2395,150,-46.6667,0.00E+00,1.56E+01,2.95E+00,1.28E+02
2396,150,-53.3333,0.00E+00,1.20E+01,3.25E+00,1.30E+02
2397,150,-60,0.00E+00,8.32E+00,4.27E+00,1.32E+02
2398,150,-66.6667,0.00E+00,5.22E+00,5.60E+00,1.34E+02
2399,150,-73.3333,0.00E+00,4.77E+00,7.02E+00,1.36E+02
2400,150,-80,0.00E+00,7.65E+00,8.43E+00,1.37E+02
2401,150,-86.6667,0.00E+00,1.21E+01,9.77E+00,1.38E+02
2402,150,-93.3333,0.00E+00,1.70E+01,1.10E+01,1.39E+02
2403,150,-100,0.00E+00,2.18E+01,1.20E+01,1.40E+02
2404,150,-106.25,0.00E+00,2.64E+01,1.27E+01,1.39E+02
2405,150,-112.5,0.00E+00,3.07E+01,1.29E+01,1.37E+02
2406,150,-118.75,0.00E+00,3.45E+01,1.25E+01,1.33E+02
2407,150,-125,0.00E+00,3.77E+01,1.11E+01,1.28E+02
2408,150,-131.25,0.00E+00,4.01E+01,8.67E+00,1.19E+02
2409,150,-137.5,0.00E+00,4.17E+01,5.81E+00,1.07E+02
2410,150,-143.75,0.00E+00,3.98E+01,3.82E+00,8.60E+01
2411,150,-150,0.00E+00,3.74E+01,3.17E+00,7.28E+01
2412,143.75,-150,0.00E+00,3.98E+01,3.84E+00,8.61E+01
2413,137.5,-150,0.00E+00,4.16E+01,5.96E+00,1.07E+02
2414,131.25,-150,0.00E+00,3.98E+01,8.93E+00,1.20E+02
2415,143.761,0.000418445,1.22E-01,2.00E+01,2.32E+01,9.48E+01
2416,137.517,-0.000127596,3.88E-01,1.54E+01,3.50E+01,6.77E+01
2417,131.272,-0.000288898,7.23E-01,3.12E+01,4.09E+01,5.48E+01
2418,143.757,79.9956,1.01E-01,2.62E+01,6.09E+01,5.15E+01
2419,137.508,79.9905,3.14E-01,1.18E+01,7.15E+01,2.50E+01
2420,131.257,79.986,5.73E-01,2.17E+01,7.72E+01,1.32E+01
2421,143.75,118.744,5.63E-02,1.52E+01,7.75E+01,1.80E+01
2422,137.497,118.739,1.72E-01,1.50E+01,8.06E+01,1.47E+01
2423,131.242,118.736,3.08E-01,2.62E+01,8.20E+01,2.12E+01
2424,143.746,137.495,1.33E-02,7.40E+00,7.02E+01,9.55E+00
2425,137.492,137.492,4.62E-02,1.24E+01,6.81E+01,1.41E+01
2426,131.241,137.493,8.85E-02,1.61E+01,7.24E+01,1.71E+01
2427,137.495,143.746,1.30E-02,7.47E+00,7.03E+01,9.55E+00
2428,143.746,143.746,2.86E-03,5.17E+00,6.63E+01,6.75E+00
2429,131.245,143.747,2.72E-02,1.02E+01,7.47E+01,1.23E+01
2430,137.495,124.99,1.33E-01,1.64E+01,7.74E+01,1.68E+01
2431,137.493,131.241,8.92E-02,1.61E+01,7.24E+01,1.72E+01
2432,143.748,124.994,4.30E-02,1.26E+01,7.69E+01,1.48E+01
2433,143.747,131.245,2.80E-02,9.97E+00,7.45E+01,1.22E+01
2434,131.24,124.987,2.39E-01,2.58E+01,7.79E+01,2.30E+01
2435,131.239,131.239,1.64E-01,2.31E+01,7.37E+01,2.21E+01
2436,143.754,99.788,8.45E-02,2.21E+01,7.21E+01,3.42E+01
2437,137.503,99.7824,2.60E-01,1.19E+01,8.04E+01,1.41E+01
2438,131.249,99.7776,4.68E-01,2.34E+01,8.48E+01,1.17E+01
2439,137.501,106.154,2.35E-01,1.23E+01,8.18E+01,1.28E+01
2440,137.499,112.489,2.06E-01,1.34E+01,8.20E+01,1.30E+01
2441,143.746,106.173,7.69E-02,1.99E+01,7.48E+01,2.80E+01
2442,143.752,112.494,6.75E-02,1.75E+01,7.67E+01,2.23E+01
2443,131.253,106.163,4.22E-01,2.44E+01,8.54E+01,1.46E+01
2444,131.244,112.484,3.69E-01,2.54E+01,8.46E+01,1.81E+01
2445,137.506,86.6565,2.99E-01,1.18E+01,7.50E+01,2.07E+01
2446,137.505,93.2375,2.81E-01,1.18E+01,7.80E+01,1.68E+01
2447,143.756,86.6618,9.62E-02,2.54E+01,6.49E+01,4.61E+01
2448,143.762,93.2572,9.07E-02,2.40E+01,6.87E+01,4.03E+01
2449,131.254,86.6518,5.43E-01,2.20E+01,8.04E+01,1.09E+01
2450,131.245,93.2468,5.08E-01,2.26E+01,8.31E+01,1.04E+01
2451,143.76,39.9981,1.17E-01,2.42E+01,3.91E+01,7.66E+01
2452,137.515,39.9954,3.70E-01,1.13E+01,5.07E+01,4.88E+01
2453,131.268,39.9931,6.86E-01,2.38E+01,5.65E+01,3.50E+01
2454,143.759,59.9969,1.10E-01,2.63E+01,4.93E+01,6.53E+01
2455,137.512,59.993,3.48E-01,1.15E+01,6.06E+01,3.77E+01
2456,131.263,59.9895,6.41E-01,2.19E+01,6.65E+01,2.40E+01
2457,137.511,66.6588,3.39E-01,1.16E+01,6.42E+01,3.37E+01
2458,137.51,73.3247,3.27E-01,1.17E+01,6.79E+01,2.94E+01
2459,143.758,66.6631,1.08E-01,2.66E+01,5.30E+01,6.10E+01
2460,143.758,73.3293,1.04E-01,2.66E+01,5.69E+01,5.64E+01
2461,131.261,66.655,6.22E-01,2.16E+01,7.01E+01,2.02E+01
2462,131.259,73.3205,5.99E-01,2.15E+01,7.37E+01,1.65E+01
2463,137.514,46.6613,3.64E-01,1.14E+01,5.38E+01,4.53E+01
2464,137.513,53.3271,3.57E-01,1.15E+01,5.71E+01,4.16E+01
2465,143.76,46.6644,1.15E-01,2.51E+01,4.23E+01,7.31E+01
2466,143.759,53.3306,1.13E-01,2.58E+01,4.57E+01,6.93E+01
2467,131.266,46.6586,6.73E-01,2.30E+01,5.97E+01,3.14E+01
2468,131.265,53.3241,6.58E-01,2.24E+01,6.30E+01,2.78E+01
2469,143.761,19.9993,1.20E-01,2.10E+01,3.05E+01,8.63E+01
2470,137.517,19.9977,3.83E-01,1.16E+01,4.22E+01,5.87E+01
2471,131.271,19.9965,7.12E-01,2.69E+01,4.80E+01,4.52E+01
2472,137.516,26.6636,3.80E-01,1.13E+01,4.49E+01,5.55E+01
2473,137.516,33.3295,3.75E-01,1.13E+01,4.77E+01,5.22E+01
2474,143.761,26.6656,1.19E-01,2.21E+01,3.32E+01,8.32E+01
2475,143.76,33.3319,1.18E-01,2.32E+01,3.61E+01,8.00E+01
2476,131.27,26.6621,7.05E-01,2.57E+01,5.07E+01,4.19E+01
2477,131.269,33.3276,6.96E-01,2.47E+01,5.35E+01,3.85E+01
2478,137.517,6.66582,3.87E-01,1.37E+01,3.73E+01,6.48E+01
2479,137.517,13.3318,3.86E-01,1.24E+01,3.97E+01,6.18E+01
2480,143.761,6.66672,1.21E-01,2.01E+01,2.55E+01,9.21E+01
2481,143.761,13.333,1.21E-01,2.04E+01,2.79E+01,8.92E+01
2482,131.272,6.66532,7.21E-01,2.96E+01,4.31E+01,5.16E+01
2483,131.271,13.3309,7.18E-01,2.82E+01,4.55E+01,4.84E+01
2484,143.759,-73.3287,1.08E-01,2.12E+01,9.45E+00,1.20E+02
2485,137.511,-73.3251,3.40E-01,4.67E+01,1.53E+01,9.78E+01
2486,131.261,-73.3214,6.21E-01,6.04E+01,2.12E+01,8.87E+01
2487,143.761,-33.3311,1.19E-01,1.94E+01,1.32E+01,1.07E+02
2488,137.516,-33.3298,3.79E-01,2.65E+01,2.50E+01,8.16E+01
2489,131.27,-33.3283,7.04E-01,4.16E+01,3.08E+01,7.01E+01
2490,143.761,-13.3322,1.21E-01,1.98E+01,1.88E+01,9.99E+01
2491,137.517,-13.332,3.87E-01,1.93E+01,3.08E+01,7.34E+01
2492,131.272,-13.3315,7.20E-01,3.48E+01,3.66E+01,6.10E+01
2493,137.517,-6.66605,3.88E-01,1.72E+01,3.28E+01,7.06E+01
2494,143.761,-6.66587,1.22E-01,1.99E+01,2.09E+01,9.74E+01
2495,131.272,-6.66589,7.22E-01,3.29E+01,3.87E+01,5.79E+01
2496,137.517,-26.6639,3.83E-01,2.39E+01,2.68E+01,7.89E+01
2497,137.517,-19.998,3.85E-01,2.15E+01,2.87E+01,7.61E+01
2498,143.761,-26.6647,1.20E-01,1.95E+01,1.49E+01,1.05E+02
2499,143.761,-19.9985,1.21E-01,1.97E+01,1.68E+01,1.02E+02
2500,131.271,-26.6627,7.11E-01,3.91E+01,3.27E+01,6.71E+01
2501,131.271,-19.9971,7.17E-01,3.69E+01,3.46E+01,6.40E+01
2502,143.76,-53.3299,1.15E-01,1.91E+01,9.75E+00,1.14E+02
2503,137.514,-53.3275,3.64E-01,3.57E+01,1.98E+01,8.97E+01
2504,131.266,-53.3249,6.71E-01,5.02E+01,2.57E+01,7.93E+01
2505,137.515,-46.6616,3.70E-01,3.25E+01,2.14E+01,8.70E+01
2506,137.515,-39.9958,3.75E-01,2.94E+01,2.32E+01,8.43E+01
2507,143.76,-46.6636,1.16E-01,1.92E+01,1.04E+01,1.12E+02
2508,143.761,-39.9974,1.18E-01,1.93E+01,1.16E+01,1.09E+02
2509,131.268,-46.6593,6.84E-01,4.71E+01,2.73E+01,7.62E+01
2510,131.269,-39.9939,6.94E-01,4.42E+01,2.91E+01,7.31E+01
2511,137.512,-66.6592,3.49E-01,4.29E+01,1.67E+01,9.51E+01
2512,137.513,-59.9934,3.57E-01,3.92E+01,1.82E+01,9.24E+01
2513,143.759,-66.6624,1.11E-01,1.94E+01,9.41E+00,1.18E+02
2514,143.759,-59.9962,1.13E-01,1.90E+01,9.48E+00,1.16E+02
2515,131.263,-66.6558,6.40E-01,5.69E+01,2.26E+01,8.56E+01
2516,131.265,-59.9904,6.57E-01,5.35E+01,2.41E+01,8.25E+01
2517,143.749,-112.463,8.31E-02,4.39E+01,1.04E+01,1.24E+02
2518,137.502,-112.437,2.50E-01,6.27E+01,1.11E+01,1.06E+02
2519,131.253,-112.455,4.37E-01,7.03E+01,1.65E+01,9.85E+01
2520,143.767,-93.2312,9.80E-02,3.32E+01,9.91E+00,1.25E+02
2521,137.507,-93.1977,3.05E-01,5.75E+01,1.22E+01,1.05E+02
2522,131.244,-93.2224,5.49E-01,6.94E+01,1.79E+01,9.67E+01
2523,137.508,-86.6168,3.18E-01,5.42E+01,1.30E+01,1.03E+02
2524,137.51,-79.9911,3.30E-01,5.05E+01,1.41E+01,1.00E+02
2525,143.761,-86.6345,1.02E-01,2.89E+01,9.71E+00,1.24E+02
2526,143.758,-79.995,1.05E-01,2.46E+01,9.55E+00,1.22E+02
2527,131.253,-86.626,5.76E-01,6.69E+01,1.88E+01,9.44E+01
2528,131.259,-79.987,6.00E-01,6.38E+01,1.99E+01,9.17E+01
2529,137.504,-106.091,2.72E-01,6.21E+01,1.12E+01,1.07E+02
2530,137.506,-99.6867,2.89E-01,6.02E+01,1.15E+01,1.06E+02
2531,143.746,-106.134,8.91E-02,4.09E+01,1.03E+01,1.26E+02
2532,143.757,-99.7266,9.38E-02,3.73E+01,1.01E+01,1.26E+02
2533,131.259,-106.125,4.80E-01,7.14E+01,1.67E+01,9.89E+01
2534,131.251,-99.7177,5.17E-01,7.10E+01,1.71E+01,9.82E+01
2535,143.751,-131.245,5.38E-02,4.60E+01,9.52E+00,1.10E+02
2536,137.496,-131.242,1.50E-01,5.35E+01,1.27E+01,9.76E+01
2537,131.242,-131.242,2.42E-01,5.77E+01,1.57E+01,9.38E+01
2538,137.499,-124.991,1.92E-01,5.87E+01,1.20E+01,1.02E+02
2539,137.501,-118.72,2.24E-01,6.17E+01,1.13E+01,1.05E+02
2540,143.752,-124.994,6.63E-02,4.68E+01,1.00E+01,1.17E+02
2541,143.751,-118.731,7.58E-02,4.59E+01,1.03E+01,1.22E+02
2542,131.243,-124.989,3.21E-01,6.27E+01,1.65E+01,9.49E+01
2543,131.248,-118.724,3.85E-01,6.74E+01,1.65E+01,9.71E+01
2544,137.495,-143.749,3.55E-02,4.34E+01,8.56E+00,1.01E+02
2545,137.495,-137.495,9.65E-02,4.78E+01,1.21E+01,9.50E+01
2546,143.747,-143.747,1.38E-02,4.08E+01,5.83E+00,9.06E+01
2547,143.749,-137.496,3.66E-02,4.34E+01,8.50E+00,1.01E+02
2548,131.244,-143.751,5.20E-02,4.61E+01,9.55E+00,1.11E+02
2549,131.242,-137.497,1.49E-01,5.38E+01,1.26E+01,9.75E+01
