NodeID,Y,Z,Displacement,Stress_L1,Stress_L2,Stress_L4
2,99.9434,-99.9436,2.29E+00,1.84E+02,5.61E+01,2.08E+02
3,99.9461,-93.2706,2.52E+00,1.86E+02,5.88E+01,2.11E+02
4,99.9519,-86.6008,2.72E+00,1.86E+02,6.18E+01,2.11E+02
5,99.9601,-79.9339,2.91E+00,1.83E+02,6.50E+01,2.07E+02
6,99.9702,-73.2693,3.08E+00,1.77E+02,6.84E+01,2.01E+02
7,99.9814,-66.6067,3.22E+00,1.70E+02,7.18E+01,1.92E+02
8,99.993,-59.9452,3.36E+00,1.61E+02,7.52E+01,1.83E+02
9,100.004,-53.2845,3.47E+00,1.53E+02,7.87E+01,1.73E+02
10,100.015,-46.6243,3.57E+00,1.44E+02,8.21E+01,1.63E+02
11,100.025,-39.9642,3.66E+00,1.37E+02,8.56E+01,1.54E+02
12,100.034,-33.304,3.74E+00,1.31E+02,8.92E+01,1.45E+02
13,100.041,-26.6438,3.80E+00,1.25E+02,9.29E+01,1.36E+02
14,100.047,-19.9833,3.85E+00,1.20E+02,9.67E+01,1.28E+02
15,100.051,-13.3227,3.88E+00,1.16E+02,1.01E+02,1.20E+02
16,100.054,-6.66205,3.90E+00,1.12E+02,1.05E+02,1.12E+02
17,100.054,-0.0013264,3.91E+00,1.09E+02,1.09E+02,1.05E+02
18,100.053,6.65938,3.90E+00,1.06E+02,1.14E+02,9.74E+01
19,100.05,13.32,3.88E+00,1.04E+02,1.20E+02,9.00E+01
20,100.045,19.9805,3.84E+00,1.02E+02,1.25E+02,8.27E+01
21,100.039,26.6408,3.79E+00,9.98E+01,1.32E+02,7.55E+01
22,100.031,33.3008,3.72E+00,9.80E+01,1.39E+02,6.84E+01
23,100.022,39.9608,3.64E+00,9.63E+01,1.47E+02,6.13E+01
24,100.011,46.6207,3.55E+00,9.47E+01,1.55E+02,5.43E+01
25,99.9996,53.2807,3.44E+00,9.31E+01,1.65E+02,4.74E+01
26,99.9875,59.941,3.32E+00,9.14E+01,1.74E+02,4.06E+01
27,99.9754,66.6022,3.18E+00,8.96E+01,1.84E+02,3.40E+01
28,99.9638,73.2646,3.03E+00,8.76E+01,1.92E+02,2.78E+01
29,99.9536,79.9289,2.86E+00,8.55E+01,1.99E+02,2.23E+01
30,99.9455,86.5957,2.66E+00,8.33E+01,2.03E+02,1.79E+01
31,99.9401,93.2653,2.45E+00,8.10E+01,2.03E+02,1.52E+01
32,99.9379,99.9382,2.22E+00,7.86E+01,2.00E+02,1.46E+01
33,93.2646,99.94,2.45E+00,8.09E+01,2.04E+02,1.52E+01
34,86.5944,99.945,2.67E+00,8.30E+01,2.05E+02,1.77E+01
35,79.9271,99.9528,2.86E+00,8.52E+01,2.02E+02,2.20E+01
36,73.2625,99.9629,3.03E+00,8.72E+01,1.95E+02,2.74E+01
37,66.5999,99.9744,3.19E+00,8.91E+01,1.87E+02,3.35E+01
38,59.9386,99.9866,3.32E+00,9.09E+01,1.77E+02,4.01E+01
39,53.2782,99.9988,3.45E+00,9.26E+01,1.67E+02,4.69E+01
40,46.6183,100.011,3.56E+00,9.41E+01,1.58E+02,5.39E+01
41,39.9585,100.021,3.65E+00,9.57E+01,1.49E+02,6.09E+01
42,33.2987,100.031,3.73E+00,9.73E+01,1.40E+02,6.80E+01
43,26.6387,100.039,3.79E+00,9.90E+01,1.33E+02,7.52E+01
44,19.9785,100.046,3.84E+00,1.01E+02,1.27E+02,8.24E+01
45,13.3181,100.051,3.88E+00,1.03E+02,1.21E+02,8.97E+01
46,6.65758,100.054,3.90E+00,1.05E+02,1.15E+02,9.70E+01
47,-0.00306458,100.055,3.91E+00,1.08E+02,1.10E+02,1.04E+02
48,-6.66375,100.055,3.91E+00,1.11E+02,1.06E+02,1.12E+02
49,-13.3244,100.053,3.89E+00,1.14E+02,1.01E+02,1.20E+02
50,-19.9849,100.048,3.85E+00,1.19E+02,9.73E+01,1.28E+02
51,-26.6453,100.043,3.81E+00,1.23E+02,9.35E+01,1.36E+02
52,-33.3055,100.035,3.74E+00,1.29E+02,8.97E+01,1.44E+02
53,-39.9656,100.027,3.67E+00,1.36E+02,8.61E+01,1.53E+02
54,-46.6256,100.017,3.58E+00,1.43E+02,8.25E+01,1.62E+02
55,-53.2856,100.006,3.48E+00,1.51E+02,7.90E+01,1.71E+02
56,-59.9461,99.9939,3.36E+00,1.59E+02,7.56E+01,1.81E+02
57,-66.6073,99.982,3.23E+00,1.68E+02,7.21E+01,1.91E+02
58,-73.2696,99.9705,3.08E+00,1.76E+02,6.86E+01,1.99E+02
59,-79.9338,99.96,2.91E+00,1.82E+02,6.52E+01,2.06E+02
60,-86.6004,99.9514,2.73E+00,1.86E+02,6.19E+01,2.10E+02
61,-93.27,99.9455,2.52E+00,1.86E+02,5.88E+01,2.11E+02
62,-99.9428,99.9427,2.29E+00,1.84E+02,5.61E+01,2.08E+02
63,-99.9453,93.2694,2.52E+00,1.87E+02,5.87E+01,2.12E+02
64,-99.9509,86.5993,2.73E+00,1.88E+02,6.17E+01,2.12E+02
65,-99.9592,79.9323,2.92E+00,1.85E+02,6.49E+01,2.09E+02
66,-99.9695,73.2678,3.09E+00,1.79E+02,6.83E+01,2.02E+02
67,-99.981,66.6052,3.23E+00,1.71E+02,7.18E+01,1.93E+02
68,-99.993,59.944,3.37E+00,1.62E+02,7.52E+01,1.83E+02
69,-100.005,53.2836,3.48E+00,1.53E+02,7.87E+01,1.73E+02
70,-100.016,46.6236,3.59E+00,1.45E+02,8.21E+01,1.63E+02
71,-100.026,39.9637,3.68E+00,1.37E+02,8.57E+01,1.54E+02
72,-100.035,33.3037,3.75E+00,1.31E+02,8.92E+01,1.45E+02
73,-100.043,26.6436,3.81E+00,1.25E+02,9.29E+01,1.36E+02
74,-100.049,19.9833,3.86E+00,1.20E+02,9.67E+01,1.28E+02
75,-100.053,13.3228,3.90E+00,1.16E+02,1.01E+02,1.20E+02
76,-100.056,6.66216,3.92E+00,1.12E+02,1.05E+02,1.12E+02
77,-100.056,0.00151166,3.92E+00,1.09E+02,1.09E+02,1.05E+02
78,-100.055,-6.65911,3.91E+00,1.06E+02,1.14E+02,9.70E+01
79,-100.052,-13.3196,3.89E+00,1.04E+02,1.20E+02,8.97E+01
80,-100.047,-19.98,3.85E+00,1.02E+02,1.25E+02,8.24E+01
81,-100.04,-26.6401,3.80E+00,9.97E+01,1.32E+02,7.52E+01
82,-100.032,-33.3,3.74E+00,9.79E+01,1.39E+02,6.81E+01
83,-100.022,-39.9597,3.66E+00,9.62E+01,1.47E+02,6.10E+01
84,-100.011,-46.6194,3.56E+00,9.46E+01,1.56E+02,5.40E+01
85,-99.9995,-53.279,3.45E+00,9.30E+01,1.66E+02,4.70E+01
86,-99.987,-59.9392,3.33E+00,9.13E+01,1.76E+02,4.02E+01
87,-99.9745,-66.6001,3.19E+00,8.94E+01,1.86E+02,3.36E+01
88,-99.9627,-73.2623,3.04E+00,8.74E+01,1.95E+02,2.74E+01
89,-99.9523,-79.9267,2.86E+00,8.53E+01,2.01E+02,2.20E+01
90,-99.9442,-86.5936,2.67E+00,8.31E+01,2.05E+02,1.77E+01
91,-99.939,-93.2636,2.46E+00,8.09E+01,2.04E+02,1.52E+01
92,-99.9372,-99.9369,2.22E+00,7.87E+01,2.01E+02,1.47E+01
93,-93.2644,-99.9391,2.46E+00,8.10E+01,2.03E+02,1.52E+01
94,-86.595,-99.9447,2.67E+00,8.33E+01,2.03E+02,1.79E+01
95,-79.9285,-99.9531,2.86E+00,8.55E+01,1.99E+02,2.23E+01
96,-73.2645,-99.9637,3.03E+00,8.77E+01,1.91E+02,2.78E+01
97,-66.6025,-99.9756,3.19E+00,8.97E+01,1.83E+02,3.40E+01
98,-59.9417,-99.9881,3.33E+00,9.15E+01,1.73E+02,4.06E+01
99,-53.2815,-100,3.45E+00,9.33E+01,1.63E+02,4.74E+01
100,-46.6218,-100.012,3.56E+00,9.49E+01,1.54E+02,5.44E+01
101,-39.9621,-100.023,3.65E+00,9.66E+01,1.45E+02,6.14E+01
102,-33.3022,-100.032,3.73E+00,9.84E+01,1.38E+02,6.84E+01
103,-26.6422,-100.04,3.79E+00,1.00E+02,1.31E+02,7.55E+01
104,-19.982,-100.047,3.85E+00,1.02E+02,1.24E+02,8.27E+01
105,-13.3215,-100.051,3.88E+00,1.05E+02,1.19E+02,8.99E+01
106,-6.66093,-100.054,3.91E+00,1.07E+02,1.13E+02,9.73E+01
107,-0.000239728,-100.055,3.91E+00,1.10E+02,1.09E+02,1.05E+02
108,6.66047,-100.055,3.91E+00,1.13E+02,1.04E+02,1.12E+02
109,13.3211,-100.052,3.89E+00,1.17E+02,9.99E+01,1.20E+02
110,19.9817,-100.048,3.85E+00,1.21E+02,9.60E+01,1.28E+02
111,26.6421,-100.042,3.81E+00,1.26E+02,9.22E+01,1.37E+02
112,33.3023,-100.034,3.74E+00,1.32E+02,8.86E+01,1.46E+02
113,39.9623,-100.025,3.67E+00,1.39E+02,8.50E+01,1.55E+02
114,46.6224,-100.015,3.58E+00,1.46E+02,8.16E+01,1.64E+02
115,53.2826,-100.004,3.48E+00,1.55E+02,7.82E+01,1.74E+02
116,59.9432,-99.9922,3.36E+00,1.63E+02,7.48E+01,1.85E+02
117,66.6048,-99.9805,3.23E+00,1.72E+02,7.14E+01,1.95E+02
118,73.2676,-99.9693,3.08E+00,1.80E+02,6.80E+01,2.03E+02
119,79.9324,-99.9593,2.91E+00,1.86E+02,6.47E+01,2.10E+02
120,86.5998,-99.9513,2.72E+00,1.88E+02,6.15E+01,2.13E+02
121,93.2701,-99.9459,2.52E+00,1.87E+02,5.87E+01,2.12E+02
122,-93.3912,0.0018267,4.53E+00,1.13E+02,1.13E+02,1.07E+02
123,-86.7255,0.0021786,5.16E+00,1.17E+02,1.17E+02,1.10E+02
124,-80.0591,0.00256852,5.79E+00,1.22E+02,1.21E+02,1.13E+02
125,-73.3923,0.00300441,6.44E+00,1.28E+02,1.26E+02,1.16E+02
126,-66.7254,0.00347892,7.12E+00,1.34E+02,1.31E+02,1.19E+02
127,-60.0584,0.00399636,7.81E+00,1.42E+02,1.37E+02,1.22E+02
128,-53.3917,0.00452714,8.54E+00,1.52E+02,1.44E+02,1.25E+02
129,-46.7258,0.00506305,9.30E+00,1.65E+02,1.54E+02,1.29E+02
130,-40.0609,0.00547771,1.01E+01,1.84E+02,1.68E+02,1.34E+02
131,-33.3976,0.0057192,1.10E+01,2.11E+02,1.88E+02,1.41E+02
132,-26.7369,0.00531662,1.19E+01,2.55E+02,2.19E+02,1.50E+02
133,-20.0805,0.0037736,1.29E+01,3.32E+02,2.73E+02,1.71E+02
134,-13.4376,-0.00335444,1.40E+01,5.23E+02,3.97E+02,2.05E+02
135,-6.79645,-0.0175226,1.54E+01,9.31E+02,6.70E+02,2.27E+02
136,0.00443532,-0.00228461,1.63E+01,1.20E+03,8.58E+02,2.30E+02
137,6.79744,0.0152434,1.54E+01,9.32E+02,6.79E+02,2.35E+02
138,13.4322,0.00289418,1.40E+01,5.30E+02,4.07E+02,2.19E+02
139,20.0748,-0.00381126,1.28E+01,3.40E+02,2.82E+02,1.83E+02
140,26.7319,-0.00511657,1.18E+01,2.59E+02,2.25E+02,1.58E+02
141,33.3932,-0.0053525,1.09E+01,2.14E+02,1.92E+02,1.46E+02
142,40.0569,-0.00500883,1.01E+01,1.86E+02,1.71E+02,1.38E+02
143,46.7221,-0.00456032,9.26E+00,1.66E+02,1.57E+02,1.32E+02
144,53.3883,-0.00403531,8.50E+00,1.53E+02,1.46E+02,1.28E+02
145,60.0552,-0.0035401,7.78E+00,1.43E+02,1.38E+02,1.24E+02
146,66.7224,-0.00306352,7.08E+00,1.35E+02,1.32E+02,1.20E+02
147,73.3895,-0.00263517,6.41E+00,1.28E+02,1.26E+02,1.17E+02
148,80.0565,-0.00224687,5.76E+00,1.22E+02,1.21E+02,1.14E+02
149,86.7231,-0.00190334,5.13E+00,1.18E+02,1.17E+02,1.11E+02
150,93.389,-0.00159507,4.51E+00,1.13E+02,1.13E+02,1.08E+02
151,0.0136277,6.78846,1.53E+01,9.43E+02,6.93E+02,2.29E+02
152,-0.00301903,13.4306,1.40E+01,5.28E+02,4.26E+02,2.18E+02
153,-0.00945879,20.0759,1.29E+01,3.27E+02,2.87E+02,1.87E+02
154,-0.0106115,26.7331,1.18E+01,2.50E+02,2.27E+02,1.62E+02
155,-0.0105,33.3946,1.09E+01,2.08E+02,1.93E+02,1.49E+02
156,-0.00971506,40.0583,1.01E+01,1.81E+02,1.71E+02,1.40E+02
157,-0.00885057,46.7236,9.27E+00,1.63E+02,1.57E+02,1.33E+02
158,-0.00792996,53.3898,8.52E+00,1.50E+02,1.46E+02,1.28E+02
159,-0.00707789,60.0566,7.79E+00,1.40E+02,1.38E+02,1.24E+02
160,-0.00626607,66.7237,7.10E+00,1.33E+02,1.32E+02,1.20E+02
161,-0.00552573,73.3908,6.43E+00,1.26E+02,1.27E+02,1.17E+02
162,-0.00483695,80.0577,5.78E+00,1.21E+02,1.22E+02,1.14E+02
163,-0.00420154,86.7242,5.14E+00,1.16E+02,1.18E+02,1.11E+02
164,-0.00361325,93.3901,4.52E+00,1.12E+02,1.14E+02,1.07E+02
165,-53.3898,6.65733,8.52E+00,1.55E+02,1.37E+02,1.46E+02
166,-53.3789,13.3098,8.43E+00,1.61E+02,1.32E+02,1.70E+02
167,-53.3603,19.9615,8.28E+00,1.74E+02,1.27E+02,1.97E+02
168,-53.3361,26.6127,8.07E+00,1.94E+02,1.21E+02,2.28E+02
169,-53.3093,33.2647,7.81E+00,2.20E+02,1.15E+02,2.59E+02
170,-53.2836,39.9199,7.50E+00,2.47E+02,1.09E+02,2.88E+02
171,-53.2634,46.5812,7.14E+00,2.64E+02,1.03E+02,3.05E+02
172,-53.2517,53.2507,6.75E+00,2.63E+02,9.84E+01,3.03E+02
173,-53.2487,59.9275,6.33E+00,2.46E+02,9.56E+01,2.83E+02
174,-53.2511,66.6081,5.88E+00,2.23E+02,9.35E+01,2.57E+02
175,-53.2565,73.2897,5.42E+00,2.01E+02,9.13E+01,2.32E+02
176,-53.2633,79.9709,4.95E+00,1.83E+02,8.86E+01,2.11E+02
177,-53.2707,86.6509,4.47E+00,1.69E+02,8.56E+01,1.95E+02
178,-53.2782,93.3292,3.97E+00,1.59E+02,8.24E+01,1.82E+02
179,-59.944,46.5829,6.66E+00,2.36E+02,1.01E+02,2.74E+02
180,-66.6258,46.588,6.17E+00,2.10E+02,9.82E+01,2.43E+02
181,-73.3071,46.5947,5.66E+00,1.89E+02,9.55E+01,2.18E+02
182,-79.987,46.602,5.15E+00,1.72E+02,9.24E+01,1.99E+02
183,-86.6653,46.6094,4.63E+00,1.61E+02,8.91E+01,1.84E+02
184,-93.3416,46.6166,4.11E+00,1.52E+02,8.56E+01,1.73E+02
185,-73.3264,39.9381,5.87E+00,1.73E+02,1.00E+02,2.00E+02
186,-73.3451,33.2825,6.04E+00,1.59E+02,1.04E+02,1.83E+02
187,-73.3617,26.6271,6.19E+00,1.48E+02,1.08E+02,1.68E+02
188,-73.3754,19.9716,6.30E+00,1.40E+02,1.12E+02,1.53E+02
189,-73.3854,13.3156,6.39E+00,1.34E+02,1.16E+02,1.40E+02
190,-73.3911,6.65936,6.43E+00,1.30E+02,1.21E+02,1.27E+02
191,-66.6882,26.6225,6.81E+00,1.58E+02,1.12E+02,1.81E+02
192,-60.0131,26.6177,7.43E+00,1.73E+02,1.17E+02,2.00E+02
193,-66.6685,33.2766,6.63E+00,1.73E+02,1.08E+02,2.01E+02
194,-66.647,39.9314,6.42E+00,1.91E+02,1.03E+02,2.22E+02
195,-59.9899,33.2705,7.22E+00,1.93E+02,1.12E+02,2.26E+02
196,-59.9659,39.925,6.96E+00,2.15E+02,1.06E+02,2.51E+02
197,-66.717,13.3137,7.05E+00,1.41E+02,1.21E+02,1.47E+02
198,-60.0481,13.3117,7.73E+00,1.50E+02,1.26E+02,1.57E+02
199,-66.7048,19.9683,6.95E+00,1.48E+02,1.16E+02,1.64E+02
200,-60.0331,19.9649,7.60E+00,1.59E+02,1.21E+02,1.78E+02
201,-66.724,6.65866,7.10E+00,1.37E+02,1.25E+02,1.32E+02
202,-60.0568,6.65797,7.80E+00,1.44E+02,1.31E+02,1.39E+02
203,-93.3746,26.6398,4.40E+00,1.29E+02,9.65E+01,1.42E+02
204,-86.705,26.6358,4.99E+00,1.34E+02,1.00E+02,1.49E+02
205,-80.034,26.6316,5.58E+00,1.40E+02,1.04E+02,1.57E+02
206,-86.6935,33.2937,4.89E+00,1.41E+02,9.65E+01,1.60E+02
207,-86.6801,39.9514,4.77E+00,1.50E+02,9.28E+01,1.72E+02
208,-93.3652,33.2988,4.32E+00,1.35E+02,9.28E+01,1.52E+02
209,-93.354,39.9577,4.22E+00,1.43E+02,8.92E+01,1.62E+02
210,-80.0201,33.2882,5.46E+00,1.49E+02,1.00E+02,1.70E+02
211,-80.0042,39.9449,5.32E+00,1.60E+02,9.64E+01,1.84E+02
212,-93.3874,13.3211,4.50E+00,1.19E+02,1.04E+02,1.24E+02
213,-86.7208,13.3193,5.12E+00,1.24E+02,1.08E+02,1.29E+02
214,-80.0534,13.3175,5.74E+00,1.28E+02,1.12E+02,1.34E+02
215,-86.7142,19.9777,5.06E+00,1.28E+02,1.04E+02,1.38E+02
216,-93.382,19.9805,4.46E+00,1.24E+02,1.00E+02,1.33E+02
217,-80.0453,19.9747,5.68E+00,1.33E+02,1.08E+02,1.45E+02
218,-86.7246,6.66079,5.15E+00,1.20E+02,1.12E+02,1.19E+02
219,-93.3904,6.66149,4.53E+00,1.16E+02,1.09E+02,1.16E+02
220,-80.0581,6.66008,5.78E+00,1.25E+02,1.16E+02,1.23E+02
221,-59.9181,73.2735,5.16E+00,2.14E+02,8.65E+01,2.46E+02
222,-66.584,73.2612,4.87E+00,2.21E+02,8.21E+01,2.53E+02
223,-73.2549,73.2542,4.56E+00,2.20E+02,7.85E+01,2.51E+02
224,-79.9304,73.2525,4.22E+00,2.13E+02,7.57E+01,2.42E+02
225,-86.609,73.2551,3.86E+00,2.01E+02,7.33E+01,2.28E+02
226,-93.2891,73.2605,3.48E+00,1.89E+02,7.09E+01,2.15E+02
227,-73.261,66.5824,4.88E+00,2.23E+02,8.19E+01,2.54E+02
228,-73.2726,59.9156,5.17E+00,2.17E+02,8.61E+01,2.48E+02
229,-73.2885,53.2535,5.43E+00,2.04E+02,9.08E+01,2.35E+02
230,-66.5933,59.9136,5.58E+00,2.35E+02,8.84E+01,2.69E+02
231,-59.9178,59.9169,5.97E+00,2.47E+02,9.14E+01,2.83E+02
232,-66.5857,66.5848,5.24E+00,2.33E+02,8.48E+01,2.65E+02
233,-59.9155,66.5934,5.58E+00,2.33E+02,8.87E+01,2.67E+02
234,-66.6072,53.2483,5.89E+00,2.26E+02,9.30E+01,2.60E+02
235,-59.9272,53.2464,6.33E+00,2.48E+02,9.53E+01,2.86E+02
236,-93.3145,59.9358,3.84E+00,1.71E+02,7.83E+01,1.95E+02
237,-86.6345,59.9279,4.29E+00,1.84E+02,8.13E+01,2.10E+02
238,-79.9536,59.9209,4.74E+00,1.99E+02,8.38E+01,2.28E+02
239,-86.6206,66.59,4.09E+00,1.94E+02,7.72E+01,2.21E+02
240,-93.3012,66.5971,3.67E+00,1.81E+02,7.46E+01,2.06E+02
241,-79.94,66.5847,4.49E+00,2.09E+02,7.96E+01,2.38E+02
242,-86.6498,53.268,4.47E+00,1.72E+02,8.52E+01,1.97E+02
243,-93.3282,53.2758,3.98E+00,1.61E+02,8.20E+01,1.84E+02
244,-79.9697,53.2604,4.96E+00,1.86E+02,8.82E+01,2.14E+02
245,-73.2623,93.2901,3.48E+00,1.86E+02,7.12E+01,2.12E+02
246,-73.2568,86.6097,3.86E+00,1.99E+02,7.36E+01,2.26E+02
247,-73.2538,79.9305,4.22E+00,2.11E+02,7.59E+01,2.40E+02
248,-66.5923,86.6215,4.08E+00,1.91E+02,7.76E+01,2.18E+02
249,-59.9305,86.6357,4.29E+00,1.81E+02,8.16E+01,2.07E+02
250,-66.5993,93.3023,3.66E+00,1.78E+02,7.50E+01,2.03E+02
251,-59.9382,93.3156,3.83E+00,1.69E+02,7.87E+01,1.93E+02
252,-66.5868,79.9408,4.49E+00,2.06E+02,7.99E+01,2.35E+02
253,-59.9235,79.9547,4.73E+00,1.96E+02,8.42E+01,2.25E+02
254,-93.2726,86.5962,3.05E+00,1.95E+02,6.41E+01,2.21E+02
255,-86.597,86.5966,3.34E+00,2.00E+02,6.68E+01,2.27E+02
256,-79.9249,86.6011,3.61E+00,2.02E+02,7.00E+01,2.29E+02
257,-86.5971,93.2728,3.05E+00,1.94E+02,6.43E+01,2.20E+02
258,-93.2695,93.2692,2.80E+00,1.91E+02,6.13E+01,2.17E+02
259,-79.9281,93.28,3.27E+00,1.92E+02,6.76E+01,2.18E+02
260,-86.601,79.9239,3.62E+00,2.03E+02,6.98E+01,2.31E+02
261,-93.2793,79.9267,3.28E+00,1.94E+02,6.74E+01,2.20E+02
262,-79.9254,79.9249,3.93E+00,2.10E+02,7.26E+01,2.38E+02
263,-6.66065,46.7219,9.25E+00,1.66E+02,1.47E+02,1.61E+02
264,-13.3121,46.709,9.15E+00,1.75E+02,1.41E+02,1.93E+02
265,-19.9625,46.6866,8.96E+00,1.93E+02,1.34E+02,2.28E+02
266,-26.6125,46.6581,8.71E+00,2.21E+02,1.27E+02,2.65E+02
267,-33.2643,46.6282,8.39E+00,2.54E+02,1.19E+02,3.02E+02
268,-39.9215,46.6026,8.01E+00,2.79E+02,1.12E+02,3.27E+02
269,-46.5879,46.5865,7.60E+00,2.82E+02,1.06E+02,3.27E+02
270,-26.6085,39.9764,9.36E+00,2.65E+02,1.32E+02,3.21E+02
271,-26.6068,33.2927,9.99E+00,3.22E+02,1.38E+02,3.91E+02
272,-26.6157,26.6138,1.06E+01,3.63E+02,1.47E+02,4.47E+02
273,-26.6471,19.952,1.11E+01,3.53E+02,1.61E+02,4.38E+02
274,-26.6937,13.3045,1.16E+01,3.04E+02,1.79E+02,3.55E+02
275,-26.73,6.65615,1.18E+01,2.66E+02,1.97E+02,2.44E+02
276,-19.9568,26.6478,1.11E+01,3.47E+02,1.63E+02,4.37E+02
277,-13.31,26.6941,1.16E+01,2.96E+02,1.82E+02,3.59E+02
278,-6.66131,26.7279,1.18E+01,2.60E+02,2.02E+02,2.55E+02
279,-13.3096,33.3679,1.07E+01,2.35E+02,1.64E+02,2.73E+02
280,-13.3107,40.0391,9.91E+00,1.99E+02,1.51E+02,2.23E+02
281,-19.957,33.331,1.04E+01,2.78E+02,1.51E+02,3.41E+02
282,-19.9594,40.0104,9.68E+00,2.27E+02,1.42E+02,2.72E+02
283,-6.66067,33.3915,1.09E+01,2.13E+02,1.76E+02,2.06E+02
284,-6.66056,40.0562,1.01E+01,1.85E+02,1.59E+02,1.79E+02
285,-13.4066,6.66867,1.39E+01,5.21E+02,3.32E+02,4.57E+02
286,-13.3403,13.3375,1.32E+01,4.68E+02,2.65E+02,5.81E+02
287,-13.3138,20.0154,1.24E+01,3.83E+02,2.13E+02,4.89E+02
288,-20.0153,13.3085,1.24E+01,3.91E+02,2.09E+02,4.87E+02
289,-20.068,6.65855,1.28E+01,3.52E+02,2.38E+02,3.36E+02
290,-19.9707,19.9686,1.18E+01,4.00E+02,1.82E+02,5.14E+02
291,-6.67455,13.4037,1.39E+01,5.14E+02,3.50E+02,4.69E+02
292,-6.72607,6.71945,1.49E+01,8.08E+02,5.09E+02,4.25E+02
293,-6.66408,20.066,1.28E+01,3.43E+02,2.47E+02,3.49E+02
294,-46.6569,26.6077,8.72E+00,2.25E+02,1.26E+02,2.67E+02
295,-39.9751,26.6036,9.36E+00,2.71E+02,1.31E+02,3.23E+02
296,-33.2921,26.6026,1.00E+01,3.26E+02,1.37E+02,3.94E+02
297,-39.9448,33.2585,8.97E+00,3.03E+02,1.22E+02,3.58E+02
298,-39.9265,39.925,8.51E+00,3.05E+02,1.16E+02,3.58E+02
299,-46.6271,33.2599,8.39E+00,2.59E+02,1.18E+02,3.05E+02
300,-46.6024,39.9183,8.02E+00,2.82E+02,1.11E+02,3.29E+02
301,-33.2686,33.2669,9.51E+00,3.32E+02,1.28E+02,3.96E+02
302,-33.2621,39.9452,8.96E+00,2.99E+02,1.23E+02,3.55E+02
303,-46.7095,13.3079,9.17E+00,1.78E+02,1.39E+02,1.90E+02
304,-40.0393,13.3062,9.94E+00,2.02E+02,1.49E+02,2.20E+02
305,-33.3678,13.3047,1.07E+01,2.41E+02,1.62E+02,2.69E+02
306,-40.0095,19.9545,9.69E+00,2.31E+02,1.41E+02,2.72E+02
307,-46.686,19.958,8.98E+00,1.97E+02,1.33E+02,2.27E+02
308,-33.3298,19.9518,1.04E+01,2.84E+02,1.49E+02,3.42E+02
309,-40.0578,6.65624,1.01E+01,1.88E+02,1.57E+02,1.73E+02
310,-46.7234,6.65673,9.28E+00,1.68E+02,1.46E+02,1.57E+02
311,-33.3932,6.65592,1.09E+01,2.18E+02,1.73E+02,1.98E+02
312,-26.6419,93.3744,4.39E+00,1.28E+02,9.70E+01,1.41E+02
313,-26.6382,86.7049,4.98E+00,1.33E+02,1.01E+02,1.48E+02
314,-26.6343,80.034,5.57E+00,1.39E+02,1.05E+02,1.57E+02
315,-26.6303,73.362,6.18E+00,1.46E+02,1.09E+02,1.67E+02
316,-26.6261,66.6886,6.79E+00,1.56E+02,1.13E+02,1.81E+02
317,-26.6217,60.0137,7.42E+00,1.71E+02,1.18E+02,2.00E+02
318,-26.6172,53.3371,8.06E+00,1.91E+02,1.22E+02,2.27E+02
319,-19.9745,73.3751,6.29E+00,1.38E+02,1.13E+02,1.53E+02
320,-13.3183,73.3846,6.37E+00,1.33E+02,1.17E+02,1.41E+02
321,-6.662,73.3899,6.42E+00,1.29E+02,1.21E+02,1.28E+02
322,-13.3199,80.0526,5.73E+00,1.27E+02,1.13E+02,1.34E+02
323,-13.3215,86.72,5.10E+00,1.22E+02,1.09E+02,1.29E+02
324,-13.3229,93.3867,4.49E+00,1.18E+02,1.05E+02,1.24E+02
325,-19.9799,86.7137,5.05E+00,1.27E+02,1.05E+02,1.38E+02
326,-19.9773,80.0449,5.66E+00,1.32E+02,1.09E+02,1.45E+02
327,-19.9825,93.3816,4.45E+00,1.23E+02,1.01E+02,1.33E+02
328,-6.66288,86.7235,5.13E+00,1.19E+02,1.13E+02,1.20E+02
329,-6.66244,80.0569,5.77E+00,1.24E+02,1.17E+02,1.24E+02
330,-6.66332,93.3895,4.52E+00,1.15E+02,1.09E+02,1.16E+02
331,-13.3136,53.3783,8.41E+00,1.59E+02,1.33E+02,1.73E+02
332,-13.3152,60.0474,7.71E+00,1.48E+02,1.27E+02,1.59E+02
333,-13.3167,66.7161,7.03E+00,1.39E+02,1.22E+02,1.48E+02
334,-19.9687,60.0331,7.59E+00,1.57E+02,1.22E+02,1.78E+02
335,-19.9656,53.3605,8.27E+00,1.71E+02,1.28E+02,1.98E+02
336,-19.9716,66.7046,6.93E+00,1.46E+02,1.17E+02,1.64E+02
337,-6.66121,60.0554,7.78E+00,1.43E+02,1.32E+02,1.41E+02
338,-6.6609,53.3884,8.50E+00,1.53E+02,1.39E+02,1.49E+02
339,-6.66159,66.7227,7.08E+00,1.35E+02,1.26E+02,1.34E+02
340,-46.5982,73.3084,5.65E+00,1.85E+02,9.60E+01,2.16E+02
341,-39.9416,73.3276,5.86E+00,1.70E+02,1.00E+02,1.98E+02
342,-33.2858,73.3458,6.03E+00,1.57E+02,1.05E+02,1.82E+02
343,-39.9479,80.005,5.31E+00,1.58E+02,9.69E+01,1.82E+02
344,-39.9541,86.6806,4.76E+00,1.48E+02,9.32E+01,1.70E+02
345,-39.96,93.3545,4.21E+00,1.41E+02,8.96E+01,1.60E+02
346,-46.6122,86.6662,4.62E+00,1.58E+02,8.95E+01,1.82E+02
347,-46.6051,79.9881,5.14E+00,1.70E+02,9.28E+01,1.97E+02
348,-46.619,93.3423,4.10E+00,1.50E+02,8.60E+01,1.71E+02
349,-33.2962,86.6937,4.88E+00,1.40E+02,9.70E+01,1.59E+02
350,-33.2911,80.0206,5.45E+00,1.47E+02,1.01E+02,1.69E+02
351,-33.3009,93.3653,4.31E+00,1.34E+02,9.32E+01,1.51E+02
352,-39.9238,53.2848,7.49E+00,2.43E+02,1.09E+02,2.85E+02
353,-39.9289,59.9672,6.95E+00,2.11E+02,1.07E+02,2.48E+02
354,-39.9351,66.6483,6.41E+00,1.87E+02,1.04E+02,2.20E+02
355,-46.5863,59.945,6.66E+00,2.32E+02,1.01E+02,2.70E+02
356,-46.5839,53.2637,7.14E+00,2.61E+02,1.03E+02,3.03E+02
357,-46.5916,66.6271,6.16E+00,2.06E+02,9.87E+01,2.40E+02
358,-33.2747,59.9911,7.21E+00,1.89E+02,1.12E+02,2.24E+02
359,-33.2691,53.3106,7.80E+00,2.16E+02,1.16E+02,2.57E+02
360,-33.2803,66.6694,6.62E+00,1.70E+02,1.09E+02,2.00E+02
361,93.3356,46.6131,4.07E+00,1.00E+02,1.63E+02,5.42E+01
362,86.658,46.6052,4.57E+00,1.06E+02,1.74E+02,5.35E+01
363,79.9784,46.5969,5.08E+00,1.11E+02,1.88E+02,5.20E+01
364,73.297,46.5886,5.58E+00,1.17E+02,2.06E+02,4.96E+01
365,66.6142,46.5806,6.07E+00,1.23E+02,2.29E+02,4.61E+01
366,59.9308,46.5738,6.55E+00,1.28E+02,2.57E+02,4.14E+01
367,53.2485,46.57,7.02E+00,1.33E+02,2.87E+02,3.66E+01
368,46.5708,46.5724,7.46E+00,1.39E+02,3.08E+02,3.41E+01
369,39.902,46.5851,7.88E+00,1.45E+02,3.09E+02,3.68E+01
370,33.2429,46.6081,8.26E+00,1.53E+02,2.87E+02,4.55E+01
371,26.5904,46.6373,8.59E+00,1.59E+02,2.53E+02,5.79E+01
372,19.9412,46.6677,8.86E+00,1.62E+02,2.19E+02,7.26E+01
373,13.2922,46.6944,9.07E+00,1.63E+02,1.91E+02,8.96E+01
374,6.64234,46.7139,9.21E+00,1.63E+02,1.70E+02,1.10E+02
375,53.2684,39.9094,7.37E+00,1.40E+02,2.69E+02,4.40E+01
376,53.2937,33.2545,7.68E+00,1.45E+02,2.43E+02,5.40E+01
377,53.3208,26.6028,7.95E+00,1.49E+02,2.15E+02,6.54E+01
378,53.3463,19.952,8.18E+00,1.51E+02,1.90E+02,7.80E+01
379,53.3673,13.3009,8.34E+00,1.52E+02,1.71E+02,9.22E+01
380,53.3818,6.64882,8.45E+00,1.52E+02,1.56E+02,1.09E+02
381,79.9958,39.9399,5.25E+00,1.13E+02,1.74E+02,6.00E+01
382,80.0123,33.2833,5.40E+00,1.15E+02,1.61E+02,6.82E+01
383,80.0268,26.6268,5.53E+00,1.16E+02,1.51E+02,7.67E+01
384,80.0389,19.97,5.63E+00,1.18E+02,1.41E+02,8.54E+01
385,80.0481,13.3128,5.70E+00,1.19E+02,1.34E+02,9.45E+01
386,80.054,6.6554,5.75E+00,1.21E+02,1.27E+02,1.04E+02
387,86.6991,26.6318,4.94E+00,1.10E+02,1.43E+02,7.68E+01
388,93.3698,26.6364,4.36E+00,1.05E+02,1.37E+02,7.64E+01
389,86.687,33.2896,4.84E+00,1.09E+02,1.52E+02,6.89E+01
390,86.6731,39.9473,4.72E+00,1.07E+02,1.63E+02,6.11E+01
391,93.3599,33.2954,4.28E+00,1.03E+02,1.45E+02,6.89E+01
392,93.3484,39.9543,4.18E+00,1.02E+02,1.54E+02,6.15E+01
393,86.7164,13.3154,5.08E+00,1.13E+02,1.28E+02,9.33E+01
394,93.3838,13.3178,4.47E+00,1.08E+02,1.24E+02,9.17E+01
395,86.709,19.9737,5.02E+00,1.12E+02,1.35E+02,8.49E+01
396,93.3778,19.9772,4.43E+00,1.07E+02,1.30E+02,8.40E+01
397,86.7211,6.65682,5.12E+00,1.15E+02,1.22E+02,1.02E+02
398,93.3875,6.65814,4.50E+00,1.11E+02,1.18E+02,9.96E+01
399,60.0003,26.6094,7.34E+00,1.39E+02,1.90E+02,7.05E+01
400,66.6776,26.6156,6.73E+00,1.31E+02,1.73E+02,7.38E+01
401,73.3531,26.6214,6.12E+00,1.23E+02,1.60E+02,7.58E+01
402,66.6572,33.2695,6.54E+00,1.29E+02,1.90E+02,6.41E+01
403,66.6354,39.9241,6.32E+00,1.26E+02,2.09E+02,5.48E+01
404,59.9765,33.2621,7.11E+00,1.37E+02,2.12E+02,5.99E+01
405,59.9524,39.9163,6.85E+00,1.33E+02,2.36E+02,5.01E+01
406,73.3357,33.2766,5.97E+00,1.22E+02,1.73E+02,6.67E+01
407,73.3166,39.9321,5.79E+00,1.20E+02,1.89E+02,5.80E+01
408,66.7184,6.65228,7.05E+00,1.33E+02,1.39E+02,1.07E+02
409,66.7092,13.3072,6.98E+00,1.33E+02,1.47E+02,9.53E+01
410,66.6954,19.9617,6.87E+00,1.32E+02,1.59E+02,8.42E+01
411,60.0387,13.3041,7.65E+00,1.41E+02,1.57E+02,9.44E+01
412,60.0502,6.65059,7.74E+00,1.42E+02,1.46E+02,1.08E+02
413,60.0216,19.957,7.52E+00,1.41E+02,1.72E+02,8.19E+01
414,73.379,13.3101,6.33E+00,1.25E+02,1.40E+02,9.52E+01
415,73.3864,6.65389,6.39E+00,1.26E+02,1.32E+02,1.06E+02
416,73.3678,19.966,6.25E+00,1.24E+02,1.49E+02,8.53E+01
417,26.5841,39.9531,9.21E+00,1.71E+02,3.03E+02,4.81E+01
418,26.5809,33.2688,9.82E+00,1.85E+02,3.61E+02,3.81E+01
419,26.5893,26.5915,1.04E+01,2.04E+02,4.01E+02,3.48E+01
420,26.6197,19.9323,1.09E+01,2.25E+02,3.89E+02,4.33E+01
421,26.6656,13.2871,1.14E+01,2.44E+02,3.29E+02,6.13E+01
422,26.7086,6.6431,1.17E+01,2.56E+02,2.66E+02,9.42E+01
423,33.2689,26.5854,9.81E+00,1.87E+02,3.57E+02,3.87E+01
424,39.9544,26.5894,9.20E+00,1.73E+02,2.98E+02,4.85E+01
425,46.6388,26.5959,8.58E+00,1.60E+02,2.49E+02,5.80E+01
426,39.9248,33.2436,8.80E+00,1.63E+02,3.30E+02,3.77E+01
427,39.9068,39.9087,8.36E+00,1.53E+02,3.34E+02,3.37E+01
428,33.2459,33.2479,9.33E+00,1.73E+02,3.64E+02,3.32E+01
429,33.2397,39.9247,8.81E+00,1.62E+02,3.33E+02,3.71E+01
430,46.6092,33.2477,8.25E+00,1.54E+02,2.83E+02,4.62E+01
431,46.5851,39.9054,7.88E+00,1.46E+02,3.06E+02,3.75E+01
432,33.345,13.2899,1.06E+01,2.10E+02,2.61E+02,7.24E+01
433,40.0211,13.2937,9.80E+00,1.84E+02,2.17E+02,8.18E+01
434,46.695,13.2974,9.06E+00,1.66E+02,1.89E+02,8.83E+01
435,39.9888,19.9408,9.54E+00,1.80E+02,2.55E+02,6.33E+01
436,33.3055,19.9354,1.02E+01,2.00E+02,3.13E+02,5.25E+01
437,46.6689,19.9466,8.85E+00,1.64E+02,2.16E+02,7.19E+01
438,40.0453,6.64527,9.98E+00,1.85E+02,1.89E+02,1.06E+02
439,33.3771,6.64384,1.08E+01,2.13E+02,2.19E+02,1.02E+02
440,46.7135,6.64705,9.20E+00,1.66E+02,1.70E+02,1.08E+02
441,6.63676,26.708,1.17E+01,2.48E+02,2.70E+02,9.79E+01
442,13.2807,26.6644,1.14E+01,2.39E+02,3.35E+02,6.22E+01
443,19.9272,26.6195,1.09E+01,2.22E+02,3.93E+02,4.27E+01
444,13.2837,33.3438,1.06E+01,2.05E+02,2.64E+02,7.39E+01
445,13.288,40.0202,9.81E+00,1.81E+02,2.20E+02,8.34E+01
446,6.63803,33.3769,1.08E+01,2.08E+02,2.21E+02,1.05E+02
447,6.64002,40.0454,9.99E+00,1.81E+02,1.90E+02,1.08E+02
448,19.9295,33.3042,1.02E+01,1.97E+02,3.18E+02,5.25E+01
449,19.9349,39.9874,9.55E+00,1.78E+02,2.59E+02,6.38E+01
450,6.6535,13.3731,1.36E+01,4.69E+02,4.81E+02,8.86E+01
451,13.305,13.3077,1.30E+01,3.69E+02,4.92E+02,6.93E+01
452,19.9822,13.2873,1.22E+01,2.95E+02,4.23E+02,5.70E+01
453,13.2818,19.9821,1.22E+01,2.90E+02,4.29E+02,5.63E+01
454,6.63905,20.0389,1.26E+01,3.16E+02,3.52E+02,9.05E+01
455,19.9397,19.9422,1.16E+01,2.56E+02,4.46E+02,4.35E+01
456,13.3743,6.65926,1.36E+01,4.74E+02,4.69E+02,8.82E+01
457,6.71795,6.71719,1.47E+01,7.39E+02,6.54E+02,1.07E+02
458,20.0396,6.64553,1.26E+01,3.28E+02,3.45E+02,8.78E+01
459,53.2695,93.3209,3.94E+00,9.78E+01,1.77E+02,4.65E+01
460,53.2605,86.6411,4.42E+00,1.03E+02,1.90E+02,4.55E+01
461,53.2517,79.9597,4.89E+00,1.08E+02,2.06E+02,4.38E+01
462,53.2436,73.2773,5.35E+00,1.13E+02,2.26E+02,4.11E+01
463,53.2372,66.5949,5.79E+00,1.18E+02,2.49E+02,3.77E+01
464,53.2341,59.9144,6.23E+00,1.22E+02,2.72E+02,3.45E+01
465,53.237,53.2384,6.64E+00,1.27E+02,2.87E+02,3.35E+01
466,59.9061,73.2621,5.08E+00,1.09E+02,2.38E+02,3.41E+01
467,66.5732,73.2515,4.79E+00,1.06E+02,2.44E+02,2.89E+01
468,73.2454,73.2463,4.48E+00,1.02E+02,2.41E+02,2.61E+01
469,79.9221,73.2462,4.15E+00,9.87E+01,2.31E+02,2.55E+01
470,86.6017,73.2501,3.79E+00,9.54E+01,2.18E+02,2.62E+01
471,93.2827,73.2566,3.42E+00,9.17E+01,2.04E+02,2.72E+01
472,73.2446,79.9221,4.15E+00,9.85E+01,2.32E+02,2.52E+01
473,73.2481,86.6011,3.79E+00,9.50E+01,2.20E+02,2.57E+01
474,73.2543,93.2818,3.42E+00,9.13E+01,2.07E+02,2.66E+01
475,66.5827,86.612,4.02E+00,9.80E+01,2.13E+02,3.16E+01
476,59.9205,86.6257,4.23E+00,1.01E+02,2.02E+02,3.83E+01
477,66.5764,79.9309,4.42E+00,1.02E+02,2.29E+02,3.00E+01
478,59.9124,79.9438,4.66E+00,1.05E+02,2.19E+02,3.64E+01
479,66.5908,93.2935,3.61E+00,9.37E+01,1.99E+02,3.28E+01
480,59.9294,93.3069,3.78E+00,9.59E+01,1.88E+02,3.95E+01
481,86.5938,79.9184,3.54E+00,9.23E+01,2.21E+02,2.15E+01
482,86.5901,86.5907,3.27E+00,8.92E+01,2.19E+02,1.86E+01
483,86.5905,93.2665,2.98E+00,8.62E+01,2.13E+02,1.75E+01
484,79.9171,86.5938,3.54E+00,9.21E+01,2.22E+02,2.13E+01
485,79.9173,79.918,3.85E+00,9.54E+01,2.29E+02,2.24E+01
486,79.9207,93.2725,3.21E+00,8.87E+01,2.12E+02,2.14E+01
487,93.2665,86.5915,2.98E+00,8.64E+01,2.11E+02,1.78E+01
488,93.273,79.9224,3.21E+00,8.91E+01,2.10E+02,2.18E+01
489,93.2637,93.2641,2.73E+00,8.36E+01,2.09E+02,1.55E+01
490,73.2785,53.2471,5.34E+00,1.14E+02,2.22E+02,4.17E+01
491,73.2628,59.9089,5.08E+00,1.10E+02,2.35E+02,3.47E+01
492,73.2514,66.5751,4.79E+00,1.06E+02,2.42E+02,2.93E+01
493,66.5821,59.9052,5.48E+00,1.14E+02,2.55E+02,3.25E+01
494,59.9051,59.9063,5.87E+00,1.18E+02,2.69E+02,3.18E+01
495,66.5958,53.2404,5.79E+00,1.18E+02,2.46E+02,3.83E+01
496,59.9144,53.2367,6.22E+00,1.23E+02,2.70E+02,3.49E+01
497,66.5746,66.5757,5.15E+00,1.10E+02,2.54E+02,2.94E+01
498,59.903,66.5822,5.48E+00,1.14E+02,2.57E+02,3.20E+01
499,93.308,59.9322,3.78E+00,9.64E+01,1.85E+02,4.00E+01
500,86.6269,59.9235,4.23E+00,1.01E+02,1.99E+02,3.89E+01
501,79.9449,59.9154,4.66E+00,1.06E+02,2.16E+02,3.71E+01
502,86.6423,53.2637,4.41E+00,1.04E+02,1.86E+02,4.61E+01
503,93.3219,53.2723,3.93E+00,9.83E+01,1.74E+02,4.70E+01
504,79.961,53.2551,4.88E+00,1.09E+02,2.02E+02,4.43E+01
505,86.613,66.5853,4.02E+00,9.84E+01,2.10E+02,3.22E+01
506,93.2946,66.5934,3.61E+00,9.42E+01,1.95E+02,3.34E+01
507,79.9315,66.5789,4.41E+00,1.02E+02,2.26E+02,3.06E+01
508,26.634,93.3698,4.37E+00,1.04E+02,1.38E+02,7.61E+01
509,26.6289,86.6989,4.95E+00,1.10E+02,1.44E+02,7.67E+01
510,26.6235,80.0265,5.54E+00,1.16E+02,1.52E+02,7.67E+01
511,26.6177,73.3525,6.13E+00,1.22E+02,1.62E+02,7.58E+01
512,26.6114,66.6768,6.74E+00,1.30E+02,1.75E+02,7.39E+01
513,26.6047,59.9992,7.35E+00,1.38E+02,1.93E+02,7.06E+01
514,26.5977,53.3195,7.96E+00,1.48E+02,2.18E+02,6.54E+01
515,33.2728,73.3347,5.98E+00,1.21E+02,1.76E+02,6.66E+01
516,39.9282,73.3153,5.80E+00,1.19E+02,1.92E+02,5.77E+01
517,46.5848,73.2956,5.59E+00,1.17E+02,2.09E+02,4.91E+01
518,39.9363,79.9948,5.26E+00,1.13E+02,1.76E+02,5.97E+01
519,39.9442,86.6723,4.73E+00,1.07E+02,1.65E+02,6.08E+01
520,39.9516,93.3478,4.19E+00,1.01E+02,1.56E+02,6.11E+01
521,33.2866,86.6865,4.85E+00,1.08E+02,1.54E+02,6.87E+01
522,33.2799,80.0116,5.41E+00,1.14E+02,1.63E+02,6.81E+01
523,33.2928,93.3596,4.29E+00,1.03E+02,1.47E+02,6.86E+01
524,46.602,86.6569,4.58E+00,1.05E+02,1.77E+02,5.31E+01
525,46.5934,79.9771,5.09E+00,1.11E+02,1.91E+02,5.16E+01
526,46.6103,93.3347,4.07E+00,9.95E+01,1.66E+02,5.37E+01
527,33.2574,59.9751,7.12E+00,1.36E+02,2.15E+02,5.97E+01
528,39.9118,59.951,6.86E+00,1.32E+02,2.40E+02,4.96E+01
529,46.5701,59.9299,6.56E+00,1.27E+02,2.61E+02,4.08E+01
530,39.9198,66.634,6.33E+00,1.26E+02,2.13E+02,5.44E+01
531,33.2652,66.656,6.55E+00,1.28E+02,1.92E+02,6.39E+01
532,46.5766,66.6129,6.08E+00,1.22E+02,2.33E+02,4.55E+01
533,39.9052,53.2673,7.38E+00,1.39E+02,2.73E+02,4.32E+01
534,33.2495,53.2922,7.69E+00,1.44E+02,2.47E+02,5.35E+01
535,46.567,53.2485,7.02E+00,1.33E+02,2.89E+02,3.61E+01
536,6.65082,73.3873,6.40E+00,1.25E+02,1.33E+02,1.06E+02
537,13.3068,73.3794,6.35E+00,1.24E+02,1.41E+02,9.54E+01
538,19.9625,73.3677,6.26E+00,1.23E+02,1.50E+02,8.54E+01
539,13.3099,80.0486,5.71E+00,1.18E+02,1.34E+02,9.45E+01
540,13.3129,86.7169,5.09E+00,1.12E+02,1.29E+02,9.32E+01
541,13.3156,93.3843,4.48E+00,1.08E+02,1.25E+02,9.15E+01
542,6.65442,86.722,5.13E+00,1.14E+02,1.23E+02,1.02E+02
543,6.65267,80.0549,5.76E+00,1.19E+02,1.28E+02,1.04E+02
544,6.65605,93.3883,4.51E+00,1.10E+02,1.19E+02,9.94E+01
545,19.971,86.7092,5.03E+00,1.11E+02,1.36E+02,8.49E+01
546,19.9669,80.039,5.64E+00,1.17E+02,1.42E+02,8.55E+01
547,19.9749,93.3781,4.43E+00,1.06E+02,1.31E+02,8.38E+01
548,13.2963,53.3671,8.36E+00,1.50E+02,1.72E+02,9.32E+01
549,13.3,60.0387,7.67E+00,1.40E+02,1.58E+02,9.50E+01
550,13.3035,66.7095,7.00E+00,1.31E+02,1.48E+02,9.57E+01
551,6.64678,60.0509,7.75E+00,1.40E+02,1.47E+02,1.09E+02
552,6.64459,53.3824,8.47E+00,1.50E+02,1.57E+02,1.10E+02
553,6.64885,66.7192,7.07E+00,1.32E+02,1.39E+02,1.08E+02
554,19.9526,60.0211,7.53E+00,1.39E+02,1.73E+02,8.23E+01
555,19.947,53.3454,8.19E+00,1.50E+02,1.92E+02,7.86E+01
556,19.9577,66.6951,6.88E+00,1.31E+02,1.60E+02,8.45E+01
557,-0.000179985,-93.3902,4.52E+00,1.14E+02,1.12E+02,1.08E+02
558,-9.63E-05,-86.7244,5.14E+00,1.18E+02,1.16E+02,1.10E+02
559,2.05E-05,-80.058,5.78E+00,1.23E+02,1.20E+02,1.13E+02
560,0.000167415,-73.3911,6.43E+00,1.29E+02,1.25E+02,1.16E+02
561,0.000337705,-66.7242,7.10E+00,1.36E+02,1.30E+02,1.18E+02
562,0.000527141,-60.0571,7.79E+00,1.44E+02,1.37E+02,1.21E+02
563,0.00071682,-53.3904,8.52E+00,1.55E+02,1.44E+02,1.25E+02
564,0.000896493,-46.7244,9.28E+00,1.69E+02,1.54E+02,1.28E+02
565,0.00101281,-40.0593,1.01E+01,1.88E+02,1.68E+02,1.33E+02
566,0.000988867,-33.3957,1.09E+01,2.18E+02,1.89E+02,1.39E+02
567,0.000494473,-26.7345,1.19E+01,2.65E+02,2.22E+02,1.48E+02
568,-0.000939787,-20.077,1.29E+01,3.51E+02,2.78E+02,1.67E+02
569,-0.00603284,-13.4309,1.40E+01,5.55E+02,4.15E+02,2.03E+02
570,-0.0142215,-6.78902,1.53E+01,9.46E+02,6.86E+02,2.31E+02
571,-6.65199,-53.3842,8.47E+00,1.53E+02,1.54E+02,1.06E+02
572,-13.3038,-53.3699,8.36E+00,1.53E+02,1.68E+02,9.04E+01
573,-19.9546,-53.3487,8.20E+00,1.52E+02,1.87E+02,7.68E+01
574,-26.6049,-53.3228,7.97E+00,1.49E+02,2.11E+02,6.47E+01
575,-33.2559,-53.2951,7.70E+00,1.45E+02,2.40E+02,5.36E+01
576,-39.9101,-53.269,7.39E+00,1.39E+02,2.67E+02,4.36E+01
577,-46.57,-53.2486,7.04E+00,1.33E+02,2.85E+02,3.61E+01
578,-53.2381,-53.2368,6.65E+00,1.27E+02,2.86E+02,3.29E+01
579,-59.9141,-53.2339,6.24E+00,1.22E+02,2.70E+02,3.41E+01
580,-66.5949,-53.2373,5.81E+00,1.18E+02,2.47E+02,3.75E+01
581,-73.2775,-53.2439,5.36E+00,1.13E+02,2.24E+02,4.10E+01
582,-79.9601,-53.2522,4.90E+00,1.09E+02,2.04E+02,4.37E+01
583,-86.6417,-53.2612,4.43E+00,1.03E+02,1.88E+02,4.55E+01
584,-93.3215,-53.2702,3.94E+00,9.82E+01,1.75E+02,4.66E+01
585,-46.5742,-59.9311,6.57E+00,1.28E+02,2.55E+02,4.11E+01
586,-46.5812,-66.6148,6.09E+00,1.23E+02,2.27E+02,4.59E+01
587,-46.5895,-73.2978,5.59E+00,1.17E+02,2.04E+02,4.95E+01
588,-46.5979,-79.9793,5.09E+00,1.12E+02,1.86E+02,5.19E+01
589,-46.6063,-86.659,4.58E+00,1.06E+02,1.72E+02,5.34E+01
590,-46.6142,-93.3365,4.07E+00,1.00E+02,1.62E+02,5.41E+01
591,-19.9595,-60.0239,7.54E+00,1.41E+02,1.69E+02,8.09E+01
592,-19.964,-66.6975,6.89E+00,1.32E+02,1.57E+02,8.33E+01
593,-19.9681,-73.3696,6.26E+00,1.25E+02,1.47E+02,8.46E+01
594,-19.972,-80.0407,5.64E+00,1.18E+02,1.40E+02,8.49E+01
595,-19.9755,-86.7105,5.03E+00,1.12E+02,1.34E+02,8.46E+01
596,-19.9789,-93.3791,4.44E+00,1.07E+02,1.29E+02,8.38E+01
597,-13.3124,-73.3809,6.35E+00,1.26E+02,1.38E+02,9.43E+01
598,-6.65627,-73.3882,6.41E+00,1.27E+02,1.31E+02,1.05E+02
599,-13.3097,-66.7114,7.00E+00,1.33E+02,1.46E+02,9.41E+01
600,-13.3068,-60.041,7.67E+00,1.42E+02,1.55E+02,9.29E+01
601,-6.6549,-66.7205,7.07E+00,1.34E+02,1.37E+02,1.06E+02
602,-6.65347,-60.0524,7.76E+00,1.43E+02,1.45E+02,1.06E+02
603,-13.3173,-86.7179,5.09E+00,1.14E+02,1.27E+02,9.29E+01
604,-6.65878,-86.7226,5.13E+00,1.16E+02,1.21E+02,1.01E+02
605,-13.3149,-80.0498,5.71E+00,1.20E+02,1.32E+02,9.38E+01
606,-6.65757,-80.0557,5.76E+00,1.21E+02,1.26E+02,1.03E+02
607,-13.3194,-93.385,4.48E+00,1.09E+02,1.23E+02,9.15E+01
608,-6.65989,-93.3887,4.51E+00,1.11E+02,1.17E+02,9.94E+01
609,-39.9334,-73.3178,5.80E+00,1.20E+02,1.87E+02,5.78E+01
610,-33.2783,-73.3373,5.98E+00,1.22E+02,1.71E+02,6.64E+01
611,-26.6234,-73.3549,6.14E+00,1.24E+02,1.58E+02,7.53E+01
612,-33.2712,-66.6588,6.56E+00,1.29E+02,1.87E+02,6.37E+01
613,-33.2637,-59.9781,7.13E+00,1.37E+02,2.09E+02,5.96E+01
614,-39.9253,-66.6366,6.34E+00,1.27E+02,2.07E+02,5.46E+01
615,-39.9172,-59.9534,6.87E+00,1.33E+02,2.33E+02,4.99E+01
616,-26.6177,-66.6796,6.74E+00,1.31E+02,1.70E+02,7.33E+01
617,-26.6116,-60.0023,7.35E+00,1.40E+02,1.87E+02,6.99E+01
618,-33.2968,-93.3612,4.29E+00,1.04E+02,1.43E+02,6.88E+01
619,-33.2911,-86.6884,4.85E+00,1.09E+02,1.50E+02,6.87E+01
620,-33.2849,-80.0138,5.42E+00,1.15E+02,1.59E+02,6.80E+01
621,-39.9486,-86.6744,4.73E+00,1.08E+02,1.61E+02,6.10E+01
622,-39.9556,-93.3495,4.19E+00,1.02E+02,1.52E+02,6.14E+01
623,-39.9412,-79.9971,5.27E+00,1.14E+02,1.72E+02,5.99E+01
624,-26.6335,-86.7006,4.95E+00,1.11E+02,1.42E+02,7.66E+01
625,-26.638,-93.3711,4.37E+00,1.05E+02,1.36E+02,7.62E+01
626,-26.6286,-80.0285,5.54E+00,1.17E+02,1.49E+02,7.63E+01
627,-73.2618,-59.9059,5.09E+00,1.09E+02,2.37E+02,3.39E+01
628,-73.2508,-66.5727,4.80E+00,1.06E+02,2.43E+02,2.85E+01
629,-73.2455,-73.2446,4.49E+00,1.02E+02,2.40E+02,2.57E+01
630,-73.2455,-79.9213,4.15E+00,9.86E+01,2.30E+02,2.52E+01
631,-73.2495,-86.6011,3.80E+00,9.53E+01,2.17E+02,2.59E+01
632,-73.2562,-93.2823,3.43E+00,9.16E+01,2.03E+02,2.70E+01
633,-66.5745,-73.2508,4.80E+00,1.06E+02,2.41E+02,2.89E+01
634,-59.9087,-73.2625,5.09E+00,1.10E+02,2.34E+02,3.44E+01
635,-53.2474,-73.2788,5.35E+00,1.14E+02,2.20E+02,4.15E+01
636,-59.9047,-66.5817,5.50E+00,1.14E+02,2.54E+02,3.21E+01
637,-59.9058,-59.9047,5.88E+00,1.18E+02,2.68E+02,3.14E+01
638,-66.575,-66.574,5.16E+00,1.09E+02,2.53E+02,2.89E+01
639,-66.5817,-59.9026,5.50E+00,1.13E+02,2.56E+02,3.17E+01
640,-53.2404,-66.5958,5.80E+00,1.18E+02,2.44E+02,3.80E+01
641,-53.2364,-59.9142,6.24E+00,1.23E+02,2.69E+02,3.45E+01
642,-59.9326,-93.3084,3.79E+00,9.65E+01,1.84E+02,4.00E+01
643,-59.9238,-86.6272,4.23E+00,1.01E+02,1.97E+02,3.88E+01
644,-59.9155,-79.9449,4.67E+00,1.06E+02,2.14E+02,3.69E+01
645,-66.5852,-86.6129,4.03E+00,9.84E+01,2.09E+02,3.20E+01
646,-66.5935,-93.2946,3.61E+00,9.42E+01,1.94E+02,3.32E+01
647,-66.5785,-79.9311,4.42E+00,1.02E+02,2.25E+02,3.03E+01
648,-53.2644,-86.643,4.42E+00,1.04E+02,1.85E+02,4.60E+01
649,-53.2731,-93.3226,3.94E+00,9.85E+01,1.73E+02,4.70E+01
650,-53.2556,-79.9615,4.89E+00,1.09E+02,2.01E+02,4.42E+01
651,-93.2814,-73.254,3.43E+00,9.14E+01,2.06E+02,2.66E+01
652,-86.6005,-73.2475,3.80E+00,9.50E+01,2.19E+02,2.55E+01
653,-79.9213,-73.2439,4.16E+00,9.84E+01,2.32E+02,2.49E+01
654,-86.6119,-66.5826,4.03E+00,9.81E+01,2.12E+02,3.15E+01
655,-86.626,-59.9208,4.24E+00,1.01E+02,2.01E+02,3.83E+01
656,-93.2935,-66.5909,3.62E+00,9.39E+01,1.97E+02,3.28E+01
657,-93.3072,-59.9299,3.79E+00,9.62E+01,1.87E+02,3.95E+01
658,-79.9304,-66.5761,4.43E+00,1.02E+02,2.28E+02,2.98E+01
659,-79.9438,-59.9125,4.67E+00,1.05E+02,2.18E+02,3.63E+01
660,-86.5906,-93.2656,2.98E+00,8.62E+01,2.11E+02,1.75E+01
661,-86.5897,-86.5892,3.28E+00,8.91E+01,2.18E+02,1.84E+01
662,-86.593,-79.9163,3.55E+00,9.20E+01,2.22E+02,2.10E+01
663,-93.2655,-86.5896,2.99E+00,8.62E+01,2.13E+02,1.74E+01
664,-93.2631,-93.2626,2.73E+00,8.36E+01,2.09E+02,1.54E+01
665,-93.2718,-79.9201,3.22E+00,8.88E+01,2.12E+02,2.13E+01
666,-79.9176,-86.593,3.55E+00,9.21E+01,2.20E+02,2.12E+01
667,-79.9217,-93.2723,3.22E+00,8.89E+01,2.09E+02,2.16E+01
668,-79.9171,-79.9164,3.86E+00,9.52E+01,2.29E+02,2.20E+01
669,-46.7166,-6.64599,9.24E+00,1.65E+02,1.67E+02,1.06E+02
670,-46.6971,-13.2956,9.10E+00,1.64E+02,1.87E+02,8.73E+01
671,-46.6701,-19.9441,8.88E+00,1.63E+02,2.15E+02,7.12E+01
672,-46.6391,-26.5927,8.61E+00,1.59E+02,2.49E+02,5.73E+01
673,-46.6091,-33.2442,8.28E+00,1.53E+02,2.84E+02,4.51E+01
674,-46.5854,-39.9025,7.90E+00,1.45E+02,3.07E+02,3.63E+01
675,-46.5724,-46.5709,7.48E+00,1.38E+02,3.07E+02,3.34E+01
676,-39.9546,-26.586,9.23E+00,1.71E+02,2.98E+02,4.75E+01
677,-33.2697,-26.5824,9.84E+00,1.84E+02,3.58E+02,3.77E+01
678,-26.5923,-26.5904,1.04E+01,2.02E+02,4.00E+02,3.48E+01
679,-19.9338,-26.6213,1.10E+01,2.22E+02,3.87E+02,4.36E+01
680,-13.2901,-26.6683,1.14E+01,2.43E+02,3.26E+02,6.04E+01
681,-6.6472,-26.7117,1.17E+01,2.58E+02,2.63E+02,8.90E+01
682,-26.621,-19.9292,1.10E+01,2.21E+02,3.90E+02,4.29E+01
683,-26.6673,-13.2843,1.14E+01,2.38E+02,3.28E+02,6.07E+01
684,-26.7119,-6.64175,1.17E+01,2.50E+02,2.61E+02,9.17E+01
685,-33.3469,-13.2875,1.06E+01,2.06E+02,2.58E+02,7.14E+01
686,-40.0232,-13.2917,9.84E+00,1.82E+02,2.15E+02,8.08E+01
687,-33.3063,-19.9322,1.03E+01,1.97E+02,3.13E+02,5.16E+01
688,-39.9897,-19.9379,9.57E+00,1.78E+02,2.54E+02,6.25E+01
689,-33.3803,-6.64261,1.09E+01,2.09E+02,2.14E+02,9.93E+01
690,-40.0485,-6.64413,1.00E+01,1.83E+02,1.86E+02,1.04E+02
691,-6.66165,-13.3742,1.37E+01,4.80E+02,4.73E+02,9.15E+01
692,-13.3091,-13.3064,1.30E+01,3.63E+02,4.89E+02,7.31E+01
693,-19.984,-13.2843,1.22E+01,2.87E+02,4.23E+02,5.75E+01
694,-13.2894,-19.9841,1.22E+01,2.91E+02,4.22E+02,5.87E+01
695,-6.64939,-20.0422,1.26E+01,3.29E+02,3.43E+02,8.36E+01
696,-19.9433,-19.9411,1.16E+01,2.53E+02,4.44E+02,4.49E+01
697,-13.3769,-6.65686,1.37E+01,4.56E+02,4.66E+02,8.89E+01
698,-6.721,-6.71591,1.47E+01,7.31E+02,6.48E+02,1.15E+02
699,-20.0427,-6.64382,1.27E+01,3.16E+02,3.40E+02,8.58E+01
700,-26.5978,-46.6408,8.60E+00,1.60E+02,2.46E+02,5.74E+01
701,-26.591,-39.956,9.22E+00,1.72E+02,2.95E+02,4.79E+01
702,-26.5864,-33.2701,9.84E+00,1.85E+02,3.55E+02,3.83E+01
703,-33.2442,-39.9256,8.83E+00,1.62E+02,3.28E+02,3.71E+01
704,-39.9088,-39.9072,8.38E+00,1.53E+02,3.32E+02,3.31E+01
705,-33.2487,-46.6104,8.27E+00,1.53E+02,2.81E+02,4.57E+01
706,-39.9057,-46.5855,7.90E+00,1.46E+02,3.05E+02,3.69E+01
707,-33.2484,-33.2466,9.36E+00,1.72E+02,3.63E+02,3.26E+01
708,-39.9254,-33.2406,8.83E+00,1.61E+02,3.31E+02,3.66E+01
709,-13.3005,-46.6977,9.08E+00,1.67E+02,1.86E+02,8.62E+01
710,-13.297,-40.024,9.83E+00,1.85E+02,2.14E+02,7.95E+01
711,-13.2932,-33.3478,1.06E+01,2.10E+02,2.57E+02,7.02E+01
712,-19.9434,-39.9912,9.56E+00,1.80E+02,2.52E+02,6.22E+01
713,-19.9493,-46.6714,8.87E+00,1.65E+02,2.13E+02,7.07E+01
714,-19.9377,-33.3077,1.03E+01,1.99E+02,3.10E+02,5.19E+01
715,-6.64904,-40.0482,1.00E+01,1.87E+02,1.86E+02,1.02E+02
716,-6.6505,-46.7162,9.22E+00,1.68E+02,1.67E+02,1.05E+02
717,-6.64782,-33.3801,1.08E+01,2.15E+02,2.15E+02,9.69E+01
718,-73.3889,-6.65324,6.42E+00,1.26E+02,1.32E+02,1.05E+02
719,-73.3812,-13.3091,6.36E+00,1.25E+02,1.39E+02,9.46E+01
720,-73.3694,-19.9646,6.27E+00,1.24E+02,1.48E+02,8.47E+01
721,-73.3542,-26.6197,6.15E+00,1.23E+02,1.60E+02,7.54E+01
722,-73.3362,-33.2744,5.99E+00,1.21E+02,1.73E+02,6.63E+01
723,-73.3164,-39.9295,5.81E+00,1.20E+02,1.89E+02,5.75E+01
724,-73.2963,-46.5856,5.60E+00,1.17E+02,2.07E+02,4.90E+01
725,-66.6786,-26.6135,6.75E+00,1.30E+02,1.72E+02,7.34E+01
726,-60.0011,-26.607,7.37E+00,1.39E+02,1.89E+02,7.00E+01
727,-53.3213,-26.6,7.98E+00,1.48E+02,2.14E+02,6.48E+01
728,-66.7115,-13.306,7.02E+00,1.32E+02,1.46E+02,9.45E+01
729,-60.0409,-13.3028,7.69E+00,1.41E+02,1.56E+02,9.36E+01
730,-53.3695,-13.2993,8.38E+00,1.51E+02,1.69E+02,9.13E+01
731,-60.053,-6.64973,7.78E+00,1.41E+02,1.45E+02,1.07E+02
732,-66.7211,-6.65152,7.09E+00,1.33E+02,1.38E+02,1.06E+02
733,-53.3847,-6.64786,8.49E+00,1.51E+02,1.54E+02,1.07E+02
734,-60.0232,-19.9551,7.55E+00,1.40E+02,1.71E+02,8.13E+01
735,-66.697,-19.96,6.90E+00,1.31E+02,1.58E+02,8.36E+01
736,-53.3476,-19.9498,8.21E+00,1.50E+02,1.88E+02,7.74E+01
737,-59.9301,-46.5705,6.57E+00,1.27E+02,2.58E+02,4.05E+01
738,-59.9519,-39.9129,6.87E+00,1.32E+02,2.37E+02,4.93E+01
739,-59.9765,-33.259,7.14E+00,1.36E+02,2.12E+02,5.93E+01
740,-66.635,-39.9211,6.34E+00,1.26E+02,2.10E+02,5.42E+01
741,-66.6134,-46.5773,6.09E+00,1.22E+02,2.30E+02,4.54E+01
742,-66.6575,-33.2669,6.57E+00,1.29E+02,1.90E+02,6.36E+01
743,-53.2679,-39.906,7.39E+00,1.39E+02,2.71E+02,4.29E+01
744,-53.2485,-46.5672,7.04E+00,1.33E+02,2.88E+02,3.56E+01
745,-53.2935,-33.2511,7.71E+00,1.44E+02,2.43E+02,5.32E+01
746,-93.371,-26.6356,4.38E+00,1.05E+02,1.37E+02,7.61E+01
747,-86.7004,-26.6306,4.96E+00,1.10E+02,1.43E+02,7.65E+01
748,-80.0281,-26.6254,5.55E+00,1.16E+02,1.50E+02,7.63E+01
749,-86.7107,-19.9728,5.04E+00,1.12E+02,1.35E+02,8.46E+01
750,-86.7184,-13.3147,5.10E+00,1.13E+02,1.28E+02,9.28E+01
751,-86.7234,-6.65638,5.14E+00,1.15E+02,1.22E+02,1.01E+02
752,-93.3856,-13.3172,4.49E+00,1.08E+02,1.24E+02,9.14E+01
753,-93.3794,-19.9765,4.44E+00,1.06E+02,1.30E+02,8.37E+01
754,-93.3895,-6.6578,4.52E+00,1.10E+02,1.18E+02,9.92E+01
755,-80.0502,-13.312,5.73E+00,1.19E+02,1.33E+02,9.39E+01
756,-80.0406,-19.9689,5.65E+00,1.17E+02,1.41E+02,8.50E+01
757,-80.0564,-6.65486,5.77E+00,1.20E+02,1.27E+02,1.03E+02
758,-86.6578,-46.603,4.59E+00,1.06E+02,1.75E+02,5.31E+01
759,-86.6735,-39.9455,4.74E+00,1.07E+02,1.63E+02,6.07E+01
760,-86.6878,-33.2881,4.86E+00,1.09E+02,1.52E+02,6.85E+01
761,-93.3489,-39.9528,4.20E+00,1.02E+02,1.54E+02,6.11E+01
762,-93.3356,-46.6114,4.08E+00,1.00E+02,1.64E+02,5.38E+01
763,-93.3608,-33.2942,4.30E+00,1.03E+02,1.45E+02,6.86E+01
764,-79.9959,-39.9377,5.27E+00,1.13E+02,1.74E+02,5.96E+01
765,-79.978,-46.5944,5.10E+00,1.11E+02,1.89E+02,5.15E+01
766,-80.0129,-33.2815,5.43E+00,1.15E+02,1.61E+02,6.79E+01
767,93.328,-53.2771,3.97E+00,1.61E+02,8.21E+01,1.83E+02
768,86.6497,-53.2696,4.46E+00,1.71E+02,8.54E+01,1.96E+02
769,79.9698,-53.2623,4.94E+00,1.85E+02,8.84E+01,2.13E+02
770,73.2887,-53.2556,5.41E+00,2.03E+02,9.12E+01,2.34E+02
771,66.6072,-53.2504,5.87E+00,2.25E+02,9.35E+01,2.59E+02
772,59.9268,-53.2481,6.31E+00,2.47E+02,9.57E+01,2.85E+02
773,53.25,-53.2513,6.73E+00,2.64E+02,9.86E+01,3.04E+02
774,46.5802,-53.2626,7.12E+00,2.65E+02,1.03E+02,3.06E+02
775,39.9183,-53.2822,7.47E+00,2.49E+02,1.09E+02,2.90E+02
776,33.2624,-53.3071,7.78E+00,2.24E+02,1.15E+02,2.62E+02
777,26.6098,-53.3334,8.04E+00,1.98E+02,1.21E+02,2.30E+02
778,19.9583,-53.3575,8.25E+00,1.77E+02,1.27E+02,1.99E+02
779,13.3064,-53.3763,8.41E+00,1.64E+02,1.32E+02,1.71E+02
780,6.65374,-53.3877,8.50E+00,1.57E+02,1.37E+02,1.46E+02
781,53.2458,-59.9268,6.31E+00,2.50E+02,9.53E+01,2.86E+02
782,53.2476,-66.6066,5.87E+00,2.28E+02,9.29E+01,2.62E+02
783,53.2526,-73.2877,5.41E+00,2.06E+02,9.05E+01,2.37E+02
784,53.2594,-79.9688,4.94E+00,1.88E+02,8.78E+01,2.16E+02
785,53.267,-86.6488,4.46E+00,1.74E+02,8.48E+01,1.99E+02
786,53.2748,-93.3272,3.97E+00,1.63E+02,8.15E+01,1.85E+02
787,59.9153,-73.2723,5.15E+00,2.19E+02,8.60E+01,2.50E+02
788,66.5824,-73.2611,4.86E+00,2.24E+02,8.19E+01,2.55E+02
789,73.2544,-73.2551,4.55E+00,2.21E+02,7.86E+01,2.51E+02
790,79.9307,-73.2541,4.21E+00,2.12E+02,7.60E+01,2.41E+02
791,86.6097,-73.2569,3.85E+00,2.00E+02,7.36E+01,2.27E+02
792,93.2899,-73.2623,3.47E+00,1.88E+02,7.11E+01,2.13E+02
793,73.2612,-66.5841,4.86E+00,2.22E+02,8.22E+01,2.53E+02
794,73.2729,-59.9177,5.15E+00,2.16E+02,8.65E+01,2.47E+02
795,59.9133,-66.5932,5.56E+00,2.36E+02,8.84E+01,2.70E+02
796,59.9166,-59.9177,5.95E+00,2.48E+02,9.15E+01,2.83E+02
797,66.5848,-66.5857,5.22E+00,2.34E+02,8.49E+01,2.66E+02
798,66.5931,-59.9153,5.56E+00,2.34E+02,8.88E+01,2.68E+02
799,86.6212,-66.592,4.08E+00,1.93E+02,7.75E+01,2.20E+02
800,86.6348,-59.9298,4.28E+00,1.83E+02,8.15E+01,2.09E+02
801,79.9405,-66.5867,4.48E+00,2.07E+02,7.99E+01,2.37E+02
802,79.954,-59.923,4.72E+00,1.98E+02,8.41E+01,2.27E+02
803,93.3017,-66.5989,3.66E+00,1.80E+02,7.48E+01,2.05E+02
804,93.3147,-59.9373,3.82E+00,1.70E+02,7.85E+01,1.94E+02
805,73.2605,-93.2891,3.48E+00,1.90E+02,7.07E+01,2.16E+02
806,73.2552,-86.6092,3.85E+00,2.02E+02,7.32E+01,2.29E+02
807,73.2528,-79.9307,4.21E+00,2.13E+02,7.57E+01,2.42E+02
808,66.5898,-86.6203,4.08E+00,1.95E+02,7.70E+01,2.22E+02
809,59.9273,-86.6339,4.28E+00,1.85E+02,8.09E+01,2.11E+02
810,66.5967,-93.3008,3.66E+00,1.83E+02,7.43E+01,2.07E+02
811,59.9351,-93.3137,3.83E+00,1.73E+02,7.79E+01,1.97E+02
812,66.5846,-79.94,4.48E+00,2.10E+02,7.94E+01,2.39E+02
813,59.9204,-79.9531,4.72E+00,2.01E+02,8.36E+01,2.29E+02
814,93.2733,-86.5976,3.04E+00,1.94E+02,6.43E+01,2.20E+02
815,86.5972,-86.5976,3.34E+00,2.01E+02,6.69E+01,2.27E+02
816,79.9243,-86.6014,3.61E+00,2.04E+02,6.98E+01,2.31E+02
817,86.5968,-93.2732,3.04E+00,1.95E+02,6.41E+01,2.21E+02
818,93.2699,-93.2702,2.79E+00,1.92E+02,6.13E+01,2.17E+02
819,79.927,-93.2796,3.27E+00,1.95E+02,6.72E+01,2.21E+02
820,86.6015,-79.9254,3.61E+00,2.03E+02,7.00E+01,2.30E+02
821,93.2802,-79.9284,3.27E+00,1.93E+02,6.76E+01,2.19E+02
822,79.9253,-79.9259,3.92E+00,2.10E+02,7.26E+01,2.39E+02
823,26.615,-60.0106,7.41E+00,1.76E+02,1.16E+02,2.02E+02
824,26.62,-66.686,6.78E+00,1.61E+02,1.12E+02,1.83E+02
825,26.6248,-73.3597,6.17E+00,1.50E+02,1.08E+02,1.68E+02
826,26.6295,-80.0322,5.57E+00,1.42E+02,1.04E+02,1.58E+02
827,26.6339,-86.7033,4.97E+00,1.36E+02,9.96E+01,1.49E+02
828,26.6381,-93.3731,4.39E+00,1.30E+02,9.58E+01,1.43E+02
829,33.2804,-73.3432,6.02E+00,1.61E+02,1.04E+02,1.85E+02
830,39.9364,-73.3248,5.85E+00,1.75E+02,9.95E+01,2.02E+02
831,46.5934,-73.3058,5.65E+00,1.91E+02,9.52E+01,2.20E+02
832,39.9296,-66.6454,6.39E+00,1.94E+02,1.03E+02,2.24E+02
833,39.9232,-59.9643,6.94E+00,2.18E+02,1.06E+02,2.53E+02
834,33.2744,-66.6664,6.61E+00,1.76E+02,1.08E+02,2.03E+02
835,33.2682,-59.9877,7.19E+00,1.96E+02,1.11E+02,2.28E+02
836,46.5868,-66.6247,6.15E+00,2.12E+02,9.80E+01,2.45E+02
837,46.5818,-59.943,6.64E+00,2.38E+02,1.00E+02,2.75E+02
838,39.9562,-93.3527,4.21E+00,1.45E+02,8.86E+01,1.63E+02
839,39.9498,-86.6785,4.76E+00,1.52E+02,9.23E+01,1.73E+02
840,39.9432,-80.0026,5.30E+00,1.62E+02,9.60E+01,1.85E+02
841,33.2919,-86.6918,4.88E+00,1.43E+02,9.59E+01,1.61E+02
842,33.2972,-93.3637,4.31E+00,1.37E+02,9.22E+01,1.52E+02
843,33.2863,-80.0183,5.45E+00,1.51E+02,9.98E+01,1.71E+02
844,46.608,-86.664,4.62E+00,1.62E+02,8.86E+01,1.85E+02
845,46.6153,-93.3403,4.10E+00,1.53E+02,8.51E+01,1.74E+02
846,46.6006,-79.9857,5.14E+00,1.75E+02,9.20E+01,2.01E+02
847,6.65668,-73.3895,6.41E+00,1.32E+02,1.20E+02,1.27E+02
848,13.313,-73.3835,6.37E+00,1.36E+02,1.16E+02,1.40E+02
849,19.9691,-73.3734,6.28E+00,1.42E+02,1.12E+02,1.54E+02
850,13.3109,-66.7149,7.02E+00,1.43E+02,1.20E+02,1.48E+02
851,13.3086,-60.0457,7.70E+00,1.52E+02,1.25E+02,1.57E+02
852,6.6557,-66.7223,7.08E+00,1.38E+02,1.25E+02,1.32E+02
853,6.65471,-60.0549,7.78E+00,1.47E+02,1.31E+02,1.38E+02
854,19.9656,-66.7025,6.92E+00,1.50E+02,1.16E+02,1.64E+02
855,19.962,-60.0306,7.58E+00,1.62E+02,1.21E+02,1.79E+02
856,13.3192,-93.386,4.49E+00,1.21E+02,1.04E+02,1.24E+02
857,13.3172,-86.7193,5.10E+00,1.25E+02,1.07E+02,1.29E+02
858,13.3152,-80.0517,5.73E+00,1.30E+02,1.11E+02,1.34E+02
859,6.65862,-86.7233,5.13E+00,1.21E+02,1.12E+02,1.19E+02
860,6.65956,-93.3892,4.52E+00,1.17E+02,1.08E+02,1.16E+02
861,6.65766,-80.0566,5.77E+00,1.26E+02,1.16E+02,1.23E+02
862,19.9757,-86.7126,5.05E+00,1.30E+02,1.03E+02,1.39E+02
863,19.9788,-93.3806,4.45E+00,1.25E+02,9.96E+01,1.33E+02
864,19.9725,-80.0434,5.66E+00,1.35E+02,1.07E+02,1.45E+02
865,53.3862,-6.65724,8.48E+00,1.56E+02,1.39E+02,1.49E+02
866,53.3755,-13.3101,8.39E+00,1.62E+02,1.33E+02,1.74E+02
867,53.3575,-19.9623,8.24E+00,1.75E+02,1.28E+02,2.00E+02
868,53.3341,-26.6142,8.03E+00,1.95E+02,1.22E+02,2.29E+02
869,53.3081,-33.2667,7.77E+00,2.20E+02,1.16E+02,2.60E+02
870,53.283,-39.9222,7.47E+00,2.45E+02,1.10E+02,2.87E+02
871,53.2625,-46.583,7.12E+00,2.63E+02,1.03E+02,3.04E+02
872,60.011,-26.6189,7.40E+00,1.74E+02,1.17E+02,2.02E+02
873,66.6861,-26.6235,6.77E+00,1.59E+02,1.13E+02,1.83E+02
874,73.3597,-26.6279,6.16E+00,1.48E+02,1.08E+02,1.69E+02
875,80.032,-26.6322,5.56E+00,1.41E+02,1.04E+02,1.58E+02
876,86.7031,-26.6362,4.96E+00,1.34E+02,1.00E+02,1.49E+02
877,93.3728,-26.6401,4.38E+00,1.29E+02,9.65E+01,1.42E+02
878,73.373,-19.972,6.27E+00,1.40E+02,1.12E+02,1.54E+02
879,73.3826,-13.3157,6.35E+00,1.34E+02,1.16E+02,1.41E+02
880,73.3882,-6.65925,6.40E+00,1.31E+02,1.21E+02,1.29E+02
881,66.714,-13.3138,7.01E+00,1.41E+02,1.21E+02,1.49E+02
882,60.0449,-13.312,7.69E+00,1.50E+02,1.27E+02,1.59E+02
883,66.7021,-19.9689,6.91E+00,1.49E+02,1.17E+02,1.65E+02
884,60.0303,-19.9656,7.57E+00,1.60E+02,1.22E+02,1.80E+02
885,66.7208,-6.65855,7.07E+00,1.37E+02,1.26E+02,1.34E+02
886,60.0534,-6.65787,7.76E+00,1.45E+02,1.32E+02,1.41E+02
887,93.3853,-13.321,4.48E+00,1.20E+02,1.04E+02,1.25E+02
888,86.7184,-13.3193,5.09E+00,1.24E+02,1.08E+02,1.29E+02
889,80.0508,-13.3175,5.72E+00,1.29E+02,1.12E+02,1.35E+02
890,86.712,-19.9779,5.04E+00,1.29E+02,1.04E+02,1.39E+02
891,93.3801,-19.9807,4.44E+00,1.24E+02,1.00E+02,1.33E+02
892,80.0429,-19.975,5.65E+00,1.34E+02,1.08E+02,1.46E+02
893,86.7222,-6.66067,5.12E+00,1.20E+02,1.12E+02,1.20E+02
894,93.3883,-6.66137,4.51E+00,1.16E+02,1.09E+02,1.16E+02
895,80.0554,-6.65996,5.75E+00,1.25E+02,1.17E+02,1.24E+02
896,73.3068,-46.5967,5.64E+00,1.88E+02,9.58E+01,2.18E+02
897,73.3256,-39.9397,5.84E+00,1.73E+02,1.00E+02,2.00E+02
898,73.3436,-33.2836,6.02E+00,1.59E+02,1.04E+02,1.84E+02
899,66.6463,-39.9332,6.39E+00,1.90E+02,1.04E+02,2.22E+02
900,59.9652,-39.9271,6.93E+00,2.14E+02,1.07E+02,2.51E+02
901,66.6256,-46.5903,6.14E+00,2.09E+02,9.86E+01,2.42E+02
902,59.9437,-46.5851,6.64E+00,2.35E+02,1.01E+02,2.72E+02
903,66.667,-33.278,6.60E+00,1.73E+02,1.08E+02,2.02E+02
904,59.9886,-33.2723,7.18E+00,1.93E+02,1.12E+02,2.26E+02
905,93.353,-39.9584,4.21E+00,1.43E+02,8.92E+01,1.62E+02
906,86.6789,-39.9524,4.75E+00,1.50E+02,9.29E+01,1.72E+02
907,80.0032,-39.9461,5.30E+00,1.60E+02,9.66E+01,1.84E+02
908,86.6646,-46.6107,4.61E+00,1.60E+02,8.92E+01,1.84E+02
909,93.3409,-46.6176,4.10E+00,1.51E+02,8.57E+01,1.72E+02
910,79.9866,-46.6037,5.13E+00,1.72E+02,9.26E+01,1.99E+02
911,86.6919,-33.2943,4.87E+00,1.42E+02,9.66E+01,1.60E+02
912,93.3637,-33.2993,4.30E+00,1.36E+02,9.28E+01,1.52E+02
913,80.0186,-33.2891,5.44E+00,1.49E+02,1.00E+02,1.70E+02
914,6.65146,-26.7258,1.18E+01,2.76E+02,1.98E+02,2.45E+02
915,13.3004,-26.6899,1.15E+01,3.09E+02,1.80E+02,3.58E+02
916,19.9492,-26.6447,1.11E+01,3.55E+02,1.62E+02,4.39E+02
917,26.6115,-26.6136,1.06E+01,3.64E+02,1.48E+02,4.47E+02
918,33.2899,-26.6043,9.96E+00,3.24E+02,1.39E+02,3.93E+02
919,39.9733,-26.6055,9.32E+00,2.69E+02,1.33E+02,3.24E+02
920,46.655,-26.6095,8.68E+00,2.25E+02,1.27E+02,2.69E+02
921,26.6443,-19.9535,1.11E+01,3.50E+02,1.64E+02,4.40E+02
922,26.6896,-13.3054,1.15E+01,3.02E+02,1.83E+02,3.63E+02
923,26.7245,-6.65642,1.18E+01,2.68E+02,2.02E+02,2.56E+02
924,20.0115,-13.3097,1.24E+01,3.85E+02,2.15E+02,4.94E+02
925,13.3357,-13.3372,1.32E+01,4.64E+02,2.69E+02,5.85E+02
926,6.66768,-13.402,1.38E+01,5.29E+02,3.46E+02,4.55E+02
927,13.3057,-20.0123,1.24E+01,3.93E+02,2.12E+02,4.88E+02
928,19.966,-19.9682,1.18E+01,3.99E+02,1.84E+02,5.16E+02
929,6.65429,-20.0634,1.28E+01,3.64E+02,2.42E+02,3.36E+02
930,13.4024,-6.67006,1.38E+01,5.10E+02,3.42E+02,4.76E+02
931,20.0623,-6.65907,1.27E+01,3.50E+02,2.46E+02,3.52E+02
932,6.72518,-6.72019,1.49E+01,8.01E+02,5.14E+02,4.30E+02
933,46.7058,-13.3083,9.12E+00,1.79E+02,1.41E+02,1.94E+02
934,40.0355,-13.3066,9.88E+00,2.03E+02,1.51E+02,2.26E+02
935,33.3638,-13.3053,1.07E+01,2.41E+02,1.65E+02,2.76E+02
936,40.0067,-19.9557,9.64E+00,2.31E+02,1.42E+02,2.76E+02
937,46.6832,-19.959,8.93E+00,1.97E+02,1.34E+02,2.30E+02
938,33.3271,-19.9532,1.04E+01,2.83E+02,1.52E+02,3.45E+02
939,40.0535,-6.65623,1.00E+01,1.89E+02,1.59E+02,1.79E+02
940,46.7195,-6.65667,9.23E+00,1.70E+02,1.48E+02,1.61E+02
941,33.3884,-6.65601,1.09E+01,2.19E+02,1.76E+02,2.07E+02
942,26.6048,-46.6542,8.68E+00,2.29E+02,1.26E+02,2.70E+02
943,26.6008,-39.9726,9.33E+00,2.74E+02,1.31E+02,3.26E+02
944,26.6003,-33.2901,9.96E+00,3.28E+02,1.38E+02,3.95E+02
945,13.3041,-46.7065,9.14E+00,1.82E+02,1.39E+02,1.91E+02
946,13.3021,-40.0359,9.90E+00,2.07E+02,1.49E+02,2.22E+02
947,13.3003,-33.364,1.07E+01,2.47E+02,1.62E+02,2.72E+02
948,6.65198,-40.055,1.00E+01,1.93E+02,1.57E+02,1.73E+02
949,6.65281,-46.7211,9.25E+00,1.72E+02,1.46E+02,1.57E+02
950,6.65141,-33.3899,1.09E+01,2.25E+02,1.73E+02,1.99E+02
951,19.9508,-40.0062,9.66E+00,2.36E+02,1.41E+02,2.75E+02
952,19.9545,-46.6829,8.95E+00,2.01E+02,1.33E+02,2.29E+02
953,19.9482,-33.3266,1.04E+01,2.88E+02,1.50E+02,3.45E+02
954,39.917,-46.6012,7.99E+00,2.83E+02,1.12E+02,3.30E+02
955,39.9236,-39.9253,8.48E+00,3.06E+02,1.16E+02,3.58E+02
956,39.9431,-33.2602,8.93E+00,3.01E+02,1.23E+02,3.57E+02
957,33.2567,-39.9431,8.93E+00,3.04E+02,1.23E+02,3.59E+02
958,33.2578,-46.6251,8.36E+00,2.61E+02,1.19E+02,3.07E+02
959,33.2651,-33.267,9.47E+00,3.33E+02,1.29E+02,3.97E+02
960,46.601,-39.9201,7.99E+00,2.80E+02,1.12E+02,3.28E+02
961,46.5855,-46.5871,7.57E+00,2.83E+02,1.07E+02,3.28E+02
962,46.6258,-33.262,8.36E+00,2.57E+02,1.20E+02,3.04E+02
1302,-99.9387,-106.196,1.98E+00,7.63E+01,1.96E+02,1.57E+01
1303,-99.9429,-112.457,1.72E+00,7.34E+01,1.91E+02,1.73E+01
1304,-99.9494,-118.72,1.44E+00,6.93E+01,1.87E+02,1.85E+01
1305,-99.9576,-124.982,1.13E+00,6.31E+01,1.82E+02,1.87E+01
1306,-93.2918,-124.988,1.22E+00,6.34E+01,1.79E+02,1.77E+01
1307,-86.6272,-124.994,1.30E+00,6.40E+01,1.74E+02,2.00E+01
1308,-79.9631,-125,1.36E+00,6.49E+01,1.68E+02,2.47E+01
1309,-73.2995,-125.006,1.42E+00,6.61E+01,1.60E+02,3.04E+01
1310,-66.6362,-125.012,1.47E+00,6.75E+01,1.53E+02,3.66E+01
1311,-59.9728,-125.018,1.51E+00,6.92E+01,1.45E+02,4.29E+01
1312,-53.3095,-125.022,1.55E+00,7.11E+01,1.38E+02,4.92E+01
1313,-46.6462,-125.027,1.59E+00,7.32E+01,1.31E+02,5.54E+01
1314,-39.9827,-125.031,1.62E+00,7.54E+01,1.25E+02,6.15E+01
1315,-33.3191,-125.034,1.64E+00,7.79E+01,1.19E+02,6.75E+01
1316,-26.6555,-125.036,1.66E+00,8.06E+01,1.13E+02,7.34E+01
1317,-19.9918,-125.038,1.68E+00,8.34E+01,1.08E+02,7.94E+01
1318,-13.3279,-125.04,1.69E+00,8.64E+01,1.03E+02,8.53E+01
1319,-6.66411,-125.041,1.70E+00,8.97E+01,9.85E+01,9.12E+01
1320,-0.000235916,-125.041,1.70E+00,9.31E+01,9.41E+01,9.71E+01
1321,6.66365,-125.041,1.70E+00,9.68E+01,8.98E+01,1.03E+02
1322,13.3275,-125.04,1.69E+00,1.01E+02,8.58E+01,1.09E+02
1323,19.9913,-125.039,1.68E+00,1.05E+02,8.18E+01,1.15E+02
1324,26.6551,-125.037,1.67E+00,1.10E+02,7.80E+01,1.22E+02
1325,33.3188,-125.034,1.65E+00,1.15E+02,7.44E+01,1.28E+02
1326,39.9825,-125.031,1.63E+00,1.20E+02,7.08E+01,1.35E+02
1327,46.646,-125.027,1.60E+00,1.26E+02,6.73E+01,1.42E+02
1328,53.3095,-125.023,1.57E+00,1.32E+02,6.39E+01,1.49E+02
1329,59.9729,-125.019,1.53E+00,1.39E+02,6.06E+01,1.57E+02
1330,66.6364,-125.014,1.49E+00,1.46E+02,5.74E+01,1.64E+02
1331,73.3,-125.008,1.44E+00,1.52E+02,5.43E+01,1.71E+02
1332,79.964,-125.003,1.39E+00,1.59E+02,5.14E+01,1.78E+02
1333,86.6283,-124.997,1.33E+00,1.64E+02,4.86E+01,1.85E+02
1334,93.2934,-124.991,1.26E+00,1.68E+02,4.61E+01,1.89E+02
1335,99.9596,-124.986,1.18E+00,1.70E+02,4.39E+01,1.92E+02
1336,99.9524,-118.724,1.49E+00,1.73E+02,4.78E+01,1.95E+02
1337,99.947,-112.463,1.78E+00,1.76E+02,5.09E+01,2.00E+02
1338,99.9439,-106.202,2.05E+00,1.80E+02,5.35E+01,2.04E+02
1339,-0.000271449,-118.796,2.24E+00,9.84E+01,9.81E+01,9.77E+01
1340,-0.000275746,-112.55,2.80E+00,1.02E+02,1.02E+02,9.97E+01
1341,-0.000271261,-106.303,3.35E+00,1.06E+02,1.05E+02,1.02E+02
1342,-53.3031,-118.77,2.04E+00,7.79E+01,1.44E+02,4.77E+01
1343,-53.2963,-112.515,2.51E+00,8.32E+01,1.49E+02,4.75E+01
1344,-53.2891,-106.259,2.98E+00,8.83E+01,1.56E+02,4.75E+01
1345,-79.954,-118.741,1.76E+00,7.20E+01,1.74E+02,2.35E+01
1346,-79.9449,-112.479,2.14E+00,7.73E+01,1.81E+02,2.32E+01
1347,-79.9363,-106.217,2.51E+00,8.18E+01,1.89E+02,2.29E+01
1348,-86.6092,-112.471,2.02E+00,7.60E+01,1.87E+02,1.90E+01
1349,-93.2749,-112.463,1.88E+00,7.47E+01,1.90E+02,1.69E+01
1350,-86.6179,-118.733,1.67E+00,7.10E+01,1.80E+02,1.93E+01
1351,-93.2829,-118.726,1.56E+00,7.01E+01,1.85E+02,1.75E+01
1352,-86.6013,-106.208,2.35E+00,8.00E+01,1.94E+02,1.86E+01
1353,-93.2685,-106.201,2.18E+00,7.82E+01,1.97E+02,1.60E+01
1354,-66.6281,-118.756,1.92E+00,7.46E+01,1.59E+02,3.50E+01
1355,-66.6198,-112.498,2.35E+00,8.01E+01,1.66E+02,3.46E+01
1356,-66.6112,-106.238,2.78E+00,8.51E+01,1.73E+02,3.44E+01
1357,-73.282,-112.489,2.25E+00,7.87E+01,1.74E+02,2.86E+01
1358,-73.2908,-118.749,1.84E+00,7.32E+01,1.67E+02,2.90E+01
1359,-73.2731,-106.227,2.65E+00,8.35E+01,1.82E+02,2.83E+01
1360,-59.9579,-112.507,2.44E+00,8.16E+01,1.57E+02,4.10E+01
1361,-59.9656,-118.763,1.98E+00,7.61E+01,1.51E+02,4.13E+01
1362,-59.9499,-106.248,2.89E+00,8.67E+01,1.64E+02,4.09E+01
1363,-26.6525,-118.789,2.19E+00,8.66E+01,1.18E+02,7.28E+01
1364,-26.6493,-112.541,2.72E+00,9.13E+01,1.22E+02,7.35E+01
1365,-26.6459,-106.291,3.26E+00,9.57E+01,1.26E+02,7.45E+01
1366,-39.978,-118.781,2.13E+00,8.19E+01,1.30E+02,6.03E+01
1367,-39.973,-112.53,2.64E+00,8.69E+01,1.35E+02,6.05E+01
1368,-39.9677,-106.277,3.14E+00,9.17E+01,1.40E+02,6.10E+01
1369,-46.6347,-112.523,2.58E+00,8.50E+01,1.42E+02,5.40E+01
1370,-46.6405,-118.776,2.08E+00,7.98E+01,1.37E+02,5.40E+01
1371,-46.6284,-106.269,3.07E+00,8.99E+01,1.47E+02,5.43E+01
1372,-33.3113,-112.536,2.68E+00,8.90E+01,1.28E+02,6.70E+01
1373,-33.3154,-118.786,2.16E+00,8.41E+01,1.24E+02,6.66E+01
1374,-33.307,-106.285,3.21E+00,9.36E+01,1.33E+02,6.78E+01
1375,-13.3265,-118.794,2.23E+00,9.21E+01,1.07E+02,8.52E+01
1376,-13.3249,-112.548,2.78E+00,9.64E+01,1.11E+02,8.65E+01
1377,-13.3233,-106.3,3.33E+00,1.00E+02,1.15E+02,8.82E+01
1378,-19.9872,-112.545,2.75E+00,9.37E+01,1.16E+02,8.00E+01
1379,-19.9895,-118.792,2.21E+00,8.93E+01,1.12E+02,7.90E+01
1380,-19.9847,-106.296,3.30E+00,9.79E+01,1.20E+02,8.13E+01
1381,-6.66262,-112.549,2.79E+00,9.93E+01,1.06E+02,9.31E+01
1382,-6.66339,-118.796,2.24E+00,9.52E+01,1.03E+02,9.14E+01
1383,-6.66181,-106.302,3.34E+00,1.03E+02,1.10E+02,9.51E+01
1384,46.6405,-118.777,2.10E+00,1.31E+02,7.13E+01,1.45E+02
1385,46.6348,-112.525,2.59E+00,1.36E+02,7.48E+01,1.51E+02
1386,46.6287,-106.271,3.09E+00,1.41E+02,7.82E+01,1.57E+02
1387,19.9891,-118.793,2.22E+00,1.10E+02,8.57E+01,1.17E+02
1388,19.9867,-112.545,2.76E+00,1.14E+02,8.92E+01,1.20E+02
1389,19.9843,-106.297,3.30E+00,1.17E+02,9.26E+01,1.24E+02
1390,13.3245,-112.548,2.78E+00,1.10E+02,9.32E+01,1.13E+02
1391,6.6621,-112.55,2.79E+00,1.06E+02,9.73E+01,1.06E+02
1392,13.326,-118.795,2.23E+00,1.06E+02,8.97E+01,1.11E+02
1393,6.66288,-118.796,2.24E+00,1.02E+02,9.38E+01,1.04E+02
1394,13.3228,-106.3,3.33E+00,1.13E+02,9.65E+01,1.17E+02
1395,6.6613,-106.302,3.35E+00,1.09E+02,1.01E+02,1.09E+02
1396,33.315,-118.786,2.17E+00,1.20E+02,7.83E+01,1.31E+02
1397,33.311,-112.537,2.69E+00,1.24E+02,8.18E+01,1.35E+02
1398,33.3067,-106.286,3.22E+00,1.28E+02,8.51E+01,1.40E+02
1399,26.6489,-112.542,2.73E+00,1.19E+02,8.54E+01,1.27E+02
1400,26.6521,-118.79,2.20E+00,1.15E+02,8.20E+01,1.24E+02
1401,26.6456,-106.292,3.27E+00,1.22E+02,8.88E+01,1.32E+02
1402,39.9729,-112.531,2.65E+00,1.30E+02,7.82E+01,1.43E+02
1403,39.9778,-118.782,2.14E+00,1.25E+02,7.47E+01,1.38E+02
1404,39.9678,-106.279,3.16E+00,1.34E+02,8.16E+01,1.48E+02
1405,73.2917,-118.751,1.87E+00,1.59E+02,5.84E+01,1.77E+02
1406,73.2834,-112.492,2.29E+00,1.65E+02,6.19E+01,1.84E+02
1407,73.2752,-106.231,2.69E+00,1.71E+02,6.51E+01,1.93E+02
1408,59.9658,-118.765,2.00E+00,1.45E+02,6.46E+01,1.61E+02
1409,59.9585,-112.509,2.46E+00,1.50E+02,6.82E+01,1.67E+02
1410,59.9509,-106.252,2.92E+00,1.56E+02,7.15E+01,1.75E+02
1411,53.2966,-112.517,2.53E+00,1.43E+02,7.14E+01,1.59E+02
1412,53.3032,-118.771,2.05E+00,1.38E+02,6.79E+01,1.53E+02
1413,53.2897,-106.261,3.01E+00,1.48E+02,7.48E+01,1.66E+02
1414,66.6207,-112.501,2.38E+00,1.57E+02,6.50E+01,1.76E+02
1415,66.6286,-118.758,1.94E+00,1.52E+02,6.15E+01,1.69E+02
1416,66.6126,-106.241,2.81E+00,1.64E+02,6.83E+01,1.84E+02
1417,86.6197,-118.737,1.71E+00,1.70E+02,5.27E+01,1.90E+02
1418,86.6118,-112.475,2.07E+00,1.75E+02,5.61E+01,1.97E+02
1419,86.605,-106.213,2.41E+00,1.81E+02,5.90E+01,2.04E+02
1420,79.947,-112.484,2.18E+00,1.71E+02,5.89E+01,1.91E+02
1421,79.9553,-118.744,1.80E+00,1.65E+02,5.55E+01,1.84E+02
1422,79.9392,-106.222,2.56E+00,1.78E+02,6.20E+01,2.00E+02
1423,93.2784,-112.468,1.93E+00,1.77E+02,5.33E+01,2.00E+02
1424,93.2853,-118.73,1.61E+00,1.73E+02,5.01E+01,1.94E+02
1425,93.2731,-106.207,2.24E+00,1.82E+02,5.61E+01,2.06E+02
1426,99.9391,106.197,1.98E+00,7.61E+01,1.96E+02,1.55E+01
1427,99.9431,112.458,1.72E+00,7.30E+01,1.92E+02,1.72E+01
1428,99.9493,118.72,1.44E+00,6.88E+01,1.88E+02,1.85E+01
1429,99.9573,124.982,1.13E+00,6.26E+01,1.84E+02,1.88E+01
1430,93.2912,124.987,1.22E+00,6.28E+01,1.82E+02,1.77E+01
1431,86.6262,124.993,1.29E+00,6.33E+01,1.77E+02,1.97E+01
1432,79.9619,125,1.36E+00,6.41E+01,1.71E+02,2.41E+01
1433,73.2981,125.006,1.42E+00,6.52E+01,1.64E+02,2.98E+01
1434,66.6346,125.011,1.47E+00,6.64E+01,1.57E+02,3.59E+01
1435,59.9712,125.017,1.52E+00,6.80E+01,1.49E+02,4.22E+01
1436,53.3079,125.022,1.55E+00,6.97E+01,1.42E+02,4.85E+01
1437,46.6445,125.026,1.59E+00,7.16E+01,1.35E+02,5.48E+01
1438,39.981,125.03,1.62E+00,7.37E+01,1.29E+02,6.09E+01
1439,33.3175,125.033,1.64E+00,7.60E+01,1.22E+02,6.70E+01
1440,26.6539,125.036,1.66E+00,7.84E+01,1.17E+02,7.31E+01
1441,19.9902,125.038,1.68E+00,8.11E+01,1.11E+02,7.90E+01
1442,13.3264,125.04,1.69E+00,8.39E+01,1.06E+02,8.50E+01
1443,6.66258,125.041,1.69E+00,8.70E+01,1.01E+02,9.09E+01
1444,-0.00127534,125.041,1.70E+00,9.03E+01,9.67E+01,9.68E+01
1445,-6.66514,125.041,1.69E+00,9.38E+01,9.23E+01,1.03E+02
1446,-13.329,125.04,1.69E+00,9.77E+01,8.81E+01,1.09E+02
1447,-19.9928,125.039,1.68E+00,1.02E+02,8.40E+01,1.15E+02
1448,-26.6566,125.037,1.66E+00,1.06E+02,8.01E+01,1.21E+02
1449,-33.3203,125.035,1.64E+00,1.11E+02,7.63E+01,1.27E+02
1450,-39.9839,125.032,1.62E+00,1.17E+02,7.25E+01,1.34E+02
1451,-46.6475,125.028,1.59E+00,1.22E+02,6.89E+01,1.40E+02
1452,-53.3109,125.024,1.56E+00,1.29E+02,6.54E+01,1.47E+02
1453,-59.9744,125.02,1.52E+00,1.35E+02,6.20E+01,1.54E+02
1454,-66.6379,125.015,1.48E+00,1.42E+02,5.87E+01,1.62E+02
1455,-73.3013,125.009,1.44E+00,1.49E+02,5.55E+01,1.69E+02
1456,-79.9651,125.004,1.38E+00,1.55E+02,5.25E+01,1.76E+02
1457,-86.6293,124.998,1.32E+00,1.61E+02,4.96E+01,1.82E+02
1458,-93.294,124.992,1.26E+00,1.66E+02,4.70E+01,1.87E+02
1459,-99.9598,124.987,1.18E+00,1.68E+02,4.46E+01,1.90E+02
1460,-99.9525,118.725,1.49E+00,1.71E+02,4.83E+01,1.94E+02
1461,-99.9469,112.463,1.78E+00,1.75E+02,5.13E+01,1.98E+02
1462,-99.9435,106.202,2.05E+00,1.79E+02,5.38E+01,2.03E+02
1463,-0.00170894,118.796,2.24E+00,9.61E+01,1.00E+02,9.71E+01
1464,-0.00213981,112.55,2.79E+00,1.00E+02,1.04E+02,9.91E+01
1465,-0.00258616,106.303,3.35E+00,1.04E+02,1.07E+02,1.02E+02
1466,53.301,118.769,2.04E+00,7.67E+01,1.47E+02,4.69E+01
1467,53.2937,112.514,2.51E+00,8.23E+01,1.53E+02,4.67E+01
1468,53.2862,106.257,2.98E+00,8.75E+01,1.59E+02,4.69E+01
1469,79.9525,118.74,1.76E+00,7.13E+01,1.78E+02,2.30E+01
1470,79.9434,112.479,2.14E+00,7.67E+01,1.85E+02,2.27E+01
1471,79.9348,106.216,2.51E+00,8.13E+01,1.93E+02,2.25E+01
1472,86.6081,112.47,2.02E+00,7.55E+01,1.90E+02,1.87E+01
1473,93.2745,112.463,1.88E+00,7.42E+01,1.93E+02,1.68E+01
1474,86.6168,118.732,1.67E+00,7.03E+01,1.83E+02,1.90E+01
1475,93.2823,118.726,1.56E+00,6.95E+01,1.87E+02,1.74E+01
1476,86.6004,106.207,2.35E+00,7.96E+01,1.97E+02,1.83E+01
1477,93.2684,106.201,2.18E+00,7.79E+01,1.98E+02,1.59E+01
1478,66.6261,118.755,1.92E+00,7.37E+01,1.63E+02,3.43E+01
1479,66.6175,112.497,2.35E+00,7.94E+01,1.70E+02,3.39E+01
1480,66.6087,106.236,2.77E+00,8.44E+01,1.77E+02,3.38E+01
1481,73.28,112.488,2.25E+00,7.80E+01,1.78E+02,2.80E+01
1482,73.2891,118.748,1.84E+00,7.24E+01,1.71E+02,2.83E+01
1483,73.271,106.226,2.65E+00,8.29E+01,1.86E+02,2.78E+01
1484,59.9555,112.506,2.44E+00,8.08E+01,1.61E+02,4.03E+01
1485,59.9635,118.762,1.98E+00,7.51E+01,1.55E+02,4.05E+01
1486,59.9472,106.247,2.89E+00,8.59E+01,1.68E+02,4.03E+01
1487,26.6504,118.789,2.19E+00,8.49E+01,1.21E+02,7.22E+01
1488,26.6467,112.54,2.72E+00,8.98E+01,1.25E+02,7.29E+01
1489,26.6429,106.29,3.26E+00,9.44E+01,1.29E+02,7.41E+01
1490,39.9759,118.78,2.13E+00,8.04E+01,1.33E+02,5.96E+01
1491,39.9704,112.529,2.64E+00,8.57E+01,1.38E+02,5.99E+01
1492,39.9647,106.276,3.14E+00,9.07E+01,1.43E+02,6.04E+01
1493,46.6321,112.522,2.58E+00,8.40E+01,1.45E+02,5.33E+01
1494,46.6384,118.775,2.08E+00,7.85E+01,1.40E+02,5.33E+01
1495,46.6254,106.267,3.07E+00,8.90E+01,1.51E+02,5.36E+01
1496,33.3087,112.535,2.68E+00,8.77E+01,1.31E+02,6.64E+01
1497,33.3132,118.785,2.16E+00,8.26E+01,1.27E+02,6.59E+01
1498,33.3038,106.284,3.21E+00,9.24E+01,1.35E+02,6.72E+01
1499,13.3245,118.794,2.23E+00,9.00E+01,1.10E+02,8.46E+01
1500,13.3225,112.547,2.78E+00,9.46E+01,1.13E+02,8.60E+01
1501,13.3204,106.3,3.33E+00,9.87E+01,1.17E+02,8.78E+01
1502,19.9847,112.544,2.75E+00,9.21E+01,1.19E+02,7.94E+01
1503,19.9875,118.792,2.21E+00,8.73E+01,1.15E+02,7.84E+01
1504,19.9817,106.296,3.30E+00,9.64E+01,1.23E+02,8.09E+01
1505,6.6602,112.549,2.79E+00,9.73E+01,1.08E+02,9.25E+01
1506,6.6614,118.796,2.24E+00,9.29E+01,1.05E+02,9.09E+01
1507,6.65893,106.302,3.34E+00,1.01E+02,1.12E+02,9.47E+01
1508,-46.6425,118.778,2.09E+00,1.28E+02,7.26E+01,1.43E+02
1509,-46.6371,112.526,2.59E+00,1.33E+02,7.60E+01,1.48E+02
1510,-46.6315,106.272,3.09E+00,1.38E+02,7.92E+01,1.54E+02
1511,-19.991,118.793,2.21E+00,1.07E+02,8.76E+01,1.16E+02
1512,-19.9891,112.546,2.76E+00,1.11E+02,9.09E+01,1.19E+02
1513,-19.9871,106.298,3.30E+00,1.15E+02,9.40E+01,1.23E+02
1514,-13.3269,112.548,2.78E+00,1.07E+02,9.49E+01,1.12E+02
1515,-6.66448,112.55,2.79E+00,1.04E+02,9.92E+01,1.06E+02
1516,-13.3279,118.795,2.23E+00,1.03E+02,9.17E+01,1.10E+02
1517,-6.66483,118.796,2.24E+00,9.95E+01,9.59E+01,1.03E+02
1518,-13.3256,106.301,3.33E+00,1.11E+02,9.81E+01,1.16E+02
1519,-6.66412,106.303,3.35E+00,1.07E+02,1.02E+02,1.09E+02
1520,-33.3169,118.787,2.17E+00,1.17E+02,7.99E+01,1.29E+02
1521,-33.3133,112.538,2.69E+00,1.21E+02,8.32E+01,1.33E+02
1522,-33.3095,106.287,3.22E+00,1.25E+02,8.64E+01,1.38E+02
1523,-26.6512,112.542,2.73E+00,1.16E+02,8.69E+01,1.26E+02
1524,-26.6539,118.79,2.19E+00,1.12E+02,8.37E+01,1.23E+02
1525,-26.6483,106.293,3.26E+00,1.20E+02,9.02E+01,1.31E+02
1526,-39.9753,112.532,2.65E+00,1.27E+02,7.95E+01,1.41E+02
1527,-39.9797,118.783,2.13E+00,1.22E+02,7.62E+01,1.36E+02
1528,-39.9706,106.28,3.16E+00,1.31E+02,8.28E+01,1.46E+02
1529,-73.2933,118.752,1.87E+00,1.55E+02,5.94E+01,1.74E+02
1530,-73.2851,112.493,2.29E+00,1.61E+02,6.27E+01,1.81E+02
1531,-73.2771,106.233,2.69E+00,1.68E+02,6.58E+01,1.89E+02
1532,-59.9677,118.766,1.99E+00,1.41E+02,6.58E+01,1.58E+02
1533,-59.9607,112.511,2.46E+00,1.47E+02,6.92E+01,1.64E+02
1534,-59.9535,106.253,2.91E+00,1.52E+02,7.24E+01,1.72E+02
1535,-53.299,112.519,2.53E+00,1.40E+02,7.25E+01,1.56E+02
1536,-53.3051,118.772,2.05E+00,1.35E+02,6.91E+01,1.51E+02
1537,-53.2925,106.263,3.01E+00,1.45E+02,7.58E+01,1.63E+02
1538,-66.6227,112.502,2.38E+00,1.54E+02,6.59E+01,1.73E+02
1539,-66.6304,118.759,1.93E+00,1.48E+02,6.25E+01,1.66E+02
1540,-66.615,106.243,2.81E+00,1.60E+02,6.91E+01,1.81E+02
1541,-86.6207,118.738,1.71E+00,1.67E+02,5.35E+01,1.87E+02
1542,-86.6128,112.476,2.07E+00,1.72E+02,5.67E+01,1.94E+02
1543,-86.6059,106.214,2.41E+00,1.79E+02,5.95E+01,2.02E+02
1544,-79.9484,112.485,2.18E+00,1.67E+02,5.97E+01,1.88E+02
1545,-79.9566,118.745,1.79E+00,1.62E+02,5.63E+01,1.81E+02
1546,-79.9406,106.223,2.56E+00,1.74E+02,6.26E+01,1.96E+02
1547,-93.2788,112.469,1.93E+00,1.75E+02,5.39E+01,1.97E+02
1548,-93.2858,118.731,1.61E+00,1.70E+02,5.08E+01,1.91E+02
1549,-93.2733,106.207,2.24E+00,1.80E+02,5.65E+01,2.04E+02
1550,106.208,124.977,1.03E+00,6.26E+01,1.84E+02,2.25E+01
1551,112.46,124.973,9.22E-01,6.27E+01,1.80E+02,2.76E+01
1552,118.714,124.971,7.93E-01,6.24E+01,1.74E+02,3.29E+01
1553,124.97,124.97,6.43E-01,6.04E+01,1.67E+02,3.72E+01
1554,124.971,118.714,7.94E-01,6.23E+01,1.73E+02,3.28E+01
1555,124.974,112.46,9.23E-01,6.27E+01,1.79E+02,2.74E+01
1556,124.978,106.209,1.03E+00,6.27E+01,1.82E+02,2.23E+01
1557,124.982,99.958,1.13E+00,6.28E+01,1.82E+02,1.85E+01
1558,124.988,93.2921,1.22E+00,6.30E+01,1.79E+02,1.76E+01
1559,124.994,86.6272,1.29E+00,6.36E+01,1.74E+02,1.98E+01
1560,125,79.9629,1.36E+00,6.44E+01,1.68E+02,2.44E+01
1561,125.006,73.2991,1.42E+00,6.55E+01,1.61E+02,3.01E+01
1562,125.012,66.6356,1.47E+00,6.69E+01,1.54E+02,3.63E+01
1563,125.017,59.9722,1.51E+00,6.85E+01,1.47E+02,4.26E+01
1564,125.022,53.3088,1.55E+00,7.03E+01,1.40E+02,4.89E+01
1565,125.026,46.6454,1.59E+00,7.23E+01,1.33E+02,5.51E+01
1566,125.03,39.9819,1.62E+00,7.45E+01,1.27E+02,6.13E+01
1567,125.033,33.3184,1.64E+00,7.69E+01,1.21E+02,6.74E+01
1568,125.036,26.6547,1.66E+00,7.95E+01,1.15E+02,7.34E+01
1569,125.038,19.991,1.68E+00,8.23E+01,1.10E+02,7.93E+01
1570,125.039,13.3272,1.69E+00,8.52E+01,1.05E+02,8.53E+01
1571,125.04,6.66336,1.69E+00,8.84E+01,9.99E+01,9.12E+01
1572,125.041,-0.000507382,1.70E+00,9.17E+01,9.54E+01,9.71E+01
1573,125.041,-6.66438,1.70E+00,9.53E+01,9.10E+01,1.03E+02
1574,125.04,-13.3282,1.69E+00,9.92E+01,8.69E+01,1.09E+02
1575,125.038,-19.9921,1.68E+00,1.03E+02,8.29E+01,1.15E+02
1576,125.037,-26.6559,1.66E+00,1.08E+02,7.90E+01,1.22E+02
1577,125.034,-33.3195,1.65E+00,1.13E+02,7.52E+01,1.28E+02
1578,125.031,-39.9832,1.62E+00,1.18E+02,7.16E+01,1.34E+02
1579,125.028,-46.6468,1.60E+00,1.24E+02,6.80E+01,1.41E+02
1580,125.024,-53.3102,1.56E+00,1.30E+02,6.45E+01,1.48E+02
1581,125.019,-59.9738,1.53E+00,1.37E+02,6.12E+01,1.55E+02
1582,125.014,-66.6373,1.49E+00,1.43E+02,5.79E+01,1.63E+02
1583,125.009,-73.3009,1.44E+00,1.50E+02,5.48E+01,1.70E+02
1584,125.003,-79.9648,1.39E+00,1.56E+02,5.18E+01,1.77E+02
1585,124.998,-86.6292,1.33E+00,1.62E+02,4.90E+01,1.83E+02
1586,124.992,-93.2941,1.26E+00,1.66E+02,4.64E+01,1.87E+02
1587,124.987,-99.9601,1.18E+00,1.67E+02,4.42E+01,1.90E+02
1588,124.982,-106.211,1.09E+00,1.67E+02,4.22E+01,1.91E+02
1589,124.978,-112.463,9.91E-01,1.63E+02,4.06E+01,1.89E+02
1590,124.975,-118.717,8.71E-01,1.56E+02,3.90E+01,1.85E+02
1591,124.973,-124.973,7.25E-01,1.49E+02,3.70E+01,1.81E+02
1592,118.717,-124.975,8.71E-01,1.57E+02,3.89E+01,1.85E+02
1593,112.463,-124.978,9.91E-01,1.64E+02,4.04E+01,1.90E+02
1594,106.21,-124.982,1.09E+00,1.68E+02,4.20E+01,1.92E+02
1595,118.796,-0.000689172,2.24E+00,9.74E+01,9.92E+01,9.76E+01
1596,112.549,-0.000887398,2.79E+00,1.02E+02,1.03E+02,9.96E+01
1597,106.302,-0.00109942,3.35E+00,1.05E+02,1.06E+02,1.02E+02
1598,118.756,66.6275,1.91E+00,7.41E+01,1.60E+02,3.46E+01
1599,112.497,66.6192,2.35E+00,7.97E+01,1.67E+02,3.43E+01
1600,106.237,66.6107,2.77E+00,8.48E+01,1.74E+02,3.42E+01
1601,118.72,99.7437,1.44E+00,6.91E+01,1.86E+02,1.83E+01
1602,112.458,99.7374,1.72E+00,7.32E+01,1.91E+02,1.70E+01
1603,106.197,99.7331,1.99E+00,7.62E+01,1.95E+02,1.55E+01
1604,112.455,106.112,1.56E+00,7.18E+01,1.88E+02,1.92E+01
1605,112.454,112.454,1.37E+00,7.01E+01,1.85E+02,2.23E+01
1606,112.455,118.712,1.16E+00,6.74E+01,1.82E+02,2.56E+01
1607,118.713,112.456,1.16E+00,6.75E+01,1.81E+02,2.55E+01
1608,118.708,106.131,1.31E+00,6.84E+01,1.85E+02,2.14E+01
1609,118.712,118.712,9.87E-01,6.58E+01,1.77E+02,2.97E+01
1610,106.197,112.454,1.55E+00,7.17E+01,1.89E+02,1.93E+01
1611,106.203,106.125,1.78E+00,7.42E+01,1.92E+02,1.69E+01
1612,106.201,118.715,1.31E+00,6.82E+01,1.86E+02,2.16E+01
1613,118.733,86.618,1.66E+00,7.06E+01,1.81E+02,1.91E+01
1614,112.471,86.6095,2.02E+00,7.57E+01,1.87E+02,1.88E+01
1615,106.208,86.6018,2.35E+00,7.98E+01,1.95E+02,1.84E+01
1616,112.464,93.1906,1.88E+00,7.45E+01,1.90E+02,1.68E+01
1617,118.733,93.2124,1.56E+00,6.98E+01,1.85E+02,1.73E+01
1618,106.195,93.1985,2.18E+00,7.80E+01,1.97E+02,1.59E+01
1619,112.488,73.2817,2.25E+00,7.83E+01,1.75E+02,2.83E+01
1620,112.479,79.9449,2.14E+00,7.70E+01,1.82E+02,2.29E+01
1621,118.748,73.2904,1.84E+00,7.28E+01,1.68E+02,2.86E+01
1622,118.741,79.9538,1.76E+00,7.16E+01,1.75E+02,2.32E+01
1623,106.227,73.273,2.65E+00,8.32E+01,1.83E+02,2.81E+01
1624,106.217,79.9365,2.51E+00,8.15E+01,1.90E+02,2.27E+01
1625,118.785,33.3144,2.16E+00,8.34E+01,1.25E+02,6.64E+01
1626,112.535,33.3101,2.68E+00,8.84E+01,1.29E+02,6.68E+01
1627,106.284,33.3056,3.20E+00,9.31E+01,1.34E+02,6.76E+01
1628,118.769,53.3023,2.03E+00,7.73E+01,1.45E+02,4.73E+01
1629,112.515,53.2954,2.51E+00,8.28E+01,1.51E+02,4.72E+01
1630,106.258,53.2882,2.98E+00,8.79E+01,1.57E+02,4.73E+01
1631,112.506,59.9572,2.43E+00,8.12E+01,1.59E+02,4.07E+01
1632,118.763,59.9648,1.98E+00,7.56E+01,1.53E+02,4.09E+01
1633,106.248,59.9492,2.88E+00,8.63E+01,1.66E+02,4.07E+01
1634,112.529,39.972,2.63E+00,8.64E+01,1.36E+02,6.03E+01
1635,112.522,46.6337,2.58E+00,8.45E+01,1.43E+02,5.37E+01
1636,118.78,39.9771,2.12E+00,8.12E+01,1.31E+02,6.01E+01
1637,118.775,46.6397,2.08E+00,7.91E+01,1.38E+02,5.37E+01
1638,106.276,39.9666,3.14E+00,9.13E+01,1.41E+02,6.09E+01
1639,106.268,46.6274,3.07E+00,8.96E+01,1.49E+02,5.41E+01
1640,118.792,19.9886,2.21E+00,8.84E+01,1.14E+02,7.88E+01
1641,112.544,19.986,2.75E+00,9.30E+01,1.18E+02,7.99E+01
1642,106.295,19.9833,3.29E+00,9.73E+01,1.21E+02,8.13E+01
1643,112.54,26.6481,2.72E+00,9.06E+01,1.23E+02,7.34E+01
1644,118.789,26.6515,2.19E+00,8.58E+01,1.19E+02,7.26E+01
1645,106.29,26.6446,3.25E+00,9.51E+01,1.27E+02,7.45E+01
1646,112.549,6.66148,2.79E+00,9.84E+01,1.07E+02,9.30E+01
1647,112.547,13.3238,2.77E+00,9.56E+01,1.12E+02,8.64E+01
1648,118.795,6.66245,2.24E+00,9.41E+01,1.04E+02,9.13E+01
1649,118.794,13.3255,2.23E+00,9.11E+01,1.09E+02,8.51E+01
1650,106.301,6.66046,3.34E+00,1.02E+02,1.11E+02,9.51E+01
1651,106.299,13.3219,3.32E+00,9.97E+01,1.16E+02,8.82E+01
1652,118.765,-59.9669,2.00E+00,1.43E+02,6.51E+01,1.60E+02
1653,112.51,-59.9599,2.46E+00,1.48E+02,6.86E+01,1.66E+02
1654,106.252,-59.9526,2.91E+00,1.54E+02,7.19E+01,1.73E+02
1655,118.79,-26.6531,2.19E+00,1.13E+02,8.28E+01,1.23E+02
1656,112.541,-26.6501,2.73E+00,1.17E+02,8.62E+01,1.27E+02
1657,106.292,-26.647,3.26E+00,1.21E+02,8.95E+01,1.31E+02
1658,118.794,-13.3269,2.23E+00,1.05E+02,9.06E+01,1.10E+02
1659,112.547,-13.3256,2.78E+00,1.09E+02,9.40E+01,1.13E+02
1660,106.3,-13.3242,3.33E+00,1.12E+02,9.73E+01,1.16E+02
1661,112.549,-6.66324,2.79E+00,1.05E+02,9.82E+01,1.06E+02
1662,118.795,-6.66381,2.24E+00,1.01E+02,9.48E+01,1.04E+02
1663,106.302,-6.66266,3.34E+00,1.09E+02,1.02E+02,1.09E+02
1664,112.545,-19.9879,2.75E+00,1.13E+02,9.00E+01,1.20E+02
1665,118.792,-19.99,2.21E+00,1.09E+02,8.66E+01,1.17E+02
1666,106.297,-19.9857,3.30E+00,1.16E+02,9.33E+01,1.24E+02
1667,118.782,-39.9788,2.13E+00,1.24E+02,7.54E+01,1.37E+02
1668,112.531,-39.9742,2.64E+00,1.28E+02,7.88E+01,1.42E+02
1669,106.279,-39.9693,3.15E+00,1.32E+02,8.22E+01,1.47E+02
1670,112.537,-33.3123,2.69E+00,1.23E+02,8.24E+01,1.34E+02
1671,118.786,-33.316,2.17E+00,1.18E+02,7.90E+01,1.30E+02
1672,106.286,-33.3083,3.21E+00,1.26E+02,8.58E+01,1.39E+02
1673,112.518,-53.298,2.53E+00,1.41E+02,7.19E+01,1.58E+02
1674,112.525,-46.636,2.59E+00,1.34E+02,7.53E+01,1.50E+02
1675,118.772,-53.3042,2.05E+00,1.36E+02,6.84E+01,1.52E+02
1676,118.777,-46.6416,2.09E+00,1.30E+02,7.18E+01,1.44E+02
1677,106.262,-53.2913,3.00E+00,1.46E+02,7.53E+01,1.64E+02
1678,106.271,-46.6303,3.08E+00,1.39E+02,7.87E+01,1.56E+02
1679,118.739,-93.2062,1.61E+00,1.71E+02,5.04E+01,1.92E+02
1680,112.469,-93.1789,1.93E+00,1.75E+02,5.36E+01,1.98E+02
1681,106.199,-93.1939,2.24E+00,1.80E+02,5.63E+01,2.04E+02
1682,118.752,-73.2928,1.87E+00,1.56E+02,5.87E+01,1.75E+02
1683,112.493,-73.2847,2.28E+00,1.62E+02,6.22E+01,1.82E+02
1684,106.232,-73.2768,2.69E+00,1.69E+02,6.54E+01,1.90E+02
1685,112.501,-66.622,2.38E+00,1.55E+02,6.54E+01,1.74E+02
1686,118.759,-66.6297,1.94E+00,1.50E+02,6.18E+01,1.67E+02
1687,106.242,-66.6142,2.81E+00,1.62E+02,6.86E+01,1.82E+02
1688,112.476,-86.5827,2.07E+00,1.73E+02,5.64E+01,1.94E+02
1689,112.484,-79.9482,2.18E+00,1.68E+02,5.92E+01,1.89E+02
1690,118.74,-86.6006,1.71E+00,1.67E+02,5.30E+01,1.88E+02
1691,118.745,-79.9564,1.79E+00,1.62E+02,5.58E+01,1.82E+02
1692,106.211,-86.586,2.40E+00,1.79E+02,5.92E+01,2.02E+02
1693,106.223,-79.9406,2.55E+00,1.75E+02,6.23E+01,1.97E+02
1694,118.712,-106.125,1.37E+00,1.69E+02,4.59E+01,1.93E+02
1695,112.459,-106.101,1.62E+00,1.72E+02,4.88E+01,1.96E+02
1696,106.209,-106.12,1.85E+00,1.76E+02,5.11E+01,2.00E+02
1697,112.463,-99.6765,1.79E+00,1.75E+02,5.11E+01,1.98E+02
1698,118.725,-99.7055,1.50E+00,1.71E+02,4.81E+01,1.94E+02
1699,106.202,-99.6966,2.05E+00,1.79E+02,5.37E+01,2.03E+02
1700,112.459,-118.717,1.23E+00,1.65E+02,4.38E+01,1.90E+02
1701,112.458,-112.428,1.44E+00,1.68E+02,4.64E+01,1.93E+02
1702,118.715,-118.715,1.06E+00,1.60E+02,4.17E+01,1.86E+02
1703,118.714,-112.439,1.23E+00,1.65E+02,4.39E+01,1.90E+02
1704,106.205,-118.72,1.37E+00,1.70E+02,4.57E+01,1.94E+02
1705,106.204,-112.439,1.62E+00,1.73E+02,4.86E+01,1.97E+02
1706,-106.21,124.982,1.09E+00,1.67E+02,4.27E+01,1.91E+02
1707,-112.462,124.977,9.92E-01,1.64E+02,4.10E+01,1.90E+02
1708,-118.716,124.974,8.72E-01,1.57E+02,3.95E+01,1.86E+02
1709,-124.973,124.973,7.27E-01,1.51E+02,3.75E+01,1.83E+02
1710,-124.974,118.716,8.72E-01,1.58E+02,3.94E+01,1.86E+02
1711,-124.977,112.462,9.93E-01,1.65E+02,4.09E+01,1.91E+02
1712,-124.981,106.21,1.09E+00,1.69E+02,4.25E+01,1.93E+02
1713,-124.986,99.9593,1.18E+00,1.70E+02,4.44E+01,1.92E+02
1714,-124.991,93.2933,1.26E+00,1.68E+02,4.67E+01,1.89E+02
1715,-124.997,86.6284,1.33E+00,1.64E+02,4.93E+01,1.84E+02
1716,-125.003,79.9642,1.39E+00,1.58E+02,5.21E+01,1.78E+02
1717,-125.009,73.3004,1.44E+00,1.51E+02,5.51E+01,1.71E+02
1718,-125.014,66.6369,1.49E+00,1.44E+02,5.82E+01,1.63E+02
1719,-125.019,59.9735,1.53E+00,1.37E+02,6.15E+01,1.56E+02
1720,-125.024,53.3101,1.57E+00,1.31E+02,6.48E+01,1.48E+02
1721,-125.028,46.6467,1.60E+00,1.24E+02,6.83E+01,1.41E+02
1722,-125.032,39.9831,1.63E+00,1.19E+02,7.18E+01,1.34E+02
1723,-125.035,33.3195,1.65E+00,1.13E+02,7.55E+01,1.28E+02
1724,-125.037,26.6559,1.67E+00,1.08E+02,7.92E+01,1.21E+02
1725,-125.039,19.9921,1.68E+00,1.04E+02,8.30E+01,1.15E+02
1726,-125.041,13.3283,1.69E+00,9.93E+01,8.70E+01,1.09E+02
1727,-125.041,6.66441,1.70E+00,9.54E+01,9.12E+01,1.03E+02
1728,-125.042,0.000545638,1.70E+00,9.18E+01,9.55E+01,9.69E+01
1729,-125.041,-6.66332,1.70E+00,8.84E+01,1.00E+02,9.10E+01
1730,-125.04,-13.3271,1.69E+00,8.53E+01,1.05E+02,8.50E+01
1731,-125.039,-19.9909,1.68E+00,8.24E+01,1.10E+02,7.91E+01
1732,-125.037,-26.6546,1.66E+00,7.96E+01,1.15E+02,7.32E+01
1733,-125.034,-33.3182,1.64E+00,7.71E+01,1.21E+02,6.72E+01
1734,-125.03,-39.9817,1.62E+00,7.47E+01,1.27E+02,6.12E+01
1735,-125.027,-46.6452,1.59E+00,7.25E+01,1.34E+02,5.50E+01
1736,-125.022,-53.3084,1.56E+00,7.05E+01,1.41E+02,4.88E+01
1737,-125.017,-59.9717,1.52E+00,6.87E+01,1.48E+02,4.25E+01
1738,-125.012,-66.635,1.47E+00,6.71E+01,1.56E+02,3.62E+01
1739,-125.006,-73.2983,1.42E+00,6.58E+01,1.63E+02,3.01E+01
1740,-125,-79.962,1.36E+00,6.47E+01,1.71E+02,2.44E+01
1741,-124.993,-86.6262,1.30E+00,6.39E+01,1.77E+02,1.99E+01
1742,-124.987,-93.2909,1.22E+00,6.34E+01,1.82E+02,1.78E+01
1743,-124.981,-99.9569,1.13E+00,6.31E+01,1.85E+02,1.89E+01
1744,-124.977,-106.207,1.04E+00,6.31E+01,1.85E+02,2.26E+01
1745,-124.973,-112.459,9.24E-01,6.31E+01,1.82E+02,2.77E+01
1746,-124.97,-118.713,7.95E-01,6.28E+01,1.76E+02,3.29E+01
1747,-124.969,-124.969,6.45E-01,6.09E+01,1.70E+02,3.73E+01
1748,-118.713,-124.97,7.96E-01,6.28E+01,1.75E+02,3.29E+01
1749,-112.46,-124.973,9.25E-01,6.31E+01,1.80E+02,2.75E+01
1750,-106.208,-124.977,1.04E+00,6.31E+01,1.83E+02,2.24E+01
1751,-118.797,0.000772611,2.25E+00,9.73E+01,9.93E+01,9.73E+01
1752,-112.551,0.000999988,2.80E+00,1.01E+02,1.03E+02,9.93E+01
1753,-106.304,0.00124301,3.36E+00,1.05E+02,1.06E+02,1.02E+02
1754,-118.759,66.6292,1.94E+00,1.51E+02,6.21E+01,1.68E+02
1755,-112.501,66.6213,2.38E+00,1.56E+02,6.55E+01,1.75E+02
1756,-106.242,66.6132,2.81E+00,1.63E+02,6.87E+01,1.83E+02
1757,-118.724,99.7455,1.50E+00,1.73E+02,4.82E+01,1.96E+02
1758,-112.462,99.7399,1.79E+00,1.76E+02,5.11E+01,2.00E+02
1759,-106.202,99.7366,2.06E+00,1.80E+02,5.37E+01,2.04E+02
1760,-112.458,106.115,1.63E+00,1.73E+02,4.89E+01,1.97E+02
1761,-112.457,112.457,1.44E+00,1.69E+02,4.66E+01,1.94E+02
1762,-112.458,118.716,1.23E+00,1.65E+02,4.42E+01,1.91E+02
1763,-118.716,112.458,1.23E+00,1.66E+02,4.41E+01,1.91E+02
1764,-118.712,106.133,1.38E+00,1.71E+02,4.61E+01,1.95E+02
1765,-118.715,118.715,1.07E+00,1.61E+02,4.21E+01,1.87E+02
1766,-106.201,112.459,1.62E+00,1.72E+02,4.89E+01,1.97E+02
1767,-106.207,106.129,1.85E+00,1.76E+02,5.13E+01,2.01E+02
1768,-106.204,118.72,1.37E+00,1.70E+02,4.62E+01,1.93E+02
1769,-118.737,86.6197,1.71E+00,1.69E+02,5.32E+01,1.89E+02
1770,-112.475,86.6116,2.07E+00,1.75E+02,5.64E+01,1.96E+02
1771,-106.213,86.6046,2.41E+00,1.81E+02,5.92E+01,2.04E+02
1772,-112.468,93.1929,1.94E+00,1.77E+02,5.37E+01,2.00E+02
1773,-118.737,93.2141,1.61E+00,1.73E+02,5.05E+01,1.94E+02
1774,-106.199,93.2016,2.24E+00,1.82E+02,5.63E+01,2.06E+02
1775,-112.493,73.2837,2.29E+00,1.64E+02,6.24E+01,1.83E+02
1776,-112.484,79.9471,2.19E+00,1.70E+02,5.93E+01,1.91E+02
1777,-118.752,73.2921,1.87E+00,1.58E+02,5.90E+01,1.76E+02
1778,-118.744,79.9555,1.80E+00,1.64E+02,5.60E+01,1.83E+02
1779,-106.232,73.2755,2.70E+00,1.70E+02,6.54E+01,1.92E+02
1780,-106.222,79.9392,2.56E+00,1.77E+02,6.23E+01,1.99E+02
1781,-118.787,33.3159,2.17E+00,1.18E+02,7.92E+01,1.30E+02
1782,-112.538,33.3121,2.70E+00,1.23E+02,8.26E+01,1.34E+02
1783,-106.287,33.308,3.22E+00,1.26E+02,8.58E+01,1.39E+02
1784,-118.772,53.3039,2.05E+00,1.37E+02,6.86E+01,1.52E+02
1785,-112.518,53.2975,2.54E+00,1.42E+02,7.20E+01,1.58E+02
1786,-106.262,53.2907,3.01E+00,1.47E+02,7.54E+01,1.65E+02
1787,-112.51,59.9592,2.46E+00,1.49E+02,6.87E+01,1.66E+02
1788,-118.766,59.9665,2.00E+00,1.44E+02,6.53E+01,1.60E+02
1789,-106.252,59.9517,2.92E+00,1.55E+02,7.20E+01,1.74E+02
1790,-112.532,39.974,2.65E+00,1.28E+02,7.90E+01,1.42E+02
1791,-112.526,46.6357,2.60E+00,1.35E+02,7.54E+01,1.50E+02
1792,-118.783,39.9787,2.14E+00,1.24E+02,7.56E+01,1.37E+02
1793,-118.778,46.6413,2.10E+00,1.30E+02,7.20E+01,1.45E+02
1794,-106.28,39.969,3.16E+00,1.33E+02,8.23E+01,1.47E+02
1795,-106.272,46.6298,3.09E+00,1.39E+02,7.88E+01,1.56E+02
1796,-118.793,19.9901,2.22E+00,1.09E+02,8.68E+01,1.17E+02
1797,-112.546,19.9879,2.76E+00,1.13E+02,9.01E+01,1.20E+02
1798,-106.298,19.9857,3.31E+00,1.16E+02,9.34E+01,1.24E+02
1799,-112.543,26.6501,2.73E+00,1.17E+02,8.63E+01,1.27E+02
1800,-118.791,26.653,2.20E+00,1.13E+02,8.29E+01,1.23E+02
1801,-106.293,26.6469,3.27E+00,1.21E+02,8.95E+01,1.31E+02
1802,-112.55,6.66335,2.80E+00,1.05E+02,9.83E+01,1.06E+02
1803,-112.549,13.3257,2.78E+00,1.09E+02,9.41E+01,1.13E+02
1804,-118.796,6.6639,2.24E+00,1.01E+02,9.50E+01,1.04E+02
1805,-118.795,13.327,2.24E+00,1.05E+02,9.08E+01,1.10E+02
1806,-106.303,6.66277,3.35E+00,1.08E+02,1.02E+02,1.09E+02
1807,-106.301,13.3243,3.34E+00,1.12E+02,9.74E+01,1.16E+02
1808,-118.763,-59.9641,1.98E+00,7.57E+01,1.54E+02,4.08E+01
1809,-112.506,-59.9561,2.44E+00,8.13E+01,1.60E+02,4.05E+01
1810,-106.248,-59.9478,2.89E+00,8.63E+01,1.67E+02,4.04E+01
1811,-118.79,-26.6513,2.19E+00,8.58E+01,1.20E+02,7.24E+01
1812,-112.541,-26.6478,2.73E+00,9.06E+01,1.24E+02,7.32E+01
1813,-106.291,-26.6441,3.26E+00,9.51E+01,1.28E+02,7.42E+01
1814,-118.795,-13.3254,2.23E+00,9.11E+01,1.09E+02,8.49E+01
1815,-112.548,-13.3236,2.78E+00,9.55E+01,1.12E+02,8.62E+01
1816,-106.3,-13.3216,3.33E+00,9.96E+01,1.16E+02,8.79E+01
1817,-112.55,-6.6613,2.79E+00,9.83E+01,1.07E+02,9.27E+01
1818,-118.796,-6.66232,2.24E+00,9.41E+01,1.04E+02,9.11E+01
1819,-106.303,-6.66024,3.35E+00,1.02E+02,1.11E+02,9.48E+01
1820,-112.545,-19.9858,2.76E+00,9.29E+01,1.18E+02,7.97E+01
1821,-118.793,-19.9884,2.22E+00,8.84E+01,1.14E+02,7.87E+01
1822,-106.297,-19.983,3.30E+00,9.72E+01,1.22E+02,8.10E+01
1823,-118.781,-39.9767,2.13E+00,8.12E+01,1.32E+02,5.99E+01
1824,-112.53,-39.9714,2.64E+00,8.64E+01,1.37E+02,6.01E+01
1825,-106.277,-39.9658,3.15E+00,9.13E+01,1.42E+02,6.06E+01
1826,-112.536,-33.3098,2.69E+00,8.84E+01,1.30E+02,6.66E+01
1827,-118.786,-33.3141,2.16E+00,8.34E+01,1.26E+02,6.62E+01
1828,-106.285,-33.3051,3.21E+00,9.31E+01,1.34E+02,6.74E+01
1829,-112.515,-53.2946,2.52E+00,8.28E+01,1.52E+02,4.70E+01
1830,-112.523,-46.6329,2.58E+00,8.46E+01,1.44E+02,5.36E+01
1831,-118.77,-53.3016,2.04E+00,7.74E+01,1.46E+02,4.72E+01
1832,-118.776,-46.6393,2.09E+00,7.92E+01,1.39E+02,5.36E+01
1833,-106.258,-53.2869,2.99E+00,8.79E+01,1.58E+02,4.71E+01
1834,-106.268,-46.6264,3.07E+00,8.95E+01,1.50E+02,5.38E+01
1835,-118.733,-93.202,1.56E+00,6.99E+01,1.87E+02,1.76E+01
1836,-112.463,-93.1736,1.88E+00,7.45E+01,1.93E+02,1.70E+01
1837,-106.192,-93.1876,2.18E+00,7.80E+01,1.99E+02,1.60E+01
1838,-118.748,-73.2893,1.85E+00,7.29E+01,1.70E+02,2.85E+01
1839,-112.488,-73.2801,2.26E+00,7.84E+01,1.77E+02,2.81E+01
1840,-106.226,-73.271,2.65E+00,8.31E+01,1.85E+02,2.79E+01
1841,-112.497,-66.6178,2.35E+00,7.98E+01,1.69E+02,3.41E+01
1842,-118.755,-66.6265,1.92E+00,7.42E+01,1.62E+02,3.45E+01
1843,-106.237,-66.6089,2.78E+00,8.47E+01,1.76E+02,3.40E+01
1844,-112.47,-86.5775,2.02E+00,7.57E+01,1.90E+02,1.89E+01
1845,-112.478,-79.9433,2.15E+00,7.70E+01,1.84E+02,2.28E+01
1846,-118.735,-86.5966,1.67E+00,7.08E+01,1.83E+02,1.92E+01
1847,-118.74,-79.9526,1.76E+00,7.17E+01,1.77E+02,2.32E+01
1848,-106.204,-86.5798,2.36E+00,7.97E+01,1.97E+02,1.84E+01
1849,-106.216,-79.9345,2.51E+00,8.14E+01,1.92E+02,2.25E+01
1850,-118.705,-106.121,1.31E+00,6.86E+01,1.87E+02,2.17E+01
1851,-112.454,-106.096,1.56E+00,7.20E+01,1.90E+02,1.95E+01
1852,-106.204,-106.114,1.78E+00,7.43E+01,1.93E+02,1.71E+01
1853,-112.457,-99.6711,1.73E+00,7.33E+01,1.93E+02,1.73E+01
1854,-118.719,-99.7011,1.44E+00,6.92E+01,1.89E+02,1.87E+01
1855,-106.196,-99.6905,1.99E+00,7.62E+01,1.97E+02,1.57E+01
1856,-112.455,-118.712,1.16E+00,6.78E+01,1.82E+02,2.57E+01
1857,-112.453,-112.423,1.37E+00,7.03E+01,1.86E+02,2.26E+01
1858,-118.711,-118.711,9.89E-01,6.62E+01,1.78E+02,2.98E+01
1859,-118.709,-112.435,1.16E+00,6.77E+01,1.83E+02,2.58E+01
1860,-106.201,-118.715,1.31E+00,6.87E+01,1.86E+02,2.16E+01
1861,-106.199,-112.434,1.56E+00,7.20E+01,1.89E+02,1.95E+01
1862,124.975,-131.233,5.49E-01,1.46E+02,3.33E+01,1.83E+02
1863,124.98,-137.494,3.41E-01,1.41E+02,2.58E+01,1.94E+02
1864,124.987,-143.753,1.24E-01,1.15E+02,2.01E+01,2.28E+02
1865,125,-150,0.00E+00,9.27E+01,1.94E+01,2.53E+02
1866,118.75,-150,0.00E+00,9.00E+01,1.95E+01,2.62E+02
1867,112.5,-150,0.00E+00,8.44E+01,1.90E+01,2.68E+02
1868,106.25,-150,0.00E+00,7.71E+01,1.79E+01,2.70E+02
1869,100,-150,0.00E+00,6.87E+01,1.61E+01,2.70E+02
1870,93.3333,-150,0.00E+00,5.95E+01,1.40E+01,2.69E+02
1871,86.6667,-150,0.00E+00,4.98E+01,1.20E+01,2.66E+02
1872,80,-150,0.00E+00,4.02E+01,1.01E+01,2.62E+02
1873,73.3333,-150,0.00E+00,3.10E+01,8.91E+00,2.58E+02
1874,66.6667,-150,0.00E+00,2.23E+01,8.65E+00,2.54E+02
1875,60,-150,0.00E+00,1.43E+01,9.51E+00,2.49E+02
1876,53.3333,-150,0.00E+00,8.25E+00,1.13E+01,2.45E+02
1877,46.6667,-150,0.00E+00,7.02E+00,1.38E+01,2.40E+02
1878,40,-150,0.00E+00,1.09E+01,1.66E+01,2.36E+02
1879,33.3333,-150,0.00E+00,1.66E+01,1.98E+01,2.32E+02
1880,26.6667,-150,0.00E+00,2.22E+01,2.31E+01,2.27E+02
1881,20,-150,0.00E+00,2.75E+01,2.67E+01,2.23E+02
1882,13.3333,-150,0.00E+00,3.24E+01,3.04E+01,2.18E+02
1883,6.66667,-150,0.00E+00,3.70E+01,3.43E+01,2.13E+02
1884,0,-150,0.00E+00,4.13E+01,3.85E+01,2.09E+02
1885,-6.66667,-150,0.00E+00,4.52E+01,4.28E+01,2.04E+02
1886,-13.3333,-150,0.00E+00,4.88E+01,4.74E+01,1.98E+02
1887,-20,-150,0.00E+00,5.21E+01,5.22E+01,1.93E+02
1888,-26.6667,-150,0.00E+00,5.52E+01,5.72E+01,1.88E+02
1889,-33.3333,-150,0.00E+00,5.80E+01,6.26E+01,1.82E+02
1890,-40,-150,0.00E+00,6.05E+01,6.84E+01,1.76E+02
1891,-46.6667,-150,0.00E+00,6.28E+01,7.45E+01,1.69E+02
1892,-53.3333,-150,0.00E+00,6.48E+01,8.10E+01,1.63E+02
1893,-60,-150,0.00E+00,6.65E+01,8.80E+01,1.56E+02
1894,-66.6667,-150,0.00E+00,6.79E+01,9.54E+01,1.48E+02
1895,-73.3333,-150,0.00E+00,6.88E+01,1.03E+02,1.40E+02
1896,-80,-150,0.00E+00,6.93E+01,1.11E+02,1.32E+02
1897,-86.6667,-150,0.00E+00,6.92E+01,1.20E+02,1.22E+02
1898,-93.3333,-150,0.00E+00,6.80E+01,1.29E+02,1.12E+02
1899,-100,-150,0.00E+00,6.57E+01,1.37E+02,1.01E+02
1900,-106.25,-150,0.00E+00,6.20E+01,1.44E+02,8.81E+01
1901,-112.5,-150,0.00E+00,5.60E+01,1.50E+02,7.41E+01
1902,-118.75,-150,0.00E+00,4.70E+01,1.54E+02,5.84E+01
1903,-125,-150,0.00E+00,3.47E+01,1.56E+02,4.13E+01
1904,-124.988,-143.748,1.02E-01,3.07E+01,1.61E+02,3.27E+01
1905,-124.979,-137.489,2.83E-01,3.86E+01,1.65E+02,3.08E+01
1906,-124.972,-131.229,4.72E-01,5.49E+01,1.66E+02,3.83E+01
1907,-0.00123943,-143.769,2.21E-01,4.28E+01,5.66E+01,1.70E+02
1908,-0.000209701,-137.528,6.57E-01,6.07E+01,7.99E+01,1.18E+02
1909,-0.000274168,-131.285,1.17E+00,8.35E+01,8.85E+01,1.01E+02
1910,66.658,-143.764,2.03E-01,6.14E+01,2.37E+01,2.19E+02
1911,66.6515,-137.517,5.94E-01,1.15E+02,4.38E+01,1.75E+02
1912,66.644,-131.267,1.04E+00,1.36E+02,5.19E+01,1.63E+02
1913,99.781,-143.759,1.73E-01,1.02E+02,2.08E+01,2.40E+02
1914,99.7714,-137.505,4.96E-01,1.48E+02,3.02E+01,2.02E+02
1915,99.7617,-131.247,8.45E-01,1.64E+02,3.83E+01,1.92E+02
1916,106.142,-137.502,4.67E-01,1.51E+02,2.84E+01,2.04E+02
1917,112.477,-137.499,4.33E-01,1.51E+02,2.69E+01,2.03E+02
1918,118.728,-137.497,3.93E-01,1.48E+02,2.60E+01,2.00E+02
1919,112.487,-143.756,1.54E-01,1.13E+02,2.06E+01,2.40E+02
1920,106.166,-143.75,1.65E-01,1.09E+02,2.08E+01,2.41E+02
1921,118.737,-143.754,1.41E-01,1.15E+02,2.03E+01,2.36E+02
1922,112.469,-131.239,7.23E-01,1.62E+02,3.50E+01,1.92E+02
1923,106.147,-131.25,7.88E-01,1.64E+02,3.65E+01,1.93E+02
1924,118.721,-131.236,6.45E-01,1.55E+02,3.41E+01,1.88E+02
1925,86.6555,-143.761,1.88E-01,8.65E+01,2.11E+01,2.34E+02
1926,86.6468,-137.51,5.43E-01,1.37E+02,3.50E+01,1.93E+02
1927,86.6373,-131.255,9.36E-01,1.56E+02,4.31E+01,1.83E+02
1928,93.2271,-137.507,5.21E-01,1.43E+02,3.25E+01,1.98E+02
1929,93.2505,-143.767,1.81E-01,9.48E+01,2.09E+01,2.38E+02
1930,93.2315,-131.244,8.94E-01,1.61E+02,4.05E+01,1.88E+02
1931,73.3166,-137.515,5.79E-01,1.23E+02,4.07E+01,1.81E+02
1932,79.9816,-137.513,5.62E-01,1.30E+02,3.77E+01,1.87E+02
1933,73.3238,-143.763,1.99E-01,6.95E+01,2.24E+01,2.24E+02
1934,79.9896,-143.762,1.94E-01,7.80E+01,2.15E+01,2.29E+02
1935,73.3083,-131.263,1.01E+00,1.43E+02,4.88E+01,1.70E+02
1936,79.9727,-131.259,9.74E-01,1.50E+02,4.59E+01,1.77E+02
1937,33.3285,-143.768,2.17E-01,4.22E+01,3.77E+01,1.94E+02
1938,33.326,-137.525,6.43E-01,8.36E+01,6.06E+01,1.45E+02
1939,33.3224,-131.281,1.14E+00,1.06E+02,6.89E+01,1.30E+02
1940,53.3262,-143.766,2.10E-01,4.72E+01,2.83E+01,2.09E+02
1941,53.3214,-137.521,6.18E-01,1.02E+02,5.02E+01,1.62E+02
1942,53.3155,-131.273,1.09E+00,1.23E+02,5.85E+01,1.49E+02
1943,59.9865,-137.519,6.07E-01,1.08E+02,4.69E+01,1.69E+02
1944,59.9921,-143.765,2.07E-01,5.38E+01,2.58E+01,2.14E+02
1945,59.9798,-131.27,1.06E+00,1.29E+02,5.52E+01,1.56E+02
1946,39.9912,-137.524,6.36E-01,8.92E+01,5.70E+01,1.51E+02
1947,46.6563,-137.523,6.28E-01,9.52E+01,5.36E+01,1.56E+02
1948,39.9945,-143.767,2.16E-01,4.22E+01,3.43E+01,1.99E+02
1949,46.6604,-143.767,2.13E-01,4.33E+01,3.12E+01,2.04E+02
1950,39.9868,-131.279,1.12E+00,1.11E+02,6.54E+01,1.36E+02
1951,46.6512,-131.276,1.10E+00,1.17E+02,6.19E+01,1.43E+02
1952,19.9966,-143.769,2.20E-01,4.24E+01,4.48E+01,1.85E+02
1953,19.9956,-137.527,6.53E-01,7.35E+01,6.80E+01,1.34E+02
1954,19.9934,-131.284,1.16E+00,9.58E+01,7.64E+01,1.18E+02
1955,26.6608,-137.526,6.48E-01,7.84E+01,6.42E+01,1.39E+02
1956,26.6626,-143.768,2.19E-01,4.23E+01,4.11E+01,1.90E+02
1957,26.658,-131.282,1.15E+00,1.01E+02,7.26E+01,1.24E+02
1958,6.66507,-137.528,6.57E-01,6.47E+01,7.58E+01,1.23E+02
1959,13.3303,-137.527,6.56E-01,6.90E+01,7.18E+01,1.29E+02
1960,6.66472,-143.769,2.21E-01,4.27E+01,5.25E+01,1.75E+02
1961,13.3307,-143.769,2.21E-01,4.26E+01,4.86E+01,1.80E+02
1962,6.66431,-131.285,1.16E+00,8.73E+01,8.43E+01,1.07E+02
1963,13.3289,-131.284,1.16E+00,9.14E+01,8.03E+01,1.12E+02
1964,-59.9944,-143.765,2.03E-01,4.25E+01,1.06E+02,1.18E+02
1965,-59.9866,-137.519,5.97E-01,3.48E+01,1.29E+02,6.68E+01
1966,-59.9799,-131.269,1.05E+00,5.81E+01,1.38E+02,4.86E+01
1967,-26.6651,-143.768,2.17E-01,4.28E+01,7.53E+01,1.49E+02
1968,-26.6612,-137.526,6.44E-01,4.71E+01,9.86E+01,9.64E+01
1969,-26.6585,-131.282,1.14E+00,7.04E+01,1.08E+02,7.84E+01
1970,-13.3331,-143.769,2.20E-01,4.29E+01,6.55E+01,1.60E+02
1971,-13.3307,-137.527,6.53E-01,5.35E+01,8.88E+01,1.07E+02
1972,-13.3294,-131.284,1.16E+00,7.65E+01,9.75E+01,8.97E+01
1973,-6.66545,-137.528,6.56E-01,5.70E+01,8.43E+01,1.13E+02
1974,-6.66718,-143.769,2.21E-01,4.28E+01,6.09E+01,1.65E+02
1975,-6.66484,-131.285,1.16E+00,7.99E+01,9.29E+01,9.53E+01
1976,-19.996,-137.527,6.50E-01,5.02E+01,9.36E+01,1.02E+02
1977,-19.9991,-143.768,2.19E-01,4.29E+01,7.02E+01,1.54E+02
1978,-19.9939,-131.283,1.15E+00,7.34E+01,1.02E+02,8.41E+01
1979,-39.9968,-143.767,2.13E-01,4.27E+01,8.63E+01,1.37E+02
1980,-39.9915,-137.524,6.30E-01,4.15E+01,1.10E+02,8.51E+01
1981,-39.9872,-131.278,1.11E+00,6.49E+01,1.19E+02,6.68E+01
1982,-33.3264,-137.525,6.38E-01,4.42E+01,1.04E+02,9.08E+01
1983,-33.331,-143.768,2.15E-01,4.28E+01,8.06E+01,1.43E+02
1984,-33.3229,-131.28,1.13E+00,6.75E+01,1.13E+02,7.26E+01
1985,-53.3217,-137.521,6.09E-01,3.68E+01,1.22E+02,7.31E+01
1986,-46.6565,-137.522,6.20E-01,3.90E+01,1.16E+02,7.92E+01
1987,-53.3285,-143.766,2.07E-01,4.26E+01,9.87E+01,1.25E+02
1988,-46.6627,-143.766,2.10E-01,4.26E+01,9.23E+01,1.31E+02
1989,-53.3157,-131.273,1.07E+00,6.01E+01,1.31E+02,5.48E+01
1990,-46.6515,-131.276,1.09E+00,6.24E+01,1.25E+02,6.09E+01
1991,-93.2432,-143.767,1.74E-01,4.17E+01,1.44E+02,7.75E+01
1992,-93.2114,-137.506,5.01E-01,3.03E+01,1.64E+02,3.22E+01
1993,-93.2216,-131.24,8.63E-01,5.22E+01,1.73E+02,1.95E+01
1994,-73.3259,-143.763,1.94E-01,4.25E+01,1.20E+02,1.04E+02
1995,-73.3165,-137.514,5.66E-01,3.18E+01,1.43E+02,5.34E+01
1996,-73.3081,-131.262,9.89E-01,5.47E+01,1.53E+02,3.58E+01
1997,-66.6515,-137.517,5.83E-01,3.31E+01,1.36E+02,6.02E+01
1998,-66.6601,-143.764,1.99E-01,4.25E+01,1.13E+02,1.11E+02
1999,-66.6439,-131.266,1.02E+00,5.62E+01,1.46E+02,4.22E+01
2000,-86.6163,-137.509,5.26E-01,3.03E+01,1.58E+02,3.91E+01
2001,-79.9814,-137.512,5.47E-01,3.09E+01,1.51E+02,4.63E+01
2002,-86.6373,-143.763,1.82E-01,4.22E+01,1.36E+02,8.69E+01
2003,-79.9916,-143.762,1.88E-01,4.24E+01,1.28E+02,9.55E+01
2004,-86.6167,-131.25,9.10E-01,5.26E+01,1.67E+02,2.37E+01
2005,-79.9723,-131.258,9.52E-01,5.35E+01,1.60E+02,2.95E+01
2006,-106.158,-143.746,1.54E-01,3.96E+01,1.57E+02,5.72E+01
2007,-106.126,-137.499,4.37E-01,3.17E+01,1.73E+02,2.26E+01
2008,-106.137,-131.248,7.42E-01,5.28E+01,1.79E+02,2.06E+01
2009,-99.7062,-137.502,4.71E-01,3.07E+01,1.70E+02,2.63E+01
2010,-99.7415,-143.757,1.65E-01,4.09E+01,1.51E+02,6.76E+01
2011,-99.7195,-131.244,8.07E-01,5.23E+01,1.77E+02,1.83E+01
2012,-118.727,-137.492,3.45E-01,3.59E+01,1.72E+02,2.51E+01
2013,-112.446,-137.496,3.95E-01,3.34E+01,1.74E+02,2.20E+01
2014,-118.738,-143.751,1.23E-01,3.48E+01,1.62E+02,3.88E+01
2015,-112.468,-143.75,1.40E-01,3.77E+01,1.61E+02,4.71E+01
2016,-118.719,-131.231,5.78E-01,5.48E+01,1.74E+02,3.24E+01
2017,-112.447,-131.238,6.67E-01,5.37E+01,1.78E+02,2.59E+01
2018,124.973,131.229,4.69E-01,5.44E+01,1.65E+02,3.82E+01
2019,124.979,137.489,2.79E-01,3.83E+01,1.64E+02,3.04E+01
2020,124.988,143.748,9.69E-02,3.14E+01,1.59E+02,3.37E+01
2021,125,150,0.00E+00,3.61E+01,1.55E+02,4.38E+01
2022,118.75,150,0.00E+00,4.85E+01,1.54E+02,6.14E+01
2023,112.5,150,0.00E+00,5.79E+01,1.51E+02,7.76E+01
2024,106.25,150,0.00E+00,6.43E+01,1.45E+02,9.20E+01
2025,100,150,0.00E+00,6.86E+01,1.39E+02,1.05E+02
2026,93.3333,150,0.00E+00,7.15E+01,1.31E+02,1.17E+02
2027,86.6667,150,0.00E+00,7.32E+01,1.23E+02,1.27E+02
2028,80,150,0.00E+00,7.38E+01,1.14E+02,1.37E+02
2029,73.3333,150,0.00E+00,7.38E+01,1.06E+02,1.45E+02
2030,66.6667,150,0.00E+00,7.33E+01,9.81E+01,1.53E+02
2031,60,150,0.00E+00,7.23E+01,9.05E+01,1.61E+02
2032,53.3333,150,0.00E+00,7.09E+01,8.32E+01,1.68E+02
2033,46.6667,150,0.00E+00,6.93E+01,7.64E+01,1.74E+02
2034,40,150,0.00E+00,6.73E+01,7.00E+01,1.80E+02
2035,33.3333,150,0.00E+00,6.50E+01,6.40E+01,1.86E+02
2036,26.6667,150,0.00E+00,6.25E+01,5.83E+01,1.92E+02
2037,20,150,0.00E+00,5.97E+01,5.30E+01,1.97E+02
2038,13.3333,150,0.00E+00,5.65E+01,4.79E+01,2.02E+02
2039,6.66667,150,0.00E+00,5.31E+01,4.31E+01,2.07E+02
2040,0,150,0.00E+00,4.93E+01,3.85E+01,2.11E+02
2041,-6.66667,150,0.00E+00,4.51E+01,3.41E+01,2.16E+02
2042,-13.3333,150,0.00E+00,4.07E+01,3.00E+01,2.20E+02
2043,-20,150,0.00E+00,3.58E+01,2.60E+01,2.24E+02
2044,-26.6667,150,0.00E+00,3.05E+01,2.23E+01,2.28E+02
2045,-33.3333,150,0.00E+00,2.49E+01,1.87E+01,2.32E+02
2046,-40,150,0.00E+00,1.89E+01,1.54E+01,2.36E+02
2047,-46.6667,150,0.00E+00,1.28E+01,1.24E+01,2.40E+02
2048,-53.3333,150,0.00E+00,7.79E+00,9.92E+00,2.44E+02
2049,-60,150,0.00E+00,7.91E+00,8.27E+00,2.48E+02
2050,-66.6667,150,0.00E+00,1.38E+01,7.84E+00,2.52E+02
2051,-73.3333,150,0.00E+00,2.21E+01,8.72E+00,2.56E+02
2052,-80,150,0.00E+00,3.13E+01,1.05E+01,2.60E+02
2053,-86.6667,150,0.00E+00,4.09E+01,1.28E+01,2.64E+02
2054,-93.3333,150,0.00E+00,5.09E+01,1.51E+01,2.67E+02
2055,-100,150,0.00E+00,6.07E+01,1.74E+01,2.69E+02
2056,-106.25,150,0.00E+00,6.99E+01,1.94E+01,2.69E+02
2057,-112.5,150,0.00E+00,7.82E+01,2.09E+01,2.67E+02
2058,-118.75,150,0.00E+00,8.54E+01,2.16E+01,2.63E+02
2059,-125,150,0.00E+00,9.21E+01,2.01E+01,2.53E+02
2060,-124.987,143.753,1.24E-01,1.14E+02,2.11E+01,2.29E+02
2061,-124.979,137.494,3.43E-01,1.41E+02,2.70E+01,1.95E+02
2062,-124.974,131.232,5.51E-01,1.47E+02,3.42E+01,1.84E+02
2063,0.00120304,143.769,2.13E-01,4.42E+01,5.75E+01,1.73E+02
2064,-0.000188748,137.528,6.50E-01,5.59E+01,8.25E+01,1.20E+02
2065,-0.000796372,131.285,1.16E+00,7.98E+01,9.16E+01,1.01E+02
2066,66.66,143.764,1.93E-01,4.44E+01,1.16E+02,1.14E+02
2067,66.6511,137.516,5.79E-01,3.15E+01,1.40E+02,6.10E+01
2068,66.6428,131.265,1.02E+00,5.48E+01,1.50E+02,4.20E+01
2069,99.7827,143.757,1.59E-01,4.23E+01,1.53E+02,6.99E+01
2070,99.7707,137.502,4.67E-01,3.03E+01,1.72E+02,2.64E+01
2071,99.7603,131.243,8.04E-01,5.17E+01,1.80E+02,1.82E+01
2072,106.142,137.499,4.32E-01,3.14E+01,1.75E+02,2.27E+01
2073,112.477,137.496,3.90E-01,3.32E+01,1.75E+02,2.20E+01
2074,118.727,137.492,3.40E-01,3.57E+01,1.71E+02,2.49E+01
2075,112.488,143.753,1.34E-01,3.87E+01,1.61E+02,4.89E+01
2076,106.168,143.748,1.48E-01,4.08E+01,1.58E+02,5.93E+01
2077,118.738,143.751,1.18E-01,3.56E+01,1.62E+02,4.02E+01
2078,112.467,131.235,6.64E-01,5.33E+01,1.79E+02,2.59E+01
2079,106.146,131.246,7.39E-01,5.23E+01,1.81E+02,2.06E+01
2080,118.719,131.232,5.75E-01,5.44E+01,1.73E+02,3.23E+01
2081,86.6573,143.76,1.76E-01,4.40E+01,1.39E+02,8.96E+01
2082,86.6461,137.508,5.22E-01,2.96E+01,1.62E+02,3.94E+01
2083,86.6359,131.252,9.09E-01,5.18E+01,1.71E+02,2.34E+01
2084,93.2264,137.505,4.97E-01,2.98E+01,1.68E+02,3.24E+01
2085,93.2523,143.765,1.68E-01,4.34E+01,1.47E+02,8.01E+01
2086,93.2301,131.241,8.60E-01,5.15E+01,1.76E+02,1.94E+01
2087,73.316,137.514,5.63E-01,3.05E+01,1.47E+02,5.40E+01
2088,79.981,137.511,5.44E-01,2.99E+01,1.55E+02,4.67E+01
2089,73.3258,143.763,1.88E-01,4.44E+01,1.24E+02,1.07E+02
2090,79.9916,143.762,1.82E-01,4.43E+01,1.32E+02,9.85E+01
2091,73.307,131.261,9.88E-01,5.35E+01,1.57E+02,3.55E+01
2092,79.9714,131.257,9.51E-01,5.25E+01,1.64E+02,2.91E+01
2093,33.3309,143.768,2.08E-01,4.44E+01,8.27E+01,1.47E+02
2094,33.3259,137.525,6.33E-01,4.07E+01,1.07E+02,9.22E+01
2095,33.3217,131.28,1.13E+00,6.48E+01,1.17E+02,7.29E+01
2096,53.3285,143.766,2.00E-01,4.44E+01,1.02E+02,1.28E+02
2097,53.3211,137.52,6.06E-01,3.44E+01,1.26E+02,7.42E+01
2098,53.3145,131.272,1.07E+00,5.82E+01,1.36E+02,5.47E+01
2099,59.9861,137.519,5.94E-01,3.28E+01,1.33E+02,6.77E+01
2100,59.9943,143.765,1.97E-01,4.44E+01,1.09E+02,1.22E+02
2101,59.9787,131.269,1.05E+00,5.64E+01,1.43E+02,4.84E+01
2102,39.991,137.524,6.25E-01,3.83E+01,1.13E+02,8.64E+01
2103,46.6561,137.522,6.16E-01,3.62E+01,1.20E+02,8.04E+01
2104,39.9968,143.767,2.06E-01,4.44E+01,8.86E+01,1.41E+02
2105,46.6626,143.766,2.03E-01,4.44E+01,9.49E+01,1.35E+02
2106,39.986,131.278,1.11E+00,6.24E+01,1.23E+02,6.70E+01
2107,46.6503,131.275,1.09E+00,6.02E+01,1.29E+02,6.09E+01
2108,19.9991,143.768,2.11E-01,4.44E+01,7.18E+01,1.57E+02
2109,19.9956,137.527,6.44E-01,4.61E+01,9.67E+01,1.04E+02
2110,19.9928,131.283,1.15E+00,7.02E+01,1.06E+02,8.44E+01
2111,26.6607,137.526,6.39E-01,4.33E+01,1.02E+02,9.79E+01
2112,26.665,143.768,2.10E-01,4.44E+01,7.71E+01,1.52E+02
2113,26.6573,131.282,1.14E+00,6.74E+01,1.11E+02,7.87E+01
2114,6.66507,137.528,6.49E-01,5.24E+01,8.70E+01,1.14E+02
2115,13.3303,137.527,6.47E-01,4.91E+01,9.18E+01,1.09E+02
2116,6.66716,143.769,2.13E-01,4.43E+01,6.20E+01,1.68E+02
2117,13.3331,143.769,2.12E-01,4.43E+01,6.68E+01,1.63E+02
2118,6.66377,131.285,1.16E+00,7.63E+01,9.61E+01,9.57E+01
2119,13.3283,131.284,1.15E+00,7.32E+01,1.01E+02,9.01E+01
2120,-59.9922,143.766,1.97E-01,4.73E+01,2.52E+01,2.14E+02
2121,-59.9869,137.52,5.96E-01,1.03E+02,4.80E+01,1.68E+02
2122,-59.9808,131.271,1.05E+00,1.25E+02,5.69E+01,1.55E+02
2123,-26.6627,143.768,2.09E-01,4.35E+01,4.12E+01,1.91E+02
2124,-26.6612,137.526,6.39E-01,7.29E+01,6.60E+01,1.40E+02
2125,-26.659,131.283,1.14E+00,9.62E+01,7.51E+01,1.24E+02
2126,-13.3307,143.769,2.12E-01,4.39E+01,4.90E+01,1.82E+02
2127,-13.3307,137.528,6.47E-01,6.38E+01,7.40E+01,1.30E+02
2128,-13.3299,131.285,1.15E+00,8.73E+01,8.30E+01,1.13E+02
2129,-6.66543,137.528,6.49E-01,5.97E+01,7.82E+01,1.25E+02
2130,-6.66474,143.769,2.12E-01,4.40E+01,5.32E+01,1.77E+02
2131,-6.66535,131.285,1.16E+00,8.34E+01,8.72E+01,1.07E+02
2132,-19.996,137.527,6.43E-01,6.82E+01,7.00E+01,1.35E+02
2133,-19.9967,143.769,2.11E-01,4.37E+01,4.50E+01,1.86E+02
2134,-19.9945,131.284,1.15E+00,9.16E+01,7.90E+01,1.18E+02
2135,-39.9945,143.768,2.06E-01,4.31E+01,3.40E+01,2.00E+02
2136,-39.9916,137.524,6.26E-01,8.35E+01,5.86E+01,1.51E+02
2137,-39.9879,131.279,1.11E+00,1.06E+02,6.75E+01,1.36E+02
2138,-33.3265,137.526,6.33E-01,7.80E+01,6.22E+01,1.46E+02
2139,-33.3286,143.768,2.08E-01,4.33E+01,3.75E+01,1.95E+02
2140,-33.3235,131.281,1.13E+00,1.01E+02,7.12E+01,1.30E+02
2141,-53.3219,137.522,6.07E-01,9.57E+01,5.14E+01,1.62E+02
2142,-46.6567,137.523,6.17E-01,8.94E+01,5.50E+01,1.56E+02
2143,-53.3263,143.766,2.00E-01,4.38E+01,2.78E+01,2.09E+02
2144,-46.6605,143.767,2.03E-01,4.30E+01,3.07E+01,2.04E+02
2145,-53.3165,131.274,1.08E+00,1.18E+02,6.04E+01,1.48E+02
2146,-46.6523,131.277,1.10E+00,1.12E+02,6.39E+01,1.42E+02
2147,-93.2415,143.768,1.72E-01,8.80E+01,2.13E+01,2.36E+02
2148,-93.2121,137.508,5.13E-01,1.39E+02,3.30E+01,1.96E+02
2149,-93.223,131.243,8.88E-01,1.58E+02,4.17E+01,1.86E+02
2150,-73.3238,143.764,1.89E-01,6.20E+01,2.23E+01,2.23E+02
2151,-73.3169,137.516,5.69E-01,1.17E+02,4.15E+01,1.80E+02
2152,-73.3092,131.264,9.99E-01,1.39E+02,5.04E+01,1.68E+02
2153,-66.6518,137.518,5.83E-01,1.10E+02,4.47E+01,1.74E+02
2154,-66.658,143.765,1.93E-01,5.40E+01,2.34E+01,2.18E+02
2155,-66.6449,131.268,1.03E+00,1.32E+02,5.36E+01,1.62E+02
2156,-86.6169,137.511,5.34E-01,1.32E+02,3.56E+01,1.91E+02
2157,-79.9819,137.513,5.52E-01,1.25E+02,3.85E+01,1.86E+02
2158,-86.6355,143.764,1.79E-01,7.93E+01,2.14E+01,2.32E+02
2159,-79.9897,143.763,1.84E-01,7.05E+01,2.17E+01,2.28E+02
2160,-86.618,131.253,9.29E-01,1.52E+02,4.44E+01,1.81E+02
2161,-79.9736,131.26,9.66E-01,1.46E+02,4.73E+01,1.75E+02
2162,-106.157,143.749,1.58E-01,1.04E+02,2.13E+01,2.40E+02
2163,-106.127,137.503,4.61E-01,1.48E+02,2.87E+01,2.03E+02
2164,-106.138,131.252,7.85E-01,1.63E+02,3.74E+01,1.92E+02
2165,-99.7068,137.505,4.89E-01,1.44E+02,3.07E+01,2.00E+02
2166,-99.7399,143.759,1.65E-01,9.63E+01,2.13E+01,2.39E+02
2167,-99.7209,131.247,8.40E-01,1.61E+02,3.94E+01,1.90E+02
2168,-118.727,137.497,3.91E-01,1.48E+02,2.67E+01,2.00E+02
2169,-112.447,137.5,4.29E-01,1.50E+02,2.73E+01,2.03E+02
2170,-118.736,143.755,1.37E-01,1.13E+02,2.15E+01,2.36E+02
2171,-112.467,143.753,1.48E-01,1.09E+02,2.14E+01,2.39E+02
2172,-118.72,131.236,6.46E-01,1.56E+02,3.50E+01,1.89E+02
2173,-112.448,131.242,7.22E-01,1.61E+02,3.60E+01,1.92E+02
2174,-131.25,150,0.00E+00,9.61E+01,1.66E+01,2.38E+02
2175,-137.5,150,0.00E+00,9.57E+01,1.20E+01,2.16E+02
2176,-143.75,150,0.00E+00,8.68E+01,8.11E+00,1.78E+02
2177,-150,150,0.00E+00,7.90E+01,6.66E+00,1.53E+02
2178,-150,143.75,0.00E+00,8.67E+01,8.11E+00,1.78E+02
2179,-150,137.5,0.00E+00,9.52E+01,1.23E+01,2.17E+02
2180,-150,131.25,0.00E+00,9.54E+01,1.72E+01,2.40E+02
2181,-150,125,0.00E+00,9.29E+01,2.02E+01,2.55E+02
2182,-150,118.75,0.00E+00,8.80E+01,2.10E+01,2.65E+02
2183,-150,112.5,0.00E+00,8.14E+01,2.05E+01,2.70E+02
2184,-150,106.25,0.00E+00,7.33E+01,1.92E+01,2.72E+02
2185,-150,100,0.00E+00,6.42E+01,1.73E+01,2.71E+02
2186,-150,93.3333,0.00E+00,5.44E+01,1.52E+01,2.69E+02
2187,-150,86.6667,0.00E+00,4.44E+01,1.30E+01,2.66E+02
2188,-150,80,0.00E+00,3.46E+01,1.08E+01,2.62E+02
2189,-150,73.3333,0.00E+00,2.52E+01,8.99E+00,2.58E+02
2190,-150,66.6667,0.00E+00,1.66E+01,8.01E+00,2.54E+02
2191,-150,60,0.00E+00,9.55E+00,8.21E+00,2.50E+02
2192,-150,53.3333,0.00E+00,7.21E+00,9.61E+00,2.45E+02
2193,-150,46.6667,0.00E+00,1.07E+01,1.19E+01,2.41E+02
2194,-150,40,0.00E+00,1.66E+01,1.47E+01,2.37E+02
2195,-150,33.3333,0.00E+00,2.26E+01,1.78E+01,2.33E+02
2196,-150,26.6667,0.00E+00,2.83E+01,2.12E+01,2.28E+02
2197,-150,20,0.00E+00,3.36E+01,2.49E+01,2.24E+02
2198,-150,13.3333,0.00E+00,3.85E+01,2.87E+01,2.20E+02
2199,-150,6.66667,0.00E+00,4.30E+01,3.27E+01,2.15E+02
2200,-150,-5.33E-14,0.00E+00,4.72E+01,3.69E+01,2.11E+02
2201,-150,-6.66667,0.00E+00,5.10E+01,4.14E+01,2.06E+02
2202,-150,-13.3333,0.00E+00,5.45E+01,4.61E+01,2.01E+02
2203,-150,-20,0.00E+00,5.77E+01,5.10E+01,1.96E+02
2204,-150,-26.6667,0.00E+00,6.07E+01,5.63E+01,1.90E+02
2205,-150,-33.3333,0.00E+00,6.33E+01,6.19E+01,1.85E+02
2206,-150,-40,0.00E+00,6.56E+01,6.78E+01,1.79E+02
2207,-150,-46.6667,0.00E+00,6.77E+01,7.42E+01,1.72E+02
2208,-150,-53.3333,0.00E+00,6.95E+01,8.10E+01,1.66E+02
2209,-150,-60,0.00E+00,7.10E+01,8.82E+01,1.59E+02
2210,-150,-66.6667,0.00E+00,7.21E+01,9.59E+01,1.52E+02
2211,-150,-73.3333,0.00E+00,7.27E+01,1.04E+02,1.44E+02
2212,-150,-80,0.00E+00,7.30E+01,1.13E+02,1.35E+02
2213,-150,-86.6667,0.00E+00,7.25E+01,1.21E+02,1.26E+02
2214,-150,-93.3333,0.00E+00,7.11E+01,1.30E+02,1.15E+02
2215,-150,-100,0.00E+00,6.83E+01,1.38E+02,1.04E+02
2216,-150,-106.25,0.00E+00,6.42E+01,1.45E+02,9.13E+01
2217,-150,-112.5,0.00E+00,5.79E+01,1.51E+02,7.71E+01
2218,-150,-118.75,0.00E+00,4.87E+01,1.55E+02,6.12E+01
2219,-150,-125,0.00E+00,3.63E+01,1.57E+02,4.38E+01
2220,-150,-131.25,0.00E+00,2.22E+01,1.55E+02,2.75E+01
2221,-150,-137.5,0.00E+00,1.20E+01,1.49E+02,1.74E+01
2222,-150,-143.75,0.00E+00,7.88E+00,1.31E+02,1.18E+01
2223,-150,-150,0.00E+00,6.81E+00,1.17E+02,9.08E+00
2224,-143.75,-150,0.00E+00,7.84E+00,1.30E+02,1.19E+01
2225,-137.5,-150,0.00E+00,1.13E+01,1.48E+02,1.69E+01
2226,-131.25,-150,0.00E+00,2.07E+01,1.54E+02,2.59E+01
2227,-143.769,-0.00135478,2.13E-01,4.46E+01,5.59E+01,1.71E+02
2228,-137.528,-0.000135501,6.51E-01,5.85E+01,8.10E+01,1.19E+02
2229,-131.285,0.000269995,1.16E+00,8.17E+01,9.02E+01,1.01E+02
2230,-143.763,79.9895,1.86E-01,7.43E+01,2.17E+01,2.29E+02
2231,-137.513,79.9815,5.56E-01,1.28E+02,3.82E+01,1.87E+02
2232,-131.26,79.9729,9.70E-01,1.49E+02,4.69E+01,1.77E+02
2233,-143.754,118.736,1.37E-01,1.15E+02,2.12E+01,2.37E+02
2234,-137.497,118.727,3.91E-01,1.49E+02,2.66E+01,2.01E+02
2235,-131.235,118.72,6.46E-01,1.57E+02,3.48E+01,1.90E+02
2236,-143.748,137.49,7.42E-02,1.03E+02,1.83E+01,2.00E+02
2237,-137.488,137.488,1.88E-01,1.17E+02,2.57E+01,1.84E+02
2238,-131.232,137.49,2.78E-01,1.30E+02,2.73E+01,1.88E+02
2239,-137.49,143.747,7.70E-02,1.03E+02,1.82E+01,2.00E+02
2240,-143.745,143.744,3.23E-02,9.22E+01,1.26E+01,1.84E+02
2241,-131.238,143.75,1.06E-01,1.11E+02,2.01E+01,2.17E+02
2242,-137.494,124.979,3.41E-01,1.42E+02,2.67E+01,1.96E+02
2243,-137.49,131.232,2.76E-01,1.31E+02,2.70E+01,1.88E+02
2244,-143.753,124.987,1.22E-01,1.16E+02,2.09E+01,2.30E+02
2245,-143.751,131.238,1.02E-01,1.12E+02,2.01E+01,2.18E+02
2246,-131.232,124.974,5.50E-01,1.47E+02,3.41E+01,1.84E+02
2247,-131.23,131.23,4.29E-01,1.37E+02,3.24E+01,1.81E+02
2248,-143.759,99.7808,1.67E-01,9.99E+01,2.13E+01,2.41E+02
2249,-137.505,99.7711,4.91E-01,1.48E+02,3.07E+01,2.02E+02
2250,-131.247,99.7615,8.42E-01,1.64E+02,3.92E+01,1.92E+02
2251,-137.502,106.142,4.63E-01,1.51E+02,2.88E+01,2.04E+02
2252,-137.499,112.477,4.30E-01,1.52E+02,2.74E+01,2.04E+02
2253,-143.75,106.166,1.59E-01,1.07E+02,2.14E+01,2.42E+02
2254,-143.756,112.486,1.48E-01,1.12E+02,2.13E+01,2.41E+02
2255,-131.25,106.147,7.87E-01,1.65E+02,3.73E+01,1.94E+02
2256,-131.239,112.468,7.23E-01,1.63E+02,3.58E+01,1.93E+02
2257,-137.51,86.6466,5.37E-01,1.36E+02,3.55E+01,1.93E+02
2258,-137.508,93.2269,5.15E-01,1.42E+02,3.29E+01,1.98E+02
2259,-143.762,86.6553,1.80E-01,8.31E+01,2.15E+01,2.34E+02
2260,-143.767,93.2503,1.74E-01,9.19E+01,2.14E+01,2.38E+02
2261,-131.255,86.6375,9.33E-01,1.55E+02,4.41E+01,1.83E+02
2262,-131.244,93.2315,8.91E-01,1.60E+02,4.15E+01,1.88E+02
2263,-143.768,39.9943,2.07E-01,4.37E+01,3.32E+01,2.00E+02
2264,-137.525,39.9913,6.29E-01,8.67E+01,5.77E+01,1.51E+02
2265,-131.279,39.9873,1.12E+00,1.09E+02,6.67E+01,1.36E+02
2266,-143.766,59.992,1.98E-01,5.01E+01,2.49E+01,2.14E+02
2267,-137.52,59.9865,5.99E-01,1.06E+02,4.75E+01,1.68E+02
2268,-131.271,59.9802,1.06E+00,1.28E+02,5.63E+01,1.56E+02
2269,-137.518,66.6515,5.87E-01,1.13E+02,4.43E+01,1.74E+02
2270,-137.516,73.3165,5.72E-01,1.21E+02,4.12E+01,1.81E+02
2271,-143.765,66.6578,1.95E-01,5.74E+01,2.33E+01,2.19E+02
2272,-143.764,73.3237,1.91E-01,6.56E+01,2.23E+01,2.24E+02
2273,-131.267,66.6444,1.03E+00,1.35E+02,5.31E+01,1.63E+02
2274,-131.264,73.3086,1.00E+00,1.42E+02,4.99E+01,1.70E+02
2275,-137.523,46.6564,6.20E-01,9.27E+01,5.42E+01,1.56E+02
2276,-137.522,53.3215,6.10E-01,9.91E+01,5.08E+01,1.62E+02
2277,-143.767,46.6603,2.04E-01,4.39E+01,3.01E+01,2.05E+02
2278,-143.766,53.3261,2.02E-01,4.54E+01,2.73E+01,2.09E+02
2279,-131.277,46.6517,1.10E+00,1.15E+02,6.31E+01,1.42E+02
2280,-131.274,53.3159,1.08E+00,1.21E+02,5.97E+01,1.49E+02
2281,-143.769,19.9965,2.12E-01,4.42E+01,4.38E+01,1.86E+02
2282,-137.527,19.9957,6.46E-01,7.10E+01,6.87E+01,1.34E+02
2283,-131.284,19.994,1.15E+00,9.38E+01,7.79E+01,1.18E+02
2284,-137.527,26.6609,6.41E-01,7.59E+01,6.49E+01,1.40E+02
2285,-137.526,33.3261,6.36E-01,8.11E+01,6.12E+01,1.45E+02
2286,-143.768,26.6625,2.10E-01,4.40E+01,4.01E+01,1.90E+02
2287,-143.768,33.3284,2.09E-01,4.39E+01,3.66E+01,1.95E+02
2288,-131.283,26.6585,1.14E+00,9.84E+01,7.40E+01,1.24E+02
2289,-131.281,33.3229,1.13E+00,1.03E+02,7.03E+01,1.30E+02
2290,-137.528,6.66514,6.51E-01,6.24E+01,7.67E+01,1.24E+02
2291,-137.528,13.3304,6.49E-01,6.66E+01,7.27E+01,1.29E+02
2292,-143.769,6.66461,2.13E-01,4.45E+01,5.17E+01,1.76E+02
2293,-143.769,13.3306,2.13E-01,4.44E+01,4.77E+01,1.81E+02
2294,-131.285,6.66485,1.16E+00,8.54E+01,8.60E+01,1.07E+02
2295,-131.285,13.3294,1.16E+00,8.94E+01,8.18E+01,1.12E+02
2296,-143.763,-73.3259,1.88E-01,4.44E+01,1.22E+02,1.06E+02
2297,-137.514,-73.3162,5.63E-01,3.16E+01,1.46E+02,5.36E+01
2298,-131.261,-73.3073,9.88E-01,5.44E+01,1.56E+02,3.57E+01
2299,-143.768,-33.331,2.08E-01,4.47E+01,8.06E+01,1.45E+02
2300,-137.525,-33.3262,6.33E-01,4.27E+01,1.06E+02,9.13E+01
2301,-131.28,-33.3222,1.13E+00,6.63E+01,1.15E+02,7.27E+01
2302,-143.769,-13.3332,2.12E-01,4.47E+01,6.50E+01,1.61E+02
2303,-137.528,-13.3306,6.48E-01,5.15E+01,9.00E+01,1.08E+02
2304,-131.285,-13.3288,1.16E+00,7.49E+01,9.94E+01,8.98E+01
2305,-137.528,-6.66537,6.50E-01,5.49E+01,8.54E+01,1.13E+02
2306,-143.769,-6.6673,2.13E-01,4.47E+01,6.03E+01,1.66E+02
2307,-131.285,-6.66428,1.16E+00,7.82E+01,9.47E+01,9.54E+01
2308,-137.526,-26.661,6.39E-01,4.54E+01,1.00E+02,9.70E+01
2309,-137.527,-19.9959,6.44E-01,4.83E+01,9.49E+01,1.03E+02
2310,-143.768,-26.6651,2.10E-01,4.47E+01,7.51E+01,1.51E+02
2311,-143.769,-19.9992,2.11E-01,4.47E+01,6.99E+01,1.56E+02
2312,-131.282,-26.6578,1.14E+00,6.90E+01,1.10E+02,7.85E+01
2313,-131.284,-19.9934,1.15E+00,7.19E+01,1.04E+02,8.42E+01
2314,-143.766,-53.3286,2.00E-01,4.45E+01,9.94E+01,1.27E+02
2315,-137.521,-53.3214,6.05E-01,3.59E+01,1.24E+02,7.35E+01
2316,-131.273,-53.315,1.07E+00,5.93E+01,1.34E+02,5.47E+01
2317,-137.522,-46.6564,6.16E-01,3.79E+01,1.18E+02,7.96E+01
2318,-137.524,-39.9914,6.25E-01,4.02E+01,1.11E+02,8.56E+01
2319,-143.767,-46.6627,2.03E-01,4.46E+01,9.27E+01,1.33E+02
2320,-143.767,-39.9969,2.06E-01,4.46E+01,8.65E+01,1.39E+02
2321,-131.276,-46.6507,1.09E+00,6.15E+01,1.27E+02,6.09E+01
2322,-131.278,-39.9866,1.11E+00,6.38E+01,1.21E+02,6.68E+01
2323,-137.517,-66.6513,5.79E-01,3.27E+01,1.38E+02,6.05E+01
2324,-137.519,-59.9864,5.93E-01,3.41E+01,1.31E+02,6.71E+01
2325,-143.764,-66.6601,1.92E-01,4.45E+01,1.14E+02,1.13E+02
2326,-143.765,-59.9944,1.96E-01,4.45E+01,1.07E+02,1.20E+02
2327,-131.265,-66.6431,1.02E+00,5.58E+01,1.49E+02,4.21E+01
2328,-131.269,-59.9791,1.05E+00,5.74E+01,1.41E+02,4.85E+01
2329,-143.748,-112.457,1.35E-01,3.90E+01,1.62E+02,4.87E+01
2330,-137.495,-112.424,3.92E-01,3.38E+01,1.76E+02,2.21E+01
2331,-131.239,-112.436,6.66E-01,5.38E+01,1.80E+02,2.59E+01
2332,-143.769,-93.2268,1.68E-01,4.35E+01,1.46E+02,7.94E+01
2333,-137.505,-93.1861,4.97E-01,3.05E+01,1.67E+02,3.23E+01
2334,-131.238,-93.2045,8.62E-01,5.23E+01,1.76E+02,1.96E+01
2335,-137.508,-86.6059,5.22E-01,3.05E+01,1.61E+02,3.93E+01
2336,-137.511,-79.9812,5.44E-01,3.09E+01,1.54E+02,4.65E+01
2337,-143.764,-86.6306,1.75E-01,4.41E+01,1.38E+02,8.88E+01
2338,-143.762,-79.9917,1.82E-01,4.43E+01,1.30E+02,9.74E+01
2339,-131.248,-86.6092,9.10E-01,5.26E+01,1.70E+02,2.37E+01
2340,-131.257,-79.9715,9.51E-01,5.33E+01,1.64E+02,2.94E+01
2341,-137.499,-106.078,4.33E-01,3.20E+01,1.76E+02,2.28E+01
2342,-137.502,-99.6744,4.68E-01,3.10E+01,1.72E+02,2.65E+01
2343,-143.746,-106.128,1.48E-01,4.10E+01,1.58E+02,5.89E+01
2344,-143.758,-99.7217,1.59E-01,4.25E+01,1.53E+02,6.94E+01
2345,-131.248,-106.106,7.41E-01,5.29E+01,1.82E+02,2.07E+01
2346,-131.242,-99.6991,8.06E-01,5.24E+01,1.80E+02,1.84E+01
2347,-143.745,-131.239,7.14E-02,2.61E+01,1.55E+02,2.84E+01
2348,-137.486,-131.231,2.06E-01,3.94E+01,1.55E+02,3.51E+01
2349,-131.228,-131.228,3.47E-01,5.16E+01,1.58E+02,4.08E+01
2350,-137.489,-124.979,2.80E-01,3.88E+01,1.66E+02,3.05E+01
2351,-137.492,-118.707,3.42E-01,3.63E+01,1.73E+02,2.50E+01
2352,-143.748,-124.988,9.75E-02,3.17E+01,1.61E+02,3.38E+01
2353,-143.749,-118.725,1.18E-01,3.60E+01,1.63E+02,4.02E+01
2354,-131.228,-124.972,4.71E-01,5.49E+01,1.67E+02,3.82E+01
2355,-131.233,-118.706,5.77E-01,5.49E+01,1.75E+02,3.24E+01
2356,-137.49,-143.742,4.22E-02,1.92E+01,1.44E+02,2.27E+01
2357,-137.485,-137.485,1.22E-01,3.29E+01,1.44E+02,3.25E+01
2358,-143.742,-143.742,1.24E-02,1.20E+01,1.34E+02,1.59E+01
2359,-143.742,-137.49,4.09E-02,1.96E+01,1.44E+02,2.29E+01
2360,-131.239,-143.745,7.44E-02,2.53E+01,1.55E+02,2.77E+01
2361,-131.231,-137.486,2.08E-01,3.93E+01,1.55E+02,3.53E+01
2362,131.25,150,0.00E+00,2.19E+01,1.53E+02,2.74E+01
2363,137.5,150,0.00E+00,1.18E+01,1.46E+02,1.72E+01
2364,143.75,150,0.00E+00,7.73E+00,1.28E+02,1.16E+01
2365,150,150,0.00E+00,6.69E+00,1.15E+02,8.92E+00
2366,150,143.75,0.00E+00,7.69E+00,1.28E+02,1.17E+01
2367,150,137.5,0.00E+00,1.11E+01,1.46E+02,1.67E+01
2368,150,131.25,0.00E+00,2.05E+01,1.52E+02,2.57E+01
2369,150,125,0.00E+00,3.45E+01,1.54E+02,4.13E+01
2370,150,118.75,0.00E+00,4.68E+01,1.53E+02,5.86E+01
2371,150,112.5,0.00E+00,5.59E+01,1.49E+02,7.46E+01
2372,150,106.25,0.00E+00,6.21E+01,1.44E+02,8.89E+01
2373,150,100,0.00E+00,6.60E+01,1.38E+02,1.02E+02
2374,150,93.3333,0.00E+00,6.84E+01,1.30E+02,1.13E+02
2375,150,86.6667,0.00E+00,6.98E+01,1.22E+02,1.24E+02
2376,150,80,0.00E+00,7.01E+01,1.14E+02,1.33E+02
2377,150,73.3333,0.00E+00,6.98E+01,1.06E+02,1.42E+02
2378,150,66.6667,0.00E+00,6.90E+01,9.79E+01,1.50E+02
2379,150,60,0.00E+00,6.78E+01,9.05E+01,1.58E+02
2380,150,53.3333,0.00E+00,6.63E+01,8.36E+01,1.65E+02
2381,150,46.6667,0.00E+00,6.44E+01,7.70E+01,1.71E+02
2382,150,40,0.00E+00,6.23E+01,7.08E+01,1.78E+02
2383,150,33.3333,0.00E+00,5.98E+01,6.49E+01,1.84E+02
2384,150,26.6667,0.00E+00,5.71E+01,5.94E+01,1.89E+02
2385,150,20,0.00E+00,5.41E+01,5.42E+01,1.95E+02
2386,150,13.3333,0.00E+00,5.09E+01,4.93E+01,2.00E+02
2387,150,6.66667,0.00E+00,4.73E+01,4.46E+01,2.05E+02
2388,150,5.33E-14,0.00E+00,4.34E+01,4.01E+01,2.10E+02
2389,150,-6.66667,0.00E+00,3.92E+01,3.58E+01,2.14E+02
2390,150,-13.3333,0.00E+00,3.46E+01,3.18E+01,2.19E+02
2391,150,-20,0.00E+00,2.97E+01,2.79E+01,2.23E+02
2392,150,-26.6667,0.00E+00,2.44E+01,2.41E+01,2.28E+02
2393,150,-33.3333,0.00E+00,1.88E+01,2.06E+01,2.32E+02
2394,150,-40,0.00E+00,1.30E+01,1.73E+01,2.36E+02
2395,150,-46.6667,0.00E+00,7.94E+00,1.43E+01,2.40E+02
2396,150,-53.3333,0.00E+00,7.06E+00,1.16E+01,2.44E+02
2397,150,-60,0.00E+00,1.18E+01,9.63E+00,2.48E+02
2398,150,-66.6667,0.00E+00,1.94E+01,8.57E+00,2.52E+02
2399,150,-73.3333,0.00E+00,2.79E+01,8.70E+00,2.56E+02
2400,150,-80,0.00E+00,3.70E+01,9.90E+00,2.60E+02
2401,150,-86.6667,0.00E+00,4.65E+01,1.18E+01,2.64E+02
2402,150,-93.3333,0.00E+00,5.61E+01,1.40E+01,2.66E+02
2403,150,-100,0.00E+00,6.53E+01,1.62E+01,2.68E+02
2404,150,-106.25,0.00E+00,7.39E+01,1.81E+01,2.68E+02
2405,150,-112.5,0.00E+00,8.15E+01,1.95E+01,2.66E+02
2406,150,-118.75,0.00E+00,8.77E+01,2.01E+01,2.60E+02
2407,150,-125,0.00E+00,9.21E+01,1.93E+01,2.51E+02
2408,150,-131.25,0.00E+00,9.41E+01,1.63E+01,2.36E+02
2409,150,-137.5,0.00E+00,9.33E+01,1.18E+01,2.13E+02
2410,150,-143.75,0.00E+00,8.47E+01,7.94E+00,1.75E+02
2411,150,-150,0.00E+00,7.71E+01,6.53E+00,1.51E+02
2412,143.75,-150,0.00E+00,8.46E+01,7.95E+00,1.76E+02
2413,137.5,-150,0.00E+00,9.28E+01,1.22E+01,2.15E+02
2414,131.25,-150,0.00E+00,9.34E+01,1.71E+01,2.38E+02
2415,143.769,0.0010889,2.21E-01,4.24E+01,5.83E+01,1.71E+02
2416,137.528,-0.00011308,6.56E-01,5.82E+01,8.16E+01,1.19E+02
2417,131.285,-0.000255395,1.16E+00,8.17E+01,9.00E+01,1.01E+02
2418,143.762,79.9915,1.89E-01,4.24E+01,1.30E+02,9.67E+01
2419,137.511,79.9813,5.48E-01,3.01E+01,1.52E+02,4.66E+01
2420,131.257,79.9721,9.52E-01,5.29E+01,1.61E+02,2.93E+01
2421,143.751,118.738,1.23E-01,3.44E+01,1.61E+02,3.88E+01
2422,137.493,118.727,3.44E-01,3.54E+01,1.70E+02,2.49E+01
2423,131.232,118.72,5.77E-01,5.43E+01,1.72E+02,3.24E+01
2424,143.743,137.49,4.17E-02,1.89E+01,1.41E+02,2.25E+01
2425,137.486,137.486,1.21E-01,3.25E+01,1.41E+02,3.23E+01
2426,131.232,137.487,2.05E-01,3.89E+01,1.52E+02,3.49E+01
2427,137.49,143.743,4.04E-02,1.93E+01,1.41E+02,2.26E+01
2428,143.742,143.742,1.22E-02,1.18E+01,1.32E+02,1.57E+01
2429,131.239,143.745,7.09E-02,2.58E+01,1.52E+02,2.82E+01
2430,137.489,124.979,2.82E-01,3.81E+01,1.63E+02,3.06E+01
2431,137.487,131.232,2.07E-01,3.88E+01,1.52E+02,3.52E+01
2432,143.748,124.988,1.01E-01,3.03E+01,1.58E+02,3.26E+01
2433,143.745,131.239,7.38E-02,2.50E+01,1.52E+02,2.75E+01
2434,131.229,124.973,4.70E-01,5.44E+01,1.64E+02,3.82E+01
2435,131.228,131.228,3.45E-01,5.11E+01,1.56E+02,4.08E+01
2436,143.757,99.7826,1.65E-01,4.08E+01,1.52E+02,6.82E+01
2437,137.502,99.7709,4.71E-01,3.01E+01,1.70E+02,2.64E+01
2438,131.244,99.7608,8.05E-01,5.18E+01,1.77E+02,1.81E+01
2439,137.499,106.142,4.36E-01,3.11E+01,1.72E+02,2.26E+01
2440,137.496,112.477,3.94E-01,3.29E+01,1.73E+02,2.20E+01
2441,143.748,106.168,1.54E-01,3.94E+01,1.57E+02,5.76E+01
2442,143.753,112.488,1.40E-01,3.74E+01,1.60E+02,4.73E+01
2443,131.246,106.146,7.41E-01,5.23E+01,1.78E+02,2.05E+01
2444,131.235,112.468,6.66E-01,5.33E+01,1.77E+02,2.58E+01
2445,137.508,86.6463,5.26E-01,2.97E+01,1.59E+02,3.93E+01
2446,137.505,93.2267,5.01E-01,2.97E+01,1.65E+02,3.23E+01
2447,143.76,86.6573,1.82E-01,4.22E+01,1.38E+02,8.79E+01
2448,143.765,93.2522,1.74E-01,4.17E+01,1.45E+02,7.84E+01
2449,131.253,86.6367,9.10E-01,5.21E+01,1.68E+02,2.36E+01
2450,131.242,93.2307,8.62E-01,5.17E+01,1.73E+02,1.94E+01
2451,143.767,39.9967,2.13E-01,4.26E+01,8.86E+01,1.39E+02
2452,137.524,39.9911,6.30E-01,3.97E+01,1.12E+02,8.59E+01
2453,131.278,39.9867,1.11E+00,6.36E+01,1.21E+02,6.70E+01
2454,143.765,59.9942,2.04E-01,4.25E+01,1.08E+02,1.20E+02
2455,137.519,59.9863,5.98E-01,3.35E+01,1.31E+02,6.74E+01
2456,131.269,59.9794,1.05E+00,5.71E+01,1.40E+02,4.85E+01
2457,137.516,66.6513,5.84E-01,3.21E+01,1.38E+02,6.07E+01
2458,137.514,73.3163,5.67E-01,3.09E+01,1.45E+02,5.38E+01
2459,143.764,66.66,1.99E-01,4.25E+01,1.15E+02,1.13E+02
2460,143.763,73.3258,1.94E-01,4.25E+01,1.23E+02,1.05E+02
2461,131.266,66.6436,1.02E+00,5.54E+01,1.47E+02,4.21E+01
2462,131.262,73.3078,9.89E-01,5.40E+01,1.54E+02,3.57E+01
2463,137.522,46.6562,6.21E-01,3.74E+01,1.18E+02,8.00E+01
2464,137.52,53.3213,6.10E-01,3.53E+01,1.24E+02,7.38E+01
2465,143.766,46.6625,2.11E-01,4.25E+01,9.47E+01,1.33E+02
2466,143.766,53.3284,2.07E-01,4.25E+01,1.01E+02,1.26E+02
2467,131.275,46.651,1.10E+00,6.12E+01,1.27E+02,6.10E+01
2468,131.272,53.3152,1.07E+00,5.90E+01,1.33E+02,5.48E+01
2469,143.768,19.9989,2.19E-01,4.26E+01,7.23E+01,1.56E+02
2470,137.527,19.9956,6.49E-01,4.80E+01,9.55E+01,1.03E+02
2471,131.283,19.9934,1.15E+00,7.18E+01,1.04E+02,8.44E+01
2472,137.526,26.6608,6.44E-01,4.50E+01,1.01E+02,9.74E+01
2473,137.525,33.326,6.38E-01,4.22E+01,1.06E+02,9.17E+01
2474,143.768,26.6649,2.18E-01,4.26E+01,7.74E+01,1.51E+02
2475,143.768,33.3308,2.16E-01,4.26E+01,8.29E+01,1.45E+02
2476,131.282,26.6579,1.14E+00,6.89E+01,1.09E+02,7.87E+01
2477,131.28,33.3223,1.13E+00,6.61E+01,1.15E+02,7.29E+01
2478,137.528,6.66515,6.55E-01,5.46E+01,8.60E+01,1.14E+02
2479,137.527,13.3304,6.53E-01,5.12E+01,9.06E+01,1.08E+02
2480,143.769,6.66705,2.21E-01,4.25E+01,6.27E+01,1.66E+02
2481,143.769,13.333,2.20E-01,4.26E+01,6.74E+01,1.61E+02
2482,131.285,6.66432,1.16E+00,7.82E+01,9.45E+01,9.57E+01
2483,131.284,13.3289,1.16E+00,7.49E+01,9.91E+01,9.01E+01
2484,143.764,-73.3239,1.97E-01,6.61E+01,2.24E+01,2.24E+02
2485,137.515,-73.3169,5.76E-01,1.19E+02,4.11E+01,1.80E+02
2486,131.263,-73.3088,1.00E+00,1.40E+02,4.94E+01,1.69E+02
2487,143.768,-33.3286,2.17E-01,4.16E+01,3.86E+01,1.95E+02
2488,137.525,-33.3263,6.41E-01,8.07E+01,6.16E+01,1.46E+02
2489,131.281,-33.3229,1.13E+00,1.03E+02,7.00E+01,1.30E+02
2490,143.769,-13.3308,2.20E-01,4.22E+01,4.99E+01,1.81E+02
2491,137.527,-13.3306,6.54E-01,6.63E+01,7.32E+01,1.30E+02
2492,131.284,-13.3294,1.16E+00,8.94E+01,8.16E+01,1.13E+02
2493,137.528,-6.66535,6.56E-01,6.21E+01,7.73E+01,1.24E+02
2494,143.769,-6.66485,2.21E-01,4.23E+01,5.40E+01,1.76E+02
2495,131.285,-6.66482,1.16E+00,8.54E+01,8.57E+01,1.07E+02
2496,137.526,-26.6611,6.46E-01,7.56E+01,6.54E+01,1.40E+02
2497,137.527,-19.9959,6.51E-01,7.08E+01,6.92E+01,1.35E+02
2498,143.768,-26.6627,2.18E-01,4.18E+01,4.22E+01,1.90E+02
2499,143.768,-19.9968,2.20E-01,4.20E+01,4.60E+01,1.86E+02
2500,131.282,-26.6584,1.14E+00,9.83E+01,7.37E+01,1.24E+02
2501,131.283,-19.9939,1.15E+00,9.37E+01,7.76E+01,1.18E+02
2502,143.766,-53.3264,2.09E-01,4.49E+01,2.88E+01,2.09E+02
2503,137.521,-53.3217,6.15E-01,9.84E+01,5.09E+01,1.63E+02
2504,131.274,-53.316,1.08E+00,1.21E+02,5.92E+01,1.49E+02
2505,137.523,-46.6566,6.25E-01,9.21E+01,5.44E+01,1.57E+02
2506,137.524,-39.9915,6.34E-01,8.62E+01,5.80E+01,1.51E+02
2507,143.767,-46.6604,2.12E-01,4.21E+01,3.18E+01,2.04E+02
2508,143.767,-39.9946,2.14E-01,4.16E+01,3.51E+01,2.00E+02
2509,131.276,-46.6517,1.10E+00,1.14E+02,6.27E+01,1.43E+02
2510,131.279,-39.9874,1.12E+00,1.09E+02,6.63E+01,1.36E+02
2511,137.517,-66.6518,5.91E-01,1.12E+02,4.43E+01,1.74E+02
2512,137.519,-59.9868,6.04E-01,1.05E+02,4.76E+01,1.68E+02
2513,143.764,-66.6581,2.02E-01,5.81E+01,2.39E+01,2.19E+02
2514,143.765,-59.9923,2.06E-01,5.07E+01,2.61E+01,2.14E+02
2515,131.267,-66.6445,1.03E+00,1.34E+02,5.25E+01,1.62E+02
2516,131.27,-59.9803,1.06E+00,1.27E+02,5.58E+01,1.56E+02
2517,143.751,-112.456,1.54E-01,1.10E+02,2.07E+01,2.38E+02
2518,137.5,-112.425,4.33E-01,1.48E+02,2.70E+01,2.02E+02
2519,131.245,-112.438,7.23E-01,1.60E+02,3.53E+01,1.91E+02
2520,143.771,-93.2253,1.79E-01,9.12E+01,2.08E+01,2.36E+02
2521,137.508,-93.1871,5.19E-01,1.40E+02,3.26E+01,1.97E+02
2522,131.241,-93.2066,8.92E-01,1.58E+02,4.09E+01,1.87E+02
2523,137.51,-86.6069,5.40E-01,1.33E+02,3.53E+01,1.92E+02
2524,137.513,-79.982,5.59E-01,1.27E+02,3.81E+01,1.86E+02
2525,143.765,-86.6289,1.86E-01,8.29E+01,2.11E+01,2.33E+02
2526,143.762,-79.9898,1.92E-01,7.45E+01,2.15E+01,2.28E+02
2527,131.252,-86.6112,9.34E-01,1.53E+02,4.35E+01,1.82E+02
2528,131.26,-79.9733,9.71E-01,1.47E+02,4.64E+01,1.76E+02
2529,137.502,-106.079,4.66E-01,1.48E+02,2.84E+01,2.02E+02
2530,137.505,-99.6755,4.94E-01,1.45E+02,3.04E+01,2.00E+02
2531,143.748,-106.127,1.64E-01,1.05E+02,2.08E+01,2.40E+02
2532,143.76,-99.7203,1.72E-01,9.88E+01,2.08E+01,2.39E+02
2533,131.252,-106.108,7.87E-01,1.62E+02,3.67E+01,1.92E+02
2534,131.246,-99.7012,8.43E-01,1.61E+02,3.86E+01,1.90E+02
2535,143.75,-131.238,1.06E-01,1.09E+02,1.96E+01,2.14E+02
2536,137.491,-131.233,2.77E-01,1.28E+02,2.67E+01,1.86E+02
2537,131.231,-131.231,4.28E-01,1.35E+02,3.17E+01,1.79E+02
2538,137.494,-124.98,3.43E-01,1.39E+02,2.62E+01,1.93E+02
2539,137.497,-118.708,3.93E-01,1.46E+02,2.62E+01,1.99E+02
2540,143.753,-124.987,1.27E-01,1.13E+02,2.03E+01,2.27E+02
2541,143.752,-118.724,1.42E-01,1.13E+02,2.06E+01,2.34E+02
2542,131.233,-124.975,5.50E-01,1.45E+02,3.35E+01,1.82E+02
2543,131.238,-118.708,6.46E-01,1.54E+02,3.43E+01,1.88E+02
2544,137.49,-143.748,7.38E-02,1.01E+02,1.81E+01,1.98E+02
2545,137.488,-137.488,1.88E-01,1.15E+02,2.54E+01,1.81E+02
2546,143.744,-143.745,3.21E-02,9.00E+01,1.24E+01,1.82E+02
2547,143.747,-137.49,7.66E-02,1.01E+02,1.79E+01,1.97E+02
2548,131.238,-143.751,1.02E-01,1.10E+02,1.97E+01,2.15E+02
2549,131.233,-137.491,2.75E-01,1.29E+02,2.64E+01,1.85E+02
