NodeID,Y,Z,Displacement,Stress_L1,Stress_L2,Stress_L4
2,99.9409,-99.9411,3.39E+00,1.47E+02,4.92E+01,1.67E+02
3,99.9439,-93.2702,3.62E+00,1.49E+02,5.11E+01,1.69E+02
4,99.9494,-86.6018,3.84E+00,1.47E+02,5.33E+01,1.68E+02
5,99.9571,-79.9355,4.04E+00,1.44E+02,5.56E+01,1.64E+02
6,99.9665,-73.2713,4.22E+00,1.38E+02,5.81E+01,1.58E+02
7,99.977,-66.6087,4.39E+00,1.31E+02,6.06E+01,1.50E+02
8,99.9881,-59.9471,4.54E+00,1.24E+02,6.31E+01,1.42E+02
9,99.9992,-53.2863,4.68E+00,1.17E+02,6.55E+01,1.34E+02
10,100.01,-46.6259,4.80E+00,1.10E+02,6.78E+01,1.26E+02
11,100.02,-39.9656,4.90E+00,1.05E+02,7.01E+01,1.19E+02
12,100.028,-33.3053,4.99E+00,9.97E+01,7.25E+01,1.12E+02
13,100.036,-26.6449,5.06E+00,9.57E+01,7.48E+01,1.05E+02
14,100.041,-19.9843,5.12E+00,9.24E+01,7.73E+01,9.86E+01
15,100.045,-13.3236,5.16E+00,8.98E+01,7.98E+01,9.24E+01
16,100.048,-6.66289,5.18E+00,8.77E+01,8.25E+01,8.65E+01
17,100.048,-0.00208364,5.19E+00,8.60E+01,8.55E+01,8.07E+01
18,100.047,6.65869,5.18E+00,8.46E+01,8.87E+01,7.51E+01
19,100.044,13.3194,5.15E+00,8.34E+01,9.24E+01,6.96E+01
20,100.039,19.9799,5.11E+00,8.24E+01,9.65E+01,6.43E+01
21,100.032,26.6402,5.05E+00,8.15E+01,1.01E+02,5.91E+01
22,100.024,33.3004,4.97E+00,8.06E+01,1.06E+02,5.40E+01
23,100.015,39.9604,4.88E+00,7.97E+01,1.12E+02,4.90E+01
24,100.004,46.6204,4.77E+00,7.88E+01,1.19E+02,4.41E+01
25,99.993,53.2805,4.64E+00,7.77E+01,1.27E+02,3.93E+01
26,99.9814,59.941,4.50E+00,7.64E+01,1.35E+02,3.45E+01
27,99.9698,66.6022,4.35E+00,7.50E+01,1.43E+02,3.00E+01
28,99.959,73.2645,4.18E+00,7.33E+01,1.50E+02,2.56E+01
29,99.9495,79.9285,3.99E+00,7.14E+01,1.57E+02,2.15E+01
30,99.9419,86.5946,3.79E+00,6.94E+01,1.61E+02,1.80E+01
31,99.9367,93.263,3.57E+00,6.74E+01,1.62E+02,1.53E+01
32,99.9342,99.934,3.33E+00,6.55E+01,1.60E+02,1.36E+01
33,93.2628,99.9361,3.57E+00,6.73E+01,1.63E+02,1.52E+01
34,86.5938,99.941,3.79E+00,6.91E+01,1.62E+02,1.78E+01
35,79.9274,99.9482,3.99E+00,7.10E+01,1.59E+02,2.13E+01
36,73.263,99.9576,4.18E+00,7.29E+01,1.52E+02,2.53E+01
37,66.6005,99.9683,4.35E+00,7.45E+01,1.45E+02,2.97E+01
38,59.9392,99.9799,4.50E+00,7.60E+01,1.37E+02,3.43E+01
39,53.2787,99.9917,4.65E+00,7.72E+01,1.28E+02,3.91E+01
40,46.6186,100.003,4.77E+00,7.83E+01,1.21E+02,4.40E+01
41,39.9587,100.014,4.88E+00,7.92E+01,1.14E+02,4.89E+01
42,33.2987,100.024,4.97E+00,8.01E+01,1.07E+02,5.40E+01
43,26.6387,100.032,5.05E+00,8.09E+01,1.02E+02,5.91E+01
44,19.9784,100.039,5.11E+00,8.18E+01,9.71E+01,6.43E+01
45,13.318,100.044,5.16E+00,8.28E+01,9.29E+01,6.97E+01
46,6.65735,100.047,5.19E+00,8.39E+01,8.92E+01,7.51E+01
47,-0.00337421,100.049,5.20E+00,8.52E+01,8.59E+01,8.07E+01
48,-6.66414,100.049,5.19E+00,8.68E+01,8.29E+01,8.64E+01
49,-13.3249,100.046,5.17E+00,8.89E+01,8.02E+01,9.23E+01
50,-19.9855,100.042,5.13E+00,9.15E+01,7.76E+01,9.83E+01
51,-26.6461,100.037,5.07E+00,9.47E+01,7.51E+01,1.05E+02
52,-33.3064,100.029,5.00E+00,9.86E+01,7.28E+01,1.11E+02
53,-39.9667,100.021,4.91E+00,1.03E+02,7.04E+01,1.18E+02
54,-46.6269,100.011,4.81E+00,1.09E+02,6.81E+01,1.25E+02
55,-53.2871,100,4.69E+00,1.15E+02,6.57E+01,1.33E+02
56,-59.9478,99.989,4.55E+00,1.22E+02,6.34E+01,1.41E+02
57,-66.6091,99.9777,4.40E+00,1.30E+02,6.09E+01,1.49E+02
58,-73.2714,99.9669,4.23E+00,1.37E+02,5.84E+01,1.56E+02
59,-79.9354,99.9572,4.05E+00,1.43E+02,5.58E+01,1.63E+02
60,-86.6014,99.9493,3.85E+00,1.47E+02,5.34E+01,1.67E+02
61,-93.2697,99.9436,3.63E+00,1.48E+02,5.12E+01,1.68E+02
62,-99.9405,99.9405,3.40E+00,1.47E+02,4.93E+01,1.66E+02
63,-99.9433,93.2692,3.63E+00,1.49E+02,5.11E+01,1.69E+02
64,-99.9487,86.6005,3.85E+00,1.48E+02,5.32E+01,1.68E+02
65,-99.9564,79.9341,4.05E+00,1.44E+02,5.56E+01,1.64E+02
66,-99.9659,73.2698,4.24E+00,1.38E+02,5.81E+01,1.58E+02
67,-99.9767,66.6073,4.41E+00,1.31E+02,6.06E+01,1.51E+02
68,-99.9881,59.9458,4.56E+00,1.24E+02,6.31E+01,1.42E+02
69,-99.9995,53.2852,4.69E+00,1.17E+02,6.55E+01,1.34E+02
70,-100.01,46.6249,4.81E+00,1.10E+02,6.78E+01,1.26E+02
71,-100.02,39.9648,4.92E+00,1.04E+02,7.01E+01,1.18E+02
72,-100.029,33.3046,5.01E+00,9.93E+01,7.25E+01,1.11E+02
73,-100.037,26.6443,5.08E+00,9.53E+01,7.48E+01,1.05E+02
74,-100.043,19.9839,5.14E+00,9.20E+01,7.72E+01,9.81E+01
75,-100.047,13.3233,5.18E+00,8.95E+01,7.98E+01,9.20E+01
76,-100.049,6.6626,5.20E+00,8.74E+01,8.24E+01,8.61E+01
77,-100.05,0.00187618,5.21E+00,8.58E+01,8.54E+01,8.03E+01
78,-100.049,-6.65881,5.20E+00,8.44E+01,8.86E+01,7.48E+01
79,-100.045,-13.3193,5.17E+00,8.33E+01,9.22E+01,6.93E+01
80,-100.04,-19.9798,5.12E+00,8.23E+01,9.63E+01,6.41E+01
81,-100.033,-26.64,5.06E+00,8.13E+01,1.01E+02,5.89E+01
82,-100.025,-33.2999,4.98E+00,8.05E+01,1.06E+02,5.38E+01
83,-100.015,-39.9598,4.89E+00,7.96E+01,1.13E+02,4.88E+01
84,-100.005,-46.6197,4.78E+00,7.86E+01,1.20E+02,4.39E+01
85,-99.993,-53.2795,4.65E+00,7.75E+01,1.27E+02,3.90E+01
86,-99.9811,-59.9399,4.51E+00,7.62E+01,1.36E+02,3.43E+01
87,-99.9693,-66.601,4.35E+00,7.47E+01,1.44E+02,2.97E+01
88,-99.9583,-73.2632,4.18E+00,7.30E+01,1.52E+02,2.52E+01
89,-99.9487,-79.9273,3.99E+00,7.11E+01,1.58E+02,2.12E+01
90,-99.9412,-86.5936,3.79E+00,6.92E+01,1.62E+02,1.76E+01
91,-99.9363,-93.2622,3.57E+00,6.73E+01,1.63E+02,1.50E+01
92,-99.934,-99.9336,3.33E+00,6.55E+01,1.60E+02,1.35E+01
93,-93.2631,-99.9362,3.57E+00,6.74E+01,1.62E+02,1.52E+01
94,-86.5949,-99.9415,3.79E+00,6.94E+01,1.60E+02,1.79E+01
95,-79.929,-99.9494,3.99E+00,7.14E+01,1.56E+02,2.15E+01
96,-73.2652,-99.9591,4.18E+00,7.33E+01,1.49E+02,2.56E+01
97,-66.6032,-99.9702,4.35E+00,7.50E+01,1.42E+02,3.00E+01
98,-59.9422,-99.982,4.50E+00,7.65E+01,1.33E+02,3.46E+01
99,-53.2819,-99.9939,4.64E+00,7.78E+01,1.25E+02,3.93E+01
100,-46.622,-100.005,4.77E+00,7.89E+01,1.18E+02,4.40E+01
101,-39.9621,-100.016,4.88E+00,7.99E+01,1.11E+02,4.89E+01
102,-33.3021,-100.025,4.97E+00,8.08E+01,1.05E+02,5.39E+01
103,-26.6421,-100.033,5.05E+00,8.17E+01,1.00E+02,5.89E+01
104,-19.9818,-100.04,5.11E+00,8.27E+01,9.57E+01,6.40E+01
105,-13.3212,-100.045,5.16E+00,8.38E+01,9.17E+01,6.93E+01
106,-6.66059,-100.048,5.19E+00,8.50E+01,8.81E+01,7.47E+01
107,0.000184813,-100.049,5.20E+00,8.64E+01,8.49E+01,8.03E+01
108,6.66098,-100.049,5.19E+00,8.82E+01,8.20E+01,8.61E+01
109,13.3217,-100.046,5.17E+00,9.03E+01,7.93E+01,9.21E+01
110,19.9824,-100.042,5.13E+00,9.30E+01,7.68E+01,9.84E+01
111,26.6429,-100.036,5.07E+00,9.63E+01,7.44E+01,1.05E+02
112,33.3032,-100.028,5.00E+00,1.00E+02,7.21E+01,1.12E+02
113,39.9635,-100.019,4.91E+00,1.05E+02,6.98E+01,1.19E+02
114,46.6237,-100.009,4.80E+00,1.11E+02,6.75E+01,1.27E+02
115,53.2841,-99.9986,4.68E+00,1.18E+02,6.52E+01,1.35E+02
116,59.9449,-99.9874,4.55E+00,1.25E+02,6.28E+01,1.43E+02
117,66.6066,-99.9762,4.40E+00,1.32E+02,6.04E+01,1.51E+02
118,73.2694,-99.9657,4.23E+00,1.39E+02,5.79E+01,1.59E+02
119,79.9339,-99.9564,4.04E+00,1.45E+02,5.54E+01,1.65E+02
120,86.6005,-99.9489,3.84E+00,1.48E+02,5.31E+01,1.69E+02
121,93.2695,-99.9438,3.63E+00,1.49E+02,5.10E+01,1.69E+02
122,-93.3834,0.00215766,5.75E+00,8.87E+01,8.79E+01,8.21E+01
123,-86.7168,0.00246427,6.31E+00,9.21E+01,9.07E+01,8.38E+01
124,-80.0499,0.00279446,6.87E+00,9.60E+01,9.37E+01,8.56E+01
125,-73.383,0.00315268,7.46E+00,1.01E+02,9.73E+01,8.75E+01
126,-66.7163,0.00353051,8.07E+00,1.06E+02,1.02E+02,8.95E+01
127,-60.0498,0.00392941,8.69E+00,1.13E+02,1.07E+02,9.18E+01
128,-53.3838,0.00431732,9.35E+00,1.22E+02,1.13E+02,9.43E+01
129,-46.7185,0.0046816,1.00E+01,1.33E+02,1.21E+02,9.72E+01
130,-40.0541,0.00490252,1.08E+01,1.50E+02,1.33E+02,1.01E+02
131,-33.3911,0.00491436,1.15E+01,1.74E+02,1.50E+02,1.06E+02
132,-26.7302,0.00427105,1.24E+01,2.12E+02,1.77E+02,1.13E+02
133,-20.0728,0.00245472,1.33E+01,2.78E+02,2.23E+02,1.30E+02
134,-13.4266,-0.00432191,1.43E+01,4.37E+02,3.26E+02,1.58E+02
135,-6.77882,-0.0167419,1.55E+01,7.77E+02,5.51E+02,1.76E+02
136,0.00337508,-0.00215494,1.63E+01,9.98E+02,7.04E+02,1.79E+02
137,6.77968,0.0141015,1.54E+01,7.77E+02,5.56E+02,1.83E+02
138,13.4226,0.00309791,1.42E+01,4.43E+02,3.32E+02,1.68E+02
139,20.0683,-0.00332211,1.32E+01,2.84E+02,2.28E+02,1.38E+02
140,26.726,-0.0049446,1.23E+01,2.16E+02,1.82E+02,1.19E+02
141,33.3873,-0.00543896,1.15E+01,1.76E+02,1.54E+02,1.10E+02
142,40.0507,-0.00531946,1.07E+01,1.51E+02,1.36E+02,1.04E+02
143,46.7153,-0.00503231,9.99E+00,1.35E+02,1.23E+02,9.98E+01
144,53.3809,-0.00462874,9.31E+00,1.23E+02,1.14E+02,9.63E+01
145,60.0471,-0.00421699,8.66E+00,1.14E+02,1.08E+02,9.34E+01
146,66.7138,-0.00379709,8.03E+00,1.07E+02,1.02E+02,9.08E+01
147,73.3807,-0.00340156,7.43E+00,1.01E+02,9.79E+01,8.85E+01
148,80.0478,-0.00302835,6.85E+00,9.64E+01,9.42E+01,8.64E+01
149,86.7148,-0.00268576,6.28E+00,9.25E+01,9.10E+01,8.45E+01
150,93.3817,-0.00236876,5.73E+00,8.90E+01,8.81E+01,8.26E+01
151,0.0133578,6.77183,1.54E+01,7.86E+02,5.68E+02,1.77E+02
152,-0.000847553,13.4206,1.43E+01,4.42E+02,3.48E+02,1.67E+02
153,-0.00712761,20.0687,1.32E+01,2.74E+02,2.33E+02,1.41E+02
154,-0.00876081,26.7266,1.23E+01,2.08E+02,1.83E+02,1.22E+02
155,-0.00907743,33.388,1.15E+01,1.71E+02,1.54E+02,1.12E+02
156,-0.0086921,40.0515,1.07E+01,1.48E+02,1.36E+02,1.06E+02
157,-0.00813825,46.7161,1.00E+01,1.32E+02,1.23E+02,1.01E+02
158,-0.00747167,53.3817,9.33E+00,1.20E+02,1.14E+02,9.71E+01
159,-0.00681434,60.0479,8.67E+00,1.12E+02,1.08E+02,9.40E+01
160,-0.00615836,66.7146,8.05E+00,1.05E+02,1.02E+02,9.13E+01
161,-0.00553906,73.3815,7.44E+00,9.97E+01,9.81E+01,8.88E+01
162,-0.00494766,80.0485,6.86E+00,9.53E+01,9.45E+01,8.66E+01
163,-0.00439126,86.7154,6.29E+00,9.15E+01,9.13E+01,8.46E+01
164,-0.00386833,93.3822,5.74E+00,8.82E+01,8.85E+01,8.26E+01
165,-53.3827,6.66008,9.33E+00,1.23E+02,1.07E+02,1.12E+02
166,-53.374,13.3156,9.25E+00,1.28E+02,1.03E+02,1.33E+02
167,-53.3585,19.9704,9.11E+00,1.38E+02,9.93E+01,1.56E+02
168,-53.3384,26.6246,8.91E+00,1.54E+02,9.52E+01,1.81E+02
169,-53.316,33.2792,8.66E+00,1.75E+02,9.04E+01,2.08E+02
170,-53.2946,39.9363,8.36E+00,1.96E+02,8.54E+01,2.31E+02
171,-53.2775,46.598,8.03E+00,2.10E+02,8.09E+01,2.45E+02
172,-53.2673,53.2662,7.67E+00,2.09E+02,7.77E+01,2.43E+02
173,-53.2637,59.9401,7.28E+00,1.96E+02,7.58E+01,2.27E+02
174,-53.2646,66.6171,6.87E+00,1.77E+02,7.45E+01,2.06E+02
175,-53.2679,73.295,6.44E+00,1.59E+02,7.32E+01,1.85E+02
176,-53.2722,79.9727,6.01E+00,1.44E+02,7.16E+01,1.67E+02
177,-53.2771,86.6496,5.57E+00,1.32E+02,6.98E+01,1.53E+02
178,-53.2821,93.3255,5.13E+00,1.22E+02,6.78E+01,1.42E+02
179,-59.9544,46.5983,7.59E+00,1.87E+02,7.94E+01,2.19E+02
180,-66.6324,46.6014,7.14E+00,1.66E+02,7.80E+01,1.94E+02
181,-73.31,46.6056,6.68E+00,1.48E+02,7.63E+01,1.73E+02
182,-79.9868,46.6104,6.21E+00,1.34E+02,7.43E+01,1.56E+02
183,-86.6625,46.6153,5.75E+00,1.24E+02,7.22E+01,1.44E+02
184,-93.337,46.6202,5.28E+00,1.16E+02,7.00E+01,1.34E+02
185,-73.3267,39.9477,6.88E+00,1.35E+02,7.95E+01,1.58E+02
186,-73.3428,33.2906,7.06E+00,1.24E+02,8.24E+01,1.44E+02
187,-73.3572,26.6336,7.21E+00,1.15E+02,8.52E+01,1.30E+02
188,-73.369,19.9764,7.32E+00,1.09E+02,8.78E+01,1.18E+02
189,-73.3775,13.3188,7.40E+00,1.04E+02,9.06E+01,1.07E+02
190,-73.3823,6.66103,7.45E+00,1.02E+02,9.36E+01,9.70E+01
191,-66.6854,26.6307,7.76E+00,1.24E+02,8.82E+01,1.42E+02
192,-60.0126,26.6277,8.33E+00,1.36E+02,9.15E+01,1.59E+02
193,-66.6686,33.2867,7.59E+00,1.36E+02,8.51E+01,1.59E+02
194,-66.6504,39.9433,7.38E+00,1.50E+02,8.17E+01,1.76E+02
195,-59.9931,33.2829,8.12E+00,1.52E+02,8.78E+01,1.79E+02
196,-59.9729,39.9392,7.88E+00,1.70E+02,8.37E+01,2.01E+02
197,-66.7097,13.3177,8.00E+00,1.10E+02,9.41E+01,1.13E+02
198,-60.0419,13.3166,8.61E+00,1.18E+02,9.82E+01,1.22E+02
199,-66.6995,19.9744,7.90E+00,1.16E+02,9.11E+01,1.27E+02
200,-60.0294,19.9724,8.50E+00,1.25E+02,9.49E+01,1.39E+02
201,-66.7155,6.66068,8.05E+00,1.07E+02,9.74E+01,1.01E+02
202,-60.0489,6.66036,8.68E+00,1.14E+02,1.02E+02,1.06E+02
203,-93.368,26.6418,5.60E+00,9.87E+01,7.72E+01,1.09E+02
204,-86.6985,26.6391,6.13E+00,1.03E+02,7.97E+01,1.15E+02
205,-80.0282,26.6364,6.66E+00,1.08E+02,8.24E+01,1.22E+02
206,-86.688,33.2979,6.02E+00,1.08E+02,7.73E+01,1.24E+02
207,-86.6758,39.9565,5.90E+00,1.15E+02,7.48E+01,1.33E+02
208,-93.359,33.3013,5.51E+00,1.03E+02,7.48E+01,1.17E+02
209,-93.3486,39.9607,5.41E+00,1.09E+02,7.24E+01,1.25E+02
210,-80.0159,33.2943,6.54E+00,1.15E+02,7.98E+01,1.32E+02
211,-80.0018,39.9522,6.39E+00,1.24E+02,7.71E+01,1.44E+02
212,-93.3801,13.3222,5.72E+00,9.24E+01,8.22E+01,9.49E+01
213,-86.7128,13.3211,6.27E+00,9.57E+01,8.47E+01,9.83E+01
214,-80.0452,13.32,6.83E+00,9.96E+01,8.75E+01,1.02E+02
215,-86.7068,19.9802,6.21E+00,9.87E+01,8.22E+01,1.06E+02
216,-93.375,19.9821,5.67E+00,9.51E+01,7.96E+01,1.02E+02
217,-80.0381,19.9783,6.76E+00,1.03E+02,8.49E+01,1.12E+02
218,-86.7162,6.6618,6.30E+00,9.36E+01,8.75E+01,9.09E+01
219,-93.3829,6.6622,5.74E+00,9.03E+01,8.49E+01,8.84E+01
220,-80.0492,6.66141,6.87E+00,9.74E+01,9.04E+01,9.37E+01
221,-59.9297,73.2809,6.19E+00,1.70E+02,6.98E+01,1.96E+02
222,-66.5951,73.2702,5.91E+00,1.76E+02,6.67E+01,2.02E+02
223,-73.2642,73.2636,5.61E+00,1.75E+02,6.42E+01,2.00E+02
224,-79.9371,73.2612,5.29E+00,1.69E+02,6.24E+01,1.93E+02
225,-86.6124,73.2621,4.95E+00,1.59E+02,6.09E+01,1.81E+02
226,-93.2889,73.2653,4.60E+00,1.48E+02,5.96E+01,1.69E+02
227,-73.2701,66.5936,5.91E+00,1.77E+02,6.65E+01,2.03E+02
228,-73.2803,59.9276,6.19E+00,1.72E+02,6.95E+01,1.98E+02
229,-73.2941,53.2653,6.45E+00,1.61E+02,7.28E+01,1.87E+02
230,-66.6045,59.9271,6.57E+00,1.86E+02,7.09E+01,2.15E+02
231,-59.9317,59.9307,6.94E+00,1.96E+02,7.28E+01,2.26E+02
232,-66.5974,66.5966,6.25E+00,1.85E+02,6.84E+01,2.12E+02
233,-59.9288,66.6044,6.57E+00,1.85E+02,7.11E+01,2.13E+02
234,-66.6165,53.2622,6.87E+00,1.79E+02,7.42E+01,2.08E+02
235,-59.9401,53.2618,7.28E+00,1.97E+02,7.56E+01,2.28E+02
236,-93.312,59.9403,4.98E+00,1.32E+02,6.49E+01,1.53E+02
237,-86.6351,59.9352,5.39E+00,1.43E+02,6.67E+01,1.65E+02
238,-79.9576,59.9307,5.80E+00,1.57E+02,6.82E+01,1.81E+02
239,-86.6227,66.5974,5.18E+00,1.52E+02,6.37E+01,1.75E+02
240,-93.2998,66.6019,4.80E+00,1.41E+02,6.23E+01,1.62E+02
241,-79.9457,66.5943,5.55E+00,1.65E+02,6.51E+01,1.89E+02
242,-86.6487,53.2747,5.58E+00,1.33E+02,6.95E+01,1.55E+02
243,-93.3246,53.2799,5.14E+00,1.24E+02,6.75E+01,1.43E+02
244,-79.9717,53.2697,6.02E+00,1.46E+02,7.13E+01,1.69E+02
245,-73.2669,93.2898,4.60E+00,1.46E+02,5.98E+01,1.68E+02
246,-73.2636,86.6129,4.95E+00,1.57E+02,6.12E+01,1.80E+02
247,-73.2624,79.9371,5.29E+00,1.68E+02,6.25E+01,1.92E+02
248,-66.5994,86.6235,5.18E+00,1.50E+02,6.40E+01,1.73E+02
249,-59.9374,86.636,5.38E+00,1.41E+02,6.70E+01,1.64E+02
250,-66.6039,93.3008,4.79E+00,1.39E+02,6.25E+01,1.60E+02
251,-59.9425,93.313,4.97E+00,1.31E+02,6.52E+01,1.51E+02
252,-66.5962,79.9463,5.55E+00,1.63E+02,6.53E+01,1.88E+02
253,-59.933,79.9585,5.79E+00,1.54E+02,6.85E+01,1.79E+02
254,-93.2737,86.5992,4.15E+00,1.55E+02,5.47E+01,1.76E+02
255,-86.6009,86.6006,4.43E+00,1.59E+02,5.64E+01,1.81E+02
256,-79.9307,86.6051,4.70E+00,1.60E+02,5.86E+01,1.83E+02
257,-86.5999,93.274,4.15E+00,1.54E+02,5.48E+01,1.75E+02
258,-93.2703,93.2702,3.90E+00,1.53E+02,5.28E+01,1.73E+02
259,-79.9321,93.2806,4.38E+00,1.52E+02,5.72E+01,1.73E+02
260,-86.605,79.9298,4.70E+00,1.61E+02,5.85E+01,1.84E+02
261,-93.28,79.9309,4.38E+00,1.53E+02,5.70E+01,1.74E+02
262,-79.9321,79.9317,5.00E+00,1.67E+02,6.02E+01,1.90E+02
263,-6.66335,46.7155,9.99E+00,1.33E+02,1.16E+02,1.25E+02
264,-13.3183,46.7051,9.90E+00,1.40E+02,1.11E+02,1.52E+02
265,-19.9723,46.6867,9.73E+00,1.54E+02,1.06E+02,1.82E+02
266,-26.6256,46.663,9.48E+00,1.76E+02,1.00E+02,2.13E+02
267,-33.2801,46.6383,9.18E+00,2.02E+02,9.38E+01,2.43E+02
268,-39.9388,46.617,8.84E+00,2.22E+02,8.78E+01,2.62E+02
269,-46.6046,46.6033,8.45E+00,2.24E+02,8.35E+01,2.62E+02
270,-26.6235,39.9851,1.01E+01,2.11E+02,1.04E+02,2.59E+02
271,-26.6234,33.3057,1.07E+01,2.55E+02,1.09E+02,3.15E+02
272,-26.632,26.6301,1.12E+01,2.87E+02,1.17E+02,3.59E+02
273,-26.6584,19.9674,1.17E+01,2.79E+02,1.30E+02,3.52E+02
274,-26.6965,13.3148,1.21E+01,2.43E+02,1.45E+02,2.85E+02
275,-26.7257,6.66058,1.23E+01,2.18E+02,1.60E+02,1.92E+02
276,-19.9713,26.6582,1.17E+01,2.75E+02,1.31E+02,3.52E+02
277,-13.3193,26.696,1.21E+01,2.38E+02,1.48E+02,2.89E+02
278,-6.66489,26.7234,1.23E+01,2.13E+02,1.64E+02,2.01E+02
279,-13.3178,33.3674,1.13E+01,1.90E+02,1.31E+02,2.19E+02
280,-13.3178,40.0368,1.06E+01,1.60E+02,1.20E+02,1.78E+02
281,-19.9699,33.3372,1.10E+01,2.22E+02,1.20E+02,2.75E+02
282,-19.9707,40.0132,1.04E+01,1.81E+02,1.13E+02,2.19E+02
283,-6.66394,33.3865,1.15E+01,1.74E+02,1.41E+02,1.61E+02
284,-6.66354,40.0505,1.07E+01,1.50E+02,1.26E+02,1.39E+02
285,-13.4028,6.6736,1.41E+01,4.24E+02,2.79E+02,3.56E+02
286,-13.3483,13.3456,1.36E+01,3.72E+02,2.22E+02,4.62E+02
287,-13.3244,20.0208,1.28E+01,3.05E+02,1.75E+02,3.92E+02
288,-20.0216,13.3201,1.28E+01,3.11E+02,1.72E+02,3.90E+02
289,-20.0642,6.66344,1.32E+01,2.88E+02,1.97E+02,2.65E+02
290,-19.9845,19.9823,1.23E+01,3.15E+02,1.48E+02,4.13E+02
291,-6.67825,13.3997,1.41E+01,4.19E+02,2.92E+02,3.65E+02
292,-6.72237,6.71683,1.51E+01,6.62E+02,4.29E+02,3.15E+02
293,-6.66791,20.0618,1.32E+01,2.81E+02,2.04E+02,2.76E+02
294,-46.6625,26.6216,9.49E+00,1.79E+02,9.91E+01,2.14E+02
295,-39.9847,26.6194,1.01E+01,2.15E+02,1.03E+02,2.60E+02
296,-33.3058,26.6199,1.07E+01,2.58E+02,1.09E+02,3.16E+02
297,-39.9595,33.2765,9.71E+00,2.40E+02,9.59E+01,2.87E+02
298,-39.9439,39.9424,9.29E+00,2.42E+02,9.07E+01,2.87E+02
299,-46.6378,33.2765,9.19E+00,2.05E+02,9.29E+01,2.45E+02
300,-46.6171,39.9361,8.84E+00,2.24E+02,8.73E+01,2.64E+02
301,-33.2859,33.2843,1.02E+01,2.63E+02,1.01E+02,3.18E+02
302,-33.2795,39.9594,9.71E+00,2.37E+02,9.65E+01,2.86E+02
303,-46.706,13.3147,9.92E+00,1.42E+02,1.10E+02,1.49E+02
304,-40.0376,13.314,1.06E+01,1.62E+02,1.18E+02,1.74E+02
305,-33.3681,13.3137,1.13E+01,1.93E+02,1.29E+02,2.15E+02
306,-40.013,19.9666,1.04E+01,1.84E+02,1.11E+02,2.18E+02
307,-46.6867,19.9684,9.74E+00,1.56E+02,1.05E+02,1.81E+02
308,-33.3368,19.9656,1.10E+01,2.26E+02,1.19E+02,2.75E+02
309,-40.0524,6.65976,1.07E+01,1.52E+02,1.25E+02,1.34E+02
310,-46.7172,6.65986,1.00E+01,1.35E+02,1.15E+02,1.21E+02
311,-33.3885,6.65987,1.15E+01,1.78E+02,1.39E+02,1.55E+02
312,-26.6438,93.3678,5.59E+00,9.80E+01,7.75E+01,1.09E+02
313,-26.6414,86.6983,6.12E+00,1.02E+02,8.01E+01,1.15E+02
314,-26.639,80.0281,6.65E+00,1.07E+02,8.27E+01,1.22E+02
315,-26.6364,73.3572,7.20E+00,1.14E+02,8.56E+01,1.31E+02
316,-26.6338,66.6856,7.75E+00,1.22E+02,8.87E+01,1.43E+02
317,-26.6311,60.0129,8.32E+00,1.34E+02,9.22E+01,1.59E+02
318,-26.6283,53.3388,8.90E+00,1.51E+02,9.60E+01,1.81E+02
319,-19.979,73.3686,7.31E+00,1.08E+02,8.84E+01,1.19E+02
320,-13.3214,73.3766,7.39E+00,1.04E+02,9.12E+01,1.08E+02
321,-6.66349,73.381,7.44E+00,1.01E+02,9.44E+01,9.83E+01
322,-13.3222,80.0444,6.81E+00,9.89E+01,8.81E+01,1.03E+02
323,-13.3231,86.712,6.25E+00,9.51E+01,8.52E+01,9.90E+01
324,-13.324,93.3793,5.71E+00,9.18E+01,8.26E+01,9.54E+01
325,-19.9824,86.7064,6.20E+00,9.80E+01,8.26E+01,1.07E+02
326,-19.9807,80.0377,6.75E+00,1.02E+02,8.53E+01,1.12E+02
327,-19.984,93.3746,5.66E+00,9.45E+01,8.00E+01,1.02E+02
328,-6.66379,86.7151,6.29E+00,9.30E+01,8.81E+01,9.16E+01
329,-6.66363,80.0481,6.85E+00,9.67E+01,9.11E+01,9.47E+01
330,-6.66396,93.3819,5.73E+00,8.97E+01,8.54E+01,8.89E+01
331,-13.3189,53.3731,9.24E+00,1.26E+02,1.04E+02,1.35E+02
332,-13.3197,60.0409,8.60E+00,1.17E+02,9.90E+01,1.23E+02
333,-13.3205,66.7088,7.98E+00,1.09E+02,9.48E+01,1.15E+02
334,-19.9756,60.0291,8.48E+00,1.23E+02,9.56E+01,1.40E+02
335,-19.9739,53.3584,9.10E+00,1.36E+02,1.00E+02,1.57E+02
336,-19.9774,66.6991,7.89E+00,1.14E+02,9.18E+01,1.28E+02
337,-6.66331,60.0474,8.66E+00,1.13E+02,1.03E+02,1.08E+02
338,-6.6633,53.3811,9.31E+00,1.22E+02,1.09E+02,1.15E+02
339,-6.66338,66.7141,8.04E+00,1.06E+02,9.82E+01,1.03E+02
340,-46.6086,73.311,6.67E+00,1.46E+02,7.66E+01,1.71E+02
341,-39.9507,73.3275,6.88E+00,1.33E+02,7.98E+01,1.57E+02
342,-33.2935,73.3433,7.05E+00,1.22E+02,8.28E+01,1.43E+02
343,-39.9549,80.0025,6.38E+00,1.22E+02,7.75E+01,1.43E+02
344,-39.959,86.6763,5.89E+00,1.14E+02,7.51E+01,1.33E+02
345,-39.9629,93.3491,5.40E+00,1.08E+02,7.27E+01,1.24E+02
346,-46.6178,86.6633,5.74E+00,1.22E+02,7.25E+01,1.43E+02
347,-46.6132,79.9877,6.21E+00,1.32E+02,7.47E+01,1.55E+02
348,-46.6224,93.3377,5.27E+00,1.15E+02,7.03E+01,1.33E+02
349,-33.3002,86.6882,6.01E+00,1.08E+02,7.76E+01,1.23E+02
350,-33.2969,80.0162,6.53E+00,1.14E+02,8.01E+01,1.32E+02
351,-33.3034,93.3593,5.50E+00,1.03E+02,7.51E+01,1.17E+02
352,-39.9395,53.2952,8.36E+00,1.93E+02,8.60E+01,2.29E+02
353,-39.9426,59.9737,7.87E+00,1.68E+02,8.42E+01,1.99E+02
354,-39.9465,66.6513,7.37E+00,1.48E+02,8.21E+01,1.75E+02
355,-46.6012,59.955,7.59E+00,1.85E+02,7.98E+01,2.17E+02
356,-46.6004,53.2775,8.03E+00,2.08E+02,8.12E+01,2.43E+02
357,-46.6044,66.6333,7.13E+00,1.63E+02,7.84E+01,1.92E+02
358,-33.2863,59.9938,8.11E+00,1.50E+02,8.84E+01,1.79E+02
359,-33.2829,53.3168,8.65E+00,1.72E+02,9.12E+01,2.06E+02
360,-33.2899,66.6692,7.58E+00,1.34E+02,8.56E+01,1.58E+02
361,93.3298,46.6149,5.22E+00,8.25E+01,1.26E+02,4.34E+01
362,86.6539,46.6092,5.68E+00,8.65E+01,1.35E+02,4.22E+01
363,79.9769,46.6033,6.13E+00,9.05E+01,1.47E+02,4.03E+01
364,73.2986,46.5974,6.58E+00,9.47E+01,1.63E+02,3.78E+01
365,66.6194,46.5918,7.03E+00,9.88E+01,1.82E+02,3.43E+01
366,59.9399,46.5871,7.47E+00,1.03E+02,2.05E+02,3.01E+01
367,53.2615,46.5849,7.89E+00,1.07E+02,2.28E+02,2.59E+01
368,46.5868,46.5878,8.30E+00,1.11E+02,2.45E+02,2.36E+01
369,39.9191,46.5987,8.68E+00,1.17E+02,2.46E+02,2.56E+01
370,33.259,46.6179,9.03E+00,1.23E+02,2.29E+02,3.19E+01
371,26.6042,46.6422,9.34E+00,1.28E+02,2.02E+02,4.10E+01
372,19.9518,46.6676,9.60E+00,1.31E+02,1.74E+02,5.18E+01
373,13.2996,46.6904,9.81E+00,1.32E+02,1.51E+02,6.49E+01
374,6.64637,46.7073,9.94E+00,1.32E+02,1.35E+02,8.10E+01
375,53.2781,39.9237,8.22E+00,1.12E+02,2.15E+02,3.12E+01
376,53.2993,33.2671,8.52E+00,1.17E+02,1.93E+02,3.85E+01
377,53.3222,26.613,8.78E+00,1.20E+02,1.71E+02,4.68E+01
378,53.3438,19.9596,8.99E+00,1.22E+02,1.50E+02,5.62E+01
379,53.3619,13.3057,9.15E+00,1.22E+02,1.34E+02,6.73E+01
380,53.3747,6.65097,9.26E+00,1.22E+02,1.23E+02,8.05E+01
381,79.9923,39.9453,6.31E+00,9.20E+01,1.36E+02,4.60E+01
382,80.007,33.2877,6.47E+00,9.31E+01,1.25E+02,5.19E+01
383,80.0201,26.6301,6.60E+00,9.39E+01,1.17E+02,5.81E+01
384,80.0312,19.9723,6.70E+00,9.44E+01,1.09E+02,6.46E+01
385,80.0397,13.3141,6.78E+00,9.49E+01,1.03E+02,7.15E+01
386,80.0453,6.65565,6.83E+00,9.55E+01,9.83E+01,7.87E+01
387,86.6917,26.6337,6.07E+00,8.93E+01,1.10E+02,5.89E+01
388,93.3624,26.6371,5.56E+00,8.52E+01,1.05E+02,5.92E+01
389,86.6805,33.2922,5.96E+00,8.85E+01,1.18E+02,5.31E+01
390,86.6677,39.9506,5.83E+00,8.76E+01,1.26E+02,4.76E+01
391,93.3529,33.2964,5.46E+00,8.44E+01,1.11E+02,5.38E+01
392,93.3419,39.9557,5.35E+00,8.35E+01,1.18E+02,4.85E+01
393,86.7082,13.316,6.23E+00,9.06E+01,9.90E+01,7.11E+01
394,93.3762,13.3177,5.68E+00,8.68E+01,9.54E+01,7.05E+01
395,86.7011,19.975,6.16E+00,8.99E+01,1.04E+02,6.49E+01
396,93.3703,19.9775,5.63E+00,8.60E+01,1.00E+02,6.47E+01
397,86.7128,6.65672,6.27E+00,9.14E+01,9.47E+01,7.76E+01
398,93.38,6.65773,5.72E+00,8.78E+01,9.15E+01,7.64E+01
399,59.9988,26.6177,8.22E+00,1.12E+02,1.50E+02,5.12E+01
400,66.6739,26.6222,7.67E+00,1.05E+02,1.35E+02,5.45E+01
401,73.3476,26.6263,7.13E+00,9.90E+01,1.25E+02,5.67E+01
402,66.6562,33.2778,7.49E+00,1.04E+02,1.50E+02,4.73E+01
403,66.6375,39.934,7.27E+00,1.02E+02,1.66E+02,4.05E+01
404,59.9785,33.2725,8.00E+00,1.10E+02,1.68E+02,4.35E+01
405,59.9582,39.9285,7.75E+00,1.07E+02,1.88E+02,3.64E+01
406,73.3323,33.2829,6.98E+00,9.82E+01,1.36E+02,5.00E+01
407,73.3156,39.9397,6.79E+00,9.67E+01,1.49E+02,4.37E+01
408,66.71,6.65337,8.00E+00,1.06E+02,1.08E+02,8.03E+01
409,66.7017,13.3101,7.93E+00,1.06E+02,1.15E+02,7.09E+01
410,66.6894,19.9664,7.82E+00,1.06E+02,1.24E+02,6.23E+01
411,60.0321,13.308,8.53E+00,1.13E+02,1.23E+02,6.96E+01
412,60.0423,6.65218,8.62E+00,1.13E+02,1.14E+02,8.07E+01
413,60.0172,19.9631,8.40E+00,1.13E+02,1.35E+02,5.99E+01
414,73.3708,13.3122,7.35E+00,9.99E+01,1.08E+02,7.14E+01
415,73.3777,6.65454,7.41E+00,1.00E+02,1.03E+02,7.96E+01
416,73.3606,19.9694,7.25E+00,9.96E+01,1.16E+02,6.38E+01
417,26.5999,39.9621,9.90E+00,1.38E+02,2.41E+02,3.40E+01
418,26.5984,33.282,1.05E+01,1.50E+02,2.87E+02,2.82E+01
419,26.606,26.6075,1.10E+01,1.66E+02,3.19E+02,2.80E+01
420,26.6311,19.9469,1.15E+01,1.84E+02,3.09E+02,3.49E+01
421,26.6689,13.2972,1.19E+01,2.02E+02,2.63E+02,4.62E+01
422,26.7052,6.64826,1.22E+01,2.13E+02,2.13E+02,6.84E+01
423,33.2823,26.6014,1.05E+01,1.51E+02,2.84E+02,2.86E+01
424,39.9632,26.6036,9.90E+00,1.40E+02,2.38E+02,3.43E+01
425,46.6436,26.6081,9.34E+00,1.29E+02,1.99E+02,4.10E+01
426,39.9388,33.26,9.53E+00,1.31E+02,2.63E+02,2.64E+01
427,39.9238,39.9249,9.12E+00,1.23E+02,2.65E+02,2.33E+01
428,33.2632,33.2645,1.00E+01,1.40E+02,2.90E+02,2.40E+01
429,33.2573,39.9386,9.53E+00,1.30E+02,2.65E+02,2.60E+01
430,46.6189,33.2624,9.03E+00,1.24E+02,2.26E+02,3.24E+01
431,46.5989,39.9214,8.68E+00,1.17E+02,2.44E+02,2.60E+01
432,33.3453,13.2985,1.12E+01,1.72E+02,2.08E+02,5.17E+01
433,40.0191,13.3009,1.05E+01,1.50E+02,1.73E+02,5.85E+01
434,46.6911,13.3033,9.80E+00,1.34E+02,1.50E+02,6.37E+01
435,39.9918,19.9517,1.02E+01,1.46E+02,2.04E+02,4.48E+01
436,33.3124,19.9482,1.08E+01,1.63E+02,2.50E+02,3.82E+01
437,46.6689,19.9558,9.60E+00,1.33E+02,1.72E+02,5.12E+01
438,40.04,6.64873,1.06E+01,1.51E+02,1.50E+02,7.76E+01
439,33.3727,6.64808,1.14E+01,1.76E+02,1.75E+02,7.38E+01
440,46.7073,6.64981,9.93E+00,1.35E+02,1.34E+02,7.97E+01
441,6.64379,26.7045,1.22E+01,2.06E+02,2.16E+02,7.11E+01
442,13.2927,26.6678,1.19E+01,1.97E+02,2.67E+02,4.65E+01
443,19.9434,26.6309,1.15E+01,1.82E+02,3.12E+02,3.44E+01
444,13.294,33.3441,1.12E+01,1.68E+02,2.11E+02,5.29E+01
445,13.2968,40.0181,1.05E+01,1.48E+02,1.75E+02,5.97E+01
446,6.64392,33.3722,1.14E+01,1.71E+02,1.76E+02,7.61E+01
447,6.64493,40.0398,1.07E+01,1.48E+02,1.51E+02,7.94E+01
448,19.9441,33.3112,1.08E+01,1.61E+02,2.54E+02,3.81E+01
449,19.9475,39.9905,1.02E+01,1.44E+02,2.07E+02,4.52E+01
450,6.66139,13.3722,1.39E+01,3.94E+02,3.81E+02,7.53E+01
451,13.3159,13.3177,1.33E+01,3.08E+02,3.86E+02,6.40E+01
452,19.9897,13.299,1.26E+01,2.45E+02,3.35E+02,4.90E+01
453,13.2953,19.9896,1.26E+01,2.41E+02,3.39E+02,4.79E+01
454,6.64712,20.0367,1.30E+01,2.65E+02,2.81E+02,6.81E+01
455,19.9547,19.9563,1.21E+01,2.11E+02,3.53E+02,3.86E+01
456,13.3734,6.66526,1.39E+01,3.99E+02,3.72E+02,7.59E+01
457,6.71633,6.71511,1.48E+01,6.23E+02,5.22E+02,1.04E+02
458,20.0375,6.65156,1.30E+01,2.74E+02,2.75E+02,6.66E+01
459,53.2724,93.3155,5.08E+00,8.08E+01,1.37E+02,3.82E+01
460,53.266,86.6383,5.51E+00,8.44E+01,1.48E+02,3.67E+01
461,53.2598,79.9601,5.93E+00,8.80E+01,1.62E+02,3.46E+01
462,53.2542,73.2813,6.35E+00,9.15E+01,1.79E+02,3.18E+01
463,53.25,66.6027,6.76E+00,9.49E+01,1.98E+02,2.84E+01
464,53.2484,59.9257,7.16E+00,9.83E+01,2.16E+02,2.53E+01
465,53.2516,53.2523,7.54E+00,1.02E+02,2.29E+02,2.40E+01
466,59.9168,73.2681,6.09E+00,8.86E+01,1.89E+02,2.69E+01
467,66.5831,73.2588,5.82E+00,8.56E+01,1.94E+02,2.34E+01
468,73.2534,73.2538,5.52E+00,8.30E+01,1.92E+02,2.19E+01
469,79.9273,73.2528,5.20E+00,8.06E+01,1.84E+02,2.20E+01
470,86.6036,73.2549,4.87E+00,7.83E+01,1.73E+02,2.31E+01
471,93.2811,73.2591,4.53E+00,7.58E+01,1.61E+02,2.45E+01
472,73.2519,79.9269,5.20E+00,8.04E+01,1.85E+02,2.18E+01
473,73.2536,86.6027,4.87E+00,7.79E+01,1.74E+02,2.28E+01
474,73.2576,93.2798,4.53E+00,7.54E+01,1.63E+02,2.41E+01
475,66.5887,86.6124,5.10E+00,8.03E+01,1.68E+02,2.68E+01
476,59.9264,86.6246,5.32E+00,8.25E+01,1.59E+02,3.16E+01
477,66.5847,79.9348,5.47E+00,8.30E+01,1.81E+02,2.50E+01
478,59.9209,79.9462,5.71E+00,8.56E+01,1.73E+02,2.94E+01
479,66.5942,93.2905,4.73E+00,7.75E+01,1.55E+02,2.85E+01
480,59.9327,93.3027,4.91E+00,7.93E+01,1.46E+02,3.32E+01
481,86.5964,79.9222,4.63E+00,7.58E+01,1.76E+02,2.00E+01
482,86.5925,86.5926,4.36E+00,7.34E+01,1.74E+02,1.82E+01
483,86.5918,93.2657,4.08E+00,7.12E+01,1.69E+02,1.75E+01
484,79.9215,86.5959,4.63E+00,7.56E+01,1.77E+02,1.98E+01
485,79.9226,79.9228,4.92E+00,7.80E+01,1.82E+02,2.02E+01
486,79.9233,93.2714,4.31E+00,7.33E+01,1.68E+02,2.03E+01
487,93.2662,86.5923,4.08E+00,7.14E+01,1.68E+02,1.77E+01
488,93.2723,79.9244,4.31E+00,7.36E+01,1.66E+02,2.07E+01
489,93.2631,93.263,3.83E+00,6.93E+01,1.67E+02,1.59E+01
490,73.2826,53.2567,6.35E+00,9.20E+01,1.76E+02,3.22E+01
491,73.269,59.9187,6.09E+00,8.90E+01,1.87E+02,2.73E+01
492,73.2591,66.5842,5.81E+00,8.58E+01,1.93E+02,2.37E+01
493,66.5919,59.9166,6.47E+00,9.18E+01,2.03E+02,2.49E+01
494,59.9177,59.9184,6.82E+00,9.48E+01,2.14E+02,2.38E+01
495,66.6037,53.2522,6.76E+00,9.54E+01,1.95E+02,2.89E+01
496,59.926,53.2501,7.16E+00,9.86E+01,2.15E+02,2.56E+01
497,66.5851,66.5856,6.15E+00,8.85E+01,2.02E+02,2.31E+01
498,59.9152,66.5916,6.47E+00,9.15E+01,2.04E+02,2.46E+01
499,93.3042,59.9347,4.91E+00,7.97E+01,1.44E+02,3.35E+01
500,86.6261,59.9286,5.31E+00,8.30E+01,1.56E+02,3.19E+01
501,79.9475,59.923,5.71E+00,8.61E+01,1.71E+02,2.98E+01
502,86.6398,53.2684,5.51E+00,8.49E+01,1.46E+02,3.69E+01
503,93.317,53.2745,5.08E+00,8.13E+01,1.35E+02,3.84E+01
504,79.9616,53.2623,5.93E+00,8.85E+01,1.59E+02,3.49E+01
505,86.6137,66.5906,5.10E+00,8.07E+01,1.66E+02,2.72E+01
506,93.292,66.5961,4.73E+00,7.79E+01,1.53E+02,2.88E+01
507,79.9357,66.5863,5.47E+00,8.33E+01,1.79E+02,2.54E+01
508,26.6352,93.3619,5.56E+00,8.46E+01,1.06E+02,5.93E+01
509,26.6315,86.6911,6.08E+00,8.86E+01,1.11E+02,5.90E+01
510,26.6277,80.0194,6.60E+00,9.32E+01,1.18E+02,5.83E+01
511,26.6235,73.3467,7.14E+00,9.82E+01,1.26E+02,5.69E+01
512,26.619,66.6728,7.68E+00,1.04E+02,1.37E+02,5.47E+01
513,26.6143,59.9976,8.23E+00,1.11E+02,1.52E+02,5.15E+01
514,26.6093,53.3208,8.78E+00,1.19E+02,1.73E+02,4.69E+01
515,33.28,73.331,6.98E+00,9.75E+01,1.37E+02,5.01E+01
516,39.9368,73.3141,6.80E+00,9.61E+01,1.51E+02,4.36E+01
517,46.5946,73.2971,6.59E+00,9.41E+01,1.65E+02,3.75E+01
518,39.9427,79.991,6.32E+00,9.15E+01,1.37E+02,4.60E+01
519,39.9483,86.6665,5.84E+00,8.71E+01,1.27E+02,4.75E+01
520,39.9536,93.3408,5.36E+00,8.30E+01,1.20E+02,4.85E+01
521,33.2899,86.6796,5.97E+00,8.80E+01,1.19E+02,5.32E+01
522,33.2851,80.0059,6.47E+00,9.25E+01,1.27E+02,5.20E+01
523,33.2945,93.3521,5.47E+00,8.38E+01,1.12E+02,5.38E+01
524,46.6068,86.6525,5.68E+00,8.59E+01,1.37E+02,4.20E+01
525,46.6007,79.9754,6.14E+00,9.00E+01,1.50E+02,4.02E+01
526,46.6128,93.3285,5.23E+00,8.20E+01,1.28E+02,4.33E+01
527,33.269,59.9771,8.01E+00,1.09E+02,1.71E+02,4.34E+01
528,39.9253,59.9568,7.76E+00,1.06E+02,1.90E+02,3.60E+01
529,46.5845,59.9389,7.47E+00,1.02E+02,2.07E+02,2.97E+01
530,39.9309,66.636,7.28E+00,1.01E+02,1.68E+02,4.04E+01
531,33.2746,66.6548,7.49E+00,1.03E+02,1.52E+02,4.73E+01
532,46.5889,66.618,7.03E+00,9.82E+01,1.85E+02,3.40E+01
533,39.9208,53.2771,8.23E+00,1.11E+02,2.18E+02,3.07E+01
534,33.2635,53.2979,8.52E+00,1.16E+02,1.96E+02,3.82E+01
535,46.5829,53.2613,7.90E+00,1.06E+02,2.30E+02,2.56E+01
536,6.65226,73.378,7.42E+00,9.91E+01,1.03E+02,8.00E+01
537,13.3097,73.3708,7.36E+00,9.89E+01,1.09E+02,7.18E+01
538,19.9668,73.3602,7.26E+00,9.86E+01,1.16E+02,6.41E+01
539,13.3119,80.0397,6.79E+00,9.40E+01,1.04E+02,7.17E+01
540,13.3141,86.7082,6.23E+00,8.98E+01,9.95E+01,7.13E+01
541,13.3161,93.3762,5.69E+00,8.61E+01,9.60E+01,7.06E+01
542,6.65492,86.7131,6.28E+00,9.05E+01,9.51E+01,7.78E+01
543,6.65362,80.0456,6.84E+00,9.45E+01,9.86E+01,7.90E+01
544,6.65616,93.3803,5.73E+00,8.70E+01,9.20E+01,7.65E+01
545,19.9729,86.7008,6.17E+00,8.92E+01,1.05E+02,6.51E+01
546,19.97,80.0308,6.71E+00,9.36E+01,1.10E+02,6.49E+01
547,19.9757,93.37,5.64E+00,8.53E+01,1.01E+02,6.48E+01
548,13.3023,53.3614,9.16E+00,1.21E+02,1.35E+02,6.82E+01
549,13.3049,60.0317,8.54E+00,1.12E+02,1.24E+02,7.03E+01
550,13.3074,66.7015,7.94E+00,1.05E+02,1.15E+02,7.14E+01
551,6.64937,60.0425,8.63E+00,1.12E+02,1.14E+02,8.14E+01
552,6.64786,53.3749,9.28E+00,1.20E+02,1.23E+02,8.16E+01
553,6.65083,66.7103,8.02E+00,1.05E+02,1.08E+02,8.09E+01
554,19.9598,60.0164,8.41E+00,1.12E+02,1.36E+02,6.04E+01
555,19.9559,53.3428,9.00E+00,1.20E+02,1.52E+02,5.68E+01
556,19.9634,66.6887,7.83E+00,1.05E+02,1.25E+02,6.27E+01
557,0.000303265,-93.3827,5.74E+00,8.95E+01,8.75E+01,8.20E+01
558,0.000437315,-86.7161,6.29E+00,9.30E+01,9.03E+01,8.37E+01
559,0.000593015,-80.0492,6.86E+00,9.70E+01,9.35E+01,8.54E+01
560,0.000766836,-73.3822,7.44E+00,1.02E+02,9.71E+01,8.72E+01
561,0.000950308,-66.7155,8.05E+00,1.07E+02,1.01E+02,8.91E+01
562,0.00114024,-60.049,8.67E+00,1.15E+02,1.07E+02,9.12E+01
563,0.00131368,-53.3829,9.33E+00,1.24E+02,1.13E+02,9.35E+01
564,0.00146228,-46.7176,1.00E+01,1.36E+02,1.22E+02,9.62E+01
565,0.00151702,-40.053,1.07E+01,1.54E+02,1.34E+02,9.95E+01
566,0.0014108,-33.3897,1.15E+01,1.79E+02,1.51E+02,1.04E+02
567,0.000798689,-26.7284,1.23E+01,2.20E+02,1.79E+02,1.11E+02
568,-0.000766762,-20.0703,1.32E+01,2.93E+02,2.27E+02,1.27E+02
569,-0.00562492,-13.4215,1.43E+01,4.62E+02,3.40E+02,1.57E+02
570,-0.0133852,-6.773,1.54E+01,7.88E+02,5.63E+02,1.80E+02
571,-6.65419,-53.3771,9.28E+00,1.23E+02,1.21E+02,7.83E+01
572,-13.3088,-53.3644,9.17E+00,1.23E+02,1.33E+02,6.57E+01
573,-19.9624,-53.3462,9.01E+00,1.22E+02,1.48E+02,5.51E+01
574,-26.6155,-53.3242,8.79E+00,1.20E+02,1.68E+02,4.61E+01
575,-33.269,-53.301,8.54E+00,1.16E+02,1.92E+02,3.80E+01
576,-39.9252,-53.2793,8.24E+00,1.12E+02,2.14E+02,3.09E+01
577,-46.5859,-53.2622,7.91E+00,1.06E+02,2.28E+02,2.55E+01
578,-53.253,-53.252,7.55E+00,1.02E+02,2.28E+02,2.35E+01
579,-59.9264,-53.2489,7.17E+00,9.81E+01,2.16E+02,2.50E+01
580,-66.6036,-53.2506,6.77E+00,9.48E+01,1.97E+02,2.82E+01
581,-73.2823,-53.2549,6.36E+00,9.16E+01,1.77E+02,3.16E+01
582,-79.9613,-53.2607,5.94E+00,8.82E+01,1.60E+02,3.45E+01
583,-86.6396,-53.2669,5.52E+00,8.46E+01,1.47E+02,3.66E+01
584,-93.3168,-53.2733,5.09E+00,8.10E+01,1.36E+02,3.81E+01
585,-46.5883,-59.9408,7.48E+00,1.03E+02,2.04E+02,2.99E+01
586,-46.5931,-66.6204,7.04E+00,9.87E+01,1.80E+02,3.41E+01
587,-46.5989,-73.2997,6.59E+00,9.47E+01,1.61E+02,3.76E+01
588,-46.6049,-79.978,6.14E+00,9.06E+01,1.46E+02,4.02E+01
589,-46.6109,-86.6551,5.68E+00,8.65E+01,1.34E+02,4.21E+01
590,-46.6166,-93.3308,5.23E+00,8.26E+01,1.25E+02,4.33E+01
591,-19.9658,-60.0194,8.41E+00,1.13E+02,1.33E+02,5.89E+01
592,-19.969,-66.6915,7.83E+00,1.06E+02,1.22E+02,6.14E+01
593,-19.9719,-73.3625,7.27E+00,9.99E+01,1.14E+02,6.31E+01
594,-19.9746,-80.0329,6.71E+00,9.47E+01,1.08E+02,6.40E+01
595,-19.9771,-86.7026,6.17E+00,9.02E+01,1.03E+02,6.44E+01
596,-19.9795,-93.3716,5.64E+00,8.62E+01,9.91E+01,6.44E+01
597,-13.3147,-73.3727,7.36E+00,1.00E+02,1.07E+02,7.04E+01
598,-6.65713,-73.3794,7.42E+00,1.01E+02,1.02E+02,7.85E+01
599,-13.3128,-66.7037,7.95E+00,1.06E+02,1.13E+02,6.97E+01
600,-13.3108,-60.0343,8.55E+00,1.14E+02,1.22E+02,6.82E+01
601,-6.65617,-66.7119,8.02E+00,1.07E+02,1.07E+02,7.88E+01
602,-6.65518,-60.0444,8.64E+00,1.14E+02,1.13E+02,7.88E+01
603,-13.3181,-86.7097,6.23E+00,9.10E+01,9.82E+01,7.05E+01
604,-6.65895,-86.7142,6.28E+00,9.18E+01,9.39E+01,7.69E+01
605,-13.3164,-80.0414,6.79E+00,9.53E+01,1.02E+02,7.07E+01
606,-6.65806,-80.0469,6.84E+00,9.60E+01,9.74E+01,7.78E+01
607,-13.3197,-93.3775,5.69E+00,8.72E+01,9.47E+01,7.00E+01
608,-6.65979,-93.3812,5.73E+00,8.82E+01,9.08E+01,7.59E+01
609,-39.9416,-73.317,6.80E+00,9.68E+01,1.47E+02,4.35E+01
610,-33.285,-73.3339,6.99E+00,9.83E+01,1.34E+02,4.97E+01
611,-26.6286,-73.3493,7.14E+00,9.92E+01,1.23E+02,5.62E+01
612,-33.2799,-66.6579,7.50E+00,1.04E+02,1.48E+02,4.69E+01
613,-33.2746,-59.9803,8.02E+00,1.10E+02,1.66E+02,4.31E+01
614,-39.9358,-66.6389,7.29E+00,1.02E+02,1.64E+02,4.03E+01
615,-39.9301,-59.9595,7.77E+00,1.07E+02,1.86E+02,3.61E+01
616,-26.6246,-66.6759,7.68E+00,1.05E+02,1.34E+02,5.39E+01
617,-26.6202,-60.0009,8.24E+00,1.12E+02,1.48E+02,5.06E+01
618,-33.2983,-93.3541,5.47E+00,8.46E+01,1.10E+02,5.36E+01
619,-33.2941,-86.682,5.97E+00,8.87E+01,1.16E+02,5.29E+01
620,-33.2897,-80.0085,6.48E+00,9.32E+01,1.24E+02,5.16E+01
621,-39.9524,-86.6691,5.84E+00,8.77E+01,1.25E+02,4.74E+01
622,-39.9574,-93.343,5.36E+00,8.36E+01,1.17E+02,4.84E+01
623,-39.9472,-79.9937,6.32E+00,9.21E+01,1.34E+02,4.58E+01
624,-26.6358,-86.6933,6.08E+00,8.95E+01,1.09E+02,5.85E+01
625,-26.639,-93.3637,5.56E+00,8.54E+01,1.04E+02,5.89E+01
626,-26.6323,-80.0218,6.61E+00,9.41E+01,1.15E+02,5.77E+01
627,-73.2688,-59.9171,6.10E+00,8.85E+01,1.88E+02,2.67E+01
628,-73.2592,-66.5832,5.82E+00,8.55E+01,1.93E+02,2.32E+01
629,-73.254,-73.2533,5.52E+00,8.28E+01,1.91E+02,2.16E+01
630,-73.2531,-79.9272,5.21E+00,8.04E+01,1.83E+02,2.18E+01
631,-73.2553,-86.6035,4.88E+00,7.81E+01,1.72E+02,2.29E+01
632,-73.2596,-93.2811,4.53E+00,7.57E+01,1.60E+02,2.43E+01
633,-66.5847,-73.2591,5.82E+00,8.57E+01,1.92E+02,2.34E+01
634,-59.9194,-73.2694,6.10E+00,8.88E+01,1.86E+02,2.71E+01
635,-53.2578,-73.2833,6.36E+00,9.19E+01,1.75E+02,3.20E+01
636,-59.9172,-66.5922,6.47E+00,9.15E+01,2.02E+02,2.46E+01
637,-59.9189,-59.918,6.83E+00,9.45E+01,2.14E+02,2.35E+01
638,-66.586,-66.5852,6.16E+00,8.83E+01,2.02E+02,2.28E+01
639,-66.5922,-59.9154,6.48E+00,9.14E+01,2.04E+02,2.43E+01
640,-53.2531,-66.6043,6.77E+00,9.52E+01,1.94E+02,2.86E+01
641,-53.2508,-59.9264,7.17E+00,9.83E+01,2.14E+02,2.53E+01
642,-59.9358,-93.3048,4.91E+00,7.97E+01,1.43E+02,3.34E+01
643,-59.9296,-86.6267,5.32E+00,8.30E+01,1.55E+02,3.18E+01
644,-59.9239,-79.9479,5.71E+00,8.60E+01,1.70E+02,2.97E+01
645,-66.5913,-86.614,5.11E+00,8.06E+01,1.65E+02,2.71E+01
646,-66.5969,-93.2923,4.73E+00,7.79E+01,1.52E+02,2.87E+01
647,-66.5869,-79.9359,5.47E+00,8.32E+01,1.79E+02,2.52E+01
648,-53.2697,-86.6407,5.51E+00,8.49E+01,1.45E+02,3.69E+01
649,-53.2758,-93.3178,5.08E+00,8.13E+01,1.34E+02,3.83E+01
650,-53.2635,-79.9624,5.94E+00,8.85E+01,1.58E+02,3.48E+01
651,-93.2804,-73.2577,4.54E+00,7.56E+01,1.62E+02,2.40E+01
652,-86.6031,-73.2535,4.88E+00,7.79E+01,1.74E+02,2.26E+01
653,-79.9272,-73.2517,5.21E+00,8.03E+01,1.84E+02,2.16E+01
654,-86.6132,-66.5891,5.11E+00,8.04E+01,1.67E+02,2.67E+01
655,-86.6256,-59.927,5.32E+00,8.27E+01,1.57E+02,3.15E+01
656,-93.2913,-66.5946,4.74E+00,7.76E+01,1.54E+02,2.84E+01
657,-93.3037,-59.9333,4.92E+00,7.95E+01,1.45E+02,3.32E+01
658,-79.9354,-66.5849,5.47E+00,8.30E+01,1.81E+02,2.48E+01
659,-79.947,-59.9214,5.72E+00,8.57E+01,1.72E+02,2.93E+01
660,-86.5925,-93.2658,4.08E+00,7.13E+01,1.68E+02,1.75E+01
661,-86.5927,-86.5922,4.36E+00,7.34E+01,1.74E+02,1.79E+01
662,-86.5962,-79.9212,4.63E+00,7.56E+01,1.76E+02,1.96E+01
663,-93.2658,-86.5915,4.08E+00,7.12E+01,1.69E+02,1.74E+01
664,-93.263,-93.2625,3.83E+00,6.92E+01,1.67E+02,1.57E+01
665,-93.2717,-79.9232,4.32E+00,7.34E+01,1.67E+02,2.02E+01
666,-79.9224,-86.5961,4.63E+00,7.57E+01,1.75E+02,1.98E+01
667,-79.9247,-93.2721,4.32E+00,7.35E+01,1.66E+02,2.05E+01
668,-79.923,-79.9223,4.93E+00,7.79E+01,1.82E+02,1.99E+01
669,-46.71,-6.64977,9.97E+00,1.33E+02,1.32E+02,7.81E+01
670,-46.6931,-13.3028,9.83E+00,1.33E+02,1.48E+02,6.29E+01
671,-46.6702,-19.9547,9.63E+00,1.31E+02,1.71E+02,5.06E+01
672,-46.6444,-26.6065,9.36E+00,1.28E+02,1.99E+02,4.04E+01
673,-46.6195,-33.2607,9.05E+00,1.22E+02,2.27E+02,3.16E+01
674,-46.5998,-39.9202,8.70E+00,1.16E+02,2.45E+02,2.52E+01
675,-46.5887,-46.5875,8.32E+00,1.11E+02,2.45E+02,2.32E+01
676,-39.964,-26.602,9.93E+00,1.38E+02,2.38E+02,3.36E+01
677,-33.2836,-26.6001,1.05E+01,1.49E+02,2.85E+02,2.82E+01
678,-26.609,-26.6076,1.10E+01,1.64E+02,3.18E+02,2.86E+01
679,-19.9489,-26.633,1.15E+01,1.82E+02,3.08E+02,3.57E+01
680,-13.3002,-26.6714,1.19E+01,2.00E+02,2.61E+02,4.61E+01
681,-6.65206,-26.708,1.22E+01,2.14E+02,2.11E+02,6.49E+01
682,-26.6327,-19.9455,1.15E+01,1.81E+02,3.10E+02,3.51E+01
683,-26.6707,-13.296,1.19E+01,1.96E+02,2.62E+02,4.60E+01
684,-26.7081,-6.64805,1.22E+01,2.07E+02,2.10E+02,6.67E+01
685,-33.3471,-13.2976,1.12E+01,1.68E+02,2.06E+02,5.11E+01
686,-40.021,-13.3002,1.05E+01,1.48E+02,1.71E+02,5.76E+01
687,-33.3135,-19.9467,1.09E+01,1.60E+02,2.50E+02,3.77E+01
688,-39.993,-19.9504,1.02E+01,1.44E+02,2.03E+02,4.42E+01
689,-33.3755,-6.64796,1.14E+01,1.72E+02,1.72E+02,7.19E+01
690,-40.0428,-6.64866,1.07E+01,1.49E+02,1.48E+02,7.58E+01
691,-6.66755,-13.3736,1.39E+01,4.03E+02,3.75E+02,8.02E+01
692,-13.3194,-13.3174,1.33E+01,3.03E+02,3.85E+02,6.74E+01
693,-19.9916,-13.2976,1.26E+01,2.38E+02,3.35E+02,4.96E+01
694,-13.3014,-19.9917,1.26E+01,2.42E+02,3.35E+02,5.10E+01
695,-6.65511,-20.0399,1.30E+01,2.75E+02,2.75E+02,6.46E+01
696,-19.958,-19.9563,1.21E+01,2.08E+02,3.52E+02,4.03E+01
697,-13.3757,-6.66436,1.39E+01,3.85E+02,3.70E+02,7.67E+01
698,-6.71856,-6.71502,1.49E+01,6.18E+02,5.18E+02,1.11E+02
699,-20.0401,-6.6511,1.30E+01,2.64E+02,2.72E+02,6.55E+01
700,-26.6104,-46.6457,9.36E+00,1.29E+02,1.97E+02,4.04E+01
701,-26.6057,-39.9651,9.92E+00,1.39E+02,2.36E+02,3.39E+01
702,-26.6031,-33.2838,1.05E+01,1.50E+02,2.83E+02,2.87E+01
703,-33.2614,-39.9401,9.55E+00,1.30E+02,2.62E+02,2.61E+01
704,-39.926,-39.9248,9.14E+00,1.22E+02,2.65E+02,2.29E+01
705,-33.2641,-46.6205,9.05E+00,1.23E+02,2.24E+02,3.20E+01
706,-39.9226,-46.5999,8.70E+00,1.17E+02,2.43E+02,2.56E+01
707,-33.2657,-33.2644,1.00E+01,1.39E+02,2.89E+02,2.39E+01
708,-39.9399,-33.2587,9.55E+00,1.30E+02,2.64E+02,2.57E+01
709,-13.3065,-46.6938,9.82E+00,1.35E+02,1.48E+02,6.19E+01
710,-13.3042,-40.0218,1.05E+01,1.50E+02,1.71E+02,5.66E+01
711,-13.3018,-33.3479,1.12E+01,1.72E+02,2.06E+02,5.02E+01
712,-19.9545,-39.9943,1.02E+01,1.46E+02,2.02E+02,4.39E+01
713,-19.9586,-46.6714,9.62E+00,1.33E+02,1.70E+02,5.01E+01
714,-19.9507,-33.3146,1.09E+01,1.62E+02,2.48E+02,3.80E+01
715,-6.65239,-40.0427,1.07E+01,1.53E+02,1.48E+02,7.43E+01
716,-6.65325,-46.7099,9.95E+00,1.36E+02,1.32E+02,7.69E+01
717,-6.65186,-33.3755,1.14E+01,1.77E+02,1.72E+02,6.99E+01
718,-73.3798,-6.65458,7.43E+00,9.98E+01,1.02E+02,7.88E+01
719,-73.3727,-13.3119,7.37E+00,9.94E+01,1.08E+02,7.08E+01
720,-73.3621,-19.9689,7.28E+00,9.91E+01,1.15E+02,6.33E+01
721,-73.3486,-26.6255,7.15E+00,9.86E+01,1.24E+02,5.63E+01
722,-73.3329,-33.2818,7.00E+00,9.77E+01,1.36E+02,4.97E+01
723,-73.3158,-39.9383,6.81E+00,9.63E+01,1.49E+02,4.34E+01
724,-73.2985,-46.5958,6.60E+00,9.42E+01,1.63E+02,3.73E+01
725,-66.6749,-26.6212,7.69E+00,1.04E+02,1.35E+02,5.40E+01
726,-59.9998,-26.6166,8.25E+00,1.11E+02,1.50E+02,5.08E+01
727,-53.323,-26.6116,8.80E+00,1.19E+02,1.70E+02,4.62E+01
728,-66.7036,-13.3098,7.96E+00,1.05E+02,1.14E+02,7.01E+01
729,-60.034,-13.3076,8.56E+00,1.12E+02,1.22E+02,6.88E+01
730,-53.3639,-13.3053,9.19E+00,1.21E+02,1.33E+02,6.65E+01
731,-60.0447,-6.65219,8.65E+00,1.12E+02,1.13E+02,7.95E+01
732,-66.7123,-6.6534,8.03E+00,1.05E+02,1.07E+02,7.93E+01
733,-53.3772,-6.65095,9.30E+00,1.21E+02,1.21E+02,7.92E+01
734,-60.0187,-19.9624,8.43E+00,1.12E+02,1.34E+02,5.93E+01
735,-66.6909,-19.9658,7.85E+00,1.05E+02,1.23E+02,6.18E+01
736,-53.3452,-19.9586,9.02E+00,1.21E+02,1.49E+02,5.56E+01
737,-59.94,-46.5855,7.48E+00,1.02E+02,2.06E+02,2.94E+01
738,-59.9583,-39.9267,7.77E+00,1.06E+02,1.88E+02,3.57E+01
739,-59.979,-33.2709,8.03E+00,1.09E+02,1.68E+02,4.29E+01
740,-66.6376,-39.9324,7.29E+00,1.01E+02,1.66E+02,4.01E+01
741,-66.6193,-46.59,7.05E+00,9.83E+01,1.83E+02,3.38E+01
742,-66.6567,-33.2765,7.51E+00,1.03E+02,1.50E+02,4.69E+01
743,-53.2784,-39.922,8.24E+00,1.11E+02,2.16E+02,3.04E+01
744,-53.2621,-46.5837,7.91E+00,1.06E+02,2.29E+02,2.51E+01
745,-53.2997,-33.2654,8.54E+00,1.16E+02,1.94E+02,3.78E+01
746,-93.3635,-26.6367,5.57E+00,8.50E+01,1.05E+02,5.89E+01
747,-86.6929,-26.6332,6.09E+00,8.90E+01,1.10E+02,5.86E+01
748,-80.0213,-26.6295,6.62E+00,9.35E+01,1.16E+02,5.78E+01
749,-86.7025,-19.9747,6.18E+00,8.96E+01,1.04E+02,6.45E+01
750,-86.7099,-13.3158,6.25E+00,9.03E+01,9.86E+01,7.07E+01
751,-86.7147,-6.6568,6.29E+00,9.11E+01,9.43E+01,7.71E+01
752,-93.3777,-13.3176,5.70E+00,8.66E+01,9.52E+01,7.01E+01
753,-93.3716,-19.9773,5.65E+00,8.57E+01,9.97E+01,6.44E+01
754,-93.3817,-6.65783,5.74E+00,8.75E+01,9.13E+01,7.60E+01
755,-80.0415,-13.3139,6.80E+00,9.45E+01,1.03E+02,7.09E+01
756,-80.0327,-19.9719,6.72E+00,9.40E+01,1.09E+02,6.42E+01
757,-80.0473,-6.65571,6.85E+00,9.51E+01,9.78E+01,7.81E+01
758,-86.6541,-46.608,5.69E+00,8.62E+01,1.36E+02,4.19E+01
759,-86.6682,-39.9497,5.85E+00,8.74E+01,1.26E+02,4.73E+01
760,-86.6813,-33.2915,5.98E+00,8.83E+01,1.17E+02,5.29E+01
761,-93.3423,-39.9549,5.37E+00,8.33E+01,1.19E+02,4.83E+01
762,-93.3299,-46.614,5.24E+00,8.23E+01,1.27E+02,4.31E+01
763,-93.3537,-33.2958,5.48E+00,8.42E+01,1.11E+02,5.36E+01
764,-79.9927,-39.9441,6.33E+00,9.17E+01,1.36E+02,4.57E+01
765,-79.9768,-46.6019,6.15E+00,9.02E+01,1.48E+02,4.00E+01
766,-80.0077,-33.2868,6.48E+00,9.28E+01,1.25E+02,5.17E+01
767,93.3244,-53.2812,5.12E+00,1.24E+02,6.76E+01,1.43E+02
768,86.6485,-53.2762,5.56E+00,1.33E+02,6.96E+01,1.54E+02
769,79.9716,-53.2714,5.99E+00,1.45E+02,7.15E+01,1.69E+02
770,73.294,-53.2671,6.42E+00,1.60E+02,7.32E+01,1.86E+02
771,66.6162,-53.264,6.85E+00,1.78E+02,7.46E+01,2.07E+02
772,59.9393,-53.2632,7.25E+00,1.97E+02,7.60E+01,2.28E+02
773,53.2654,-53.2667,7.64E+00,2.10E+02,7.80E+01,2.43E+02
774,46.597,-53.2768,8.01E+00,2.10E+02,8.12E+01,2.45E+02
775,39.9348,-53.2934,8.34E+00,1.98E+02,8.56E+01,2.32E+02
776,33.2772,-53.3143,8.63E+00,1.77E+02,9.05E+01,2.09E+02
777,26.6222,-53.3363,8.88E+00,1.56E+02,9.52E+01,1.83E+02
778,19.9678,-53.3563,9.08E+00,1.40E+02,9.93E+01,1.57E+02
779,13.3129,-53.3719,9.23E+00,1.30E+02,1.03E+02,1.33E+02
780,6.65723,-53.3812,9.31E+00,1.26E+02,1.08E+02,1.12E+02
781,53.2611,-59.9396,7.26E+00,1.98E+02,7.57E+01,2.29E+02
782,53.2614,-66.6159,6.85E+00,1.80E+02,7.42E+01,2.09E+02
783,53.2643,-73.2933,6.43E+00,1.63E+02,7.27E+01,1.88E+02
784,53.2686,-79.9708,6.00E+00,1.47E+02,7.11E+01,1.70E+02
785,53.2736,-86.6477,5.56E+00,1.35E+02,6.92E+01,1.56E+02
786,53.2788,-93.3236,5.13E+00,1.25E+02,6.72E+01,1.44E+02
787,59.927,-73.2799,6.17E+00,1.73E+02,6.94E+01,1.99E+02
788,66.5933,-73.27,5.89E+00,1.78E+02,6.65E+01,2.03E+02
789,73.2635,-73.2643,5.59E+00,1.76E+02,6.42E+01,2.01E+02
790,79.937,-73.2625,5.27E+00,1.68E+02,6.25E+01,1.92E+02
791,86.6127,-73.2636,4.94E+00,1.58E+02,6.11E+01,1.81E+02
792,93.2895,-73.2668,4.59E+00,1.47E+02,5.97E+01,1.69E+02
793,73.2699,-66.595,5.89E+00,1.77E+02,6.67E+01,2.03E+02
794,73.2803,-59.9294,6.17E+00,1.71E+02,6.98E+01,1.97E+02
795,59.9266,-66.6042,6.55E+00,1.87E+02,7.09E+01,2.15E+02
796,59.9302,-59.9314,6.91E+00,1.97E+02,7.30E+01,2.27E+02
797,66.5963,-66.5973,6.23E+00,1.86E+02,6.85E+01,2.13E+02
798,66.6039,-59.9285,6.55E+00,1.86E+02,7.12E+01,2.14E+02
799,86.623,-66.5992,5.16E+00,1.52E+02,6.39E+01,1.74E+02
800,86.6352,-59.9369,5.37E+00,1.43E+02,6.68E+01,1.65E+02
801,79.9459,-66.596,5.53E+00,1.64E+02,6.53E+01,1.89E+02
802,79.9577,-59.9325,5.78E+00,1.56E+02,6.84E+01,1.80E+02
803,93.3002,-66.6036,4.78E+00,1.40E+02,6.24E+01,1.61E+02
804,93.3121,-59.9419,4.96E+00,1.32E+02,6.50E+01,1.52E+02
805,73.2649,-93.2888,4.59E+00,1.49E+02,5.94E+01,1.70E+02
806,73.2619,-86.6124,4.94E+00,1.59E+02,6.08E+01,1.82E+02
807,73.2611,-79.9371,5.27E+00,1.69E+02,6.23E+01,1.93E+02
808,66.5969,-86.6223,5.17E+00,1.53E+02,6.36E+01,1.76E+02
809,59.9343,-86.6344,5.38E+00,1.45E+02,6.64E+01,1.66E+02
810,66.6013,-93.2994,4.79E+00,1.42E+02,6.20E+01,1.62E+02
811,59.9394,-93.3112,4.96E+00,1.34E+02,6.47E+01,1.53E+02
812,66.5939,-79.9455,5.54E+00,1.66E+02,6.50E+01,1.90E+02
813,59.93,-79.9571,5.78E+00,1.58E+02,6.80E+01,1.82E+02
814,93.2741,-86.6003,4.14E+00,1.54E+02,5.48E+01,1.76E+02
815,86.6007,-86.6013,4.42E+00,1.60E+02,5.64E+01,1.82E+02
816,79.9298,-86.6052,4.69E+00,1.62E+02,5.84E+01,1.84E+02
817,86.5993,-93.2741,4.14E+00,1.55E+02,5.46E+01,1.76E+02
818,93.2705,-93.2708,3.89E+00,1.53E+02,5.27E+01,1.74E+02
819,79.9308,-93.2801,4.37E+00,1.54E+02,5.69E+01,1.75E+02
820,86.6052,-79.931,4.69E+00,1.61E+02,5.85E+01,1.83E+02
821,93.2806,-79.9323,4.37E+00,1.52E+02,5.71E+01,1.74E+02
822,79.9317,-79.9324,4.99E+00,1.67E+02,6.02E+01,1.91E+02
823,26.6253,-60.0106,8.31E+00,1.38E+02,9.14E+01,1.60E+02
824,26.6285,-66.6836,7.74E+00,1.26E+02,8.80E+01,1.43E+02
825,26.6316,-73.3555,7.19E+00,1.16E+02,8.49E+01,1.31E+02
826,26.6346,-80.0267,6.64E+00,1.10E+02,8.20E+01,1.22E+02
827,26.6374,-86.6971,6.11E+00,1.04E+02,7.94E+01,1.15E+02
828,26.6402,-93.3668,5.59E+00,9.98E+01,7.68E+01,1.09E+02
829,33.2887,-73.3412,7.04E+00,1.25E+02,8.22E+01,1.45E+02
830,39.9461,-73.3253,6.86E+00,1.37E+02,7.92E+01,1.59E+02
831,46.6043,-73.3089,6.66E+00,1.50E+02,7.61E+01,1.74E+02
832,39.9416,-66.649,7.36E+00,1.52E+02,8.15E+01,1.78E+02
833,39.9376,-59.9715,7.85E+00,1.72E+02,8.36E+01,2.02E+02
834,33.2848,-66.6669,7.57E+00,1.38E+02,8.49E+01,1.60E+02
835,33.2809,-59.9913,8.10E+00,1.54E+02,8.77E+01,1.81E+02
836,46.6001,-66.6314,7.12E+00,1.67E+02,7.79E+01,1.95E+02
837,46.5972,-59.9535,7.57E+00,1.89E+02,7.94E+01,2.20E+02
838,39.9593,-93.3474,5.39E+00,1.10E+02,7.21E+01,1.26E+02
839,39.955,-86.6746,5.88E+00,1.17E+02,7.45E+01,1.34E+02
840,39.9506,-80.0005,6.37E+00,1.25E+02,7.69E+01,1.45E+02
841,33.2962,-86.6866,6.01E+00,1.10E+02,7.69E+01,1.24E+02
842,33.2998,-93.3578,5.50E+00,1.05E+02,7.44E+01,1.17E+02
843,33.2925,-80.0144,6.52E+00,1.17E+02,7.95E+01,1.33E+02
844,46.614,-86.6614,5.73E+00,1.25E+02,7.19E+01,1.45E+02
845,46.6189,-93.3359,5.27E+00,1.17E+02,6.97E+01,1.35E+02
846,46.6091,-79.9856,6.20E+00,1.36E+02,7.41E+01,1.58E+02
847,6.65877,-73.3811,7.43E+00,1.03E+02,9.35E+01,9.68E+01
848,13.3167,-73.3761,7.39E+00,1.06E+02,9.04E+01,1.07E+02
849,19.9743,-73.3674,7.30E+00,1.10E+02,8.76E+01,1.19E+02
850,13.3154,-66.7082,7.98E+00,1.12E+02,9.39E+01,1.14E+02
851,13.3141,-60.0401,8.59E+00,1.20E+02,9.81E+01,1.22E+02
852,6.65823,-66.7143,8.03E+00,1.09E+02,9.73E+01,1.01E+02
853,6.65771,-60.0475,8.66E+00,1.16E+02,1.02E+02,1.06E+02
854,19.9721,-66.6977,7.88E+00,1.17E+02,9.09E+01,1.28E+02
855,19.9699,-60.0274,8.47E+00,1.27E+02,9.48E+01,1.40E+02
856,13.3205,-93.379,5.70E+00,9.33E+01,8.18E+01,9.51E+01
857,13.3192,-86.7117,6.25E+00,9.67E+01,8.44E+01,9.84E+01
858,13.318,-80.044,6.81E+00,1.01E+02,8.72E+01,1.02E+02
859,6.65987,-86.7152,6.28E+00,9.45E+01,8.72E+01,9.09E+01
860,6.66043,-93.382,5.73E+00,9.11E+01,8.45E+01,8.84E+01
861,6.65932,-80.0482,6.85E+00,9.85E+01,9.01E+01,9.36E+01
862,19.9785,-86.7056,6.19E+00,9.99E+01,8.18E+01,1.07E+02
863,19.9805,-93.3739,5.65E+00,9.61E+01,7.92E+01,1.02E+02
864,19.9764,-80.0367,6.74E+00,1.04E+02,8.46E+01,1.12E+02
865,53.3797,-6.66064,9.29E+00,1.24E+02,1.09E+02,1.15E+02
866,53.3711,-13.3164,9.21E+00,1.29E+02,1.04E+02,1.36E+02
867,53.3561,-19.9715,9.07E+00,1.38E+02,1.00E+02,1.59E+02
868,53.3365,-26.6261,8.87E+00,1.54E+02,9.60E+01,1.83E+02
869,53.3147,-33.281,8.62E+00,1.74E+02,9.13E+01,2.08E+02
870,53.2937,-39.9382,8.33E+00,1.95E+02,8.62E+01,2.30E+02
871,53.2764,-46.5995,8.00E+00,2.09E+02,8.15E+01,2.44E+02
872,60.0107,-26.629,8.30E+00,1.37E+02,9.22E+01,1.60E+02
873,66.6836,-26.6319,7.73E+00,1.24E+02,8.86E+01,1.44E+02
874,73.3555,-26.6346,7.18E+00,1.15E+02,8.55E+01,1.32E+02
875,80.0265,-26.6373,6.63E+00,1.09E+02,8.25E+01,1.23E+02
876,86.6969,-26.6399,6.10E+00,1.03E+02,7.98E+01,1.15E+02
877,93.3665,-26.6425,5.58E+00,9.92E+01,7.72E+01,1.10E+02
878,73.3669,-19.9772,7.29E+00,1.09E+02,8.82E+01,1.20E+02
879,73.3752,-13.3194,7.37E+00,1.05E+02,9.10E+01,1.09E+02
880,73.3799,-6.66146,7.42E+00,1.02E+02,9.42E+01,9.82E+01
881,66.7072,-13.3184,7.97E+00,1.11E+02,9.47E+01,1.15E+02
882,60.0392,-13.3173,8.58E+00,1.19E+02,9.90E+01,1.24E+02
883,66.6972,-19.9753,7.87E+00,1.16E+02,9.16E+01,1.29E+02
884,60.027,-19.9734,8.46E+00,1.26E+02,9.56E+01,1.41E+02
885,66.7129,-6.66115,8.02E+00,1.08E+02,9.81E+01,1.02E+02
886,60.0461,-6.66087,8.64E+00,1.15E+02,1.03E+02,1.08E+02
887,93.3783,-13.3226,5.69E+00,9.28E+01,8.23E+01,9.56E+01
888,86.7109,-13.3215,6.24E+00,9.62E+01,8.49E+01,9.91E+01
889,80.0431,-13.3205,6.80E+00,1.00E+02,8.78E+01,1.03E+02
890,86.705,-19.9808,6.18E+00,9.92E+01,8.23E+01,1.07E+02
891,93.3734,-19.9826,5.65E+00,9.55E+01,7.97E+01,1.02E+02
892,80.0362,-19.979,6.73E+00,1.04E+02,8.51E+01,1.13E+02
893,86.7142,-6.66215,6.27E+00,9.40E+01,8.78E+01,9.16E+01
894,93.3811,-6.66252,5.72E+00,9.07E+01,8.50E+01,8.89E+01
895,80.0471,-6.6618,6.84E+00,9.79E+01,9.08E+01,9.47E+01
896,73.3096,-46.6075,6.65E+00,1.48E+02,7.66E+01,1.73E+02
897,73.3259,-39.9493,6.86E+00,1.35E+02,7.97E+01,1.58E+02
898,73.3415,-33.2918,7.03E+00,1.24E+02,8.27E+01,1.45E+02
899,66.6496,-39.9451,7.35E+00,1.50E+02,8.21E+01,1.77E+02
900,59.9721,-39.9411,7.85E+00,1.70E+02,8.43E+01,2.01E+02
901,66.632,-46.6033,7.11E+00,1.65E+02,7.84E+01,1.93E+02
902,59.9538,-46.6002,7.57E+00,1.86E+02,8.00E+01,2.18E+02
903,66.6673,-33.2882,7.56E+00,1.36E+02,8.55E+01,1.60E+02
904,59.9918,-33.2845,8.09E+00,1.52E+02,8.84E+01,1.80E+02
905,93.3477,-39.9617,5.38E+00,1.09E+02,7.25E+01,1.25E+02
906,86.6749,-39.9577,5.87E+00,1.16E+02,7.49E+01,1.34E+02
907,80.001,-39.9535,6.36E+00,1.24E+02,7.73E+01,1.44E+02
908,86.6619,-46.6167,5.73E+00,1.24E+02,7.23E+01,1.44E+02
909,93.3364,-46.6214,5.26E+00,1.16E+02,7.01E+01,1.34E+02
910,79.9863,-46.612,6.19E+00,1.34E+02,7.45E+01,1.57E+02
911,86.6867,-33.2988,6.00E+00,1.09E+02,7.74E+01,1.24E+02
912,93.3579,-33.3021,5.49E+00,1.04E+02,7.49E+01,1.17E+02
913,80.0146,-33.2954,6.51E+00,1.15E+02,8.00E+01,1.33E+02
914,6.65724,-26.7227,1.23E+01,2.26E+02,1.61E+02,1.92E+02
915,13.3119,-26.6936,1.20E+01,2.47E+02,1.46E+02,2.87E+02
916,19.9653,-26.6565,1.17E+01,2.80E+02,1.31E+02,3.53E+02
917,26.6283,-26.6304,1.12E+01,2.87E+02,1.18E+02,3.59E+02
918,33.3035,-26.6215,1.06E+01,2.56E+02,1.10E+02,3.16E+02
919,39.9827,-26.6212,1.00E+01,2.14E+02,1.05E+02,2.61E+02
920,46.6606,-26.6233,9.45E+00,1.79E+02,1.00E+02,2.16E+02
921,26.6556,-19.9689,1.16E+01,2.77E+02,1.32E+02,3.54E+02
922,26.6928,-13.3161,1.20E+01,2.42E+02,1.49E+02,2.92E+02
923,26.7211,-6.66153,1.23E+01,2.19E+02,1.64E+02,2.01E+02
924,20.0182,-13.3215,1.28E+01,3.06E+02,1.77E+02,3.96E+02
925,13.3447,-13.3462,1.35E+01,3.69E+02,2.24E+02,4.65E+02
926,6.67336,-13.3994,1.41E+01,4.30E+02,2.89E+02,3.54E+02
927,13.3182,-20.0194,1.28E+01,3.12E+02,1.74E+02,3.90E+02
928,19.9804,-19.9826,1.23E+01,3.14E+02,1.50E+02,4.14E+02
929,6.66057,-20.0608,1.32E+01,2.97E+02,1.99E+02,2.64E+02
930,13.3994,-6.67535,1.41E+01,4.15E+02,2.86E+02,3.70E+02
931,20.0595,-6.66458,1.31E+01,2.86E+02,2.02E+02,2.78E+02
932,6.72194,-6.71819,1.50E+01,6.56E+02,4.31E+02,3.18E+02
933,46.7028,-13.3155,9.87E+00,1.43E+02,1.11E+02,1.53E+02
934,40.0342,-13.3149,1.06E+01,1.63E+02,1.20E+02,1.79E+02
935,33.3645,-13.3147,1.13E+01,1.94E+02,1.32E+02,2.21E+02
936,40.0104,-19.968,1.03E+01,1.84E+02,1.13E+02,2.21E+02
937,46.6841,-19.9696,9.70E+00,1.57E+02,1.06E+02,1.84E+02
938,33.3342,-19.9671,1.10E+01,2.25E+02,1.21E+02,2.78E+02
939,40.0487,-6.66045,1.07E+01,1.53E+02,1.27E+02,1.39E+02
940,46.7138,-6.66048,9.97E+00,1.36E+02,1.16E+02,1.24E+02
941,33.3844,-6.66067,1.15E+01,1.79E+02,1.41E+02,1.61E+02
942,26.6192,-46.6604,9.46E+00,1.82E+02,9.93E+01,2.16E+02
943,26.6171,-39.9826,1.00E+01,2.17E+02,1.04E+02,2.62E+02
944,26.618,-33.3042,1.06E+01,2.59E+02,1.09E+02,3.17E+02
945,13.3117,-46.7037,9.89E+00,1.45E+02,1.10E+02,1.50E+02
946,13.3108,-40.035,1.06E+01,1.66E+02,1.18E+02,1.75E+02
947,13.3104,-33.3652,1.13E+01,1.98E+02,1.30E+02,2.17E+02
948,6.65653,-40.0503,1.07E+01,1.56E+02,1.25E+02,1.34E+02
949,6.65681,-46.7154,9.99E+00,1.38E+02,1.15E+02,1.21E+02
950,6.65653,-33.386,1.15E+01,1.83E+02,1.39E+02,1.55E+02
951,19.9637,-40.0105,1.04E+01,1.88E+02,1.11E+02,2.20E+02
952,19.9656,-46.6843,9.71E+00,1.59E+02,1.05E+02,1.82E+02
953,19.9629,-33.3344,1.10E+01,2.29E+02,1.19E+02,2.77E+02
954,39.9348,-46.6161,8.81E+00,2.25E+02,8.78E+01,2.64E+02
955,39.9411,-39.9429,9.26E+00,2.42E+02,9.13E+01,2.87E+02
956,39.9576,-33.278,9.67E+00,2.39E+02,9.71E+01,2.87E+02
957,33.2749,-39.9581,9.68E+00,2.41E+02,9.64E+01,2.88E+02
958,33.2746,-46.6362,9.16E+00,2.07E+02,9.33E+01,2.46E+02
959,33.2827,-33.2846,1.02E+01,2.63E+02,1.02E+02,3.18E+02
960,46.6156,-39.9376,8.81E+00,2.23E+02,8.83E+01,2.63E+02
961,46.6023,-46.6038,8.42E+00,2.25E+02,8.39E+01,2.63E+02
962,46.6363,-33.2783,9.16E+00,2.04E+02,9.41E+01,2.45E+02
1302,-99.9343,-106.19,3.10E+00,6.38E+01,1.56E+02,1.29E+01
1303,-99.9366,-112.448,2.85E+00,6.21E+01,1.51E+02,1.30E+01
1304,-99.9404,-118.707,2.59E+00,6.02E+01,1.46E+02,1.34E+01
1305,-99.9455,-124.967,2.31E+00,5.80E+01,1.40E+02,1.38E+01
1306,-93.2802,-124.973,2.44E+00,5.90E+01,1.37E+02,1.64E+01
1307,-86.616,-124.981,2.56E+00,6.00E+01,1.32E+02,1.98E+01
1308,-79.9526,-124.988,2.66E+00,6.10E+01,1.27E+02,2.35E+01
1309,-73.2896,-124.996,2.76E+00,6.19E+01,1.22E+02,2.75E+01
1310,-66.6271,-125.004,2.84E+00,6.29E+01,1.16E+02,3.16E+01
1311,-59.9646,-125.011,2.92E+00,6.39E+01,1.11E+02,3.57E+01
1312,-53.3022,-125.017,2.99E+00,6.50E+01,1.06E+02,3.99E+01
1313,-46.6398,-125.024,3.05E+00,6.61E+01,1.01E+02,4.41E+01
1314,-39.9773,-125.029,3.10E+00,6.73E+01,9.66E+01,4.83E+01
1315,-33.3146,-125.034,3.14E+00,6.85E+01,9.25E+01,5.26E+01
1316,-26.6519,-125.038,3.18E+00,6.99E+01,8.87E+01,5.68E+01
1317,-19.989,-125.041,3.21E+00,7.14E+01,8.52E+01,6.10E+01
1318,-13.3261,-125.043,3.23E+00,7.30E+01,8.20E+01,6.53E+01
1319,-6.66311,-125.044,3.24E+00,7.47E+01,7.89E+01,6.96E+01
1320,-6.26E-05,-125.045,3.25E+00,7.66E+01,7.60E+01,7.39E+01
1321,6.66299,-125.045,3.24E+00,7.86E+01,7.33E+01,7.83E+01
1322,13.326,-125.043,3.23E+00,8.09E+01,7.06E+01,8.28E+01
1323,19.989,-125.041,3.22E+00,8.34E+01,6.81E+01,8.74E+01
1324,26.6519,-125.038,3.19E+00,8.62E+01,6.57E+01,9.21E+01
1325,33.3148,-125.035,3.15E+00,8.93E+01,6.34E+01,9.69E+01
1326,39.9775,-125.03,3.11E+00,9.27E+01,6.11E+01,1.02E+02
1327,46.6402,-125.025,3.06E+00,9.65E+01,5.89E+01,1.07E+02
1328,53.3028,-125.019,3.01E+00,1.01E+02,5.68E+01,1.12E+02
1329,59.9654,-125.013,2.94E+00,1.05E+02,5.47E+01,1.18E+02
1330,66.6281,-125.006,2.87E+00,1.10E+02,5.26E+01,1.24E+02
1331,73.291,-124.999,2.79E+00,1.15E+02,5.06E+01,1.29E+02
1332,79.9543,-124.992,2.70E+00,1.20E+02,4.86E+01,1.35E+02
1333,86.6181,-124.985,2.60E+00,1.24E+02,4.67E+01,1.40E+02
1334,93.2828,-124.978,2.49E+00,1.28E+02,4.48E+01,1.44E+02
1335,99.9486,-124.972,2.36E+00,1.30E+02,4.30E+01,1.47E+02
1336,99.9444,-118.713,2.64E+00,1.34E+02,4.46E+01,1.52E+02
1337,99.9415,-112.454,2.91E+00,1.39E+02,4.61E+01,1.58E+02
1338,99.9402,-106.197,3.16E+00,1.44E+02,4.76E+01,1.63E+02
1339,-2.86E-05,-118.797,3.73E+00,7.88E+01,7.81E+01,7.55E+01
1340,2.46E-05,-112.548,4.21E+00,8.12E+01,8.03E+01,7.71E+01
1341,9.29E-05,-106.299,4.70E+00,8.37E+01,8.25E+01,7.87E+01
1342,-53.2975,-118.763,3.41E+00,6.81E+01,1.09E+02,4.01E+01
1343,-53.2925,-112.508,3.82E+00,7.12E+01,1.14E+02,4.00E+01
1344,-53.2873,-106.251,4.23E+00,7.44E+01,1.19E+02,3.98E+01
1345,-79.9462,-118.729,3.01E+00,6.39E+01,1.33E+02,2.33E+01
1346,-79.94,-112.47,3.34E+00,6.66E+01,1.39E+02,2.30E+01
1347,-79.9342,-106.21,3.67E+00,6.91E+01,1.47E+02,2.24E+01
1348,-86.604,-112.461,3.19E+00,6.51E+01,1.45E+02,1.91E+01
1349,-93.2693,-112.454,3.03E+00,6.36E+01,1.49E+02,1.58E+01
1350,-86.6098,-118.721,2.88E+00,6.27E+01,1.38E+02,1.95E+01
1351,-93.2743,-118.714,2.74E+00,6.15E+01,1.43E+02,1.62E+01
1352,-86.5988,-106.201,3.50E+00,6.74E+01,1.52E+02,1.86E+01
1353,-93.2654,-106.194,3.30E+00,6.56E+01,1.55E+02,1.53E+01
1354,-66.6213,-118.747,3.23E+00,6.60E+01,1.21E+02,3.15E+01
1355,-66.6154,-112.489,3.61E+00,6.91E+01,1.26E+02,3.13E+01
1356,-66.6093,-106.23,3.98E+00,7.20E+01,1.33E+02,3.08E+01
1357,-73.2774,-112.479,3.48E+00,6.79E+01,1.33E+02,2.70E+01
1358,-73.2835,-118.738,3.12E+00,6.50E+01,1.27E+02,2.73E+01
1359,-73.2711,-106.22,3.83E+00,7.06E+01,1.40E+02,2.65E+01
1360,-59.9538,-112.499,3.72E+00,7.01E+01,1.20E+02,3.56E+01
1361,-59.9594,-118.755,3.32E+00,6.70E+01,1.15E+02,3.58E+01
1362,-59.9481,-106.241,4.11E+00,7.33E+01,1.26E+02,3.53E+01
1363,-26.6497,-118.788,3.64E+00,7.26E+01,9.13E+01,5.75E+01
1364,-26.6473,-112.537,4.11E+00,7.55E+01,9.39E+01,5.81E+01
1365,-26.6448,-106.286,4.58E+00,7.85E+01,9.69E+01,5.86E+01
1366,-39.9738,-118.777,3.54E+00,7.02E+01,9.96E+01,4.87E+01
1367,-39.9701,-112.524,3.99E+00,7.32E+01,1.03E+02,4.90E+01
1368,-39.9663,-106.271,4.43E+00,7.64E+01,1.07E+02,4.91E+01
1369,-46.6313,-112.517,3.91E+00,7.22E+01,1.08E+02,4.45E+01
1370,-46.6356,-118.771,3.48E+00,6.91E+01,1.04E+02,4.44E+01
1371,-46.6267,-106.261,4.34E+00,7.54E+01,1.13E+02,4.44E+01
1372,-33.3089,-112.531,4.05E+00,7.43E+01,9.82E+01,5.36E+01
1373,-33.3119,-118.783,3.60E+00,7.14E+01,9.53E+01,5.31E+01
1374,-33.3056,-106.279,4.51E+00,7.74E+01,1.02E+02,5.38E+01
1375,-13.325,-118.794,3.70E+00,7.54E+01,8.42E+01,6.64E+01
1376,-13.3238,-112.545,4.18E+00,7.80E+01,8.65E+01,6.75E+01
1377,-13.3225,-106.295,4.67E+00,8.08E+01,8.90E+01,6.85E+01
1378,-19.9856,-112.542,4.15E+00,7.67E+01,9.01E+01,6.28E+01
1379,-19.9874,-118.791,3.68E+00,7.40E+01,8.76E+01,6.19E+01
1380,-19.9837,-106.291,4.63E+00,7.96E+01,9.27E+01,6.35E+01
1381,-6.66191,-112.547,4.20E+00,7.95E+01,8.33E+01,7.23E+01
1382,-6.66252,-118.796,3.72E+00,7.71E+01,8.11E+01,7.09E+01
1383,-6.66127,-106.298,4.69E+00,8.21E+01,8.56E+01,7.35E+01
1384,46.6363,-118.773,3.50E+00,9.94E+01,6.11E+01,1.11E+02
1385,46.6323,-112.519,3.93E+00,1.03E+02,6.32E+01,1.15E+02
1386,46.6281,-106.265,4.37E+00,1.06E+02,6.53E+01,1.20E+02
1387,19.9875,-118.792,3.69E+00,8.56E+01,7.02E+01,8.98E+01
1388,19.9858,-112.543,4.16E+00,8.78E+01,7.24E+01,9.24E+01
1389,19.9841,-106.292,4.64E+00,9.02E+01,7.45E+01,9.52E+01
1390,13.324,-112.546,4.19E+00,8.53E+01,7.49E+01,8.72E+01
1391,6.662,-112.547,4.21E+00,8.31E+01,7.75E+01,8.21E+01
1392,13.325,-118.795,3.71E+00,8.30E+01,7.27E+01,8.50E+01
1393,6.6625,-118.796,3.72E+00,8.08E+01,7.54E+01,8.02E+01
1394,13.3229,-106.296,4.67E+00,8.77E+01,7.70E+01,8.95E+01
1395,6.66149,-106.298,4.69E+00,8.55E+01,7.97E+01,8.41E+01
1396,33.3121,-118.784,3.61E+00,9.16E+01,6.55E+01,1.00E+02
1397,33.3093,-112.533,4.07E+00,9.42E+01,6.76E+01,1.03E+02
1398,33.3063,-106.281,4.53E+00,9.70E+01,6.98E+01,1.07E+02
1399,26.6476,-112.538,4.12E+00,9.08E+01,7.00E+01,9.78E+01
1400,26.6498,-118.789,3.65E+00,8.84E+01,6.78E+01,9.48E+01
1401,26.6453,-106.287,4.59E+00,9.33E+01,7.21E+01,1.01E+02
1402,39.9708,-112.527,4.01E+00,9.81E+01,6.54E+01,1.09E+02
1403,39.9742,-118.779,3.56E+00,9.53E+01,6.33E+01,1.05E+02
1404,39.9672,-106.273,4.46E+00,1.01E+02,6.75E+01,1.14E+02
1405,73.2854,-118.742,3.16E+00,1.19E+02,5.26E+01,1.35E+02
1406,73.2797,-112.484,3.52E+00,1.25E+02,5.45E+01,1.42E+02
1407,73.2743,-106.225,3.88E+00,1.31E+02,5.63E+01,1.49E+02
1408,59.9605,-118.758,3.35E+00,1.09E+02,5.68E+01,1.23E+02
1409,59.9554,-112.502,3.75E+00,1.13E+02,5.88E+01,1.28E+02
1410,59.9502,-106.245,4.15E+00,1.18E+02,6.09E+01,1.35E+02
1411,53.2938,-112.511,3.85E+00,1.08E+02,6.10E+01,1.22E+02
1412,53.2984,-118.766,3.43E+00,1.04E+02,5.89E+01,1.17E+02
1413,53.289,-106.255,4.27E+00,1.12E+02,6.31E+01,1.28E+02
1414,66.6173,-112.493,3.64E+00,1.19E+02,5.67E+01,1.35E+02
1415,66.6227,-118.75,3.26E+00,1.14E+02,5.47E+01,1.29E+02
1416,66.6118,-106.235,4.02E+00,1.25E+02,5.86E+01,1.42E+02
1417,86.6126,-118.726,2.93E+00,1.29E+02,4.85E+01,1.46E+02
1418,86.6076,-112.467,3.24E+00,1.35E+02,5.02E+01,1.53E+02
1419,86.6034,-106.208,3.55E+00,1.41E+02,5.17E+01,1.60E+02
1420,79.943,-112.475,3.39E+00,1.30E+02,5.23E+01,1.48E+02
1421,79.9485,-118.734,3.05E+00,1.24E+02,5.06E+01,1.41E+02
1422,79.938,-106.216,3.72E+00,1.37E+02,5.40E+01,1.56E+02
1423,93.2736,-112.46,3.08E+00,1.38E+02,4.81E+01,1.56E+02
1424,93.2778,-118.719,2.79E+00,1.32E+02,4.65E+01,1.50E+02
1425,93.2707,-106.201,3.36E+00,1.44E+02,4.95E+01,1.63E+02
1426,99.9342,106.19,3.10E+00,6.36E+01,1.57E+02,1.30E+01
1427,99.9362,112.448,2.85E+00,6.17E+01,1.52E+02,1.30E+01
1428,99.9399,118.706,2.59E+00,5.97E+01,1.47E+02,1.33E+01
1429,99.9448,124.966,2.31E+00,5.74E+01,1.42E+02,1.36E+01
1430,93.2791,124.972,2.44E+00,5.84E+01,1.39E+02,1.62E+01
1431,86.6146,124.979,2.56E+00,5.94E+01,1.35E+02,1.95E+01
1432,79.9509,124.987,2.66E+00,6.04E+01,1.30E+02,2.31E+01
1433,73.2878,124.994,2.76E+00,6.14E+01,1.24E+02,2.71E+01
1434,66.6251,125.002,2.85E+00,6.23E+01,1.19E+02,3.12E+01
1435,59.9626,125.009,2.92E+00,6.33E+01,1.13E+02,3.53E+01
1436,53.3002,125.016,2.99E+00,6.43E+01,1.08E+02,3.96E+01
1437,46.6377,125.022,3.05E+00,6.54E+01,1.03E+02,4.38E+01
1438,39.9752,125.028,3.10E+00,6.65E+01,9.85E+01,4.80E+01
1439,33.3126,125.033,3.15E+00,6.77E+01,9.43E+01,5.23E+01
1440,26.6499,125.037,3.18E+00,6.90E+01,9.03E+01,5.65E+01
1441,19.9871,125.04,3.21E+00,7.04E+01,8.67E+01,6.08E+01
1442,13.3242,125.042,3.23E+00,7.19E+01,8.33E+01,6.50E+01
1443,6.66123,125.044,3.24E+00,7.35E+01,8.02E+01,6.93E+01
1444,-0.0017871,125.045,3.25E+00,7.54E+01,7.72E+01,7.37E+01
1445,-6.66482,125.044,3.25E+00,7.73E+01,7.44E+01,7.80E+01
1446,-13.3278,125.043,3.23E+00,7.96E+01,7.17E+01,8.25E+01
1447,-19.9908,125.042,3.22E+00,8.20E+01,6.92E+01,8.69E+01
1448,-26.6538,125.039,3.19E+00,8.47E+01,6.67E+01,9.15E+01
1449,-33.3166,125.035,3.15E+00,8.78E+01,6.43E+01,9.62E+01
1450,-39.9794,125.031,3.11E+00,9.12E+01,6.20E+01,1.01E+02
1451,-46.6421,125.026,3.06E+00,9.49E+01,5.98E+01,1.06E+02
1452,-53.3046,125.021,3.01E+00,9.90E+01,5.76E+01,1.11E+02
1453,-59.9673,125.014,2.94E+00,1.03E+02,5.54E+01,1.16E+02
1454,-66.63,125.008,2.87E+00,1.08E+02,5.33E+01,1.22E+02
1455,-73.2927,125,2.79E+00,1.13E+02,5.13E+01,1.27E+02
1456,-79.9558,124.993,2.70E+00,1.18E+02,4.93E+01,1.33E+02
1457,-86.6194,124.986,2.60E+00,1.22E+02,4.73E+01,1.38E+02
1458,-93.2838,124.979,2.49E+00,1.26E+02,4.53E+01,1.42E+02
1459,-99.9492,124.972,2.36E+00,1.29E+02,4.35E+01,1.46E+02
1460,-99.9449,118.713,2.64E+00,1.33E+02,4.50E+01,1.51E+02
1461,-99.9418,112.454,2.91E+00,1.38E+02,4.64E+01,1.57E+02
1462,-99.9402,106.197,3.16E+00,1.43E+02,4.78E+01,1.62E+02
1463,-0.00215395,118.796,3.73E+00,7.77E+01,7.93E+01,7.54E+01
1464,-0.00253741,112.548,4.21E+00,8.01E+01,8.14E+01,7.71E+01
1465,-0.00294122,106.298,4.70E+00,8.25E+01,8.36E+01,7.89E+01
1466,53.2951,118.762,3.41E+00,6.74E+01,1.12E+02,3.97E+01
1467,53.2899,112.506,3.82E+00,7.06E+01,1.16E+02,3.98E+01
1468,53.2844,106.249,4.24E+00,7.39E+01,1.22E+02,3.96E+01
1469,79.9445,118.728,3.01E+00,6.33E+01,1.35E+02,2.30E+01
1470,79.9382,112.468,3.35E+00,6.61E+01,1.42E+02,2.27E+01
1471,79.9324,106.208,3.67E+00,6.87E+01,1.50E+02,2.21E+01
1472,86.6025,112.46,3.20E+00,6.47E+01,1.47E+02,1.89E+01
1473,93.2684,112.453,3.03E+00,6.32E+01,1.51E+02,1.56E+01
1474,86.6083,118.72,2.88E+00,6.22E+01,1.41E+02,1.93E+01
1475,93.2734,118.712,2.74E+00,6.09E+01,1.45E+02,1.59E+01
1476,86.5976,106.2,3.50E+00,6.70E+01,1.55E+02,1.84E+01
1477,93.2647,106.194,3.31E+00,6.53E+01,1.57E+02,1.52E+01
1478,66.6191,118.745,3.23E+00,6.55E+01,1.23E+02,3.12E+01
1479,66.6129,112.487,3.61E+00,6.85E+01,1.29E+02,3.10E+01
1480,66.6067,106.228,3.98E+00,7.16E+01,1.36E+02,3.05E+01
1481,73.2751,112.477,3.48E+00,6.74E+01,1.36E+02,2.67E+01
1482,73.2815,118.736,3.13E+00,6.44E+01,1.30E+02,2.70E+01
1483,73.2689,106.218,3.83E+00,7.02E+01,1.43E+02,2.62E+01
1484,59.9512,112.497,3.72E+00,6.96E+01,1.23E+02,3.53E+01
1485,59.957,118.753,3.32E+00,6.65E+01,1.17E+02,3.54E+01
1486,59.9453,106.239,4.12E+00,7.28E+01,1.29E+02,3.50E+01
1487,26.6473,118.787,3.64E+00,7.18E+01,9.28E+01,5.73E+01
1488,26.6446,112.536,4.11E+00,7.46E+01,9.55E+01,5.81E+01
1489,26.6417,106.284,4.58E+00,7.77E+01,9.85E+01,5.87E+01
1490,39.9714,118.776,3.55E+00,6.95E+01,1.02E+02,4.85E+01
1491,39.9674,112.523,3.99E+00,7.26E+01,1.05E+02,4.88E+01
1492,39.9632,106.269,4.43E+00,7.58E+01,1.09E+02,4.90E+01
1493,46.6286,112.515,3.91E+00,7.16E+01,1.10E+02,4.43E+01
1494,46.6333,118.769,3.48E+00,6.84E+01,1.06E+02,4.41E+01
1495,46.6237,106.26,4.34E+00,7.49E+01,1.15E+02,4.43E+01
1496,33.3061,112.53,4.06E+00,7.36E+01,1.00E+02,5.34E+01
1497,33.3094,118.782,3.60E+00,7.06E+01,9.70E+01,5.29E+01
1498,33.3025,106.277,4.51E+00,7.67E+01,1.03E+02,5.38E+01
1499,13.3228,118.794,3.71E+00,7.44E+01,8.55E+01,6.63E+01
1500,13.3212,112.544,4.18E+00,7.71E+01,8.78E+01,6.75E+01
1501,13.3196,106.294,4.67E+00,7.98E+01,9.02E+01,6.86E+01
1502,19.983,112.541,4.15E+00,7.58E+01,9.15E+01,6.27E+01
1503,19.9851,118.791,3.68E+00,7.30E+01,8.90E+01,6.18E+01
1504,19.9808,106.29,4.63E+00,7.87E+01,9.41E+01,6.36E+01
1505,6.65939,112.546,4.20E+00,7.85E+01,8.45E+01,7.23E+01
1506,6.66033,118.795,3.72E+00,7.60E+01,8.23E+01,7.08E+01
1507,6.65839,106.297,4.69E+00,8.11E+01,8.67E+01,7.37E+01
1508,-46.6385,118.774,3.50E+00,9.77E+01,6.18E+01,1.10E+02
1509,-46.6348,112.52,3.93E+00,1.01E+02,6.39E+01,1.14E+02
1510,-46.631,106.266,4.37E+00,1.04E+02,6.60E+01,1.19E+02
1511,-19.9896,118.793,3.69E+00,8.42E+01,7.12E+01,8.94E+01
1512,-19.9883,112.543,4.16E+00,8.65E+01,7.32E+01,9.21E+01
1513,-19.9869,106.293,4.64E+00,8.88E+01,7.54E+01,9.50E+01
1514,-13.3265,112.546,4.19E+00,8.40E+01,7.58E+01,8.70E+01
1515,-6.66447,112.547,4.21E+00,8.19E+01,7.85E+01,8.20E+01
1516,-13.3271,118.795,3.71E+00,8.18E+01,7.37E+01,8.47E+01
1517,-6.66465,118.796,3.72E+00,7.96E+01,7.64E+01,8.00E+01
1518,-13.3256,106.296,4.68E+00,8.63E+01,7.79E+01,8.95E+01
1519,-6.66431,106.298,4.70E+00,8.43E+01,8.06E+01,8.41E+01
1520,-33.3142,118.785,3.61E+00,9.01E+01,6.64E+01,9.93E+01
1521,-33.3117,112.534,4.07E+00,9.26E+01,6.84E+01,1.03E+02
1522,-33.3091,106.282,4.53E+00,9.54E+01,7.05E+01,1.07E+02
1523,-26.65,112.539,4.12E+00,8.93E+01,7.08E+01,9.73E+01
1524,-26.6519,118.789,3.65E+00,8.70E+01,6.87E+01,9.43E+01
1525,-26.6481,106.288,4.60E+00,9.18E+01,7.29E+01,1.01E+02
1526,-39.9733,112.528,4.01E+00,9.64E+01,6.61E+01,1.08E+02
1527,-39.9764,118.78,3.56E+00,9.37E+01,6.41E+01,1.04E+02
1528,-39.9701,106.275,4.46E+00,9.96E+01,6.82E+01,1.13E+02
1529,-73.2872,118.743,3.16E+00,1.17E+02,5.32E+01,1.33E+02
1530,-73.2817,112.485,3.53E+00,1.22E+02,5.51E+01,1.39E+02
1531,-73.2764,106.226,3.88E+00,1.29E+02,5.68E+01,1.47E+02
1532,-59.9626,118.76,3.35E+00,1.07E+02,5.75E+01,1.21E+02
1533,-59.9578,112.504,3.75E+00,1.11E+02,5.95E+01,1.27E+02
1534,-59.9528,106.247,4.15E+00,1.16E+02,6.14E+01,1.33E+02
1535,-53.2963,112.512,3.85E+00,1.06E+02,6.17E+01,1.20E+02
1536,-53.3006,118.767,3.43E+00,1.02E+02,5.96E+01,1.15E+02
1537,-53.2918,106.257,4.27E+00,1.10E+02,6.37E+01,1.26E+02
1538,-66.6195,112.495,3.65E+00,1.17E+02,5.73E+01,1.33E+02
1539,-66.6248,118.752,3.26E+00,1.12E+02,5.53E+01,1.27E+02
1540,-66.6143,106.237,4.03E+00,1.22E+02,5.91E+01,1.40E+02
1541,-86.6139,118.727,2.93E+00,1.27E+02,4.90E+01,1.44E+02
1542,-86.6089,112.468,3.25E+00,1.33E+02,5.06E+01,1.51E+02
1543,-86.6046,106.208,3.55E+00,1.39E+02,5.21E+01,1.59E+02
1544,-79.9447,112.476,3.39E+00,1.28E+02,5.28E+01,1.45E+02
1545,-79.9502,118.735,3.05E+00,1.22E+02,5.11E+01,1.39E+02
1546,-79.9397,106.217,3.73E+00,1.35E+02,5.44E+01,1.53E+02
1547,-93.2745,112.46,3.09E+00,1.36E+02,4.84E+01,1.55E+02
1548,-93.2787,118.72,2.79E+00,1.31E+02,4.70E+01,1.48E+02
1549,-93.2712,106.202,3.37E+00,1.42E+02,4.98E+01,1.61E+02
1550,106.195,124.961,2.18E+00,5.64E+01,1.44E+02,1.20E+01
1551,112.447,124.957,2.04E+00,5.54E+01,1.43E+02,1.13E+01
1552,118.7,124.955,1.88E+00,5.44E+01,1.42E+02,1.17E+01
1553,124.955,124.954,1.71E+00,5.32E+01,1.39E+02,1.27E+01
1554,124.956,118.7,1.88E+00,5.46E+01,1.41E+02,1.17E+01
1555,124.958,112.447,2.04E+00,5.58E+01,1.42E+02,1.14E+01
1556,124.962,106.195,2.19E+00,5.69E+01,1.42E+02,1.20E+01
1557,124.967,99.9452,2.32E+00,5.79E+01,1.40E+02,1.37E+01
1558,124.973,93.2798,2.45E+00,5.89E+01,1.37E+02,1.63E+01
1559,124.981,86.6154,2.56E+00,5.99E+01,1.33E+02,1.95E+01
1560,124.988,79.9518,2.67E+00,6.09E+01,1.28E+02,2.32E+01
1561,124.996,73.2887,2.76E+00,6.18E+01,1.22E+02,2.72E+01
1562,125.003,66.626,2.85E+00,6.27E+01,1.17E+02,3.13E+01
1563,125.01,59.9635,2.92E+00,6.37E+01,1.12E+02,3.55E+01
1564,125.017,53.301,2.99E+00,6.47E+01,1.07E+02,3.97E+01
1565,125.023,46.6385,3.05E+00,6.58E+01,1.02E+02,4.39E+01
1566,125.028,39.976,3.10E+00,6.70E+01,9.75E+01,4.82E+01
1567,125.033,33.3133,3.15E+00,6.82E+01,9.34E+01,5.24E+01
1568,125.037,26.6506,3.18E+00,6.96E+01,8.96E+01,5.67E+01
1569,125.04,19.9878,3.21E+00,7.10E+01,8.60E+01,6.09E+01
1570,125.042,13.3248,3.23E+00,7.26E+01,8.27E+01,6.52E+01
1571,125.044,6.66184,3.24E+00,7.43E+01,7.96E+01,6.95E+01
1572,125.044,-0.00119407,3.24E+00,7.61E+01,7.66E+01,7.39E+01
1573,125.044,-6.66424,3.24E+00,7.82E+01,7.39E+01,7.83E+01
1574,125.043,-13.3272,3.23E+00,8.04E+01,7.12E+01,8.27E+01
1575,125.041,-19.9903,3.21E+00,8.29E+01,6.87E+01,8.72E+01
1576,125.038,-26.6532,3.18E+00,8.57E+01,6.62E+01,9.18E+01
1577,125.035,-33.316,3.15E+00,8.87E+01,6.39E+01,9.66E+01
1578,125.03,-39.9788,3.11E+00,9.21E+01,6.16E+01,1.01E+02
1579,125.025,-46.6415,3.06E+00,9.59E+01,5.93E+01,1.06E+02
1580,125.02,-53.3041,3.00E+00,1.00E+02,5.71E+01,1.12E+02
1581,125.013,-59.9668,2.93E+00,1.04E+02,5.50E+01,1.17E+02
1582,125.007,-66.6295,2.86E+00,1.09E+02,5.29E+01,1.22E+02
1583,125,-73.2924,2.78E+00,1.14E+02,5.08E+01,1.28E+02
1584,124.992,-79.9557,2.69E+00,1.19E+02,4.88E+01,1.33E+02
1585,124.985,-86.6195,2.59E+00,1.23E+02,4.68E+01,1.38E+02
1586,124.978,-93.284,2.48E+00,1.27E+02,4.49E+01,1.43E+02
1587,124.972,-99.9497,2.35E+00,1.30E+02,4.30E+01,1.46E+02
1588,124.967,-106.2,2.23E+00,1.31E+02,4.13E+01,1.48E+02
1589,124.963,-112.451,2.09E+00,1.31E+02,3.97E+01,1.48E+02
1590,124.961,-118.704,1.94E+00,1.29E+02,3.82E+01,1.47E+02
1591,124.959,-124.959,1.77E+00,1.27E+02,3.67E+01,1.45E+02
1592,118.704,-124.96,1.94E+00,1.29E+02,3.83E+01,1.47E+02
1593,112.451,-124.963,2.10E+00,1.31E+02,3.98E+01,1.49E+02
1594,106.199,-124.967,2.24E+00,1.31E+02,4.13E+01,1.49E+02
1595,118.796,-0.00139151,3.72E+00,7.84E+01,7.87E+01,7.55E+01
1596,112.547,-0.00160493,4.20E+00,8.08E+01,8.09E+01,7.73E+01
1597,106.298,-0.0018377,4.69E+00,8.33E+01,8.31E+01,7.90E+01
1598,118.746,66.6202,3.23E+00,6.59E+01,1.22E+02,3.13E+01
1599,112.489,66.6142,3.61E+00,6.89E+01,1.27E+02,3.11E+01
1600,106.23,66.6082,3.98E+00,7.20E+01,1.34E+02,3.07E+01
1601,118.708,99.7339,2.60E+00,6.01E+01,1.46E+02,1.34E+01
1602,112.449,99.7301,2.86E+00,6.21E+01,1.51E+02,1.31E+01
1603,106.191,99.7278,3.11E+00,6.38E+01,1.56E+02,1.30E+01
1604,112.445,106.104,2.67E+00,6.05E+01,1.51E+02,1.13E+01
1605,112.444,112.443,2.47E+00,5.89E+01,1.49E+02,1.06E+01
1606,112.444,118.7,2.26E+00,5.73E+01,1.46E+02,1.07E+01
1607,118.7,112.444,2.26E+00,5.75E+01,1.46E+02,1.07E+01
1608,118.696,106.121,2.44E+00,5.88E+01,1.46E+02,1.16E+01
1609,118.699,118.699,2.08E+00,5.60E+01,1.44E+02,1.08E+01
1610,106.189,112.445,2.67E+00,6.03E+01,1.51E+02,1.13E+01
1611,106.196,106.118,2.89E+00,6.21E+01,1.55E+02,1.17E+01
1612,106.191,118.702,2.43E+00,5.85E+01,1.48E+02,1.15E+01
1613,118.721,86.6092,2.89E+00,6.26E+01,1.39E+02,1.94E+01
1614,112.461,86.6035,3.20E+00,6.51E+01,1.45E+02,1.90E+01
1615,106.201,86.5985,3.50E+00,6.73E+01,1.53E+02,1.85E+01
1616,112.454,93.1841,3.03E+00,6.36E+01,1.49E+02,1.57E+01
1617,118.721,93.2031,2.75E+00,6.14E+01,1.43E+02,1.61E+01
1618,106.188,93.1944,3.31E+00,6.55E+01,1.56E+02,1.54E+01
1619,112.479,73.2764,3.49E+00,6.78E+01,1.34E+02,2.68E+01
1620,112.47,79.9393,3.35E+00,6.65E+01,1.40E+02,2.28E+01
1621,118.738,73.2826,3.13E+00,6.48E+01,1.28E+02,2.71E+01
1622,118.729,79.9455,3.01E+00,6.38E+01,1.33E+02,2.31E+01
1623,106.219,73.2703,3.84E+00,7.06E+01,1.41E+02,2.64E+01
1624,106.21,79.9336,3.67E+00,6.90E+01,1.48E+02,2.23E+01
1625,118.782,33.3104,3.60E+00,7.11E+01,9.61E+01,5.30E+01
1626,112.53,33.3072,4.05E+00,7.41E+01,9.91E+01,5.35E+01
1627,106.278,33.3039,4.51E+00,7.72E+01,1.03E+02,5.39E+01
1628,118.763,53.2962,3.41E+00,6.79E+01,1.10E+02,3.99E+01
1629,112.507,53.2912,3.82E+00,7.10E+01,1.15E+02,3.99E+01
1630,106.251,53.286,4.23E+00,7.43E+01,1.20E+02,3.97E+01
1631,112.498,59.9526,3.72E+00,7.00E+01,1.21E+02,3.55E+01
1632,118.755,59.9581,3.33E+00,6.69E+01,1.16E+02,3.55E+01
1633,106.24,59.9469,4.12E+00,7.32E+01,1.27E+02,3.51E+01
1634,112.524,39.9686,3.99E+00,7.31E+01,1.04E+02,4.90E+01
1635,112.516,46.6299,3.91E+00,7.20E+01,1.09E+02,4.44E+01
1636,118.777,39.9724,3.55E+00,7.00E+01,1.01E+02,4.86E+01
1637,118.77,46.6343,3.48E+00,6.89E+01,1.05E+02,4.42E+01
1638,106.27,39.9646,4.43E+00,7.63E+01,1.08E+02,4.91E+01
1639,106.261,46.6253,4.34E+00,7.53E+01,1.14E+02,4.44E+01
1640,118.791,19.9859,3.68E+00,7.37E+01,8.84E+01,6.19E+01
1641,112.541,19.984,4.15E+00,7.64E+01,9.08E+01,6.28E+01
1642,106.29,19.982,4.63E+00,7.93E+01,9.35E+01,6.37E+01
1643,112.536,26.6457,4.11E+00,7.52E+01,9.48E+01,5.82E+01
1644,118.787,26.6482,3.64E+00,7.23E+01,9.21E+01,5.75E+01
1645,106.285,26.643,4.57E+00,7.82E+01,9.77E+01,5.87E+01
1646,112.546,6.66035,4.20E+00,7.92E+01,8.39E+01,7.24E+01
1647,112.544,13.3222,4.18E+00,7.77E+01,8.72E+01,6.76E+01
1648,118.795,6.66111,3.72E+00,7.67E+01,8.17E+01,7.10E+01
1649,118.794,13.3236,3.70E+00,7.51E+01,8.49E+01,6.64E+01
1650,106.297,6.65954,4.69E+00,8.18E+01,8.63E+01,7.38E+01
1651,106.294,13.3208,4.66E+00,8.05E+01,8.97E+01,6.87E+01
1652,118.759,-59.962,3.34E+00,1.08E+02,5.70E+01,1.22E+02
1653,112.503,-59.9571,3.74E+00,1.12E+02,5.91E+01,1.27E+02
1654,106.246,-59.9522,4.14E+00,1.17E+02,6.11E+01,1.34E+02
1655,118.788,-26.6513,3.65E+00,8.79E+01,6.83E+01,9.47E+01
1656,112.538,-26.6492,4.11E+00,9.02E+01,7.04E+01,9.77E+01
1657,106.287,-26.6471,4.59E+00,9.28E+01,7.26E+01,1.01E+02
1658,118.794,-13.3264,3.70E+00,8.26E+01,7.33E+01,8.49E+01
1659,112.545,-13.3255,4.18E+00,8.48E+01,7.54E+01,8.73E+01
1660,106.295,-13.3246,4.67E+00,8.72E+01,7.75E+01,8.97E+01
1661,112.547,-6.66355,4.20E+00,8.27E+01,7.81E+01,8.22E+01
1662,118.796,-6.66389,3.72E+00,8.04E+01,7.59E+01,8.02E+01
1663,106.297,-6.66322,4.69E+00,8.51E+01,8.02E+01,8.43E+01
1664,112.542,-19.9874,4.15E+00,8.73E+01,7.28E+01,9.24E+01
1665,118.792,-19.9889,3.68E+00,8.51E+01,7.07E+01,8.97E+01
1666,106.292,-19.9859,4.63E+00,8.97E+01,7.50E+01,9.53E+01
1667,118.779,-39.9757,3.55E+00,9.46E+01,6.36E+01,1.05E+02
1668,112.527,-39.9725,4.00E+00,9.74E+01,6.58E+01,1.09E+02
1669,106.273,-39.9691,4.45E+00,1.01E+02,6.79E+01,1.13E+02
1670,112.533,-33.311,4.06E+00,9.36E+01,6.80E+01,1.03E+02
1671,118.784,-33.3136,3.60E+00,9.11E+01,6.59E+01,9.97E+01
1672,106.281,-33.3082,4.52E+00,9.64E+01,7.02E+01,1.07E+02
1673,112.511,-53.2956,3.84E+00,1.07E+02,6.13E+01,1.21E+02
1674,112.519,-46.6339,3.93E+00,1.02E+02,6.35E+01,1.15E+02
1675,118.766,-53.2999,3.42E+00,1.03E+02,5.92E+01,1.16E+02
1676,118.773,-46.6378,3.49E+00,9.86E+01,6.14E+01,1.10E+02
1677,106.256,-53.2909,4.26E+00,1.11E+02,6.34E+01,1.27E+02
1678,106.265,-46.63,4.36E+00,1.06E+02,6.56E+01,1.20E+02
1679,118.728,-93.1991,2.78E+00,1.32E+02,4.66E+01,1.49E+02
1680,112.461,-93.1746,3.08E+00,1.37E+02,4.82E+01,1.55E+02
1681,106.194,-93.1918,3.36E+00,1.43E+02,4.96E+01,1.62E+02
1682,118.743,-73.2869,3.15E+00,1.18E+02,5.28E+01,1.34E+02
1683,112.485,-73.2814,3.52E+00,1.24E+02,5.47E+01,1.40E+02
1684,106.226,-73.2762,3.87E+00,1.30E+02,5.65E+01,1.48E+02
1685,112.494,-66.619,3.64E+00,1.18E+02,5.69E+01,1.34E+02
1686,118.751,-66.6242,3.25E+00,1.13E+02,5.49E+01,1.28E+02
1687,106.236,-66.6137,4.02E+00,1.24E+02,5.88E+01,1.41E+02
1688,112.468,-86.5789,3.24E+00,1.34E+02,5.03E+01,1.52E+02
1689,112.476,-79.9447,3.38E+00,1.29E+02,5.25E+01,1.46E+02
1690,118.73,-86.594,2.92E+00,1.28E+02,4.86E+01,1.45E+02
1691,118.735,-79.9501,3.04E+00,1.23E+02,5.07E+01,1.39E+02
1692,106.206,-86.5848,3.55E+00,1.40E+02,5.18E+01,1.59E+02
1693,106.217,-79.9398,3.72E+00,1.36E+02,5.41E+01,1.54E+02
1694,118.7,-106.117,2.49E+00,1.35E+02,4.29E+01,1.52E+02
1695,112.451,-106.095,2.73E+00,1.38E+02,4.44E+01,1.57E+02
1696,106.203,-106.115,2.95E+00,1.42E+02,4.59E+01,1.61E+02
1697,112.455,-99.6713,2.91E+00,1.39E+02,4.62E+01,1.57E+02
1698,118.714,-99.698,2.64E+00,1.34E+02,4.47E+01,1.51E+02
1699,106.197,-99.6932,3.16E+00,1.43E+02,4.77E+01,1.62E+02
1700,112.449,-118.705,2.32E+00,1.34E+02,4.13E+01,1.52E+02
1701,112.449,-112.419,2.53E+00,1.37E+02,4.28E+01,1.55E+02
1702,118.704,-118.704,2.14E+00,1.32E+02,3.98E+01,1.50E+02
1703,118.703,-112.43,2.32E+00,1.34E+02,4.13E+01,1.52E+02
1704,106.196,-118.708,2.49E+00,1.35E+02,4.29E+01,1.53E+02
1705,106.198,-112.431,2.73E+00,1.39E+02,4.44E+01,1.57E+02
1706,-106.199,124.967,2.24E+00,1.30E+02,4.18E+01,1.47E+02
1707,-112.451,124.963,2.10E+00,1.30E+02,4.01E+01,1.48E+02
1708,-118.704,124.96,1.94E+00,1.29E+02,3.85E+01,1.47E+02
1709,-124.958,124.959,1.77E+00,1.27E+02,3.69E+01,1.45E+02
1710,-124.96,118.704,1.94E+00,1.29E+02,3.85E+01,1.47E+02
1711,-124.962,112.451,2.10E+00,1.31E+02,4.00E+01,1.49E+02
1712,-124.966,106.199,2.24E+00,1.31E+02,4.16E+01,1.49E+02
1713,-124.971,99.9487,2.36E+00,1.30E+02,4.33E+01,1.47E+02
1714,-124.978,93.2831,2.49E+00,1.28E+02,4.51E+01,1.44E+02
1715,-124.985,86.6186,2.60E+00,1.24E+02,4.70E+01,1.40E+02
1716,-124.992,79.9548,2.70E+00,1.19E+02,4.90E+01,1.34E+02
1717,-124.999,73.2916,2.79E+00,1.14E+02,5.10E+01,1.29E+02
1718,-125.007,66.6287,2.87E+00,1.09E+02,5.31E+01,1.23E+02
1719,-125.013,59.9661,2.95E+00,1.04E+02,5.52E+01,1.17E+02
1720,-125.02,53.3035,3.01E+00,9.97E+01,5.73E+01,1.12E+02
1721,-125.026,46.641,3.07E+00,9.56E+01,5.95E+01,1.06E+02
1722,-125.031,39.9784,3.12E+00,9.19E+01,6.17E+01,1.01E+02
1723,-125.035,33.3157,3.16E+00,8.85E+01,6.40E+01,9.65E+01
1724,-125.039,26.6529,3.19E+00,8.54E+01,6.63E+01,9.18E+01
1725,-125.042,19.99,3.22E+00,8.27E+01,6.87E+01,8.71E+01
1726,-125.044,13.327,3.24E+00,8.02E+01,7.13E+01,8.26E+01
1727,-125.045,6.66405,3.25E+00,7.80E+01,7.39E+01,7.81E+01
1728,-125.045,0.00102328,3.25E+00,7.60E+01,7.67E+01,7.37E+01
1729,-125.045,-6.66199,3.25E+00,7.41E+01,7.96E+01,6.94E+01
1730,-125.043,-13.3249,3.24E+00,7.25E+01,8.27E+01,6.51E+01
1731,-125.041,-19.9878,3.21E+00,7.09E+01,8.61E+01,6.08E+01
1732,-125.038,-26.6507,3.19E+00,6.95E+01,8.96E+01,5.66E+01
1733,-125.034,-33.3133,3.15E+00,6.82E+01,9.35E+01,5.24E+01
1734,-125.029,-39.9758,3.10E+00,6.69E+01,9.76E+01,4.81E+01
1735,-125.023,-46.6383,3.05E+00,6.58E+01,1.02E+02,4.39E+01
1736,-125.017,-53.3006,2.99E+00,6.47E+01,1.07E+02,3.97E+01
1737,-125.01,-59.9631,2.92E+00,6.36E+01,1.12E+02,3.54E+01
1738,-125.003,-66.6256,2.85E+00,6.26E+01,1.18E+02,3.12E+01
1739,-124.995,-73.2882,2.76E+00,6.17E+01,1.24E+02,2.71E+01
1740,-124.988,-79.9512,2.66E+00,6.07E+01,1.29E+02,2.32E+01
1741,-124.98,-86.6147,2.56E+00,5.98E+01,1.35E+02,1.96E+01
1742,-124.973,-93.279,2.44E+00,5.88E+01,1.39E+02,1.63E+01
1743,-124.966,-99.9444,2.31E+00,5.79E+01,1.42E+02,1.38E+01
1744,-124.961,-106.195,2.18E+00,5.70E+01,1.44E+02,1.21E+01
1745,-124.957,-112.446,2.03E+00,5.60E+01,1.44E+02,1.15E+01
1746,-124.955,-118.699,1.88E+00,5.49E+01,1.42E+02,1.19E+01
1747,-124.954,-124.954,1.70E+00,5.36E+01,1.40E+02,1.32E+01
1748,-118.7,-124.955,1.88E+00,5.49E+01,1.42E+02,1.19E+01
1749,-112.447,-124.957,2.03E+00,5.60E+01,1.43E+02,1.15E+01
1750,-106.195,-124.961,2.18E+00,5.70E+01,1.42E+02,1.21E+01
1751,-118.797,0.0012076,3.73E+00,7.83E+01,7.88E+01,7.54E+01
1752,-112.549,0.00141045,4.22E+00,8.06E+01,8.09E+01,7.70E+01
1753,-106.299,0.00163226,4.71E+00,8.31E+01,8.30E+01,7.87E+01
1754,-118.751,66.6235,3.26E+00,1.13E+02,5.51E+01,1.28E+02
1755,-112.494,66.618,3.65E+00,1.18E+02,5.70E+01,1.34E+02
1756,-106.236,66.6126,4.03E+00,1.24E+02,5.89E+01,1.42E+02
1757,-118.713,99.738,2.65E+00,1.35E+02,4.48E+01,1.52E+02
1758,-112.454,99.7349,2.92E+00,1.39E+02,4.63E+01,1.58E+02
1759,-106.197,99.7334,3.17E+00,1.43E+02,4.77E+01,1.63E+02
1760,-112.45,106.109,2.73E+00,1.38E+02,4.45E+01,1.57E+02
1761,-112.449,112.449,2.53E+00,1.36E+02,4.30E+01,1.55E+02
1762,-112.449,118.705,2.32E+00,1.33E+02,4.15E+01,1.52E+02
1763,-118.705,112.449,2.32E+00,1.34E+02,4.15E+01,1.52E+02
1764,-118.701,106.125,2.49E+00,1.35E+02,4.31E+01,1.53E+02
1765,-118.703,118.704,2.14E+00,1.32E+02,4.00E+01,1.50E+02
1766,-106.194,112.451,2.73E+00,1.38E+02,4.46E+01,1.57E+02
1767,-106.201,106.124,2.96E+00,1.41E+02,4.61E+01,1.60E+02
1768,-106.196,118.708,2.49E+00,1.34E+02,4.32E+01,1.52E+02
1769,-118.726,86.6129,2.93E+00,1.29E+02,4.88E+01,1.46E+02
1770,-112.467,86.6078,3.25E+00,1.34E+02,5.04E+01,1.52E+02
1771,-106.208,86.6035,3.56E+00,1.41E+02,5.18E+01,1.60E+02
1772,-112.46,93.1886,3.09E+00,1.38E+02,4.83E+01,1.56E+02
1773,-118.726,93.207,2.80E+00,1.32E+02,4.68E+01,1.50E+02
1774,-106.194,93.1997,3.37E+00,1.43E+02,4.97E+01,1.63E+02
1775,-112.484,73.2804,3.53E+00,1.24E+02,5.48E+01,1.41E+02
1776,-112.475,79.9435,3.40E+00,1.30E+02,5.26E+01,1.47E+02
1777,-118.742,73.286,3.16E+00,1.19E+02,5.30E+01,1.34E+02
1778,-118.734,79.949,3.05E+00,1.24E+02,5.09E+01,1.40E+02
1779,-106.225,73.2749,3.89E+00,1.30E+02,5.65E+01,1.49E+02
1780,-106.216,79.9384,3.73E+00,1.36E+02,5.42E+01,1.55E+02
1781,-118.785,33.3131,3.62E+00,9.08E+01,6.60E+01,9.95E+01
1782,-112.534,33.3104,4.08E+00,9.32E+01,6.81E+01,1.03E+02
1783,-106.282,33.3075,4.54E+00,9.60E+01,7.02E+01,1.07E+02
1784,-118.766,53.2992,3.43E+00,1.03E+02,5.93E+01,1.16E+02
1785,-112.512,53.2947,3.86E+00,1.07E+02,6.14E+01,1.21E+02
1786,-106.256,53.29,4.28E+00,1.11E+02,6.34E+01,1.27E+02
1787,-112.503,59.9562,3.76E+00,1.12E+02,5.92E+01,1.28E+02
1788,-118.759,59.9612,3.35E+00,1.08E+02,5.72E+01,1.22E+02
1789,-106.246,59.9511,4.16E+00,1.17E+02,6.12E+01,1.34E+02
1790,-112.527,39.9719,4.01E+00,9.71E+01,6.58E+01,1.09E+02
1791,-112.52,46.6333,3.94E+00,1.02E+02,6.36E+01,1.15E+02
1792,-118.78,39.9752,3.57E+00,9.43E+01,6.37E+01,1.05E+02
1793,-118.773,46.6372,3.50E+00,9.83E+01,6.15E+01,1.10E+02
1794,-106.274,39.9684,4.47E+00,1.00E+02,6.79E+01,1.13E+02
1795,-106.266,46.6292,4.38E+00,1.05E+02,6.57E+01,1.20E+02
1796,-118.793,19.9886,3.69E+00,8.48E+01,7.08E+01,8.96E+01
1797,-112.543,19.9871,4.17E+00,8.71E+01,7.29E+01,9.21E+01
1798,-106.293,19.9855,4.65E+00,8.94E+01,7.50E+01,9.49E+01
1799,-112.539,26.6488,4.13E+00,8.99E+01,7.04E+01,9.74E+01
1800,-118.789,26.6509,3.66E+00,8.76E+01,6.84E+01,9.45E+01
1801,-106.288,26.6466,4.60E+00,9.24E+01,7.26E+01,1.01E+02
1802,-112.548,6.66333,4.21E+00,8.25E+01,7.80E+01,8.20E+01
1803,-112.546,13.3252,4.20E+00,8.46E+01,7.54E+01,8.70E+01
1804,-118.797,6.66369,3.73E+00,8.02E+01,7.60E+01,8.00E+01
1805,-118.795,13.3262,3.72E+00,8.24E+01,7.33E+01,8.47E+01
1806,-106.299,6.66297,4.70E+00,8.48E+01,8.02E+01,8.40E+01
1807,-106.297,13.3243,4.68E+00,8.69E+01,7.75E+01,8.94E+01
1808,-118.755,-59.9576,3.33E+00,6.68E+01,1.17E+02,3.54E+01
1809,-112.498,-59.9519,3.73E+00,6.99E+01,1.22E+02,3.53E+01
1810,-106.24,-59.946,4.12E+00,7.30E+01,1.28E+02,3.50E+01
1811,-118.788,-26.6482,3.65E+00,7.22E+01,9.21E+01,5.74E+01
1812,-112.537,-26.6456,4.12E+00,7.51E+01,9.47E+01,5.80E+01
1813,-106.286,-26.6429,4.59E+00,7.81E+01,9.76E+01,5.86E+01
1814,-118.795,-13.3236,3.71E+00,7.50E+01,8.49E+01,6.63E+01
1815,-112.545,-13.3223,4.19E+00,7.76E+01,8.72E+01,6.74E+01
1816,-106.296,-13.3208,4.68E+00,8.03E+01,8.96E+01,6.84E+01
1817,-112.548,-6.66046,4.21E+00,7.90E+01,8.39E+01,7.22E+01
1818,-118.796,-6.66124,3.73E+00,7.65E+01,8.17E+01,7.08E+01
1819,-106.298,-6.65965,4.70E+00,8.16E+01,8.62E+01,7.35E+01
1820,-112.542,-19.984,4.16E+00,7.63E+01,9.08E+01,6.27E+01
1821,-118.792,-19.986,3.68E+00,7.35E+01,8.84E+01,6.18E+01
1822,-106.291,-19.982,4.64E+00,7.91E+01,9.34E+01,6.35E+01
1823,-118.777,-39.9722,3.55E+00,6.99E+01,1.01E+02,4.86E+01
1824,-112.524,-39.9683,3.99E+00,7.29E+01,1.04E+02,4.88E+01
1825,-106.27,-39.9642,4.44E+00,7.61E+01,1.08E+02,4.89E+01
1826,-112.531,-33.3071,4.06E+00,7.40E+01,9.91E+01,5.34E+01
1827,-118.783,-33.3103,3.60E+00,7.10E+01,9.61E+01,5.29E+01
1828,-106.278,-33.3037,4.52E+00,7.71E+01,1.02E+02,5.37E+01
1829,-112.507,-53.2907,3.83E+00,7.09E+01,1.15E+02,3.98E+01
1830,-112.516,-46.6294,3.92E+00,7.19E+01,1.09E+02,4.43E+01
1831,-118.763,-53.2958,3.41E+00,6.78E+01,1.11E+02,3.98E+01
1832,-118.77,-46.634,3.48E+00,6.88E+01,1.05E+02,4.42E+01
1833,-106.251,-53.2852,4.24E+00,7.41E+01,1.21E+02,3.96E+01
1834,-106.261,-46.6247,4.35E+00,7.52E+01,1.14E+02,4.42E+01
1835,-118.721,-93.1932,2.74E+00,6.13E+01,1.44E+02,1.60E+01
1836,-112.453,-93.1678,3.03E+00,6.35E+01,1.50E+02,1.56E+01
1837,-106.186,-93.1844,3.31E+00,6.54E+01,1.57E+02,1.51E+01
1838,-118.737,-73.2818,3.13E+00,6.47E+01,1.29E+02,2.70E+01
1839,-112.478,-73.2754,3.49E+00,6.76E+01,1.35E+02,2.67E+01
1840,-106.219,-73.2691,3.84E+00,7.04E+01,1.43E+02,2.61E+01
1841,-112.488,-66.6134,3.61E+00,6.88E+01,1.29E+02,3.09E+01
1842,-118.746,-66.6195,3.23E+00,6.57E+01,1.23E+02,3.12E+01
1843,-106.229,-66.6071,3.99E+00,7.18E+01,1.35E+02,3.05E+01
1844,-112.461,-86.5722,3.20E+00,6.49E+01,1.47E+02,1.89E+01
1845,-112.469,-79.9383,3.35E+00,6.63E+01,1.42E+02,2.26E+01
1846,-118.723,-86.5882,2.88E+00,6.25E+01,1.40E+02,1.93E+01
1847,-118.729,-79.9447,3.01E+00,6.36E+01,1.35E+02,2.30E+01
1848,-106.198,-86.5773,3.50E+00,6.71E+01,1.54E+02,1.83E+01
1849,-106.209,-79.9324,3.68E+00,6.88E+01,1.49E+02,2.20E+01
1850,-118.693,-106.111,2.43E+00,5.89E+01,1.48E+02,1.16E+01
1851,-112.445,-106.088,2.67E+00,6.06E+01,1.52E+02,1.13E+01
1852,-106.198,-106.108,2.89E+00,6.22E+01,1.55E+02,1.16E+01
1853,-112.448,-99.6646,2.86E+00,6.20E+01,1.52E+02,1.30E+01
1854,-118.707,-99.6919,2.59E+00,6.01E+01,1.47E+02,1.34E+01
1855,-106.19,-99.686,3.11E+00,6.38E+01,1.57E+02,1.29E+01
1856,-112.444,-118.7,2.26E+00,5.77E+01,1.46E+02,1.08E+01
1857,-112.443,-112.413,2.47E+00,5.92E+01,1.49E+02,1.06E+01
1858,-118.699,-118.698,2.08E+00,5.64E+01,1.44E+02,1.10E+01
1859,-118.697,-112.424,2.26E+00,5.77E+01,1.47E+02,1.08E+01
1860,-106.191,-118.703,2.43E+00,5.90E+01,1.47E+02,1.16E+01
1861,-106.192,-112.425,2.67E+00,6.06E+01,1.51E+02,1.13E+01
1862,124.96,-131.215,1.59E+00,1.25E+02,3.51E+01,1.43E+02
1863,124.962,-137.473,1.38E+00,1.23E+02,3.35E+01,1.41E+02
1864,124.965,-143.731,1.16E+00,1.21E+02,3.16E+01,1.39E+02
1865,124.97,-149.99,9.10E-01,1.20E+02,2.93E+01,1.40E+02
1866,118.72,-149.993,9.67E-01,1.21E+02,2.98E+01,1.40E+02
1867,112.47,-149.996,1.02E+00,1.20E+02,3.06E+01,1.38E+02
1868,106.221,-149.999,1.06E+00,1.18E+02,3.22E+01,1.35E+02
1869,99.9724,-150.003,1.10E+00,1.16E+02,3.38E+01,1.33E+02
1870,93.3072,-150.006,1.14E+00,1.12E+02,3.53E+01,1.29E+02
1871,86.6423,-150.009,1.18E+00,1.08E+02,3.71E+01,1.24E+02
1872,79.9775,-150.012,1.21E+00,1.04E+02,3.90E+01,1.20E+02
1873,73.3128,-150.016,1.24E+00,9.95E+01,4.10E+01,1.15E+02
1874,66.6482,-150.018,1.26E+00,9.53E+01,4.31E+01,1.11E+02
1875,59.9835,-150.021,1.29E+00,9.13E+01,4.52E+01,1.06E+02
1876,53.3188,-150.023,1.31E+00,8.75E+01,4.73E+01,1.02E+02
1877,46.654,-150.025,1.32E+00,8.39E+01,4.95E+01,9.79E+01
1878,39.9893,-150.027,1.34E+00,8.06E+01,5.17E+01,9.38E+01
1879,33.3244,-150.029,1.35E+00,7.74E+01,5.40E+01,8.99E+01
1880,26.6596,-150.03,1.36E+00,7.44E+01,5.64E+01,8.61E+01
1881,19.9947,-150.031,1.37E+00,7.16E+01,5.88E+01,8.24E+01
1882,13.3298,-150.032,1.38E+00,6.90E+01,6.13E+01,7.87E+01
1883,6.66483,-150.032,1.38E+00,6.66E+01,6.38E+01,7.50E+01
1884,-0.000107474,-150.032,1.38E+00,6.43E+01,6.65E+01,7.14E+01
1885,-6.66504,-150.032,1.38E+00,6.21E+01,6.92E+01,6.78E+01
1886,-13.3299,-150.032,1.37E+00,6.00E+01,7.21E+01,6.42E+01
1887,-19.9949,-150.031,1.37E+00,5.80E+01,7.51E+01,6.06E+01
1888,-26.6598,-150.03,1.36E+00,5.61E+01,7.82E+01,5.70E+01
1889,-33.3245,-150.028,1.35E+00,5.43E+01,8.15E+01,5.34E+01
1890,-39.9893,-150.027,1.33E+00,5.27E+01,8.50E+01,4.97E+01
1891,-46.6541,-150.025,1.31E+00,5.11E+01,8.87E+01,4.60E+01
1892,-53.3187,-150.023,1.30E+00,4.95E+01,9.26E+01,4.23E+01
1893,-59.9834,-150.02,1.27E+00,4.82E+01,9.67E+01,3.84E+01
1894,-66.648,-150.018,1.25E+00,4.69E+01,1.01E+02,3.46E+01
1895,-73.3125,-150.014,1.22E+00,4.57E+01,1.06E+02,3.06E+01
1896,-79.9771,-150.011,1.19E+00,4.47E+01,1.10E+02,2.67E+01
1897,-86.6417,-150.008,1.16E+00,4.38E+01,1.15E+02,2.28E+01
1898,-93.3063,-150.004,1.12E+00,4.31E+01,1.19E+02,1.90E+01
1899,-99.9712,-150,1.07E+00,4.25E+01,1.23E+02,1.58E+01
1900,-106.22,-149.997,1.03E+00,4.21E+01,1.27E+02,1.35E+01
1901,-112.469,-149.993,9.74E-01,4.20E+01,1.30E+02,1.29E+01
1902,-118.718,-149.989,9.15E-01,4.22E+01,1.32E+02,1.40E+01
1903,-124.968,-149.986,8.48E-01,4.27E+01,1.32E+02,1.65E+01
1904,-124.963,-143.727,1.09E+00,4.74E+01,1.34E+02,1.71E+01
1905,-124.958,-137.468,1.31E+00,5.02E+01,1.35E+02,1.63E+01
1906,-124.955,-131.211,1.52E+00,5.22E+01,1.37E+02,1.49E+01
1907,-0.00010754,-143.786,1.84E+00,6.88E+01,6.93E+01,7.04E+01
1908,-9.97E-05,-137.54,2.30E+00,7.18E+01,7.17E+01,7.11E+01
1909,-8.57E-05,-131.293,2.77E+00,7.43E+01,7.39E+01,7.24E+01
1910,66.6434,-143.767,1.67E+00,9.99E+01,4.59E+01,1.12E+02
1911,66.6385,-137.515,2.07E+00,1.03E+02,4.83E+01,1.15E+02
1912,66.6334,-131.261,2.47E+00,1.07E+02,5.05E+01,1.19E+02
1913,99.7594,-143.746,1.44E+00,1.20E+02,3.66E+01,1.34E+02
1914,99.7531,-137.489,1.76E+00,1.23E+02,3.91E+01,1.38E+02
1915,99.7473,-131.231,2.07E+00,1.26E+02,4.11E+01,1.42E+02
1916,106.124,-137.484,1.68E+00,1.25E+02,3.75E+01,1.40E+02
1917,112.458,-137.48,1.59E+00,1.26E+02,3.60E+01,1.42E+02
1918,118.709,-137.476,1.49E+00,1.25E+02,3.45E+01,1.42E+02
1919,112.464,-143.738,1.31E+00,1.23E+02,3.32E+01,1.39E+02
1920,106.144,-143.735,1.38E+00,1.22E+02,3.50E+01,1.37E+02
1921,118.714,-143.734,1.24E+00,1.23E+02,3.21E+01,1.40E+02
1922,112.454,-131.221,1.85E+00,1.28E+02,3.80E+01,1.45E+02
1923,106.133,-131.232,1.97E+00,1.28E+02,3.96E+01,1.44E+02
1924,118.706,-131.218,1.73E+00,1.27E+02,3.66E+01,1.45E+02
1925,86.6362,-143.755,1.54E+00,1.13E+02,4.00E+01,1.26E+02
1926,86.6301,-137.499,1.91E+00,1.17E+02,4.24E+01,1.30E+02
1927,86.624,-131.243,2.26E+00,1.20E+02,4.46E+01,1.34E+02
1928,93.2095,-137.494,1.84E+00,1.20E+02,4.07E+01,1.34E+02
1929,93.23,-143.758,1.49E+00,1.17E+02,3.82E+01,1.31E+02
1930,93.2176,-131.229,2.17E+00,1.24E+02,4.28E+01,1.39E+02
1931,73.3022,-137.51,2.02E+00,1.08E+02,4.63E+01,1.20E+02
1932,79.966,-137.505,1.97E+00,1.12E+02,4.43E+01,1.25E+02
1933,73.3076,-143.763,1.63E+00,1.04E+02,4.39E+01,1.17E+02
1934,79.9718,-143.759,1.59E+00,1.09E+02,4.19E+01,1.22E+02
1935,73.2967,-131.255,2.41E+00,1.11E+02,4.85E+01,1.24E+02
1936,79.9602,-131.249,2.34E+00,1.16E+02,4.65E+01,1.30E+02
1937,33.3222,-143.781,1.80E+00,8.18E+01,5.68E+01,9.00E+01
1938,33.3198,-137.533,2.25E+00,8.46E+01,5.92E+01,9.17E+01
1939,33.3173,-131.284,2.70E+00,8.70E+01,6.13E+01,9.41E+01
1940,53.315,-143.774,1.73E+00,9.20E+01,5.01E+01,1.03E+02
1941,53.3111,-137.523,2.16E+00,9.51E+01,5.25E+01,1.05E+02
1942,53.307,-131.272,2.58E+00,9.79E+01,5.47E+01,1.09E+02
1943,59.9748,-137.519,2.12E+00,9.91E+01,5.04E+01,1.10E+02
1944,59.9792,-143.771,1.70E+00,9.58E+01,4.80E+01,1.07E+02
1945,59.9702,-131.267,2.53E+00,1.02E+02,5.25E+01,1.14E+02
1946,39.9836,-137.531,2.22E+00,8.79E+01,5.69E+01,9.61E+01
1947,46.6474,-137.527,2.19E+00,9.14E+01,5.47E+01,1.01E+02
1948,39.9865,-143.779,1.78E+00,8.49E+01,5.45E+01,9.41E+01
1949,46.6508,-143.777,1.76E+00,8.83E+01,5.23E+01,9.84E+01
1950,39.9806,-131.281,2.67E+00,9.03E+01,5.90E+01,9.87E+01
1951,46.6439,-131.277,2.63E+00,9.40E+01,5.68E+01,1.04E+02
1952,19.9933,-143.785,1.82E+00,7.61E+01,6.16E+01,8.20E+01
1953,19.992,-137.537,2.28E+00,7.89E+01,6.39E+01,8.32E+01
1954,19.9905,-131.29,2.75E+00,8.12E+01,6.61E+01,8.52E+01
1955,26.6559,-137.536,2.27E+00,8.17E+01,6.15E+01,8.74E+01
1956,26.6578,-143.783,1.81E+00,7.88E+01,5.92E+01,8.59E+01
1957,26.654,-131.287,2.73E+00,8.40E+01,6.36E+01,8.96E+01
1958,6.66393,-137.539,2.30E+00,7.40E+01,6.90E+01,7.51E+01
1959,13.328,-137.539,2.30E+00,7.64E+01,6.64E+01,7.91E+01
1960,6.66439,-143.786,1.84E+00,7.11E+01,6.66E+01,7.42E+01
1961,13.3289,-143.786,1.83E+00,7.35E+01,6.41E+01,7.81E+01
1962,6.66347,-131.292,2.77E+00,7.64E+01,7.12E+01,7.66E+01
1963,13.327,-131.291,2.76E+00,7.87E+01,6.86E+01,8.09E+01
1964,-59.979,-143.77,1.69E+00,5.36E+01,1.00E+02,3.63E+01
1965,-59.9744,-137.518,2.10E+00,5.75E+01,1.04E+02,3.57E+01
1966,-59.9696,-131.265,2.51E+00,6.08E+01,1.07E+02,3.57E+01
1967,-26.6579,-143.783,1.81E+00,6.11E+01,8.13E+01,5.54E+01
1968,-26.656,-137.535,2.26E+00,6.44E+01,8.39E+01,5.54E+01
1969,-26.654,-131.287,2.72E+00,6.72E+01,8.63E+01,5.60E+01
1970,-13.329,-143.785,1.83E+00,6.47E+01,7.50E+01,6.29E+01
1971,-13.3281,-137.539,2.29E+00,6.79E+01,7.75E+01,6.32E+01
1972,-13.3271,-131.291,2.76E+00,7.05E+01,7.97E+01,6.42E+01
1973,-6.6641,-137.539,2.30E+00,6.98E+01,7.45E+01,6.72E+01
1974,-6.66458,-143.786,1.84E+00,6.67E+01,7.21E+01,6.67E+01
1975,-6.66361,-131.292,2.77E+00,7.23E+01,7.67E+01,6.83E+01
1976,-19.9921,-137.537,2.28E+00,6.61E+01,8.06E+01,5.93E+01
1977,-19.9935,-143.784,1.82E+00,6.28E+01,7.81E+01,5.92E+01
1978,-19.9906,-131.289,2.74E+00,6.88E+01,8.29E+01,6.01E+01
1979,-39.9865,-143.779,1.77E+00,5.78E+01,8.83E+01,4.79E+01
1980,-39.9836,-137.53,2.21E+00,6.13E+01,9.11E+01,4.76E+01
1981,-39.9805,-131.28,2.66E+00,6.44E+01,9.38E+01,4.79E+01
1982,-33.3199,-137.533,2.24E+00,6.28E+01,8.74E+01,5.15E+01
1983,-33.3223,-143.781,1.79E+00,5.94E+01,8.47E+01,5.17E+01
1984,-33.3174,-131.284,2.69E+00,6.57E+01,8.99E+01,5.20E+01
1985,-53.311,-137.522,2.14E+00,5.87E+01,9.93E+01,3.97E+01
1986,-46.6472,-137.526,2.18E+00,6.00E+01,9.51E+01,4.37E+01
1987,-53.3149,-143.773,1.72E+00,5.49E+01,9.61E+01,4.02E+01
1988,-46.6508,-143.776,1.75E+00,5.63E+01,9.21E+01,4.41E+01
1989,-53.3066,-131.271,2.57E+00,6.19E+01,1.02E+02,3.97E+01
1990,-46.6437,-131.276,2.61E+00,6.31E+01,9.80E+01,4.38E+01
1991,-93.2198,-143.756,1.46E+00,4.89E+01,1.23E+02,1.73E+01
1992,-93.1929,-137.491,1.80E+00,5.29E+01,1.28E+02,1.68E+01
1993,-93.2066,-131.225,2.13E+00,5.62E+01,1.32E+02,1.66E+01
1994,-73.307,-143.762,1.61E+00,5.13E+01,1.09E+02,2.84E+01
1995,-73.3014,-137.508,2.00E+00,5.53E+01,1.13E+02,2.77E+01
1996,-73.2956,-131.253,2.38E+00,5.88E+01,1.17E+02,2.75E+01
1997,-66.6379,-137.513,2.05E+00,5.64E+01,1.08E+02,3.17E+01
1998,-66.643,-143.766,1.65E+00,5.24E+01,1.05E+02,3.24E+01
1999,-66.6325,-131.259,2.45E+00,5.97E+01,1.12E+02,3.16E+01
2000,-86.5987,-137.497,1.87E+00,5.36E+01,1.23E+02,2.01E+01
2001,-79.9651,-137.502,1.94E+00,5.44E+01,1.18E+02,2.38E+01
2002,-86.6153,-143.756,1.52E+00,4.95E+01,1.19E+02,2.07E+01
2003,-79.9711,-143.758,1.57E+00,5.04E+01,1.14E+02,2.45E+01
2004,-86.6024,-131.236,2.22E+00,5.70E+01,1.27E+02,1.99E+01
2005,-79.9589,-131.246,2.31E+00,5.79E+01,1.22E+02,2.36E+01
2006,-106.133,-143.73,1.34E+00,4.79E+01,1.31E+02,1.30E+01
2007,-106.106,-137.48,1.63E+00,5.18E+01,1.34E+02,1.28E+01
2008,-106.121,-131.23,1.91E+00,5.47E+01,1.38E+02,1.26E+01
2009,-99.6868,-137.485,1.72E+00,5.23E+01,1.31E+02,1.42E+01
2010,-99.717,-143.744,1.40E+00,4.83E+01,1.28E+02,1.45E+01
2011,-99.7039,-131.226,2.02E+00,5.54E+01,1.36E+02,1.41E+01
2012,-118.706,-137.472,1.43E+00,5.07E+01,1.36E+02,1.42E+01
2013,-112.426,-137.476,1.54E+00,5.12E+01,1.36E+02,1.29E+01
2014,-118.712,-143.731,1.18E+00,4.73E+01,1.34E+02,1.46E+01
2015,-112.442,-143.732,1.26E+00,4.75E+01,1.33E+02,1.30E+01
2016,-118.702,-131.213,1.66E+00,5.31E+01,1.39E+02,1.32E+01
2017,-112.431,-131.219,1.79E+00,5.39E+01,1.39E+02,1.23E+01
2018,124.956,131.21,1.52E+00,5.15E+01,1.37E+02,1.42E+01
2019,124.959,137.468,1.31E+00,4.93E+01,1.35E+02,1.56E+01
2020,124.963,143.726,1.09E+00,4.63E+01,1.34E+02,1.64E+01
2021,124.968,149.985,8.44E-01,4.23E+01,1.33E+02,1.54E+01
2022,118.718,149.988,9.13E-01,4.22E+01,1.33E+02,1.36E+01
2023,112.469,149.992,9.74E-01,4.23E+01,1.32E+02,1.31E+01
2024,106.22,149.995,1.03E+00,4.25E+01,1.30E+02,1.40E+01
2025,99.9708,149.999,1.07E+00,4.29E+01,1.26E+02,1.64E+01
2026,93.3058,150.003,1.12E+00,4.34E+01,1.22E+02,1.96E+01
2027,86.641,150.006,1.16E+00,4.41E+01,1.18E+02,2.33E+01
2028,79.9764,150.01,1.19E+00,4.49E+01,1.13E+02,2.71E+01
2029,73.3118,150.013,1.23E+00,4.58E+01,1.08E+02,3.11E+01
2030,66.6473,150.016,1.25E+00,4.69E+01,1.04E+02,3.50E+01
2031,59.9827,150.019,1.28E+00,4.81E+01,9.93E+01,3.88E+01
2032,53.3181,150.022,1.30E+00,4.94E+01,9.50E+01,4.26E+01
2033,46.6534,150.024,1.32E+00,5.08E+01,9.10E+01,4.63E+01
2034,39.9887,150.026,1.33E+00,5.22E+01,8.72E+01,5.00E+01
2035,33.3239,150.028,1.35E+00,5.38E+01,8.35E+01,5.36E+01
2036,26.6591,150.029,1.36E+00,5.54E+01,8.00E+01,5.72E+01
2037,19.9943,150.03,1.37E+00,5.72E+01,7.68E+01,6.07E+01
2038,13.3294,150.031,1.37E+00,5.90E+01,7.36E+01,6.42E+01
2039,6.6645,150.032,1.38E+00,6.10E+01,7.06E+01,6.77E+01
2040,-0.000428758,150.032,1.38E+00,6.30E+01,6.77E+01,7.13E+01
2041,-6.66536,150.032,1.38E+00,6.52E+01,6.49E+01,7.48E+01
2042,-13.3303,150.032,1.37E+00,6.75E+01,6.22E+01,7.83E+01
2043,-19.9952,150.031,1.37E+00,7.00E+01,5.96E+01,8.19E+01
2044,-26.6601,150.03,1.36E+00,7.27E+01,5.71E+01,8.55E+01
2045,-33.3249,150.029,1.35E+00,7.55E+01,5.47E+01,8.92E+01
2046,-39.9898,150.028,1.34E+00,7.86E+01,5.23E+01,9.29E+01
2047,-46.6546,150.026,1.32E+00,8.18E+01,4.99E+01,9.68E+01
2048,-53.3193,150.024,1.30E+00,8.53E+01,4.76E+01,1.01E+02
2049,-59.9841,150.022,1.28E+00,8.90E+01,4.54E+01,1.05E+02
2050,-66.6488,150.019,1.26E+00,9.29E+01,4.33E+01,1.09E+02
2051,-73.3134,150.016,1.23E+00,9.70E+01,4.12E+01,1.13E+02
2052,-79.9782,150.013,1.21E+00,1.01E+02,3.91E+01,1.18E+02
2053,-86.643,150.01,1.17E+00,1.06E+02,3.72E+01,1.22E+02
2054,-93.3078,150.007,1.14E+00,1.10E+02,3.53E+01,1.27E+02
2055,-99.9729,150.003,1.10E+00,1.14E+02,3.38E+01,1.31E+02
2056,-106.222,150,1.06E+00,1.16E+02,3.22E+01,1.34E+02
2057,-112.471,149.996,1.01E+00,1.18E+02,3.03E+01,1.36E+02
2058,-118.72,149.993,9.60E-01,1.20E+02,2.92E+01,1.39E+02
2059,-124.97,149.99,9.01E-01,1.20E+02,2.86E+01,1.39E+02
2060,-124.965,143.731,1.15E+00,1.22E+02,3.14E+01,1.39E+02
2061,-124.961,137.473,1.38E+00,1.23E+02,3.33E+01,1.41E+02
2062,-124.959,131.215,1.58E+00,1.25E+02,3.51E+01,1.43E+02
2063,-0.000746148,143.786,1.84E+00,6.69E+01,7.09E+01,7.04E+01
2064,-0.00109288,137.54,2.30E+00,7.03E+01,7.31E+01,7.09E+01
2065,-0.001436,131.292,2.77E+00,7.30E+01,7.52E+01,7.21E+01
2066,66.642,143.765,1.66E+00,5.14E+01,1.07E+02,3.20E+01
2067,66.6366,137.512,2.06E+00,5.56E+01,1.11E+02,3.13E+01
2068,66.631,131.257,2.45E+00,5.91E+01,1.14E+02,3.11E+01
2069,99.7575,143.742,1.40E+00,4.75E+01,1.30E+02,1.44E+01
2070,99.7507,137.484,1.72E+00,5.15E+01,1.33E+02,1.41E+01
2071,99.7442,131.225,2.03E+00,5.47E+01,1.38E+02,1.39E+01
2072,106.121,137.479,1.63E+00,5.10E+01,1.36E+02,1.28E+01
2073,112.456,137.475,1.54E+00,5.04E+01,1.37E+02,1.27E+01
2074,118.707,137.471,1.43E+00,4.99E+01,1.37E+02,1.38E+01
2075,112.462,143.733,1.26E+00,4.68E+01,1.35E+02,1.29E+01
2076,106.142,143.73,1.34E+00,4.71E+01,1.33E+02,1.29E+01
2077,118.712,143.73,1.18E+00,4.65E+01,1.35E+02,1.43E+01
2078,112.451,131.216,1.79E+00,5.32E+01,1.40E+02,1.21E+01
2079,106.129,131.227,1.92E+00,5.39E+01,1.40E+02,1.25E+01
2080,118.702,131.212,1.66E+00,5.24E+01,1.39E+02,1.28E+01
2081,86.6345,143.751,1.52E+00,4.87E+01,1.21E+02,2.03E+01
2082,86.6278,137.495,1.88E+00,5.29E+01,1.25E+02,1.97E+01
2083,86.6212,131.238,2.22E+00,5.64E+01,1.30E+02,1.95E+01
2084,93.2072,137.489,1.80E+00,5.22E+01,1.30E+02,1.65E+01
2085,93.2281,143.753,1.47E+00,4.80E+01,1.26E+02,1.70E+01
2086,93.2146,131.225,2.13E+00,5.55E+01,1.34E+02,1.64E+01
2087,73.3002,137.506,2.00E+00,5.46E+01,1.16E+02,2.73E+01
2088,79.9639,137.501,1.94E+00,5.37E+01,1.21E+02,2.34E+01
2089,73.3061,143.761,1.62E+00,5.04E+01,1.12E+02,2.80E+01
2090,79.9702,143.756,1.57E+00,4.95E+01,1.17E+02,2.41E+01
2091,73.2941,131.251,2.39E+00,5.81E+01,1.20E+02,2.71E+01
2092,79.9574,131.244,2.31E+00,5.72E+01,1.25E+02,2.32E+01
2093,33.3213,143.78,1.79E+00,5.79E+01,8.66E+01,5.15E+01
2094,33.3185,137.532,2.24E+00,6.17E+01,8.92E+01,5.12E+01
2095,33.3157,131.283,2.69E+00,6.48E+01,9.17E+01,5.16E+01
2096,53.3139,143.772,1.72E+00,5.37E+01,9.83E+01,3.99E+01
2097,53.3095,137.521,2.15E+00,5.77E+01,1.01E+02,3.93E+01
2098,53.305,131.269,2.57E+00,6.11E+01,1.05E+02,3.93E+01
2099,59.9731,137.517,2.11E+00,5.66E+01,1.06E+02,3.53E+01
2100,59.978,143.769,1.69E+00,5.25E+01,1.03E+02,3.60E+01
2101,59.968,131.263,2.52E+00,6.01E+01,1.09E+02,3.52E+01
2102,39.9823,137.529,2.22E+00,6.03E+01,9.30E+01,4.73E+01
2103,46.6459,137.525,2.18E+00,5.90E+01,9.71E+01,4.33E+01
2104,39.9856,143.778,1.77E+00,5.64E+01,9.03E+01,4.77E+01
2105,46.6498,143.775,1.75E+00,5.50E+01,9.42E+01,4.38E+01
2106,39.9788,131.279,2.66E+00,6.35E+01,9.57E+01,4.75E+01
2107,46.6419,131.274,2.62E+00,6.23E+01,1.00E+02,4.34E+01
2108,19.9926,143.784,1.82E+00,6.12E+01,7.98E+01,5.91E+01
2109,19.9908,137.537,2.28E+00,6.48E+01,8.23E+01,5.91E+01
2110,19.989,131.289,2.75E+00,6.77E+01,8.45E+01,5.98E+01
2111,26.6547,137.535,2.26E+00,6.32E+01,8.56E+01,5.52E+01
2112,26.657,143.782,1.81E+00,5.95E+01,8.31E+01,5.53E+01
2113,26.6524,131.286,2.72E+00,6.62E+01,8.80E+01,5.57E+01
2114,6.66292,137.539,2.30E+00,6.84E+01,7.60E+01,6.69E+01
2115,13.3269,137.538,2.29E+00,6.65E+01,7.91E+01,6.30E+01
2116,6.66373,143.786,1.84E+00,6.49E+01,7.37E+01,6.66E+01
2117,13.3282,143.785,1.83E+00,6.30E+01,7.67E+01,6.29E+01
2118,6.66209,131.292,2.77E+00,7.11E+01,7.81E+01,6.80E+01
2119,13.3256,131.291,2.76E+00,6.93E+01,8.12E+01,6.39E+01
2120,-59.9801,143.772,1.70E+00,9.35E+01,4.90E+01,1.07E+02
2121,-59.976,137.52,2.12E+00,9.71E+01,5.13E+01,1.09E+02
2122,-59.9717,131.268,2.53E+00,1.00E+02,5.34E+01,1.12E+02
2123,-26.6586,143.784,1.81E+00,7.67E+01,6.04E+01,8.57E+01
2124,-26.6571,137.536,2.27E+00,7.99E+01,6.27E+01,8.69E+01
2125,-26.6555,131.288,2.73E+00,8.25E+01,6.47E+01,8.90E+01
2126,-13.3297,143.786,1.83E+00,7.15E+01,6.55E+01,7.80E+01
2127,-13.3291,137.539,2.30E+00,7.48E+01,6.77E+01,7.88E+01
2128,-13.3285,131.291,2.76E+00,7.73E+01,6.98E+01,8.04E+01
2129,-6.66509,137.539,2.30E+00,7.25E+01,7.04E+01,7.48E+01
2130,-6.66521,143.786,1.84E+00,6.91E+01,6.81E+01,7.42E+01
2131,-6.66496,131.292,2.77E+00,7.50E+01,7.24E+01,7.63E+01
2132,-19.9931,137.538,2.28E+00,7.72E+01,6.52E+01,8.28E+01
2133,-19.9942,143.785,1.82E+00,7.40E+01,6.29E+01,8.18E+01
2134,-19.992,131.29,2.75E+00,7.98E+01,6.72E+01,8.47E+01
2135,-39.9874,143.78,1.78E+00,8.27E+01,5.57E+01,9.37E+01
2136,-39.9848,137.531,2.22E+00,8.60E+01,5.80E+01,9.53E+01
2137,-39.9822,131.282,2.67E+00,8.87E+01,6.00E+01,9.79E+01
2138,-33.321,137.534,2.25E+00,8.29E+01,6.03E+01,9.11E+01
2139,-33.3231,143.782,1.80E+00,7.96E+01,5.80E+01,8.97E+01
2140,-33.3189,131.285,2.70E+00,8.54E+01,6.23E+01,9.34E+01
2141,-53.3124,137.524,2.16E+00,9.32E+01,5.35E+01,1.04E+02
2142,-46.6485,137.528,2.19E+00,8.95E+01,5.57E+01,9.97E+01
2143,-53.3159,143.775,1.73E+00,8.97E+01,5.12E+01,1.02E+02
2144,-46.6517,143.777,1.75E+00,8.61E+01,5.34E+01,9.78E+01
2145,-53.3086,131.273,2.58E+00,9.61E+01,5.55E+01,1.07E+02
2146,-46.6454,131.278,2.63E+00,9.22E+01,5.77E+01,1.03E+02
2147,-93.2217,143.76,1.49E+00,1.15E+02,3.91E+01,1.29E+02
2148,-93.1952,137.495,1.83E+00,1.18E+02,4.15E+01,1.33E+02
2149,-93.2095,131.229,2.17E+00,1.22E+02,4.35E+01,1.37E+02
2150,-73.3084,143.764,1.63E+00,1.02E+02,4.48E+01,1.16E+02
2151,-73.3034,137.511,2.02E+00,1.06E+02,4.72E+01,1.19E+02
2152,-73.2981,131.256,2.41E+00,1.09E+02,4.93E+01,1.23E+02
2153,-66.6396,137.516,2.07E+00,1.01E+02,4.92E+01,1.14E+02
2154,-66.6442,143.768,1.67E+00,9.76E+01,4.69E+01,1.11E+02
2155,-66.6348,131.262,2.47E+00,1.05E+02,5.13E+01,1.17E+02
2156,-86.601,137.501,1.90E+00,1.15E+02,4.33E+01,1.28E+02
2157,-79.9672,137.506,1.96E+00,1.10E+02,4.52E+01,1.24E+02
2158,-86.617,143.759,1.54E+00,1.11E+02,4.09E+01,1.25E+02
2159,-79.9727,143.76,1.59E+00,1.06E+02,4.28E+01,1.20E+02
2160,-86.6052,131.241,2.25E+00,1.18E+02,4.54E+01,1.33E+02
2161,-79.9615,131.25,2.33E+00,1.14E+02,4.73E+01,1.28E+02
2162,-106.135,143.734,1.38E+00,1.20E+02,3.57E+01,1.36E+02
2163,-106.109,137.485,1.68E+00,1.24E+02,3.82E+01,1.39E+02
2164,-106.124,131.234,1.97E+00,1.27E+02,4.02E+01,1.43E+02
2165,-99.6892,137.49,1.76E+00,1.21E+02,3.99E+01,1.36E+02
2166,-99.7189,143.747,1.44E+00,1.18E+02,3.75E+01,1.33E+02
2167,-99.707,131.231,2.07E+00,1.25E+02,4.18E+01,1.41E+02
2168,-118.709,137.476,1.49E+00,1.25E+02,3.47E+01,1.41E+02
2169,-112.429,137.48,1.59E+00,1.25E+02,3.65E+01,1.41E+02
2170,-118.714,143.735,1.23E+00,1.23E+02,3.23E+01,1.40E+02
2171,-112.444,143.736,1.31E+00,1.22E+02,3.38E+01,1.38E+02
2172,-118.706,131.218,1.72E+00,1.27E+02,3.68E+01,1.44E+02
2173,-112.434,131.224,1.85E+00,1.27E+02,3.85E+01,1.44E+02
2174,-131.221,149.987,8.33E-01,1.18E+02,2.76E+01,1.38E+02
2175,-137.473,149.984,7.53E-01,1.14E+02,2.69E+01,1.36E+02
2176,-143.726,149.982,6.58E-01,1.09E+02,2.65E+01,1.33E+02
2177,-149.981,149.981,5.43E-01,1.04E+02,2.54E+01,1.31E+02
2178,-149.982,143.726,6.57E-01,1.09E+02,2.68E+01,1.34E+02
2179,-149.984,137.473,7.52E-01,1.15E+02,2.75E+01,1.37E+02
2180,-149.986,131.221,8.32E-01,1.19E+02,2.82E+01,1.39E+02
2181,-149.989,124.97,9.00E-01,1.21E+02,2.89E+01,1.40E+02
2182,-149.992,118.72,9.60E-01,1.21E+02,2.95E+01,1.39E+02
2183,-149.996,112.471,1.01E+00,1.20E+02,3.03E+01,1.38E+02
2184,-149.999,106.222,1.06E+00,1.19E+02,3.15E+01,1.36E+02
2185,-150.003,99.9724,1.10E+00,1.16E+02,3.35E+01,1.33E+02
2186,-150.006,93.3071,1.14E+00,1.11E+02,3.57E+01,1.28E+02
2187,-150.009,86.6422,1.18E+00,1.07E+02,3.79E+01,1.23E+02
2188,-150.013,79.9776,1.21E+00,1.02E+02,3.99E+01,1.19E+02
2189,-150.016,73.313,1.24E+00,9.83E+01,4.19E+01,1.15E+02
2190,-150.019,66.6485,1.26E+00,9.43E+01,4.39E+01,1.10E+02
2191,-150.021,59.9839,1.28E+00,9.03E+01,4.60E+01,1.06E+02
2192,-150.024,53.3192,1.30E+00,8.65E+01,4.81E+01,1.02E+02
2193,-150.026,46.6545,1.32E+00,8.28E+01,5.04E+01,9.76E+01
2194,-150.028,39.9897,1.34E+00,7.95E+01,5.26E+01,9.36E+01
2195,-150.029,33.3249,1.35E+00,7.63E+01,5.49E+01,8.98E+01
2196,-150.03,26.66,1.36E+00,7.33E+01,5.73E+01,8.60E+01
2197,-150.031,19.9951,1.37E+00,7.06E+01,5.97E+01,8.22E+01
2198,-150.032,13.3302,1.37E+00,6.80E+01,6.22E+01,7.86E+01
2199,-150.032,6.6653,1.38E+00,6.56E+01,6.48E+01,7.49E+01
2200,-150.032,0.000372361,1.38E+00,6.33E+01,6.75E+01,7.13E+01
2201,-150.032,-6.66456,1.38E+00,6.11E+01,7.02E+01,6.77E+01
2202,-150.032,-13.3294,1.37E+00,5.91E+01,7.32E+01,6.41E+01
2203,-150.031,-19.9944,1.37E+00,5.72E+01,7.62E+01,6.05E+01
2204,-150.03,-26.6592,1.36E+00,5.54E+01,7.94E+01,5.69E+01
2205,-150.029,-33.324,1.35E+00,5.37E+01,8.28E+01,5.33E+01
2206,-150.027,-39.9888,1.33E+00,5.20E+01,8.63E+01,4.96E+01
2207,-150.025,-46.6535,1.31E+00,5.05E+01,9.01E+01,4.59E+01
2208,-150.023,-53.3181,1.30E+00,4.91E+01,9.41E+01,4.21E+01
2209,-150.02,-59.9827,1.27E+00,4.78E+01,9.82E+01,3.83E+01
2210,-150.017,-66.6472,1.25E+00,4.65E+01,1.02E+02,3.44E+01
2211,-150.014,-73.3116,1.22E+00,4.54E+01,1.07E+02,3.05E+01
2212,-150.011,-79.9761,1.19E+00,4.43E+01,1.11E+02,2.63E+01
2213,-150.007,-86.6408,1.15E+00,4.31E+01,1.16E+02,2.20E+01
2214,-150.004,-93.3058,1.12E+00,4.19E+01,1.22E+02,1.79E+01
2215,-150,-99.9712,1.07E+00,4.11E+01,1.26E+02,1.48E+01
2216,-149.996,-106.22,1.02E+00,4.11E+01,1.29E+02,1.31E+01
2217,-149.992,-112.469,9.72E-01,4.17E+01,1.32E+02,1.29E+01
2218,-149.989,-118.718,9.13E-01,4.23E+01,1.33E+02,1.42E+01
2219,-149.985,-124.968,8.46E-01,4.27E+01,1.33E+02,1.67E+01
2220,-149.983,-131.219,7.69E-01,4.32E+01,1.31E+02,2.01E+01
2221,-149.98,-137.471,6.80E-01,4.35E+01,1.28E+02,2.39E+01
2222,-149.978,-143.724,5.77E-01,4.33E+01,1.23E+02,2.75E+01
2223,-149.978,-149.978,4.60E-01,4.16E+01,1.18E+02,2.98E+01
2224,-143.724,-149.979,5.78E-01,4.31E+01,1.23E+02,2.77E+01
2225,-137.471,-149.98,6.81E-01,4.33E+01,1.27E+02,2.41E+01
2226,-131.219,-149.983,7.70E-01,4.31E+01,1.31E+02,2.01E+01
2227,-143.787,0.000536702,1.84E+00,6.80E+01,7.03E+01,7.03E+01
2228,-137.54,0.000692207,2.31E+00,7.12E+01,7.25E+01,7.09E+01
2229,-131.293,0.000851762,2.78E+00,7.36E+01,7.46E+01,7.22E+01
2230,-143.759,79.972,1.59E+00,1.07E+02,4.27E+01,1.21E+02
2231,-137.505,79.9664,1.97E+00,1.11E+02,4.49E+01,1.24E+02
2232,-131.249,79.9606,2.34E+00,1.15E+02,4.70E+01,1.29E+02
2233,-143.734,118.714,1.23E+00,1.24E+02,3.20E+01,1.40E+02
2234,-137.475,118.709,1.49E+00,1.26E+02,3.46E+01,1.42E+02
2235,-131.217,118.706,1.73E+00,1.27E+02,3.68E+01,1.45E+02
2236,-143.726,137.47,9.40E-01,1.15E+02,2.96E+01,1.36E+02
2237,-137.469,137.47,1.11E+00,1.17E+02,3.10E+01,1.37E+02
2238,-131.214,137.471,1.25E+00,1.20E+02,3.22E+01,1.39E+02
2239,-137.47,143.726,9.40E-01,1.15E+02,2.95E+01,1.36E+02
2240,-143.725,143.725,8.10E-01,1.11E+02,2.85E+01,1.33E+02
2241,-131.217,143.728,1.05E+00,1.19E+02,3.05E+01,1.38E+02
2242,-137.472,124.961,1.38E+00,1.24E+02,3.31E+01,1.41E+02
2243,-137.47,131.215,1.25E+00,1.21E+02,3.21E+01,1.39E+02
2244,-143.731,124.965,1.15E+00,1.23E+02,3.12E+01,1.40E+02
2245,-143.728,131.217,1.05E+00,1.20E+02,3.05E+01,1.38E+02
2246,-131.215,124.959,1.58E+00,1.25E+02,3.50E+01,1.43E+02
2247,-131.214,131.214,1.43E+00,1.22E+02,3.35E+01,1.41E+02
2248,-143.747,99.7597,1.44E+00,1.20E+02,3.75E+01,1.35E+02
2249,-137.489,99.7534,1.76E+00,1.23E+02,3.96E+01,1.38E+02
2250,-131.23,99.7475,2.07E+00,1.27E+02,4.15E+01,1.42E+02
2251,-137.484,106.124,1.68E+00,1.25E+02,3.81E+01,1.41E+02
2252,-137.479,112.458,1.59E+00,1.26E+02,3.64E+01,1.42E+02
2253,-143.735,106.144,1.38E+00,1.23E+02,3.58E+01,1.38E+02
2254,-143.738,112.464,1.31E+00,1.24E+02,3.36E+01,1.39E+02
2255,-131.232,106.132,1.97E+00,1.28E+02,3.99E+01,1.44E+02
2256,-131.221,112.454,1.85E+00,1.29E+02,3.84E+01,1.45E+02
2257,-137.5,86.6305,1.91E+00,1.16E+02,4.30E+01,1.30E+02
2258,-137.494,93.21,1.84E+00,1.20E+02,4.12E+01,1.34E+02
2259,-143.755,86.6364,1.54E+00,1.12E+02,4.07E+01,1.25E+02
2260,-143.758,93.2302,1.49E+00,1.16E+02,3.90E+01,1.31E+02
2261,-131.243,86.6245,2.26E+00,1.20E+02,4.51E+01,1.34E+02
2262,-131.229,93.218,2.17E+00,1.24E+02,4.32E+01,1.39E+02
2263,-143.78,39.9871,1.78E+00,8.40E+01,5.53E+01,9.38E+01
2264,-137.531,39.9843,2.22E+00,8.70E+01,5.76E+01,9.57E+01
2265,-131.281,39.9814,2.67E+00,8.95E+01,5.96E+01,9.83E+01
2266,-143.771,59.9797,1.70E+00,9.49E+01,4.87E+01,1.07E+02
2267,-137.52,59.9753,2.12E+00,9.81E+01,5.10E+01,1.09E+02
2268,-131.267,59.9708,2.53E+00,1.01E+02,5.31E+01,1.13E+02
2269,-137.515,66.6389,2.07E+00,1.02E+02,4.89E+01,1.14E+02
2270,-137.51,73.3026,2.02E+00,1.07E+02,4.69E+01,1.19E+02
2271,-143.767,66.6438,1.67E+00,9.88E+01,4.67E+01,1.11E+02
2272,-143.764,73.3078,1.63E+00,1.03E+02,4.46E+01,1.16E+02
2273,-131.261,66.6339,2.48E+00,1.05E+02,5.10E+01,1.18E+02
2274,-131.255,73.2971,2.41E+00,1.10E+02,4.90E+01,1.23E+02
2275,-137.528,46.6481,2.19E+00,9.05E+01,5.53E+01,1.00E+02
2276,-137.524,53.3117,2.16E+00,9.42E+01,5.31E+01,1.05E+02
2277,-143.777,46.6514,1.76E+00,8.74E+01,5.31E+01,9.80E+01
2278,-143.774,53.3155,1.73E+00,9.11E+01,5.09E+01,1.02E+02
2279,-131.277,46.6446,2.63E+00,9.31E+01,5.74E+01,1.03E+02
2280,-131.272,53.3077,2.59E+00,9.69E+01,5.52E+01,1.08E+02
2281,-143.785,19.994,1.82E+00,7.52E+01,6.24E+01,8.17E+01
2282,-137.538,19.9927,2.29E+00,7.81E+01,6.47E+01,8.30E+01
2283,-131.29,19.9914,2.75E+00,8.05E+01,6.67E+01,8.49E+01
2284,-137.536,26.6566,2.27E+00,8.09E+01,6.22E+01,8.71E+01
2285,-137.534,33.3205,2.25E+00,8.38E+01,5.99E+01,9.13E+01
2286,-143.784,26.6584,1.81E+00,7.79E+01,6.00E+01,8.57E+01
2287,-143.782,33.3228,1.80E+00,8.09E+01,5.76E+01,8.97E+01
2288,-131.288,26.6548,2.73E+00,8.32E+01,6.43E+01,8.93E+01
2289,-131.285,33.3182,2.70E+00,8.62E+01,6.19E+01,9.37E+01
2290,-137.54,6.66471,2.30E+00,7.33E+01,6.98E+01,7.49E+01
2291,-137.539,13.3287,2.30E+00,7.56E+01,6.72E+01,7.89E+01
2292,-143.786,6.66502,1.84E+00,7.03E+01,6.75E+01,7.40E+01
2293,-143.786,13.3295,1.83E+00,7.26E+01,6.49E+01,7.79E+01
2294,-131.293,6.66438,2.78E+00,7.57E+01,7.19E+01,7.64E+01
2295,-131.292,13.3279,2.77E+00,7.80E+01,6.92E+01,8.06E+01
2296,-143.761,-73.306,1.61E+00,5.10E+01,1.11E+02,2.82E+01
2297,-137.507,-73.3003,2.00E+00,5.51E+01,1.15E+02,2.74E+01
2298,-131.252,-73.2944,2.38E+00,5.85E+01,1.19E+02,2.72E+01
2299,-143.781,-33.3215,1.79E+00,5.88E+01,8.59E+01,5.15E+01
2300,-137.533,-33.3189,2.24E+00,6.24E+01,8.85E+01,5.13E+01
2301,-131.284,-33.3162,2.70E+00,6.53E+01,9.10E+01,5.17E+01
2302,-143.786,-13.3284,1.83E+00,6.40E+01,7.60E+01,6.27E+01
2303,-137.539,-13.3273,2.30E+00,6.73E+01,7.84E+01,6.30E+01
2304,-131.291,-13.3261,2.76E+00,7.00E+01,8.06E+01,6.40E+01
2305,-137.54,-6.66329,2.30E+00,6.91E+01,7.54E+01,6.69E+01
2306,-143.786,-6.66392,1.84E+00,6.60E+01,7.31E+01,6.65E+01
2307,-131.293,-6.66265,2.77E+00,7.17E+01,7.75E+01,6.81E+01
2308,-137.535,-26.655,2.27E+00,6.39E+01,8.49E+01,5.52E+01
2309,-137.537,-19.9912,2.28E+00,6.55E+01,8.16E+01,5.91E+01
2310,-143.783,-26.6571,1.81E+00,6.04E+01,8.24E+01,5.52E+01
2311,-143.785,-19.9928,1.82E+00,6.22E+01,7.91E+01,5.90E+01
2312,-131.287,-26.6529,2.72E+00,6.68E+01,8.73E+01,5.58E+01
2313,-131.289,-19.9896,2.75E+00,6.83E+01,8.38E+01,5.99E+01
2314,-143.773,-53.314,1.72E+00,5.45E+01,9.74E+01,4.00E+01
2315,-137.522,-53.3097,2.15E+00,5.83E+01,1.00E+02,3.95E+01
2316,-131.27,-53.3053,2.57E+00,6.16E+01,1.04E+02,3.95E+01
2317,-137.526,-46.6462,2.18E+00,5.96E+01,9.63E+01,4.34E+01
2318,-137.53,-39.9826,2.22E+00,6.09E+01,9.23E+01,4.74E+01
2319,-143.776,-46.6499,1.75E+00,5.58E+01,9.34E+01,4.38E+01
2320,-143.779,-39.9858,1.77E+00,5.73E+01,8.95E+01,4.77E+01
2321,-131.275,-46.6423,2.62E+00,6.28E+01,9.91E+01,4.36E+01
2322,-131.28,-39.9793,2.66E+00,6.40E+01,9.49E+01,4.77E+01
2323,-137.513,-66.6367,2.06E+00,5.61E+01,1.10E+02,3.15E+01
2324,-137.518,-59.9733,2.10E+00,5.72E+01,1.05E+02,3.55E+01
2325,-143.766,-66.642,1.65E+00,5.21E+01,1.06E+02,3.22E+01
2326,-143.769,-59.9781,1.69E+00,5.32E+01,1.02E+02,3.61E+01
2327,-131.258,-66.6312,2.45E+00,5.95E+01,1.14E+02,3.13E+01
2328,-131.264,-59.9683,2.52E+00,6.05E+01,1.08E+02,3.54E+01
2329,-143.729,-112.431,1.26E+00,4.72E+01,1.35E+02,1.32E+01
2330,-137.475,-112.403,1.54E+00,5.10E+01,1.38E+02,1.30E+01
2331,-131.221,-112.419,1.79E+00,5.39E+01,1.41E+02,1.23E+01
2332,-143.758,-93.2027,1.46E+00,4.90E+01,1.26E+02,1.75E+01
2333,-137.491,-93.1669,1.80E+00,5.28E+01,1.30E+02,1.68E+01
2334,-131.222,-93.1891,2.13E+00,5.61E+01,1.34E+02,1.66E+01
2335,-137.496,-86.5878,1.88E+00,5.34E+01,1.26E+02,1.99E+01
2336,-137.502,-79.9641,1.94E+00,5.42E+01,1.20E+02,2.35E+01
2337,-143.757,-86.6078,1.52E+00,4.94E+01,1.21E+02,2.06E+01
2338,-143.757,-79.9701,1.57E+00,5.01E+01,1.16E+02,2.43E+01
2339,-131.235,-86.5946,2.22E+00,5.68E+01,1.30E+02,1.97E+01
2340,-131.245,-79.9577,2.31E+00,5.76E+01,1.25E+02,2.33E+01
2341,-137.48,-106.058,1.63E+00,5.18E+01,1.36E+02,1.29E+01
2342,-137.485,-99.6543,1.72E+00,5.24E+01,1.34E+02,1.43E+01
2343,-143.729,-106.103,1.34E+00,4.74E+01,1.33E+02,1.30E+01
2344,-143.744,-99.6965,1.40E+00,4.83E+01,1.30E+02,1.47E+01
2345,-131.229,-106.09,1.91E+00,5.47E+01,1.40E+02,1.26E+01
2346,-131.225,-99.6831,2.03E+00,5.54E+01,1.38E+02,1.41E+01
2347,-143.724,-131.214,9.82E-01,4.74E+01,1.32E+02,2.02E+01
2348,-137.466,-131.211,1.18E+00,4.97E+01,1.33E+02,1.88E+01
2349,-131.21,-131.21,1.36E+00,5.11E+01,1.35E+02,1.69E+01
2350,-137.468,-124.958,1.31E+00,5.02E+01,1.36E+02,1.65E+01
2351,-137.471,-118.686,1.43E+00,5.05E+01,1.38E+02,1.44E+01
2352,-143.727,-124.962,1.09E+00,4.74E+01,1.35E+02,1.73E+01
2353,-143.728,-118.699,1.18E+00,4.72E+01,1.35E+02,1.48E+01
2354,-131.21,-124.955,1.52E+00,5.21E+01,1.38E+02,1.49E+01
2355,-131.214,-118.689,1.66E+00,5.30E+01,1.40E+02,1.33E+01
2356,-137.467,-143.723,8.64E-01,4.72E+01,1.28E+02,2.32E+01
2357,-137.466,-137.466,1.03E+00,4.89E+01,1.30E+02,2.12E+01
2358,-143.722,-143.722,7.29E-01,4.60E+01,1.25E+02,2.61E+01
2359,-143.722,-137.468,8.64E-01,4.72E+01,1.28E+02,2.32E+01
2360,-131.214,-143.724,9.83E-01,4.75E+01,1.32E+02,2.01E+01
2361,-131.211,-137.467,1.18E+00,4.98E+01,1.33E+02,1.88E+01
2362,131.219,149.982,7.66E-01,4.18E+01,1.31E+02,1.78E+01
2363,137.471,149.98,6.77E-01,4.03E+01,1.27E+02,1.96E+01
2364,143.723,149.979,5.80E-01,3.56E+01,1.20E+02,1.86E+01
2365,149.975,149.979,4.88E-01,7.15E+01,7.04E+01,7.38E+01
2366,149.976,143.725,6.12E-01,7.76E+01,7.28E+01,7.57E+01
2367,149.979,137.472,7.17E-01,8.20E+01,7.57E+01,7.68E+01
2368,149.982,131.22,8.07E-01,8.45E+01,7.81E+01,7.68E+01
2369,149.985,124.969,8.84E-01,8.56E+01,7.97E+01,7.61E+01
2370,149.989,118.718,9.50E-01,8.56E+01,8.04E+01,7.51E+01
2371,149.993,112.469,1.01E+00,8.49E+01,8.05E+01,7.40E+01
2372,149.996,106.22,1.06E+00,8.36E+01,8.00E+01,7.33E+01
2373,150,99.9709,1.10E+00,8.20E+01,7.92E+01,7.28E+01
2374,150.004,93.3059,1.14E+00,8.02E+01,7.81E+01,7.25E+01
2375,150.008,86.6412,1.18E+00,7.82E+01,7.68E+01,7.21E+01
2376,150.011,79.9765,1.21E+00,7.63E+01,7.54E+01,7.19E+01
2377,150.014,73.3118,1.24E+00,7.45E+01,7.41E+01,7.17E+01
2378,150.018,66.6472,1.27E+00,7.28E+01,7.28E+01,7.16E+01
2379,150.02,59.9826,1.29E+00,7.13E+01,7.16E+01,7.14E+01
2380,150.023,53.318,1.31E+00,6.99E+01,7.06E+01,7.13E+01
2381,150.025,46.6533,1.33E+00,6.87E+01,6.96E+01,7.12E+01
2382,150.027,39.9885,1.34E+00,6.76E+01,6.88E+01,7.12E+01
2383,150.028,33.3237,1.35E+00,6.67E+01,6.82E+01,7.12E+01
2384,150.03,26.6589,1.36E+00,6.60E+01,6.76E+01,7.13E+01
2385,150.031,19.994,1.37E+00,6.53E+01,6.72E+01,7.14E+01
2386,150.031,13.3291,1.38E+00,6.48E+01,6.69E+01,7.15E+01
2387,150.032,6.66423,1.38E+00,6.45E+01,6.66E+01,7.16E+01
2388,150.032,-0.000693452,1.38E+00,6.43E+01,6.65E+01,7.17E+01
2389,150.032,-6.66562,1.38E+00,6.42E+01,6.65E+01,7.19E+01
2390,150.031,-13.3305,1.37E+00,6.42E+01,6.65E+01,7.21E+01
2391,150.031,-19.9954,1.36E+00,6.44E+01,6.67E+01,7.23E+01
2392,150.03,-26.6604,1.35E+00,6.47E+01,6.70E+01,7.26E+01
2393,150.029,-33.3251,1.34E+00,6.51E+01,6.73E+01,7.29E+01
2394,150.027,-39.99,1.33E+00,6.57E+01,6.78E+01,7.32E+01
2395,150.025,-46.6548,1.31E+00,6.64E+01,6.84E+01,7.35E+01
2396,150.023,-53.3195,1.29E+00,6.73E+01,6.91E+01,7.39E+01
2397,150.021,-59.9842,1.27E+00,6.83E+01,6.99E+01,7.43E+01
2398,150.018,-66.6489,1.24E+00,6.95E+01,7.08E+01,7.48E+01
2399,150.016,-73.3135,1.22E+00,7.07E+01,7.18E+01,7.52E+01
2400,150.013,-79.9782,1.19E+00,7.21E+01,7.29E+01,7.57E+01
2401,150.01,-86.643,1.15E+00,7.36E+01,7.40E+01,7.60E+01
2402,150.006,-93.3077,1.12E+00,7.50E+01,7.51E+01,7.63E+01
2403,150.003,-99.9728,1.08E+00,7.63E+01,7.61E+01,7.63E+01
2404,150,-106.222,1.03E+00,7.73E+01,7.68E+01,7.60E+01
2405,149.997,-112.471,9.84E-01,7.80E+01,7.72E+01,7.54E+01
2406,149.993,-118.72,9.30E-01,7.83E+01,7.73E+01,7.45E+01
2407,149.991,-124.97,8.68E-01,7.81E+01,7.69E+01,7.32E+01
2408,149.988,-131.221,7.99E-01,7.73E+01,7.57E+01,7.19E+01
2409,149.986,-137.473,7.18E-01,7.60E+01,7.39E+01,7.07E+01
2410,149.985,-143.726,6.25E-01,7.45E+01,7.14E+01,7.02E+01
2411,149.984,-149.98,5.16E-01,7.38E+01,6.83E+01,7.15E+01
2412,143.728,-149.982,6.59E-01,1.15E+02,2.88E+01,1.27E+02
2413,137.473,-149.984,7.63E-01,1.16E+02,2.86E+01,1.34E+02
2414,131.221,-149.987,8.44E-01,1.18E+02,2.86E+01,1.38E+02
2415,143.786,-0.000650319,1.84E+00,6.85E+01,7.00E+01,7.00E+01
2416,137.539,-0.000852512,2.30E+00,7.14E+01,7.25E+01,7.08E+01
2417,131.292,-0.00100916,2.77E+00,7.39E+01,7.46E+01,7.22E+01
2418,143.758,79.9704,1.58E+00,4.90E+01,1.14E+02,2.52E+01
2419,137.502,79.9643,1.95E+00,5.40E+01,1.19E+02,2.37E+01
2420,131.246,79.9581,2.32E+00,5.77E+01,1.23E+02,2.33E+01
2421,143.731,118.712,1.20E+00,4.51E+01,1.32E+02,1.37E+01
2422,137.472,118.707,1.44E+00,5.01E+01,1.35E+02,1.38E+01
2423,131.213,118.702,1.67E+00,5.27E+01,1.38E+02,1.29E+01
2424,143.722,137.468,8.78E-01,4.25E+01,1.25E+02,1.89E+01
2425,137.466,137.466,1.03E+00,4.68E+01,1.28E+02,1.91E+01
2426,131.212,137.466,1.18E+00,4.85E+01,1.32E+02,1.75E+01
2427,137.468,143.722,8.65E-01,4.43E+01,1.27E+02,2.02E+01
2428,143.722,143.722,7.38E-01,3.99E+01,1.21E+02,1.98E+01
2429,131.215,143.724,9.81E-01,4.58E+01,1.31E+02,1.85E+01
2430,137.469,124.958,1.32E+00,4.93E+01,1.34E+02,1.55E+01
2431,137.467,131.211,1.19E+00,4.83E+01,1.31E+02,1.74E+01
2432,143.727,124.963,1.11E+00,4.46E+01,1.31E+02,1.53E+01
2433,143.724,131.215,1.00E+00,4.38E+01,1.29E+02,1.72E+01
2434,131.211,124.955,1.52E+00,5.17E+01,1.36E+02,1.42E+01
2435,131.21,131.21,1.36E+00,5.03E+01,1.34E+02,1.59E+01
2436,143.744,99.7576,1.42E+00,4.66E+01,1.27E+02,1.53E+01
2437,137.486,99.7509,1.73E+00,5.18E+01,1.31E+02,1.43E+01
2438,131.227,99.7446,2.04E+00,5.52E+01,1.36E+02,1.40E+01
2439,137.48,106.121,1.65E+00,5.12E+01,1.34E+02,1.29E+01
2440,137.476,112.456,1.55E+00,5.07E+01,1.35E+02,1.28E+01
2441,143.732,106.142,1.36E+00,4.60E+01,1.30E+02,1.35E+01
2442,143.735,112.462,1.28E+00,4.55E+01,1.32E+02,1.29E+01
2443,131.228,106.129,1.92E+00,5.44E+01,1.38E+02,1.25E+01
2444,131.217,112.451,1.80E+00,5.36E+01,1.39E+02,1.22E+01
2445,137.497,86.6282,1.89E+00,5.32E+01,1.23E+02,2.00E+01
2446,137.491,93.2075,1.81E+00,5.24E+01,1.28E+02,1.68E+01
2447,143.753,86.6347,1.54E+00,4.80E+01,1.19E+02,2.15E+01
2448,143.755,93.2283,1.48E+00,4.72E+01,1.23E+02,1.81E+01
2449,131.239,86.6218,2.23E+00,5.68E+01,1.28E+02,1.97E+01
2450,131.226,93.2151,2.14E+00,5.60E+01,1.32E+02,1.65E+01
2451,143.779,39.9857,1.78E+00,5.69E+01,8.89E+01,4.80E+01
2452,137.53,39.9826,2.22E+00,6.08E+01,9.20E+01,4.74E+01
2453,131.28,39.9794,2.66E+00,6.40E+01,9.47E+01,4.77E+01
2454,143.77,59.9782,1.70E+00,5.24E+01,1.01E+02,3.67E+01
2455,137.518,59.9735,2.11E+00,5.69E+01,1.05E+02,3.56E+01
2456,131.265,59.9686,2.52E+00,6.05E+01,1.08E+02,3.54E+01
2457,137.513,66.637,2.06E+00,5.58E+01,1.09E+02,3.16E+01
2458,137.508,73.3006,2.01E+00,5.49E+01,1.14E+02,2.76E+01
2459,143.766,66.6423,1.67E+00,5.12E+01,1.05E+02,3.29E+01
2460,143.762,73.3063,1.63E+00,5.00E+01,1.10E+02,2.90E+01
2461,131.259,66.6316,2.46E+00,5.95E+01,1.13E+02,3.13E+01
2462,131.252,73.2947,2.39E+00,5.85E+01,1.18E+02,2.73E+01
2463,137.526,46.6463,2.19E+00,5.94E+01,9.59E+01,4.35E+01
2464,137.522,53.3099,2.15E+00,5.81E+01,1.00E+02,3.95E+01
2465,143.776,46.6499,1.76E+00,5.53E+01,9.27E+01,4.42E+01
2466,143.773,53.3141,1.73E+00,5.38E+01,9.67E+01,4.05E+01
2467,131.275,46.6425,2.62E+00,6.28E+01,9.88E+01,4.36E+01
2468,131.27,53.3056,2.57E+00,6.16E+01,1.03E+02,3.95E+01
2469,143.784,19.9927,1.82E+00,6.22E+01,7.87E+01,5.90E+01
2470,137.537,19.9911,2.28E+00,6.56E+01,8.14E+01,5.91E+01
2471,131.289,19.9895,2.74E+00,6.84E+01,8.37E+01,5.99E+01
2472,137.535,26.655,2.27E+00,6.39E+01,8.47E+01,5.53E+01
2473,137.533,33.3188,2.24E+00,6.23E+01,8.82E+01,5.14E+01
2474,143.783,26.6571,1.81E+00,6.03E+01,8.19E+01,5.53E+01
2475,143.781,33.3214,1.80E+00,5.86E+01,8.53E+01,5.17E+01
2476,131.286,26.6529,2.72E+00,6.68E+01,8.71E+01,5.58E+01
2477,131.283,33.3162,2.69E+00,6.54E+01,9.08E+01,5.18E+01
2478,137.539,6.66316,2.30E+00,6.94E+01,7.53E+01,6.69E+01
2479,137.538,13.3272,2.29E+00,6.74E+01,7.83E+01,6.30E+01
2480,143.786,6.66382,1.84E+00,6.63E+01,7.28E+01,6.63E+01
2481,143.785,13.3283,1.83E+00,6.42E+01,7.57E+01,6.26E+01
2482,131.292,6.66252,2.77E+00,7.19E+01,7.74E+01,6.81E+01
2483,131.291,13.326,2.76E+00,7.01E+01,8.05E+01,6.40E+01
2484,143.764,-73.3083,1.62E+00,1.04E+02,4.44E+01,1.14E+02
2485,137.51,-73.3031,2.01E+00,1.07E+02,4.67E+01,1.18E+02
2486,131.255,-73.2978,2.40E+00,1.10E+02,4.88E+01,1.23E+02
2487,143.781,-33.3228,1.79E+00,8.18E+01,5.74E+01,8.89E+01
2488,137.533,-33.3207,2.24E+00,8.43E+01,5.98E+01,9.11E+01
2489,131.284,-33.3184,2.69E+00,8.65E+01,6.18E+01,9.37E+01
2490,143.785,-13.3296,1.83E+00,7.33E+01,6.47E+01,7.74E+01
2491,137.538,-13.3289,2.29E+00,7.60E+01,6.71E+01,7.88E+01
2492,131.291,-13.328,2.76E+00,7.83E+01,6.92E+01,8.06E+01
2493,137.539,-6.66485,2.30E+00,7.36E+01,6.98E+01,7.48E+01
2494,143.786,-6.66511,1.83E+00,7.08E+01,6.73E+01,7.37E+01
2495,131.292,-6.66453,2.77E+00,7.60E+01,7.18E+01,7.64E+01
2496,137.535,-26.6568,2.26E+00,8.13E+01,6.22E+01,8.69E+01
2497,137.537,-19.9929,2.28E+00,7.85E+01,6.46E+01,8.28E+01
2498,143.783,-26.6584,1.81E+00,7.88E+01,5.98E+01,8.50E+01
2499,143.784,-19.9941,1.82E+00,7.59E+01,6.22E+01,8.11E+01
2500,131.287,-26.655,2.72E+00,8.35E+01,6.42E+01,8.92E+01
2501,131.289,-19.9916,2.74E+00,8.08E+01,6.66E+01,8.49E+01
2502,143.774,-53.3157,1.72E+00,9.22E+01,5.07E+01,1.01E+02
2503,137.524,-53.312,2.15E+00,9.47E+01,5.30E+01,1.04E+02
2504,131.272,-53.3081,2.57E+00,9.72E+01,5.50E+01,1.08E+02
2505,137.527,-46.6483,2.18E+00,9.10E+01,5.52E+01,9.97E+01
2506,137.53,-39.9846,2.21E+00,8.75E+01,5.75E+01,9.53E+01
2507,143.777,-46.6515,1.75E+00,8.85E+01,5.29E+01,9.69E+01
2508,143.779,-39.9872,1.77E+00,8.50E+01,5.51E+01,9.29E+01
2509,131.277,-46.6449,2.62E+00,9.34E+01,5.72E+01,1.03E+02
2510,131.281,-39.9817,2.66E+00,8.98E+01,5.95E+01,9.82E+01
2511,137.515,-66.6394,2.06E+00,1.03E+02,4.87E+01,1.14E+02
2512,137.519,-59.9758,2.11E+00,9.87E+01,5.08E+01,1.09E+02
2513,143.767,-66.6441,1.66E+00,1.00E+02,4.65E+01,1.10E+02
2514,143.771,-59.98,1.69E+00,9.61E+01,4.86E+01,1.06E+02
2515,131.261,-66.6345,2.46E+00,1.06E+02,5.08E+01,1.18E+02
2516,131.267,-59.9713,2.52E+00,1.01E+02,5.29E+01,1.13E+02
2517,143.734,-112.434,1.29E+00,1.26E+02,3.38E+01,1.36E+02
2518,137.48,-112.407,1.58E+00,1.27E+02,3.59E+01,1.40E+02
2519,131.227,-112.424,1.84E+00,1.28E+02,3.79E+01,1.44E+02
2520,143.762,-93.2053,1.48E+00,1.17E+02,3.87E+01,1.27E+02
2521,137.495,-93.1702,1.82E+00,1.20E+02,4.09E+01,1.32E+02
2522,131.226,-93.1933,2.16E+00,1.23E+02,4.30E+01,1.37E+02
2523,137.5,-86.5909,1.89E+00,1.16E+02,4.28E+01,1.28E+02
2524,137.505,-79.967,1.95E+00,1.12E+02,4.47E+01,1.23E+02
2525,143.759,-86.6103,1.53E+00,1.13E+02,4.06E+01,1.23E+02
2526,143.76,-79.9726,1.58E+00,1.09E+02,4.25E+01,1.19E+02
2527,131.239,-86.5985,2.25E+00,1.19E+02,4.48E+01,1.33E+02
2528,131.249,-79.9614,2.33E+00,1.15E+02,4.68E+01,1.28E+02
2529,137.485,-106.061,1.67E+00,1.25E+02,3.75E+01,1.38E+02
2530,137.489,-99.6579,1.75E+00,1.23E+02,3.91E+01,1.36E+02
2531,143.734,-106.105,1.36E+00,1.24E+02,3.54E+01,1.34E+02
2532,143.748,-99.6993,1.42E+00,1.21E+02,3.70E+01,1.31E+02
2533,131.235,-106.094,1.96E+00,1.28E+02,3.95E+01,1.43E+02
2534,131.23,-99.6875,2.06E+00,1.26E+02,4.12E+01,1.41E+02
2535,143.73,-131.218,1.04E+00,1.23E+02,3.05E+01,1.33E+02
2536,137.472,-131.215,1.24E+00,1.22E+02,3.22E+01,1.37E+02
2537,131.215,-131.214,1.43E+00,1.23E+02,3.38E+01,1.40E+02
2538,137.474,-124.962,1.37E+00,1.25E+02,3.32E+01,1.39E+02
2539,137.477,-118.69,1.48E+00,1.27E+02,3.45E+01,1.40E+02
2540,143.732,-124.966,1.13E+00,1.26E+02,3.14E+01,1.36E+02
2541,143.733,-118.702,1.22E+00,1.26E+02,3.25E+01,1.36E+02
2542,131.216,-124.96,1.58E+00,1.26E+02,3.51E+01,1.42E+02
2543,131.22,-118.693,1.72E+00,1.28E+02,3.65E+01,1.44E+02
2544,137.471,-143.726,9.45E-01,1.17E+02,3.00E+01,1.33E+02
2545,137.471,-137.47,1.10E+00,1.19E+02,3.12E+01,1.34E+02
2546,143.727,-143.726,8.04E-01,1.17E+02,2.93E+01,1.28E+02
2547,143.728,-137.471,9.28E-01,1.20E+02,2.97E+01,1.30E+02
2548,131.217,-143.728,1.06E+00,1.19E+02,3.10E+01,1.37E+02
2549,131.215,-137.471,1.25E+00,1.21E+02,3.26E+01,1.38E+02
2550,149.986,-156.237,3.88E-01,7.38E+01,6.59E+01,7.52E+01
2551,149.989,-162.495,2.42E-01,7.11E+01,6.34E+01,8.05E+01
2552,149.994,-168.752,8.88E-02,5.48E+01,5.86E+01,9.48E+01
2553,150,-175,0.00E+00,4.13E+01,5.55E+01,1.06E+02
2554,143.75,-175,0.00E+00,6.16E+01,1.64E+01,1.91E+02
2555,137.5,-175,0.00E+00,5.93E+01,1.89E+01,1.96E+02
2556,131.25,-175,0.00E+00,5.59E+01,1.77E+01,2.00E+02
2557,125,-175,0.00E+00,5.08E+01,1.65E+01,2.01E+02
2558,118.75,-175,0.00E+00,4.51E+01,1.46E+01,2.01E+02
2559,112.5,-175,0.00E+00,4.00E+01,1.29E+01,2.01E+02
2560,106.25,-175,0.00E+00,3.47E+01,1.16E+01,2.00E+02
2561,100,-175,0.00E+00,2.89E+01,9.81E+00,1.98E+02
2562,93.3333,-175,0.00E+00,2.29E+01,7.85E+00,1.96E+02
2563,86.6667,-175,0.00E+00,1.71E+01,6.62E+00,1.94E+02
2564,80,-175,0.00E+00,1.18E+01,5.91E+00,1.91E+02
2565,73.3333,-175,0.00E+00,7.41E+00,5.63E+00,1.88E+02
2566,66.6667,-175,0.00E+00,5.41E+00,5.97E+00,1.86E+02
2567,60,-175,0.00E+00,6.90E+00,6.90E+00,1.83E+02
2568,53.3333,-175,0.00E+00,1.04E+01,8.30E+00,1.80E+02
2569,46.6667,-175,0.00E+00,1.43E+01,1.00E+01,1.78E+02
2570,40,-175,0.00E+00,1.82E+01,1.19E+01,1.75E+02
2571,33.3333,-175,0.00E+00,2.18E+01,1.40E+01,1.72E+02
2572,26.6667,-175,0.00E+00,2.52E+01,1.61E+01,1.70E+02
2573,20,-175,0.00E+00,2.85E+01,1.84E+01,1.67E+02
2574,13.3333,-175,0.00E+00,3.15E+01,2.08E+01,1.64E+02
2575,6.66667,-175,0.00E+00,3.43E+01,2.33E+01,1.61E+02
2576,0,-175,0.00E+00,3.70E+01,2.59E+01,1.58E+02
2577,-6.66667,-175,0.00E+00,3.95E+01,2.86E+01,1.55E+02
2578,-13.3333,-175,0.00E+00,4.17E+01,3.14E+01,1.52E+02
2579,-20,-175,0.00E+00,4.39E+01,3.44E+01,1.49E+02
2580,-26.6667,-175,0.00E+00,4.58E+01,3.75E+01,1.45E+02
2581,-33.3333,-175,0.00E+00,4.77E+01,4.07E+01,1.42E+02
2582,-40,-175,0.00E+00,4.93E+01,4.42E+01,1.38E+02
2583,-46.6667,-175,0.00E+00,5.09E+01,4.78E+01,1.34E+02
2584,-53.3333,-175,0.00E+00,5.23E+01,5.16E+01,1.30E+02
2585,-60,-175,0.00E+00,5.35E+01,5.56E+01,1.26E+02
2586,-66.6667,-175,0.00E+00,5.46E+01,5.99E+01,1.22E+02
2587,-73.3333,-175,0.00E+00,5.56E+01,6.44E+01,1.17E+02
2588,-80,-175,0.00E+00,5.64E+01,6.91E+01,1.12E+02
2589,-86.6667,-175,0.00E+00,5.69E+01,7.42E+01,1.07E+02
2590,-93.3333,-175,0.00E+00,5.71E+01,7.94E+01,1.02E+02
2591,-100,-175,0.00E+00,5.74E+01,8.47E+01,9.58E+01
2592,-106.25,-175,0.00E+00,5.75E+01,9.00E+01,8.90E+01
2593,-112.5,-175,0.00E+00,5.63E+01,9.56E+01,8.32E+01
2594,-118.75,-175,0.00E+00,5.42E+01,1.01E+02,7.69E+01
2595,-125,-175,0.00E+00,5.13E+01,1.04E+02,6.80E+01
2596,-131.25,-175,0.00E+00,4.69E+01,1.07E+02,5.89E+01
2597,-137.5,-175,0.00E+00,4.06E+01,1.11E+02,4.95E+01
2598,-143.75,-175,0.00E+00,3.27E+01,1.12E+02,3.79E+01
2599,-150,-175,0.00E+00,2.31E+01,1.12E+02,2.61E+01
2600,-149.992,-168.748,6.52E-02,1.95E+01,1.14E+02,2.18E+01
2601,-149.985,-162.492,1.90E-01,2.45E+01,1.16E+02,2.27E+01
2602,-149.98,-156.235,3.28E-01,3.67E+01,1.16E+02,2.91E+01
2603,-0.000848039,-168.765,1.67E-01,3.02E+01,3.85E+01,1.31E+02
2604,-0.000159447,-162.522,5.14E-01,3.67E+01,5.53E+01,9.18E+01
2605,-0.000164576,-156.277,9.31E-01,5.57E+01,6.22E+01,7.64E+01
2606,79.9936,-168.761,1.53E-01,3.92E+01,1.53E+01,1.67E+02
2607,79.9887,-162.514,4.63E-01,7.86E+01,2.85E+01,1.33E+02
2608,79.9831,-156.264,8.27E-01,9.57E+01,3.50E+01,1.21E+02
2609,118.741,-168.757,1.31E-01,6.90E+01,1.47E+01,1.79E+02
2610,118.733,-162.505,3.87E-01,1.03E+02,1.90E+01,1.51E+02
2611,118.726,-156.25,6.78E-01,1.17E+02,2.60E+01,1.42E+02
2612,137.49,-168.755,1.15E-01,7.93E+01,1.57E+01,1.76E+02
2613,137.483,-162.501,3.31E-01,1.06E+02,1.73E+01,1.48E+02
2614,137.477,-156.243,5.57E-01,1.14E+02,2.49E+01,1.39E+02
2615,143.734,-162.499,3.03E-01,1.09E+02,2.06E+01,1.40E+02
2616,143.74,-168.754,1.10E-01,8.28E+01,1.64E+01,1.69E+02
2617,143.73,-156.24,4.92E-01,1.14E+02,2.65E+01,1.31E+02
2618,124.983,-162.504,3.70E-01,1.06E+02,1.76E+01,1.52E+02
2619,131.232,-162.502,3.52E-01,1.06E+02,1.66E+01,1.51E+02
2620,124.99,-168.756,1.25E-01,7.37E+01,1.48E+01,1.80E+02
2621,131.24,-168.756,1.20E-01,7.72E+01,1.49E+01,1.79E+02
2622,124.976,-156.248,6.43E-01,1.17E+02,2.49E+01,1.43E+02
2623,131.226,-156.245,6.04E-01,1.15E+02,2.42E+01,1.41E+02
2624,99.7856,-168.759,1.43E-01,5.50E+01,1.48E+01,1.75E+02
2625,99.7794,-162.51,4.30E-01,9.23E+01,2.37E+01,1.44E+02
2626,99.7727,-156.257,7.62E-01,1.09E+02,3.00E+01,1.34E+02
2627,106.15,-162.508,4.17E-01,9.60E+01,2.18E+01,1.47E+02
2628,112.484,-162.507,4.03E-01,9.90E+01,2.01E+01,1.49E+02
2629,106.171,-168.752,1.40E-01,6.00E+01,1.45E+01,1.77E+02
2630,112.491,-168.758,1.35E-01,6.44E+01,1.44E+01,1.78E+02
2631,106.157,-156.262,7.36E-01,1.12E+02,2.85E+01,1.37E+02
2632,112.477,-156.252,7.09E-01,1.14E+02,2.70E+01,1.40E+02
2633,86.6543,-162.513,4.53E-01,8.32E+01,2.68E+01,1.37E+02
2634,93.235,-162.511,4.42E-01,8.78E+01,2.54E+01,1.40E+02
2635,86.6597,-168.761,1.50E-01,4.43E+01,1.48E+01,1.70E+02
2636,93.255,-168.767,1.47E-01,4.96E+01,1.47E+01,1.72E+02
2637,86.6483,-156.262,8.08E-01,1.00E+02,3.31E+01,1.26E+02
2638,93.2427,-156.253,7.86E-01,1.04E+02,3.14E+01,1.30E+02
2639,39.9965,-168.764,1.64E-01,2.97E+01,2.43E+01,1.49E+02
2640,39.9945,-162.52,5.02E-01,5.41E+01,4.08E+01,1.11E+02
2641,39.9919,-156.274,9.07E-01,7.24E+01,4.76E+01,9.75E+01
2642,59.9951,-168.763,1.60E-01,2.99E+01,1.86E+01,1.57E+02
2643,59.9917,-162.517,4.87E-01,6.54E+01,3.44E+01,1.22E+02
2644,59.9876,-156.27,8.75E-01,8.32E+01,4.10E+01,1.09E+02
2645,66.6573,-162.516,4.80E-01,6.96E+01,3.24E+01,1.25E+02
2646,73.323,-162.515,4.72E-01,7.40E+01,3.04E+01,1.29E+02
2647,66.6612,-168.762,1.58E-01,3.14E+01,1.72E+01,1.60E+02
2648,73.3274,-168.762,1.56E-01,3.46E+01,1.60E+01,1.63E+02
2649,66.6528,-156.268,8.61E-01,8.73E+01,3.89E+01,1.13E+02
2650,73.3179,-156.266,8.45E-01,9.14E+01,3.69E+01,1.17E+02
2651,46.6603,-162.519,4.98E-01,5.77E+01,3.86E+01,1.15E+02
2652,53.326,-162.518,4.93E-01,6.14E+01,3.65E+01,1.18E+02
2653,46.6627,-168.763,1.63E-01,2.97E+01,2.23E+01,1.52E+02
2654,53.3289,-168.763,1.62E-01,2.96E+01,2.04E+01,1.54E+02
2655,46.6572,-156.273,8.98E-01,7.58E+01,4.53E+01,1.01E+02
2656,53.3224,-156.272,8.87E-01,7.94E+01,4.32E+01,1.05E+02
2657,19.9978,-168.764,1.67E-01,3.00E+01,3.10E+01,1.40E+02
2658,19.9972,-162.521,5.12E-01,4.47E+01,4.78E+01,1.02E+02
2659,19.9959,-156.277,9.26E-01,6.33E+01,5.46E+01,8.68E+01
2660,26.663,-162.521,5.09E-01,4.76E+01,4.54E+01,1.05E+02
2661,33.3288,-162.52,5.06E-01,5.08E+01,4.31E+01,1.08E+02
2662,26.6641,-168.764,1.66E-01,2.99E+01,2.87E+01,1.43E+02
2663,33.3303,-168.764,1.65E-01,2.98E+01,2.65E+01,1.46E+02
2664,26.6613,-156.276,9.21E-01,6.61E+01,5.22E+01,9.03E+01
2665,33.3266,-156.275,9.15E-01,6.92E+01,4.99E+01,9.39E+01
2666,6.66564,-162.522,5.14E-01,3.92E+01,5.27E+01,9.50E+01
2667,13.3314,-162.521,5.13E-01,4.19E+01,5.02E+01,9.83E+01
2668,6.66538,-168.765,1.67E-01,3.02E+01,3.59E+01,1.34E+02
2669,13.3316,-168.764,1.67E-01,3.01E+01,3.34E+01,1.37E+02
2670,6.66521,-156.277,9.31E-01,5.81E+01,5.96E+01,7.98E+01
2671,13.3306,-156.277,9.29E-01,6.06E+01,5.70E+01,8.33E+01
2672,-73.3288,-168.761,1.52E-01,3.10E+01,7.65E+01,9.06E+01
2673,-73.323,-162.515,4.63E-01,1.83E+01,9.30E+01,5.25E+01
2674,-73.3178,-156.266,8.32E-01,3.63E+01,1.00E+02,3.67E+01
2675,-33.3319,-168.764,1.64E-01,3.03E+01,5.32E+01,1.14E+02
2676,-33.329,-162.52,5.03E-01,2.61E+01,6.99E+01,7.51E+01
2677,-33.3268,-156.275,9.10E-01,4.53E+01,7.70E+01,5.91E+01
2678,-13.3333,-168.764,1.67E-01,3.03E+01,4.40E+01,1.24E+02
2679,-13.3317,-162.521,5.12E-01,3.21E+01,6.08E+01,8.52E+01
2680,-13.3309,-156.277,9.27E-01,5.12E+01,6.77E+01,6.95E+01
2681,-6.66593,-162.522,5.13E-01,3.43E+01,5.80E+01,8.85E+01
2682,-6.66706,-168.764,1.67E-01,3.03E+01,4.12E+01,1.28E+02
2683,-6.66551,-156.277,9.30E-01,5.34E+01,6.49E+01,7.30E+01
2684,-26.6632,-162.521,5.06E-01,2.80E+01,6.68E+01,7.85E+01
2685,-19.9975,-162.521,5.09E-01,3.00E+01,6.37E+01,8.19E+01
2686,-26.6657,-168.764,1.65E-01,3.03E+01,5.00E+01,1.18E+02
2687,-19.9995,-168.764,1.66E-01,3.03E+01,4.69E+01,1.21E+02
2688,-26.6615,-156.276,9.17E-01,4.72E+01,7.38E+01,6.26E+01
2689,-19.9962,-156.276,9.23E-01,4.92E+01,7.07E+01,6.61E+01
2690,-53.3304,-168.763,1.59E-01,3.03E+01,6.39E+01,1.03E+02
2691,-53.3261,-162.518,4.87E-01,2.14E+01,8.06E+01,6.43E+01
2692,-53.3225,-156.271,8.79E-01,4.03E+01,8.78E+01,4.82E+01
2693,-46.6604,-162.519,4.93E-01,2.28E+01,7.68E+01,6.80E+01
2694,-39.9948,-162.52,4.98E-01,2.44E+01,7.33E+01,7.16E+01
2695,-46.6642,-168.763,1.61E-01,3.03E+01,6.02E+01,1.07E+02
2696,-39.9981,-168.764,1.63E-01,3.03E+01,5.66E+01,1.11E+02
2697,-46.6573,-156.273,8.91E-01,4.19E+01,8.40E+01,5.19E+01
2698,-39.9921,-156.274,9.01E-01,4.36E+01,8.04E+01,5.55E+01
2699,-66.6574,-162.516,4.72E-01,1.91E+01,8.86E+01,5.66E+01
2700,-59.9918,-162.517,4.80E-01,2.01E+01,8.45E+01,6.05E+01
2701,-66.6627,-168.762,1.55E-01,3.07E+01,7.21E+01,9.50E+01
2702,-59.9966,-168.762,1.57E-01,3.05E+01,6.79E+01,9.91E+01
2703,-66.6527,-156.268,8.50E-01,3.75E+01,9.60E+01,4.06E+01
2704,-59.9877,-156.269,8.65E-01,3.89E+01,9.18E+01,4.45E+01
2705,-112.461,-168.752,1.29E-01,3.23E+01,1.06E+02,5.87E+01
2706,-112.431,-162.505,3.84E-01,1.76E+01,1.19E+02,2.52E+01
2707,-112.445,-156.255,6.77E-01,3.28E+01,1.26E+02,1.45E+01
2708,-93.2308,-168.769,1.42E-01,3.20E+01,9.08E+01,7.59E+01
2709,-93.1944,-162.51,4.30E-01,1.72E+01,1.07E+02,3.92E+01
2710,-93.2167,-156.248,7.68E-01,3.35E+01,1.14E+02,2.43E+01
2711,-86.6139,-162.512,4.43E-01,1.74E+01,1.02E+02,4.38E+01
2712,-79.9886,-162.513,4.54E-01,1.78E+01,9.75E+01,4.82E+01
2713,-86.6343,-168.764,1.46E-01,3.17E+01,8.59E+01,8.09E+01
2714,-79.995,-168.761,1.50E-01,3.14E+01,8.11E+01,8.59E+01
2715,-86.6212,-156.257,7.92E-01,3.43E+01,1.09E+02,2.85E+01
2716,-79.9829,-156.263,8.13E-01,3.52E+01,1.05E+02,3.26E+01
2717,-106.086,-162.507,4.01E-01,1.72E+01,1.15E+02,2.97E+01
2718,-99.6828,-162.509,4.17E-01,1.71E+01,1.11E+02,3.45E+01
2719,-106.133,-168.749,1.34E-01,3.27E+01,1.01E+02,6.43E+01
2720,-99.7259,-168.759,1.39E-01,3.24E+01,9.59E+01,7.05E+01
2721,-106.117,-156.262,7.10E-01,3.26E+01,1.22E+02,1.69E+01
2722,-99.711,-156.255,7.41E-01,3.29E+01,1.18E+02,2.03E+01
2723,-131.241,-168.753,1.06E-01,2.78E+01,1.15E+02,3.81E+01
2724,-131.232,-162.499,3.12E-01,1.89E+01,1.25E+02,1.65E+01
2725,-131.225,-156.241,5.43E-01,3.46E+01,1.29E+02,1.76E+01
2726,-124.983,-162.501,3.40E-01,1.82E+01,1.24E+02,1.81E+01
2727,-118.713,-162.503,3.64E-01,1.80E+01,1.23E+02,2.14E+01
2728,-124.992,-168.754,1.15E-01,2.98E+01,1.12E+02,4.54E+01
2729,-118.729,-168.754,1.23E-01,3.12E+01,1.10E+02,5.30E+01
2730,-124.975,-156.244,5.95E-01,3.39E+01,1.29E+02,1.46E+01
2731,-118.712,-156.249,6.39E-01,3.34E+01,1.28E+02,1.36E+01
2732,-143.733,-162.494,2.39E-01,2.25E+01,1.21E+02,1.92E+01
2733,-137.483,-162.496,2.79E-01,2.04E+01,1.24E+02,1.68E+01
2734,-143.741,-168.75,8.18E-02,2.27E+01,1.16E+02,2.61E+01
2735,-137.491,-168.752,9.53E-02,2.53E+01,1.17E+02,3.18E+01
2736,-143.728,-156.236,4.12E-01,3.67E+01,1.22E+02,2.60E+01
2737,-137.476,-156.239,4.83E-01,3.57E+01,1.27E+02,2.18E+01
2738,-149.982,156.238,4.07E-01,1.00E+02,2.26E+01,1.33E+02
2739,-149.985,162.496,2.49E-01,9.58E+01,1.73E+01,1.42E+02
2740,-149.991,168.752,8.91E-02,7.90E+01,1.41E+01,1.65E+02
2741,-150,175,0.00E+00,6.54E+01,1.44E+01,1.81E+02
2742,-143.75,175,0.00E+00,6.26E+01,1.55E+01,1.89E+02
2743,-137.5,175,0.00E+00,5.89E+01,1.60E+01,1.94E+02
2744,-131.25,175,0.00E+00,5.50E+01,1.62E+01,1.97E+02
2745,-125,175,0.00E+00,4.98E+01,1.59E+01,1.99E+02
2746,-118.75,175,0.00E+00,4.28E+01,1.47E+01,1.99E+02
2747,-112.5,175,0.00E+00,3.61E+01,1.29E+01,1.98E+02
2748,-106.25,175,0.00E+00,3.14E+01,1.13E+01,1.97E+02
2749,-100,175,0.00E+00,2.66E+01,9.55E+00,1.95E+02
2750,-93.3333,175,0.00E+00,2.08E+01,7.87E+00,1.93E+02
2751,-86.6667,175,0.00E+00,1.53E+01,6.74E+00,1.91E+02
2752,-80,175,0.00E+00,1.02E+01,5.89E+00,1.88E+02
2753,-73.3333,175,0.00E+00,6.44E+00,5.39E+00,1.86E+02
2754,-66.6667,175,0.00E+00,5.54E+00,5.51E+00,1.84E+02
2755,-60,175,0.00E+00,7.83E+00,6.33E+00,1.81E+02
2756,-53.3333,175,0.00E+00,1.15E+01,7.71E+00,1.79E+02
2757,-46.6667,175,0.00E+00,1.53E+01,9.45E+00,1.76E+02
2758,-40,175,0.00E+00,1.90E+01,1.14E+01,1.74E+02
2759,-33.3333,175,0.00E+00,2.25E+01,1.36E+01,1.72E+02
2760,-26.6667,175,0.00E+00,2.58E+01,1.59E+01,1.69E+02
2761,-20,175,0.00E+00,2.89E+01,1.83E+01,1.67E+02
2762,-13.3333,175,0.00E+00,3.18E+01,2.08E+01,1.64E+02
2763,-6.66667,175,0.00E+00,3.45E+01,2.34E+01,1.61E+02
2764,0,175,0.00E+00,3.71E+01,2.62E+01,1.59E+02
2765,6.66667,175,0.00E+00,3.94E+01,2.91E+01,1.56E+02
2766,13.3333,175,0.00E+00,4.16E+01,3.21E+01,1.53E+02
2767,20,175,0.00E+00,4.36E+01,3.52E+01,1.50E+02
2768,26.6667,175,0.00E+00,4.55E+01,3.85E+01,1.46E+02
2769,33.3333,175,0.00E+00,4.72E+01,4.20E+01,1.43E+02
2770,40,175,0.00E+00,4.88E+01,4.56E+01,1.40E+02
2771,46.6667,175,0.00E+00,5.02E+01,4.94E+01,1.36E+02
2772,53.3333,175,0.00E+00,5.16E+01,5.35E+01,1.32E+02
2773,60,175,0.00E+00,5.27E+01,5.77E+01,1.28E+02
2774,66.6667,175,0.00E+00,5.37E+01,6.22E+01,1.24E+02
2775,73.3333,175,0.00E+00,5.46E+01,6.69E+01,1.19E+02
2776,80,175,0.00E+00,5.53E+01,7.19E+01,1.14E+02
2777,86.6667,175,0.00E+00,5.57E+01,7.71E+01,1.09E+02
2778,93.3333,175,0.00E+00,5.57E+01,8.25E+01,1.04E+02
2779,100,175,0.00E+00,5.59E+01,8.79E+01,9.76E+01
2780,106.25,175,0.00E+00,5.58E+01,9.33E+01,9.05E+01
2781,112.5,175,0.00E+00,5.44E+01,9.89E+01,8.42E+01
2782,118.75,175,0.00E+00,5.17E+01,1.04E+02,7.74E+01
2783,125,175,0.00E+00,4.82E+01,1.07E+02,6.78E+01
2784,131.25,175,0.00E+00,4.32E+01,1.10E+02,5.80E+01
2785,137.5,175,0.00E+00,3.71E+01,1.14E+02,4.89E+01
2786,143.75,175,0.00E+00,3.32E+01,1.15E+02,4.12E+01
2787,150,175,0.00E+00,6.17E+01,6.46E+01,1.02E+02
2788,149.99,168.747,6.39E-02,5.85E+01,6.38E+01,9.20E+01
2789,149.982,162.492,1.97E-01,5.82E+01,6.52E+01,7.79E+01
2790,149.977,156.235,3.47E-01,6.46E+01,6.85E+01,7.33E+01
2791,0.000806367,168.765,1.68E-01,3.02E+01,3.89E+01,1.31E+02
2792,9.94E-06,162.522,5.14E-01,3.66E+01,5.60E+01,9.17E+01
2793,-0.000146267,156.277,9.32E-01,5.54E+01,6.30E+01,7.61E+01
2794,-79.9937,168.761,1.52E-01,3.71E+01,1.48E+01,1.64E+02
2795,-79.9889,162.514,4.61E-01,7.60E+01,2.76E+01,1.31E+02
2796,-79.9835,156.265,8.25E-01,9.31E+01,3.41E+01,1.19E+02
2797,-118.741,168.757,1.29E-01,6.64E+01,1.48E+01,1.78E+02
2798,-118.734,162.505,3.84E-01,1.00E+02,1.87E+01,1.50E+02
2799,-118.726,156.25,6.73E-01,1.14E+02,2.50E+01,1.40E+02
2800,-137.49,168.754,1.10E-01,7.78E+01,1.42E+01,1.75E+02
2801,-137.483,162.5,3.19E-01,1.04E+02,1.63E+01,1.49E+02
2802,-137.477,156.243,5.43E-01,1.12E+02,2.28E+01,1.40E+02
2803,-143.734,162.498,2.88E-01,1.01E+02,1.67E+01,1.47E+02
2804,-143.74,168.753,1.01E-01,7.94E+01,1.42E+01,1.71E+02
2805,-143.729,156.24,4.82E-01,1.07E+02,2.28E+01,1.37E+02
2806,-124.983,162.504,3.66E-01,1.03E+02,1.75E+01,1.51E+02
2807,-131.233,162.502,3.44E-01,1.04E+02,1.64E+01,1.50E+02
2808,-124.99,168.756,1.24E-01,7.21E+01,1.46E+01,1.78E+02
2809,-131.24,168.755,1.18E-01,7.56E+01,1.43E+01,1.77E+02
2810,-124.976,156.248,6.36E-01,1.16E+02,2.42E+01,1.42E+02
2811,-131.226,156.245,5.93E-01,1.14E+02,2.32E+01,1.41E+02
2812,-99.7858,168.759,1.42E-01,5.24E+01,1.43E+01,1.72E+02
2813,-99.7798,162.51,4.28E-01,8.95E+01,2.29E+01,1.41E+02
2814,-99.7732,156.258,7.59E-01,1.06E+02,2.91E+01,1.31E+02
2815,-106.15,162.509,4.15E-01,9.28E+01,2.12E+01,1.45E+02
2816,-112.484,162.507,4.01E-01,9.56E+01,1.97E+01,1.47E+02
2817,-106.171,168.752,1.39E-01,5.66E+01,1.44E+01,1.75E+02
2818,-112.491,168.758,1.34E-01,6.05E+01,1.45E+01,1.77E+02
2819,-106.157,156.262,7.33E-01,1.09E+02,2.76E+01,1.34E+02
2820,-112.477,156.253,7.05E-01,1.11E+02,2.59E+01,1.37E+02
2821,-86.6545,162.513,4.51E-01,8.04E+01,2.58E+01,1.34E+02
2822,-93.2353,162.512,4.40E-01,8.50E+01,2.44E+01,1.38E+02
2823,-86.6599,168.761,1.49E-01,4.20E+01,1.44E+01,1.67E+02
2824,-93.2551,168.767,1.46E-01,4.71E+01,1.43E+01,1.70E+02
2825,-86.6488,156.263,8.05E-01,9.73E+01,3.22E+01,1.23E+02
2826,-93.2431,156.254,7.84E-01,1.02E+02,3.05E+01,1.27E+02
2827,-39.9965,168.764,1.64E-01,2.95E+01,2.38E+01,1.47E+02
2828,-39.9947,162.52,5.01E-01,5.27E+01,4.04E+01,1.10E+02
2829,-39.9922,156.274,9.06E-01,7.09E+01,4.73E+01,9.61E+01
2830,-59.9951,168.763,1.59E-01,2.94E+01,1.79E+01,1.56E+02
2831,-59.9919,162.518,4.85E-01,6.34E+01,3.36E+01,1.20E+02
2832,-59.988,156.27,8.72E-01,8.11E+01,4.04E+01,1.07E+02
2833,-66.6575,162.517,4.78E-01,6.74E+01,3.15E+01,1.23E+02
2834,-73.3233,162.516,4.70E-01,7.16E+01,2.95E+01,1.27E+02
2835,-66.6614,168.762,1.57E-01,3.03E+01,1.65E+01,1.58E+02
2836,-73.3275,168.762,1.55E-01,3.30E+01,1.54E+01,1.61E+02
2837,-66.6532,156.269,8.58E-01,8.50E+01,3.82E+01,1.11E+02
2838,-73.3183,156.267,8.42E-01,8.90E+01,3.61E+01,1.15E+02
2839,-46.6604,162.519,4.97E-01,5.61E+01,3.81E+01,1.13E+02
2840,-53.3262,162.519,4.91E-01,5.96E+01,3.58E+01,1.17E+02
2841,-46.6628,168.764,1.62E-01,2.94E+01,2.17E+01,1.50E+02
2842,-53.3289,168.763,1.61E-01,2.93E+01,1.97E+01,1.53E+02
2843,-46.6575,156.273,8.96E-01,7.41E+01,4.50E+01,9.97E+01
2844,-53.3227,156.272,8.85E-01,7.75E+01,4.26E+01,1.03E+02
2845,-19.9979,168.764,1.67E-01,2.99E+01,3.09E+01,1.39E+02
2846,-19.9974,162.521,5.11E-01,4.39E+01,4.78E+01,1.01E+02
2847,-19.9962,156.277,9.26E-01,6.25E+01,5.48E+01,8.59E+01
2848,-26.6631,162.521,5.09E-01,4.67E+01,4.53E+01,1.04E+02
2849,-33.329,162.521,5.05E-01,4.96E+01,4.28E+01,1.07E+02
2850,-26.6641,168.764,1.66E-01,2.98E+01,2.85E+01,1.42E+02
2851,-33.3303,168.764,1.65E-01,2.96E+01,2.61E+01,1.45E+02
2852,-26.6616,156.276,9.20E-01,6.51E+01,5.23E+01,8.93E+01
2853,-33.3269,156.275,9.14E-01,6.79E+01,4.98E+01,9.27E+01
2854,-6.66577,162.522,5.14E-01,3.89E+01,5.32E+01,9.48E+01
2855,-13.3316,162.522,5.13E-01,4.13E+01,5.05E+01,9.79E+01
2856,-6.66541,168.765,1.68E-01,3.01E+01,3.62E+01,1.34E+02
2857,-13.3316,168.764,1.67E-01,3.00E+01,3.35E+01,1.37E+02
2858,-6.6655,156.277,9.31E-01,5.76E+01,6.02E+01,7.94E+01
2859,-13.3308,156.277,9.29E-01,6.00E+01,5.75E+01,8.26E+01
2860,73.3288,168.761,1.54E-01,3.10E+01,7.93E+01,9.22E+01
2861,73.3228,162.514,4.66E-01,1.97E+01,9.61E+01,5.36E+01
2862,73.3174,156.265,8.36E-01,3.78E+01,1.04E+02,3.78E+01
2863,33.3319,168.764,1.65E-01,3.05E+01,5.47E+01,1.15E+02
2864,33.3289,162.52,5.05E-01,2.70E+01,7.17E+01,7.57E+01
2865,33.3265,156.274,9.12E-01,4.60E+01,7.89E+01,5.96E+01
2866,13.3333,168.764,1.67E-01,3.04E+01,4.48E+01,1.25E+02
2867,13.3316,162.521,5.13E-01,3.24E+01,6.19E+01,8.54E+01
2868,13.3306,156.277,9.29E-01,5.14E+01,6.90E+01,6.96E+01
2869,6.6658,162.521,5.14E-01,3.44E+01,5.89E+01,8.86E+01
2870,6.66703,168.764,1.68E-01,3.03E+01,4.18E+01,1.28E+02
2871,6.66521,156.277,9.31E-01,5.33E+01,6.59E+01,7.28E+01
2872,26.6631,162.52,5.08E-01,2.86E+01,6.83E+01,7.90E+01
2873,19.9974,162.521,5.11E-01,3.05E+01,6.50E+01,8.23E+01
2874,26.6657,168.764,1.66E-01,3.04E+01,5.12E+01,1.19E+02
2875,19.9995,168.764,1.67E-01,3.04E+01,4.80E+01,1.22E+02
2876,26.6612,156.275,9.19E-01,4.77E+01,7.55E+01,6.30E+01
2877,19.9959,156.276,9.25E-01,4.95E+01,7.21E+01,6.63E+01
2878,53.3304,168.763,1.60E-01,3.06E+01,6.60E+01,1.05E+02
2879,53.3259,162.518,4.89E-01,2.26E+01,8.30E+01,6.52E+01
2880,53.3221,156.27,8.82E-01,4.14E+01,9.04E+01,4.91E+01
2881,46.6603,162.518,4.95E-01,2.39E+01,7.91E+01,6.88E+01
2882,39.9946,162.519,5.00E-01,2.54E+01,7.53E+01,7.23E+01
2883,46.6642,168.763,1.62E-01,3.05E+01,6.21E+01,1.08E+02
2884,39.9981,168.764,1.64E-01,3.05E+01,5.83E+01,1.12E+02
2885,46.6569,156.272,8.94E-01,4.29E+01,8.64E+01,5.27E+01
2886,39.9917,156.273,9.04E-01,4.44E+01,8.26E+01,5.62E+01
2887,66.6572,162.515,4.75E-01,2.05E+01,9.15E+01,5.76E+01
2888,59.9916,162.517,4.83E-01,2.15E+01,8.72E+01,6.15E+01
2889,66.6627,168.762,1.56E-01,3.08E+01,7.46E+01,9.66E+01
2890,59.9965,168.762,1.59E-01,3.07E+01,7.02E+01,1.01E+02
2891,66.6523,156.267,8.53E-01,3.89E+01,9.90E+01,4.17E+01
2892,59.9872,156.269,8.68E-01,4.01E+01,9.46E+01,4.55E+01
2893,112.46,168.751,1.29E-01,3.13E+01,1.09E+02,5.96E+01
2894,112.431,162.504,3.84E-01,1.84E+01,1.22E+02,2.62E+01
2895,112.444,156.254,6.76E-01,3.43E+01,1.29E+02,1.52E+01
2896,93.2307,168.77,1.44E-01,3.16E+01,9.41E+01,7.75E+01
2897,93.1942,162.51,4.32E-01,1.84E+01,1.10E+02,4.04E+01
2898,93.2163,156.247,7.70E-01,3.52E+01,1.17E+02,2.57E+01
2899,86.6137,162.511,4.45E-01,1.87E+01,1.05E+02,4.50E+01
2900,79.9884,162.513,4.56E-01,1.91E+01,1.01E+02,4.94E+01
2901,86.6342,168.764,1.48E-01,3.15E+01,8.91E+01,8.26E+01
2902,79.9949,168.761,1.51E-01,3.13E+01,8.41E+01,8.76E+01
2903,86.6207,156.256,7.95E-01,3.59E+01,1.13E+02,2.98E+01
2904,79.9824,156.262,8.16E-01,3.68E+01,1.08E+02,3.39E+01
2905,106.086,162.506,4.02E-01,1.82E+01,1.19E+02,3.08E+01
2906,99.6825,162.508,4.18E-01,1.82E+01,1.15E+02,3.57E+01
2907,106.132,168.748,1.35E-01,3.19E+01,1.04E+02,6.56E+01
2908,99.7258,168.759,1.40E-01,3.18E+01,9.92E+01,7.19E+01
2909,106.116,156.261,7.11E-01,3.42E+01,1.25E+02,1.80E+01
2910,99.7107,156.253,7.42E-01,3.46E+01,1.22E+02,2.16E+01
2911,131.241,168.752,1.03E-01,2.61E+01,1.17E+02,3.83E+01
2912,131.232,162.498,3.06E-01,1.90E+01,1.27E+02,1.63E+01
2913,131.225,156.241,5.36E-01,3.41E+01,1.31E+02,1.53E+01
2914,124.983,162.5,3.37E-01,1.89E+01,1.27E+02,1.85E+01
2915,118.713,162.502,3.62E-01,1.87E+01,1.25E+02,2.22E+01
2916,124.991,168.754,1.14E-01,2.85E+01,1.15E+02,4.58E+01
2917,118.728,168.753,1.22E-01,3.00E+01,1.13E+02,5.36E+01
2918,124.975,156.243,5.90E-01,3.45E+01,1.31E+02,1.38E+01
2919,118.712,156.248,6.36E-01,3.46E+01,1.31E+02,1.37E+01
2920,143.733,162.494,2.29E-01,1.55E+01,1.21E+02,1.47E+01
2921,137.483,162.496,2.70E-01,1.84E+01,1.26E+02,1.54E+01
2922,143.741,168.749,7.47E-02,2.10E+01,1.17E+02,2.84E+01
2923,137.491,168.751,9.02E-02,2.31E+01,1.19E+02,3.23E+01
2924,143.727,156.236,4.07E-01,2.76E+01,1.21E+02,1.55E+01
2925,137.476,156.238,4.75E-01,3.28E+01,1.28E+02,1.68E+01
2926,-156.25,175,0.00E+00,6.67E+01,1.19E+01,1.70E+02
2927,-162.5,175,0.00E+00,6.68E+01,8.47E+00,1.53E+02
2928,-168.75,175,0.00E+00,6.16E+01,5.72E+00,1.25E+02
2929,-175,175,0.00E+00,5.67E+01,4.72E+00,1.07E+02
2930,-175,168.75,0.00E+00,6.16E+01,5.74E+00,1.25E+02
2931,-175,162.5,0.00E+00,6.67E+01,8.79E+00,1.53E+02
2932,-175,156.25,0.00E+00,6.66E+01,1.27E+01,1.71E+02
2933,-175,150,0.00E+00,6.53E+01,1.56E+01,1.83E+02
2934,-175,143.75,0.00E+00,6.27E+01,1.71E+01,1.92E+02
2935,-175,137.5,0.00E+00,5.89E+01,1.72E+01,1.97E+02
2936,-175,131.25,0.00E+00,5.43E+01,1.64E+01,2.00E+02
2937,-175,125,0.00E+00,4.96E+01,1.54E+01,2.03E+02
2938,-175,118.75,0.00E+00,4.52E+01,1.45E+01,2.04E+02
2939,-175,112.5,0.00E+00,4.05E+01,1.35E+01,2.04E+02
2940,-175,106.25,0.00E+00,3.53E+01,1.16E+01,1.98E+02
2941,-175,100,0.00E+00,2.84E+01,9.39E+00,1.94E+02
2942,-175,93.3333,0.00E+00,2.07E+01,8.06E+00,1.95E+02
2943,-175,86.6667,0.00E+00,1.43E+01,7.28E+00,1.94E+02
2944,-175,80,0.00E+00,9.06E+00,6.39E+00,1.91E+02
2945,-175,73.3333,0.00E+00,5.89E+00,5.48E+00,1.89E+02
2946,-175,66.6667,0.00E+00,6.37E+00,5.31E+00,1.86E+02
2947,-175,60,0.00E+00,9.70E+00,6.05E+00,1.83E+02
2948,-175,53.3333,0.00E+00,1.38E+01,7.39E+00,1.81E+02
2949,-175,46.6667,0.00E+00,1.78E+01,9.09E+00,1.78E+02
2950,-175,40,0.00E+00,2.17E+01,1.10E+01,1.76E+02
2951,-175,33.3333,0.00E+00,2.54E+01,1.31E+01,1.73E+02
2952,-175,26.6667,0.00E+00,2.88E+01,1.53E+01,1.71E+02
2953,-175,20,0.00E+00,3.20E+01,1.76E+01,1.68E+02
2954,-175,13.3333,0.00E+00,3.50E+01,2.00E+01,1.65E+02
2955,-175,6.66667,0.00E+00,3.78E+01,2.25E+01,1.62E+02
2956,-175,-5.33E-14,0.00E+00,4.04E+01,2.52E+01,1.59E+02
2957,-175,-6.66667,0.00E+00,4.28E+01,2.79E+01,1.56E+02
2958,-175,-13.3333,0.00E+00,4.51E+01,3.08E+01,1.53E+02
2959,-175,-20,0.00E+00,4.71E+01,3.39E+01,1.50E+02
2960,-175,-26.6667,0.00E+00,4.90E+01,3.70E+01,1.47E+02
2961,-175,-33.3333,0.00E+00,5.08E+01,4.04E+01,1.43E+02
2962,-175,-40,0.00E+00,5.24E+01,4.39E+01,1.40E+02
2963,-175,-46.6667,0.00E+00,5.39E+01,4.76E+01,1.36E+02
2964,-175,-53.3333,0.00E+00,5.53E+01,5.16E+01,1.32E+02
2965,-175,-60,0.00E+00,5.66E+01,5.58E+01,1.28E+02
2966,-175,-66.6667,0.00E+00,5.78E+01,6.03E+01,1.23E+02
2967,-175,-73.3333,0.00E+00,5.86E+01,6.50E+01,1.19E+02
2968,-175,-80,0.00E+00,5.83E+01,7.01E+01,1.15E+02
2969,-175,-86.6667,0.00E+00,5.78E+01,7.56E+01,1.13E+02
2970,-175,-93.3333,0.00E+00,5.91E+01,8.14E+01,1.12E+02
2971,-175,-100,0.00E+00,5.99E+01,8.83E+01,1.05E+02
2972,-175,-106.25,0.00E+00,5.85E+01,9.44E+01,9.38E+01
2973,-175,-112.5,0.00E+00,5.67E+01,9.84E+01,8.57E+01
2974,-175,-118.75,0.00E+00,5.44E+01,1.02E+02,7.82E+01
2975,-175,-125,0.00E+00,5.12E+01,1.05E+02,7.02E+01
2976,-175,-131.25,0.00E+00,4.71E+01,1.09E+02,6.10E+01
2977,-175,-137.5,0.00E+00,4.15E+01,1.11E+02,5.04E+01
2978,-175,-143.75,0.00E+00,3.37E+01,1.13E+02,3.91E+01
2979,-175,-150,0.00E+00,2.40E+01,1.13E+02,2.74E+01
2980,-175,-156.25,0.00E+00,1.44E+01,1.11E+02,1.73E+01
2981,-175,-162.5,0.00E+00,8.25E+00,1.07E+02,1.15E+01
2982,-175,-168.75,0.00E+00,5.85E+00,9.36E+01,8.08E+00
2983,-175,-175,0.00E+00,5.03E+00,8.36E+01,6.20E+00
2984,-168.75,-175,0.00E+00,5.81E+00,9.33E+01,8.12E+00
2985,-162.5,-175,0.00E+00,7.79E+00,1.06E+02,1.14E+01
2986,-156.25,-175,0.00E+00,1.34E+01,1.11E+02,1.67E+01
2987,-168.765,-0.00093991,1.62E-01,3.11E+01,3.82E+01,1.32E+02
2988,-162.522,-0.000143289,5.09E-01,3.51E+01,5.59E+01,9.22E+01
2989,-156.278,0.000162501,9.28E-01,5.43E+01,6.33E+01,7.66E+01
2990,-168.768,93.2457,1.42E-01,4.82E+01,1.46E+01,1.71E+02
2991,-162.511,93.2192,4.40E-01,8.69E+01,2.49E+01,1.39E+02
2992,-156.252,93.2331,7.85E-01,1.03E+02,3.12E+01,1.29E+02
2993,-168.754,137.49,1.06E-01,7.87E+01,1.51E+01,1.78E+02
2994,-162.5,137.483,3.16E-01,1.05E+02,1.72E+01,1.51E+02
2995,-156.242,137.477,5.41E-01,1.13E+02,2.38E+01,1.40E+02
2996,-168.75,156.242,7.07E-02,7.63E+01,1.37E+01,1.56E+02
2997,-162.493,156.237,1.97E-01,8.80E+01,1.77E+01,1.36E+02
2998,-156.237,156.236,3.12E-01,9.30E+01,2.16E+01,1.31E+02
2999,-162.492,162.491,1.31E-01,7.85E+01,1.71E+01,1.33E+02
3000,-162.493,168.748,5.17E-02,7.05E+01,1.24E+01,1.43E+02
3001,-168.748,162.493,4.99E-02,7.06E+01,1.24E+01,1.43E+02
3002,-168.746,168.746,2.06E-02,6.44E+01,8.60E+00,1.30E+02
3003,-156.238,162.493,1.98E-01,8.73E+01,1.80E+01,1.36E+02
3004,-156.242,168.75,7.37E-02,7.59E+01,1.36E+01,1.56E+02
3005,-162.498,143.734,2.85E-01,1.02E+02,1.68E+01,1.47E+02
3006,-162.496,149.985,2.46E-01,9.66E+01,1.71E+01,1.42E+02
3007,-168.753,143.74,9.68E-02,8.00E+01,1.49E+01,1.73E+02
3008,-168.752,149.991,8.56E-02,7.94E+01,1.44E+01,1.66E+02
3009,-156.24,143.729,4.80E-01,1.08E+02,2.33E+01,1.37E+02
3010,-156.238,149.982,4.05E-01,1.01E+02,2.28E+01,1.33E+02
3011,-168.757,118.741,1.25E-01,6.93E+01,1.50E+01,1.82E+02
3012,-162.505,118.733,3.82E-01,1.03E+02,1.97E+01,1.51E+02
3013,-156.25,118.726,6.71E-01,1.16E+02,2.61E+01,1.41E+02
3014,-162.503,124.983,3.63E-01,1.05E+02,1.86E+01,1.52E+02
3015,-162.501,131.233,3.41E-01,1.06E+02,1.78E+01,1.52E+02
3016,-168.756,124.99,1.20E-01,7.27E+01,1.50E+01,1.81E+02
3017,-168.755,131.24,1.13E-01,7.60E+01,1.51E+01,1.80E+02
3018,-156.247,124.976,6.34E-01,1.17E+02,2.51E+01,1.42E+02
3019,-156.245,131.226,5.91E-01,1.16E+02,2.43E+01,1.42E+02
3020,-168.75,106.161,1.36E-01,6.07E+01,1.52E+01,1.76E+02
3021,-162.508,106.134,4.14E-01,9.70E+01,2.27E+01,1.47E+02
3022,-156.263,106.148,7.34E-01,1.12E+02,2.77E+01,1.37E+02
3023,-162.507,112.454,3.99E-01,1.00E+02,2.12E+01,1.50E+02
3024,-168.755,112.471,1.31E-01,6.54E+01,1.54E+01,1.81E+02
3025,-156.255,112.457,7.04E-01,1.14E+02,2.68E+01,1.39E+02
3026,-162.509,99.7144,4.28E-01,9.22E+01,2.40E+01,1.43E+02
3027,-168.759,99.7441,1.39E-01,5.47E+01,1.48E+01,1.72E+02
3028,-156.257,99.7309,7.61E-01,1.08E+02,2.91E+01,1.34E+02
3029,-168.764,46.6626,1.57E-01,3.05E+01,2.17E+01,1.52E+02
3030,-162.519,46.6603,4.92E-01,5.59E+01,3.91E+01,1.15E+02
3031,-156.273,46.6575,8.94E-01,7.43E+01,4.63E+01,1.01E+02
3032,-168.762,73.3272,1.50E-01,3.31E+01,1.56E+01,1.64E+02
3033,-162.516,73.3229,4.67E-01,7.25E+01,3.05E+01,1.29E+02
3034,-156.266,73.3181,8.42E-01,9.02E+01,3.78E+01,1.17E+02
3035,-162.514,79.9884,4.58E-01,7.72E+01,2.83E+01,1.33E+02
3036,-162.513,86.6237,4.49E-01,8.20E+01,2.63E+01,1.36E+02
3037,-168.762,79.9933,1.47E-01,3.72E+01,1.50E+01,1.67E+02
3038,-168.764,86.6394,1.45E-01,4.24E+01,1.45E+01,1.69E+02
3039,-156.264,79.9831,8.25E-01,9.44E+01,3.57E+01,1.21E+02
3040,-156.259,86.6279,8.06E-01,9.86E+01,3.35E+01,1.25E+02
3041,-168.763,59.995,1.54E-01,3.04E+01,1.81E+01,1.58E+02
3042,-162.518,59.9917,4.81E-01,6.37E+01,3.48E+01,1.22E+02
3043,-156.27,59.9879,8.71E-01,8.18E+01,4.20E+01,1.09E+02
3044,-162.517,66.6573,4.74E-01,6.80E+01,3.27E+01,1.25E+02
3045,-168.762,66.6611,1.52E-01,3.10E+01,1.67E+01,1.61E+02
3046,-156.268,66.653,8.57E-01,8.59E+01,3.98E+01,1.13E+02
3047,-162.519,53.326,4.87E-01,5.96E+01,3.69E+01,1.18E+02
3048,-168.763,53.3288,1.55E-01,3.04E+01,1.98E+01,1.55E+02
3049,-156.272,53.3227,8.83E-01,7.80E+01,4.41E+01,1.05E+02
3050,-168.764,26.664,1.60E-01,3.08E+01,2.82E+01,1.43E+02
3051,-162.521,26.663,5.04E-01,4.58E+01,4.59E+01,1.05E+02
3052,-156.276,26.6616,9.18E-01,6.47E+01,5.32E+01,9.04E+01
3053,-162.521,33.3288,5.01E-01,4.89E+01,4.36E+01,1.08E+02
3054,-162.52,39.9945,4.97E-01,5.23E+01,4.13E+01,1.12E+02
3055,-168.764,33.3302,1.59E-01,3.07E+01,2.60E+01,1.46E+02
3056,-168.764,39.9964,1.58E-01,3.06E+01,2.38E+01,1.49E+02
3057,-156.275,33.3269,9.11E-01,6.77E+01,5.08E+01,9.40E+01
3058,-156.274,39.9922,9.03E-01,7.09E+01,4.86E+01,9.76E+01
3059,-168.765,13.3315,1.61E-01,3.10E+01,3.30E+01,1.38E+02
3060,-162.522,13.3314,5.08E-01,4.01E+01,5.08E+01,9.87E+01
3061,-156.277,13.3309,9.26E-01,5.92E+01,5.81E+01,8.35E+01
3062,-162.521,19.9972,5.06E-01,4.29E+01,4.83E+01,1.02E+02
3063,-168.765,19.9977,1.61E-01,3.09E+01,3.06E+01,1.40E+02
3064,-156.277,19.9963,9.23E-01,6.18E+01,5.56E+01,8.69E+01
3065,-162.522,6.66565,5.09E-01,3.75E+01,5.33E+01,9.55E+01
3066,-168.765,6.66529,1.62E-01,3.11E+01,3.55E+01,1.35E+02
3067,-156.277,6.66553,9.28E-01,5.67E+01,6.07E+01,8.00E+01
3068,-168.765,-86.6297,1.41E-01,3.23E+01,8.71E+01,8.44E+01
3069,-162.511,-86.6012,4.38E-01,1.65E+01,1.03E+02,4.38E+01
3070,-156.255,-86.6155,7.89E-01,3.26E+01,1.11E+02,2.72E+01
3071,-168.764,-39.9982,1.57E-01,3.13E+01,5.67E+01,1.12E+02
3072,-162.52,-39.9947,4.94E-01,2.34E+01,7.43E+01,7.20E+01
3073,-156.274,-39.9917,8.99E-01,4.27E+01,8.19E+01,5.57E+01
3074,-168.764,-19.9996,1.60E-01,3.12E+01,4.68E+01,1.22E+02
3075,-162.521,-19.9975,5.05E-01,2.86E+01,6.45E+01,8.24E+01
3076,-156.277,-19.9959,9.21E-01,4.81E+01,7.19E+01,6.63E+01
3077,-162.522,-13.3318,5.07E-01,3.07E+01,6.15E+01,8.57E+01
3078,-162.522,-6.66592,5.08E-01,3.28E+01,5.87E+01,8.90E+01
3079,-168.765,-13.3334,1.61E-01,3.12E+01,4.38E+01,1.25E+02
3080,-168.765,-6.66716,1.61E-01,3.12E+01,4.09E+01,1.29E+02
3081,-156.277,-13.3305,9.25E-01,5.00E+01,6.89E+01,6.97E+01
3082,-156.277,-6.66519,9.27E-01,5.21E+01,6.61E+01,7.32E+01
3083,-162.52,-33.3291,4.99E-01,2.50E+01,7.09E+01,7.56E+01
3084,-162.521,-26.6632,5.02E-01,2.67E+01,6.76E+01,7.90E+01
3085,-168.764,-33.332,1.59E-01,3.12E+01,5.32E+01,1.15E+02
3086,-168.764,-26.6658,1.60E-01,3.12E+01,4.99E+01,1.19E+02
3087,-156.275,-33.3265,9.08E-01,4.44E+01,7.84E+01,5.93E+01
3088,-156.276,-26.6612,9.15E-01,4.62E+01,7.51E+01,6.28E+01
3089,-168.763,-59.9967,1.52E-01,3.17E+01,6.84E+01,1.00E+02
3090,-162.517,-59.9917,4.76E-01,1.94E+01,8.58E+01,6.07E+01
3091,-156.269,-59.9872,8.64E-01,3.83E+01,9.35E+01,4.45E+01
3092,-162.518,-53.3262,4.83E-01,2.06E+01,8.18E+01,6.47E+01
3093,-162.519,-46.6604,4.89E-01,2.19E+01,7.79E+01,6.84E+01
3094,-168.763,-53.3305,1.54E-01,3.15E+01,6.43E+01,1.04E+02
3095,-168.763,-46.6644,1.56E-01,3.13E+01,6.04E+01,1.08E+02
3096,-156.271,-53.3221,8.77E-01,3.97E+01,8.94E+01,4.83E+01
3097,-156.273,-46.657,8.89E-01,4.11E+01,8.55E+01,5.21E+01
3098,-168.762,-73.3288,1.47E-01,3.24E+01,7.74E+01,9.12E+01
3099,-162.515,-73.3227,4.60E-01,1.77E+01,9.45E+01,5.21E+01
3100,-156.265,-73.3171,8.31E-01,3.56E+01,1.02E+02,3.64E+01
3101,-162.516,-66.6572,4.69E-01,1.85E+01,9.01E+01,5.66E+01
3102,-168.762,-66.6627,1.50E-01,3.21E+01,7.28E+01,9.56E+01
3103,-156.267,-66.6522,8.48E-01,3.69E+01,9.77E+01,4.06E+01
3104,-162.513,-79.968,4.50E-01,1.70E+01,9.89E+01,4.77E+01
3105,-168.763,-79.9816,1.44E-01,3.23E+01,8.22E+01,8.73E+01
3106,-156.261,-79.9686,8.11E-01,3.42E+01,1.06E+02,3.19E+01
3107,-168.753,-131.241,1.02E-01,2.83E+01,1.16E+02,3.97E+01
3108,-162.498,-131.232,3.08E-01,1.95E+01,1.26E+02,1.67E+01
3109,-156.241,-131.225,5.40E-01,3.49E+01,1.30E+02,1.73E+01
3110,-168.746,-106.146,1.29E-01,3.31E+01,1.04E+02,6.85E+01
3111,-162.506,-106.109,3.95E-01,1.73E+01,1.18E+02,3.19E+01
3112,-156.263,-106.131,7.06E-01,3.21E+01,1.24E+02,1.68E+01
3113,-162.508,-99.6824,4.11E-01,1.70E+01,1.14E+02,3.66E+01
3114,-162.509,-93.171,4.25E-01,1.68E+01,1.09E+02,4.04E+01
3115,-168.757,-99.7254,1.33E-01,3.37E+01,9.86E+01,7.66E+01
3116,-168.768,-93.2166,1.37E-01,3.32E+01,9.23E+01,8.20E+01
3117,-156.256,-99.7105,7.37E-01,3.14E+01,1.21E+02,1.96E+01
3118,-156.249,-93.2017,7.65E-01,3.16E+01,1.17E+02,2.31E+01
3119,-162.501,-124.983,3.36E-01,1.85E+01,1.26E+02,1.85E+01
3120,-162.503,-118.733,3.59E-01,1.79E+01,1.24E+02,2.18E+01
3121,-162.504,-112.443,3.79E-01,1.77E+01,1.21E+02,2.66E+01
3122,-168.755,-118.742,1.18E-01,3.13E+01,1.11E+02,5.40E+01
3123,-168.754,-124.991,1.11E-01,2.99E+01,1.14E+02,4.70E+01
3124,-168.752,-112.465,1.24E-01,3.24E+01,1.08E+02,6.09E+01
3125,-156.247,-118.725,6.35E-01,3.34E+01,1.29E+02,1.37E+01
3126,-156.244,-124.975,5.92E-01,3.40E+01,1.30E+02,1.45E+01
3127,-156.253,-112.449,6.73E-01,3.29E+01,1.27E+02,1.48E+01
3128,-168.748,-149.992,6.25E-02,2.02E+01,1.15E+02,2.23E+01
3129,-162.492,-149.985,1.88E-01,2.47E+01,1.16E+02,2.25E+01
3130,-156.234,-149.98,3.27E-01,3.67E+01,1.16E+02,2.91E+01
3131,-162.494,-143.733,2.36E-01,2.28E+01,1.22E+02,1.92E+01
3132,-162.496,-137.483,2.75E-01,2.10E+01,1.25E+02,1.68E+01
3133,-168.75,-143.741,7.85E-02,2.35E+01,1.17E+02,2.67E+01
3134,-168.752,-137.491,9.14E-02,2.63E+01,1.17E+02,3.25E+01
3135,-156.236,-143.728,4.10E-01,3.68E+01,1.23E+02,2.58E+01
3136,-156.238,-137.476,4.80E-01,3.60E+01,1.27E+02,2.13E+01
3137,-162.493,-168.744,2.37E-02,1.18E+01,1.02E+02,1.47E+01
3138,-162.489,-162.489,7.43E-02,2.00E+01,1.01E+02,2.12E+01
3139,-162.49,-156.236,1.33E-01,2.48E+01,1.08E+02,2.41E+01
3140,-168.744,-162.493,2.31E-02,1.21E+01,1.02E+02,1.47E+01
3141,-168.744,-168.744,6.13E-03,7.90E+00,9.57E+01,1.04E+01
3142,-168.746,-156.242,4.36E-02,1.63E+01,1.10E+02,1.85E+01
3143,-156.236,-162.49,1.34E-01,2.47E+01,1.08E+02,2.43E+01
3144,-156.242,-168.746,4.53E-02,1.57E+01,1.10E+02,1.83E+01
3145,-156.234,-156.234,2.34E-01,3.39E+01,1.10E+02,2.94E+01
3146,156.25,175,0.00E+00,8.72E+01,1.28E+01,1.63E+02
3147,162.5,175,0.00E+00,8.03E+01,9.22E+00,1.51E+02
3148,168.75,175,0.00E+00,6.99E+01,6.15E+00,1.25E+02
3149,175,175,0.00E+00,6.26E+01,5.01E+00,1.08E+02
3150,175,168.75,0.00E+00,6.79E+01,6.06E+00,1.26E+02
3151,175,162.5,0.00E+00,7.31E+01,8.63E+00,1.55E+02
3152,175,156.25,0.00E+00,7.23E+01,1.19E+01,1.73E+02
3153,175,150,0.00E+00,7.00E+01,1.48E+01,1.86E+02
3154,175,143.75,0.00E+00,6.67E+01,1.66E+01,1.95E+02
3155,175,137.5,0.00E+00,6.26E+01,1.75E+01,2.01E+02
3156,175,131.25,0.00E+00,5.78E+01,1.76E+01,2.04E+02
3157,175,125,0.00E+00,5.24E+01,1.72E+01,2.06E+02
3158,175,118.75,0.00E+00,4.67E+01,1.64E+01,2.06E+02
3159,175,112.5,0.00E+00,4.08E+01,1.52E+01,2.06E+02
3160,175,106.25,0.00E+00,3.48E+01,1.38E+01,2.04E+02
3161,175,100,0.00E+00,2.87E+01,1.20E+01,2.02E+02
3162,175,93.3333,0.00E+00,2.26E+01,1.02E+01,2.00E+02
3163,175,86.6667,0.00E+00,1.67E+01,8.52E+00,1.97E+02
3164,175,80,0.00E+00,1.14E+01,6.97E+00,1.94E+02
3165,175,73.3333,0.00E+00,7.11E+00,5.79E+00,1.91E+02
3166,175,66.6667,0.00E+00,5.59E+00,5.34E+00,1.89E+02
3167,175,60,0.00E+00,7.48E+00,5.80E+00,1.86E+02
3168,175,53.3333,0.00E+00,1.11E+01,7.03E+00,1.83E+02
3169,175,46.6667,0.00E+00,1.49E+01,8.76E+00,1.80E+02
3170,175,40,0.00E+00,1.87E+01,1.08E+01,1.77E+02
3171,175,33.3333,0.00E+00,2.22E+01,1.30E+01,1.75E+02
3172,175,26.6667,0.00E+00,2.56E+01,1.53E+01,1.72E+02
3173,175,20,0.00E+00,2.87E+01,1.77E+01,1.69E+02
3174,175,13.3333,0.00E+00,3.16E+01,2.03E+01,1.66E+02
3175,175,6.66667,0.00E+00,3.43E+01,2.29E+01,1.63E+02
3176,175,5.33E-14,0.00E+00,3.68E+01,2.56E+01,1.60E+02
3177,175,-6.66667,0.00E+00,3.91E+01,2.85E+01,1.57E+02
3178,175,-13.3333,0.00E+00,4.12E+01,3.14E+01,1.53E+02
3179,175,-20,0.00E+00,4.32E+01,3.44E+01,1.50E+02
3180,175,-26.6667,0.00E+00,4.49E+01,3.76E+01,1.47E+02
3181,175,-33.3333,0.00E+00,4.66E+01,4.09E+01,1.43E+02
3182,175,-40,0.00E+00,4.80E+01,4.44E+01,1.39E+02
3183,175,-46.6667,0.00E+00,4.93E+01,4.80E+01,1.35E+02
3184,175,-53.3333,0.00E+00,5.05E+01,5.18E+01,1.31E+02
3185,175,-60,0.00E+00,5.15E+01,5.58E+01,1.27E+02
3186,175,-66.6667,0.00E+00,5.24E+01,5.99E+01,1.23E+02
3187,175,-73.3333,0.00E+00,5.31E+01,6.43E+01,1.18E+02
3188,175,-80,0.00E+00,5.37E+01,6.89E+01,1.13E+02
3189,175,-86.6667,0.00E+00,5.39E+01,7.36E+01,1.08E+02
3190,175,-93.3333,0.00E+00,5.38E+01,7.85E+01,1.03E+02
3191,175,-100,0.00E+00,5.36E+01,8.34E+01,9.77E+01
3192,175,-106.25,0.00E+00,5.31E+01,8.82E+01,9.14E+01
3193,175,-112.5,0.00E+00,5.18E+01,9.26E+01,8.48E+01
3194,175,-118.75,0.00E+00,5.01E+01,9.67E+01,7.80E+01
3195,175,-125,0.00E+00,4.77E+01,1.01E+02,7.04E+01
3196,175,-131.25,0.00E+00,4.45E+01,1.04E+02,6.17E+01
3197,175,-137.5,0.00E+00,3.99E+01,1.06E+02,5.19E+01
3198,175,-143.75,0.00E+00,3.34E+01,1.07E+02,4.07E+01
3199,175,-150,0.00E+00,2.44E+01,1.07E+02,2.86E+01
3200,175,-156.25,0.00E+00,1.42E+01,1.04E+02,1.76E+01
3201,175,-162.5,0.00E+00,7.50E+00,9.93E+01,1.13E+01
3202,175,-168.75,0.00E+00,5.30E+00,8.72E+01,7.87E+00
3203,175,-175,0.00E+00,4.64E+00,7.82E+01,5.94E+00
3204,168.75,-175,0.00E+00,5.27E+00,8.69E+01,7.85E+00
3205,162.5,-175,0.00E+00,7.67E+00,9.74E+01,1.16E+01
3206,156.25,-175,0.00E+00,1.47E+01,9.85E+01,1.86E+01
3207,168.764,-0.000974614,1.67E-01,2.99E+01,3.82E+01,1.33E+02
3208,162.522,-0.000438123,5.13E-01,3.64E+01,5.50E+01,9.36E+01
3209,156.277,-0.000554641,9.30E-01,5.57E+01,6.19E+01,7.79E+01
3210,168.769,93.2455,1.49E-01,5.00E+01,1.47E+01,1.76E+02
3211,162.512,93.219,4.50E-01,9.01E+01,2.35E+01,1.42E+02
3212,156.252,93.2323,7.96E-01,1.10E+02,3.14E+01,1.29E+02
3213,168.754,137.49,1.12E-01,8.24E+01,1.54E+01,1.81E+02
3214,162.499,137.482,3.20E-01,1.10E+02,1.70E+01,1.53E+02
3215,156.24,137.476,5.35E-01,1.21E+02,2.43E+01,1.40E+02
3216,168.749,156.241,7.10E-02,8.15E+01,1.37E+01,1.59E+02
3217,162.491,156.237,1.86E-01,9.37E+01,1.82E+01,1.39E+02
3218,156.233,156.235,2.82E-01,1.01E+02,2.06E+01,1.33E+02
3219,162.49,162.491,1.19E-01,8.62E+01,1.61E+01,1.35E+02
3220,162.492,168.747,4.40E-02,8.18E+01,1.18E+01,1.43E+02
3221,168.747,162.493,4.83E-02,7.70E+01,1.21E+01,1.45E+02
3222,168.745,168.745,1.89E-02,7.21E+01,8.58E+00,1.31E+02
3223,156.235,162.492,1.68E-01,9.73E+01,1.51E+01,1.38E+02
3224,156.24,168.748,5.72E-02,9.19E+01,1.22E+01,1.53E+02
3225,162.497,143.733,2.85E-01,1.07E+02,1.74E+01,1.50E+02
3226,162.494,149.985,2.41E-01,1.02E+02,1.80E+01,1.45E+02
3227,168.753,143.74,1.01E-01,8.39E+01,1.51E+01,1.76E+02
3228,168.751,149.991,8.82E-02,8.38E+01,1.46E+01,1.69E+02
3229,156.237,143.728,4.66E-01,1.16E+02,2.41E+01,1.37E+02
3230,156.235,149.981,3.83E-01,1.08E+02,2.33E+01,1.34E+02
3231,168.757,118.74,1.33E-01,7.13E+01,1.53E+01,1.84E+02
3232,162.505,118.733,3.92E-01,1.07E+02,1.81E+01,1.53E+02
3233,156.249,118.725,6.80E-01,1.24E+02,2.61E+01,1.41E+02
3234,162.503,124.982,3.72E-01,1.10E+02,1.73E+01,1.54E+02
3235,162.501,131.232,3.49E-01,1.11E+02,1.69E+01,1.54E+02
3236,168.756,124.99,1.27E-01,7.59E+01,1.54E+01,1.85E+02
3237,168.755,131.24,1.20E-01,7.96E+01,1.54E+01,1.84E+02
3238,156.246,124.975,6.39E-01,1.25E+02,2.53E+01,1.42E+02
3239,156.243,131.225,5.92E-01,1.24E+02,2.47E+01,1.41E+02
3240,168.75,106.161,1.43E-01,6.12E+01,1.51E+01,1.81E+02
3241,162.509,106.134,4.25E-01,9.96E+01,2.04E+01,1.49E+02
3242,156.263,106.146,7.44E-01,1.18E+02,2.84E+01,1.36E+02
3243,162.507,112.453,4.10E-01,1.04E+02,1.92E+01,1.51E+02
3244,168.755,112.471,1.38E-01,6.64E+01,1.52E+01,1.83E+02
3245,156.255,112.455,7.14E-01,1.21E+02,2.72E+01,1.39E+02
3246,162.51,99.7139,4.38E-01,9.51E+01,2.18E+01,1.46E+02
3247,168.76,99.744,1.46E-01,5.57E+01,1.49E+01,1.78E+02
3248,156.257,99.7301,7.72E-01,1.14E+02,2.98E+01,1.33E+02
3249,168.764,46.6625,1.64E-01,2.98E+01,2.12E+01,1.54E+02
3250,162.52,46.6598,5.02E-01,5.81E+01,3.79E+01,1.17E+02
3251,156.273,46.6565,9.04E-01,7.80E+01,4.53E+01,1.02E+02
3252,168.762,73.3271,1.58E-01,3.46E+01,1.54E+01,1.66E+02
3253,162.516,73.3224,4.78E-01,7.53E+01,2.93E+01,1.31E+02
3254,156.267,73.317,8.54E-01,9.52E+01,3.70E+01,1.17E+02
3255,162.515,79.988,4.69E-01,8.02E+01,2.73E+01,1.35E+02
3256,162.513,86.6234,4.60E-01,8.51E+01,2.53E+01,1.38E+02
3257,168.762,79.9932,1.55E-01,3.92E+01,1.50E+01,1.70E+02
3258,168.764,86.6393,1.52E-01,4.44E+01,1.48E+01,1.73E+02
3259,156.265,79.9821,8.37E-01,1.00E+02,3.50E+01,1.21E+02
3260,156.26,86.6271,8.18E-01,1.05E+02,3.32E+01,1.25E+02
3261,168.763,59.9948,1.61E-01,3.02E+01,1.75E+01,1.60E+02
3262,162.518,59.9912,4.91E-01,6.63E+01,3.35E+01,1.24E+02
3263,156.27,59.9868,8.82E-01,8.61E+01,4.10E+01,1.09E+02
3264,162.517,66.6568,4.85E-01,7.07E+01,3.14E+01,1.27E+02
3265,168.763,66.6609,1.60E-01,3.15E+01,1.62E+01,1.63E+02
3266,156.269,66.6519,8.69E-01,9.06E+01,3.90E+01,1.13E+02
3267,162.519,53.3255,4.97E-01,6.21E+01,3.57E+01,1.20E+02
3268,168.763,53.3287,1.63E-01,2.99E+01,1.92E+01,1.57E+02
3269,156.272,53.3217,8.94E-01,8.19E+01,4.31E+01,1.05E+02
3270,168.764,26.6639,1.67E-01,2.99E+01,2.80E+01,1.45E+02
3271,162.521,26.6627,5.11E-01,4.77E+01,4.49E+01,1.07E+02
3272,156.276,26.6608,9.24E-01,6.73E+01,5.21E+01,9.11E+01
3273,162.521,33.3284,5.09E-01,5.09E+01,4.26E+01,1.10E+02
3274,162.52,39.9941,5.06E-01,5.44E+01,4.02E+01,1.13E+02
3275,168.764,33.3301,1.66E-01,2.99E+01,2.56E+01,1.48E+02
3276,168.764,39.9963,1.65E-01,2.98E+01,2.34E+01,1.51E+02
3277,156.275,33.3261,9.19E-01,7.07E+01,4.98E+01,9.45E+01
3278,156.274,39.9913,9.12E-01,7.42E+01,4.75E+01,9.80E+01
3279,168.764,13.3315,1.67E-01,2.99E+01,3.29E+01,1.39E+02
3280,162.522,13.3311,5.14E-01,4.17E+01,4.98E+01,1.00E+02
3281,156.277,13.3301,9.30E-01,6.12E+01,5.68E+01,8.44E+01
3282,162.521,19.9969,5.13E-01,4.46E+01,4.74E+01,1.03E+02
3283,168.764,19.9977,1.67E-01,2.99E+01,3.04E+01,1.42E+02
3284,156.277,19.9955,9.28E-01,6.42E+01,5.44E+01,8.77E+01
3285,162.522,6.66535,5.14E-01,3.90E+01,5.24E+01,9.69E+01
3286,168.764,6.66525,1.67E-01,2.99E+01,3.55E+01,1.36E+02
3287,156.277,6.66479,9.31E-01,5.84E+01,5.93E+01,8.12E+01
3288,168.765,-86.63,1.43E-01,3.02E+01,8.48E+01,8.30E+01
3289,162.511,-86.6024,4.35E-01,1.65E+01,9.98E+01,4.72E+01
3290,156.256,-86.6175,7.83E-01,3.09E+01,1.06E+02,3.39E+01
3291,168.763,-39.9982,1.61E-01,2.95E+01,5.65E+01,1.12E+02
3292,162.519,-39.9951,4.94E-01,2.39E+01,7.28E+01,7.38E+01
3293,156.273,-39.9925,8.95E-01,4.22E+01,7.94E+01,5.85E+01
3294,168.764,-19.9996,1.65E-01,2.97E+01,4.68E+01,1.23E+02
3295,162.521,-19.9978,5.07E-01,2.95E+01,6.34E+01,8.39E+01
3296,156.276,-19.9966,9.19E-01,4.85E+01,7.01E+01,6.83E+01
3297,162.521,-13.3321,5.10E-01,3.17E+01,6.05E+01,8.72E+01
3298,162.521,-6.66621,5.12E-01,3.40E+01,5.77E+01,9.04E+01
3299,168.764,-13.3334,1.66E-01,2.98E+01,4.39E+01,1.26E+02
3300,168.764,-6.66719,1.67E-01,2.98E+01,4.10E+01,1.29E+02
3301,156.277,-13.3312,9.25E-01,5.08E+01,6.72E+01,7.15E+01
3302,156.277,-6.6659,9.28E-01,5.32E+01,6.45E+01,7.47E+01
3303,162.52,-33.3294,4.99E-01,2.57E+01,6.95E+01,7.72E+01
3304,162.52,-26.6635,5.03E-01,2.75E+01,6.64E+01,8.06E+01
3305,168.764,-33.332,1.63E-01,2.96E+01,5.32E+01,1.16E+02
3306,168.764,-26.6659,1.64E-01,2.97E+01,4.99E+01,1.19E+02
3307,156.275,-33.3272,9.05E-01,4.42E+01,7.61E+01,6.17E+01
3308,156.275,-26.662,9.13E-01,4.63E+01,7.30E+01,6.50E+01
3309,168.762,-59.9968,1.55E-01,2.95E+01,6.76E+01,1.01E+02
3310,162.516,-59.9922,4.74E-01,1.96E+01,8.35E+01,6.30E+01
3311,156.269,-59.9882,8.57E-01,3.68E+01,9.00E+01,4.83E+01
3312,162.517,-53.3266,4.81E-01,2.08E+01,7.98E+01,6.67E+01
3313,162.518,-46.6607,4.88E-01,2.23E+01,7.62E+01,7.03E+01
3314,168.762,-53.3306,1.57E-01,2.94E+01,6.38E+01,1.05E+02
3315,168.763,-46.6645,1.59E-01,2.95E+01,6.01E+01,1.09E+02
3316,156.271,-53.323,8.71E-01,3.85E+01,8.63E+01,5.18E+01
3317,156.272,-46.6578,8.84E-01,4.03E+01,8.28E+01,5.51E+01
3318,168.761,-73.329,1.50E-01,2.97E+01,7.59E+01,9.23E+01
3319,162.514,-73.3235,4.57E-01,1.76E+01,9.15E+01,5.54E+01
3320,156.265,-73.3185,8.24E-01,3.36E+01,9.79E+01,4.13E+01
3321,162.515,-66.6578,4.66E-01,1.85E+01,8.74E+01,5.93E+01
3322,168.762,-66.6629,1.53E-01,2.96E+01,7.17E+01,9.66E+01
3323,156.267,-66.6533,8.41E-01,3.51E+01,9.39E+01,4.48E+01
3324,162.513,-79.969,4.47E-01,1.70E+01,9.56E+01,5.14E+01
3325,168.762,-79.9818,1.47E-01,3.00E+01,8.03E+01,8.77E+01
3326,156.261,-79.9703,8.04E-01,3.22E+01,1.02E+02,3.76E+01
3327,168.753,-131.242,1.04E-01,2.64E+01,1.11E+02,4.17E+01
3328,162.499,-131.233,3.10E-01,1.67E+01,1.19E+02,1.71E+01
3329,156.244,-131.227,5.48E-01,2.77E+01,1.21E+02,1.23E+01
3330,168.746,-106.147,1.31E-01,3.02E+01,9.83E+01,6.75E+01
3331,162.507,-106.11,3.94E-01,1.57E+01,1.12E+02,3.40E+01
3332,156.264,-106.132,7.03E-01,2.79E+01,1.17E+02,2.25E+01
3333,162.508,-99.6837,4.09E-01,1.58E+01,1.08E+02,3.85E+01
3334,162.51,-93.1722,4.23E-01,1.61E+01,1.04E+02,4.29E+01
3335,168.757,-99.7262,1.36E-01,3.03E+01,9.39E+01,7.31E+01
3336,168.767,-93.2171,1.39E-01,3.03E+01,8.93E+01,7.81E+01
3337,156.257,-99.7122,7.33E-01,2.87E+01,1.14E+02,2.62E+01
3338,156.25,-93.2038,7.59E-01,2.98E+01,1.10E+02,3.01E+01
3339,162.501,-124.984,3.36E-01,1.61E+01,1.19E+02,2.07E+01
3340,162.503,-118.734,3.58E-01,1.58E+01,1.17E+02,2.49E+01
3341,162.505,-112.445,3.77E-01,1.58E+01,1.15E+02,2.95E+01
3342,168.755,-118.742,1.19E-01,2.90E+01,1.06E+02,5.55E+01
3343,168.754,-124.992,1.13E-01,2.78E+01,1.09E+02,4.89E+01
3344,168.752,-112.466,1.26E-01,2.97E+01,1.02E+02,6.16E+01
3345,156.248,-118.727,6.36E-01,2.72E+01,1.22E+02,1.57E+01
3346,156.246,-124.977,5.95E-01,2.72E+01,1.22E+02,1.32E+01
3347,156.255,-112.45,6.72E-01,2.74E+01,1.20E+02,1.90E+01
3348,168.749,-149.992,6.78E-02,1.93E+01,1.08E+02,2.17E+01
3349,162.493,-149.986,2.00E-01,2.22E+01,1.09E+02,1.88E+01
3350,156.238,-149.982,3.53E-01,3.16E+01,1.08E+02,2.16E+01
3351,162.495,-143.734,2.44E-01,1.96E+01,1.15E+02,1.55E+01
3352,162.497,-137.484,2.80E-01,1.78E+01,1.18E+02,1.51E+01
3353,168.75,-143.742,8.27E-02,2.22E+01,1.11E+02,2.70E+01
3354,168.752,-137.492,9.46E-02,2.45E+01,1.11E+02,3.41E+01
3355,156.239,-143.729,4.30E-01,3.01E+01,1.14E+02,1.68E+01
3356,156.241,-137.478,4.94E-01,2.87E+01,1.19E+02,1.35E+01
3357,162.494,-168.745,2.67E-02,1.31E+01,9.35E+01,1.60E+01
3358,162.491,-162.491,8.46E-02,2.19E+01,9.30E+01,2.26E+01
3359,162.492,-156.238,1.47E-01,2.44E+01,1.01E+02,2.30E+01
3360,168.745,-162.493,2.64E-02,1.22E+01,9.51E+01,1.50E+01
3361,168.744,-168.744,6.84E-03,7.83E+00,8.87E+01,1.05E+01
3362,168.747,-156.243,4.89E-02,1.59E+01,1.03E+02,1.82E+01
3363,156.239,-162.492,1.59E-01,2.89E+01,9.94E+01,2.71E+01
3364,156.244,-168.748,5.42E-02,2.00E+01,9.86E+01,2.22E+01
3365,156.237,-156.236,2.63E-01,3.23E+01,1.02E+02,2.62E+01
