NodeID,Y,Z,Displacement,Stress_L1,Stress_L2,Stress_L4
2,99.9419,-99.9419,3.88E+00,1.72E+01,4.56E+01,1.51E+02
3,99.945,-93.2717,4.11E+00,1.74E+01,4.72E+01,1.52E+02
4,99.9503,-86.6038,4.33E+00,1.73E+01,4.91E+01,1.51E+02
5,99.9577,-79.9378,4.53E+00,1.69E+01,5.11E+01,1.48E+02
6,99.9666,-73.2736,4.72E+00,1.63E+01,5.33E+01,1.42E+02
7,99.9767,-66.611,4.89E+00,1.55E+01,5.55E+01,1.35E+02
8,99.9872,-59.9492,5.04E+00,1.47E+01,5.76E+01,1.27E+02
9,99.9978,-53.2882,5.18E+00,1.40E+01,5.97E+01,1.20E+02
10,100.008,-46.6276,5.31E+00,1.34E+01,6.16E+01,1.13E+02
11,100.017,-39.967,5.41E+00,1.31E+01,6.36E+01,1.06E+02
12,100.026,-33.3065,5.51E+00,1.30E+01,6.55E+01,9.95E+01
13,100.033,-26.6459,5.58E+00,1.31E+01,6.75E+01,9.34E+01
14,100.038,-19.9851,5.64E+00,1.33E+01,6.95E+01,8.77E+01
15,100.042,-13.3242,5.68E+00,1.36E+01,7.16E+01,8.21E+01
16,100.044,-6.6632,5.71E+00,1.40E+01,7.39E+01,7.68E+01
17,100.045,-0.00218598,5.71E+00,1.42E+01,7.64E+01,7.16E+01
18,100.044,6.65879,5.70E+00,1.44E+01,7.91E+01,6.66E+01
19,100.04,13.3197,5.67E+00,1.46E+01,8.22E+01,6.18E+01
20,100.036,19.9804,5.63E+00,1.47E+01,8.58E+01,5.71E+01
21,100.029,26.6409,5.56E+00,1.47E+01,8.99E+01,5.26E+01
22,100.021,33.3013,5.48E+00,1.47E+01,9.47E+01,4.82E+01
23,100.012,39.9616,5.39E+00,1.47E+01,1.00E+02,4.39E+01
24,100.002,46.6218,5.27E+00,1.46E+01,1.06E+02,3.97E+01
25,99.991,53.2821,5.14E+00,1.45E+01,1.13E+02,3.56E+01
26,99.9798,59.9428,5.00E+00,1.43E+01,1.20E+02,3.16E+01
27,99.9688,66.6041,4.84E+00,1.40E+01,1.28E+02,2.77E+01
28,99.9584,73.2666,4.67E+00,1.38E+01,1.35E+02,2.40E+01
29,99.9494,79.9305,4.48E+00,1.35E+01,1.41E+02,2.05E+01
30,99.9421,86.5963,4.27E+00,1.32E+01,1.45E+02,1.76E+01
31,99.9371,93.2643,4.05E+00,1.28E+01,1.46E+02,1.53E+01
32,99.9344,99.9346,3.82E+00,1.25E+01,1.45E+02,1.39E+01
33,93.2637,99.9368,4.05E+00,1.28E+01,1.47E+02,1.52E+01
34,86.5953,99.9415,4.27E+00,1.32E+01,1.46E+02,1.73E+01
35,79.929,99.9485,4.48E+00,1.35E+01,1.42E+02,2.02E+01
36,73.2648,99.9574,4.67E+00,1.38E+01,1.37E+02,2.37E+01
37,66.6021,99.9677,4.84E+00,1.40E+01,1.30E+02,2.74E+01
38,59.9407,99.9788,5.00E+00,1.42E+01,1.22E+02,3.13E+01
39,53.28,99.99,5.15E+00,1.44E+01,1.14E+02,3.54E+01
40,46.6197,100.001,5.28E+00,1.45E+01,1.07E+02,3.96E+01
41,39.9595,100.011,5.39E+00,1.46E+01,1.01E+02,4.38E+01
42,33.2993,100.021,5.49E+00,1.47E+01,9.53E+01,4.82E+01
43,26.639,100.029,5.57E+00,1.46E+01,9.04E+01,5.26E+01
44,19.9785,100.036,5.63E+00,1.46E+01,8.62E+01,5.72E+01
45,13.3179,100.041,5.68E+00,1.45E+01,8.26E+01,6.18E+01
46,6.65709,100.044,5.71E+00,1.43E+01,7.94E+01,6.66E+01
47,-0.00381938,100.046,5.72E+00,1.41E+01,7.66E+01,7.16E+01
48,-6.66478,100.045,5.71E+00,1.38E+01,7.41E+01,7.67E+01
49,-13.3257,100.043,5.69E+00,1.35E+01,7.19E+01,8.19E+01
50,-19.9866,100.04,5.65E+00,1.32E+01,6.97E+01,8.74E+01
51,-26.6474,100.034,5.59E+00,1.30E+01,6.77E+01,9.30E+01
52,-33.3079,100.027,5.51E+00,1.29E+01,6.57E+01,9.90E+01
53,-39.9685,100.019,5.42E+00,1.30E+01,6.38E+01,1.05E+02
54,-46.629,100.009,5.31E+00,1.33E+01,6.18E+01,1.12E+02
55,-53.2895,99.9991,5.19E+00,1.39E+01,5.99E+01,1.19E+02
56,-59.9504,99.9883,5.05E+00,1.46E+01,5.78E+01,1.26E+02
57,-66.6119,99.9776,4.89E+00,1.55E+01,5.57E+01,1.34E+02
58,-73.2743,99.9673,4.72E+00,1.63E+01,5.35E+01,1.41E+02
59,-79.9382,99.958,4.53E+00,1.69E+01,5.13E+01,1.47E+02
60,-86.604,99.9504,4.33E+00,1.73E+01,4.92E+01,1.51E+02
61,-93.2718,99.9449,4.11E+00,1.74E+01,4.73E+01,1.52E+02
62,-99.9419,99.9417,3.88E+00,1.72E+01,4.57E+01,1.50E+02
63,-99.9448,93.2713,4.12E+00,1.74E+01,4.72E+01,1.52E+02
64,-99.9501,86.6031,4.34E+00,1.73E+01,4.91E+01,1.52E+02
65,-99.9575,79.937,4.54E+00,1.68E+01,5.11E+01,1.48E+02
66,-99.9667,73.2728,4.73E+00,1.62E+01,5.33E+01,1.43E+02
67,-99.9769,66.6101,4.90E+00,1.53E+01,5.55E+01,1.35E+02
68,-99.9878,59.9485,5.06E+00,1.45E+01,5.76E+01,1.28E+02
69,-99.9986,53.2876,5.20E+00,1.37E+01,5.96E+01,1.20E+02
70,-100.009,46.627,5.32E+00,1.31E+01,6.16E+01,1.13E+02
71,-100.019,39.9665,5.43E+00,1.28E+01,6.35E+01,1.06E+02
72,-100.027,33.306,5.52E+00,1.27E+01,6.55E+01,9.89E+01
73,-100.034,26.6454,5.60E+00,1.28E+01,6.74E+01,9.28E+01
74,-100.04,19.9847,5.66E+00,1.30E+01,6.94E+01,8.70E+01
75,-100.044,13.3239,5.70E+00,1.33E+01,7.15E+01,8.14E+01
76,-100.046,6.66292,5.73E+00,1.37E+01,7.37E+01,7.62E+01
77,-100.047,0.00195543,5.73E+00,1.39E+01,7.61E+01,7.11E+01
78,-100.045,-6.65896,5.72E+00,1.42E+01,7.89E+01,6.62E+01
79,-100.042,-13.3197,5.69E+00,1.43E+01,8.20E+01,6.14E+01
80,-100.037,-19.9804,5.64E+00,1.44E+01,8.55E+01,5.68E+01
81,-100.03,-26.6409,5.57E+00,1.45E+01,8.97E+01,5.23E+01
82,-100.022,-33.301,5.49E+00,1.45E+01,9.45E+01,4.79E+01
83,-100.013,-39.9612,5.39E+00,1.45E+01,1.00E+02,4.36E+01
84,-100.002,-46.6213,5.28E+00,1.45E+01,1.06E+02,3.94E+01
85,-99.9914,-53.2814,5.15E+00,1.43E+01,1.14E+02,3.53E+01
86,-99.98,-59.9421,5.00E+00,1.42E+01,1.21E+02,3.12E+01
87,-99.9688,-66.6034,4.84E+00,1.40E+01,1.29E+02,2.73E+01
88,-99.9583,-73.2658,4.67E+00,1.38E+01,1.36E+02,2.35E+01
89,-99.9492,-79.9298,4.48E+00,1.35E+01,1.42E+02,2.01E+01
90,-99.9421,-86.5959,4.27E+00,1.32E+01,1.46E+02,1.71E+01
91,-99.9372,-93.2641,4.05E+00,1.29E+01,1.47E+02,1.49E+01
92,-99.9348,-99.9347,3.82E+00,1.26E+01,1.45E+02,1.36E+01
93,-93.2646,-99.9374,4.05E+00,1.29E+01,1.46E+02,1.51E+01
94,-86.5967,-99.9425,4.27E+00,1.32E+01,1.45E+02,1.74E+01
95,-79.931,-99.95,4.47E+00,1.35E+01,1.40E+02,2.04E+01
96,-73.2673,-99.9592,4.66E+00,1.38E+01,1.34E+02,2.39E+01
97,-66.6052,-99.9698,4.84E+00,1.40E+01,1.27E+02,2.76E+01
98,-59.944,-99.981,5.00E+00,1.42E+01,1.19E+02,3.15E+01
99,-53.2835,-99.9923,5.15E+00,1.44E+01,1.12E+02,3.55E+01
100,-46.6233,-100.003,5.27E+00,1.45E+01,1.05E+02,3.95E+01
101,-39.9632,-100.014,5.39E+00,1.46E+01,9.92E+01,4.37E+01
102,-33.303,-100.023,5.49E+00,1.46E+01,9.38E+01,4.79E+01
103,-26.6427,-100.031,5.57E+00,1.46E+01,8.92E+01,5.23E+01
104,-19.9822,-100.037,5.63E+00,1.45E+01,8.52E+01,5.67E+01
105,-13.3215,-100.042,5.68E+00,1.44E+01,8.17E+01,6.13E+01
106,-6.66063,-100.045,5.71E+00,1.43E+01,7.86E+01,6.61E+01
107,0.000345536,-100.046,5.72E+00,1.41E+01,7.59E+01,7.11E+01
108,6.66135,-100.045,5.72E+00,1.38E+01,7.34E+01,7.62E+01
109,13.3223,-100.043,5.69E+00,1.35E+01,7.12E+01,8.16E+01
110,19.9832,-100.039,5.65E+00,1.32E+01,6.91E+01,8.72E+01
111,26.6439,-100.033,5.59E+00,1.29E+01,6.71E+01,9.31E+01
112,33.3045,-100.026,5.52E+00,1.28E+01,6.52E+01,9.93E+01
113,39.965,-100.017,5.42E+00,1.29E+01,6.33E+01,1.06E+02
114,46.6255,-100.007,5.31E+00,1.32E+01,6.13E+01,1.13E+02
115,53.2861,-99.9971,5.19E+00,1.38E+01,5.94E+01,1.20E+02
116,59.9472,-99.9863,5.05E+00,1.45E+01,5.74E+01,1.28E+02
117,66.6089,-99.9757,4.90E+00,1.53E+01,5.53E+01,1.36E+02
118,73.2719,-99.9656,4.72E+00,1.61E+01,5.31E+01,1.43E+02
119,79.9363,-99.9568,4.54E+00,1.68E+01,5.10E+01,1.49E+02
120,86.6027,-99.9497,4.33E+00,1.72E+01,4.90E+01,1.52E+02
121,93.2712,-99.9446,4.12E+00,1.73E+01,4.72E+01,1.53E+02
122,-93.38,0.00223943,6.25E+00,1.48E+01,7.84E+01,7.25E+01
123,-86.7133,0.00255015,6.77E+00,1.59E+01,8.08E+01,7.39E+01
124,-80.0465,0.00288442,7.32E+00,1.70E+01,8.36E+01,7.55E+01
125,-73.3797,0.00324303,7.88E+00,1.84E+01,8.68E+01,7.71E+01
126,-66.7133,0.00361339,8.45E+00,2.01E+01,9.07E+01,7.88E+01
127,-60.047,0.00399244,9.05E+00,2.22E+01,9.54E+01,8.08E+01
128,-53.3813,0.00434567,9.68E+00,2.48E+01,1.01E+02,8.30E+01
129,-46.7162,0.00465875,1.03E+01,2.82E+01,1.09E+02,8.55E+01
130,-40.052,0.0048164,1.10E+01,3.27E+01,1.20E+02,8.86E+01
131,-33.389,0.00474872,1.18E+01,3.91E+01,1.36E+02,9.27E+01
132,-26.7279,0.00402412,1.25E+01,4.86E+01,1.61E+02,9.93E+01
133,-20.0701,0.00212208,1.34E+01,6.38E+01,2.04E+02,1.15E+02
134,-13.4225,-0.00445231,1.44E+01,9.25E+01,2.99E+02,1.41E+02
135,-6.77216,-0.0160412,1.55E+01,1.43E+02,5.05E+02,1.58E+02
136,0.00240454,-0.00175285,1.62E+01,1.73E+02,6.45E+02,1.59E+02
137,6.77186,0.0139453,1.55E+01,1.42E+02,5.09E+02,1.63E+02
138,13.418,0.0035721,1.43E+01,9.27E+01,3.03E+02,1.50E+02
139,20.0651,-0.002705,1.34E+01,6.41E+01,2.08E+02,1.21E+02
140,26.7231,-0.00445805,1.25E+01,4.89E+01,1.65E+02,1.05E+02
141,33.3846,-0.00507059,1.17E+01,3.95E+01,1.39E+02,9.67E+01
142,40.0479,-0.00506029,1.10E+01,3.31E+01,1.22E+02,9.17E+01
143,46.7125,-0.00485937,1.03E+01,2.85E+01,1.11E+02,8.79E+01
144,53.3778,-0.00452727,9.64E+00,2.51E+01,1.03E+02,8.49E+01
145,60.0439,-0.00417164,9.02E+00,2.24E+01,9.64E+01,8.24E+01
146,66.7103,-0.00379662,8.42E+00,2.04E+01,9.15E+01,8.01E+01
147,73.3771,-0.00343542,7.85E+00,1.87E+01,8.75E+01,7.82E+01
148,80.0441,-0.0030882,7.29E+00,1.73E+01,8.41E+01,7.64E+01
149,86.7111,-0.00276456,6.75E+00,1.61E+01,8.12E+01,7.47E+01
150,93.3781,-0.00246138,6.23E+00,1.51E+01,7.86E+01,7.31E+01
151,0.0125938,6.76536,1.55E+01,1.44E+02,5.19E+02,1.58E+02
152,-0.000556227,13.4166,1.43E+01,9.38E+01,3.18E+02,1.48E+02
153,-0.00670854,20.0659,1.34E+01,6.40E+01,2.12E+02,1.24E+02
154,-0.00850114,26.7242,1.25E+01,4.85E+01,1.66E+02,1.07E+02
155,-0.00896984,33.3857,1.17E+01,3.90E+01,1.40E+02,9.87E+01
156,-0.00872781,40.0491,1.10E+01,3.26E+01,1.23E+02,9.31E+01
157,-0.00828331,46.7136,1.03E+01,2.81E+01,1.11E+02,8.90E+01
158,-0.00770324,53.3789,9.66E+00,2.47E+01,1.03E+02,8.57E+01
159,-0.00710867,60.0449,9.03E+00,2.21E+01,9.64E+01,8.29E+01
160,-0.00649997,66.7113,8.44E+00,2.01E+01,9.15E+01,8.05E+01
161,-0.00591445,73.378,7.86E+00,1.85E+01,8.76E+01,7.84E+01
162,-0.00534817,80.0449,7.30E+00,1.71E+01,8.42E+01,7.65E+01
163,-0.00481057,86.7119,6.76E+00,1.60E+01,8.14E+01,7.48E+01
164,-0.00430212,93.3788,6.24E+00,1.50E+01,7.89E+01,7.31E+01
165,-53.3805,6.66136,9.66E+00,2.37E+01,9.64E+01,9.96E+01
166,-53.3727,13.3182,9.59E+00,2.21E+01,9.27E+01,1.19E+02
167,-53.3586,19.9743,9.45E+00,2.07E+01,8.92E+01,1.41E+02
168,-53.34,26.6297,9.25E+00,2.03E+01,8.54E+01,1.64E+02
169,-53.3195,33.2854,9.01E+00,2.11E+01,8.11E+01,1.88E+02
170,-53.2998,39.9433,8.72E+00,2.24E+01,7.66E+01,2.09E+02
171,-53.2839,46.6054,8.40E+00,2.33E+01,7.26E+01,2.22E+02
172,-53.2743,53.2731,8.05E+00,2.32E+01,6.98E+01,2.20E+02
173,-53.2707,59.946,7.67E+00,2.21E+01,6.81E+01,2.06E+02
174,-53.2711,66.6216,7.28E+00,2.05E+01,6.70E+01,1.86E+02
175,-53.2736,73.2982,6.87E+00,1.87E+01,6.60E+01,1.67E+02
176,-53.2771,79.9745,6.45E+00,1.71E+01,6.47E+01,1.51E+02
177,-53.2811,86.6503,6.03E+00,1.58E+01,6.32E+01,1.38E+02
178,-53.2853,93.3251,5.61E+00,1.47E+01,6.15E+01,1.27E+02
179,-59.9595,46.6052,7.98E+00,2.13E+01,7.12E+01,1.98E+02
180,-66.6362,46.6076,7.54E+00,1.93E+01,7.00E+01,1.75E+02
181,-73.3124,46.6111,7.10E+00,1.75E+01,6.86E+01,1.56E+02
182,-79.988,46.615,6.66E+00,1.60E+01,6.70E+01,1.41E+02
183,-86.6627,46.6191,6.21E+00,1.48E+01,6.52E+01,1.29E+02
184,-93.3363,46.6231,5.77E+00,1.39E+01,6.34E+01,1.20E+02
185,-73.3279,39.9525,7.31E+00,1.64E+01,7.14E+01,1.42E+02
186,-73.3428,33.2946,7.48E+00,1.58E+01,7.39E+01,1.29E+02
187,-73.3562,26.6369,7.63E+00,1.58E+01,7.63E+01,1.17E+02
188,-73.3671,19.9789,7.74E+00,1.63E+01,7.86E+01,1.06E+02
189,-73.3749,13.3205,7.82E+00,1.70E+01,8.10E+01,9.53E+01
190,-73.3792,6.6619,7.87E+00,1.78E+01,8.36E+01,8.58E+01
191,-66.6852,26.6345,8.16E+00,1.70E+01,7.90E+01,1.28E+02
192,-60.0132,26.6321,8.70E+00,1.84E+01,8.20E+01,1.43E+02
193,-66.6697,33.2915,7.99E+00,1.72E+01,7.63E+01,1.43E+02
194,-66.6528,39.9489,7.78E+00,1.80E+01,7.33E+01,1.60E+02
195,-59.9952,33.2884,8.50E+00,1.89E+01,7.87E+01,1.62E+02
196,-59.9766,39.9456,8.26E+00,2.00E+01,7.50E+01,1.82E+02
197,-66.7075,13.3197,8.39E+00,1.84E+01,8.41E+01,1.01E+02
198,-60.0401,13.3189,8.98E+00,2.00E+01,8.80E+01,1.09E+02
199,-66.6981,19.9773,8.29E+00,1.75E+01,8.16E+01,1.14E+02
200,-60.0287,19.9758,8.86E+00,1.89E+01,8.50E+01,1.25E+02
201,-66.7127,6.66169,8.44E+00,1.94E+01,8.70E+01,8.94E+01
202,-60.0464,6.6615,9.04E+00,2.13E+01,9.12E+01,9.38E+01
203,-93.3656,26.6434,6.09E+00,1.34E+01,6.94E+01,9.70E+01
204,-86.6964,26.6413,6.59E+00,1.41E+01,7.16E+01,1.02E+02
205,-80.0266,26.6391,7.11E+00,1.48E+01,7.38E+01,1.09E+02
206,-86.6866,33.3006,6.49E+00,1.40E+01,6.95E+01,1.11E+02
207,-86.6752,39.9597,6.36E+00,1.42E+01,6.74E+01,1.20E+02
208,-93.3571,33.3033,6.00E+00,1.33E+01,6.74E+01,1.04E+02
209,-93.3473,39.9632,5.89E+00,1.34E+01,6.54E+01,1.12E+02
210,-80.0151,33.2977,6.98E+00,1.48E+01,7.17E+01,1.19E+02
211,-80.002,39.9562,6.83E+00,1.52E+01,6.94E+01,1.29E+02
212,-93.377,13.323,6.21E+00,1.41E+01,7.35E+01,8.41E+01
213,-86.7098,13.3222,6.74E+00,1.49E+01,7.58E+01,8.72E+01
214,-80.0424,13.3213,7.27E+00,1.59E+01,7.82E+01,9.08E+01
215,-86.7042,19.9818,6.68E+00,1.44E+01,7.36E+01,9.44E+01
216,-93.3722,19.9833,6.16E+00,1.37E+01,7.14E+01,9.03E+01
217,-80.0358,19.9804,7.20E+00,1.53E+01,7.60E+01,9.94E+01
218,-86.7129,6.66238,6.77E+00,1.54E+01,7.81E+01,8.03E+01
219,-93.3796,6.66264,6.24E+00,1.45E+01,7.58E+01,7.81E+01
220,-80.046,6.66213,7.31E+00,1.65E+01,8.07E+01,8.29E+01
221,-59.9356,73.2851,6.62E+00,1.97E+01,6.30E+01,1.78E+02
222,-66.6008,73.275,6.34E+00,2.02E+01,6.03E+01,1.83E+02
223,-73.2694,73.2687,6.05E+00,2.01E+01,5.82E+01,1.81E+02
224,-79.9413,73.2662,5.74E+00,1.94E+01,5.67E+01,1.74E+02
225,-86.6155,73.2666,5.41E+00,1.84E+01,5.55E+01,1.64E+02
226,-93.2908,73.2691,5.08E+00,1.73E+01,5.44E+01,1.53E+02
227,-73.2751,66.5994,6.35E+00,2.02E+01,6.01E+01,1.84E+02
228,-73.2848,59.9336,6.62E+00,1.97E+01,6.27E+01,1.79E+02
229,-73.2976,53.2711,6.87E+00,1.87E+01,6.56E+01,1.69E+02
230,-66.6101,59.9335,6.99E+00,2.11E+01,6.38E+01,1.94E+02
231,-59.9382,59.9372,7.34E+00,2.20E+01,6.55E+01,2.05E+02
232,-66.6033,66.6025,6.68E+00,2.10E+01,6.17E+01,1.92E+02
233,-59.9352,66.6099,6.99E+00,2.11E+01,6.40E+01,1.93E+02
234,-66.6214,53.2687,7.28E+00,2.05E+01,6.67E+01,1.88E+02
235,-59.9463,53.2688,7.67E+00,2.21E+01,6.79E+01,2.07E+02
236,-93.3126,59.944,5.46E+00,1.55E+01,5.91E+01,1.37E+02
237,-86.6369,59.9397,5.85E+00,1.68E+01,6.05E+01,1.49E+02
238,-79.9607,59.936,6.24E+00,1.82E+01,6.17E+01,1.63E+02
239,-86.6253,66.6021,5.64E+00,1.77E+01,5.79E+01,1.58E+02
240,-93.3012,66.6058,5.28E+00,1.64E+01,5.68E+01,1.46E+02
241,-79.9496,66.5997,6.00E+00,1.90E+01,5.90E+01,1.71E+02
242,-86.6497,53.2789,6.04E+00,1.57E+01,6.29E+01,1.39E+02
243,-93.3245,53.2832,5.62E+00,1.46E+01,6.13E+01,1.28E+02
244,-79.9739,53.2747,6.46E+00,1.71E+01,6.44E+01,1.53E+02
245,-73.2705,93.2914,5.07E+00,1.73E+01,5.46E+01,1.51E+02
246,-73.268,86.6158,5.41E+00,1.84E+01,5.57E+01,1.63E+02
247,-73.2673,79.9412,5.74E+00,1.94E+01,5.68E+01,1.73E+02
248,-66.6039,86.6258,5.64E+00,1.77E+01,5.82E+01,1.56E+02
249,-59.9418,86.6375,5.84E+00,1.68E+01,6.07E+01,1.48E+02
250,-66.6076,93.3018,5.27E+00,1.65E+01,5.70E+01,1.44E+02
251,-59.946,93.3133,5.45E+00,1.56E+01,5.93E+01,1.36E+02
252,-66.6014,79.9499,6.00E+00,1.90E+01,5.92E+01,1.70E+02
253,-59.9381,79.9613,6.24E+00,1.82E+01,6.19E+01,1.62E+02
254,-93.2762,86.6023,4.63E+00,1.80E+01,5.02E+01,1.59E+02
255,-86.6043,86.6039,4.90E+00,1.85E+01,5.17E+01,1.64E+02
256,-79.9348,86.6084,5.17E+00,1.87E+01,5.35E+01,1.65E+02
257,-86.603,93.2763,4.62E+00,1.80E+01,5.03E+01,1.58E+02
258,-93.2727,93.2725,4.38E+00,1.78E+01,4.86E+01,1.57E+02
259,-79.9356,93.2827,4.86E+00,1.78E+01,5.24E+01,1.56E+02
260,-86.6084,79.9339,5.17E+00,1.87E+01,5.34E+01,1.66E+02
261,-93.2823,79.9345,4.86E+00,1.78E+01,5.22E+01,1.57E+02
262,-79.9364,79.9359,5.46E+00,1.93E+01,5.49E+01,1.72E+02
263,-6.66486,46.7133,1.03E+01,2.66E+01,1.05E+02,1.11E+02
264,-13.3212,46.704,1.02E+01,2.45E+01,9.98E+01,1.37E+02
265,-19.9766,46.6871,1.00E+01,2.29E+01,9.52E+01,1.65E+02
266,-26.6313,46.6654,9.80E+00,2.26E+01,9.00E+01,1.94E+02
267,-33.2869,46.6427,9.51E+00,2.36E+01,8.42E+01,2.20E+02
268,-39.9462,46.6232,9.18E+00,2.46E+01,7.88E+01,2.38E+02
269,-46.6119,46.6105,8.80E+00,2.45E+01,7.48E+01,2.38E+02
270,-26.6298,39.9889,1.04E+01,2.56E+01,9.40E+01,2.35E+02
271,-26.6303,33.311,1.09E+01,2.88E+01,9.88E+01,2.86E+02
272,-26.6387,26.6365,1.14E+01,3.15E+01,1.06E+02,3.26E+02
273,-26.6631,19.9734,1.19E+01,3.37E+01,1.18E+02,3.20E+02
274,-26.6979,13.3189,1.23E+01,3.76E+01,1.33E+02,2.58E+02
275,-26.7245,6.6624,1.25E+01,4.40E+01,1.46E+02,1.72E+02
276,-19.9773,26.6623,1.19E+01,3.36E+01,1.19E+02,3.19E+02
277,-13.3232,26.6969,1.23E+01,3.76E+01,1.35E+02,2.62E+02
278,-6.66668,26.7218,1.25E+01,4.40E+01,1.50E+02,1.80E+02
279,-13.3214,33.3675,1.16E+01,3.20E+01,1.19E+02,1.98E+02
280,-13.3211,40.0362,1.09E+01,2.77E+01,1.08E+02,1.60E+02
281,-19.9753,33.3398,1.13E+01,2.94E+01,1.09E+02,2.50E+02
282,-19.9756,40.0146,1.07E+01,2.58E+01,1.02E+02,1.99E+02
283,-6.66563,33.3847,1.17E+01,3.62E+01,1.28E+02,1.44E+02
284,-6.66514,40.0486,1.10E+01,3.07E+01,1.14E+02,1.24E+02
285,-13.4014,6.67545,1.43E+01,7.69E+01,2.58E+02,3.18E+02
286,-13.3516,13.3487,1.37E+01,5.71E+01,2.06E+02,4.16E+02
287,-13.3287,20.0229,1.30E+01,4.52E+01,1.61E+02,3.55E+02
288,-20.0243,13.3245,1.30E+01,4.50E+01,1.59E+02,3.53E+02
289,-20.0629,6.66538,1.34E+01,5.57E+01,1.81E+02,2.38E+02
290,-19.9901,19.9876,1.25E+01,3.83E+01,1.36E+02,3.75E+02
291,-6.67994,13.3981,1.42E+01,7.77E+01,2.70E+02,3.26E+02
292,-6.72102,6.71563,1.51E+01,1.15E+02,3.97E+02,2.73E+02
293,-6.66975,20.0602,1.33E+01,5.60E+01,1.87E+02,2.48E+02
294,-46.6654,26.6274,9.81E+00,2.28E+01,8.91E+01,1.94E+02
295,-39.9889,26.6259,1.04E+01,2.58E+01,9.31E+01,2.36E+02
296,-33.3116,26.6268,1.09E+01,2.90E+01,9.81E+01,2.87E+02
297,-39.9658,33.2838,1.00E+01,2.64E+01,8.62E+01,2.61E+02
298,-39.9513,39.9497,9.61E+00,2.62E+01,8.14E+01,2.60E+02
299,-46.6427,33.2834,9.52E+00,2.37E+01,8.34E+01,2.22E+02
300,-46.6237,39.9435,9.18E+00,2.46E+01,7.83E+01,2.39E+02
301,-33.2932,33.2913,1.05E+01,2.83E+01,9.09E+01,2.89E+02
302,-33.2869,39.9653,1.00E+01,2.63E+01,8.68E+01,2.59E+02
303,-46.7053,13.3176,1.02E+01,2.46E+01,9.87E+01,1.34E+02
304,-40.0374,13.3172,1.09E+01,2.79E+01,1.07E+02,1.57E+02
305,-33.3686,13.3173,1.16E+01,3.21E+01,1.18E+02,1.94E+02
306,-40.0149,19.9716,1.07E+01,2.59E+01,1.00E+02,1.98E+02
307,-46.6876,19.9728,1.01E+01,2.30E+01,9.43E+01,1.63E+02
308,-33.34,19.9712,1.13E+01,2.96E+01,1.08E+02,2.50E+02
309,-40.0508,6.66129,1.10E+01,3.08E+01,1.13E+02,1.19E+02
310,-46.7154,6.66126,1.03E+01,2.68E+01,1.03E+02,1.08E+02
311,-33.3871,6.66154,1.17E+01,3.63E+01,1.26E+02,1.38E+02
312,-26.6455,93.3653,6.08E+00,1.35E+01,6.97E+01,9.73E+01
313,-26.6437,86.696,6.58E+00,1.42E+01,7.19E+01,1.03E+02
314,-26.6417,80.0263,7.09E+00,1.49E+01,7.42E+01,1.09E+02
315,-26.6397,73.3559,7.62E+00,1.58E+01,7.67E+01,1.17E+02
316,-26.6377,66.685,8.15E+00,1.70E+01,7.95E+01,1.28E+02
317,-26.6355,60.0131,8.69E+00,1.84E+01,8.27E+01,1.43E+02
318,-26.6334,53.3401,9.24E+00,2.03E+01,8.62E+01,1.64E+02
319,-19.9816,73.3664,7.73E+00,1.63E+01,7.91E+01,1.07E+02
320,-13.3232,73.3738,7.81E+00,1.71E+01,8.15E+01,9.65E+01
321,-6.66458,73.3778,7.85E+00,1.79E+01,8.43E+01,8.72E+01
322,-13.3238,80.0414,7.26E+00,1.60E+01,7.87E+01,9.18E+01
323,-13.3244,86.7088,6.72E+00,1.50E+01,7.62E+01,8.79E+01
324,-13.3251,93.3762,6.20E+00,1.42E+01,7.39E+01,8.47E+01
325,-19.9841,86.7036,6.66E+00,1.45E+01,7.40E+01,9.50E+01
326,-19.9829,80.0351,7.19E+00,1.54E+01,7.64E+01,1.00E+02
327,-19.9854,93.3717,6.15E+00,1.38E+01,7.18E+01,9.08E+01
328,-6.66464,86.7116,6.75E+00,1.55E+01,7.86E+01,8.12E+01
329,-6.6646,80.0447,7.29E+00,1.66E+01,8.13E+01,8.39E+01
330,-6.66471,93.3785,6.23E+00,1.46E+01,7.63E+01,7.88E+01
331,-13.3216,53.3715,9.57E+00,2.20E+01,9.36E+01,1.21E+02
332,-13.322,60.0389,8.96E+00,2.00E+01,8.87E+01,1.10E+02
333,-13.3226,66.7063,8.37E+00,1.84E+01,8.48E+01,1.03E+02
334,-19.9791,60.028,8.85E+00,1.89E+01,8.57E+01,1.26E+02
335,-19.9778,53.358,9.43E+00,2.06E+01,9.00E+01,1.42E+02
336,-19.9803,66.6974,8.28E+00,1.75E+01,8.21E+01,1.15E+02
337,-6.66463,60.0447,9.02E+00,2.12E+01,9.21E+01,9.60E+01
338,-6.66472,53.3787,9.64E+00,2.36E+01,9.75E+01,1.02E+02
339,-6.66459,66.7111,8.43E+00,1.94E+01,8.78E+01,9.11E+01
340,-46.6139,73.313,7.10E+00,1.75E+01,6.90E+01,1.55E+02
341,-39.9554,73.3284,7.30E+00,1.65E+01,7.18E+01,1.42E+02
342,-33.2975,73.343,7.47E+00,1.59E+01,7.43E+01,1.29E+02
343,-39.9588,80.0024,6.82E+00,1.53E+01,6.97E+01,1.29E+02
344,-39.9621,86.6754,6.35E+00,1.43E+01,6.77E+01,1.19E+02
345,-39.9654,93.3475,5.88E+00,1.36E+01,6.57E+01,1.11E+02
346,-46.6215,86.6631,6.20E+00,1.49E+01,6.55E+01,1.28E+02
347,-46.6176,79.9885,6.65E+00,1.61E+01,6.73E+01,1.40E+02
348,-46.6253,93.3367,5.76E+00,1.40E+01,6.37E+01,1.19E+02
349,-33.3029,86.6865,6.48E+00,1.41E+01,6.98E+01,1.11E+02
350,-33.3002,80.0152,6.97E+00,1.49E+01,7.20E+01,1.19E+02
351,-33.3055,93.3571,5.99E+00,1.34E+01,6.77E+01,1.04E+02
352,-39.9464,53.3,8.72E+00,2.23E+01,7.71E+01,2.08E+02
353,-39.9488,59.977,8.25E+00,2.00E+01,7.55E+01,1.80E+02
354,-39.952,66.6533,7.77E+00,1.80E+01,7.37E+01,1.58E+02
355,-46.608,59.9598,7.97E+00,2.13E+01,7.16E+01,1.96E+02
356,-46.6077,53.2836,8.40E+00,2.32E+01,7.29E+01,2.20E+02
357,-46.6104,66.6366,7.54E+00,1.93E+01,7.04E+01,1.74E+02
358,-33.2918,59.9955,8.49E+00,1.88E+01,7.93E+01,1.62E+02
359,-33.289,53.3198,9.00E+00,2.10E+01,8.18E+01,1.87E+02
360,-33.2946,66.6699,7.98E+00,1.72E+01,7.68E+01,1.43E+02
361,93.3279,46.6171,5.71E+00,1.54E+01,1.13E+02,3.88E+01
362,86.6529,46.6121,6.14E+00,1.62E+01,1.22E+02,3.75E+01
363,79.9768,46.607,6.57E+00,1.71E+01,1.33E+02,3.56E+01
364,73.2998,46.6019,7.00E+00,1.80E+01,1.47E+02,3.30E+01
365,66.6219,46.5971,7.43E+00,1.88E+01,1.64E+02,2.98E+01
366,59.9439,46.5932,7.85E+00,1.97E+01,1.85E+02,2.59E+01
367,53.2668,46.5915,8.26E+00,2.07E+01,2.06E+02,2.21E+01
368,46.5931,46.5944,8.65E+00,2.17E+01,2.22E+02,2.00E+01
369,39.9258,46.6046,9.02E+00,2.29E+01,2.22E+02,2.18E+01
370,33.2652,46.6223,9.36E+00,2.42E+01,2.07E+02,2.73E+01
371,26.6093,46.6446,9.65E+00,2.55E+01,1.82E+02,3.51E+01
372,19.9557,46.6681,9.91E+00,2.68E+01,1.57E+02,4.45E+01
373,13.3021,46.6892,1.01E+01,2.78E+01,1.36E+02,5.61E+01
374,6.64756,46.7051,1.02E+01,2.84E+01,1.21E+02,7.07E+01
375,53.2821,39.93,8.58E+00,2.17E+01,1.94E+02,2.67E+01
376,53.3017,33.2726,8.86E+00,2.27E+01,1.75E+02,3.29E+01
377,53.3227,26.6175,9.11E+00,2.37E+01,1.54E+02,4.02E+01
378,53.3428,19.963,9.32E+00,2.45E+01,1.36E+02,4.85E+01
379,53.3598,13.3081,9.48E+00,2.52E+01,1.21E+02,5.84E+01
380,53.3719,6.65219,9.59E+00,2.54E+01,1.10E+02,7.04E+01
381,79.9913,39.9485,6.75E+00,1.74E+01,1.22E+02,4.05E+01
382,80.0051,33.2904,6.91E+00,1.77E+01,1.12E+02,4.56E+01
383,80.0176,26.6322,7.04E+00,1.78E+01,1.04E+02,5.10E+01
384,80.028,19.9738,7.14E+00,1.79E+01,9.75E+01,5.67E+01
385,80.0362,13.3151,7.22E+00,1.78E+01,9.21E+01,6.28E+01
386,80.0416,6.65614,7.27E+00,1.76E+01,8.77E+01,6.94E+01
387,86.6888,26.6353,6.54E+00,1.67E+01,9.84E+01,5.20E+01
388,93.3592,26.6382,6.05E+00,1.57E+01,9.37E+01,5.24E+01
389,86.678,33.2943,6.43E+00,1.66E+01,1.05E+02,4.69E+01
390,86.6659,39.9531,6.29E+00,1.65E+01,1.13E+02,4.21E+01
391,93.35,33.2979,5.95E+00,1.56E+01,9.92E+01,4.78E+01
392,93.3394,39.9575,5.84E+00,1.55E+01,1.06E+02,4.32E+01
393,86.7045,13.3167,6.69E+00,1.66E+01,8.82E+01,6.27E+01
394,93.3726,13.3182,6.18E+00,1.55E+01,8.50E+01,6.23E+01
395,86.6977,19.9761,6.63E+00,1.67E+01,9.28E+01,5.72E+01
396,93.3668,19.9783,6.12E+00,1.56E+01,8.90E+01,5.73E+01
397,86.709,6.65707,6.74E+00,1.64E+01,8.44E+01,6.86E+01
398,93.3764,6.65795,6.21E+00,1.54E+01,8.16E+01,6.76E+01
399,59.9984,26.6216,8.58E+00,2.19E+01,1.35E+02,4.42E+01
400,66.6725,26.6254,8.06E+00,2.04E+01,1.22E+02,4.73E+01
401,73.3455,26.6289,7.54E+00,1.90E+01,1.12E+02,4.95E+01
402,66.656,33.2819,7.88E+00,2.00E+01,1.35E+02,4.10E+01
403,66.6387,39.9388,7.67E+00,1.94E+01,1.49E+02,3.52E+01
404,59.9795,33.2773,8.37E+00,2.13E+01,1.52E+02,3.74E+01
405,59.9607,39.934,8.13E+00,2.05E+01,1.70E+02,3.13E+01
406,73.3312,33.2863,7.39E+00,1.88E+01,1.22E+02,4.37E+01
407,73.3156,39.9437,7.21E+00,1.84E+01,1.34E+02,3.82E+01
408,66.7066,6.65419,8.39E+00,2.08E+01,9.63E+01,7.05E+01
409,66.6986,13.3118,8.32E+00,2.09E+01,1.03E+02,6.19E+01
410,66.6871,19.9688,8.21E+00,2.07E+01,1.11E+02,5.42E+01
411,60.0294,13.3099,8.89E+00,2.28E+01,1.11E+02,6.06E+01
412,60.0391,6.65319,8.98E+00,2.28E+01,1.02E+02,7.07E+01
413,60.0155,19.966,8.76E+00,2.25E+01,1.21E+02,5.19E+01
414,73.3675,13.3135,7.76E+00,1.92E+01,9.68E+01,6.26E+01
415,73.3741,6.65519,7.82E+00,1.91E+01,9.16E+01,7.00E+01
416,73.3579,19.9714,7.67E+00,1.92E+01,1.04E+02,5.58E+01
417,26.6058,39.966,1.02E+01,2.78E+01,2.18E+02,2.94E+01
418,26.6048,33.2875,1.07E+01,3.06E+01,2.59E+02,2.53E+01
419,26.6121,26.614,1.12E+01,3.40E+01,2.87E+02,2.61E+01
420,26.6351,19.9529,1.17E+01,3.83E+01,2.79E+02,3.23E+01
421,26.6697,13.3014,1.21E+01,4.35E+01,2.37E+02,4.13E+01
422,26.7034,6.65062,1.24E+01,4.81E+01,1.93E+02,5.94E+01
423,33.2872,26.608,1.07E+01,3.07E+01,2.57E+02,2.57E+01
424,39.9665,26.6096,1.02E+01,2.79E+01,2.15E+02,2.97E+01
425,46.6454,26.6133,9.65E+00,2.57E+01,1.80E+02,3.51E+01
426,39.9442,33.2669,9.83E+00,2.60E+01,2.37E+02,2.29E+01
427,39.9303,39.9318,9.44E+00,2.44E+01,2.40E+02,2.00E+01
428,33.2697,33.2713,1.03E+01,2.81E+01,2.61E+02,2.14E+01
429,33.264,39.9445,9.83E+00,2.60E+01,2.39E+02,2.25E+01
430,46.6228,33.2687,9.35E+00,2.43E+01,2.04E+02,2.77E+01
431,46.6044,39.9283,9.02E+00,2.29E+01,2.21E+02,2.21E+01
432,33.345,13.3022,1.14E+01,3.68E+01,1.89E+02,4.47E+01
433,40.0181,13.3041,1.07E+01,3.19E+01,1.57E+02,5.03E+01
434,46.6894,13.3061,1.01E+01,2.81E+01,1.36E+02,5.50E+01
435,39.9928,19.9564,1.05E+01,3.00E+01,1.85E+02,3.85E+01
436,33.3147,19.9535,1.11E+01,3.36E+01,2.26E+02,3.36E+01
437,46.6688,19.9598,9.90E+00,2.70E+01,1.56E+02,4.39E+01
438,40.0377,6.65045,1.09E+01,3.32E+01,1.36E+02,6.74E+01
439,33.3706,6.65009,1.16E+01,3.93E+01,1.58E+02,6.38E+01
440,46.7047,6.65126,1.02E+01,2.88E+01,1.21E+02,6.94E+01
441,6.64601,26.7033,1.24E+01,4.76E+01,1.96E+02,6.18E+01
442,13.2969,26.6694,1.21E+01,4.31E+01,2.41E+02,4.14E+01
443,19.9492,26.6355,1.17E+01,3.82E+01,2.81E+02,3.18E+01
444,13.2976,33.3445,1.14E+01,3.64E+01,1.91E+02,4.57E+01
445,13.2998,40.0176,1.07E+01,3.15E+01,1.58E+02,5.15E+01
446,6.64575,33.3707,1.16E+01,3.88E+01,1.59E+02,6.60E+01
447,6.64642,40.0379,1.09E+01,3.27E+01,1.36E+02,6.90E+01
448,19.9493,33.3142,1.11E+01,3.34E+01,2.29E+02,3.35E+01
449,19.9521,39.9921,1.05E+01,2.97E+01,1.87E+02,3.89E+01
450,6.66375,13.3719,1.40E+01,8.72E+01,3.43E+02,7.07E+01
451,13.3195,13.3217,1.34E+01,6.82E+01,3.46E+02,6.17E+01
452,19.9921,13.3038,1.28E+01,5.33E+01,3.02E+02,4.62E+01
453,13.3,19.9926,1.28E+01,5.30E+01,3.05E+02,4.50E+01
454,6.64968,20.036,1.32E+01,6.17E+01,2.54E+02,6.04E+01
455,19.96,19.962,1.22E+01,4.47E+01,3.17E+02,3.70E+01
456,13.3724,6.6678,1.40E+01,8.70E+01,3.35E+02,7.16E+01
457,6.71479,6.7143,1.49E+01,1.26E+02,4.71E+02,1.02E+02
458,20.0361,6.65423,1.32E+01,6.21E+01,2.49E+02,5.94E+01
459,53.2745,93.3147,5.56E+00,1.52E+01,1.23E+02,3.43E+01
460,53.2691,86.6385,5.97E+00,1.59E+01,1.33E+02,3.28E+01
461,53.2638,79.9615,6.38E+00,1.67E+01,1.46E+02,3.06E+01
462,53.259,73.284,6.78E+00,1.74E+01,1.61E+02,2.79E+01
463,53.2555,66.6068,7.17E+00,1.82E+01,1.79E+02,2.47E+01
464,53.2544,59.9311,7.55E+00,1.89E+01,1.95E+02,2.18E+01
465,53.2575,53.2586,7.91E+00,1.98E+01,2.07E+02,2.04E+01
466,59.9217,73.2718,6.52E+00,1.69E+01,1.71E+02,2.37E+01
467,66.5877,73.263,6.25E+00,1.63E+01,1.75E+02,2.09E+01
468,73.2574,73.2581,5.96E+00,1.58E+01,1.73E+02,1.97E+01
469,79.9304,73.2569,5.65E+00,1.53E+01,1.66E+02,2.01E+01
470,86.6055,73.2585,5.34E+00,1.48E+01,1.56E+02,2.13E+01
471,93.2818,73.262,5.01E+00,1.43E+01,1.45E+02,2.27E+01
472,73.2557,79.9304,5.65E+00,1.53E+01,1.67E+02,1.99E+01
473,73.2569,86.605,5.34E+00,1.48E+01,1.57E+02,2.10E+01
474,73.2602,93.2809,5.01E+00,1.43E+01,1.47E+02,2.24E+01
475,66.5922,86.6142,5.57E+00,1.52E+01,1.51E+02,2.44E+01
476,59.9298,86.6256,5.78E+00,1.56E+01,1.43E+02,2.84E+01
477,66.5889,79.9379,5.91E+00,1.58E+01,1.64E+02,2.25E+01
478,59.9251,79.9485,6.15E+00,1.62E+01,1.56E+02,2.62E+01
479,66.5968,93.291,5.21E+00,1.46E+01,1.40E+02,2.61E+01
480,59.9351,93.3025,5.39E+00,1.49E+01,1.31E+02,3.01E+01
481,86.5986,79.9255,5.09E+00,1.44E+01,1.59E+02,1.87E+01
482,86.5948,86.5952,4.83E+00,1.40E+01,1.57E+02,1.73E+01
483,86.5938,93.2674,4.56E+00,1.36E+01,1.53E+02,1.69E+01
484,79.9245,86.5985,5.09E+00,1.44E+01,1.59E+02,1.85E+01
485,79.9258,79.9263,5.38E+00,1.49E+01,1.65E+02,1.87E+01
486,79.9258,93.2729,4.79E+00,1.40E+01,1.51E+02,1.92E+01
487,93.2675,86.5946,4.56E+00,1.36E+01,1.52E+02,1.71E+01
488,93.2734,79.9271,4.79E+00,1.40E+01,1.50E+02,1.95E+01
489,93.2643,93.2646,4.31E+00,1.32E+01,1.51E+02,1.57E+01
490,73.2849,53.2616,6.77E+00,1.74E+01,1.59E+02,2.83E+01
491,73.2723,59.9238,6.52E+00,1.69E+01,1.69E+02,2.41E+01
492,73.2629,66.5891,6.25E+00,1.63E+01,1.74E+02,2.11E+01
493,66.5964,59.9222,6.88E+00,1.75E+01,1.83E+02,2.18E+01
494,59.9232,59.9241,7.22E+00,1.82E+01,1.94E+02,2.06E+01
495,66.6073,53.2579,7.17E+00,1.82E+01,1.77E+02,2.51E+01
496,59.9309,53.2563,7.55E+00,1.89E+01,1.94E+02,2.20E+01
497,66.5899,66.5907,6.57E+00,1.69E+01,1.83E+02,2.04E+01
498,59.9206,66.5965,6.88E+00,1.75E+01,1.85E+02,2.15E+01
499,93.3036,59.9374,5.39E+00,1.49E+01,1.29E+02,3.04E+01
500,86.6267,59.9321,5.77E+00,1.56E+01,1.41E+02,2.87E+01
501,79.9494,59.9274,6.15E+00,1.63E+01,1.54E+02,2.66E+01
502,86.6396,53.2716,5.97E+00,1.60E+01,1.31E+02,3.30E+01
503,93.3158,53.2769,5.56E+00,1.52E+01,1.21E+02,3.45E+01
504,79.9625,53.2664,6.37E+00,1.67E+01,1.44E+02,3.09E+01
505,86.615,66.5942,5.56E+00,1.52E+01,1.49E+02,2.47E+01
506,93.292,66.5989,5.21E+00,1.46E+01,1.38E+02,2.64E+01
507,79.9384,66.5907,5.91E+00,1.58E+01,1.62E+02,2.28E+01
508,26.636,93.359,6.05E+00,1.56E+01,9.43E+01,5.25E+01
509,26.6329,86.6884,6.54E+00,1.66E+01,9.90E+01,5.21E+01
510,26.6295,80.0171,7.04E+00,1.77E+01,1.05E+02,5.12E+01
511,26.6259,73.345,7.55E+00,1.89E+01,1.13E+02,4.97E+01
512,26.6221,66.6719,8.07E+00,2.03E+01,1.23E+02,4.75E+01
513,26.618,59.9976,8.59E+00,2.18E+01,1.37E+02,4.44E+01
514,26.6137,53.3219,9.12E+00,2.35E+01,1.56E+02,4.03E+01
515,33.2832,73.3304,7.40E+00,1.87E+01,1.23E+02,4.38E+01
516,39.9406,73.3146,7.21E+00,1.83E+01,1.36E+02,3.81E+01
517,46.599,73.2987,7.01E+00,1.79E+01,1.49E+02,3.28E+01
518,39.9457,79.9904,6.76E+00,1.73E+01,1.23E+02,4.05E+01
519,39.9505,86.6651,6.30E+00,1.64E+01,1.14E+02,4.21E+01
520,39.9551,93.3387,5.84E+00,1.55E+01,1.07E+02,4.32E+01
521,33.2917,86.6775,6.43E+00,1.65E+01,1.06E+02,4.70E+01
522,33.2876,80.0044,6.91E+00,1.76E+01,1.13E+02,4.57E+01
523,33.2956,93.3495,5.96E+00,1.56E+01,1.00E+02,4.78E+01
524,46.6095,86.6519,6.14E+00,1.62E+01,1.23E+02,3.73E+01
525,46.6042,79.9758,6.58E+00,1.70E+01,1.34E+02,3.54E+01
526,46.6147,93.327,5.71E+00,1.54E+01,1.14E+02,3.87E+01
527,33.2737,59.9786,8.38E+00,2.12E+01,1.54E+02,3.74E+01
528,39.9307,59.9598,8.13E+00,2.05E+01,1.72E+02,3.10E+01
529,46.5905,59.9433,7.85E+00,1.97E+01,1.87E+02,2.55E+01
530,39.9356,66.6377,7.67E+00,1.94E+01,1.51E+02,3.50E+01
531,33.2785,66.6551,7.89E+00,1.99E+01,1.36E+02,4.10E+01
532,46.5941,66.621,7.43E+00,1.88E+01,1.66E+02,2.95E+01
533,39.9269,53.2816,8.58E+00,2.16E+01,1.97E+02,2.62E+01
534,33.269,53.3008,8.87E+00,2.26E+01,1.77E+02,3.27E+01
535,46.5894,53.267,8.26E+00,2.07E+01,2.08E+02,2.17E+01
536,6.65259,73.3746,7.83E+00,1.89E+01,9.17E+01,7.04E+01
537,13.3108,73.3677,7.77E+00,1.90E+01,9.71E+01,6.30E+01
538,19.9685,73.3577,7.68E+00,1.90E+01,1.04E+02,5.61E+01
539,13.3127,80.0364,7.23E+00,1.77E+01,9.24E+01,6.31E+01
540,13.3145,86.7048,6.70E+00,1.65E+01,8.85E+01,6.29E+01
541,13.3162,93.3728,6.18E+00,1.54E+01,8.53E+01,6.25E+01
542,6.65493,86.7096,6.74E+00,1.63E+01,8.46E+01,6.87E+01
543,6.65378,80.0421,7.28E+00,1.75E+01,8.79E+01,6.96E+01
544,6.65603,93.3769,6.22E+00,1.52E+01,8.18E+01,6.77E+01
545,19.9738,86.6976,6.63E+00,1.66E+01,9.33E+01,5.74E+01
546,19.9713,80.0279,7.15E+00,1.77E+01,9.80E+01,5.70E+01
547,19.9762,93.3668,6.13E+00,1.55E+01,8.94E+01,5.74E+01
548,13.3044,53.3596,9.49E+00,2.49E+01,1.22E+02,5.92E+01
549,13.3066,60.0294,8.90E+00,2.26E+01,1.11E+02,6.12E+01
550,13.3088,66.6987,8.33E+00,2.06E+01,1.03E+02,6.24E+01
551,6.65008,60.0396,8.99E+00,2.26E+01,1.03E+02,7.14E+01
552,6.64879,53.3723,9.60E+00,2.51E+01,1.10E+02,7.13E+01
553,6.65135,66.7071,8.40E+00,2.05E+01,9.65E+01,7.10E+01
554,19.9625,60.015,8.77E+00,2.23E+01,1.22E+02,5.23E+01
555,19.9592,53.3422,9.33E+00,2.43E+01,1.37E+02,4.90E+01
556,19.9656,66.6868,8.22E+00,2.05E+01,1.12E+02,5.46E+01
557,0.000433997,-93.3793,6.24E+00,1.50E+01,7.81E+01,7.24E+01
558,0.000535315,-86.7125,6.76E+00,1.60E+01,8.06E+01,7.38E+01
559,0.000653884,-80.0456,7.31E+00,1.72E+01,8.35E+01,7.53E+01
560,0.000786785,-73.3787,7.86E+00,1.86E+01,8.68E+01,7.68E+01
561,0.000925939,-66.7122,8.44E+00,2.04E+01,9.07E+01,7.84E+01
562,0.00106839,-60.0458,9.04E+00,2.25E+01,9.55E+01,8.02E+01
563,0.00119013,-53.3799,9.66E+00,2.51E+01,1.02E+02,8.22E+01
564,0.00128204,-46.7147,1.03E+01,2.86E+01,1.10E+02,8.45E+01
565,0.00126958,-40.0503,1.10E+01,3.32E+01,1.21E+02,8.73E+01
566,0.00108567,-33.3871,1.17E+01,3.97E+01,1.37E+02,9.10E+01
567,0.000384537,-26.7256,1.25E+01,4.94E+01,1.63E+02,9.73E+01
568,-0.00127413,-20.0671,1.34E+01,6.48E+01,2.07E+02,1.12E+02
569,-0.00605512,-13.4172,1.44E+01,9.43E+01,3.11E+02,1.40E+02
570,-0.0135609,-6.7661,1.55E+01,1.43E+02,5.15E+02,1.61E+02
571,-6.65547,-53.3742,9.61E+00,2.54E+01,1.09E+02,6.82E+01
572,-13.3112,-53.3623,9.50E+00,2.51E+01,1.19E+02,5.67E+01
573,-19.9659,-53.3453,9.34E+00,2.44E+01,1.34E+02,4.74E+01
574,-26.6202,-53.3251,9.13E+00,2.35E+01,1.52E+02,3.95E+01
575,-33.2748,-53.3037,8.88E+00,2.26E+01,1.73E+02,3.25E+01
576,-39.9317,-53.2838,8.59E+00,2.15E+01,1.93E+02,2.63E+01
577,-46.5929,-53.2681,8.27E+00,2.05E+01,2.06E+02,2.17E+01
578,-53.2597,-53.2587,7.93E+00,1.96E+01,2.06E+02,2.00E+01
579,-59.9322,-53.2556,7.56E+00,1.88E+01,1.95E+02,2.14E+01
580,-66.6081,-53.2568,7.18E+00,1.80E+01,1.78E+02,2.45E+01
581,-73.2853,-53.2605,6.78E+00,1.73E+01,1.60E+02,2.77E+01
582,-79.9629,-53.2653,6.38E+00,1.66E+01,1.45E+02,3.04E+01
583,-86.64,-53.2706,5.98E+00,1.58E+01,1.32E+02,3.26E+01
584,-93.3161,-53.2761,5.56E+00,1.51E+01,1.22E+02,3.42E+01
585,-46.5947,-59.9453,7.86E+00,1.96E+01,1.84E+02,2.56E+01
586,-46.5987,-66.6235,7.44E+00,1.87E+01,1.63E+02,2.95E+01
587,-46.6036,-73.3013,7.01E+00,1.78E+01,1.45E+02,3.28E+01
588,-46.6087,-79.9784,6.58E+00,1.70E+01,1.31E+02,3.54E+01
589,-46.6138,-86.6545,6.15E+00,1.62E+01,1.20E+02,3.73E+01
590,-46.6187,-93.3294,5.71E+00,1.53E+01,1.12E+02,3.86E+01
591,-19.9688,-60.0179,8.78E+00,2.24E+01,1.20E+02,5.08E+01
592,-19.9715,-66.6894,8.22E+00,2.06E+01,1.10E+02,5.33E+01
593,-19.9739,-73.3599,7.68E+00,1.91E+01,1.02E+02,5.50E+01
594,-19.9762,-80.03,7.15E+00,1.78E+01,9.66E+01,5.60E+01
595,-19.9783,-86.6995,6.64E+00,1.66E+01,9.20E+01,5.66E+01
596,-19.9803,-93.3684,6.13E+00,1.55E+01,8.83E+01,5.68E+01
597,-13.316,-73.3695,7.78E+00,1.91E+01,9.59E+01,6.16E+01
598,-6.6578,-73.3759,7.84E+00,1.90E+01,9.08E+01,6.88E+01
599,-13.3145,-66.7009,8.33E+00,2.08E+01,1.02E+02,6.07E+01
600,-13.3129,-60.0318,8.91E+00,2.27E+01,1.09E+02,5.91E+01
601,-6.65703,-66.7086,8.41E+00,2.07E+01,9.54E+01,6.90E+01
602,-6.65625,-60.0414,9.00E+00,2.28E+01,1.01E+02,6.88E+01
603,-13.3189,-86.7063,6.70E+00,1.65E+01,8.75E+01,6.20E+01
604,-6.65928,-86.7106,6.75E+00,1.63E+01,8.38E+01,6.77E+01
605,-13.3175,-80.038,7.23E+00,1.77E+01,9.13E+01,6.20E+01
606,-6.65855,-80.0433,7.28E+00,1.76E+01,8.70E+01,6.84E+01
607,-13.3202,-93.3741,6.19E+00,1.54E+01,8.44E+01,6.18E+01
608,-6.65997,-93.3778,6.22E+00,1.52E+01,8.10E+01,6.70E+01
609,-39.9457,-73.3174,7.22E+00,1.83E+01,1.32E+02,3.79E+01
610,-33.2884,-73.3331,7.40E+00,1.87E+01,1.21E+02,4.32E+01
611,-26.6313,-73.3476,7.56E+00,1.89E+01,1.11E+02,4.89E+01
612,-33.2841,-66.6581,7.89E+00,1.99E+01,1.33E+02,4.05E+01
613,-33.2795,-59.9816,8.39E+00,2.11E+01,1.50E+02,3.70E+01
614,-39.9407,-66.6405,7.68E+00,1.93E+01,1.48E+02,3.48E+01
615,-39.9359,-59.9625,8.14E+00,2.04E+01,1.68E+02,3.10E+01
616,-26.6279,-66.6748,8.07E+00,2.03E+01,1.20E+02,4.66E+01
617,-26.6242,-60.0007,8.60E+00,2.18E+01,1.34E+02,4.35E+01
618,-33.2997,-93.3516,5.96E+00,1.55E+01,9.83E+01,4.75E+01
619,-33.2962,-86.6799,6.43E+00,1.65E+01,1.04E+02,4.66E+01
620,-33.2924,-80.007,6.92E+00,1.75E+01,1.11E+02,4.52E+01
621,-39.9549,-86.6677,6.30E+00,1.64E+01,1.12E+02,4.19E+01
622,-39.9592,-93.341,5.84E+00,1.54E+01,1.05E+02,4.30E+01
623,-39.9504,-79.9931,6.76E+00,1.73E+01,1.21E+02,4.02E+01
624,-26.6374,-86.6906,6.55E+00,1.66E+01,9.74E+01,5.15E+01
625,-26.6402,-93.3609,6.05E+00,1.55E+01,9.29E+01,5.21E+01
626,-26.6345,-80.0195,7.05E+00,1.77E+01,1.03E+02,5.05E+01
627,-73.2728,-59.9228,6.53E+00,1.68E+01,1.70E+02,2.35E+01
628,-73.2637,-66.5886,6.26E+00,1.63E+01,1.75E+02,2.06E+01
629,-73.2587,-73.2581,5.96E+00,1.58E+01,1.73E+02,1.94E+01
630,-73.2575,-79.931,5.66E+00,1.53E+01,1.66E+02,1.98E+01
631,-73.2591,-86.6062,5.34E+00,1.48E+01,1.55E+02,2.10E+01
632,-73.2626,-93.2825,5.01E+00,1.43E+01,1.44E+02,2.25E+01
633,-66.5899,-73.2637,6.26E+00,1.63E+01,1.74E+02,2.08E+01
634,-59.9248,-73.2733,6.53E+00,1.68E+01,1.68E+02,2.38E+01
635,-53.2629,-73.2862,6.78E+00,1.73E+01,1.58E+02,2.80E+01
636,-59.9231,-66.5974,6.89E+00,1.74E+01,1.83E+02,2.14E+01
637,-59.9251,-59.9242,7.23E+00,1.81E+01,1.93E+02,2.02E+01
638,-66.5915,-66.5908,6.58E+00,1.68E+01,1.82E+02,2.00E+01
639,-66.5974,-59.9216,6.89E+00,1.74E+01,1.84E+02,2.12E+01
640,-53.259,-66.6086,7.18E+00,1.81E+01,1.76E+02,2.48E+01
641,-53.2573,-59.9321,7.56E+00,1.88E+01,1.94E+02,2.17E+01
642,-59.9385,-93.3047,5.39E+00,1.49E+01,1.28E+02,3.03E+01
643,-59.9333,-86.6279,5.78E+00,1.56E+01,1.40E+02,2.86E+01
644,-59.9285,-79.9505,6.16E+00,1.62E+01,1.53E+02,2.64E+01
645,-66.5951,-86.616,5.57E+00,1.52E+01,1.49E+02,2.45E+01
646,-66.5999,-93.293,5.21E+00,1.46E+01,1.37E+02,2.63E+01
647,-66.5915,-79.9392,5.92E+00,1.57E+01,1.61E+02,2.26E+01
648,-53.273,-86.641,5.97E+00,1.59E+01,1.30E+02,3.28E+01
649,-53.2783,-93.3171,5.56E+00,1.51E+01,1.20E+02,3.44E+01
650,-53.2678,-79.9639,6.38E+00,1.66E+01,1.43E+02,3.07E+01
651,-93.2817,-73.2611,5.01E+00,1.43E+01,1.46E+02,2.22E+01
652,-86.6057,-73.2578,5.34E+00,1.48E+01,1.57E+02,2.08E+01
653,-79.931,-73.2564,5.66E+00,1.53E+01,1.66E+02,1.96E+01
654,-86.6152,-66.5933,5.57E+00,1.52E+01,1.51E+02,2.42E+01
655,-86.6269,-59.9311,5.78E+00,1.55E+01,1.42E+02,2.82E+01
656,-93.292,-66.598,5.21E+00,1.46E+01,1.39E+02,2.60E+01
657,-93.3037,-59.9365,5.39E+00,1.49E+01,1.30E+02,3.00E+01
658,-79.9387,-66.5899,5.92E+00,1.57E+01,1.63E+02,2.22E+01
659,-79.9496,-59.9264,6.16E+00,1.62E+01,1.55E+02,2.60E+01
660,-86.595,-93.2679,4.56E+00,1.36E+01,1.52E+02,1.68E+01
661,-86.5956,-86.5953,4.83E+00,1.40E+01,1.57E+02,1.70E+01
662,-86.5991,-79.9251,5.09E+00,1.44E+01,1.59E+02,1.83E+01
663,-93.2678,-86.5944,4.56E+00,1.36E+01,1.53E+02,1.67E+01
664,-93.2649,-93.2647,4.31E+00,1.33E+01,1.51E+02,1.54E+01
665,-93.2735,-79.9265,4.79E+00,1.40E+01,1.51E+02,1.90E+01
666,-79.9259,-86.5992,5.09E+00,1.44E+01,1.58E+02,1.84E+01
667,-79.9276,-93.2739,4.79E+00,1.40E+01,1.50E+02,1.93E+01
668,-79.9268,-79.9264,5.38E+00,1.48E+01,1.65E+02,1.84E+01
669,-46.708,-6.65117,1.03E+01,2.84E+01,1.19E+02,6.79E+01
670,-46.6922,-13.3055,1.01E+01,2.77E+01,1.34E+02,5.42E+01
671,-46.6709,-19.9589,9.93E+00,2.66E+01,1.55E+02,4.33E+01
672,-46.6471,-26.6121,9.67E+00,2.53E+01,1.80E+02,3.45E+01
673,-46.6242,-33.2673,9.37E+00,2.40E+01,2.05E+02,2.70E+01
674,-46.6062,-39.9274,9.04E+00,2.27E+01,2.21E+02,2.14E+01
675,-46.5958,-46.5945,8.67E+00,2.16E+01,2.21E+02,1.96E+01
676,-39.9683,-26.6083,1.02E+01,2.76E+01,2.16E+02,2.91E+01
677,-33.2894,-26.607,1.07E+01,3.04E+01,2.57E+02,2.55E+01
678,-26.6159,-26.6141,1.12E+01,3.38E+01,2.86E+02,2.69E+01
679,-19.9552,-26.6373,1.17E+01,3.81E+01,2.78E+02,3.33E+01
680,-13.3046,-26.6724,1.21E+01,4.33E+01,2.36E+02,4.14E+01
681,-6.65444,-26.7062,1.24E+01,4.82E+01,1.91E+02,5.65E+01
682,-26.6378,-19.9517,1.17E+01,3.80E+01,2.79E+02,3.27E+01
683,-26.6724,-13.3003,1.21E+01,4.30E+01,2.37E+02,4.12E+01
684,-26.707,-6.6503,1.24E+01,4.76E+01,1.90E+02,5.81E+01
685,-33.3477,-13.3013,1.14E+01,3.63E+01,1.87E+02,4.42E+01
686,-40.0208,-13.3034,1.08E+01,3.14E+01,1.55E+02,4.95E+01
687,-33.3168,-19.9522,1.11E+01,3.32E+01,2.26E+02,3.33E+01
688,-39.9949,-19.9553,1.05E+01,2.96E+01,1.84E+02,3.80E+01
689,-33.3742,-6.64989,1.16E+01,3.88E+01,1.55E+02,6.22E+01
690,-40.0411,-6.65031,1.09E+01,3.27E+01,1.34E+02,6.57E+01
691,-6.67025,-13.3729,1.40E+01,8.74E+01,3.38E+02,7.60E+01
692,-13.3237,-13.3213,1.34E+01,6.80E+01,3.45E+02,6.48E+01
693,-19.995,-13.3025,1.28E+01,5.28E+01,3.02E+02,4.68E+01
694,-13.3065,-19.9943,1.28E+01,5.30E+01,3.01E+02,4.82E+01
695,-6.65782,-20.0386,1.32E+01,6.22E+01,2.48E+02,5.81E+01
696,-19.9641,-19.9619,1.23E+01,4.44E+01,3.17E+02,3.87E+01
697,-13.3755,-6.66684,1.40E+01,8.65E+01,3.34E+02,7.24E+01
698,-6.71783,-6.714,1.49E+01,1.25E+02,4.68E+02,1.09E+02
699,-20.0396,-6.65365,1.32E+01,6.15E+01,2.47E+02,5.85E+01
700,-26.6159,-46.6478,9.67E+00,2.55E+01,1.78E+02,3.46E+01
701,-26.612,-39.9687,1.02E+01,2.78E+01,2.14E+02,2.94E+01
702,-26.6101,-33.2891,1.07E+01,3.05E+01,2.56E+02,2.60E+01
703,-33.2686,-39.9459,9.85E+00,2.59E+01,2.37E+02,2.28E+01
704,-39.9333,-39.9319,9.46E+00,2.42E+01,2.39E+02,1.97E+01
705,-33.2707,-46.6247,9.37E+00,2.41E+01,2.03E+02,2.74E+01
706,-39.9298,-46.6059,9.03E+00,2.28E+01,2.20E+02,2.18E+01
707,-33.273,-33.2714,1.03E+01,2.79E+01,2.61E+02,2.14E+01
708,-39.9462,-33.2659,9.85E+00,2.58E+01,2.38E+02,2.24E+01
709,-13.3094,-46.6922,1.01E+01,2.80E+01,1.34E+02,5.33E+01
710,-13.3075,-40.0209,1.08E+01,3.18E+01,1.55E+02,4.86E+01
711,-13.3056,-33.3478,1.14E+01,3.67E+01,1.87E+02,4.35E+01
712,-19.9593,-39.9954,1.05E+01,2.98E+01,1.83E+02,3.78E+01
713,-19.9628,-46.6714,9.92E+00,2.69E+01,1.54E+02,4.29E+01
714,-19.9563,-33.3171,1.11E+01,3.34E+01,2.25E+02,3.36E+01
715,-6.65415,-40.0404,1.09E+01,3.32E+01,1.34E+02,6.43E+01
716,-6.65476,-46.7073,1.03E+01,2.88E+01,1.19E+02,6.68E+01
717,-6.6539,-33.3734,1.16E+01,3.93E+01,1.56E+02,6.05E+01
718,-73.3765,-6.65525,7.85E+00,1.88E+01,9.09E+01,6.91E+01
719,-73.3697,-13.3134,7.79E+00,1.89E+01,9.61E+01,6.19E+01
720,-73.3598,-19.9711,7.69E+00,1.89E+01,1.03E+02,5.52E+01
721,-73.3471,-26.6284,7.56E+00,1.88E+01,1.11E+02,4.90E+01
722,-73.3324,-33.2855,7.41E+00,1.86E+01,1.22E+02,4.33E+01
723,-73.3164,-39.9427,7.23E+00,1.82E+01,1.34E+02,3.78E+01
724,-73.3003,-46.6008,7.02E+00,1.78E+01,1.47E+02,3.26E+01
725,-66.6742,-26.6248,8.08E+00,2.02E+01,1.21E+02,4.68E+01
726,-60,-26.6208,8.61E+00,2.17E+01,1.35E+02,4.37E+01
727,-53.3243,-26.6165,9.14E+00,2.34E+01,1.54E+02,3.96E+01
728,-66.7011,-13.3116,8.35E+00,2.06E+01,1.02E+02,6.11E+01
729,-60.0319,-13.3097,8.92E+00,2.25E+01,1.10E+02,5.97E+01
730,-53.3623,-13.3077,9.51E+00,2.48E+01,1.20E+02,5.75E+01
731,-60.042,-6.65319,9.01E+00,2.25E+01,1.01E+02,6.95E+01
732,-66.7093,-6.65423,8.42E+00,2.05E+01,9.55E+01,6.95E+01
733,-53.3749,-6.65214,9.63E+00,2.51E+01,1.09E+02,6.91E+01
734,-60.0175,-19.9655,8.78E+00,2.22E+01,1.21E+02,5.12E+01
735,-66.6891,-19.9684,8.23E+00,2.04E+01,1.10E+02,5.36E+01
736,-53.3449,-19.9623,9.35E+00,2.42E+01,1.35E+02,4.78E+01
737,-59.9448,-46.5921,7.87E+00,1.96E+01,1.86E+02,2.52E+01
738,-59.9616,-39.9327,8.14E+00,2.03E+01,1.70E+02,3.06E+01
739,-59.9807,-33.2761,8.39E+00,2.10E+01,1.52E+02,3.69E+01
740,-66.6396,-39.9377,7.69E+00,1.92E+01,1.50E+02,3.47E+01
741,-66.6226,-46.5959,7.44E+00,1.87E+01,1.65E+02,2.92E+01
742,-66.6573,-33.2809,7.90E+00,1.98E+01,1.35E+02,4.05E+01
743,-53.2833,-39.9288,8.60E+00,2.15E+01,1.95E+02,2.59E+01
744,-53.2683,-46.5908,8.27E+00,2.05E+01,2.07E+02,2.13E+01
745,-53.3029,-33.2713,8.89E+00,2.25E+01,1.75E+02,3.23E+01
746,-93.3606,-26.638,6.06E+00,1.55E+01,9.34E+01,5.21E+01
747,-86.6903,-26.6351,6.55E+00,1.65E+01,9.81E+01,5.16E+01
748,-80.0191,-26.6319,7.06E+00,1.76E+01,1.04E+02,5.06E+01
749,-86.6994,-19.976,6.65E+00,1.65E+01,9.24E+01,5.68E+01
750,-86.7065,-13.3167,6.71E+00,1.64E+01,8.78E+01,6.22E+01
751,-86.7112,-6.65719,6.76E+00,1.62E+01,8.40E+01,6.79E+01
752,-93.3743,-13.3182,6.19E+00,1.53E+01,8.47E+01,6.19E+01
753,-93.3684,-19.9783,6.14E+00,1.54E+01,8.87E+01,5.69E+01
754,-93.3783,-6.6581,6.23E+00,1.51E+01,8.13E+01,6.71E+01
755,-80.0382,-13.3151,7.24E+00,1.76E+01,9.15E+01,6.22E+01
756,-80.0299,-19.9736,7.16E+00,1.76E+01,9.71E+01,5.62E+01
757,-80.0439,-6.65624,7.29E+00,1.74E+01,8.71E+01,6.86E+01
758,-86.6535,-46.6113,6.15E+00,1.61E+01,1.22E+02,3.71E+01
759,-86.6668,-39.9525,6.31E+00,1.63E+01,1.13E+02,4.18E+01
760,-86.6793,-33.2938,6.44E+00,1.64E+01,1.05E+02,4.66E+01
761,-93.3403,-39.957,5.85E+00,1.54E+01,1.06E+02,4.29E+01
762,-93.3285,-46.6164,5.71E+00,1.53E+01,1.13E+02,3.85E+01
763,-93.3511,-33.2975,5.96E+00,1.54E+01,9.91E+01,4.75E+01
764,-79.9922,-39.9477,6.77E+00,1.72E+01,1.22E+02,4.01E+01
765,-79.9774,-46.6061,6.58E+00,1.69E+01,1.33E+02,3.52E+01
766,-80.0063,-33.2898,6.92E+00,1.75E+01,1.12E+02,4.52E+01
767,93.3238,-53.284,5.60E+00,1.48E+01,6.14E+01,1.28E+02
768,86.6489,-53.2798,6.02E+00,1.59E+01,6.31E+01,1.39E+02
769,79.9732,-53.2758,6.44E+00,1.72E+01,6.46E+01,1.52E+02
770,73.2968,-53.2723,6.86E+00,1.87E+01,6.60E+01,1.69E+02
771,66.6203,-53.2698,7.26E+00,2.05E+01,6.71E+01,1.87E+02
772,59.9447,-53.2695,7.65E+00,2.21E+01,6.83E+01,2.06E+02
773,53.2718,-53.2731,8.03E+00,2.32E+01,7.00E+01,2.20E+02
774,46.6039,-53.2825,8.38E+00,2.32E+01,7.29E+01,2.22E+02
775,39.9414,-53.2979,8.70E+00,2.23E+01,7.68E+01,2.10E+02
776,33.283,-53.3171,8.99E+00,2.11E+01,8.13E+01,1.89E+02
777,26.627,-53.3374,9.23E+00,2.05E+01,8.55E+01,1.65E+02
778,19.9713,-53.3559,9.42E+00,2.09E+01,8.93E+01,1.42E+02
779,13.3152,-53.3702,9.56E+00,2.24E+01,9.28E+01,1.19E+02
780,6.6583,-53.3785,9.64E+00,2.40E+01,9.66E+01,9.93E+01
781,53.2675,-59.9451,7.66E+00,2.21E+01,6.81E+01,2.07E+02
782,53.2674,-66.6201,7.26E+00,2.05E+01,6.68E+01,1.89E+02
783,53.2697,-73.2962,6.86E+00,1.87E+01,6.56E+01,1.70E+02
784,53.2732,-79.9724,6.45E+00,1.71E+01,6.42E+01,1.53E+02
785,53.2773,-86.6481,6.03E+00,1.57E+01,6.27E+01,1.40E+02
786,53.2817,-93.323,5.61E+00,1.46E+01,6.11E+01,1.29E+02
787,59.9325,-73.2837,6.61E+00,1.97E+01,6.27E+01,1.80E+02
788,66.5986,-73.2744,6.34E+00,2.02E+01,6.02E+01,1.84E+02
789,73.2682,-73.2688,6.04E+00,2.01E+01,5.82E+01,1.82E+02
790,79.9408,-73.2668,5.73E+00,1.94E+01,5.68E+01,1.74E+02
791,86.6153,-73.2675,5.40E+00,1.84E+01,5.57E+01,1.63E+02
792,93.2908,-73.27,5.07E+00,1.73E+01,5.45E+01,1.52E+02
793,73.2743,-66.6001,6.33E+00,2.02E+01,6.03E+01,1.83E+02
794,73.2841,-59.9347,6.61E+00,1.97E+01,6.30E+01,1.78E+02
795,59.9325,-66.6092,6.98E+00,2.11E+01,6.39E+01,1.95E+02
796,59.9362,-59.9372,7.32E+00,2.20E+01,6.57E+01,2.05E+02
797,66.6017,-66.6026,6.66E+00,2.10E+01,6.18E+01,1.92E+02
798,66.6089,-59.9342,6.97E+00,2.11E+01,6.41E+01,1.94E+02
799,86.625,-66.6031,5.63E+00,1.78E+01,5.81E+01,1.57E+02
800,86.6364,-59.9407,5.84E+00,1.68E+01,6.06E+01,1.49E+02
801,79.9491,-66.6006,5.99E+00,1.91E+01,5.92E+01,1.70E+02
802,79.9602,-59.9371,6.23E+00,1.82E+01,6.19E+01,1.63E+02
803,93.301,-66.6067,5.26E+00,1.66E+01,5.69E+01,1.45E+02
804,93.3122,-59.9448,5.44E+00,1.57E+01,5.92E+01,1.37E+02
805,73.2683,-93.29,5.07E+00,1.72E+01,5.43E+01,1.53E+02
806,73.266,-86.6148,5.41E+00,1.84E+01,5.54E+01,1.64E+02
807,73.2657,-79.9407,5.73E+00,1.94E+01,5.67E+01,1.75E+02
808,66.6011,-86.6242,5.63E+00,1.77E+01,5.78E+01,1.58E+02
809,59.9384,-86.6356,5.84E+00,1.67E+01,6.03E+01,1.50E+02
810,66.6046,-93.3,5.27E+00,1.64E+01,5.66E+01,1.46E+02
811,59.9426,-93.3112,5.45E+00,1.55E+01,5.89E+01,1.38E+02
812,66.5988,-79.9487,5.99E+00,1.90E+01,5.89E+01,1.72E+02
813,59.9348,-79.9595,6.23E+00,1.82E+01,6.15E+01,1.64E+02
814,93.2762,-86.6028,4.62E+00,1.80E+01,5.03E+01,1.59E+02
815,86.6037,-86.6041,4.90E+00,1.85E+01,5.17E+01,1.64E+02
816,79.9335,-86.608,5.16E+00,1.86E+01,5.34E+01,1.66E+02
817,86.6021,-93.2759,4.62E+00,1.80E+01,5.02E+01,1.59E+02
818,93.2725,-93.2726,4.38E+00,1.78E+01,4.86E+01,1.57E+02
819,79.934,-93.2818,4.86E+00,1.77E+01,5.21E+01,1.58E+02
820,86.6081,-79.9344,5.16E+00,1.87E+01,5.35E+01,1.66E+02
821,93.2824,-79.9353,4.85E+00,1.79E+01,5.23E+01,1.57E+02
822,79.9356,-79.9361,5.45E+00,1.93E+01,5.49E+01,1.72E+02
823,26.6295,-60.0107,8.68E+00,1.86E+01,8.20E+01,1.44E+02
824,26.632,-66.6829,8.14E+00,1.71E+01,7.90E+01,1.29E+02
825,26.6345,-73.354,7.61E+00,1.59E+01,7.62E+01,1.17E+02
826,26.637,-80.0246,7.09E+00,1.50E+01,7.37E+01,1.09E+02
827,26.6394,-86.6946,6.58E+00,1.42E+01,7.14E+01,1.03E+02
828,26.6417,-93.364,6.08E+00,1.35E+01,6.92E+01,9.73E+01
829,33.2924,-73.3407,7.46E+00,1.59E+01,7.38E+01,1.30E+02
830,39.9504,-73.3259,7.29E+00,1.65E+01,7.13E+01,1.43E+02
831,46.6093,-73.3106,7.09E+00,1.75E+01,6.85E+01,1.57E+02
832,39.9468,-66.6508,7.76E+00,1.81E+01,7.33E+01,1.61E+02
833,39.9435,-59.9746,8.23E+00,2.01E+01,7.51E+01,1.83E+02
834,33.2892,-66.6674,7.97E+00,1.73E+01,7.62E+01,1.44E+02
835,33.286,-59.9929,8.48E+00,1.90E+01,7.87E+01,1.64E+02
836,46.6058,-66.6345,7.53E+00,1.93E+01,7.00E+01,1.76E+02
837,46.6036,-59.958,7.96E+00,2.13E+01,7.13E+01,1.99E+02
838,39.9615,-93.3456,5.88E+00,1.35E+01,6.52E+01,1.12E+02
839,39.9579,-86.6733,6.35E+00,1.43E+01,6.72E+01,1.20E+02
840,39.9542,-80.0001,6.82E+00,1.53E+01,6.93E+01,1.30E+02
841,33.2986,-86.6847,6.48E+00,1.41E+01,6.93E+01,1.11E+02
842,33.3016,-93.3555,5.99E+00,1.34E+01,6.72E+01,1.04E+02
843,33.2956,-80.0131,6.97E+00,1.49E+01,7.15E+01,1.19E+02
844,46.6173,-86.6609,6.20E+00,1.49E+01,6.50E+01,1.30E+02
845,46.6214,-93.3346,5.76E+00,1.39E+01,6.32E+01,1.20E+02
846,46.6132,-79.9862,6.64E+00,1.60E+01,6.68E+01,1.42E+02
847,6.6595,-73.3778,7.85E+00,1.80E+01,8.36E+01,8.56E+01
848,13.3181,-73.3732,7.81E+00,1.72E+01,8.09E+01,9.53E+01
849,19.9765,-73.3651,7.72E+00,1.65E+01,7.85E+01,1.06E+02
850,13.3171,-66.7056,8.37E+00,1.86E+01,8.42E+01,1.01E+02
851,13.3161,-60.0379,8.96E+00,2.03E+01,8.80E+01,1.09E+02
852,6.65907,-66.7111,8.43E+00,1.96E+01,8.71E+01,8.91E+01
853,6.65866,-60.0446,9.02E+00,2.16E+01,9.13E+01,9.35E+01
854,19.9748,-66.6959,8.28E+00,1.77E+01,8.15E+01,1.14E+02
855,19.973,-60.0262,8.84E+00,1.91E+01,8.51E+01,1.26E+02
856,13.3213,-93.3758,6.20E+00,1.43E+01,7.33E+01,8.42E+01
857,13.3202,-86.7084,6.72E+00,1.51E+01,7.56E+01,8.72E+01
858,13.3192,-80.0408,7.26E+00,1.61E+01,7.81E+01,9.09E+01
859,6.66041,-86.7117,6.76E+00,1.56E+01,7.80E+01,8.03E+01
860,6.66088,-93.3786,6.23E+00,1.47E+01,7.56E+01,7.82E+01
861,6.65995,-80.0447,7.30E+00,1.67E+01,8.06E+01,8.28E+01
862,19.9799,-86.7027,6.66E+00,1.46E+01,7.34E+01,9.46E+01
863,19.9816,-93.3709,6.15E+00,1.38E+01,7.12E+01,9.06E+01
864,19.9782,-80.034,7.19E+00,1.54E+01,7.59E+01,9.96E+01
865,53.377,-6.6617,9.63E+00,2.39E+01,9.76E+01,1.02E+02
866,53.3692,-13.3186,9.55E+00,2.22E+01,9.37E+01,1.22E+02
867,53.3555,-19.975,9.41E+00,2.08E+01,9.01E+01,1.43E+02
868,53.3375,-26.6307,9.22E+00,2.03E+01,8.63E+01,1.66E+02
869,53.3174,-33.2866,8.98E+00,2.10E+01,8.20E+01,1.89E+02
870,53.298,-39.9445,8.70E+00,2.23E+01,7.74E+01,2.09E+02
871,53.2821,-46.6062,8.38E+00,2.32E+01,7.32E+01,2.21E+02
872,60.0107,-26.633,8.67E+00,1.85E+01,8.27E+01,1.45E+02
873,66.6828,-26.6353,8.13E+00,1.71E+01,7.95E+01,1.29E+02
874,73.354,-26.6375,7.60E+00,1.60E+01,7.67E+01,1.18E+02
875,80.0245,-26.6397,7.08E+00,1.50E+01,7.41E+01,1.10E+02
876,86.6944,-26.6418,6.57E+00,1.43E+01,7.18E+01,1.03E+02
877,93.3638,-26.6439,6.07E+00,1.36E+01,6.95E+01,9.77E+01
878,73.3646,-19.9793,7.71E+00,1.65E+01,7.90E+01,1.07E+02
879,73.3722,-13.3208,7.79E+00,1.73E+01,8.15E+01,9.67E+01
880,73.3765,-6.66219,7.84E+00,1.81E+01,8.42E+01,8.71E+01
881,66.7046,-13.3201,8.36E+00,1.86E+01,8.48E+01,1.03E+02
882,60.0369,-13.3193,8.94E+00,2.02E+01,8.88E+01,1.11E+02
883,66.6954,-19.9779,8.26E+00,1.76E+01,8.21E+01,1.16E+02
884,60.0258,-19.9764,8.83E+00,1.90E+01,8.58E+01,1.27E+02
885,66.7097,-6.66199,8.41E+00,1.96E+01,8.78E+01,9.09E+01
886,60.0431,-6.66182,9.01E+00,2.15E+01,9.21E+01,9.57E+01
887,93.375,-13.3233,6.19E+00,1.44E+01,7.37E+01,8.49E+01
888,86.7075,-13.3225,6.71E+00,1.52E+01,7.61E+01,8.81E+01
889,80.0399,-13.3217,7.25E+00,1.61E+01,7.86E+01,9.19E+01
890,86.7021,-19.9822,6.65E+00,1.47E+01,7.39E+01,9.53E+01
891,93.3704,-19.9837,6.14E+00,1.40E+01,7.16E+01,9.11E+01
892,80.0335,-19.9808,7.18E+00,1.55E+01,7.63E+01,1.01E+02
893,86.7106,-6.66267,6.75E+00,1.57E+01,7.85E+01,8.12E+01
894,93.3776,-6.66293,6.22E+00,1.48E+01,7.61E+01,7.89E+01
895,80.0435,-6.66242,7.28E+00,1.68E+01,8.11E+01,8.39E+01
896,73.3114,-46.6122,7.08E+00,1.76E+01,6.89E+01,1.56E+02
897,73.3265,-39.9535,7.28E+00,1.65E+01,7.17E+01,1.43E+02
898,73.341,-33.2954,7.46E+00,1.60E+01,7.43E+01,1.30E+02
899,66.6513,-39.95,7.76E+00,1.81E+01,7.38E+01,1.60E+02
900,59.975,-39.9468,8.23E+00,2.00E+01,7.57E+01,1.82E+02
901,66.635,-46.6088,7.52E+00,1.93E+01,7.05E+01,1.75E+02
902,59.9582,-46.6064,7.96E+00,2.13E+01,7.18E+01,1.97E+02
903,66.6677,-33.2924,7.96E+00,1.73E+01,7.68E+01,1.44E+02
904,59.9932,-33.2894,8.47E+00,1.89E+01,7.94E+01,1.63E+02
905,93.3459,-39.9638,5.88E+00,1.37E+01,6.55E+01,1.12E+02
906,86.6737,-39.9604,6.34E+00,1.44E+01,6.76E+01,1.20E+02
907,80.0006,-39.957,6.81E+00,1.53E+01,6.96E+01,1.30E+02
908,86.6616,-46.6199,6.19E+00,1.50E+01,6.54E+01,1.29E+02
909,93.3352,-46.6238,5.75E+00,1.41E+01,6.35E+01,1.20E+02
910,79.9869,-46.616,6.64E+00,1.61E+01,6.72E+01,1.41E+02
911,86.6848,-33.3011,6.47E+00,1.42E+01,6.97E+01,1.11E+02
912,93.3556,-33.3038,5.98E+00,1.35E+01,6.75E+01,1.05E+02
913,80.0133,-33.2983,6.96E+00,1.50E+01,7.19E+01,1.19E+02
914,6.6589,-26.7209,1.25E+01,4.48E+01,1.47E+02,1.72E+02
915,13.3157,-26.6946,1.23E+01,3.80E+01,1.33E+02,2.59E+02
916,19.971,-26.6606,1.19E+01,3.37E+01,1.19E+02,3.20E+02
917,26.6343,-26.6365,1.14E+01,3.13E+01,1.08E+02,3.26E+02
918,33.3085,-26.6278,1.09E+01,2.87E+01,9.97E+01,2.87E+02
919,39.9862,-26.6271,1.03E+01,2.56E+01,9.46E+01,2.37E+02
920,46.6627,-26.6285,9.78E+00,2.27E+01,9.03E+01,1.96E+02
921,26.6594,-19.9745,1.19E+01,3.34E+01,1.21E+02,3.21E+02
922,26.6935,-13.3197,1.22E+01,3.73E+01,1.36E+02,2.64E+02
923,26.7192,-6.66303,1.25E+01,4.40E+01,1.49E+02,1.80E+02
924,20.0201,-13.3255,1.30E+01,4.46E+01,1.62E+02,3.58E+02
925,13.3473,-13.3489,1.37E+01,5.67E+01,2.08E+02,4.18E+02
926,6.67471,-13.3975,1.42E+01,7.78E+01,2.67E+02,3.15E+02
927,13.3223,-20.0215,1.30E+01,4.52E+01,1.60E+02,3.52E+02
928,19.9854,-19.9877,1.25E+01,3.80E+01,1.37E+02,3.75E+02
929,6.66232,-20.0591,1.33E+01,5.66E+01,1.83E+02,2.37E+02
930,13.3974,-6.67672,1.42E+01,7.64E+01,2.64E+02,3.30E+02
931,20.0576,-6.66617,1.33E+01,5.55E+01,1.86E+02,2.49E+02
932,6.71966,-6.71657,1.51E+01,1.15E+02,3.99E+02,2.77E+02
933,46.7015,-13.3181,1.02E+01,2.47E+01,1.00E+02,1.38E+02
934,40.0334,-13.3178,1.08E+01,2.79E+01,1.08E+02,1.61E+02
935,33.3643,-13.318,1.15E+01,3.20E+01,1.20E+02,2.00E+02
936,40.0116,-19.9724,1.06E+01,2.58E+01,1.02E+02,2.01E+02
937,46.6843,-19.9736,1.00E+01,2.30E+01,9.54E+01,1.66E+02
938,33.3366,-19.9722,1.13E+01,2.93E+01,1.10E+02,2.52E+02
939,40.0465,-6.66172,1.10E+01,3.10E+01,1.14E+02,1.24E+02
940,46.7114,-6.66164,1.03E+01,2.69E+01,1.05E+02,1.11E+02
941,33.3824,-6.66205,1.17E+01,3.64E+01,1.28E+02,1.44E+02
942,26.6246,-46.6627,9.78E+00,2.29E+01,8.93E+01,1.96E+02
943,26.6232,-39.9864,1.03E+01,2.58E+01,9.35E+01,2.37E+02
944,26.6245,-33.3094,1.09E+01,2.88E+01,9.88E+01,2.87E+02
945,13.3144,-46.7025,1.02E+01,2.50E+01,9.88E+01,1.35E+02
946,13.3138,-40.0343,1.09E+01,2.83E+01,1.07E+02,1.58E+02
947,13.3139,-33.3652,1.15E+01,3.25E+01,1.18E+02,1.96E+02
948,6.65786,-40.0482,1.10E+01,3.13E+01,1.13E+02,1.19E+02
949,6.65801,-46.7131,1.03E+01,2.72E+01,1.04E+02,1.07E+02
950,6.65802,-33.3841,1.17E+01,3.69E+01,1.26E+02,1.38E+02
951,19.9684,-40.0119,1.06E+01,2.61E+01,1.01E+02,1.99E+02
952,19.9697,-46.6847,1.00E+01,2.32E+01,9.44E+01,1.65E+02
953,19.9681,-33.3371,1.13E+01,2.96E+01,1.08E+02,2.51E+02
954,39.9418,-46.622,9.15E+00,2.46E+01,7.88E+01,2.40E+02
955,39.9479,-39.9497,9.59E+00,2.61E+01,8.21E+01,2.60E+02
956,39.9631,-33.2848,9.98E+00,2.62E+01,8.74E+01,2.60E+02
957,33.2818,-39.9639,9.99E+00,2.63E+01,8.68E+01,2.61E+02
958,33.2811,-46.6405,9.49E+00,2.37E+01,8.38E+01,2.23E+02
959,33.2893,-33.2912,1.05E+01,2.81E+01,9.17E+01,2.89E+02
960,46.6213,-39.9445,9.15E+00,2.45E+01,7.93E+01,2.38E+02
961,46.609,-46.6105,8.78E+00,2.45E+01,7.53E+01,2.38E+02
962,46.6404,-33.2846,9.49E+00,2.36E+01,8.46E+01,2.22E+02
1302,-99.9347,-106.19,3.59E+00,1.23E+01,1.41E+02,1.32E+01
1303,-99.9363,-112.447,3.35E+00,1.19E+01,1.36E+02,1.33E+01
1304,-99.9394,-118.705,3.09E+00,1.15E+01,1.31E+02,1.36E+01
1305,-99.9435,-124.963,2.83E+00,1.09E+01,1.25E+02,1.40E+01
1306,-93.2783,-124.97,2.97E+00,1.10E+01,1.22E+02,1.67E+01
1307,-86.6143,-124.977,3.09E+00,1.11E+01,1.18E+02,1.97E+01
1308,-79.9509,-124.985,3.21E+00,1.12E+01,1.13E+02,2.29E+01
1309,-73.288,-124.993,3.32E+00,1.12E+01,1.08E+02,2.63E+01
1310,-66.6256,-125.001,3.41E+00,1.12E+01,1.03E+02,2.98E+01
1311,-59.9632,-125.008,3.50E+00,1.12E+01,9.81E+01,3.33E+01
1312,-53.3008,-125.015,3.58E+00,1.12E+01,9.36E+01,3.68E+01
1313,-46.6386,-125.021,3.65E+00,1.12E+01,8.95E+01,4.04E+01
1314,-39.9762,-125.027,3.71E+00,1.12E+01,8.57E+01,4.39E+01
1315,-33.3137,-125.032,3.76E+00,1.12E+01,8.22E+01,4.75E+01
1316,-26.6511,-125.036,3.80E+00,1.12E+01,7.90E+01,5.11E+01
1317,-19.9884,-125.039,3.83E+00,1.11E+01,7.61E+01,5.47E+01
1318,-13.3256,-125.042,3.86E+00,1.11E+01,7.33E+01,5.84E+01
1319,-6.66272,-125.043,3.87E+00,1.10E+01,7.08E+01,6.21E+01
1320,0.000203118,-125.044,3.88E+00,1.10E+01,6.83E+01,6.59E+01
1321,6.66313,-125.044,3.87E+00,1.09E+01,6.60E+01,6.98E+01
1322,13.326,-125.042,3.86E+00,1.09E+01,6.39E+01,7.37E+01
1323,19.9889,-125.04,3.84E+00,1.08E+01,6.18E+01,7.77E+01
1324,26.6517,-125.037,3.81E+00,1.08E+01,5.99E+01,8.18E+01
1325,33.3144,-125.033,3.77E+00,1.08E+01,5.80E+01,8.60E+01
1326,39.977,-125.028,3.72E+00,1.10E+01,5.61E+01,9.04E+01
1327,46.6395,-125.023,3.67E+00,1.12E+01,5.43E+01,9.49E+01
1328,53.302,-125.017,3.60E+00,1.15E+01,5.26E+01,9.96E+01
1329,59.9645,-125.01,3.53E+00,1.19E+01,5.08E+01,1.05E+02
1330,66.6271,-125.003,3.45E+00,1.24E+01,4.91E+01,1.10E+02
1331,73.2899,-124.996,3.35E+00,1.29E+01,4.74E+01,1.15E+02
1332,79.9531,-124.988,3.25E+00,1.35E+01,4.57E+01,1.20E+02
1333,86.6169,-124.981,3.14E+00,1.40E+01,4.40E+01,1.24E+02
1334,93.2815,-124.974,3.02E+00,1.45E+01,4.23E+01,1.28E+02
1335,99.9472,-124.968,2.89E+00,1.48E+01,4.07E+01,1.32E+02
1336,99.9439,-118.71,3.15E+00,1.55E+01,4.19E+01,1.37E+02
1337,99.9417,-112.453,3.41E+00,1.62E+01,4.31E+01,1.42E+02
1338,99.9409,-106.197,3.65E+00,1.67E+01,4.43E+01,1.47E+02
1339,0.000204192,-118.795,4.33E+00,1.18E+01,7.01E+01,6.72E+01
1340,0.000231851,-112.546,4.79E+00,1.25E+01,7.19E+01,6.85E+01
1341,0.000278854,-106.296,5.25E+00,1.33E+01,7.38E+01,6.98E+01
1342,-53.2968,-118.761,3.97E+00,1.21E+01,9.70E+01,3.68E+01
1343,-53.2926,-112.506,4.36E+00,1.29E+01,1.01E+02,3.66E+01
1344,-53.2881,-106.249,4.76E+00,1.36E+01,1.06E+02,3.62E+01
1345,-79.9455,-118.727,3.54E+00,1.19E+01,1.18E+02,2.26E+01
1346,-79.9403,-112.468,3.86E+00,1.25E+01,1.25E+02,2.21E+01
1347,-79.9353,-106.209,4.17E+00,1.30E+01,1.32E+02,2.14E+01
1348,-86.6041,-112.46,3.70E+00,1.23E+01,1.30E+02,1.88E+01
1349,-93.2693,-112.453,3.53E+00,1.21E+01,1.34E+02,1.58E+01
1350,-86.609,-118.719,3.40E+00,1.18E+01,1.23E+02,1.93E+01
1351,-93.2735,-118.711,3.25E+00,1.16E+01,1.28E+02,1.63E+01
1352,-86.5999,-106.201,3.99E+00,1.28E+01,1.37E+02,1.81E+01
1353,-93.2662,-106.195,3.80E+00,1.25E+01,1.40E+02,1.53E+01
1354,-66.6206,-118.744,3.78E+00,1.20E+01,1.07E+02,2.96E+01
1355,-66.6155,-112.487,4.14E+00,1.27E+01,1.13E+02,2.92E+01
1356,-66.6103,-106.229,4.49E+00,1.34E+01,1.19E+02,2.86E+01
1357,-73.2776,-112.477,4.00E+00,1.26E+01,1.19E+02,2.56E+01
1358,-73.2828,-118.736,3.66E+00,1.20E+01,1.13E+02,2.61E+01
1359,-73.2722,-106.219,4.34E+00,1.32E+01,1.26E+02,2.49E+01
1360,-59.9539,-112.496,4.26E+00,1.28E+01,1.07E+02,3.29E+01
1361,-59.9586,-118.753,3.88E+00,1.21E+01,1.02E+02,3.32E+01
1362,-59.949,-106.239,4.63E+00,1.35E+01,1.12E+02,3.23E+01
1363,-26.6492,-118.786,4.24E+00,1.20E+01,8.12E+01,5.16E+01
1364,-26.6472,-112.534,4.67E+00,1.29E+01,8.35E+01,5.20E+01
1365,-26.645,-106.283,5.12E+00,1.37E+01,8.61E+01,5.22E+01
1366,-39.9732,-118.775,4.12E+00,1.21E+01,8.83E+01,4.41E+01
1367,-39.9701,-112.522,4.54E+00,1.29E+01,9.14E+01,4.42E+01
1368,-39.9667,-106.268,4.97E+00,1.37E+01,9.49E+01,4.41E+01
1369,-46.6313,-112.514,4.46E+00,1.29E+01,9.60E+01,4.04E+01
1370,-46.635,-118.768,4.05E+00,1.21E+01,9.25E+01,4.04E+01
1371,-46.6274,-106.259,4.87E+00,1.37E+01,1.00E+02,4.01E+01
1372,-33.3087,-112.529,4.62E+00,1.29E+01,8.72E+01,4.81E+01
1373,-33.3113,-118.781,4.18E+00,1.21E+01,8.46E+01,4.78E+01
1374,-33.306,-106.276,5.05E+00,1.37E+01,9.02E+01,4.81E+01
1375,-13.3246,-118.792,4.30E+00,1.19E+01,7.52E+01,5.93E+01
1376,-13.3236,-112.543,4.76E+00,1.27E+01,7.72E+01,6.01E+01
1377,-13.3226,-106.292,5.22E+00,1.36E+01,7.93E+01,6.08E+01
1378,-19.9855,-112.539,4.72E+00,1.28E+01,8.02E+01,5.60E+01
1379,-19.987,-118.79,4.27E+00,1.20E+01,7.80E+01,5.54E+01
1380,-19.9839,-106.288,5.17E+00,1.37E+01,8.25E+01,5.64E+01
1381,-6.66172,-112.545,4.78E+00,1.26E+01,7.44E+01,6.42E+01
1382,-6.66224,-118.794,4.32E+00,1.19E+01,7.26E+01,6.32E+01
1383,-6.66119,-106.295,5.24E+00,1.34E+01,7.64E+01,6.52E+01
1384,46.6362,-118.77,4.08E+00,1.17E+01,5.61E+01,9.84E+01
1385,46.6328,-112.517,4.49E+00,1.21E+01,5.78E+01,1.02E+02
1386,46.6292,-106.262,4.90E+00,1.26E+01,5.96E+01,1.07E+02
1387,19.9875,-118.79,4.28E+00,1.14E+01,6.36E+01,7.98E+01
1388,19.9861,-112.54,4.73E+00,1.20E+01,6.54E+01,8.20E+01
1389,19.9847,-106.29,5.19E+00,1.26E+01,6.72E+01,8.44E+01
1390,13.3242,-112.543,4.76E+00,1.22E+01,6.74E+01,7.74E+01
1391,6.66224,-112.545,4.78E+00,1.24E+01,6.96E+01,7.29E+01
1392,13.3251,-118.793,4.31E+00,1.15E+01,6.56E+01,7.55E+01
1393,6.66268,-118.794,4.33E+00,1.17E+01,6.78E+01,7.13E+01
1394,13.3233,-106.293,5.23E+00,1.28E+01,6.93E+01,7.94E+01
1395,6.66179,-106.295,5.25E+00,1.31E+01,7.15E+01,7.45E+01
1396,33.3121,-118.782,4.20E+00,1.14E+01,5.97E+01,8.87E+01
1397,33.3096,-112.531,4.64E+00,1.18E+01,6.15E+01,9.17E+01
1398,33.3071,-106.278,5.07E+00,1.23E+01,6.33E+01,9.52E+01
1399,26.6479,-112.536,4.69E+00,1.19E+01,6.34E+01,8.68E+01
1400,26.6498,-118.787,4.25E+00,1.14E+01,6.16E+01,8.42E+01
1401,26.646,-106.285,5.14E+00,1.24E+01,6.52E+01,8.97E+01
1402,39.9712,-112.524,4.57E+00,1.19E+01,5.96E+01,9.69E+01
1403,39.9742,-118.777,4.14E+00,1.14E+01,5.79E+01,9.34E+01
1404,39.9682,-106.271,4.99E+00,1.24E+01,6.14E+01,1.01E+02
1405,73.2851,-118.739,3.71E+00,1.36E+01,4.90E+01,1.20E+02
1406,73.2804,-112.482,4.05E+00,1.43E+01,5.05E+01,1.26E+02
1407,73.2759,-106.224,4.39E+00,1.51E+01,5.19E+01,1.34E+02
1408,59.9603,-118.756,3.91E+00,1.24E+01,5.25E+01,1.09E+02
1409,59.956,-112.5,4.29E+00,1.30E+01,5.42E+01,1.14E+02
1410,59.9516,-106.243,4.67E+00,1.37E+01,5.58E+01,1.20E+02
1411,53.2943,-112.509,4.40E+00,1.25E+01,5.60E+01,1.08E+02
1412,53.2982,-118.763,4.00E+00,1.20E+01,5.43E+01,1.04E+02
1413,53.2902,-106.253,4.79E+00,1.31E+01,5.77E+01,1.14E+02
1414,66.6179,-112.491,4.18E+00,1.36E+01,5.23E+01,1.20E+02
1415,66.6225,-118.747,3.81E+00,1.30E+01,5.08E+01,1.14E+02
1416,66.6133,-106.234,4.54E+00,1.44E+01,5.39E+01,1.27E+02
1417,86.6123,-118.723,3.45E+00,1.47E+01,4.54E+01,1.30E+02
1418,86.6082,-112.465,3.76E+00,1.55E+01,4.67E+01,1.37E+02
1419,86.6049,-106.207,4.05E+00,1.63E+01,4.78E+01,1.44E+02
1420,79.9438,-112.473,3.91E+00,1.50E+01,4.86E+01,1.32E+02
1421,79.9483,-118.731,3.59E+00,1.42E+01,4.72E+01,1.25E+02
1422,79.9397,-106.215,4.23E+00,1.58E+01,4.98E+01,1.40E+02
1423,93.2741,-112.458,3.59E+00,1.59E+01,4.48E+01,1.41E+02
1424,93.2774,-118.716,3.31E+00,1.52E+01,4.36E+01,1.34E+02
1425,93.272,-106.201,3.86E+00,1.67E+01,4.60E+01,1.47E+02
1426,99.9341,106.19,3.59E+00,1.21E+01,1.42E+02,1.34E+01
1427,99.9355,112.446,3.35E+00,1.17E+01,1.37E+02,1.33E+01
1428,99.9384,118.704,3.10E+00,1.12E+01,1.32E+02,1.36E+01
1429,99.9424,124.962,2.84E+00,1.06E+01,1.27E+02,1.40E+01
1430,93.2769,124.969,2.98E+00,1.08E+01,1.24E+02,1.66E+01
1431,86.6126,124.976,3.10E+00,1.10E+01,1.20E+02,1.95E+01
1432,79.949,124.983,3.22E+00,1.11E+01,1.15E+02,2.27E+01
1433,73.286,124.991,3.32E+00,1.12E+01,1.10E+02,2.60E+01
1434,66.6233,124.999,3.42E+00,1.12E+01,1.05E+02,2.94E+01
1435,59.9609,125.006,3.51E+00,1.13E+01,9.98E+01,3.30E+01
1436,53.2985,125.013,3.58E+00,1.13E+01,9.52E+01,3.65E+01
1437,46.6362,125.02,3.65E+00,1.13E+01,9.09E+01,4.01E+01
1438,39.9739,125.026,3.71E+00,1.13E+01,8.70E+01,4.37E+01
1439,33.3114,125.031,3.76E+00,1.13E+01,8.34E+01,4.73E+01
1440,26.6489,125.035,3.80E+00,1.12E+01,8.02E+01,5.10E+01
1441,19.9862,125.039,3.83E+00,1.12E+01,7.71E+01,5.46E+01
1442,13.3234,125.041,3.85E+00,1.12E+01,7.43E+01,5.83E+01
1443,6.66061,125.043,3.87E+00,1.11E+01,7.17E+01,6.20E+01
1444,-0.00227102,125.044,3.87E+00,1.11E+01,6.92E+01,6.58E+01
1445,-6.66517,125.043,3.87E+00,1.11E+01,6.69E+01,6.96E+01
1446,-13.328,125.042,3.86E+00,1.10E+01,6.48E+01,7.35E+01
1447,-19.9909,125.04,3.83E+00,1.10E+01,6.27E+01,7.74E+01
1448,-26.6537,125.037,3.80E+00,1.10E+01,6.07E+01,8.13E+01
1449,-33.3164,125.034,3.76E+00,1.11E+01,5.87E+01,8.54E+01
1450,-39.979,125.029,3.71E+00,1.12E+01,5.68E+01,8.96E+01
1451,-46.6416,125.024,3.65E+00,1.14E+01,5.50E+01,9.39E+01
1452,-53.304,125.018,3.59E+00,1.18E+01,5.32E+01,9.84E+01
1453,-59.9666,125.012,3.51E+00,1.22E+01,5.14E+01,1.03E+02
1454,-66.6292,125.005,3.43E+00,1.28E+01,4.96E+01,1.08E+02
1455,-73.292,124.997,3.34E+00,1.34E+01,4.78E+01,1.13E+02
1456,-79.9551,124.99,3.24E+00,1.40E+01,4.61E+01,1.18E+02
1457,-86.6187,124.983,3.12E+00,1.46E+01,4.44E+01,1.23E+02
1458,-93.2829,124.976,3.00E+00,1.50E+01,4.27E+01,1.27E+02
1459,-99.9482,124.969,2.87E+00,1.53E+01,4.11E+01,1.30E+02
1460,-99.9446,118.711,3.14E+00,1.58E+01,4.22E+01,1.36E+02
1461,-99.9422,112.454,3.40E+00,1.63E+01,4.33E+01,1.41E+02
1462,-99.9412,106.197,3.65E+00,1.68E+01,4.44E+01,1.46E+02
1463,-0.0026263,118.795,4.33E+00,1.19E+01,7.10E+01,6.72E+01
1464,-0.00300047,112.545,4.78E+00,1.26E+01,7.27E+01,6.87E+01
1465,-0.00339576,106.296,5.25E+00,1.33E+01,7.46E+01,7.01E+01
1466,53.2942,118.759,3.98E+00,1.21E+01,9.88E+01,3.66E+01
1467,53.2897,112.504,4.37E+00,1.29E+01,1.03E+02,3.64E+01
1468,53.2849,106.247,4.76E+00,1.37E+01,1.08E+02,3.60E+01
1469,79.9435,118.725,3.55E+00,1.18E+01,1.21E+02,2.24E+01
1470,79.9381,112.466,3.86E+00,1.24E+01,1.27E+02,2.19E+01
1471,79.9332,106.207,4.18E+00,1.30E+01,1.34E+02,2.12E+01
1472,86.6024,112.458,3.71E+00,1.22E+01,1.32E+02,1.87E+01
1473,93.2681,112.452,3.54E+00,1.20E+01,1.35E+02,1.58E+01
1474,86.6072,118.717,3.41E+00,1.16E+01,1.25E+02,1.92E+01
1475,93.2721,118.71,3.26E+00,1.15E+01,1.29E+02,1.62E+01
1476,86.5982,106.2,3.99E+00,1.27E+01,1.39E+02,1.80E+01
1477,93.2651,106.194,3.80E+00,1.24E+01,1.41E+02,1.53E+01
1478,66.6182,118.742,3.78E+00,1.20E+01,1.10E+02,2.93E+01
1479,66.6128,112.485,4.14E+00,1.27E+01,1.15E+02,2.89E+01
1480,66.6075,106.227,4.49E+00,1.34E+01,1.22E+02,2.83E+01
1481,73.2751,112.475,4.01E+00,1.26E+01,1.21E+02,2.54E+01
1482,73.2806,118.734,3.67E+00,1.19E+01,1.15E+02,2.58E+01
1483,73.2698,106.217,4.34E+00,1.32E+01,1.28E+02,2.47E+01
1484,59.9511,112.494,4.26E+00,1.29E+01,1.09E+02,3.26E+01
1485,59.9561,118.751,3.89E+00,1.21E+01,1.04E+02,3.29E+01
1486,59.9459,106.237,4.63E+00,1.36E+01,1.15E+02,3.21E+01
1487,26.6466,118.784,4.24E+00,1.21E+01,8.23E+01,5.16E+01
1488,26.6442,112.533,4.68E+00,1.29E+01,8.46E+01,5.21E+01
1489,26.6417,106.281,5.12E+00,1.38E+01,8.73E+01,5.24E+01
1490,39.9705,118.773,4.13E+00,1.22E+01,8.97E+01,4.40E+01
1491,39.967,112.52,4.55E+00,1.30E+01,9.28E+01,4.42E+01
1492,39.9634,106.266,4.97E+00,1.38E+01,9.65E+01,4.41E+01
1493,46.6283,112.512,4.46E+00,1.30E+01,9.76E+01,4.03E+01
1494,46.6324,118.766,4.06E+00,1.22E+01,9.40E+01,4.03E+01
1495,46.6241,106.257,4.87E+00,1.38E+01,1.02E+02,4.00E+01
1496,33.3057,112.527,4.62E+00,1.30E+01,8.85E+01,4.81E+01
1497,33.3086,118.779,4.19E+00,1.21E+01,8.58E+01,4.78E+01
1498,33.3026,106.274,5.05E+00,1.38E+01,9.16E+01,4.82E+01
1499,13.3221,118.792,4.30E+00,1.20E+01,7.62E+01,5.93E+01
1500,13.3208,112.542,4.75E+00,1.28E+01,7.81E+01,6.02E+01
1501,13.3194,106.291,5.21E+00,1.36E+01,8.02E+01,6.11E+01
1502,19.9826,112.538,4.72E+00,1.29E+01,8.12E+01,5.61E+01
1503,19.9844,118.789,4.27E+00,1.21E+01,7.91E+01,5.54E+01
1504,19.9806,106.287,5.17E+00,1.37E+01,8.35E+01,5.67E+01
1505,6.65893,112.544,4.78E+00,1.27E+01,7.53E+01,6.44E+01
1506,6.65979,118.794,4.32E+00,1.19E+01,7.35E+01,6.32E+01
1507,6.65804,106.294,5.24E+00,1.35E+01,7.73E+01,6.55E+01
1508,-46.6386,118.771,4.07E+00,1.19E+01,5.67E+01,9.74E+01
1509,-46.6355,112.518,4.48E+00,1.23E+01,5.84E+01,1.02E+02
1510,-46.6323,106.264,4.90E+00,1.28E+01,6.01E+01,1.06E+02
1511,-19.9899,118.791,4.28E+00,1.16E+01,6.43E+01,7.96E+01
1512,-19.9888,112.541,4.73E+00,1.21E+01,6.61E+01,8.19E+01
1513,-19.9877,106.29,5.19E+00,1.26E+01,6.79E+01,8.44E+01
1514,-13.327,112.543,4.76E+00,1.23E+01,6.82E+01,7.74E+01
1515,-6.66495,112.545,4.78E+00,1.24E+01,7.04E+01,7.30E+01
1516,-13.3275,118.793,4.30E+00,1.17E+01,6.64E+01,7.54E+01
1517,-6.66506,118.794,4.32E+00,1.18E+01,6.86E+01,7.13E+01
1518,-13.3263,106.294,5.22E+00,1.29E+01,6.99E+01,7.95E+01
1519,-6.66486,106.295,5.24E+00,1.31E+01,7.22E+01,7.48E+01
1520,-33.3144,118.783,4.19E+00,1.15E+01,6.04E+01,8.82E+01
1521,-33.3123,112.532,4.63E+00,1.20E+01,6.21E+01,9.13E+01
1522,-33.3102,106.28,5.07E+00,1.24E+01,6.39E+01,9.48E+01
1523,-26.6506,112.537,4.69E+00,1.20E+01,6.41E+01,8.65E+01
1524,-26.6521,118.787,4.24E+00,1.15E+01,6.23E+01,8.38E+01
1525,-26.6489,106.286,5.13E+00,1.25E+01,6.58E+01,8.95E+01
1526,-39.9739,112.525,4.56E+00,1.21E+01,6.02E+01,9.62E+01
1527,-39.9765,118.778,4.14E+00,1.16E+01,5.85E+01,9.27E+01
1528,-39.9713,106.272,4.99E+00,1.25E+01,6.20E+01,1.00E+02
1529,-73.2874,118.741,3.69E+00,1.40E+01,4.94E+01,1.19E+02
1530,-73.2828,112.484,4.04E+00,1.46E+01,5.09E+01,1.25E+02
1531,-73.2784,106.226,4.38E+00,1.54E+01,5.22E+01,1.32E+02
1532,-59.9627,118.757,3.90E+00,1.27E+01,5.30E+01,1.08E+02
1533,-59.9587,112.502,4.28E+00,1.33E+01,5.46E+01,1.13E+02
1534,-59.9546,106.245,4.67E+00,1.39E+01,5.62E+01,1.19E+02
1535,-53.2971,112.51,4.39E+00,1.27E+01,5.65E+01,1.07E+02
1536,-53.3007,118.765,3.99E+00,1.22E+01,5.48E+01,1.02E+02
1537,-53.2934,106.255,4.79E+00,1.33E+01,5.82E+01,1.12E+02
1538,-66.6205,112.493,4.17E+00,1.39E+01,5.28E+01,1.19E+02
1539,-66.625,118.749,3.80E+00,1.33E+01,5.12E+01,1.13E+02
1540,-66.6162,106.236,4.53E+00,1.46E+01,5.43E+01,1.26E+02
1541,-86.6141,118.725,3.44E+00,1.51E+01,4.57E+01,1.29E+02
1542,-86.6099,112.467,3.75E+00,1.58E+01,4.70E+01,1.35E+02
1543,-86.6064,106.208,4.04E+00,1.65E+01,4.81E+01,1.43E+02
1544,-79.9459,112.475,3.90E+00,1.53E+01,4.89E+01,1.31E+02
1545,-79.9504,118.733,3.57E+00,1.46E+01,4.75E+01,1.24E+02
1546,-79.9417,106.216,4.22E+00,1.60E+01,5.02E+01,1.38E+02
1547,-93.2753,112.459,3.58E+00,1.62E+01,4.51E+01,1.39E+02
1548,-93.2787,118.717,3.30E+00,1.56E+01,4.39E+01,1.33E+02
1549,-93.2728,106.202,3.85E+00,1.68E+01,4.62E+01,1.46E+02
1550,106.192,124.957,2.69E+00,1.04E+01,1.29E+02,1.19E+01
1551,112.444,124.954,2.54E+00,1.02E+01,1.29E+02,1.03E+01
1552,118.697,124.951,2.38E+00,9.84E+00,1.28E+02,9.24E+00
1553,124.951,124.95,2.20E+00,9.36E+00,1.26E+02,8.96E+00
1554,124.952,118.697,2.38E+00,9.83E+00,1.28E+02,9.31E+00
1555,124.954,112.444,2.54E+00,1.02E+01,1.28E+02,1.03E+01
1556,124.958,106.193,2.69E+00,1.04E+01,1.28E+02,1.20E+01
1557,124.963,99.9433,2.84E+00,1.07E+01,1.26E+02,1.42E+01
1558,124.97,93.278,2.97E+00,1.08E+01,1.22E+02,1.68E+01
1559,124.977,86.6137,3.10E+00,1.10E+01,1.18E+02,1.97E+01
1560,124.984,79.9502,3.22E+00,1.11E+01,1.14E+02,2.29E+01
1561,124.992,73.2872,3.32E+00,1.12E+01,1.09E+02,2.62E+01
1562,125,66.6246,3.42E+00,1.12E+01,1.04E+02,2.97E+01
1563,125.007,59.9622,3.51E+00,1.13E+01,9.89E+01,3.32E+01
1564,125.014,53.2998,3.58E+00,1.13E+01,9.44E+01,3.67E+01
1565,125.02,46.6375,3.65E+00,1.13E+01,9.03E+01,4.03E+01
1566,125.026,39.9751,3.71E+00,1.13E+01,8.64E+01,4.38E+01
1567,125.031,33.3126,3.76E+00,1.13E+01,8.29E+01,4.75E+01
1568,125.035,26.65,3.80E+00,1.13E+01,7.96E+01,5.11E+01
1569,125.039,19.9872,3.83E+00,1.13E+01,7.66E+01,5.48E+01
1570,125.041,13.3244,3.85E+00,1.13E+01,7.38E+01,5.85E+01
1571,125.043,6.66159,3.87E+00,1.12E+01,7.13E+01,6.22E+01
1572,125.043,-0.00131917,3.87E+00,1.12E+01,6.88E+01,6.60E+01
1573,125.043,-6.66424,3.87E+00,1.12E+01,6.65E+01,6.98E+01
1574,125.042,-13.3271,3.85E+00,1.11E+01,6.44E+01,7.37E+01
1575,125.04,-19.99,3.83E+00,1.11E+01,6.23E+01,7.77E+01
1576,125.037,-26.6528,3.80E+00,1.11E+01,6.03E+01,8.17E+01
1577,125.033,-33.3155,3.76E+00,1.12E+01,5.84E+01,8.59E+01
1578,125.028,-39.9782,3.71E+00,1.13E+01,5.65E+01,9.02E+01
1579,125.023,-46.6408,3.66E+00,1.16E+01,5.46E+01,9.46E+01
1580,125.017,-53.3032,3.59E+00,1.19E+01,5.28E+01,9.91E+01
1581,125.011,-59.9658,3.52E+00,1.23E+01,5.10E+01,1.04E+02
1582,125.004,-66.6285,3.43E+00,1.29E+01,4.93E+01,1.09E+02
1583,124.997,-73.2912,3.34E+00,1.34E+01,4.75E+01,1.14E+02
1584,124.989,-79.9545,3.24E+00,1.40E+01,4.58E+01,1.19E+02
1585,124.982,-86.6182,3.13E+00,1.46E+01,4.40E+01,1.23E+02
1586,124.975,-93.2826,3.01E+00,1.51E+01,4.23E+01,1.28E+02
1587,124.969,-99.9482,2.87E+00,1.54E+01,4.07E+01,1.31E+02
1588,124.964,-106.198,2.74E+00,1.56E+01,3.91E+01,1.33E+02
1589,124.96,-112.449,2.59E+00,1.56E+01,3.77E+01,1.33E+02
1590,124.958,-118.702,2.43E+00,1.54E+01,3.64E+01,1.33E+02
1591,124.956,-124.956,2.26E+00,1.50E+01,3.51E+01,1.31E+02
1592,118.702,-124.957,2.44E+00,1.51E+01,3.64E+01,1.33E+02
1593,112.449,-124.959,2.60E+00,1.51E+01,3.78E+01,1.34E+02
1594,106.197,-124.963,2.75E+00,1.50E+01,3.92E+01,1.34E+02
1595,118.794,-0.00151161,4.32E+00,1.20E+01,7.06E+01,6.74E+01
1596,112.545,-0.00171964,4.78E+00,1.27E+01,7.24E+01,6.88E+01
1597,106.295,-0.0019468,5.24E+00,1.34E+01,7.43E+01,7.02E+01
1598,118.743,66.6196,3.78E+00,1.20E+01,1.08E+02,2.95E+01
1599,112.486,66.6145,4.14E+00,1.28E+01,1.14E+02,2.91E+01
1600,106.228,66.6093,4.49E+00,1.34E+01,1.20E+02,2.86E+01
1601,118.705,99.7328,3.10E+00,1.12E+01,1.31E+02,1.38E+01
1602,112.447,99.7298,3.36E+00,1.17E+01,1.36E+02,1.35E+01
1603,106.19,99.7281,3.60E+00,1.21E+01,1.41E+02,1.35E+01
1604,112.444,106.103,3.17E+00,1.14E+01,1.36E+02,1.17E+01
1605,112.442,112.442,2.97E+00,1.11E+01,1.35E+02,1.06E+01
1606,112.442,118.697,2.76E+00,1.07E+01,1.32E+02,1.02E+01
1607,118.698,112.442,2.76E+00,1.07E+01,1.32E+02,1.02E+01
1608,118.693,106.119,2.94E+00,1.10E+01,1.32E+02,1.17E+01
1609,118.696,118.696,2.58E+00,1.03E+01,1.30E+02,9.41E+00
1610,106.188,112.443,3.17E+00,1.14E+01,1.37E+02,1.16E+01
1611,106.195,106.117,3.39E+00,1.18E+01,1.40E+02,1.22E+01
1612,106.189,118.7,2.94E+00,1.10E+01,1.33E+02,1.16E+01
1613,118.718,86.6085,3.41E+00,1.17E+01,1.24E+02,1.94E+01
1614,112.459,86.6037,3.70E+00,1.22E+01,1.30E+02,1.89E+01
1615,106.201,86.5995,3.99E+00,1.27E+01,1.37E+02,1.82E+01
1616,112.452,93.1841,3.54E+00,1.20E+01,1.34E+02,1.60E+01
1617,118.718,93.2023,3.26E+00,1.15E+01,1.28E+02,1.64E+01
1618,106.188,93.1951,3.80E+00,1.24E+01,1.40E+02,1.55E+01
1619,112.476,73.2767,4.01E+00,1.26E+01,1.20E+02,2.56E+01
1620,112.468,79.9396,3.86E+00,1.24E+01,1.25E+02,2.21E+01
1621,118.735,73.282,3.67E+00,1.19E+01,1.14E+02,2.60E+01
1622,118.726,79.9448,3.54E+00,1.18E+01,1.19E+02,2.26E+01
1623,106.218,73.2715,4.34E+00,1.32E+01,1.27E+02,2.49E+01
1624,106.208,79.9348,4.17E+00,1.30E+01,1.33E+02,2.14E+01
1625,118.78,33.31,4.18E+00,1.22E+01,8.53E+01,4.79E+01
1626,112.527,33.3072,4.61E+00,1.30E+01,8.80E+01,4.82E+01
1627,106.275,33.3044,5.05E+00,1.39E+01,9.10E+01,4.83E+01
1628,118.76,53.2957,3.97E+00,1.22E+01,9.79E+01,3.67E+01
1629,112.504,53.2913,4.37E+00,1.30E+01,1.02E+02,3.66E+01
1630,106.248,53.2868,4.76E+00,1.37E+01,1.07E+02,3.62E+01
1631,112.495,59.9528,4.26E+00,1.29E+01,1.08E+02,3.28E+01
1632,118.752,59.9576,3.88E+00,1.21E+01,1.03E+02,3.31E+01
1633,106.238,59.9478,4.63E+00,1.36E+01,1.13E+02,3.23E+01
1634,112.521,39.9687,4.54E+00,1.30E+01,9.22E+01,4.43E+01
1635,112.513,46.63,4.46E+00,1.30E+01,9.68E+01,4.04E+01
1636,118.774,39.972,4.12E+00,1.22E+01,8.91E+01,4.41E+01
1637,118.767,46.6338,4.05E+00,1.22E+01,9.33E+01,4.04E+01
1638,106.267,39.9652,4.96E+00,1.38E+01,9.57E+01,4.42E+01
1639,106.258,46.626,4.87E+00,1.38E+01,1.01E+02,4.02E+01
1640,118.788,19.9857,4.27E+00,1.21E+01,7.86E+01,5.55E+01
1641,112.538,19.984,4.72E+00,1.30E+01,8.08E+01,5.62E+01
1642,106.287,19.9822,5.17E+00,1.38E+01,8.32E+01,5.67E+01
1643,112.533,26.6457,4.67E+00,1.30E+01,8.42E+01,5.21E+01
1644,118.785,26.6479,4.23E+00,1.22E+01,8.18E+01,5.17E+01
1645,106.281,26.6434,5.12E+00,1.38E+01,8.69E+01,5.25E+01
1646,112.544,6.66026,4.77E+00,1.28E+01,7.50E+01,6.45E+01
1647,112.541,13.3222,4.75E+00,1.29E+01,7.77E+01,6.03E+01
1648,118.793,6.66094,4.32E+00,1.20E+01,7.31E+01,6.34E+01
1649,118.791,13.3233,4.30E+00,1.21E+01,7.57E+01,5.94E+01
1650,106.294,6.65954,5.23E+00,1.36E+01,7.70E+01,6.56E+01
1651,106.291,13.3209,5.21E+00,1.37E+01,7.99E+01,6.11E+01
1652,118.756,-59.9618,3.90E+00,1.28E+01,5.27E+01,1.08E+02
1653,112.501,-59.9576,4.28E+00,1.33E+01,5.44E+01,1.14E+02
1654,106.244,-59.9535,4.66E+00,1.40E+01,5.60E+01,1.20E+02
1655,118.786,-26.6512,4.24E+00,1.16E+01,6.20E+01,8.42E+01
1656,112.536,-26.6495,4.68E+00,1.21E+01,6.38E+01,8.69E+01
1657,106.284,-26.6477,5.13E+00,1.26E+01,6.56E+01,8.99E+01
1658,118.792,-13.3264,4.30E+00,1.18E+01,6.61E+01,7.56E+01
1659,112.543,-13.3257,4.76E+00,1.24E+01,6.78E+01,7.76E+01
1660,106.293,-13.3249,5.22E+00,1.30E+01,6.97E+01,7.97E+01
1661,112.544,-6.66369,4.77E+00,1.25E+01,7.01E+01,7.31E+01
1662,118.794,-6.66396,4.32E+00,1.19E+01,6.83E+01,7.15E+01
1663,106.295,-6.66345,5.24E+00,1.32E+01,7.19E+01,7.49E+01
1664,112.54,-19.9876,4.73E+00,1.22E+01,6.58E+01,8.22E+01
1665,118.79,-19.9888,4.28E+00,1.17E+01,6.40E+01,7.99E+01
1666,106.289,-19.9864,5.18E+00,1.28E+01,6.76E+01,8.48E+01
1667,118.777,-39.9755,4.13E+00,1.18E+01,5.82E+01,9.33E+01
1668,112.524,-39.9728,4.56E+00,1.22E+01,5.99E+01,9.69E+01
1669,106.271,-39.97,4.98E+00,1.26E+01,6.17E+01,1.01E+02
1670,112.53,-33.3112,4.63E+00,1.21E+01,6.18E+01,9.18E+01
1671,118.782,-33.3135,4.19E+00,1.16E+01,6.01E+01,8.87E+01
1672,106.278,-33.3089,5.06E+00,1.25E+01,6.36E+01,9.53E+01
1673,112.509,-53.296,4.39E+00,1.28E+01,5.62E+01,1.08E+02
1674,112.517,-46.6343,4.48E+00,1.24E+01,5.81E+01,1.02E+02
1675,118.764,-53.2996,3.99E+00,1.23E+01,5.45E+01,1.03E+02
1676,118.77,-46.6376,4.07E+00,1.20E+01,5.63E+01,9.81E+01
1677,106.254,-53.2921,4.78E+00,1.33E+01,5.79E+01,1.13E+02
1678,106.263,-46.6311,4.89E+00,1.29E+01,5.98E+01,1.07E+02
1679,118.726,-93.1987,3.30E+00,1.57E+01,4.37E+01,1.33E+02
1680,112.459,-93.1749,3.58E+00,1.63E+01,4.49E+01,1.40E+02
1681,106.194,-93.1928,3.86E+00,1.69E+01,4.60E+01,1.46E+02
1682,118.74,-73.2866,3.69E+00,1.40E+01,4.91E+01,1.19E+02
1683,112.483,-73.282,4.04E+00,1.47E+01,5.06E+01,1.26E+02
1684,106.225,-73.2777,4.38E+00,1.54E+01,5.20E+01,1.33E+02
1685,112.492,-66.6196,4.17E+00,1.40E+01,5.25E+01,1.20E+02
1686,118.748,-66.624,3.80E+00,1.34E+01,5.09E+01,1.14E+02
1687,106.235,-66.6152,4.53E+00,1.47E+01,5.40E+01,1.26E+02
1688,112.466,-86.5794,3.75E+00,1.59E+01,4.67E+01,1.36E+02
1689,112.474,-79.9453,3.90E+00,1.53E+01,4.87E+01,1.31E+02
1690,118.727,-86.5936,3.44E+00,1.52E+01,4.54E+01,1.29E+02
1691,118.732,-79.9498,3.57E+00,1.46E+01,4.73E+01,1.25E+02
1692,106.205,-86.5861,4.04E+00,1.66E+01,4.79E+01,1.44E+02
1693,106.216,-79.9412,4.22E+00,1.61E+01,4.99E+01,1.39E+02
1694,118.698,-106.116,2.99E+00,1.60E+01,4.04E+01,1.38E+02
1695,112.45,-106.094,3.22E+00,1.63E+01,4.16E+01,1.42E+02
1696,106.203,-106.115,3.45E+00,1.66E+01,4.28E+01,1.45E+02
1697,112.454,-99.6713,3.41E+00,1.64E+01,4.31E+01,1.42E+02
1698,118.712,-99.6973,3.15E+00,1.59E+01,4.19E+01,1.36E+02
1699,106.197,-99.6937,3.66E+00,1.69E+01,4.43E+01,1.47E+02
1700,112.448,-118.703,2.82E+00,1.56E+01,3.90E+01,1.37E+02
1701,112.448,-112.418,3.03E+00,1.60E+01,4.02E+01,1.40E+02
1702,118.702,-118.702,2.63E+00,1.55E+01,3.76E+01,1.36E+02
1703,118.701,-112.428,2.82E+00,1.58E+01,3.89E+01,1.37E+02
1704,106.195,-118.706,2.99E+00,1.56E+01,4.04E+01,1.38E+02
1705,106.197,-112.43,3.22E+00,1.62E+01,4.15E+01,1.42E+02
1706,-106.198,124.964,2.73E+00,1.54E+01,3.96E+01,1.32E+02
1707,-112.449,124.96,2.58E+00,1.53E+01,3.82E+01,1.33E+02
1708,-118.701,124.957,2.43E+00,1.50E+01,3.68E+01,1.32E+02
1709,-124.955,124.955,2.25E+00,1.46E+01,3.52E+01,1.30E+02
1710,-124.957,118.701,2.43E+00,1.49E+01,3.67E+01,1.33E+02
1711,-124.96,112.449,2.59E+00,1.51E+01,3.81E+01,1.34E+02
1712,-124.964,106.198,2.74E+00,1.51E+01,3.95E+01,1.34E+02
1713,-124.969,99.9478,2.88E+00,1.50E+01,4.10E+01,1.32E+02
1714,-124.975,93.2823,3.01E+00,1.46E+01,4.25E+01,1.29E+02
1715,-124.982,86.6179,3.14E+00,1.41E+01,4.42E+01,1.25E+02
1716,-124.99,79.9541,3.25E+00,1.36E+01,4.59E+01,1.20E+02
1717,-124.997,73.2909,3.35E+00,1.29E+01,4.76E+01,1.15E+02
1718,-125.004,66.628,3.44E+00,1.23E+01,4.94E+01,1.09E+02
1719,-125.011,59.9654,3.53E+00,1.18E+01,5.11E+01,1.04E+02
1720,-125.018,53.3028,3.60E+00,1.13E+01,5.29E+01,9.89E+01
1721,-125.024,46.6403,3.67E+00,1.10E+01,5.47E+01,9.42E+01
1722,-125.029,39.9778,3.72E+00,1.08E+01,5.66E+01,8.98E+01
1723,-125.034,33.3152,3.77E+00,1.07E+01,5.84E+01,8.55E+01
1724,-125.038,26.6525,3.81E+00,1.07E+01,6.03E+01,8.14E+01
1725,-125.041,19.9897,3.84E+00,1.07E+01,6.23E+01,7.74E+01
1726,-125.043,13.3269,3.86E+00,1.07E+01,6.44E+01,7.35E+01
1727,-125.044,6.66401,3.88E+00,1.08E+01,6.65E+01,6.96E+01
1728,-125.044,0.00110806,3.88E+00,1.09E+01,6.88E+01,6.58E+01
1729,-125.044,-6.66178,3.87E+00,1.09E+01,7.12E+01,6.20E+01
1730,-125.042,-13.3246,3.86E+00,1.10E+01,7.38E+01,5.83E+01
1731,-125.039,-19.9874,3.83E+00,1.10E+01,7.66E+01,5.46E+01
1732,-125.036,-26.6501,3.80E+00,1.11E+01,7.96E+01,5.10E+01
1733,-125.032,-33.3125,3.76E+00,1.11E+01,8.29E+01,4.74E+01
1734,-125.027,-39.975,3.71E+00,1.12E+01,8.64E+01,4.38E+01
1735,-125.021,-46.6374,3.65E+00,1.12E+01,9.03E+01,4.02E+01
1736,-125.014,-53.2996,3.58E+00,1.12E+01,9.45E+01,3.66E+01
1737,-125.007,-59.9619,3.50E+00,1.12E+01,9.91E+01,3.30E+01
1738,-125,-66.6243,3.41E+00,1.12E+01,1.04E+02,2.95E+01
1739,-124.992,-73.2869,3.32E+00,1.12E+01,1.10E+02,2.60E+01
1740,-124.984,-79.9499,3.21E+00,1.11E+01,1.15E+02,2.26E+01
1741,-124.976,-86.6134,3.09E+00,1.11E+01,1.20E+02,1.94E+01
1742,-124.969,-93.2776,2.97E+00,1.10E+01,1.24E+02,1.65E+01
1743,-124.963,-99.943,2.83E+00,1.09E+01,1.27E+02,1.39E+01
1744,-124.958,-106.193,2.69E+00,1.08E+01,1.29E+02,1.17E+01
1745,-124.954,-112.444,2.53E+00,1.06E+01,1.30E+02,1.02E+01
1746,-124.952,-118.697,2.37E+00,1.04E+01,1.29E+02,9.29E+00
1747,-124.951,-124.951,2.20E+00,1.01E+01,1.27E+02,9.20E+00
1748,-118.697,-124.952,2.37E+00,1.04E+01,1.28E+02,9.28E+00
1749,-112.444,-124.954,2.53E+00,1.07E+01,1.28E+02,1.02E+01
1750,-106.193,-124.958,2.69E+00,1.08E+01,1.28E+02,1.18E+01
1751,-118.795,0.00128912,4.33E+00,1.17E+01,7.05E+01,6.71E+01
1752,-112.546,0.00149004,4.79E+00,1.24E+01,7.23E+01,6.84E+01
1753,-106.297,0.00171106,5.26E+00,1.31E+01,7.42E+01,6.97E+01
1754,-118.749,66.6236,3.81E+00,1.30E+01,5.10E+01,1.14E+02
1755,-112.492,66.6191,4.18E+00,1.37E+01,5.26E+01,1.20E+02
1756,-106.235,66.6146,4.54E+00,1.44E+01,5.41E+01,1.27E+02
1757,-118.711,99.7379,3.15E+00,1.56E+01,4.21E+01,1.37E+02
1758,-112.454,99.7354,3.41E+00,1.62E+01,4.33E+01,1.42E+02
1759,-106.197,99.7344,3.66E+00,1.68E+01,4.44E+01,1.47E+02
1760,-112.45,106.109,3.22E+00,1.62E+01,4.18E+01,1.42E+02
1761,-112.448,112.448,3.02E+00,1.59E+01,4.05E+01,1.40E+02
1762,-112.448,118.703,2.81E+00,1.56E+01,3.93E+01,1.36E+02
1763,-118.703,112.448,2.81E+00,1.55E+01,3.93E+01,1.37E+02
1764,-118.699,106.124,2.99E+00,1.57E+01,4.06E+01,1.38E+02
1765,-118.701,118.701,2.63E+00,1.53E+01,3.80E+01,1.35E+02
1766,-106.194,112.45,3.22E+00,1.62E+01,4.18E+01,1.41E+02
1767,-106.202,106.124,3.44E+00,1.66E+01,4.30E+01,1.45E+02
1768,-106.195,118.706,2.98E+00,1.58E+01,4.07E+01,1.37E+02
1769,-118.724,86.6132,3.45E+00,1.49E+01,4.56E+01,1.31E+02
1770,-112.466,86.609,3.76E+00,1.57E+01,4.68E+01,1.37E+02
1771,-106.208,86.6055,4.05E+00,1.65E+01,4.80E+01,1.44E+02
1772,-112.459,93.1896,3.59E+00,1.61E+01,4.50E+01,1.41E+02
1773,-118.724,93.2072,3.31E+00,1.53E+01,4.38E+01,1.35E+02
1774,-106.194,93.2013,3.86E+00,1.67E+01,4.61E+01,1.47E+02
1775,-112.483,73.2815,4.05E+00,1.44E+01,5.07E+01,1.26E+02
1776,-112.474,79.9447,3.91E+00,1.51E+01,4.87E+01,1.32E+02
1777,-118.74,73.2862,3.71E+00,1.36E+01,4.92E+01,1.20E+02
1778,-118.732,79.9493,3.58E+00,1.43E+01,4.74E+01,1.26E+02
1779,-106.225,73.277,4.39E+00,1.52E+01,5.20E+01,1.34E+02
1780,-106.216,79.9405,4.23E+00,1.59E+01,5.00E+01,1.40E+02
1781,-118.783,33.313,4.20E+00,1.12E+01,6.01E+01,8.82E+01
1782,-112.532,33.3108,4.64E+00,1.17E+01,6.18E+01,9.13E+01
1783,-106.28,33.3084,5.08E+00,1.22E+01,6.36E+01,9.47E+01
1784,-118.764,53.2992,4.00E+00,1.19E+01,5.46E+01,1.03E+02
1785,-112.51,53.2955,4.40E+00,1.24E+01,5.63E+01,1.08E+02
1786,-106.255,53.2916,4.80E+00,1.30E+01,5.79E+01,1.13E+02
1787,-112.501,59.9571,4.30E+00,1.30E+01,5.44E+01,1.14E+02
1788,-118.757,59.9613,3.91E+00,1.24E+01,5.28E+01,1.09E+02
1789,-106.245,59.9529,4.68E+00,1.37E+01,5.60E+01,1.20E+02
1790,-112.525,39.9724,4.57E+00,1.18E+01,6.00E+01,9.64E+01
1791,-112.518,46.6339,4.49E+00,1.20E+01,5.81E+01,1.02E+02
1792,-118.778,39.9751,4.15E+00,1.13E+01,5.82E+01,9.29E+01
1793,-118.771,46.6372,4.08E+00,1.15E+01,5.64E+01,9.78E+01
1794,-106.272,39.9695,5.00E+00,1.22E+01,6.17E+01,1.01E+02
1795,-106.264,46.6305,4.91E+00,1.25E+01,5.98E+01,1.07E+02
1796,-118.791,19.9885,4.29E+00,1.13E+01,6.40E+01,7.95E+01
1797,-112.541,19.9873,4.74E+00,1.19E+01,6.57E+01,8.17E+01
1798,-106.291,19.986,5.20E+00,1.24E+01,6.75E+01,8.42E+01
1799,-112.537,26.6491,4.70E+00,1.17E+01,6.38E+01,8.64E+01
1800,-118.788,26.6508,4.25E+00,1.12E+01,6.20E+01,8.38E+01
1801,-106.286,26.6473,5.15E+00,1.22E+01,6.55E+01,8.93E+01
1802,-112.546,6.66345,4.79E+00,1.22E+01,7.00E+01,7.27E+01
1803,-112.544,13.3254,4.77E+00,1.20E+01,6.78E+01,7.72E+01
1804,-118.795,6.66373,4.33E+00,1.15E+01,6.82E+01,7.12E+01
1805,-118.794,13.3262,4.31E+00,1.14E+01,6.61E+01,7.53E+01
1806,-106.296,6.66318,5.25E+00,1.29E+01,7.18E+01,7.44E+01
1807,-106.294,13.3246,5.23E+00,1.27E+01,6.96E+01,7.92E+01
1808,-118.752,-59.9572,3.88E+00,1.20E+01,1.03E+02,3.29E+01
1809,-112.495,-59.9523,4.26E+00,1.28E+01,1.08E+02,3.26E+01
1810,-106.238,-59.9473,4.63E+00,1.35E+01,1.14E+02,3.21E+01
1811,-118.785,-26.6479,4.24E+00,1.20E+01,8.17E+01,5.15E+01
1812,-112.534,-26.6457,4.68E+00,1.28E+01,8.40E+01,5.20E+01
1813,-106.283,-26.6433,5.12E+00,1.36E+01,8.66E+01,5.22E+01
1814,-118.793,-13.3235,4.31E+00,1.18E+01,7.56E+01,5.92E+01
1815,-112.543,-13.3223,4.76E+00,1.27E+01,7.76E+01,6.00E+01
1816,-106.293,-13.321,5.22E+00,1.35E+01,7.97E+01,6.08E+01
1817,-112.545,-6.66042,4.78E+00,1.25E+01,7.48E+01,6.42E+01
1818,-118.795,-6.66111,4.32E+00,1.18E+01,7.30E+01,6.31E+01
1819,-106.295,-6.6597,5.25E+00,1.33E+01,7.68E+01,6.52E+01
1820,-112.539,-19.9841,4.73E+00,1.27E+01,8.06E+01,5.60E+01
1821,-118.79,-19.9858,4.28E+00,1.19E+01,7.85E+01,5.53E+01
1822,-106.288,-19.9823,5.18E+00,1.36E+01,8.29E+01,5.65E+01
1823,-118.774,-39.9718,4.13E+00,1.20E+01,8.90E+01,4.40E+01
1824,-112.521,-39.9685,4.55E+00,1.29E+01,9.21E+01,4.41E+01
1825,-106.267,-39.9649,4.97E+00,1.37E+01,9.57E+01,4.40E+01
1826,-112.528,-33.3072,4.62E+00,1.29E+01,8.78E+01,4.80E+01
1827,-118.78,-33.31,4.19E+00,1.20E+01,8.52E+01,4.78E+01
1828,-106.276,-33.3043,5.05E+00,1.37E+01,9.09E+01,4.81E+01
1829,-112.505,-53.291,4.37E+00,1.29E+01,1.02E+02,3.64E+01
1830,-112.513,-46.6297,4.46E+00,1.29E+01,9.69E+01,4.02E+01
1831,-118.76,-53.2954,3.97E+00,1.21E+01,9.81E+01,3.66E+01
1832,-118.767,-46.6337,4.06E+00,1.21E+01,9.33E+01,4.03E+01
1833,-106.248,-53.2863,4.76E+00,1.36E+01,1.07E+02,3.60E+01
1834,-106.258,-46.6256,4.87E+00,1.37E+01,1.01E+02,4.00E+01
1835,-118.719,-93.1929,3.25E+00,1.16E+01,1.30E+02,1.61E+01
1836,-112.452,-93.1684,3.53E+00,1.21E+01,1.35E+02,1.56E+01
1837,-106.186,-93.1857,3.80E+00,1.25E+01,1.41E+02,1.51E+01
1838,-118.735,-73.2815,3.66E+00,1.19E+01,1.15E+02,2.57E+01
1839,-112.476,-73.2761,4.00E+00,1.26E+01,1.21E+02,2.53E+01
1840,-106.218,-73.2708,4.34E+00,1.32E+01,1.28E+02,2.46E+01
1841,-112.486,-66.6139,4.14E+00,1.27E+01,1.14E+02,2.89E+01
1842,-118.743,-66.6191,3.78E+00,1.20E+01,1.09E+02,2.93E+01
1843,-106.228,-66.6086,4.49E+00,1.34E+01,1.21E+02,2.83E+01
1844,-112.459,-86.573,3.70E+00,1.23E+01,1.32E+02,1.85E+01
1845,-112.467,-79.939,3.86E+00,1.25E+01,1.27E+02,2.18E+01
1846,-118.721,-86.588,3.40E+00,1.17E+01,1.25E+02,1.91E+01
1847,-118.726,-79.9444,3.54E+00,1.18E+01,1.20E+02,2.23E+01
1848,-106.197,-86.5789,3.99E+00,1.28E+01,1.39E+02,1.78E+01
1849,-106.208,-79.9341,4.17E+00,1.30E+01,1.34E+02,2.10E+01
1850,-118.691,-106.11,2.93E+00,1.13E+01,1.33E+02,1.14E+01
1851,-112.444,-106.088,3.16E+00,1.16E+01,1.37E+02,1.14E+01
1852,-106.197,-106.108,3.38E+00,1.20E+01,1.40E+02,1.19E+01
1853,-112.447,-99.6649,3.35E+00,1.19E+01,1.37E+02,1.32E+01
1854,-118.705,-99.6914,3.10E+00,1.14E+01,1.32E+02,1.35E+01
1855,-106.19,-99.6868,3.60E+00,1.23E+01,1.42E+02,1.31E+01
1856,-112.442,-118.698,2.76E+00,1.11E+01,1.32E+02,1.00E+01
1857,-112.442,-112.412,2.97E+00,1.14E+01,1.35E+02,1.04E+01
1858,-118.696,-118.696,2.57E+00,1.08E+01,1.31E+02,9.30E+00
1859,-118.694,-112.422,2.76E+00,1.11E+01,1.33E+02,1.00E+01
1860,-106.19,-118.701,2.93E+00,1.13E+01,1.32E+02,1.15E+01
1861,-106.191,-112.424,3.16E+00,1.17E+01,1.36E+02,1.14E+01
1862,124.956,-131.211,2.08E+00,1.45E+01,3.39E+01,1.29E+02
1863,124.958,-137.467,1.88E+00,1.40E+01,3.27E+01,1.27E+02
1864,124.96,-143.724,1.66E+00,1.34E+01,3.13E+01,1.24E+02
1865,124.964,-149.982,1.43E+00,1.27E+01,3.02E+01,1.23E+02
1866,118.713,-149.985,1.51E+00,1.26E+01,3.11E+01,1.22E+02
1867,112.464,-149.989,1.58E+00,1.25E+01,3.22E+01,1.20E+02
1868,106.215,-149.993,1.64E+00,1.22E+01,3.36E+01,1.18E+02
1869,99.9663,-149.997,1.70E+00,1.19E+01,3.47E+01,1.15E+02
1870,93.3016,-150.001,1.76E+00,1.14E+01,3.59E+01,1.11E+02
1871,86.6371,-150.006,1.81E+00,1.08E+01,3.78E+01,1.08E+02
1872,79.9728,-150.01,1.85E+00,1.03E+01,3.92E+01,1.04E+02
1873,73.3085,-150.013,1.90E+00,9.71E+00,4.07E+01,9.94E+01
1874,66.6443,-150.017,1.93E+00,9.20E+00,4.26E+01,9.58E+01
1875,59.9801,-150.021,1.97E+00,8.71E+00,4.42E+01,9.22E+01
1876,53.3158,-150.024,2.00E+00,8.24E+00,4.59E+01,8.80E+01
1877,46.6515,-150.027,2.03E+00,7.88E+00,4.78E+01,8.46E+01
1878,39.9872,-150.029,2.05E+00,7.56E+00,4.95E+01,8.12E+01
1879,33.3228,-150.031,2.07E+00,7.25E+00,5.14E+01,7.75E+01
1880,26.6583,-150.033,2.09E+00,7.04E+00,5.33E+01,7.43E+01
1881,19.9939,-150.034,2.10E+00,6.85E+00,5.52E+01,7.10E+01
1882,13.3294,-150.035,2.11E+00,6.66E+00,5.73E+01,6.76E+01
1883,6.66483,-150.036,2.11E+00,6.55E+00,5.93E+01,6.44E+01
1884,0.000327293,-150.036,2.11E+00,6.43E+00,6.13E+01,6.12E+01
1885,-6.6642,-150.036,2.11E+00,6.30E+00,6.37E+01,5.81E+01
1886,-13.3287,-150.035,2.10E+00,6.21E+00,6.60E+01,5.49E+01
1887,-19.9933,-150.034,2.09E+00,6.15E+00,6.86E+01,5.17E+01
1888,-26.6578,-150.033,2.08E+00,6.12E+00,7.12E+01,4.86E+01
1889,-33.3221,-150.031,2.06E+00,6.10E+00,7.39E+01,4.56E+01
1890,-39.9866,-150.029,2.04E+00,6.10E+00,7.68E+01,4.26E+01
1891,-46.6509,-150.026,2.02E+00,6.13E+00,7.94E+01,3.91E+01
1892,-53.3151,-150.023,1.99E+00,6.16E+00,8.28E+01,3.57E+01
1893,-59.9793,-150.02,1.95E+00,6.21E+00,8.65E+01,3.30E+01
1894,-66.6435,-150.017,1.92E+00,6.31E+00,8.96E+01,2.95E+01
1895,-73.3075,-150.013,1.88E+00,6.40E+00,9.34E+01,2.61E+01
1896,-79.9717,-150.009,1.83E+00,6.51E+00,9.76E+01,2.34E+01
1897,-86.636,-150.004,1.78E+00,6.65E+00,1.01E+02,1.99E+01
1898,-93.3003,-149.999,1.72E+00,6.78E+00,1.05E+02,1.67E+01
1899,-99.9649,-149.995,1.66E+00,6.92E+00,1.09E+02,1.45E+01
1900,-106.213,-149.991,1.60E+00,7.05E+00,1.12E+02,1.24E+01
1901,-112.462,-149.986,1.53E+00,7.15E+00,1.14E+02,1.12E+01
1902,-118.711,-149.982,1.45E+00,7.25E+00,1.16E+02,1.12E+01
1903,-124.961,-149.979,1.36E+00,7.31E+00,1.17E+02,1.24E+01
1904,-124.957,-143.721,1.59E+00,8.41E+00,1.20E+02,1.14E+01
1905,-124.953,-137.463,1.81E+00,9.15E+00,1.22E+02,1.07E+01
1906,-124.951,-131.206,2.01E+00,9.71E+00,1.24E+02,9.80E+00
1907,0.000292124,-143.788,2.55E+00,8.02E+00,6.30E+01,6.21E+01
1908,0.000239726,-137.541,2.99E+00,9.17E+00,6.48E+01,6.33E+01
1909,0.000212594,-131.293,3.43E+00,1.01E+01,6.66E+01,6.46E+01
1910,66.6401,-143.765,2.32E+00,1.04E+01,4.40E+01,9.82E+01
1911,66.636,-137.512,2.70E+00,1.11E+01,4.57E+01,1.02E+02
1912,66.6316,-131.258,3.07E+00,1.18E+01,4.74E+01,1.05E+02
1913,99.7547,-143.741,2.02E+00,1.28E+01,3.61E+01,1.18E+02
1914,99.7495,-137.484,2.32E+00,1.35E+01,3.78E+01,1.22E+02
1915,99.7449,-131.226,2.61E+00,1.42E+01,3.94E+01,1.27E+02
1916,106.12,-137.479,2.22E+00,1.38E+01,3.65E+01,1.25E+02
1917,112.455,-137.474,2.12E+00,1.39E+01,3.53E+01,1.26E+02
1918,118.706,-137.47,2.00E+00,1.40E+01,3.40E+01,1.27E+02
1919,112.459,-143.732,1.86E+00,1.33E+01,3.37E+01,1.23E+02
1920,106.139,-143.729,1.94E+00,1.31E+01,3.50E+01,1.21E+02
1921,118.709,-143.728,1.76E+00,1.34E+01,3.24E+01,1.24E+02
1922,112.451,-131.217,2.37E+00,1.45E+01,3.65E+01,1.30E+02
1923,106.13,-131.228,2.49E+00,1.44E+01,3.79E+01,1.29E+02
1924,118.703,-131.213,2.23E+00,1.46E+01,3.53E+01,1.30E+02
1925,86.6319,-143.751,2.15E+00,1.19E+01,3.92E+01,1.11E+02
1926,86.6269,-137.495,2.49E+00,1.27E+01,4.08E+01,1.15E+02
1927,86.6218,-131.238,2.82E+00,1.34E+01,4.24E+01,1.19E+02
1928,93.2061,-137.489,2.41E+00,1.31E+01,3.93E+01,1.19E+02
1929,93.2255,-143.753,2.09E+00,1.24E+01,3.76E+01,1.15E+02
1930,93.2152,-131.225,2.72E+00,1.38E+01,4.08E+01,1.23E+02
1931,73.2994,-137.507,2.64E+00,1.17E+01,4.40E+01,1.06E+02
1932,79.963,-137.501,2.57E+00,1.22E+01,4.24E+01,1.10E+02
1933,73.304,-143.761,2.27E+00,1.09E+01,4.23E+01,1.02E+02
1934,79.968,-143.756,2.21E+00,1.14E+01,4.06E+01,1.07E+02
1935,73.2947,-131.252,3.00E+00,1.23E+01,4.57E+01,1.10E+02
1936,79.9581,-131.245,2.91E+00,1.28E+01,4.41E+01,1.15E+02
1937,33.3208,-143.782,2.49E+00,8.64E+00,5.29E+01,7.91E+01
1938,33.3188,-137.533,2.92E+00,9.54E+00,5.46E+01,8.13E+01
1939,33.3166,-131.283,3.34E+00,1.03E+01,5.63E+01,8.35E+01
1940,53.3126,-143.773,2.40E+00,9.50E+00,4.74E+01,9.02E+01
1941,53.3092,-137.522,2.80E+00,1.03E+01,4.92E+01,9.31E+01
1942,53.3057,-131.27,3.20E+00,1.09E+01,5.08E+01,9.61E+01
1943,59.9726,-137.517,2.75E+00,1.07E+01,4.74E+01,9.72E+01
1944,59.9765,-143.769,2.36E+00,9.90E+00,4.56E+01,9.43E+01
1945,59.9686,-131.264,3.14E+00,1.13E+01,4.91E+01,1.01E+02
1946,39.9823,-137.53,2.88E+00,9.72E+00,5.27E+01,8.50E+01
1947,46.6458,-137.526,2.85E+00,9.98E+00,5.09E+01,8.90E+01
1948,39.9848,-143.78,2.47E+00,8.86E+00,5.10E+01,8.28E+01
1949,46.6487,-143.777,2.44E+00,9.14E+00,4.93E+01,8.64E+01
1950,39.9797,-131.28,3.30E+00,1.04E+01,5.44E+01,8.76E+01
1951,46.6427,-131.275,3.26E+00,1.06E+01,5.26E+01,9.18E+01
1952,19.9927,-143.786,2.53E+00,8.31E+00,5.68E+01,7.22E+01
1953,19.9915,-137.538,2.96E+00,9.31E+00,5.85E+01,7.39E+01
1954,19.9902,-131.289,3.40E+00,1.01E+01,6.01E+01,7.57E+01
1955,26.6551,-137.536,2.94E+00,9.41E+00,5.65E+01,7.75E+01
1956,26.6568,-143.785,2.51E+00,8.45E+00,5.49E+01,7.56E+01
1957,26.6535,-131.287,3.37E+00,1.02E+01,5.82E+01,7.96E+01
1958,6.66402,-137.54,2.99E+00,9.21E+00,6.26E+01,6.68E+01
1959,13.3278,-137.54,2.98E+00,9.25E+00,6.05E+01,7.03E+01
1960,6.66443,-143.788,2.55E+00,8.10E+00,6.09E+01,6.54E+01
1961,13.3286,-143.788,2.54E+00,8.20E+00,5.88E+01,6.87E+01
1962,6.66359,-131.292,3.43E+00,1.01E+01,6.43E+01,6.83E+01
1963,13.3269,-131.291,3.42E+00,1.01E+01,6.22E+01,7.20E+01
1964,-59.9756,-143.769,2.34E+00,7.94E+00,8.91E+01,3.31E+01
1965,-59.9716,-137.516,2.73E+00,9.22E+00,9.17E+01,3.31E+01
1966,-59.9675,-131.263,3.12E+00,1.03E+01,9.48E+01,3.32E+01
1967,-26.6563,-143.785,2.51E+00,7.86E+00,7.32E+01,4.92E+01
1968,-26.6547,-137.536,2.94E+00,9.12E+00,7.51E+01,4.98E+01
1969,-26.6529,-131.286,3.37E+00,1.02E+01,7.70E+01,5.05E+01
1970,-13.328,-143.788,2.54E+00,7.92E+00,6.79E+01,5.56E+01
1971,-13.3272,-137.539,2.97E+00,9.13E+00,6.97E+01,5.65E+01
1972,-13.3264,-131.291,3.41E+00,1.02E+01,7.15E+01,5.75E+01
1973,-6.66351,-137.54,2.98E+00,9.15E+00,6.72E+01,5.99E+01
1974,-6.66386,-143.788,2.55E+00,7.97E+00,6.54E+01,5.88E+01
1975,-6.66313,-131.292,3.43E+00,1.02E+01,6.90E+01,6.10E+01
1976,-19.991,-137.538,2.96E+00,9.12E+00,7.23E+01,5.32E+01
1977,-19.9922,-143.786,2.52E+00,7.88E+00,7.04E+01,5.24E+01
1978,-19.9897,-131.289,3.39E+00,1.02E+01,7.42E+01,5.40E+01
1979,-39.9841,-143.78,2.46E+00,7.86E+00,7.89E+01,4.30E+01
1980,-39.9816,-137.529,2.87E+00,9.14E+00,8.10E+01,4.33E+01
1981,-39.979,-131.279,3.29E+00,1.02E+01,8.33E+01,4.36E+01
1982,-33.3182,-137.533,2.91E+00,9.12E+00,7.80E+01,4.65E+01
1983,-33.3203,-143.782,2.48E+00,7.85E+00,7.60E+01,4.61E+01
1984,-33.316,-131.283,3.33E+00,1.02E+01,8.00E+01,4.70E+01
1985,-53.3084,-137.521,2.79E+00,9.19E+00,8.80E+01,3.65E+01
1986,-46.645,-137.526,2.83E+00,9.17E+00,8.44E+01,3.99E+01
1987,-53.3119,-143.773,2.39E+00,7.89E+00,8.56E+01,3.62E+01
1988,-46.648,-143.776,2.42E+00,7.87E+00,8.20E+01,3.96E+01
1989,-53.3047,-131.268,3.18E+00,1.03E+01,9.06E+01,3.67E+01
1990,-46.6419,-131.274,3.24E+00,1.03E+01,8.69E+01,4.02E+01
1991,-93.215,-143.752,2.05E+00,8.32E+00,1.09E+02,1.71E+01
1992,-93.189,-137.486,2.37E+00,9.43E+00,1.13E+02,1.71E+01
1993,-93.2037,-131.221,2.67E+00,1.03E+01,1.17E+02,1.69E+01
1994,-73.303,-143.759,2.24E+00,8.07E+00,9.69E+01,2.64E+01
1995,-73.2981,-137.505,2.61E+00,9.32E+00,1.00E+02,2.64E+01
1996,-73.2931,-131.249,2.96E+00,1.03E+01,1.04E+02,2.64E+01
1997,-66.6348,-137.511,2.67E+00,9.27E+00,9.58E+01,2.98E+01
1998,-66.6391,-143.764,2.30E+00,8.01E+00,9.27E+01,2.98E+01
1999,-66.6302,-131.256,3.04E+00,1.03E+01,9.91E+01,2.98E+01
2000,-86.5951,-137.493,2.45E+00,9.40E+00,1.09E+02,2.00E+01
2001,-79.9616,-137.499,2.53E+00,9.36E+00,1.04E+02,2.31E+01
2002,-86.6105,-143.752,2.12E+00,8.24E+00,1.05E+02,2.02E+01
2003,-79.9667,-143.754,2.19E+00,8.15E+00,1.01E+02,2.33E+01
2004,-86.5997,-131.232,2.78E+00,1.03E+01,1.13E+02,1.99E+01
2005,-79.9563,-131.242,2.88E+00,1.04E+01,1.08E+02,2.31E+01
2006,-106.127,-143.724,1.89E+00,8.47E+00,1.15E+02,1.26E+01
2007,-106.102,-137.475,2.17E+00,9.46E+00,1.19E+02,1.24E+01
2008,-106.117,-131.226,2.43E+00,1.02E+01,1.23E+02,1.21E+01
2009,-99.6827,-137.48,2.27E+00,9.45E+00,1.16E+02,1.45E+01
2010,-99.7118,-143.738,1.97E+00,8.41E+00,1.13E+02,1.47E+01
2011,-99.7009,-131.222,2.56E+00,1.03E+01,1.21E+02,1.43E+01
2012,-118.702,-137.466,1.94E+00,9.31E+00,1.22E+02,1.04E+01
2013,-112.422,-137.47,2.06E+00,9.41E+00,1.21E+02,1.10E+01
2014,-118.706,-143.724,1.70E+00,8.46E+00,1.19E+02,1.09E+01
2015,-112.437,-143.725,1.80E+00,8.47E+00,1.18E+02,1.12E+01
2016,-118.699,-131.209,2.16E+00,9.96E+00,1.25E+02,9.75E+00
2017,-112.427,-131.215,2.30E+00,1.01E+01,1.25E+02,1.06E+01
2018,124.951,131.206,2.01E+00,8.70E+00,1.24E+02,9.23E+00
2019,124.954,137.462,1.81E+00,7.83E+00,1.21E+02,9.79E+00
2020,124.957,143.719,1.60E+00,6.60E+00,1.19E+02,1.03E+01
2021,124.962,149.976,1.39E+00,1.13E+01,7.41E+01,6.62E+01
2022,118.711,149.98,1.48E+00,1.15E+01,7.47E+01,6.59E+01
2023,112.462,149.984,1.56E+00,1.15E+01,7.46E+01,6.51E+01
2024,106.213,149.988,1.63E+00,1.15E+01,7.38E+01,6.50E+01
2025,99.9647,149.993,1.69E+00,1.15E+01,7.28E+01,6.52E+01
2026,93.2996,149.998,1.75E+00,1.12E+01,7.21E+01,6.45E+01
2027,86.635,150.003,1.81E+00,1.08E+01,7.11E+01,6.36E+01
2028,79.9707,150.007,1.86E+00,1.05E+01,6.99E+01,6.32E+01
2029,73.3065,150.011,1.90E+00,1.01E+01,6.87E+01,6.28E+01
2030,66.6424,150.015,1.94E+00,9.74E+00,6.76E+01,6.25E+01
2031,59.9783,150.019,1.97E+00,9.37E+00,6.65E+01,6.23E+01
2032,53.3141,150.022,2.00E+00,9.01E+00,6.56E+01,6.21E+01
2033,46.6499,150.025,2.03E+00,8.67E+00,6.48E+01,6.19E+01
2034,39.9856,150.028,2.05E+00,8.34E+00,6.40E+01,6.18E+01
2035,33.3213,150.03,2.07E+00,8.04E+00,6.34E+01,6.17E+01
2036,26.6569,150.032,2.08E+00,7.76E+00,6.29E+01,6.16E+01
2037,19.9925,150.034,2.10E+00,7.51E+00,6.24E+01,6.16E+01
2038,13.328,150.035,2.10E+00,7.29E+00,6.21E+01,6.16E+01
2039,6.66345,150.035,2.11E+00,7.09E+00,6.18E+01,6.16E+01
2040,-0.00107635,150.036,2.11E+00,6.93E+00,6.17E+01,6.17E+01
2041,-6.66562,150.036,2.10E+00,6.80E+00,6.16E+01,6.18E+01
2042,-13.3301,150.035,2.09E+00,6.70E+00,6.16E+01,6.19E+01
2043,-19.9947,150.034,2.08E+00,6.63E+00,6.17E+01,6.20E+01
2044,-26.6592,150.033,2.07E+00,6.59E+00,6.18E+01,6.22E+01
2045,-33.3235,150.031,2.05E+00,6.58E+00,6.21E+01,6.24E+01
2046,-39.988,150.029,2.03E+00,6.61E+00,6.25E+01,6.27E+01
2047,-46.6524,150.027,2.00E+00,6.67E+00,6.29E+01,6.29E+01
2048,-53.3166,150.024,1.97E+00,6.77E+00,6.34E+01,6.32E+01
2049,-59.9808,150.021,1.94E+00,6.90E+00,6.41E+01,6.36E+01
2050,-66.6451,150.018,1.90E+00,7.08E+00,6.47E+01,6.39E+01
2051,-73.3092,150.014,1.86E+00,7.29E+00,6.55E+01,6.43E+01
2052,-79.9734,150.01,1.82E+00,7.56E+00,6.62E+01,6.48E+01
2053,-86.6378,150.007,1.77E+00,7.84E+00,6.75E+01,6.50E+01
2054,-93.3023,150.002,1.71E+00,8.15E+00,6.84E+01,6.53E+01
2055,-99.9673,149.998,1.65E+00,8.46E+00,6.97E+01,6.55E+01
2056,-106.216,149.994,1.59E+00,8.71E+00,7.01E+01,6.55E+01
2057,-112.465,149.99,1.53E+00,8.96E+00,6.98E+01,6.56E+01
2058,-118.714,149.987,1.45E+00,9.15E+00,7.04E+01,6.53E+01
2059,-124.964,149.983,1.37E+00,9.22E+00,7.04E+01,6.46E+01
2060,-124.96,143.725,1.63E+00,1.46E+01,3.13E+01,1.21E+02
2061,-124.957,137.468,1.85E+00,1.44E+01,3.23E+01,1.25E+02
2062,-124.955,131.211,2.06E+00,1.44E+01,3.38E+01,1.28E+02
2063,-0.00131996,143.788,2.54E+00,8.24E+00,6.42E+01,6.17E+01
2064,-0.00161868,137.541,2.98E+00,9.35E+00,6.59E+01,6.30E+01
2065,-0.00193614,131.292,3.43E+00,1.03E+01,6.76E+01,6.44E+01
2066,66.6378,143.763,2.31E+00,7.84E+00,9.39E+01,3.05E+01
2067,66.6332,137.509,2.68E+00,9.19E+00,9.72E+01,2.97E+01
2068,66.6283,131.254,3.05E+00,1.03E+01,1.01E+02,2.95E+01
2069,99.7521,143.737,1.99E+00,7.72E+00,1.14E+02,1.62E+01
2070,99.7463,137.479,2.28E+00,8.98E+00,1.18E+02,1.50E+01
2071,99.7409,131.221,2.57E+00,9.92E+00,1.22E+02,1.45E+01
2072,106.116,137.474,2.18E+00,8.83E+00,1.20E+02,1.28E+01
2073,112.451,137.469,2.07E+00,8.56E+00,1.22E+02,1.11E+01
2074,118.702,137.465,1.95E+00,8.22E+00,1.22E+02,1.01E+01
2075,112.456,143.727,1.81E+00,7.21E+00,1.18E+02,1.19E+01
2076,106.136,143.724,1.91E+00,7.50E+00,1.16E+02,1.37E+01
2077,118.706,143.722,1.71E+00,6.94E+00,1.19E+02,1.09E+01
2078,112.447,131.211,2.31E+00,9.52E+00,1.25E+02,1.06E+01
2079,106.126,131.223,2.44E+00,9.75E+00,1.24E+02,1.23E+01
2080,118.699,131.208,2.17E+00,9.16E+00,1.25E+02,9.57E+00
2081,86.6295,143.747,2.14E+00,7.82E+00,1.07E+02,2.13E+01
2082,86.6239,137.491,2.47E+00,9.11E+00,1.11E+02,2.02E+01
2083,86.6182,131.234,2.79E+00,1.01E+01,1.15E+02,1.98E+01
2084,93.203,137.485,2.38E+00,9.06E+00,1.15E+02,1.75E+01
2085,93.2229,143.749,2.07E+00,7.80E+00,1.11E+02,1.87E+01
2086,93.2114,131.22,2.68E+00,1.00E+01,1.19E+02,1.70E+01
2087,73.2965,137.503,2.62E+00,9.18E+00,1.02E+02,2.64E+01
2088,79.9601,137.497,2.55E+00,9.16E+00,1.06E+02,2.32E+01
2089,73.3015,143.758,2.26E+00,7.85E+00,9.78E+01,2.73E+01
2090,79.9654,143.753,2.20E+00,7.84E+00,1.02E+02,2.42E+01
2091,73.2914,131.248,2.97E+00,1.03E+01,1.06E+02,2.61E+01
2092,79.9546,131.241,2.89E+00,1.02E+01,1.11E+02,2.29E+01
2093,33.319,143.781,2.49E+00,7.87E+00,7.70E+01,4.61E+01
2094,33.3166,137.532,2.91E+00,9.18E+00,7.92E+01,4.63E+01
2095,33.3141,131.282,3.33E+00,1.03E+01,8.13E+01,4.68E+01
2096,53.3104,143.771,2.40E+00,7.83E+00,8.66E+01,3.68E+01
2097,53.3067,137.52,2.79E+00,9.18E+00,8.93E+01,3.64E+01
2098,53.3027,131.267,3.19E+00,1.03E+01,9.21E+01,3.64E+01
2099,59.9699,137.515,2.74E+00,9.18E+00,9.31E+01,3.30E+01
2100,59.9741,143.767,2.36E+00,7.83E+00,9.01E+01,3.36E+01
2101,59.9655,131.261,3.13E+00,1.03E+01,9.63E+01,3.30E+01
2102,39.98,137.528,2.88E+00,9.17E+00,8.24E+01,4.30E+01
2103,46.6434,137.524,2.84E+00,9.17E+00,8.57E+01,3.97E+01
2104,39.9829,143.779,2.46E+00,7.84E+00,8.01E+01,4.30E+01
2105,46.6467,143.775,2.43E+00,7.83E+00,8.32E+01,3.99E+01
2106,39.977,131.277,3.29E+00,1.03E+01,8.46E+01,4.33E+01
2107,46.6399,131.272,3.25E+00,1.03E+01,8.82E+01,3.99E+01
2108,19.991,143.786,2.52E+00,7.97E+00,7.15E+01,5.23E+01
2109,19.9895,137.537,2.96E+00,9.22E+00,7.34E+01,5.29E+01
2110,19.9879,131.288,3.39E+00,1.03E+01,7.53E+01,5.38E+01
2111,26.6531,137.535,2.94E+00,9.19E+00,7.62E+01,4.96E+01
2112,26.655,143.784,2.51E+00,7.91E+00,7.42E+01,4.92E+01
2113,26.651,131.285,3.37E+00,1.03E+01,7.82E+01,5.03E+01
2114,6.66212,137.54,2.98E+00,9.30E+00,6.83E+01,5.96E+01
2115,13.3258,137.539,2.97E+00,9.25E+00,7.08E+01,5.63E+01
2116,6.66282,143.788,2.54E+00,8.14E+00,6.65E+01,5.85E+01
2117,13.3269,143.787,2.54E+00,8.05E+00,6.89E+01,5.54E+01
2118,6.66138,131.292,3.42E+00,1.03E+01,7.00E+01,6.08E+01
2119,13.3247,131.29,3.41E+00,1.03E+01,7.25E+01,5.73E+01
2120,-59.9775,143.77,2.34E+00,1.05E+01,4.67E+01,9.18E+01
2121,-59.974,137.518,2.73E+00,1.11E+01,4.82E+01,9.54E+01
2122,-59.9703,131.265,3.13E+00,1.17E+01,4.98E+01,9.91E+01
2123,-26.6579,143.785,2.50E+00,8.86E+00,5.59E+01,7.45E+01
2124,-26.6565,137.536,2.93E+00,9.72E+00,5.74E+01,7.67E+01
2125,-26.6552,131.287,3.37E+00,1.04E+01,5.90E+01,7.90E+01
2126,-13.3296,143.788,2.53E+00,8.51E+00,5.99E+01,6.80E+01
2127,-13.3291,137.54,2.97E+00,9.49E+00,6.15E+01,6.98E+01
2128,-13.3286,131.291,3.41E+00,1.03E+01,6.31E+01,7.16E+01
2129,-6.66534,137.54,2.98E+00,9.42E+00,6.37E+01,6.63E+01
2130,-6.66545,143.788,2.54E+00,8.36E+00,6.20E+01,6.48E+01
2131,-6.66525,131.292,3.42E+00,1.03E+01,6.53E+01,6.80E+01
2132,-19.9928,137.538,2.95E+00,9.59E+00,5.95E+01,7.32E+01
2133,-19.9937,143.787,2.52E+00,8.67E+00,5.78E+01,7.12E+01
2134,-19.9919,131.29,3.39E+00,1.04E+01,6.10E+01,7.53E+01
2135,-39.9859,143.78,2.45E+00,9.36E+00,5.21E+01,8.12E+01
2136,-39.9837,137.531,2.87E+00,1.01E+01,5.36E+01,8.39E+01
2137,-39.9814,131.28,3.29E+00,1.07E+01,5.52E+01,8.67E+01
2138,-33.3202,137.534,2.90E+00,9.88E+00,5.55E+01,8.03E+01
2139,-33.322,143.783,2.48E+00,9.09E+00,5.39E+01,7.78E+01
2140,-33.3184,131.284,3.33E+00,1.05E+01,5.71E+01,8.28E+01
2141,-53.3106,137.523,2.79E+00,1.07E+01,5.00E+01,9.15E+01
2142,-46.6471,137.527,2.83E+00,1.04E+01,5.18E+01,8.77E+01
2143,-53.3136,143.774,2.38E+00,1.01E+01,4.85E+01,8.82E+01
2144,-46.6498,143.777,2.42E+00,9.69E+00,5.02E+01,8.46E+01
2145,-53.3073,131.271,3.19E+00,1.13E+01,5.15E+01,9.48E+01
2146,-46.6444,131.276,3.24E+00,1.09E+01,5.34E+01,9.07E+01
2147,-93.2177,143.755,2.05E+00,1.35E+01,3.87E+01,1.12E+02
2148,-93.1924,137.491,2.38E+00,1.40E+01,3.99E+01,1.17E+02
2149,-93.2077,131.225,2.70E+00,1.45E+01,4.13E+01,1.22E+02
2150,-73.3051,143.761,2.24E+00,1.16E+01,4.33E+01,9.93E+01
2151,-73.3008,137.508,2.61E+00,1.22E+01,4.47E+01,1.04E+02
2152,-73.2965,131.253,2.98E+00,1.28E+01,4.63E+01,1.08E+02
2153,-66.6373,137.513,2.68E+00,1.16E+01,4.64E+01,9.95E+01
2154,-66.6412,143.766,2.29E+00,1.10E+01,4.50E+01,9.55E+01
2155,-66.6333,131.259,3.06E+00,1.22E+01,4.80E+01,1.04E+02
2156,-86.5983,137.496,2.47E+00,1.35E+01,4.14E+01,1.13E+02
2157,-79.9645,137.502,2.54E+00,1.28E+01,4.30E+01,1.08E+02
2158,-86.6132,143.755,2.12E+00,1.28E+01,4.02E+01,1.08E+02
2159,-79.9691,143.757,2.19E+00,1.22E+01,4.17E+01,1.04E+02
2160,-86.6035,131.237,2.80E+00,1.40E+01,4.29E+01,1.18E+02
2161,-79.9599,131.247,2.89E+00,1.34E+01,4.45E+01,1.13E+02
2162,-106.131,143.729,1.90E+00,1.44E+01,3.57E+01,1.18E+02
2163,-106.106,137.48,2.19E+00,1.47E+01,3.71E+01,1.23E+02
2164,-106.121,131.23,2.47E+00,1.51E+01,3.84E+01,1.28E+02
2165,-99.6862,137.485,2.29E+00,1.45E+01,3.85E+01,1.20E+02
2166,-99.7148,143.742,1.98E+00,1.40E+01,3.74E+01,1.15E+02
2167,-99.7049,131.227,2.59E+00,1.49E+01,3.98E+01,1.25E+02
2168,-118.706,137.471,1.98E+00,1.48E+01,3.36E+01,1.25E+02
2169,-112.425,137.475,2.09E+00,1.49E+01,3.54E+01,1.25E+02
2170,-118.709,143.729,1.73E+00,1.48E+01,3.23E+01,1.21E+02
2171,-112.44,143.73,1.82E+00,1.47E+01,3.37E+01,1.20E+02
2172,-118.703,131.214,2.21E+00,1.49E+01,3.53E+01,1.29E+02
2173,-112.432,131.22,2.34E+00,1.51E+01,3.69E+01,1.29E+02
2174,-131.214,149.98,1.28E+00,9.13E+00,6.98E+01,6.38E+01
2175,-137.465,149.978,1.19E+00,8.78E+00,6.85E+01,6.32E+01
2176,-143.717,149.977,1.08E+00,7.85E+00,6.59E+01,6.35E+01
2177,-149.971,149.975,9.63E-01,8.06E+00,4.86E+01,9.03E+01
2178,-149.973,143.72,1.11E+00,1.03E+01,3.05E+01,1.17E+02
2179,-149.976,137.467,1.22E+00,1.15E+01,2.92E+01,1.21E+02
2180,-149.979,131.216,1.32E+00,1.22E+01,2.91E+01,1.24E+02
2181,-149.983,124.965,1.41E+00,1.26E+01,2.94E+01,1.24E+02
2182,-149.986,118.715,1.49E+00,1.27E+01,3.01E+01,1.23E+02
2183,-149.99,112.465,1.56E+00,1.25E+01,3.11E+01,1.21E+02
2184,-149.994,106.216,1.63E+00,1.22E+01,3.21E+01,1.18E+02
2185,-149.998,99.9675,1.69E+00,1.18E+01,3.36E+01,1.15E+02
2186,-150.002,93.3022,1.75E+00,1.13E+01,3.54E+01,1.11E+02
2187,-150.006,86.6373,1.80E+00,1.07E+01,3.73E+01,1.07E+02
2188,-150.01,79.9729,1.85E+00,1.01E+01,3.92E+01,1.02E+02
2189,-150.014,73.3086,1.89E+00,9.48E+00,4.10E+01,9.83E+01
2190,-150.018,66.6444,1.93E+00,8.98E+00,4.27E+01,9.46E+01
2191,-150.021,59.9802,1.96E+00,8.53E+00,4.44E+01,9.10E+01
2192,-150.024,53.316,2.00E+00,8.12E+00,4.61E+01,8.74E+01
2193,-150.027,46.6517,2.02E+00,7.76E+00,4.79E+01,8.39E+01
2194,-150.029,39.9874,2.05E+00,7.45E+00,4.97E+01,8.05E+01
2195,-150.031,33.323,2.07E+00,7.19E+00,5.16E+01,7.71E+01
2196,-150.033,26.6586,2.08E+00,6.97E+00,5.36E+01,7.38E+01
2197,-150.034,19.9941,2.09E+00,6.78E+00,5.56E+01,7.06E+01
2198,-150.035,13.3296,2.10E+00,6.63E+00,5.76E+01,6.74E+01
2199,-150.036,6.66506,2.11E+00,6.50E+00,5.97E+01,6.42E+01
2200,-150.036,0.000521185,2.11E+00,6.39E+00,6.19E+01,6.11E+01
2201,-150.036,-6.66402,2.11E+00,6.30E+00,6.42E+01,5.80E+01
2202,-150.035,-13.3285,2.10E+00,6.23E+00,6.66E+01,5.48E+01
2203,-150.034,-19.993,2.09E+00,6.17E+00,6.91E+01,5.18E+01
2204,-150.033,-26.6575,2.08E+00,6.13E+00,7.18E+01,4.87E+01
2205,-150.031,-33.3218,2.06E+00,6.12E+00,7.46E+01,4.56E+01
2206,-150.028,-39.9862,2.04E+00,6.12E+00,7.75E+01,4.24E+01
2207,-150.026,-46.6505,2.01E+00,6.14E+00,8.07E+01,3.93E+01
2208,-150.023,-53.3146,1.98E+00,6.18E+00,8.39E+01,3.62E+01
2209,-150.019,-59.9788,1.95E+00,6.24E+00,8.73E+01,3.30E+01
2210,-150.016,-66.6429,1.92E+00,6.32E+00,9.09E+01,2.98E+01
2211,-150.012,-73.3069,1.87E+00,6.42E+00,9.46E+01,2.66E+01
2212,-150.008,-79.971,1.83E+00,6.53E+00,9.85E+01,2.34E+01
2213,-150.003,-86.6353,1.78E+00,6.65E+00,1.03E+02,2.01E+01
2214,-149.999,-93.2997,1.72E+00,6.75E+00,1.07E+02,1.69E+01
2215,-149.994,-99.9647,1.66E+00,6.87E+00,1.11E+02,1.41E+01
2216,-149.99,-106.214,1.59E+00,6.97E+00,1.14E+02,1.21E+01
2217,-149.985,-112.462,1.52E+00,7.07E+00,1.16E+02,1.11E+01
2218,-149.981,-118.712,1.44E+00,7.22E+00,1.18E+02,1.11E+01
2219,-149.978,-124.962,1.36E+00,7.33E+00,1.19E+02,1.20E+01
2220,-149.975,-131.213,1.26E+00,7.35E+00,1.19E+02,1.35E+01
2221,-149.973,-137.465,1.15E+00,7.26E+00,1.17E+02,1.53E+01
2222,-149.971,-143.717,1.04E+00,6.99E+00,1.14E+02,1.77E+01
2223,-149.971,-149.971,9.02E-01,6.49E+00,1.11E+02,2.05E+01
2224,-143.716,-149.971,1.04E+00,6.86E+00,1.12E+02,1.96E+01
2225,-137.464,-149.973,1.16E+00,7.15E+00,1.15E+02,1.67E+01
2226,-131.212,-149.975,1.26E+00,7.29E+00,1.17E+02,1.44E+01
2227,-143.789,0.000652132,2.55E+00,7.92E+00,6.38E+01,6.20E+01
2228,-137.541,0.000790854,2.99E+00,9.07E+00,6.54E+01,6.32E+01
2229,-131.293,0.000941814,3.43E+00,1.00E+01,6.71E+01,6.45E+01
2230,-143.756,79.9684,2.21E+00,1.12E+01,4.12E+01,1.06E+02
2231,-137.502,79.9638,2.56E+00,1.21E+01,4.28E+01,1.10E+02
2232,-131.246,79.959,2.91E+00,1.29E+01,4.44E+01,1.15E+02
2233,-143.728,118.71,1.75E+00,1.34E+01,3.18E+01,1.26E+02
2234,-137.471,118.706,1.99E+00,1.40E+01,3.35E+01,1.28E+02
2235,-131.213,118.703,2.22E+00,1.44E+01,3.52E+01,1.30E+02
2236,-143.719,137.465,1.40E+00,1.19E+01,2.93E+01,1.20E+02
2237,-137.463,137.464,1.57E+00,1.27E+01,3.05E+01,1.21E+02
2238,-131.21,137.465,1.72E+00,1.37E+01,3.13E+01,1.23E+02
2239,-137.464,143.721,1.39E+00,1.31E+01,2.96E+01,1.18E+02
2240,-143.717,143.72,1.26E+00,1.13E+01,2.86E+01,1.16E+02
2241,-131.211,143.722,1.51E+00,1.41E+01,3.05E+01,1.19E+02
2242,-137.467,124.957,1.86E+00,1.36E+01,3.23E+01,1.27E+02
2243,-137.465,131.21,1.73E+00,1.31E+01,3.14E+01,1.24E+02
2244,-143.725,124.961,1.65E+00,1.32E+01,3.09E+01,1.26E+02
2245,-143.722,131.212,1.53E+00,1.27E+01,3.02E+01,1.24E+02
2246,-131.21,124.956,2.07E+00,1.41E+01,3.37E+01,1.28E+02
2247,-131.209,131.21,1.90E+00,1.38E+01,3.25E+01,1.26E+02
2248,-143.742,99.7555,2.01E+00,1.28E+01,3.67E+01,1.19E+02
2249,-137.485,99.7505,2.31E+00,1.36E+01,3.84E+01,1.23E+02
2250,-131.227,99.7457,2.60E+00,1.43E+01,3.97E+01,1.27E+02
2251,-137.48,106.121,2.21E+00,1.39E+01,3.68E+01,1.26E+02
2252,-137.475,112.455,2.11E+00,1.40E+01,3.50E+01,1.28E+02
2253,-143.73,106.14,1.93E+00,1.32E+01,3.47E+01,1.22E+02
2254,-143.732,112.46,1.84E+00,1.34E+01,3.30E+01,1.24E+02
2255,-131.229,106.131,2.48E+00,1.45E+01,3.83E+01,1.30E+02
2256,-131.217,112.452,2.36E+00,1.46E+01,3.68E+01,1.31E+02
2257,-137.496,86.6277,2.49E+00,1.27E+01,4.12E+01,1.15E+02
2258,-137.49,93.207,2.40E+00,1.32E+01,3.97E+01,1.19E+02
2259,-143.752,86.6327,2.15E+00,1.18E+01,3.96E+01,1.11E+02
2260,-143.754,93.2263,2.08E+00,1.24E+01,3.84E+01,1.15E+02
2261,-131.24,86.6227,2.82E+00,1.34E+01,4.27E+01,1.20E+02
2262,-131.226,93.2162,2.71E+00,1.39E+01,4.12E+01,1.24E+02
2263,-143.78,39.9852,2.46E+00,8.68E+00,5.16E+01,8.24E+01
2264,-137.531,39.9828,2.88E+00,9.55E+00,5.32E+01,8.46E+01
2265,-131.28,39.9803,3.30E+00,1.02E+01,5.49E+01,8.71E+01
2266,-143.77,59.9767,2.36E+00,9.65E+00,4.62E+01,9.34E+01
2267,-137.518,59.973,2.75E+00,1.05E+01,4.79E+01,9.64E+01
2268,-131.265,59.9692,3.14E+00,1.11E+01,4.95E+01,9.99E+01
2269,-137.513,66.6364,2.69E+00,1.09E+01,4.61E+01,1.01E+02
2270,-137.507,73.3,2.63E+00,1.15E+01,4.44E+01,1.05E+02
2271,-143.766,66.6405,2.31E+00,1.01E+01,4.45E+01,9.74E+01
2272,-143.761,73.3043,2.26E+00,1.06E+01,4.28E+01,1.02E+02
2273,-131.259,66.6323,3.07E+00,1.16E+01,4.78E+01,1.05E+02
2274,-131.253,73.2955,2.99E+00,1.22E+01,4.60E+01,1.10E+02
2275,-137.527,46.6462,2.84E+00,9.78E+00,5.14E+01,8.84E+01
2276,-137.523,53.3096,2.80E+00,1.01E+01,4.96E+01,9.23E+01
2277,-143.777,46.6491,2.43E+00,8.95E+00,4.97E+01,8.60E+01
2278,-143.774,53.3129,2.40E+00,9.27E+00,4.79E+01,8.97E+01
2279,-131.276,46.6433,3.26E+00,1.04E+01,5.31E+01,9.11E+01
2280,-131.271,53.3063,3.20E+00,1.07E+01,5.13E+01,9.54E+01
2281,-143.787,19.9931,2.53E+00,8.17E+00,5.74E+01,7.19E+01
2282,-137.539,19.992,2.96E+00,9.18E+00,5.90E+01,7.36E+01
2283,-131.29,19.9909,3.40E+00,1.00E+01,6.06E+01,7.55E+01
2284,-137.537,26.6557,2.94E+00,9.26E+00,5.70E+01,7.72E+01
2285,-137.534,33.3193,2.92E+00,9.38E+00,5.51E+01,8.09E+01
2286,-143.785,26.6572,2.51E+00,8.30E+00,5.54E+01,7.54E+01
2287,-143.783,33.3212,2.49E+00,8.47E+00,5.34E+01,7.88E+01
2288,-131.287,26.6541,3.37E+00,1.00E+01,5.87E+01,7.93E+01
2289,-131.284,33.3173,3.34E+00,1.01E+01,5.67E+01,8.31E+01
2290,-137.541,6.66455,2.98E+00,9.09E+00,6.32E+01,6.66E+01
2291,-137.54,13.3283,2.98E+00,9.13E+00,6.11E+01,7.01E+01
2292,-143.789,6.66481,2.54E+00,7.98E+00,6.16E+01,6.53E+01
2293,-143.788,13.329,2.54E+00,8.07E+00,5.94E+01,6.86E+01
2294,-131.293,6.66428,3.43E+00,1.00E+01,6.48E+01,6.81E+01
2295,-131.292,13.3276,3.42E+00,1.00E+01,6.27E+01,7.17E+01
2296,-143.758,-73.3021,2.24E+00,8.06E+00,9.78E+01,2.63E+01
2297,-137.504,-73.2972,2.61E+00,9.29E+00,1.01E+02,2.62E+01
2298,-131.248,-73.2921,2.96E+00,1.03E+01,1.05E+02,2.61E+01
2299,-143.782,-33.3197,2.48E+00,7.78E+00,7.67E+01,4.58E+01
2300,-137.533,-33.3174,2.91E+00,9.06E+00,7.87E+01,4.63E+01
2301,-131.282,-33.3151,3.33E+00,1.02E+01,8.07E+01,4.69E+01
2302,-143.788,-13.3276,2.54E+00,7.82E+00,6.85E+01,5.55E+01
2303,-137.54,-13.3266,2.97E+00,9.04E+00,7.03E+01,5.64E+01
2304,-131.291,-13.3256,3.41E+00,1.01E+01,7.20E+01,5.73E+01
2305,-137.541,-6.66293,2.98E+00,9.05E+00,6.78E+01,5.98E+01
2306,-143.788,-6.66348,2.54E+00,7.87E+00,6.61E+01,5.87E+01
2307,-131.292,-6.66237,3.43E+00,1.01E+01,6.95E+01,6.09E+01
2308,-137.535,-26.6539,2.93E+00,9.05E+00,7.57E+01,4.97E+01
2309,-137.538,-19.9903,2.96E+00,9.04E+00,7.29E+01,5.30E+01
2310,-143.784,-26.6557,2.50E+00,7.78E+00,7.38E+01,4.90E+01
2311,-143.786,-19.9917,2.52E+00,7.80E+00,7.11E+01,5.22E+01
2312,-131.286,-26.652,3.37E+00,1.01E+01,7.76E+01,5.03E+01
2313,-131.289,-19.9889,3.39E+00,1.01E+01,7.47E+01,5.38E+01
2314,-143.772,-53.3111,2.39E+00,7.86E+00,8.64E+01,3.61E+01
2315,-137.52,-53.3075,2.78E+00,9.16E+00,8.88E+01,3.63E+01
2316,-131.268,-53.3036,3.18E+00,1.03E+01,9.15E+01,3.65E+01
2317,-137.525,-46.6442,2.83E+00,9.12E+00,8.52E+01,3.96E+01
2318,-137.529,-39.9809,2.87E+00,9.09E+00,8.18E+01,4.30E+01
2319,-143.776,-46.6474,2.42E+00,7.82E+00,8.30E+01,3.93E+01
2320,-143.779,-39.9836,2.45E+00,7.80E+00,7.98E+01,4.26E+01
2321,-131.273,-46.6408,3.24E+00,1.02E+01,8.76E+01,3.99E+01
2322,-131.278,-39.978,3.29E+00,1.02E+01,8.40E+01,4.34E+01
2323,-137.51,-66.6339,2.67E+00,9.25E+00,9.67E+01,2.96E+01
2324,-137.515,-59.9707,2.73E+00,9.20E+00,9.26E+01,3.29E+01
2325,-143.763,-66.6384,2.30E+00,7.98E+00,9.37E+01,2.95E+01
2326,-143.768,-59.9748,2.34E+00,7.92E+00,9.00E+01,3.28E+01
2327,-131.255,-66.6291,3.05E+00,1.03E+01,1.00E+02,2.96E+01
2328,-131.262,-59.9664,3.12E+00,1.03E+01,9.57E+01,3.30E+01
2329,-143.723,-112.426,1.80E+00,8.42E+00,1.20E+02,1.11E+01
2330,-137.47,-112.4,2.06E+00,9.42E+00,1.23E+02,1.09E+01
2331,-131.217,-112.416,2.30E+00,1.01E+01,1.26E+02,1.06E+01
2332,-143.753,-93.198,2.05E+00,8.31E+00,1.11E+02,1.71E+01
2333,-137.486,-93.1633,2.36E+00,9.41E+00,1.15E+02,1.70E+01
2334,-131.218,-93.1867,2.67E+00,1.03E+01,1.19E+02,1.68E+01
2335,-137.492,-86.5842,2.45E+00,9.37E+00,1.11E+02,1.98E+01
2336,-137.498,-79.9607,2.53E+00,9.33E+00,1.06E+02,2.29E+01
2337,-143.752,-86.6032,2.12E+00,8.22E+00,1.06E+02,1.99E+01
2338,-143.753,-79.9659,2.18E+00,8.14E+00,1.02E+02,2.30E+01
2339,-131.23,-86.5922,2.78E+00,1.03E+01,1.15E+02,1.97E+01
2340,-131.241,-79.9554,2.88E+00,1.03E+01,1.10E+02,2.28E+01
2341,-137.474,-106.054,2.17E+00,9.48E+00,1.21E+02,1.24E+01
2342,-137.48,-99.6507,2.27E+00,9.44E+00,1.18E+02,1.45E+01
2343,-143.723,-106.097,1.89E+00,8.48E+00,1.18E+02,1.26E+01
2344,-143.739,-99.6917,1.97E+00,8.44E+00,1.15E+02,1.48E+01
2345,-131.225,-106.087,2.43E+00,1.02E+01,1.25E+02,1.21E+01
2346,-131.221,-99.6806,2.56E+00,1.03E+01,1.23E+02,1.42E+01
2347,-143.718,-131.209,1.47E+00,8.27E+00,1.20E+02,1.29E+01
2348,-137.461,-131.207,1.66E+00,8.91E+00,1.21E+02,1.17E+01
2349,-131.205,-131.206,1.84E+00,9.36E+00,1.23E+02,1.05E+01
2350,-137.463,-124.954,1.80E+00,9.11E+00,1.23E+02,1.08E+01
2351,-137.466,-118.682,1.94E+00,9.27E+00,1.24E+02,1.05E+01
2352,-143.72,-124.957,1.59E+00,8.37E+00,1.21E+02,1.16E+01
2353,-143.722,-118.694,1.70E+00,8.39E+00,1.21E+02,1.10E+01
2354,-131.206,-124.952,2.01E+00,9.69E+00,1.25E+02,9.87E+00
2355,-131.21,-118.686,2.16E+00,9.96E+00,1.26E+02,9.78E+00
2356,-137.461,-143.716,1.34E+00,8.05E+00,1.16E+02,1.45E+01
2357,-137.46,-137.461,1.51E+00,8.58E+00,1.19E+02,1.29E+01
2358,-143.715,-143.716,1.20E+00,7.60E+00,1.15E+02,1.68E+01
2359,-143.716,-137.462,1.34E+00,8.04E+00,1.17E+02,1.46E+01
2360,-131.208,-143.718,1.47E+00,8.29E+00,1.18E+02,1.27E+01
2361,-131.206,-137.461,1.66E+00,8.93E+00,1.20E+02,1.15E+01
2362,131.212,149.973,1.29E+00,1.09E+01,7.27E+01,6.61E+01
2363,137.464,149.971,1.18E+00,1.04E+01,7.04E+01,6.55E+01
2364,143.717,149.969,1.07E+00,9.67E+00,6.75E+01,6.43E+01
2365,149.97,149.97,9.44E-01,1.24E+01,4.43E+01,8.99E+01
2366,149.969,143.717,1.07E+00,9.65E+00,6.76E+01,6.39E+01
2367,149.971,137.464,1.19E+00,1.04E+01,7.03E+01,6.51E+01
2368,149.974,131.213,1.29E+00,1.09E+01,7.23E+01,6.55E+01
2369,149.977,124.962,1.39E+00,1.13E+01,7.34E+01,6.55E+01
2370,149.981,118.712,1.48E+00,1.14E+01,7.39E+01,6.52E+01
2371,149.985,112.462,1.56E+00,1.15E+01,7.38E+01,6.48E+01
2372,149.99,106.213,1.63E+00,1.15E+01,7.33E+01,6.45E+01
2373,149.994,99.9648,1.69E+00,1.13E+01,7.25E+01,6.42E+01
2374,149.999,93.3001,1.75E+00,1.11E+01,7.16E+01,6.37E+01
2375,150.003,86.6357,1.81E+00,1.08E+01,7.04E+01,6.32E+01
2376,150.008,79.9714,1.86E+00,1.04E+01,6.92E+01,6.29E+01
2377,150.012,73.3072,1.90E+00,1.01E+01,6.80E+01,6.25E+01
2378,150.016,66.643,1.94E+00,9.71E+00,6.69E+01,6.22E+01
2379,150.02,59.9788,1.97E+00,9.34E+00,6.59E+01,6.20E+01
2380,150.023,53.3146,2.00E+00,8.99E+00,6.49E+01,6.17E+01
2381,150.026,46.6503,2.03E+00,8.66E+00,6.41E+01,6.16E+01
2382,150.028,39.986,2.05E+00,8.35E+00,6.34E+01,6.15E+01
2383,150.03,33.3216,2.07E+00,8.06E+00,6.29E+01,6.14E+01
2384,150.032,26.6572,2.09E+00,7.80E+00,6.24E+01,6.14E+01
2385,150.034,19.9928,2.10E+00,7.56E+00,6.20E+01,6.14E+01
2386,150.035,13.3283,2.11E+00,7.35E+00,6.17E+01,6.15E+01
2387,150.035,6.66377,2.11E+00,7.17E+00,6.15E+01,6.16E+01
2388,150.035,-0.000763571,2.11E+00,7.03E+00,6.14E+01,6.17E+01
2389,150.035,-6.6653,2.11E+00,6.90E+00,6.13E+01,6.18E+01
2390,150.035,-13.3298,2.10E+00,6.81E+00,6.14E+01,6.20E+01
2391,150.034,-19.9943,2.09E+00,6.75E+00,6.15E+01,6.22E+01
2392,150.033,-26.6588,2.07E+00,6.72E+00,6.17E+01,6.24E+01
2393,150.031,-33.3232,2.06E+00,6.71E+00,6.20E+01,6.26E+01
2394,150.029,-39.9876,2.03E+00,6.74E+00,6.24E+01,6.29E+01
2395,150.027,-46.652,2.01E+00,6.80E+00,6.29E+01,6.32E+01
2396,150.024,-53.3163,1.98E+00,6.91E+00,6.35E+01,6.36E+01
2397,150.021,-59.9806,1.95E+00,7.05E+00,6.42E+01,6.40E+01
2398,150.017,-66.6449,1.91E+00,7.23E+00,6.50E+01,6.45E+01
2399,150.014,-73.309,1.87E+00,7.45E+00,6.58E+01,6.49E+01
2400,150.01,-79.9733,1.83E+00,7.70E+00,6.67E+01,6.54E+01
2401,150.006,-86.6377,1.78E+00,7.98E+00,6.76E+01,6.58E+01
2402,150.002,-93.3021,1.72E+00,8.28E+00,6.86E+01,6.62E+01
2403,149.998,-99.9669,1.66E+00,8.56E+00,6.95E+01,6.64E+01
2404,149.994,-106.215,1.60E+00,8.83E+00,7.01E+01,6.63E+01
2405,149.99,-112.464,1.53E+00,9.06E+00,7.05E+01,6.61E+01
2406,149.986,-118.714,1.46E+00,9.26E+00,7.07E+01,6.56E+01
2407,149.983,-124.964,1.38E+00,9.40E+00,7.05E+01,6.48E+01
2408,149.981,-131.215,1.29E+00,9.46E+00,7.00E+01,6.38E+01
2409,149.978,-137.467,1.19E+00,9.43E+00,6.88E+01,6.27E+01
2410,149.977,-143.719,1.08E+00,9.33E+00,6.70E+01,6.17E+01
2411,149.976,-149.973,9.51E-01,9.22E+00,6.52E+01,6.19E+01
2412,143.721,-149.975,1.11E+00,1.34E+01,2.83E+01,1.14E+02
2413,137.467,-149.977,1.24E+00,1.30E+01,2.88E+01,1.19E+02
2414,131.215,-149.979,1.34E+00,1.28E+01,2.95E+01,1.22E+02
2415,143.788,-0.000847245,2.55E+00,8.36E+00,6.36E+01,6.19E+01
2416,137.54,-0.00098833,2.98E+00,9.45E+00,6.54E+01,6.32E+01
2417,131.292,-0.00114469,3.43E+00,1.04E+01,6.71E+01,6.46E+01
2418,143.754,79.9662,2.20E+00,7.82E+00,1.01E+02,2.45E+01
2419,137.498,79.961,2.55E+00,9.16E+00,1.05E+02,2.35E+01
2420,131.242,79.9556,2.88E+00,1.02E+01,1.09E+02,2.31E+01
2421,143.724,118.706,1.72E+00,7.00E+00,1.18E+02,1.09E+01
2422,137.466,118.702,1.95E+00,8.26E+00,1.22E+02,1.02E+01
2423,131.208,118.699,2.17E+00,9.17E+00,1.25E+02,9.66E+00
2424,143.715,137.461,1.35E+00,5.33E+00,1.14E+02,9.51E+00
2425,137.46,137.46,1.52E+00,6.54E+00,1.17E+02,9.72E+00
2426,131.206,137.46,1.67E+00,7.31E+00,1.20E+02,9.71E+00
2427,137.461,143.715,1.35E+00,5.34E+00,1.14E+02,9.49E+00
2428,143.715,143.715,1.21E+00,4.22E+00,1.12E+02,8.92E+00
2429,131.209,143.716,1.48E+00,6.09E+00,1.17E+02,9.91E+00
2430,137.463,124.954,1.82E+00,7.86E+00,1.21E+02,9.82E+00
2431,137.461,131.206,1.67E+00,7.32E+00,1.19E+02,9.75E+00
2432,143.72,124.957,1.61E+00,6.61E+00,1.18E+02,1.03E+01
2433,143.717,131.209,1.49E+00,6.08E+00,1.17E+02,9.94E+00
2434,131.206,124.951,2.02E+00,8.72E+00,1.24E+02,9.27E+00
2435,131.206,131.205,1.85E+00,8.12E+00,1.22E+02,9.39E+00
2436,143.738,99.7525,1.99E+00,7.66E+00,1.12E+02,1.61E+01
2437,137.48,99.747,2.28E+00,8.95E+00,1.16E+02,1.50E+01
2438,131.222,99.7417,2.57E+00,9.91E+00,1.21E+02,1.45E+01
2439,137.475,106.117,2.18E+00,8.80E+00,1.19E+02,1.28E+01
2440,137.47,112.452,2.07E+00,8.58E+00,1.21E+02,1.12E+01
2441,143.725,106.137,1.91E+00,7.51E+00,1.15E+02,1.38E+01
2442,143.728,112.456,1.82E+00,7.29E+00,1.17E+02,1.21E+01
2443,131.223,106.126,2.44E+00,9.74E+00,1.23E+02,1.23E+01
2444,131.212,112.447,2.31E+00,9.50E+00,1.25E+02,1.07E+01
2445,137.492,86.6247,2.47E+00,9.12E+00,1.09E+02,2.04E+01
2446,137.486,93.2038,2.38E+00,9.05E+00,1.13E+02,1.75E+01
2447,143.748,86.6301,2.14E+00,7.79E+00,1.05E+02,2.14E+01
2448,143.75,93.2235,2.07E+00,7.75E+00,1.09E+02,1.86E+01
2449,131.235,86.6192,2.79E+00,1.02E+01,1.13E+02,2.00E+01
2450,131.221,93.2124,2.68E+00,1.01E+01,1.17E+02,1.71E+01
2451,143.779,39.9835,2.46E+00,7.90E+00,7.93E+01,4.32E+01
2452,137.529,39.9808,2.88E+00,9.21E+00,8.16E+01,4.32E+01
2453,131.278,39.978,3.29E+00,1.03E+01,8.40E+01,4.35E+01
2454,143.768,59.9749,2.36E+00,7.84E+00,8.94E+01,3.38E+01
2455,137.515,59.9709,2.74E+00,9.20E+00,9.23E+01,3.32E+01
2456,131.262,59.9666,3.12E+00,1.03E+01,9.54E+01,3.32E+01
2457,137.51,66.6341,2.68E+00,9.19E+00,9.63E+01,2.99E+01
2458,137.504,73.2975,2.62E+00,9.18E+00,1.00E+02,2.67E+01
2459,143.764,66.6386,2.31E+00,7.84E+00,9.31E+01,3.07E+01
2460,143.759,73.3023,2.26E+00,7.84E+00,9.69E+01,2.76E+01
2461,131.255,66.6295,3.05E+00,1.03E+01,9.97E+01,2.97E+01
2462,131.249,73.2924,2.97E+00,1.03E+01,1.04E+02,2.64E+01
2463,137.525,46.6442,2.84E+00,9.20E+00,8.50E+01,3.99E+01
2464,137.52,53.3076,2.79E+00,9.20E+00,8.86E+01,3.65E+01
2465,143.776,46.6474,2.43E+00,7.87E+00,8.25E+01,4.01E+01
2466,143.772,53.3111,2.40E+00,7.85E+00,8.58E+01,3.70E+01
2467,131.273,46.641,3.24E+00,1.03E+01,8.75E+01,4.00E+01
2468,131.268,53.3038,3.19E+00,1.03E+01,9.14E+01,3.66E+01
2469,143.786,19.9915,2.53E+00,8.06E+00,7.08E+01,5.25E+01
2470,137.537,19.9902,2.96E+00,9.29E+00,7.28E+01,5.31E+01
2471,131.288,19.9887,3.39E+00,1.04E+01,7.47E+01,5.39E+01
2472,137.535,26.6538,2.94E+00,9.25E+00,7.56E+01,4.98E+01
2473,137.532,33.3174,2.91E+00,9.23E+00,7.85E+01,4.65E+01
2474,143.784,26.6556,2.51E+00,7.99E+00,7.35E+01,4.94E+01
2475,143.782,33.3196,2.49E+00,7.94E+00,7.63E+01,4.63E+01
2476,131.285,26.6519,3.37E+00,1.04E+01,7.76E+01,5.04E+01
2477,131.282,33.315,3.33E+00,1.03E+01,8.07E+01,4.69E+01
2478,137.54,6.66276,2.98E+00,9.39E+00,6.77E+01,5.98E+01
2479,137.539,13.3265,2.97E+00,9.33E+00,7.02E+01,5.64E+01
2480,143.788,6.6633,2.54E+00,8.25E+00,6.59E+01,5.87E+01
2481,143.787,13.3274,2.54E+00,8.15E+00,6.83E+01,5.56E+01
2482,131.291,6.66219,3.42E+00,1.04E+01,6.95E+01,6.10E+01
2483,131.29,13.3255,3.41E+00,1.04E+01,7.20E+01,5.74E+01
2484,143.761,-73.3048,2.25E+00,1.17E+01,4.29E+01,1.00E+02
2485,137.507,-73.3003,2.62E+00,1.23E+01,4.43E+01,1.05E+02
2486,131.252,-73.2958,2.98E+00,1.29E+01,4.59E+01,1.09E+02
2487,143.782,-33.3214,2.48E+00,9.24E+00,5.34E+01,7.81E+01
2488,137.533,-33.3195,2.91E+00,9.99E+00,5.50E+01,8.07E+01
2489,131.283,-33.3175,3.33E+00,1.06E+01,5.67E+01,8.33E+01
2490,143.787,-13.3291,2.53E+00,8.64E+00,5.93E+01,6.82E+01
2491,137.539,-13.3285,2.97E+00,9.60E+00,6.10E+01,7.00E+01
2492,131.291,-13.3278,3.41E+00,1.04E+01,6.27E+01,7.19E+01
2493,137.54,-6.66472,2.98E+00,9.52E+00,6.32E+01,6.66E+01
2494,143.788,-6.66498,2.54E+00,8.50E+00,6.14E+01,6.50E+01
2495,131.292,-6.66447,3.42E+00,1.04E+01,6.48E+01,6.82E+01
2496,137.536,-26.6558,2.93E+00,9.83E+00,5.70E+01,7.71E+01
2497,137.538,-19.9922,2.96E+00,9.70E+00,5.90E+01,7.35E+01
2498,143.784,-26.6573,2.50E+00,9.01E+00,5.53E+01,7.48E+01
2499,143.786,-19.9933,2.52E+00,8.81E+00,5.73E+01,7.15E+01
2500,131.286,-26.6543,3.37E+00,1.05E+01,5.86E+01,7.94E+01
2501,131.289,-19.9911,3.39E+00,1.05E+01,6.06E+01,7.56E+01
2502,143.773,-53.3132,2.39E+00,1.02E+01,4.80E+01,8.88E+01
2503,137.522,-53.31,2.79E+00,1.09E+01,4.95E+01,9.22E+01
2504,131.27,-53.3067,3.19E+00,1.14E+01,5.12E+01,9.56E+01
2505,137.526,-46.6465,2.83E+00,1.05E+01,5.13E+01,8.83E+01
2506,137.53,-39.9831,2.87E+00,1.02E+01,5.32E+01,8.44E+01
2507,143.777,-46.6493,2.42E+00,9.84E+00,4.97E+01,8.51E+01
2508,143.78,-39.9854,2.45E+00,9.51E+00,5.16E+01,8.16E+01
2509,131.275,-46.6437,3.24E+00,1.11E+01,5.30E+01,9.13E+01
2510,131.28,-39.9807,3.29E+00,1.08E+01,5.48E+01,8.72E+01
2511,137.512,-66.6368,2.68E+00,1.18E+01,4.60E+01,1.00E+02
2512,137.517,-59.9735,2.74E+00,1.13E+01,4.78E+01,9.62E+01
2513,143.765,-66.6409,2.30E+00,1.12E+01,4.45E+01,9.63E+01
2514,143.77,-59.9771,2.34E+00,1.07E+01,4.62E+01,9.25E+01
2515,131.259,-66.6326,3.06E+00,1.24E+01,4.76E+01,1.04E+02
2516,131.265,-59.9697,3.13E+00,1.18E+01,4.94E+01,9.99E+01
2517,143.727,-112.429,1.83E+00,1.48E+01,3.39E+01,1.20E+02
2518,137.475,-112.403,2.10E+00,1.51E+01,3.50E+01,1.25E+02
2519,131.223,-112.421,2.35E+00,1.53E+01,3.64E+01,1.29E+02
2520,143.757,-93.2009,2.06E+00,1.35E+01,3.81E+01,1.12E+02
2521,137.49,-93.1668,2.39E+00,1.41E+01,3.94E+01,1.17E+02
2522,131.222,-93.1909,2.70E+00,1.46E+01,4.09E+01,1.22E+02
2523,137.496,-86.5876,2.47E+00,1.35E+01,4.10E+01,1.13E+02
2524,137.501,-79.964,2.55E+00,1.29E+01,4.27E+01,1.09E+02
2525,143.755,-86.6061,2.13E+00,1.29E+01,3.96E+01,1.08E+02
2526,143.756,-79.9688,2.19E+00,1.23E+01,4.12E+01,1.04E+02
2527,131.236,-86.5962,2.80E+00,1.41E+01,4.26E+01,1.18E+02
2528,131.246,-79.9592,2.90E+00,1.35E+01,4.42E+01,1.14E+02
2529,137.48,-106.058,2.20E+00,1.49E+01,3.65E+01,1.23E+02
2530,137.485,-99.6544,2.30E+00,1.45E+01,3.79E+01,1.20E+02
2531,143.728,-106.101,1.91E+00,1.45E+01,3.53E+01,1.18E+02
2532,143.743,-99.6947,1.99E+00,1.40E+01,3.67E+01,1.15E+02
2533,131.231,-106.092,2.48E+00,1.53E+01,3.78E+01,1.28E+02
2534,131.226,-99.685,2.59E+00,1.50E+01,3.93E+01,1.25E+02
2535,143.723,-131.212,1.52E+00,1.48E+01,3.04E+01,1.20E+02
2536,137.466,-131.21,1.72E+00,1.46E+01,3.13E+01,1.23E+02
2537,131.211,-131.21,1.91E+00,1.45E+01,3.26E+01,1.26E+02
2538,137.468,-124.958,1.86E+00,1.49E+01,3.24E+01,1.25E+02
2539,137.471,-118.686,1.98E+00,1.51E+01,3.36E+01,1.25E+02
2540,143.725,-124.96,1.63E+00,1.50E+01,3.14E+01,1.21E+02
2541,143.727,-118.697,1.73E+00,1.50E+01,3.25E+01,1.21E+02
2542,131.212,-124.956,2.07E+00,1.49E+01,3.38E+01,1.28E+02
2543,131.216,-118.69,2.22E+00,1.52E+01,3.51E+01,1.29E+02
2544,137.466,-143.72,1.41E+00,1.36E+01,2.94E+01,1.20E+02
2545,137.465,-137.464,1.58E+00,1.41E+01,3.03E+01,1.21E+02
2546,143.72,-143.719,1.26E+00,1.39E+01,2.88E+01,1.15E+02
2547,143.721,-137.465,1.40E+00,1.44E+01,2.96E+01,1.17E+02
2548,131.212,-143.722,1.55E+00,1.35E+01,3.05E+01,1.23E+02
2549,131.211,-137.465,1.74E+00,1.40E+01,3.15E+01,1.25E+02
2550,149.978,-157.48,7.80E-01,9.08E+00,6.39E+01,6.34E+01
2551,149.982,-164.988,5.84E-01,8.58E+00,6.30E+01,6.56E+01
2552,149.986,-172.497,3.63E-01,7.29E+00,6.07E+01,6.85E+01
2553,149.992,-180.005,1.33E-01,4.84E+00,5.44E+01,8.65E+01
2554,150,-187.5,0.00E+00,3.30E+00,5.02E+01,1.03E+02
2555,143.75,-187.5,0.00E+00,3.13E+00,1.52E+01,1.72E+02
2556,137.5,-187.5,0.00E+00,2.46E+00,1.57E+01,1.73E+02
2557,131.25,-187.5,0.00E+00,1.75E+00,1.34E+01,1.73E+02
2558,125,-187.5,0.00E+00,1.27E+00,1.20E+01,1.74E+02
2559,118.75,-187.5,0.00E+00,1.28E+00,1.08E+01,1.73E+02
2560,112.5,-187.5,0.00E+00,1.78E+00,9.11E+00,1.71E+02
2561,106.25,-187.5,0.00E+00,2.52E+00,7.48E+00,1.70E+02
2562,100,-187.5,0.00E+00,3.39E+00,6.34E+00,1.68E+02
2563,93.3333,-187.5,0.00E+00,4.31E+00,5.59E+00,1.66E+02
2564,86.6667,-187.5,0.00E+00,5.18E+00,5.32E+00,1.64E+02
2565,80,-187.5,0.00E+00,6.06E+00,5.53E+00,1.62E+02
2566,73.3333,-187.5,0.00E+00,6.94E+00,6.14E+00,1.60E+02
2567,66.6667,-187.5,0.00E+00,7.71E+00,7.18E+00,1.57E+02
2568,60,-187.5,0.00E+00,8.47E+00,8.55E+00,1.55E+02
2569,53.3333,-187.5,0.00E+00,9.20E+00,1.00E+01,1.53E+02
2570,46.6667,-187.5,0.00E+00,9.83E+00,1.15E+01,1.50E+02
2571,40,-187.5,0.00E+00,1.04E+01,1.33E+01,1.48E+02
2572,33.3333,-187.5,0.00E+00,1.10E+01,1.52E+01,1.47E+02
2573,26.6667,-187.5,0.00E+00,1.15E+01,1.67E+01,1.44E+02
2574,20,-187.5,0.00E+00,1.19E+01,1.87E+01,1.42E+02
2575,13.3333,-187.5,0.00E+00,1.23E+01,2.09E+01,1.40E+02
2576,6.66667,-187.5,0.00E+00,1.26E+01,2.26E+01,1.37E+02
2577,0,-187.5,0.00E+00,1.29E+01,2.48E+01,1.34E+02
2578,-6.66667,-187.5,0.00E+00,1.32E+01,2.74E+01,1.32E+02
2579,-13.3333,-187.5,0.00E+00,1.34E+01,2.91E+01,1.29E+02
2580,-20,-187.5,0.00E+00,1.35E+01,3.16E+01,1.27E+02
2581,-26.6667,-187.5,0.00E+00,1.37E+01,3.46E+01,1.25E+02
2582,-33.3333,-187.5,0.00E+00,1.38E+01,3.72E+01,1.22E+02
2583,-40,-187.5,0.00E+00,1.38E+01,3.98E+01,1.19E+02
2584,-46.6667,-187.5,0.00E+00,1.38E+01,4.19E+01,1.15E+02
2585,-53.3333,-187.5,0.00E+00,1.38E+01,4.50E+01,1.12E+02
2586,-60,-187.5,0.00E+00,1.37E+01,4.87E+01,1.10E+02
2587,-66.6667,-187.5,0.00E+00,1.35E+01,5.13E+01,1.05E+02
2588,-73.3333,-187.5,0.00E+00,1.33E+01,5.49E+01,1.02E+02
2589,-80,-187.5,0.00E+00,1.30E+01,5.93E+01,9.88E+01
2590,-86.6667,-187.5,0.00E+00,1.26E+01,6.24E+01,9.38E+01
2591,-93.3333,-187.5,0.00E+00,1.21E+01,6.65E+01,8.95E+01
2592,-100,-187.5,0.00E+00,1.15E+01,7.12E+01,8.61E+01
2593,-106.25,-187.5,0.00E+00,1.08E+01,7.44E+01,8.08E+01
2594,-112.5,-187.5,0.00E+00,9.95E+00,7.87E+01,7.59E+01
2595,-118.75,-187.5,0.00E+00,8.98E+00,8.37E+01,7.17E+01
2596,-125,-187.5,0.00E+00,7.84E+00,8.66E+01,6.58E+01
2597,-131.25,-187.5,0.00E+00,6.56E+00,8.95E+01,6.00E+01
2598,-137.5,-187.5,0.00E+00,5.21E+00,9.34E+01,5.42E+01
2599,-143.75,-187.5,0.00E+00,3.93E+00,9.58E+01,4.60E+01
2600,-150,-187.5,0.00E+00,2.79E+00,9.70E+01,3.63E+01
2601,-149.991,-180,1.07E-01,1.93E+00,1.01E+02,2.42E+01
2602,-149.983,-172.494,3.07E-01,2.18E+00,1.07E+02,1.57E+01
2603,-149.977,-164.985,5.21E-01,4.15E+00,1.08E+02,2.06E+01
2604,-149.973,-157.477,7.23E-01,5.60E+00,1.09E+02,2.18E+01
2605,-0.000463596,-180.014,2.01E-01,9.40E+00,3.58E+01,1.10E+02
2606,0.000184398,-172.522,6.07E-01,3.32E+00,5.03E+01,7.63E+01
2607,0.000203293,-165.027,1.09E+00,1.82E+00,5.60E+01,6.43E+01
2608,0.000303292,-157.532,1.59E+00,4.18E+00,5.93E+01,6.13E+01
2609,79.994,-180.011,1.86E-01,3.38E+00,1.52E+01,1.40E+02
2610,79.9892,-172.514,5.54E-01,2.75E+00,2.79E+01,1.10E+02
2611,79.9838,-165.015,9.78E-01,6.21E+00,3.36E+01,1.02E+02
2612,79.9782,-157.513,1.42E+00,8.62E+00,3.73E+01,1.02E+02
2613,118.741,-180.008,1.64E-01,3.25E+00,1.31E+01,1.53E+02
2614,118.734,-172.506,4.82E-01,7.03E+00,1.86E+01,1.26E+02
2615,118.726,-165.001,8.34E-01,9.85E+00,2.46E+01,1.19E+02
2616,118.719,-157.494,1.18E+00,1.15E+01,2.91E+01,1.20E+02
2617,124.983,-172.505,4.67E-01,7.63E+00,1.73E+01,1.28E+02
2618,131.232,-172.504,4.52E-01,8.17E+00,1.70E+01,1.29E+02
2619,137.482,-172.502,4.36E-01,8.68E+00,1.75E+01,1.28E+02
2620,143.733,-172.501,4.14E-01,9.84E+00,1.95E+01,1.22E+02
2621,131.24,-180.007,1.56E-01,4.23E+00,1.33E+01,1.54E+02
2622,124.991,-180.007,1.60E-01,3.62E+00,1.29E+01,1.54E+02
2623,137.49,-180.006,1.53E-01,4.90E+00,1.45E+01,1.54E+02
2624,143.739,-180.006,1.51E-01,5.89E+00,1.55E+01,1.49E+02
2625,131.219,-157.488,1.07E+00,1.18E+01,2.73E+01,1.22E+02
2626,131.225,-164.997,7.69E-01,1.05E+01,2.32E+01,1.22E+02
2627,124.969,-157.491,1.13E+00,1.17E+01,2.79E+01,1.21E+02
2628,124.975,-164.999,8.03E-01,1.02E+01,2.34E+01,1.21E+02
2629,143.723,-157.483,9.04E-01,1.27E+01,2.72E+01,1.14E+02
2630,137.471,-157.486,9.96E-01,1.21E+01,2.73E+01,1.20E+02
2631,143.728,-164.992,6.72E-01,1.17E+01,2.47E+01,1.15E+02
2632,137.475,-164.995,7.28E-01,1.08E+01,2.38E+01,1.21E+02
2633,99.786,-180.01,1.76E-01,3.11E+00,1.33E+01,1.47E+02
2634,99.7799,-172.51,5.21E-01,4.89E+00,2.33E+01,1.19E+02
2635,99.7732,-165.008,9.14E-01,8.25E+00,2.89E+01,1.12E+02
2636,99.7664,-157.503,1.31E+00,1.04E+01,3.28E+01,1.13E+02
2637,106.15,-172.509,5.09E-01,5.66E+00,2.18E+01,1.22E+02
2638,112.484,-172.508,4.96E-01,6.37E+00,2.02E+01,1.25E+02
2639,106.171,-180,1.72E-01,3.08E+00,1.31E+01,1.50E+02
2640,112.491,-180.008,1.68E-01,3.11E+00,1.32E+01,1.52E+02
2641,106.143,-165.006,8.89E-01,8.88E+00,2.74E+01,1.15E+02
2642,112.477,-165.004,8.62E-01,9.42E+00,2.59E+01,1.17E+02
2643,106.151,-157.509,1.27E+00,1.09E+01,3.15E+01,1.16E+02
2644,112.47,-157.497,1.23E+00,1.12E+01,3.01E+01,1.18E+02
2645,86.6548,-172.513,5.44E-01,3.37E+00,2.63E+01,1.13E+02
2646,93.2355,-172.512,5.33E-01,4.11E+00,2.48E+01,1.16E+02
2647,86.6602,-180.011,1.83E-01,3.20E+00,1.43E+01,1.42E+02
2648,93.2554,-180.018,1.79E-01,3.14E+00,1.38E+01,1.45E+02
2649,86.6489,-165.012,9.59E-01,6.90E+00,3.18E+01,1.05E+02
2650,93.2292,-165.01,9.37E-01,7.57E+00,3.01E+01,1.08E+02
2651,86.6432,-157.51,1.39E+00,9.24E+00,3.57E+01,1.06E+02
2652,93.237,-157.499,1.35E+00,9.81E+00,3.40E+01,1.09E+02
2653,39.9969,-180.014,1.97E-01,7.05E+00,2.41E+01,1.25E+02
2654,39.995,-172.52,5.95E-01,2.49E+00,3.83E+01,9.23E+01
2655,39.9924,-165.024,1.06E+00,2.87E+00,4.40E+01,8.18E+01
2656,39.9898,-157.527,1.55E+00,5.59E+00,4.76E+01,8.05E+01
2657,59.9955,-180.013,1.93E-01,5.21E+00,1.92E+01,1.32E+02
2658,59.9922,-172.518,5.78E-01,2.39E+00,3.30E+01,1.01E+02
2659,59.9883,-165.02,1.03E+00,4.33E+00,3.87E+01,9.13E+01
2660,59.9842,-157.521,1.50E+00,6.90E+00,4.23E+01,9.08E+01
2661,66.6578,-172.517,5.71E-01,2.37E+00,3.12E+01,1.04E+02
2662,73.3235,-172.515,5.63E-01,2.44E+00,2.97E+01,1.07E+02
2663,66.6617,-180.012,1.90E-01,4.50E+00,1.77E+01,1.35E+02
2664,73.3278,-180.012,1.88E-01,3.84E+00,1.65E+01,1.38E+02
2665,66.6534,-165.018,1.01E+00,4.93E+00,3.68E+01,9.47E+01
2666,73.3186,-165.017,9.97E-01,5.54E+00,3.51E+01,9.76E+01
2667,66.6491,-157.519,1.47E+00,7.44E+00,4.06E+01,9.44E+01
2668,73.3137,-157.516,1.45E+00,7.97E+00,3.88E+01,9.76E+01
2669,46.6606,-172.519,5.90E-01,2.45E+00,3.65E+01,9.52E+01
2670,53.3264,-172.518,5.85E-01,2.46E+00,3.49E+01,9.80E+01
2671,46.6631,-180.013,1.96E-01,6.48E+00,2.24E+01,1.27E+02
2672,53.3293,-180.013,1.95E-01,5.91E+00,2.10E+01,1.30E+02
2673,46.6576,-165.023,1.05E+00,3.31E+00,4.21E+01,8.49E+01
2674,53.323,-165.022,1.04E+00,3.78E+00,4.04E+01,8.77E+01
2675,46.6548,-157.525,1.54E+00,5.98E+00,4.58E+01,8.38E+01
2676,53.3195,-157.523,1.52E+00,6.35E+00,4.41E+01,8.69E+01
2677,19.9982,-180.014,2.00E-01,8.44E+00,2.97E+01,1.18E+02
2678,19.9976,-172.521,6.05E-01,2.61E+00,4.40E+01,8.41E+01
2679,19.9964,-165.026,1.08E+00,1.88E+00,4.97E+01,7.28E+01
2680,19.9952,-157.531,1.58E+00,4.73E+00,5.32E+01,7.07E+01
2681,26.6633,-172.521,6.02E-01,2.56E+00,4.21E+01,8.68E+01
2682,33.3292,-172.52,6.00E-01,2.56E+00,4.05E+01,8.97E+01
2683,26.6644,-180.014,1.99E-01,8.02E+00,2.77E+01,1.20E+02
2684,33.3306,-180.014,1.99E-01,7.60E+00,2.63E+01,1.23E+02
2685,26.6617,-165.026,1.08E+00,2.15E+00,4.77E+01,7.57E+01
2686,33.3271,-165.025,1.07E+00,2.46E+00,4.60E+01,7.85E+01
2687,26.6601,-157.53,1.58E+00,4.97E+00,5.13E+01,7.39E+01
2688,33.325,-157.529,1.57E+00,5.19E+00,4.96E+01,7.70E+01
2689,6.66587,-172.522,6.07E-01,3.04E+00,4.80E+01,7.88E+01
2690,13.3317,-172.521,6.07E-01,2.81E+00,4.63E+01,8.16E+01
2691,6.66564,-180.014,2.01E-01,9.12E+00,3.36E+01,1.13E+02
2692,13.3319,-180.014,2.01E-01,8.84E+00,3.20E+01,1.16E+02
2693,6.66553,-165.027,1.09E+00,1.75E+00,5.36E+01,6.69E+01
2694,13.331,-165.027,1.09E+00,1.71E+00,5.19E+01,6.97E+01
2695,6.66523,-157.532,1.59E+00,4.32E+00,5.72E+01,6.44E+01
2696,13.3302,-157.531,1.59E+00,4.44E+00,5.54E+01,6.76E+01
2697,-73.3286,-180.012,1.85E-01,9.81E+00,6.54E+01,7.75E+01
2698,-73.3232,-172.515,5.55E-01,3.78E+00,7.97E+01,4.42E+01
2699,-73.3182,-165.016,9.84E-01,1.97E+00,8.58E+01,3.15E+01
2700,-73.3128,-157.515,1.43E+00,4.06E+00,8.98E+01,2.69E+01
2701,-33.3316,-180.014,1.97E-01,1.03E+01,4.80E+01,9.74E+01
2702,-33.329,-172.52,5.96E-01,4.10E+00,6.23E+01,6.31E+01
2703,-33.3269,-165.025,1.07E+00,1.88E+00,6.80E+01,5.02E+01
2704,-33.3244,-157.529,1.56E+00,3.67E+00,7.14E+01,4.62E+01
2705,-26.6631,-172.521,6.00E-01,4.03E+00,6.01E+01,6.62E+01
2706,-19.9972,-172.521,6.03E-01,3.88E+00,5.70E+01,6.82E+01
2707,-13.3315,-172.521,6.05E-01,3.71E+00,5.44E+01,7.06E+01
2708,-6.66571,-172.522,6.07E-01,3.57E+00,5.28E+01,7.38E+01
2709,-19.9992,-180.014,1.99E-01,1.00E+01,4.25E+01,1.02E+02
2710,-26.6654,-180.014,1.99E-01,1.02E+01,4.56E+01,1.00E+02
2711,-13.3331,-180.014,2.00E-01,9.85E+00,4.01E+01,1.05E+02
2712,-6.66674,-180.014,2.01E-01,9.68E+00,3.84E+01,1.08E+02
2713,-19.9946,-157.531,1.58E+00,3.80E+00,6.62E+01,5.20E+01
2714,-19.9959,-165.026,1.08E+00,1.90E+00,6.27E+01,5.56E+01
2715,-26.6595,-157.53,1.57E+00,3.71E+00,6.90E+01,4.92E+01
2716,-26.6613,-165.026,1.07E+00,1.90E+00,6.57E+01,5.32E+01
2717,-6.66469,-157.532,1.59E+00,4.01E+00,6.16E+01,5.82E+01
2718,-13.3297,-157.531,1.59E+00,3.92E+00,6.36E+01,5.50E+01
2719,-6.66526,-165.027,1.09E+00,1.85E+00,5.83E+01,6.13E+01
2720,-13.3306,-165.027,1.08E+00,1.88E+00,5.99E+01,5.81E+01
2721,-53.3302,-180.013,1.92E-01,1.03E+01,5.56E+01,8.76E+01
2722,-53.3262,-172.518,5.79E-01,4.09E+00,6.99E+01,5.36E+01
2723,-53.3227,-165.021,1.03E+00,1.93E+00,7.58E+01,4.08E+01
2724,-53.3188,-157.523,1.51E+00,3.76E+00,7.97E+01,3.65E+01
2725,-46.6605,-172.519,5.85E-01,4.12E+00,6.70E+01,5.66E+01
2726,-39.9948,-172.52,5.91E-01,4.12E+00,6.47E+01,5.99E+01
2727,-46.6642,-180.013,1.94E-01,1.03E+01,5.26E+01,9.07E+01
2728,-39.9979,-180.014,1.96E-01,1.03E+01,5.05E+01,9.45E+01
2729,-46.6574,-165.023,1.05E+00,1.91E+00,7.29E+01,4.36E+01
2730,-39.9922,-165.024,1.06E+00,1.86E+00,7.04E+01,4.69E+01
2731,-46.6543,-157.525,1.53E+00,3.71E+00,7.66E+01,3.96E+01
2732,-39.9894,-157.527,1.55E+00,3.66E+00,7.42E+01,4.32E+01
2733,-66.6576,-172.516,5.64E-01,3.93E+00,7.64E+01,4.75E+01
2734,-59.9919,-172.517,5.72E-01,4.04E+00,7.35E+01,5.10E+01
2735,-66.6627,-180.012,1.88E-01,1.00E+01,6.19E+01,8.11E+01
2736,-59.9965,-180.013,1.90E-01,1.02E+01,5.93E+01,8.52E+01
2737,-66.653,-165.018,1.00E+00,1.95E+00,8.24E+01,3.45E+01
2738,-59.9879,-165.02,1.02E+00,1.92E+00,7.96E+01,3.80E+01
2739,-66.6484,-157.518,1.46E+00,3.93E+00,8.63E+01,3.01E+01
2740,-59.9837,-157.521,1.48E+00,3.80E+00,8.36E+01,3.39E+01
2741,-112.448,-179.999,1.62E-01,6.89E+00,8.83E+01,5.34E+01
2742,-112.419,-172.502,4.76E-01,2.48E+00,1.01E+02,2.31E+01
2743,-112.411,-165.006,8.30E-01,2.62E+00,1.07E+02,1.33E+01
2744,-112.425,-157.503,1.19E+00,5.23E+00,1.11E+02,1.12E+01
2745,-93.2239,-180.024,1.75E-01,8.71E+00,7.65E+01,6.61E+01
2746,-93.1854,-172.516,5.21E-01,3.09E+00,9.04E+01,3.39E+01
2747,-93.1789,-165.004,9.19E-01,2.07E+00,9.65E+01,2.17E+01
2748,-93.2036,-157.491,1.33E+00,4.58E+00,1.01E+02,1.73E+01
2749,-86.6016,-172.515,5.33E-01,3.35E+00,8.69E+01,3.74E+01
2750,-79.9889,-172.514,5.45E-01,3.60E+00,8.37E+01,4.12E+01
2751,-86.6236,-180.015,1.79E-01,9.15E+00,7.27E+01,7.02E+01
2752,-79.9949,-180.011,1.82E-01,9.54E+00,6.96E+01,7.48E+01
2753,-86.5955,-165.01,9.43E-01,2.01E+00,9.30E+01,2.48E+01
2754,-79.9833,-165.014,9.65E-01,1.97E+00,8.99E+01,2.86E+01
2755,-86.6047,-157.504,1.36E+00,4.38E+00,9.70E+01,2.05E+01
2756,-79.9776,-157.512,1.40E+00,4.19E+00,9.41E+01,2.43E+01
2757,-106.074,-172.504,4.93E-01,2.66E+00,9.77E+01,2.66E+01
2758,-99.6566,-172.51,5.08E-01,2.87E+00,9.46E+01,3.07E+01
2759,-106.125,-179.997,1.67E-01,7.60E+00,8.42E+01,5.79E+01
2760,-99.7032,-180.01,1.72E-01,8.21E+00,8.10E+01,6.28E+01
2761,-106.066,-165.008,8.62E-01,2.35E+00,1.04E+02,1.56E+01
2762,-99.6497,-165.007,8.92E-01,2.17E+00,1.01E+02,1.89E+01
2763,-106.103,-157.509,1.24E+00,5.00E+00,1.08E+02,1.25E+01
2764,-99.6817,-157.501,1.28E+00,4.79E+00,1.05E+02,1.50E+01
2765,-143.732,-172.496,3.47E-01,1.99E+00,1.09E+02,1.43E+01
2766,-137.482,-172.498,3.81E-01,1.90E+00,1.10E+02,1.42E+01
2767,-131.232,-172.5,4.10E-01,2.01E+00,1.08E+02,1.49E+01
2768,-124.983,-172.503,4.35E-01,2.17E+00,1.06E+02,1.68E+01
2769,-118.709,-172.503,4.57E-01,2.34E+00,1.04E+02,2.00E+01
2770,-131.241,-180.004,1.41E-01,4.16E+00,9.73E+01,3.93E+01
2771,-143.741,-180.002,1.21E-01,2.41E+00,1.01E+02,2.92E+01
2772,-137.491,-180.003,1.32E-01,3.16E+00,1.00E+02,3.47E+01
2773,-124.992,-180.006,1.49E-01,5.17E+00,9.47E+01,4.41E+01
2774,-118.728,-180.003,1.56E-01,6.09E+00,9.25E+01,4.94E+01
2775,-131.218,-157.485,9.95E-01,5.74E+00,1.15E+02,1.46E+01
2776,-131.224,-164.993,7.06E-01,3.53E+00,1.13E+02,1.25E+01
2777,-137.468,-157.482,9.16E-01,5.77E+00,1.14E+02,1.73E+01
2778,-143.72,-157.479,8.26E-01,5.74E+00,1.11E+02,2.06E+01
2779,-137.475,-164.991,6.53E-01,3.82E+00,1.13E+02,1.49E+01
2780,-143.725,-164.988,5.92E-01,4.07E+00,1.10E+02,1.81E+01
2781,-118.704,-157.494,1.13E+00,5.45E+00,1.13E+02,1.13E+01
2782,-124.968,-157.488,1.07E+00,5.63E+00,1.14E+02,1.26E+01
2783,-118.702,-165,7.93E-01,2.92E+00,1.10E+02,1.21E+01
2784,-124.975,-164.996,7.53E-01,3.23E+00,1.11E+02,1.16E+01
2785,149.972,157.478,7.78E-01,1.48E+01,2.26E+01,1.18E+02
2786,149.976,164.987,5.79E-01,1.34E+01,2.09E+01,1.23E+02
2787,149.982,172.496,3.50E-01,1.19E+01,1.60E+01,1.31E+02
2788,149.989,180.003,1.20E-01,9.48E+00,1.35E+01,1.54E+02
2789,150,187.5,0.00E+00,7.89E+00,1.44E+01,1.72E+02
2790,143.75,187.5,0.00E+00,6.75E+00,1.44E+01,1.76E+02
2791,137.5,187.5,0.00E+00,5.55E+00,1.39E+01,1.78E+02
2792,131.25,187.5,0.00E+00,4.37E+00,1.33E+01,1.79E+02
2793,125,187.5,0.00E+00,3.25E+00,1.25E+01,1.80E+02
2794,118.75,187.5,0.00E+00,2.21E+00,1.17E+01,1.79E+02
2795,112.5,187.5,0.00E+00,1.45E+00,1.07E+01,1.79E+02
2796,106.25,187.5,0.00E+00,1.23E+00,9.44E+00,1.75E+02
2797,100,187.5,0.00E+00,1.65E+00,7.78E+00,1.69E+02
2798,93.3333,187.5,0.00E+00,2.65E+00,6.43E+00,1.68E+02
2799,86.6667,187.5,0.00E+00,3.87E+00,5.57E+00,1.68E+02
2800,80,187.5,0.00E+00,4.89E+00,5.00E+00,1.66E+02
2801,73.3333,187.5,0.00E+00,5.77E+00,4.83E+00,1.63E+02
2802,66.6667,187.5,0.00E+00,6.59E+00,5.13E+00,1.61E+02
2803,60,187.5,0.00E+00,7.36E+00,6.01E+00,1.58E+02
2804,53.3333,187.5,0.00E+00,8.08E+00,7.37E+00,1.56E+02
2805,46.6667,187.5,0.00E+00,8.76E+00,8.96E+00,1.53E+02
2806,40,187.5,0.00E+00,9.38E+00,1.07E+01,1.51E+02
2807,33.3333,187.5,0.00E+00,9.96E+00,1.24E+01,1.48E+02
2808,26.6667,187.5,0.00E+00,1.05E+01,1.43E+01,1.46E+02
2809,20,187.5,0.00E+00,1.10E+01,1.62E+01,1.43E+02
2810,13.3333,187.5,0.00E+00,1.14E+01,1.82E+01,1.41E+02
2811,6.66667,187.5,0.00E+00,1.18E+01,2.03E+01,1.38E+02
2812,0,187.5,0.00E+00,1.21E+01,2.24E+01,1.36E+02
2813,-6.66667,187.5,0.00E+00,1.24E+01,2.46E+01,1.33E+02
2814,-13.3333,187.5,0.00E+00,1.26E+01,2.69E+01,1.30E+02
2815,-20,187.5,0.00E+00,1.28E+01,2.93E+01,1.28E+02
2816,-26.6667,187.5,0.00E+00,1.29E+01,3.18E+01,1.25E+02
2817,-33.3333,187.5,0.00E+00,1.29E+01,3.44E+01,1.22E+02
2818,-40,187.5,0.00E+00,1.30E+01,3.71E+01,1.19E+02
2819,-46.6667,187.5,0.00E+00,1.30E+01,3.99E+01,1.15E+02
2820,-53.3333,187.5,0.00E+00,1.29E+01,4.28E+01,1.12E+02
2821,-60,187.5,0.00E+00,1.29E+01,4.60E+01,1.09E+02
2822,-66.6667,187.5,0.00E+00,1.27E+01,4.92E+01,1.05E+02
2823,-73.3333,187.5,0.00E+00,1.25E+01,5.26E+01,1.02E+02
2824,-80,187.5,0.00E+00,1.21E+01,5.63E+01,9.83E+01
2825,-86.6667,187.5,0.00E+00,1.18E+01,5.99E+01,9.60E+01
2826,-93.3333,187.5,0.00E+00,1.15E+01,6.41E+01,9.30E+01
2827,-100,187.5,0.00E+00,1.13E+01,6.82E+01,9.04E+01
2828,-106.25,187.5,0.00E+00,1.08E+01,7.30E+01,8.46E+01
2829,-112.5,187.5,0.00E+00,9.92E+00,7.74E+01,7.68E+01
2830,-118.75,187.5,0.00E+00,9.00E+00,8.05E+01,7.19E+01
2831,-125,187.5,0.00E+00,7.91E+00,8.38E+01,6.64E+01
2832,-131.25,187.5,0.00E+00,6.87E+00,8.66E+01,6.01E+01
2833,-137.5,187.5,0.00E+00,6.15E+00,8.93E+01,5.39E+01
2834,-143.75,187.5,0.00E+00,5.67E+00,9.17E+01,4.86E+01
2835,-150,187.5,0.00E+00,8.35E+00,5.27E+01,9.75E+01
2836,-149.99,179.999,9.67E-02,7.82E+00,5.33E+01,8.73E+01
2837,-149.981,172.495,3.02E-01,6.57E+00,5.67E+01,7.10E+01
2838,-149.975,164.988,5.35E-01,6.05E+00,6.18E+01,6.39E+01
2839,-149.972,157.48,7.58E-01,6.42E+00,6.48E+01,6.46E+01
2840,-0.000939746,180.014,1.91E-01,8.54E+00,3.38E+01,1.11E+02
2841,-0.000510313,172.521,5.97E-01,2.61E+00,4.91E+01,7.68E+01
2842,-0.000629698,165.027,1.08E+00,1.93E+00,5.51E+01,6.53E+01
2843,-0.000849175,157.532,1.59E+00,4.92E+00,5.86E+01,6.26E+01
2844,79.9934,180.012,1.80E-01,3.70E+00,1.43E+01,1.43E+02
2845,79.9881,172.515,5.55E-01,4.90E+00,2.73E+01,1.12E+02
2846,79.9823,165.015,9.86E-01,9.09E+00,3.31E+01,1.03E+02
2847,79.9764,157.513,1.43E+00,1.24E+01,3.76E+01,1.02E+02
2848,118.74,180.008,1.58E-01,5.01E+00,1.37E+01,1.58E+02
2849,118.733,172.506,4.76E-01,9.73E+00,1.97E+01,1.31E+02
2850,118.725,165,8.27E-01,1.30E+01,2.57E+01,1.23E+02
2851,118.718,157.492,1.17E+00,1.56E+01,3.01E+01,1.21E+02
2852,124.982,172.504,4.57E-01,1.03E+01,1.85E+01,1.33E+02
2853,131.232,172.502,4.35E-01,1.09E+01,1.77E+01,1.34E+02
2854,137.482,172.5,4.10E-01,1.14E+01,1.70E+01,1.34E+02
2855,143.732,172.498,3.82E-01,1.18E+01,1.65E+01,1.33E+02
2856,131.24,180.006,1.46E-01,6.83E+00,1.37E+01,1.59E+02
2857,124.99,180.007,1.52E-01,5.91E+00,1.37E+01,1.59E+02
2858,137.49,180.005,1.38E-01,7.78E+00,1.37E+01,1.59E+02
2859,143.739,180.004,1.30E-01,8.68E+00,1.37E+01,1.58E+02
2860,131.218,157.485,1.04E+00,1.56E+01,2.78E+01,1.23E+02
2861,131.224,164.995,7.46E-01,1.36E+01,2.35E+01,1.26E+02
2862,124.967,157.488,1.11E+00,1.57E+01,2.91E+01,1.23E+02
2863,124.974,164.997,7.89E-01,1.34E+01,2.46E+01,1.25E+02
2864,143.72,157.479,8.74E-01,1.51E+01,2.41E+01,1.22E+02
2865,137.468,157.482,9.61E-01,1.54E+01,2.62E+01,1.23E+02
2866,143.725,164.989,6.42E-01,1.37E+01,2.17E+01,1.25E+02
2867,137.474,164.992,6.97E-01,1.37E+01,2.25E+01,1.26E+02
2868,99.7851,180.01,1.71E-01,3.44E+00,1.38E+01,1.49E+02
2869,99.7788,172.51,5.23E-01,7.52E+00,2.35E+01,1.22E+02
2870,99.7718,165.007,9.19E-01,1.15E+01,2.96E+01,1.15E+02
2871,99.7645,157.502,1.32E+00,1.46E+01,3.28E+01,1.14E+02
2872,106.149,172.509,5.09E-01,8.34E+00,2.21E+01,1.26E+02
2873,112.483,172.507,4.93E-01,9.08E+00,2.09E+01,1.29E+02
2874,106.17,180.001,1.67E-01,3.66E+00,1.40E+01,1.53E+02
2875,112.491,180.009,1.62E-01,4.21E+00,1.40E+01,1.57E+02
2876,106.142,165.005,8.92E-01,1.22E+01,2.80E+01,1.19E+02
2877,112.476,165.002,8.61E-01,1.26E+01,2.67E+01,1.21E+02
2878,106.149,157.507,1.27E+00,1.50E+01,3.19E+01,1.17E+02
2879,112.469,157.495,1.22E+00,1.53E+01,3.10E+01,1.19E+02
2880,86.6537,172.513,5.46E-01,5.76E+00,2.63E+01,1.15E+02
2881,93.2344,172.512,5.36E-01,6.65E+00,2.51E+01,1.18E+02
2882,86.6595,180.011,1.78E-01,3.65E+00,1.41E+01,1.44E+02
2883,93.2546,180.019,1.75E-01,3.50E+00,1.38E+01,1.46E+02
2884,86.6474,165.012,9.66E-01,9.89E+00,3.17E+01,1.07E+02
2885,93.2279,165.01,9.44E-01,1.07E+01,3.07E+01,1.11E+02
2886,86.641,157.509,1.39E+00,1.31E+01,3.57E+01,1.06E+02
2887,93.2348,157.498,1.36E+00,1.39E+01,3.40E+01,1.10E+02
2888,39.9964,180.014,1.89E-01,5.79E+00,2.21E+01,1.26E+02
2889,39.9942,172.52,5.90E-01,2.58E+00,3.76E+01,9.36E+01
2890,39.9915,165.024,1.06E+00,4.82E+00,4.37E+01,8.31E+01
2891,39.9886,157.527,1.55E+00,8.11E+00,4.75E+01,8.07E+01
2892,59.9949,180.013,1.85E-01,4.01E+00,1.71E+01,1.34E+02
2893,59.9913,172.518,5.76E-01,2.83E+00,3.22E+01,1.03E+02
2894,59.9871,165.02,1.03E+00,6.85E+00,3.84E+01,9.30E+01
2895,59.9827,157.521,1.50E+00,1.02E+01,4.25E+01,9.08E+01
2896,66.6569,172.517,5.70E-01,3.34E+00,3.04E+01,1.06E+02
2897,73.3225,172.516,5.63E-01,4.09E+00,2.87E+01,1.09E+02
2898,66.6611,180.013,1.84E-01,3.75E+00,1.57E+01,1.37E+02
2899,73.3273,180.012,1.82E-01,3.70E+00,1.48E+01,1.40E+02
2900,66.6522,165.019,1.02E+00,7.59E+00,3.67E+01,9.64E+01
2901,73.3173,165.017,1.00E+00,8.34E+00,3.49E+01,9.99E+01
2902,66.6473,157.518,1.48E+00,1.09E+01,4.09E+01,9.44E+01
2903,73.3119,157.516,1.46E+00,1.16E+01,3.93E+01,9.80E+01
2904,46.66,172.519,5.86E-01,2.60E+00,3.58E+01,9.65E+01
2905,53.3257,172.519,5.81E-01,2.64E+00,3.40E+01,9.95E+01
2906,46.6626,180.014,1.88E-01,5.17E+00,2.04E+01,1.29E+02
2907,53.3288,180.013,1.87E-01,4.53E+00,1.87E+01,1.32E+02
2908,46.6568,165.023,1.05E+00,5.46E+00,4.19E+01,8.63E+01
2909,53.322,165.022,1.04E+00,6.14E+00,4.01E+01,8.96E+01
2910,46.6534,157.525,1.54E+00,8.78E+00,4.58E+01,8.40E+01
2911,53.3181,157.523,1.52E+00,9.47E+00,4.41E+01,8.74E+01
2912,19.9978,180.014,1.91E-01,7.38E+00,2.77E+01,1.19E+02
2913,19.9969,172.521,5.97E-01,2.56E+00,4.32E+01,8.51E+01
2914,19.9955,165.026,1.08E+00,3.14E+00,4.92E+01,7.40E+01
2915,19.994,157.531,1.58E+00,6.34E+00,5.28E+01,7.13E+01
2916,26.6627,172.521,5.95E-01,2.56E+00,4.13E+01,8.79E+01
2917,33.3285,172.52,5.93E-01,2.57E+00,3.94E+01,9.07E+01
2918,26.664,180.014,1.91E-01,6.90E+00,2.58E+01,1.21E+02
2919,33.3302,180.014,1.90E-01,6.36E+00,2.40E+01,1.24E+02
2920,26.6609,165.026,1.07E+00,3.65E+00,4.73E+01,7.70E+01
2921,33.3262,165.025,1.07E+00,4.21E+00,4.55E+01,8.00E+01
2922,26.6589,157.53,1.58E+00,6.89E+00,5.10E+01,7.44E+01
2923,33.3238,157.529,1.57E+00,7.48E+00,4.92E+01,7.75E+01
2924,6.66531,172.521,5.98E-01,2.55E+00,4.71E+01,7.95E+01
2925,13.3311,172.521,5.98E-01,2.55E+00,4.51E+01,8.23E+01
2926,6.6653,180.014,1.91E-01,8.20E+00,3.17E+01,1.13E+02
2927,13.3315,180.014,1.91E-01,7.81E+00,2.97E+01,1.16E+02
2928,6.66477,165.027,1.08E+00,2.24E+00,5.31E+01,6.82E+01
2929,13.3302,165.027,1.08E+00,2.66E+00,5.11E+01,7.11E+01
2930,6.66412,157.532,1.59E+00,5.35E+00,5.66E+01,6.54E+01
2931,13.3291,157.531,1.59E+00,5.82E+00,5.47E+01,6.84E+01
2932,-73.3292,180.011,1.72E-01,9.33E+00,6.32E+01,7.73E+01
2933,-73.3238,172.515,5.35E-01,3.93E+00,7.76E+01,4.43E+01
2934,-73.3189,165.016,9.61E-01,1.63E+00,8.35E+01,3.31E+01
2935,-73.3141,157.515,1.41E+00,2.47E+00,8.69E+01,3.11E+01
2936,-33.3321,180.014,1.86E-01,9.50E+00,4.54E+01,9.68E+01
2937,-33.3295,172.52,5.81E-01,3.63E+00,6.04E+01,6.28E+01
2938,-33.3275,165.024,1.05E+00,1.71E+00,6.64E+01,5.11E+01
2939,-33.3256,157.528,1.54E+00,3.36E+00,6.98E+01,4.84E+01
2940,-26.6637,172.52,5.85E-01,3.47E+00,5.80E+01,6.57E+01
2941,-19.998,172.521,5.89E-01,3.29E+00,5.56E+01,6.85E+01
2942,-13.3321,172.521,5.93E-01,3.06E+00,5.34E+01,7.12E+01
2943,-6.66631,172.521,5.95E-01,2.81E+00,5.12E+01,7.40E+01
2944,-19.9996,180.014,1.88E-01,9.25E+00,4.05E+01,1.03E+02
2945,-26.6658,180.014,1.87E-01,9.39E+00,4.29E+01,9.97E+01
2946,-13.3334,180.014,1.89E-01,9.06E+00,3.82E+01,1.05E+02
2947,-6.66715,180.014,1.90E-01,8.82E+00,3.60E+01,1.08E+02
2948,-19.9957,157.53,1.57E+00,3.88E+00,6.50E+01,5.40E+01
2949,-19.9968,165.026,1.07E+00,1.75E+00,6.16E+01,5.68E+01
2950,-26.6606,157.529,1.56E+00,3.61E+00,6.73E+01,5.12E+01
2951,-26.6621,165.025,1.06E+00,1.73E+00,6.39E+01,5.39E+01
2952,-6.6658,157.532,1.58E+00,4.53E+00,6.06E+01,5.97E+01
2953,-13.3309,157.531,1.58E+00,4.19E+00,6.28E+01,5.68E+01
2954,-6.66601,165.027,1.08E+00,1.80E+00,5.72E+01,6.25E+01
2955,-13.3314,165.027,1.07E+00,1.77E+00,5.94E+01,5.96E+01
2956,-53.3307,180.013,1.80E-01,9.60E+00,5.37E+01,8.75E+01
2957,-53.3268,172.518,5.62E-01,3.91E+00,6.84E+01,5.40E+01
2958,-53.3234,165.021,1.01E+00,1.66E+00,7.44E+01,4.24E+01
2959,-53.3201,157.523,1.49E+00,2.80E+00,7.78E+01,3.99E+01
2960,-46.661,172.518,5.69E-01,3.84E+00,6.56E+01,5.70E+01
2961,-39.9953,172.519,5.75E-01,3.75E+00,6.30E+01,6.00E+01
2962,-46.6644,180.013,1.82E-01,9.60E+00,5.08E+01,9.07E+01
2963,-39.9983,180.013,1.84E-01,9.56E+00,4.81E+01,9.38E+01
2964,-46.6581,165.022,1.03E+00,1.68E+00,7.16E+01,4.53E+01
2965,-39.9929,165.023,1.04E+00,1.69E+00,6.89E+01,4.82E+01
2966,-46.6552,157.525,1.51E+00,2.96E+00,7.50E+01,4.27E+01
2967,-39.9905,157.527,1.53E+00,3.15E+00,7.23E+01,4.56E+01
2968,-66.6581,172.516,5.45E-01,3.96E+00,7.44E+01,4.77E+01
2969,-59.9925,172.517,5.54E-01,3.95E+00,7.14E+01,5.09E+01
2970,-66.663,180.012,1.75E-01,9.49E+00,5.99E+01,8.07E+01
2971,-59.9969,180.012,1.78E-01,9.57E+00,5.67E+01,8.42E+01
2972,-66.6538,165.017,9.80E-01,1.64E+00,8.04E+01,3.63E+01
2973,-59.9887,165.019,9.97E-01,1.65E+00,7.74E+01,3.94E+01
2974,-66.6494,157.518,1.44E+00,2.55E+00,8.38E+01,3.41E+01
2975,-59.9848,157.52,1.46E+00,2.66E+00,8.08E+01,3.70E+01
2976,-112.449,179.999,1.47E-01,7.19E+00,8.59E+01,5.51E+01
2977,-112.42,172.502,4.53E-01,2.63E+00,9.79E+01,2.53E+01
2978,-112.413,165.005,8.05E-01,1.47E+00,1.03E+02,1.52E+01
2979,-112.427,157.504,1.16E+00,2.74E+00,1.06E+02,1.37E+01
2980,-93.2244,180.023,1.61E-01,8.50E+00,7.36E+01,6.87E+01
2981,-93.1861,172.515,4.99E-01,3.43E+00,8.71E+01,3.55E+01
2982,-93.1797,165.004,8.93E-01,1.48E+00,9.36E+01,2.38E+01
2983,-93.205,157.492,1.30E+00,2.36E+00,9.73E+01,2.12E+01
2984,-86.6022,172.514,5.13E-01,3.63E+00,8.38E+01,3.82E+01
2985,-79.9894,172.513,5.25E-01,3.81E+00,8.08E+01,4.11E+01
2986,-86.6239,180.015,1.65E-01,8.78E+00,7.00E+01,7.16E+01
2987,-79.9954,180.011,1.69E-01,9.04E+00,6.66E+01,7.42E+01
2988,-86.5962,165.009,9.18E-01,1.54E+00,8.99E+01,2.66E+01
2989,-79.984,165.013,9.41E-01,1.59E+00,8.66E+01,2.98E+01
2990,-86.6057,157.504,1.34E+00,2.37E+00,9.37E+01,2.46E+01
2991,-79.9787,157.512,1.38E+00,2.40E+00,9.01E+01,2.79E+01
2992,-106.074,172.503,4.70E-01,3.01E+00,9.46E+01,2.89E+01
2993,-99.6573,172.509,4.85E-01,3.26E+00,9.08E+01,3.23E+01
2994,-106.125,179.996,1.52E-01,7.90E+00,8.18E+01,6.10E+01
2995,-99.7035,180.009,1.57E-01,8.30E+00,7.74E+01,6.56E+01
2996,-106.068,165.008,8.36E-01,1.51E+00,1.01E+02,1.82E+01
2997,-99.6508,165.006,8.66E-01,1.50E+00,9.73E+01,2.12E+01
2998,-106.104,157.51,1.21E+00,2.57E+00,1.04E+02,1.59E+01
2999,-99.6832,157.501,1.26E+00,2.45E+00,1.01E+02,1.83E+01
3000,-143.733,172.497,3.26E-01,1.90E+00,1.02E+02,1.54E+01
3001,-137.483,172.498,3.59E-01,1.73E+00,1.04E+02,1.50E+01
3002,-131.234,172.5,3.88E-01,1.76E+00,1.04E+02,1.63E+01
3003,-124.984,172.502,4.13E-01,1.96E+00,1.02E+02,1.84E+01
3004,-118.71,172.503,4.35E-01,2.27E+00,1.00E+02,2.14E+01
3005,-131.242,180.004,1.26E-01,4.76E+00,9.36E+01,4.10E+01
3006,-143.741,180.001,1.03E-01,4.30E+00,9.59E+01,3.46E+01
3007,-137.492,180.003,1.16E-01,4.32E+00,9.54E+01,3.68E+01
3008,-124.992,180.005,1.35E-01,5.58E+00,9.16E+01,4.56E+01
3009,-118.728,180.003,1.42E-01,6.46E+00,8.89E+01,5.03E+01
3010,-131.219,157.487,9.87E-01,3.40E+00,1.09E+02,1.05E+01
3011,-131.226,164.994,6.87E-01,1.87E+00,1.08E+02,1.07E+01
3012,-137.47,157.484,9.14E-01,3.56E+00,1.08E+02,1.09E+01
3013,-143.721,157.482,8.36E-01,3.67E+00,1.04E+02,1.13E+01
3014,-137.476,164.992,6.37E-01,2.01E+00,1.07E+02,1.06E+01
3015,-143.726,164.989,5.82E-01,1.81E+00,1.04E+02,1.02E+01
3016,-118.706,157.496,1.11E+00,2.99E+00,1.08E+02,1.20E+01
3017,-124.969,157.49,1.05E+00,3.21E+00,1.09E+02,1.08E+01
3018,-118.703,165.001,7.70E-01,1.53E+00,1.05E+02,1.29E+01
3019,-124.976,164.997,7.31E-01,1.67E+00,1.07E+02,1.13E+01
3020,-157.5,187.5,0.00E+00,1.09E+01,1.24E+01,1.48E+02
3021,-165,187.5,0.00E+00,1.04E+01,1.10E+01,1.44E+02
3022,-172.5,187.5,0.00E+00,1.02E+01,7.88E+00,1.33E+02
3023,-180,187.5,0.00E+00,9.38E+00,5.06E+00,1.09E+02
3024,-187.5,187.5,0.00E+00,8.65E+00,4.13E+00,9.33E+01
3025,-187.5,180,0.00E+00,8.84E+00,4.95E+00,1.08E+02
3026,-187.5,172.5,0.00E+00,8.35E+00,7.36E+00,1.31E+02
3027,-187.5,165,0.00E+00,6.83E+00,1.06E+01,1.45E+02
3028,-187.5,157.5,0.00E+00,5.05E+00,1.33E+01,1.55E+02
3029,-187.5,150,0.00E+00,3.43E+00,1.65E+01,1.70E+02
3030,-187.5,143.75,0.00E+00,2.73E+00,2.00E+01,1.79E+02
3031,-187.5,137.5,0.00E+00,2.51E+00,2.03E+01,1.77E+02
3032,-187.5,131.25,0.00E+00,1.97E+00,1.76E+01,1.75E+02
3033,-187.5,125,0.00E+00,1.38E+00,1.42E+01,1.74E+02
3034,-187.5,118.75,0.00E+00,1.18E+00,1.09E+01,1.73E+02
3035,-187.5,112.5,0.00E+00,1.53E+00,8.75E+00,1.72E+02
3036,-187.5,106.25,0.00E+00,2.22E+00,7.60E+00,1.69E+02
3037,-187.5,100,0.00E+00,2.87E+00,6.56E+00,1.64E+02
3038,-187.5,93.3333,0.00E+00,3.88E+00,5.65E+00,1.61E+02
3039,-187.5,86.6667,0.00E+00,5.15E+00,5.14E+00,1.62E+02
3040,-187.5,80,0.00E+00,6.19E+00,4.88E+00,1.61E+02
3041,-187.5,73.3333,0.00E+00,7.08E+00,4.91E+00,1.59E+02
3042,-187.5,66.6667,0.00E+00,7.86E+00,5.34E+00,1.57E+02
3043,-187.5,60,0.00E+00,8.61E+00,6.34E+00,1.55E+02
3044,-187.5,53.3333,0.00E+00,9.30E+00,7.81E+00,1.53E+02
3045,-187.5,46.6667,0.00E+00,9.95E+00,9.48E+00,1.51E+02
3046,-187.5,40,0.00E+00,1.05E+01,1.12E+01,1.49E+02
3047,-187.5,33.3333,0.00E+00,1.11E+01,1.30E+01,1.46E+02
3048,-187.5,26.6667,0.00E+00,1.16E+01,1.49E+01,1.44E+02
3049,-187.5,20,0.00E+00,1.20E+01,1.68E+01,1.42E+02
3050,-187.5,13.3333,0.00E+00,1.24E+01,1.88E+01,1.40E+02
3051,-187.5,6.66667,0.00E+00,1.27E+01,2.09E+01,1.38E+02
3052,-187.5,-5.33E-14,0.00E+00,1.30E+01,2.31E+01,1.35E+02
3053,-187.5,-6.66667,0.00E+00,1.32E+01,2.53E+01,1.33E+02
3054,-187.5,-13.3333,0.00E+00,1.35E+01,2.77E+01,1.30E+02
3055,-187.5,-20,0.00E+00,1.36E+01,3.01E+01,1.28E+02
3056,-187.5,-26.6667,0.00E+00,1.38E+01,3.27E+01,1.25E+02
3057,-187.5,-33.3333,0.00E+00,1.38E+01,3.53E+01,1.22E+02
3058,-187.5,-40,0.00E+00,1.39E+01,3.82E+01,1.20E+02
3059,-187.5,-46.6667,0.00E+00,1.39E+01,4.11E+01,1.16E+02
3060,-187.5,-53.3333,0.00E+00,1.39E+01,4.42E+01,1.13E+02
3061,-187.5,-60,0.00E+00,1.38E+01,4.75E+01,1.10E+02
3062,-187.5,-66.6667,0.00E+00,1.36E+01,5.09E+01,1.07E+02
3063,-187.5,-73.3333,0.00E+00,1.33E+01,5.46E+01,1.03E+02
3064,-187.5,-80,0.00E+00,1.29E+01,5.85E+01,1.00E+02
3065,-187.5,-86.6667,0.00E+00,1.24E+01,6.25E+01,9.72E+01
3066,-187.5,-93.3333,0.00E+00,1.18E+01,6.68E+01,9.46E+01
3067,-187.5,-100,0.00E+00,1.15E+01,7.10E+01,9.31E+01
3068,-187.5,-106.25,0.00E+00,1.08E+01,7.62E+01,8.74E+01
3069,-187.5,-112.5,0.00E+00,9.82E+00,8.11E+01,7.94E+01
3070,-187.5,-118.75,0.00E+00,8.94E+00,8.47E+01,7.35E+01
3071,-187.5,-125,0.00E+00,8.05E+00,8.84E+01,6.62E+01
3072,-187.5,-131.25,0.00E+00,7.13E+00,9.15E+01,5.78E+01
3073,-187.5,-137.5,0.00E+00,6.09E+00,9.42E+01,4.85E+01
3074,-187.5,-143.75,0.00E+00,4.78E+00,9.63E+01,3.86E+01
3075,-187.5,-150,0.00E+00,3.37E+00,9.62E+01,2.97E+01
3076,-187.5,-157.5,0.00E+00,2.12E+00,9.48E+01,2.21E+01
3077,-187.5,-165,0.00E+00,1.35E+00,9.27E+01,1.51E+01
3078,-187.5,-172.5,0.00E+00,1.14E+00,8.91E+01,1.04E+01
3079,-187.5,-180,0.00E+00,9.53E-01,7.97E+01,7.14E+00
3080,-187.5,-187.5,0.00E+00,7.96E-01,7.21E+01,5.50E+00
3081,-180,-187.5,0.00E+00,9.73E-01,8.13E+01,7.32E+00
3082,-172.5,-187.5,0.00E+00,1.22E+00,9.37E+01,1.04E+01
3083,-165,-187.5,0.00E+00,1.42E+00,9.77E+01,1.56E+01
3084,-157.5,-187.5,0.00E+00,1.90E+00,9.81E+01,2.54E+01
3085,-180.015,-0.00074188,1.91E-01,9.42E+00,3.46E+01,1.10E+02
3086,-172.522,-3.01E-05,5.98E-01,3.32E+00,5.01E+01,7.60E+01
3087,-165.027,0.000193316,1.08E+00,1.83E+00,5.62E+01,6.42E+01
3088,-157.532,0.00036913,1.59E+00,4.19E+00,5.96E+01,6.11E+01
3089,-180.024,93.2152,1.71E-01,3.02E+00,1.38E+01,1.40E+02
3090,-172.517,93.1768,5.26E-01,4.13E+00,2.53E+01,1.14E+02
3091,-165.004,93.1776,9.31E-01,7.45E+00,3.04E+01,1.08E+02
3092,-157.493,93.2046,1.34E+00,9.75E+00,3.25E+01,1.08E+02
3093,-179.977,137.64,1.34E-01,4.50E+00,1.51E+01,1.58E+02
3094,-172.498,137.725,4.00E-01,7.89E+00,1.46E+01,1.32E+02
3095,-165.018,137.677,6.91E-01,9.95E+00,2.29E+01,1.23E+02
3096,-157.515,137.577,9.69E-01,1.10E+01,2.82E+01,1.22E+02
3097,-180.026,165.14,8.65E-02,7.24E+00,1.14E+01,1.32E+02
3098,-172.497,165.231,2.39E-01,7.82E+00,1.51E+01,1.16E+02
3099,-164.965,165.184,3.73E-01,8.52E+00,1.97E+01,1.15E+02
3100,-157.454,165.09,4.71E-01,9.79E+00,2.17E+01,1.17E+02
3101,-172.493,172.588,1.60E-01,8.28E+00,1.45E+01,1.15E+02
3102,-172.492,179.998,6.38E-02,9.38E+00,1.08E+01,1.24E+02
3103,-180.007,172.554,6.17E-02,8.10E+00,1.05E+01,1.22E+02
3104,-179.996,179.996,2.63E-02,8.92E+00,7.45E+00,1.13E+02
3105,-157.475,172.537,2.78E-01,1.05E+01,1.44E+01,1.23E+02
3106,-164.979,172.574,2.34E-01,9.35E+00,1.53E+01,1.18E+02
3107,-157.49,180,9.51E-02,1.09E+01,1.16E+01,1.39E+02
3108,-164.991,179.999,8.60E-02,1.01E+01,1.18E+01,1.34E+02
3109,-172.491,144.383,3.73E-01,7.94E+00,1.40E+01,1.30E+02
3110,-172.499,151.107,3.41E-01,7.78E+00,1.46E+01,1.26E+02
3111,-172.505,158.136,2.97E-01,7.67E+00,1.49E+01,1.21E+02
3112,-180.005,150.913,1.15E-01,5.29E+00,1.30E+01,1.51E+02
3113,-179.957,144.193,1.25E-01,4.79E+00,1.47E+01,1.58E+02
3114,-180.047,157.943,1.03E-01,6.21E+00,1.17E+01,1.40E+02
3115,-157.481,150.802,7.80E-01,8.92E+00,2.88E+01,1.16E+02
3116,-164.99,151.01,5.73E-01,8.66E+00,2.21E+01,1.17E+02
3117,-157.536,144.102,8.85E-01,1.02E+01,2.88E+01,1.18E+02
3118,-165.016,144.306,6.38E-01,9.45E+00,2.16E+01,1.20E+02
3119,-157.432,157.856,6.41E-01,8.81E+00,2.67E+01,1.17E+02
3120,-164.967,158.059,4.85E-01,8.23E+00,2.23E+01,1.16E+02
3121,-180.003,118.717,1.54E-01,3.11E+00,1.41E+01,1.53E+02
3122,-172.505,118.694,4.66E-01,6.69E+00,2.08E+01,1.26E+02
3123,-165.004,118.696,8.15E-01,9.48E+00,2.59E+01,1.19E+02
3124,-157.497,118.705,1.16E+00,1.14E+01,2.84E+01,1.20E+02
3125,-172.504,124.968,4.47E-01,7.17E+00,1.92E+01,1.28E+02
3126,-172.5,131.329,4.25E-01,7.60E+00,1.69E+01,1.30E+02
3127,-180.005,124.98,1.48E-01,3.48E+00,1.46E+01,1.54E+02
3128,-179.995,131.301,1.41E-01,4.02E+00,1.49E+01,1.56E+02
3129,-165,124.964,7.79E-01,9.83E+00,2.52E+01,1.22E+02
3130,-165.005,131.308,7.37E-01,1.00E+01,2.44E+01,1.23E+02
3131,-157.493,124.963,1.11E+00,1.16E+01,2.79E+01,1.22E+02
3132,-157.498,131.264,1.04E+00,1.15E+01,2.80E+01,1.23E+02
3133,-172.514,99.6285,5.14E-01,4.88E+00,2.41E+01,1.18E+02
3134,-172.506,106.048,4.99E-01,5.58E+00,2.31E+01,1.22E+02
3135,-172.502,112.378,4.84E-01,6.19E+00,2.20E+01,1.24E+02
3136,-180,106.106,1.64E-01,2.96E+00,1.38E+01,1.48E+02
3137,-180.014,99.6823,1.68E-01,2.90E+00,1.38E+01,1.44E+02
3138,-180,112.421,1.59E-01,2.98E+00,1.38E+01,1.51E+02
3139,-157.509,106.106,1.26E+00,1.07E+01,3.00E+01,1.14E+02
3140,-165.005,106.058,8.78E-01,8.68E+00,2.77E+01,1.15E+02
3141,-157.501,99.676,1.30E+00,1.03E+01,3.11E+01,1.12E+02
3142,-165.007,99.634,9.06E-01,8.14E+00,2.90E+01,1.12E+02
3143,-157.503,112.413,1.21E+00,1.11E+01,2.91E+01,1.17E+02
3144,-165.006,112.383,8.48E-01,9.09E+00,2.68E+01,1.17E+02
3145,-180.014,46.6629,1.86E-01,6.56E+00,2.09E+01,1.27E+02
3146,-172.519,46.6606,5.81E-01,2.38E+00,3.62E+01,9.46E+01
3147,-165.023,46.6578,1.04E+00,3.21E+00,4.22E+01,8.45E+01
3148,-157.526,46.6548,1.53E+00,5.94E+00,4.56E+01,8.28E+01
3149,-180.012,73.3276,1.79E-01,3.91E+00,1.49E+01,1.36E+02
3150,-172.516,73.3232,5.54E-01,2.34E+00,2.88E+01,1.06E+02
3151,-165.017,73.3184,9.90E-01,5.40E+00,3.48E+01,9.71E+01
3152,-157.516,73.3135,1.44E+00,7.84E+00,3.85E+01,9.62E+01
3153,-172.515,79.9888,5.46E-01,2.66E+00,2.75E+01,1.09E+02
3154,-172.515,86.5973,5.37E-01,3.34E+00,2.65E+01,1.11E+02
3155,-180.012,79.9938,1.77E-01,3.46E+00,1.44E+01,1.38E+02
3156,-180.017,86.619,1.74E-01,3.26E+00,1.41E+01,1.40E+02
3157,-165.015,79.9834,9.73E-01,6.03E+00,3.30E+01,1.00E+02
3158,-165.01,86.594,9.53E-01,6.73E+00,3.15E+01,1.04E+02
3159,-157.513,79.9781,1.41E+00,8.43E+00,3.65E+01,9.98E+01
3160,-157.504,86.6049,1.38E+00,9.07E+00,3.44E+01,1.04E+02
3161,-172.519,53.3263,5.75E-01,2.35E+00,3.43E+01,9.74E+01
3162,-172.518,59.992,5.69E-01,2.32E+00,3.24E+01,1.00E+02
3163,-172.517,66.6576,5.62E-01,2.30E+00,3.05E+01,1.03E+02
3164,-180.013,59.9952,1.83E-01,5.29E+00,1.74E+01,1.32E+02
3165,-180.013,53.3291,1.85E-01,5.95E+00,1.91E+01,1.29E+02
3166,-180.013,66.6614,1.81E-01,4.59E+00,1.59E+01,1.34E+02
3167,-157.521,59.9843,1.49E+00,6.81E+00,4.20E+01,8.95E+01
3168,-165.02,59.9882,1.02E+00,4.22E+00,3.85E+01,9.08E+01
3169,-157.524,53.3196,1.51E+00,6.35E+00,4.38E+01,8.61E+01
3170,-165.022,53.323,1.03E+00,3.69E+00,4.04E+01,8.76E+01
3171,-157.519,66.6489,1.47E+00,7.31E+00,4.03E+01,9.29E+01
3172,-165.019,66.6533,1.01E+00,4.80E+00,3.67E+01,9.40E+01
3173,-180.014,26.6642,1.90E-01,8.07E+00,2.64E+01,1.20E+02
3174,-172.521,26.6632,5.93E-01,2.48E+00,4.19E+01,8.65E+01
3175,-165.026,26.6618,1.07E+00,2.08E+00,4.79E+01,7.56E+01
3176,-157.53,26.6602,1.57E+00,4.97E+00,5.13E+01,7.32E+01
3177,-172.52,33.329,5.89E-01,2.44E+00,4.00E+01,8.92E+01
3178,-172.52,39.9948,5.85E-01,2.41E+00,3.81E+01,9.19E+01
3179,-180.014,33.3304,1.89E-01,7.61E+00,2.45E+01,1.22E+02
3180,-180.014,39.9967,1.88E-01,7.11E+00,2.27E+01,1.24E+02
3181,-165.025,33.3271,1.06E+00,2.40E+00,4.60E+01,7.85E+01
3182,-165.024,39.9925,1.05E+00,2.78E+00,4.41E+01,8.15E+01
3183,-157.529,33.3251,1.56E+00,5.25E+00,4.94E+01,7.63E+01
3184,-157.527,39.99,1.55E+00,5.57E+00,4.74E+01,7.95E+01
3185,-172.522,6.66579,5.98E-01,3.08E+00,4.80E+01,7.86E+01
3186,-172.521,13.3316,5.97E-01,2.81E+00,4.59E+01,8.12E+01
3187,-172.521,19.9974,5.95E-01,2.59E+00,4.39E+01,8.39E+01
3188,-180.015,13.3317,1.91E-01,8.83E+00,3.04E+01,1.15E+02
3189,-180.015,6.6655,1.91E-01,9.14E+00,3.24E+01,1.13E+02
3190,-180.014,19.998,1.90E-01,8.47E+00,2.84E+01,1.17E+02
3191,-157.532,13.3303,1.58E+00,4.52E+00,5.53E+01,6.71E+01
3192,-165.027,13.331,1.08E+00,1.80E+00,5.19E+01,6.99E+01
3193,-157.532,6.66535,1.59E+00,4.34E+00,5.74E+01,6.41E+01
3194,-165.027,6.6656,1.08E+00,1.82E+00,5.40E+01,6.70E+01
3195,-157.531,19.9953,1.58E+00,4.73E+00,5.33E+01,7.02E+01
3196,-165.027,19.9964,1.07E+00,1.86E+00,4.99E+01,7.27E+01
3197,-180.023,-93.2242,1.66E-01,8.50E+00,7.70E+01,6.94E+01
3198,-172.515,-93.1853,5.12E-01,3.00E+00,9.14E+01,3.49E+01
3199,-165.003,-93.1784,9.12E-01,2.02E+00,9.83E+01,2.22E+01
3200,-157.491,-93.203,1.32E+00,4.51E+00,1.03E+02,1.76E+01
3201,-180.013,-46.6643,1.85E-01,1.03E+01,5.24E+01,9.12E+01
3202,-172.519,-46.6606,5.77E-01,4.12E+00,6.78E+01,5.67E+01
3203,-165.022,-46.6573,1.04E+00,1.97E+00,7.41E+01,4.42E+01
3204,-157.525,-46.6539,1.52E+00,3.78E+00,7.79E+01,4.03E+01
3205,-180.014,-19.9994,1.90E-01,1.00E+01,4.16E+01,1.03E+02
3206,-172.521,-19.9975,5.94E-01,3.85E+00,5.70E+01,6.79E+01
3207,-165.026,-19.996,1.07E+00,1.90E+00,6.32E+01,5.58E+01
3208,-157.531,-19.9945,1.58E+00,3.87E+00,6.67E+01,5.22E+01
3209,-172.521,-13.3317,5.96E-01,3.70E+00,5.46E+01,7.06E+01
3210,-172.521,-6.66583,5.98E-01,3.53E+00,5.23E+01,7.33E+01
3211,-180.014,-13.3332,1.91E-01,9.86E+00,3.91E+01,1.05E+02
3212,-180.015,-6.66696,1.91E-01,9.66E+00,3.68E+01,1.08E+02
3213,-165.027,-13.3307,1.08E+00,1.88E+00,6.08E+01,5.86E+01
3214,-165.027,-6.66519,1.08E+00,1.86E+00,5.84E+01,6.14E+01
3215,-157.531,-13.3295,1.58E+00,3.96E+00,6.42E+01,5.52E+01
3216,-157.532,-6.66459,1.59E+00,4.06E+00,6.19E+01,5.82E+01
3217,-172.52,-39.9948,5.83E-01,4.11E+00,6.49E+01,5.96E+01
3218,-172.52,-33.3291,5.87E-01,4.06E+00,6.22E+01,6.24E+01
3219,-172.521,-26.6632,5.91E-01,3.97E+00,5.95E+01,6.52E+01
3220,-180.014,-33.332,1.88E-01,1.02E+01,4.67E+01,9.70E+01
3221,-180.014,-39.9981,1.87E-01,1.03E+01,4.95E+01,9.42E+01
3222,-180.014,-26.6656,1.89E-01,1.02E+01,4.41E+01,9.98E+01
3223,-157.528,-33.3243,1.55E+00,3.77E+00,7.20E+01,4.63E+01
3224,-165.025,-33.3267,1.06E+00,1.94E+00,6.84E+01,5.01E+01
3225,-157.527,-39.9891,1.54E+00,3.76E+00,7.49E+01,4.33E+01
3226,-165.024,-39.992,1.05E+00,1.95E+00,7.12E+01,4.72E+01
3227,-157.53,-26.6594,1.57E+00,3.81E+00,6.93E+01,4.93E+01
3228,-165.026,-26.6613,1.07E+00,1.92E+00,6.57E+01,5.29E+01
3229,-180.012,-66.6628,1.79E-01,1.01E+01,6.21E+01,8.15E+01
3230,-172.516,-66.6576,5.56E-01,3.96E+00,7.73E+01,4.73E+01
3231,-165.018,-66.6528,9.96E-01,2.02E+00,8.38E+01,3.50E+01
3232,-157.517,-66.6479,1.45E+00,3.98E+00,8.78E+01,3.10E+01
3233,-172.517,-59.9919,5.64E-01,4.05E+00,7.40E+01,5.05E+01
3234,-172.518,-53.3263,5.71E-01,4.11E+00,7.08E+01,5.37E+01
3235,-180.013,-59.9966,1.81E-01,1.02E+01,5.87E+01,8.49E+01
3236,-180.013,-53.3305,1.83E-01,1.03E+01,5.55E+01,8.81E+01
3237,-165.019,-59.9877,1.01E+00,2.00E+00,8.04E+01,3.81E+01
3238,-165.021,-53.3225,1.03E+00,1.98E+00,7.72E+01,4.12E+01
3239,-157.52,-59.9833,1.48E+00,3.89E+00,8.43E+01,3.41E+01
3240,-157.523,-53.3187,1.50E+00,3.82E+00,8.11E+01,3.72E+01
3241,-172.514,-86.6014,5.25E-01,3.29E+00,8.79E+01,3.77E+01
3242,-172.514,-79.9887,5.37E-01,3.61E+00,8.44E+01,4.07E+01
3243,-172.515,-73.3232,5.47E-01,3.83E+00,8.09E+01,4.40E+01
3244,-180.011,-79.9951,1.73E-01,9.43E+00,6.94E+01,7.51E+01
3245,-180.015,-86.6236,1.70E-01,8.97E+00,7.32E+01,7.22E+01
3246,-180.012,-73.329,1.76E-01,9.82E+00,6.57E+01,7.82E+01
3247,-157.511,-79.977,1.39E+00,4.23E+00,9.50E+01,2.45E+01
3248,-165.013,-79.9828,9.58E-01,2.03E+00,9.08E+01,2.83E+01
3249,-157.503,-86.6039,1.36E+00,4.36E+00,9.88E+01,2.10E+01
3250,-165.009,-86.5949,9.36E-01,2.00E+00,9.44E+01,2.50E+01
3251,-157.514,-73.3125,1.43E+00,4.10E+00,9.14E+01,2.78E+01
3252,-165.016,-73.3179,9.78E-01,2.03E+00,8.73E+01,3.17E+01
3253,-179.981,-137.593,1.25E-01,3.71E+00,1.01E+02,3.11E+01
3254,-172.49,-137.654,3.74E-01,2.06E+00,1.11E+02,1.35E+01
3255,-165,-137.647,6.46E-01,4.04E+00,1.14E+02,1.42E+01
3256,-157.505,-137.572,9.08E-01,6.06E+00,1.16E+02,1.52E+01
3257,-179.999,-112.448,1.52E-01,6.73E+00,9.02E+01,5.65E+01
3258,-172.501,-112.419,4.66E-01,2.44E+00,1.03E+02,2.49E+01
3259,-165.004,-112.411,8.21E-01,2.69E+00,1.09E+02,1.40E+01
3260,-157.502,-112.425,1.18E+00,5.23E+00,1.12E+02,1.14E+01
3261,-172.503,-106.074,4.83E-01,2.63E+00,9.94E+01,2.84E+01
3262,-172.509,-99.6565,4.98E-01,2.83E+00,9.53E+01,3.17E+01
3263,-179.997,-106.124,1.57E-01,7.60E+00,8.57E+01,6.25E+01
3264,-180.009,-99.7032,1.62E-01,8.18E+00,8.09E+01,6.69E+01
3265,-165.007,-106.066,8.54E-01,2.40E+00,1.06E+02,1.66E+01
3266,-165.006,-99.6495,8.84E-01,2.19E+00,1.03E+02,1.96E+01
3267,-157.508,-106.102,1.23E+00,4.96E+00,1.10E+02,1.28E+01
3268,-157.5,-99.6811,1.28E+00,4.72E+00,1.07E+02,1.49E+01
3269,-172.496,-131.303,4.02E-01,2.16E+00,1.10E+02,1.48E+01
3270,-172.502,-124.983,4.26E-01,2.22E+00,1.08E+02,1.77E+01
3271,-172.503,-118.709,4.47E-01,2.32E+00,1.06E+02,2.11E+01
3272,-180.005,-124.991,1.41E-01,5.20E+00,9.67E+01,4.50E+01
3273,-179.996,-131.283,1.33E-01,4.47E+00,9.92E+01,3.81E+01
3274,-180.003,-118.728,1.47E-01,5.96E+00,9.37E+01,5.11E+01
3275,-157.487,-124.968,1.06E+00,5.77E+00,1.16E+02,1.15E+01
3276,-164.995,-124.975,7.45E-01,3.47E+00,1.13E+02,1.14E+01
3277,-157.493,-131.261,9.88E-01,5.96E+00,1.17E+02,1.30E+01
3278,-164.997,-131.296,6.99E-01,3.82E+00,1.14E+02,1.19E+01
3279,-157.493,-118.704,1.12E+00,5.52E+00,1.15E+02,1.10E+01
3280,-164.999,-118.701,7.85E-01,3.08E+00,1.11E+02,1.23E+01
3281,-180.039,-157.782,8.24E-02,1.60E+00,9.79E+01,1.98E+01
3282,-172.505,-157.878,2.45E-01,1.97E+00,1.01E+02,2.17E+01
3283,-164.973,-157.873,4.17E-01,3.61E+00,1.02E+02,2.60E+01
3284,-157.438,-157.767,5.77E-01,4.92E+00,1.06E+02,2.39E+01
3285,-172.5,-150.935,2.98E-01,1.95E+00,1.07E+02,1.81E+01
3286,-172.488,-144.204,3.40E-01,1.95E+00,1.10E+02,1.46E+01
3287,-180.008,-150.796,1.00E-01,2.12E+00,1.01E+02,2.18E+01
3288,-179.966,-144.074,1.15E-01,2.87E+00,1.02E+02,2.51E+01
3289,-164.982,-150.929,5.08E-01,3.99E+00,1.08E+02,2.28E+01
3290,-164.998,-144.198,5.83E-01,4.10E+00,1.12E+02,1.83E+01
3291,-157.471,-150.778,7.07E-01,5.63E+00,1.09E+02,2.16E+01
3292,-157.516,-144.054,8.15E-01,5.96E+00,1.13E+02,1.82E+01
3293,-172.492,-179.994,3.47E-02,1.06E+00,9.00E+01,1.44E+01
3294,-172.489,-172.489,1.04E-01,1.20E+00,8.84E+01,2.12E+01
3295,-172.497,-165.128,1.79E-01,1.72E+00,9.43E+01,2.35E+01
3296,-179.994,-172.493,3.35E-02,1.02E+00,8.69E+01,1.45E+01
3297,-179.994,-179.994,9.62E-03,9.58E-01,8.25E+01,9.90E+00
3298,-180.011,-165.075,6.00E-02,1.23E+00,9.33E+01,1.76E+01
3299,-157.484,-172.491,2.50E-01,2.15E+00,1.04E+02,1.92E+01
3300,-164.986,-172.489,1.81E-01,1.76E+00,9.66E+01,2.26E+01
3301,-157.491,-179.998,8.74E-02,1.58E+00,1.01E+02,2.02E+01
3302,-164.991,-179.996,6.30E-02,1.29E+00,9.75E+01,1.73E+01
3303,-157.466,-165.066,4.20E-01,3.74E+00,1.04E+02,2.40E+01
3304,-164.977,-165.125,3.05E-01,2.84E+00,9.78E+01,2.67E+01
3305,157.5,187.5,0.00E+00,8.97E+00,1.36E+01,1.65E+02
3306,165,187.5,0.00E+00,9.87E+00,1.14E+01,1.54E+02
3307,172.5,187.5,0.00E+00,1.05E+01,8.09E+00,1.39E+02
3308,180,187.5,0.00E+00,1.01E+01,5.30E+00,1.14E+02
3309,187.5,187.5,0.00E+00,9.52E+00,4.34E+00,9.78E+01
3310,187.5,180,0.00E+00,1.01E+01,5.28E+00,1.14E+02
3311,187.5,172.5,0.00E+00,1.04E+01,7.67E+00,1.38E+02
3312,187.5,165,0.00E+00,9.83E+00,1.04E+01,1.52E+02
3313,187.5,157.5,0.00E+00,9.08E+00,1.21E+01,1.63E+02
3314,187.5,150,0.00E+00,8.05E+00,1.29E+01,1.70E+02
3315,187.5,143.75,0.00E+00,6.85E+00,1.35E+01,1.74E+02
3316,187.5,137.5,0.00E+00,5.62E+00,1.34E+01,1.75E+02
3317,187.5,131.25,0.00E+00,4.41E+00,1.26E+01,1.76E+02
3318,187.5,125,0.00E+00,3.24E+00,1.15E+01,1.76E+02
3319,187.5,118.75,0.00E+00,2.17E+00,1.05E+01,1.75E+02
3320,187.5,112.5,0.00E+00,1.40E+00,9.57E+00,1.74E+02
3321,187.5,106.25,0.00E+00,1.35E+00,8.64E+00,1.72E+02
3322,187.5,100,0.00E+00,2.01E+00,7.52E+00,1.70E+02
3323,187.5,93.3333,0.00E+00,2.92E+00,6.33E+00,1.68E+02
3324,187.5,86.6667,0.00E+00,3.86E+00,5.47E+00,1.66E+02
3325,187.5,80,0.00E+00,4.79E+00,5.04E+00,1.63E+02
3326,187.5,73.3333,0.00E+00,5.67E+00,5.16E+00,1.61E+02
3327,187.5,66.6667,0.00E+00,6.49E+00,5.86E+00,1.59E+02
3328,187.5,60,0.00E+00,7.26E+00,7.03E+00,1.56E+02
3329,187.5,53.3333,0.00E+00,7.98E+00,8.47E+00,1.54E+02
3330,187.5,46.6667,0.00E+00,8.66E+00,1.01E+01,1.52E+02
3331,187.5,40,0.00E+00,9.28E+00,1.18E+01,1.50E+02
3332,187.5,33.3333,0.00E+00,9.85E+00,1.36E+01,1.47E+02
3333,187.5,26.6667,0.00E+00,1.04E+01,1.55E+01,1.45E+02
3334,187.5,20,0.00E+00,1.08E+01,1.75E+01,1.42E+02
3335,187.5,13.3333,0.00E+00,1.13E+01,1.96E+01,1.40E+02
3336,187.5,6.66667,0.00E+00,1.16E+01,2.17E+01,1.38E+02
3337,187.5,5.33E-14,0.00E+00,1.20E+01,2.39E+01,1.35E+02
3338,187.5,-6.66667,0.00E+00,1.22E+01,2.62E+01,1.32E+02
3339,187.5,-13.3333,0.00E+00,1.24E+01,2.86E+01,1.30E+02
3340,187.5,-20,0.00E+00,1.26E+01,3.10E+01,1.27E+02
3341,187.5,-26.6667,0.00E+00,1.27E+01,3.36E+01,1.24E+02
3342,187.5,-33.3333,0.00E+00,1.28E+01,3.62E+01,1.21E+02
3343,187.5,-40,0.00E+00,1.28E+01,3.90E+01,1.18E+02
3344,187.5,-46.6667,0.00E+00,1.28E+01,4.18E+01,1.15E+02
3345,187.5,-53.3333,0.00E+00,1.28E+01,4.48E+01,1.12E+02
3346,187.5,-60,0.00E+00,1.27E+01,4.80E+01,1.09E+02
3347,187.5,-66.6667,0.00E+00,1.25E+01,5.12E+01,1.05E+02
3348,187.5,-73.3333,0.00E+00,1.24E+01,5.47E+01,1.02E+02
3349,187.5,-80,0.00E+00,1.21E+01,5.83E+01,9.82E+01
3350,187.5,-86.6667,0.00E+00,1.18E+01,6.20E+01,9.44E+01
3351,187.5,-93.3333,0.00E+00,1.15E+01,6.59E+01,9.02E+01
3352,187.5,-100,0.00E+00,1.11E+01,6.96E+01,8.58E+01
3353,187.5,-106.25,0.00E+00,1.06E+01,7.34E+01,8.14E+01
3354,187.5,-112.5,0.00E+00,9.94E+00,7.73E+01,7.68E+01
3355,187.5,-118.75,0.00E+00,9.22E+00,8.10E+01,7.19E+01
3356,187.5,-125,0.00E+00,8.40E+00,8.44E+01,6.62E+01
3357,187.5,-131.25,0.00E+00,7.46E+00,8.74E+01,5.98E+01
3358,187.5,-137.5,0.00E+00,6.33E+00,9.00E+01,5.28E+01
3359,187.5,-143.75,0.00E+00,5.01E+00,9.22E+01,4.55E+01
3360,187.5,-150,0.00E+00,3.56E+00,9.37E+01,3.66E+01
3361,187.5,-157.5,0.00E+00,2.18E+00,9.35E+01,2.59E+01
3362,187.5,-165,0.00E+00,1.29E+00,9.15E+01,1.60E+01
3363,187.5,-172.5,0.00E+00,1.01E+00,8.78E+01,1.02E+01
3364,187.5,-180,0.00E+00,8.53E-01,7.76E+01,7.07E+00
3365,187.5,-187.5,0.00E+00,7.16E-01,6.96E+01,5.35E+00
3366,180,-187.5,0.00E+00,8.49E-01,7.75E+01,7.03E+00
3367,172.5,-187.5,0.00E+00,9.90E-01,8.73E+01,1.05E+01
3368,165,-187.5,0.00E+00,1.24E+00,8.94E+01,1.72E+01
3369,157.5,-187.5,0.00E+00,2.33E+00,8.83E+01,2.81E+01
3370,180.014,-0.000766605,2.00E-01,8.45E+00,3.49E+01,1.11E+02
3371,172.521,-0.000340845,6.06E-01,2.60E+00,4.94E+01,7.72E+01
3372,165.027,-0.000522938,1.09E+00,1.93E+00,5.50E+01,6.54E+01
3373,157.532,-0.000646218,1.59E+00,4.93E+00,5.86E+01,6.24E+01
3374,180.025,93.2152,1.81E-01,3.49E+00,1.33E+01,1.47E+02
3375,172.517,93.1765,5.39E-01,6.43E+00,2.38E+01,1.18E+02
3376,165.005,93.1767,9.47E-01,1.05E+01,2.95E+01,1.10E+02
3377,157.493,93.2034,1.36E+00,1.37E+01,3.41E+01,1.08E+02
3378,179.976,137.64,1.47E-01,7.82E+00,1.35E+01,1.57E+02
3379,172.495,137.724,4.16E-01,1.14E+01,1.68E+01,1.33E+02
3380,165.015,137.674,6.99E-01,1.37E+01,2.23E+01,1.25E+02
3381,157.511,137.574,9.62E-01,1.54E+01,2.59E+01,1.22E+02
3382,180.025,165.139,9.32E-02,1.03E+01,1.23E+01,1.39E+02
3383,172.496,165.23,2.45E-01,1.09E+01,1.64E+01,1.21E+02
3384,164.964,165.183,3.80E-01,1.16E+01,1.93E+01,1.16E+02
3385,157.455,165.089,4.89E-01,1.27E+01,2.03E+01,1.19E+02
3386,172.492,172.587,1.65E-01,1.01E+01,1.58E+01,1.18E+02
3387,172.492,179.998,6.40E-02,1.01E+01,1.15E+01,1.29E+02
3388,180.007,172.553,6.70E-02,1.01E+01,1.14E+01,1.28E+02
3389,179.995,179.996,2.75E-02,1.00E+01,8.00E+00,1.18E+02
3390,157.475,172.537,3.02E-01,1.17E+01,1.59E+01,1.27E+02
3391,164.979,172.573,2.43E-01,1.10E+01,1.63E+01,1.21E+02
3392,157.49,180.002,1.06E-01,1.01E+01,1.32E+01,1.49E+02
3393,164.99,180,8.86E-02,1.03E+01,1.26E+01,1.40E+02
3394,172.489,144.382,3.85E-01,1.18E+01,1.61E+01,1.32E+02
3395,172.497,151.105,3.49E-01,1.19E+01,1.57E+01,1.30E+02
3396,172.503,158.134,3.03E-01,1.16E+01,1.58E+01,1.25E+02
3397,180.004,150.912,1.26E-01,9.56E+00,1.26E+01,1.53E+02
3398,179.955,144.193,1.38E-01,8.76E+00,1.31E+01,1.56E+02
3399,180.045,157.941,1.11E-01,1.01E+01,1.25E+01,1.47E+02
3400,157.477,150.8,7.66E-01,1.47E+01,2.24E+01,1.17E+02
3401,164.987,151.008,5.71E-01,1.33E+01,2.06E+01,1.21E+02
3402,157.532,144.099,8.69E-01,1.51E+01,2.40E+01,1.21E+02
3403,165.012,144.305,6.39E-01,1.36E+01,2.13E+01,1.24E+02
3404,157.431,157.854,6.42E-01,1.38E+01,2.18E+01,1.16E+02
3405,164.964,158.058,4.86E-01,1.26E+01,2.01E+01,1.18E+02
3406,180.003,118.717,1.66E-01,4.92E+00,1.31E+01,1.56E+02
3407,172.505,118.693,4.83E-01,9.63E+00,1.90E+01,1.30E+02
3408,165.004,118.694,8.32E-01,1.30E+01,2.46E+01,1.22E+02
3409,157.495,118.702,1.17E+00,1.55E+01,2.92E+01,1.20E+02
3410,172.504,124.966,4.64E-01,1.03E+01,1.83E+01,1.31E+02
3411,172.499,131.328,4.42E-01,1.09E+01,1.77E+01,1.33E+02
3412,180.005,124.98,1.60E-01,5.87E+00,1.33E+01,1.57E+02
3413,179.995,131.301,1.54E-01,6.85E+00,1.35E+01,1.57E+02
3414,164.999,124.961,7.94E-01,1.33E+01,2.37E+01,1.24E+02
3415,165.003,131.306,7.50E-01,1.36E+01,2.31E+01,1.25E+02
3416,157.491,124.96,1.11E+00,1.56E+01,2.82E+01,1.21E+02
3417,157.495,131.261,1.04E+00,1.56E+01,2.71E+01,1.22E+02
3418,172.514,99.6281,5.28E-01,7.28E+00,2.24E+01,1.21E+02
3419,172.506,106.048,5.15E-01,8.11E+00,2.11E+01,1.24E+02
3420,172.503,112.377,5.00E-01,8.90E+00,2.00E+01,1.27E+02
3421,180,106.106,1.75E-01,3.63E+00,1.32E+01,1.52E+02
3422,180.014,99.6824,1.78E-01,3.50E+00,1.32E+01,1.49E+02
3423,180,112.42,1.71E-01,4.10E+00,1.31E+01,1.54E+02
3424,157.509,106.104,1.28E+00,1.49E+01,3.14E+01,1.15E+02
3425,165.006,106.057,8.96E-01,1.19E+01,2.68E+01,1.16E+02
3426,157.501,99.6742,1.32E+00,1.44E+01,3.27E+01,1.12E+02
3427,165.007,99.633,9.23E-01,1.13E+01,2.81E+01,1.13E+02
3428,157.502,112.411,1.23E+00,1.53E+01,3.03E+01,1.17E+02
3429,165.006,112.381,8.66E-01,1.25E+01,2.56E+01,1.19E+02
3430,180.014,46.6628,1.97E-01,5.14E+00,2.10E+01,1.28E+02
3431,172.519,46.6602,5.94E-01,2.59E+00,3.55E+01,9.64E+01
3432,165.023,46.6569,1.06E+00,5.40E+00,4.13E+01,8.58E+01
3433,157.526,46.6536,1.54E+00,8.70E+00,4.53E+01,8.32E+01
3434,180.012,73.3275,1.90E-01,3.59E+00,1.50E+01,1.39E+02
3435,172.516,73.3229,5.69E-01,3.97E+00,2.85E+01,1.09E+02
3436,165.017,73.3178,1.01E+00,8.26E+00,3.43E+01,9.90E+01
3437,157.516,73.3124,1.46E+00,1.16E+01,3.86E+01,9.70E+01
3438,172.515,79.9886,5.60E-01,4.77E+00,2.68E+01,1.12E+02
3439,172.515,86.5971,5.50E-01,5.60E+00,2.52E+01,1.15E+02
3440,180.012,79.9937,1.88E-01,3.55E+00,1.41E+01,1.41E+02
3441,180.017,86.6189,1.85E-01,3.52E+00,1.36E+01,1.44E+02
3442,165.015,79.9829,9.89E-01,9.03E+00,3.26E+01,1.03E+02
3443,165.011,86.5934,9.69E-01,9.79E+00,3.10E+01,1.06E+02
3444,157.513,79.9771,1.43E+00,1.23E+01,3.71E+01,1.01E+02
3445,157.505,86.6038,1.40E+00,1.30E+01,3.56E+01,1.04E+02
3446,172.519,53.3259,5.89E-01,2.62E+00,3.37E+01,9.93E+01
3447,172.518,59.9916,5.83E-01,2.78E+00,3.20E+01,1.02E+02
3448,172.517,66.6573,5.76E-01,3.25E+00,3.02E+01,1.05E+02
3449,180.013,59.9952,1.94E-01,3.95E+00,1.77E+01,1.33E+02
3450,180.013,53.329,1.96E-01,4.50E+00,1.93E+01,1.31E+02
3451,180.013,66.6613,1.92E-01,3.67E+00,1.63E+01,1.36E+02
3452,157.521,59.9831,1.51E+00,1.01E+01,4.19E+01,8.99E+01
3453,165.021,59.9874,1.04E+00,6.76E+00,3.77E+01,9.22E+01
3454,157.524,53.3184,1.53E+00,9.38E+00,4.36E+01,8.65E+01
3455,165.022,53.3222,1.05E+00,6.06E+00,3.95E+01,8.89E+01
3456,157.519,66.6478,1.48E+00,1.08E+01,4.02E+01,9.34E+01
3457,165.019,66.6526,1.02E+00,7.50E+00,3.60E+01,9.56E+01
3458,180.014,26.6642,2.00E-01,6.84E+00,2.66E+01,1.21E+02
3459,172.521,26.6629,6.04E-01,2.56E+00,4.12E+01,8.80E+01
3460,165.026,26.661,1.08E+00,3.62E+00,4.69E+01,7.68E+01
3461,157.53,26.6591,1.58E+00,6.85E+00,5.07E+01,7.39E+01
3462,172.521,33.3287,6.01E-01,2.57E+00,3.93E+01,9.08E+01
3463,172.52,39.9944,5.98E-01,2.58E+00,3.74E+01,9.36E+01
3464,180.014,33.3304,1.99E-01,6.32E+00,2.47E+01,1.23E+02
3465,180.014,39.9966,1.98E-01,5.75E+00,2.28E+01,1.26E+02
3466,165.025,33.3263,1.07E+00,4.17E+00,4.50E+01,7.97E+01
3467,165.024,39.9916,1.07E+00,4.76E+00,4.31E+01,8.27E+01
3468,157.529,33.324,1.57E+00,7.43E+00,4.89E+01,7.69E+01
3469,157.527,39.9888,1.56E+00,8.05E+00,4.71E+01,8.00E+01
3470,172.521,6.66547,6.07E-01,2.55E+00,4.73E+01,7.99E+01
3471,172.521,13.3313,6.06E-01,2.55E+00,4.52E+01,8.26E+01
3472,172.521,19.9971,6.06E-01,2.56E+00,4.32E+01,8.53E+01
3473,180.014,13.3317,2.01E-01,7.74E+00,3.06E+01,1.16E+02
3474,180.014,6.66547,2.01E-01,8.12E+00,3.27E+01,1.13E+02
3475,180.014,19.9979,2.00E-01,7.32E+00,2.86E+01,1.18E+02
3476,157.531,13.3293,1.59E+00,5.81E+00,5.45E+01,6.81E+01
3477,165.027,13.3303,1.09E+00,2.65E+00,5.09E+01,7.10E+01
3478,157.532,6.66432,1.59E+00,5.35E+00,5.65E+01,6.52E+01
3479,165.027,6.66487,1.09E+00,2.24E+00,5.29E+01,6.82E+01
3480,157.531,19.9942,1.59E+00,6.31E+00,5.26E+01,7.10E+01
3481,165.027,19.9956,1.08E+00,3.12E+00,4.89E+01,7.39E+01
3482,180.023,-93.2244,1.71E-01,8.48E+00,7.56E+01,6.74E+01
3483,172.515,-93.1861,5.11E-01,3.37E+00,8.87E+01,3.57E+01
3484,165.004,-93.1799,9.04E-01,1.51E+00,9.44E+01,2.45E+01
3485,157.492,-93.2053,1.31E+00,2.53E+00,9.81E+01,2.27E+01
3486,180.013,-46.6644,1.92E-01,9.47E+00,5.24E+01,9.12E+01
3487,172.518,-46.6609,5.79E-01,3.77E+00,6.65E+01,5.78E+01
3488,165.022,-46.6581,1.03E+00,1.65E+00,7.21E+01,4.57E+01
3489,157.524,-46.6551,1.52E+00,3.01E+00,7.56E+01,4.30E+01
3490,180.014,-19.9995,1.98E-01,9.15E+00,4.19E+01,1.03E+02
3491,172.521,-19.9978,5.99E-01,3.23E+00,5.62E+01,6.90E+01
3492,165.026,-19.9967,1.07E+00,1.72E+00,6.18E+01,5.70E+01
3493,157.53,-19.9955,1.57E+00,3.91E+00,6.53E+01,5.41E+01
3494,172.521,-13.332,6.02E-01,3.02E+00,5.38E+01,7.18E+01
3495,172.521,-6.66614,6.04E-01,2.77E+00,5.16E+01,7.45E+01
3496,180.014,-13.3332,1.99E-01,8.96E+00,3.95E+01,1.05E+02
3497,180.014,-6.66698,2.00E-01,8.73E+00,3.71E+01,1.08E+02
3498,165.026,-13.3314,1.08E+00,1.74E+00,5.95E+01,5.98E+01
3499,165.027,-6.6659,1.08E+00,1.78E+00,5.72E+01,6.26E+01
3500,157.531,-13.3305,1.58E+00,4.21E+00,6.30E+01,5.69E+01
3501,157.531,-6.66559,1.59E+00,4.55E+00,6.07E+01,5.96E+01
3502,172.519,-39.9951,5.85E-01,3.68E+00,6.38E+01,6.06E+01
3503,172.52,-33.3294,5.90E-01,3.57E+00,6.11E+01,6.35E+01
3504,172.52,-26.6635,5.95E-01,3.42E+00,5.86E+01,6.63E+01
3505,180.014,-33.332,1.95E-01,9.39E+00,4.69E+01,9.71E+01
3506,180.013,-39.9981,1.94E-01,9.45E+00,4.96E+01,9.42E+01
3507,180.014,-26.6656,1.97E-01,9.29E+00,4.44E+01,9.99E+01
3508,157.528,-33.3253,1.55E+00,3.41E+00,7.02E+01,4.86E+01
3509,165.024,-33.3275,1.06E+00,1.69E+00,6.67E+01,5.14E+01
3510,157.526,-39.9902,1.53E+00,3.19E+00,7.28E+01,4.58E+01
3511,165.023,-39.9927,1.05E+00,1.67E+00,6.94E+01,4.86E+01
3512,157.529,-26.6604,1.56E+00,3.64E+00,6.77E+01,5.13E+01
3513,165.025,-26.662,1.07E+00,1.70E+00,6.42E+01,5.42E+01
3514,180.012,-66.6629,1.85E-01,9.33E+00,6.16E+01,8.17E+01
3515,172.515,-66.6581,5.55E-01,3.85E+00,7.54E+01,4.88E+01
3516,165.017,-66.6538,9.89E-01,1.60E+00,8.11E+01,3.70E+01
3517,157.518,-66.6494,1.44E+00,2.61E+00,8.47E+01,3.45E+01
3518,172.516,-59.9924,5.64E-01,3.85E+00,7.23E+01,5.19E+01
3519,172.517,-53.3267,5.72E-01,3.83E+00,6.93E+01,5.48E+01
3520,180.012,-59.9967,1.87E-01,9.42E+00,5.84E+01,8.50E+01
3521,180.013,-53.3306,1.90E-01,9.46E+00,5.54E+01,8.81E+01
3522,165.019,-59.9886,1.01E+00,1.62E+00,7.80E+01,3.99E+01
3523,165.02,-53.3234,1.02E+00,1.64E+00,7.50E+01,4.29E+01
3524,157.52,-59.9846,1.47E+00,2.71E+00,8.15E+01,3.73E+01
3525,157.522,-53.3199,1.49E+00,2.85E+00,7.85E+01,4.02E+01
3526,172.514,-86.6021,5.24E-01,3.56E+00,8.54E+01,3.90E+01
3527,172.513,-79.9894,5.35E-01,3.72E+00,8.20E+01,4.23E+01
3528,172.514,-73.3238,5.46E-01,3.80E+00,7.86E+01,4.56E+01
3529,180.011,-79.9952,1.79E-01,9.02E+00,6.84E+01,7.47E+01
3530,180.015,-86.6237,1.75E-01,8.77E+00,7.20E+01,7.11E+01
3531,180.011,-73.3291,1.82E-01,9.21E+00,6.49E+01,7.82E+01
3532,157.512,-79.9788,1.38E+00,2.50E+00,9.14E+01,2.87E+01
3533,165.013,-79.9842,9.50E-01,1.57E+00,8.77E+01,3.08E+01
3534,157.503,-86.6059,1.35E+00,2.49E+00,9.47E+01,2.57E+01
3535,165.009,-86.5964,9.28E-01,1.54E+00,9.10E+01,2.77E+01
3536,157.515,-73.3142,1.42E+00,2.54E+00,8.80E+01,3.16E+01
3537,165.015,-73.3191,9.71E-01,1.59E+00,8.44E+01,3.39E+01
3538,179.98,-137.593,1.30E-01,4.06E+00,9.66E+01,3.45E+01
3539,172.489,-137.655,3.75E-01,1.73E+00,1.05E+02,1.38E+01
3540,165.001,-137.648,6.47E-01,2.62E+00,1.08E+02,1.17E+01
3541,157.507,-137.573,9.18E-01,3.96E+00,1.08E+02,1.10E+01
3542,179.999,-112.449,1.58E-01,7.14E+00,8.63E+01,5.49E+01
3543,172.502,-112.42,4.66E-01,2.53E+00,9.84E+01,2.52E+01
3544,165.005,-112.413,8.16E-01,1.49E+00,1.03E+02,1.56E+01
3545,157.503,-112.427,1.17E+00,2.87E+00,1.06E+02,1.45E+01
3546,172.503,-106.075,4.83E-01,2.86E+00,9.54E+01,2.87E+01
3547,172.509,-99.6574,4.98E-01,3.14E+00,9.21E+01,3.23E+01
3548,179.997,-106.125,1.63E-01,7.68E+00,8.28E+01,5.92E+01
3549,180.01,-99.7035,1.68E-01,8.13E+00,7.91E+01,6.33E+01
3550,165.008,-106.068,8.48E-01,1.48E+00,1.01E+02,1.84E+01
3551,165.006,-99.6509,8.77E-01,1.50E+00,9.77E+01,2.14E+01
3552,157.51,-106.104,1.22E+00,2.72E+00,1.04E+02,1.70E+01
3553,157.501,-99.6834,1.27E+00,2.60E+00,1.01E+02,1.98E+01
3554,172.496,-131.304,4.03E-01,1.85E+00,1.04E+02,1.58E+01
3555,172.502,-124.984,4.27E-01,2.00E+00,1.03E+02,1.86E+01
3556,172.503,-118.71,4.47E-01,2.23E+00,1.01E+02,2.18E+01
3557,180.005,-124.992,1.45E-01,5.79E+00,9.24E+01,4.57E+01
3558,179.996,-131.284,1.38E-01,4.98E+00,9.48E+01,4.03E+01
3559,180.003,-118.728,1.52E-01,6.51E+00,8.95E+01,5.05E+01
3560,157.489,-124.97,1.06E+00,3.33E+00,1.09E+02,1.09E+01
3561,164.996,-124.976,7.42E-01,1.83E+00,1.07E+02,1.14E+01
3562,157.495,-131.262,9.93E-01,3.63E+00,1.09E+02,1.04E+01
3563,164.998,-131.297,6.98E-01,2.19E+00,1.08E+02,1.08E+01
3564,157.495,-118.706,1.12E+00,3.08E+00,1.08E+02,1.23E+01
3565,165,-118.703,7.81E-01,1.59E+00,1.06E+02,1.31E+01
3566,180.039,-157.782,8.61E-02,1.59E+00,9.54E+01,1.99E+01
3567,172.505,-157.878,2.50E-01,2.04E+00,9.74E+01,1.79E+01
3568,164.974,-157.874,4.29E-01,3.80E+00,9.77E+01,2.18E+01
3569,157.44,-157.769,6.04E-01,4.78E+00,9.93E+01,1.91E+01
3570,172.5,-150.936,3.01E-01,1.73E+00,1.02E+02,1.44E+01
3571,172.488,-144.205,3.42E-01,1.63E+00,1.05E+02,1.30E+01
3572,180.008,-150.796,1.04E-01,2.15E+00,9.76E+01,2.40E+01
3573,179.965,-144.074,1.19E-01,3.03E+00,9.78E+01,2.90E+01
3574,164.983,-150.93,5.16E-01,3.53E+00,1.02E+02,1.78E+01
3575,164.998,-144.199,5.87E-01,3.08E+00,1.06E+02,1.43E+01
3576,157.473,-150.78,7.28E-01,4.59E+00,1.02E+02,1.57E+01
3577,157.519,-144.056,8.30E-01,4.28E+00,1.06E+02,1.29E+01
3578,172.493,-179.995,3.47E-02,1.01E+00,8.42E+01,1.44E+01
3579,172.49,-172.49,1.08E-01,1.51E+00,8.41E+01,2.07E+01
3580,172.498,-165.129,1.85E-01,2.10E+00,9.08E+01,2.16E+01
3581,179.995,-172.493,3.53E-02,9.91E-01,8.47E+01,1.39E+01
3582,179.994,-179.994,9.69E-03,8.48E-01,7.93E+01,9.67E+00
3583,180.011,-165.075,6.35E-02,1.26E+00,9.11E+01,1.69E+01
3584,157.487,-172.494,2.78E-01,3.43E+00,9.71E+01,2.21E+01
3585,164.988,-172.491,1.93E-01,2.53E+00,9.03E+01,2.36E+01
3586,157.493,-180.001,9.67E-02,2.44E+00,9.22E+01,2.42E+01
3587,164.993,-179.997,6.48E-02,1.46E+00,8.94E+01,1.89E+01
3588,157.468,-165.069,4.53E-01,4.55E+00,9.81E+01,2.24E+01
3589,164.978,-165.127,3.20E-01,3.62E+00,9.31E+01,2.52E+01
