NodeID,Y,Z,Displacement,Stress_L1,Stress_L2,Stress_L4
2,99.9435,-99.9436,4.33E+00,1.21E+02,4.23E+01,1.37E+02
3,99.9466,-93.274,4.56E+00,1.22E+02,4.37E+01,1.39E+02
4,99.9518,-86.6064,4.78E+00,1.21E+02,4.53E+01,1.38E+02
5,99.9588,-79.9406,4.98E+00,1.17E+02,4.71E+01,1.34E+02
6,99.9673,-73.2764,5.17E+00,1.12E+02,4.90E+01,1.29E+02
7,99.9769,-66.6137,5.34E+00,1.06E+02,5.09E+01,1.22E+02
8,99.9869,-59.9517,5.49E+00,9.94E+01,5.28E+01,1.15E+02
9,99.997,-53.2905,5.64E+00,9.34E+01,5.46E+01,1.08E+02
10,100.007,-46.6296,5.76E+00,8.80E+01,5.63E+01,1.02E+02
11,100.016,-39.9688,5.87E+00,8.34E+01,5.79E+01,9.53E+01
12,100.024,-33.3079,5.97E+00,7.95E+01,5.96E+01,8.94E+01
13,100.03,-26.6471,6.05E+00,7.65E+01,6.12E+01,8.39E+01
14,100.036,-19.986,6.11E+00,7.41E+01,6.29E+01,7.86E+01
15,100.039,-13.3248,6.15E+00,7.23E+01,6.47E+01,7.35E+01
16,100.042,-6.66362,6.18E+00,7.10E+01,6.66E+01,6.86E+01
17,100.042,-0.00235676,6.18E+00,7.00E+01,6.87E+01,6.39E+01
18,100.041,6.65886,6.17E+00,6.92E+01,7.11E+01,5.94E+01
19,100.037,13.32,6.14E+00,6.87E+01,7.39E+01,5.51E+01
20,100.033,19.981,6.09E+00,6.82E+01,7.70E+01,5.09E+01
21,100.026,26.6418,6.02E+00,6.77E+01,8.07E+01,4.69E+01
22,100.019,33.3024,5.94E+00,6.73E+01,8.50E+01,4.30E+01
23,100.01,39.9629,5.84E+00,6.67E+01,9.00E+01,3.93E+01
24,100,46.6233,5.73E+00,6.61E+01,9.56E+01,3.56E+01
25,99.9898,53.2839,5.59E+00,6.53E+01,1.02E+02,3.21E+01
26,99.9791,59.9448,5.45E+00,6.44E+01,1.09E+02,2.86E+01
27,99.9686,66.6063,5.29E+00,6.31E+01,1.16E+02,2.53E+01
28,99.9588,73.2689,5.11E+00,6.17E+01,1.22E+02,2.21E+01
29,99.9502,79.9328,4.92E+00,6.02E+01,1.28E+02,1.91E+01
30,99.9433,86.5985,4.72E+00,5.85E+01,1.32E+02,1.66E+01
31,99.9384,93.2662,4.50E+00,5.69E+01,1.33E+02,1.47E+01
32,99.9357,99.9359,4.27E+00,5.54E+01,1.32E+02,1.36E+01
33,93.2656,99.9382,4.50E+00,5.68E+01,1.34E+02,1.46E+01
34,86.5976,99.9428,4.72E+00,5.84E+01,1.33E+02,1.64E+01
35,79.9316,99.9494,4.92E+00,6.00E+01,1.29E+02,1.89E+01
36,73.2674,99.9579,5.11E+00,6.15E+01,1.24E+02,2.18E+01
37,66.6047,99.9677,5.29E+00,6.29E+01,1.17E+02,2.50E+01
38,59.943,99.9782,5.45E+00,6.41E+01,1.10E+02,2.84E+01
39,53.282,99.9889,5.60E+00,6.50E+01,1.03E+02,3.19E+01
40,46.6215,99.9994,5.73E+00,6.58E+01,9.67E+01,3.55E+01
41,39.961,100.009,5.85E+00,6.64E+01,9.07E+01,3.92E+01
42,33.3005,100.018,5.95E+00,6.69E+01,8.55E+01,4.30E+01
43,26.6399,100.026,6.03E+00,6.73E+01,8.11E+01,4.70E+01
44,19.9792,100.033,6.10E+00,6.77E+01,7.73E+01,5.10E+01
45,13.3183,100.037,6.14E+00,6.81E+01,7.40E+01,5.51E+01
46,6.65723,100.041,6.18E+00,6.86E+01,7.12E+01,5.94E+01
47,-0.00393073,100.042,6.19E+00,6.93E+01,6.88E+01,6.39E+01
48,-6.66515,100.042,6.18E+00,7.02E+01,6.67E+01,6.85E+01
49,-13.3263,100.04,6.16E+00,7.15E+01,6.48E+01,7.33E+01
50,-19.9875,100.037,6.12E+00,7.33E+01,6.30E+01,7.83E+01
51,-26.6486,100.032,6.06E+00,7.57E+01,6.14E+01,8.36E+01
52,-33.3094,100.025,5.98E+00,7.88E+01,5.97E+01,8.91E+01
53,-39.9702,100.017,5.88E+00,8.26E+01,5.81E+01,9.49E+01
54,-46.631,100.008,5.77E+00,8.72E+01,5.64E+01,1.01E+02
55,-53.2918,99.9983,5.64E+00,9.26E+01,5.47E+01,1.08E+02
56,-59.9529,99.9881,5.50E+00,9.85E+01,5.30E+01,1.15E+02
57,-66.6146,99.9778,5.34E+00,1.05E+02,5.11E+01,1.21E+02
58,-73.2771,99.9681,5.17E+00,1.11E+02,4.92E+01,1.28E+02
59,-79.941,99.9593,4.98E+00,1.16E+02,4.73E+01,1.33E+02
60,-86.6066,99.952,4.78E+00,1.20E+02,4.55E+01,1.37E+02
61,-93.274,99.9467,4.56E+00,1.21E+02,4.38E+01,1.38E+02
62,-99.9436,99.9435,4.33E+00,1.20E+02,4.25E+01,1.37E+02
63,-99.9465,93.2736,4.57E+00,1.22E+02,4.38E+01,1.39E+02
64,-99.9516,86.6056,4.79E+00,1.21E+02,4.54E+01,1.38E+02
65,-99.9586,79.9397,4.99E+00,1.17E+02,4.71E+01,1.35E+02
66,-99.9673,73.2755,5.18E+00,1.12E+02,4.90E+01,1.29E+02
67,-99.977,66.6127,5.35E+00,1.06E+02,5.09E+01,1.22E+02
68,-99.9873,59.9509,5.51E+00,9.93E+01,5.28E+01,1.15E+02
69,-99.9977,53.2897,5.65E+00,9.31E+01,5.45E+01,1.08E+02
70,-100.008,46.6289,5.78E+00,8.76E+01,5.62E+01,1.01E+02
71,-100.017,39.9682,5.89E+00,8.29E+01,5.79E+01,9.48E+01
72,-100.025,33.3074,5.99E+00,7.90E+01,5.95E+01,8.89E+01
73,-100.032,26.6466,6.07E+00,7.59E+01,6.11E+01,8.33E+01
74,-100.037,19.9856,6.13E+00,7.36E+01,6.28E+01,7.79E+01
75,-100.041,13.3245,6.17E+00,7.18E+01,6.45E+01,7.29E+01
76,-100.043,6.66325,6.19E+00,7.05E+01,6.64E+01,6.80E+01
77,-100.044,0.00202609,6.20E+00,6.96E+01,6.85E+01,6.34E+01
78,-100.042,-6.65915,6.19E+00,6.89E+01,7.09E+01,5.90E+01
79,-100.039,-13.3202,6.15E+00,6.83E+01,7.36E+01,5.47E+01
80,-100.034,-19.9811,6.10E+00,6.79E+01,7.68E+01,5.06E+01
81,-100.028,-26.6418,6.04E+00,6.74E+01,8.05E+01,4.67E+01
82,-100.02,-33.3023,5.95E+00,6.70E+01,8.49E+01,4.28E+01
83,-100.011,-39.9627,5.85E+00,6.65E+01,9.00E+01,3.91E+01
84,-100.001,-46.623,5.73E+00,6.59E+01,9.58E+01,3.54E+01
85,-99.9902,-53.2834,5.60E+00,6.51E+01,1.02E+02,3.18E+01
86,-99.9793,-59.9443,5.45E+00,6.41E+01,1.09E+02,2.83E+01
87,-99.9687,-66.6058,5.29E+00,6.29E+01,1.17E+02,2.49E+01
88,-99.9588,-73.2682,5.11E+00,6.15E+01,1.23E+02,2.17E+01
89,-99.9501,-79.9323,4.92E+00,6.00E+01,1.29E+02,1.87E+01
90,-99.9433,-86.5982,4.72E+00,5.84E+01,1.33E+02,1.62E+01
91,-99.9386,-93.266,4.50E+00,5.69E+01,1.33E+02,1.44E+01
92,-99.9361,-99.936,4.27E+00,5.55E+01,1.32E+02,1.33E+01
93,-93.2664,-99.9387,4.50E+00,5.69E+01,1.33E+02,1.45E+01
94,-86.5989,-99.9437,4.72E+00,5.85E+01,1.31E+02,1.64E+01
95,-79.9334,-99.9508,4.92E+00,6.02E+01,1.27E+02,1.90E+01
96,-73.2696,-99.9596,5.11E+00,6.18E+01,1.22E+02,2.20E+01
97,-66.6074,-99.9696,5.29E+00,6.32E+01,1.15E+02,2.52E+01
98,-59.946,-99.9803,5.45E+00,6.44E+01,1.08E+02,2.85E+01
99,-53.2852,-99.9911,5.60E+00,6.53E+01,1.01E+02,3.20E+01
100,-46.6249,-100.002,5.73E+00,6.61E+01,9.48E+01,3.55E+01
101,-39.9645,-100.011,5.84E+00,6.68E+01,8.92E+01,3.91E+01
102,-33.304,-100.02,5.95E+00,6.73E+01,8.43E+01,4.28E+01
103,-26.6435,-100.028,6.03E+00,6.78E+01,8.01E+01,4.66E+01
104,-19.9827,-100.034,6.10E+00,6.83E+01,7.65E+01,5.05E+01
105,-13.3218,-100.039,6.15E+00,6.88E+01,7.34E+01,5.46E+01
106,-6.66069,-100.042,6.18E+00,6.94E+01,7.07E+01,5.89E+01
107,0.00052979,-100.043,6.19E+00,7.01E+01,6.83E+01,6.34E+01
108,6.66178,-100.043,6.18E+00,7.11E+01,6.62E+01,6.80E+01
109,13.323,-100.04,6.16E+00,7.25E+01,6.44E+01,7.29E+01
110,19.9841,-100.036,6.12E+00,7.43E+01,6.26E+01,7.81E+01
111,26.6452,-100.031,6.06E+00,7.66E+01,6.09E+01,8.34E+01
112,33.306,-100.024,5.98E+00,7.98E+01,5.93E+01,8.91E+01
113,39.9668,-100.015,5.88E+00,8.37E+01,5.77E+01,9.52E+01
114,46.6275,-100.006,5.77E+00,8.84E+01,5.60E+01,1.02E+02
115,53.2884,-99.9964,5.65E+00,9.39E+01,5.43E+01,1.09E+02
116,59.9497,-99.9862,5.50E+00,1.00E+02,5.26E+01,1.16E+02
117,66.6117,-99.976,5.35E+00,1.07E+02,5.08E+01,1.23E+02
118,73.2747,-99.9665,5.17E+00,1.13E+02,4.89E+01,1.30E+02
119,79.9392,-99.9581,4.99E+00,1.18E+02,4.70E+01,1.35E+02
120,86.6054,-99.9513,4.78E+00,1.21E+02,4.52E+01,1.38E+02
121,93.2735,-99.9464,4.56E+00,1.22E+02,4.37E+01,1.39E+02
122,-93.3769,0.00228599,6.69E+00,7.20E+01,7.05E+01,6.46E+01
123,-86.7102,0.00256641,7.20E+00,7.49E+01,7.27E+01,6.58E+01
124,-80.0434,0.00286458,7.72E+00,7.82E+01,7.53E+01,6.71E+01
125,-73.3768,0.00318173,8.25E+00,8.22E+01,7.82E+01,6.85E+01
126,-66.7104,0.00350664,8.80E+00,8.70E+01,8.18E+01,7.00E+01
127,-60.0443,0.0038363,9.38E+00,9.32E+01,8.63E+01,7.17E+01
128,-53.3787,0.00413647,9.98E+00,1.01E+02,9.19E+01,7.36E+01
129,-46.7138,0.00439051,1.06E+01,1.12E+02,9.93E+01,7.58E+01
130,-40.0496,0.00448534,1.13E+01,1.26E+02,1.10E+02,7.85E+01
131,-33.3865,0.00434526,1.20E+01,1.48E+02,1.25E+02,8.21E+01
132,-26.7253,0.00355031,1.27E+01,1.81E+02,1.48E+02,8.80E+01
133,-20.0671,0.00157855,1.35E+01,2.39E+02,1.87E+02,1.02E+02
134,-13.4182,-0.00480086,1.45E+01,3.76E+02,2.76E+02,1.27E+02
135,-6.76561,-0.0156284,1.55E+01,6.64E+02,4.66E+02,1.42E+02
136,0.00226179,-0.0016541,1.62E+01,8.51E+02,5.94E+02,1.43E+02
137,6.76563,0.0135391,1.55E+01,6.64E+02,4.69E+02,1.47E+02
138,13.4144,0.00378526,1.44E+01,3.80E+02,2.79E+02,1.34E+02
139,20.0627,-0.00232726,1.35E+01,2.44E+02,1.91E+02,1.08E+02
140,26.7211,-0.00417246,1.27E+01,1.85E+02,1.51E+02,9.25E+01
141,33.3826,-0.00487353,1.19E+01,1.50E+02,1.27E+02,8.57E+01
142,40.0459,-0.00494731,1.12E+01,1.28E+02,1.12E+02,8.13E+01
143,46.7104,-0.00481249,1.06E+01,1.13E+02,1.01E+02,7.81E+01
144,53.3756,-0.00453552,9.94E+00,1.02E+02,9.30E+01,7.54E+01
145,60.0414,-0.0042232,9.35E+00,9.40E+01,8.72E+01,7.32E+01
146,66.7077,-0.00388339,8.77E+00,8.78E+01,8.25E+01,7.13E+01
147,73.3743,-0.00354965,8.22E+00,8.28E+01,7.88E+01,6.95E+01
148,80.0411,-0.00322381,7.69E+00,7.88E+01,7.57E+01,6.80E+01
149,86.708,-0.00291609,7.17E+00,7.54E+01,7.31E+01,6.65E+01
150,93.375,-0.00262451,6.67E+00,7.25E+01,7.08E+01,6.52E+01
151,0.0125478,6.75945,1.55E+01,6.71E+02,4.78E+02,1.42E+02
152,0.000324111,13.4129,1.44E+01,3.80E+02,2.92E+02,1.32E+02
153,-0.00571186,20.0633,1.35E+01,2.36E+02,1.95E+02,1.10E+02
154,-0.00765534,26.7219,1.27E+01,1.78E+02,1.52E+02,9.52E+01
155,-0.00828004,33.3835,1.19E+01,1.46E+02,1.28E+02,8.75E+01
156,-0.00819313,40.0469,1.12E+01,1.25E+02,1.12E+02,8.27E+01
157,-0.00788054,46.7113,1.06E+01,1.11E+02,1.01E+02,7.91E+01
158,-0.00741732,53.3765,9.95E+00,1.00E+02,9.30E+01,7.62E+01
159,-0.00692129,60.0423,9.36E+00,9.25E+01,8.72E+01,7.38E+01
160,-0.00639682,66.7085,8.79E+00,8.65E+01,8.26E+01,7.17E+01
161,-0.00587991,73.375,8.23E+00,8.18E+01,7.88E+01,6.99E+01
162,-0.00536834,80.0418,7.70E+00,7.78E+01,7.58E+01,6.82E+01
163,-0.00487219,86.7086,7.18E+00,7.46E+01,7.31E+01,6.67E+01
164,-0.00439348,93.3755,6.68E+00,7.17E+01,7.08E+01,6.52E+01
165,-53.3783,6.66217,9.97E+00,1.02E+02,8.74E+01,8.91E+01
166,-53.3712,13.32,9.89E+00,1.05E+02,8.40E+01,1.07E+02
167,-53.3582,19.9772,9.76E+00,1.13E+02,8.09E+01,1.28E+02
168,-53.341,26.6337,9.57E+00,1.26E+02,7.74E+01,1.49E+02
169,-53.322,33.2904,9.33E+00,1.43E+02,7.34E+01,1.72E+02
170,-53.3038,39.949,9.05E+00,1.61E+02,6.93E+01,1.91E+02
171,-53.2891,46.6113,8.74E+00,1.72E+02,6.56E+01,2.02E+02
172,-53.28,53.2788,8.40E+00,1.71E+02,6.31E+01,2.00E+02
173,-53.2764,59.9509,8.03E+00,1.60E+02,6.16E+01,1.88E+02
174,-53.2765,66.6255,7.65E+00,1.45E+02,6.07E+01,1.70E+02
175,-53.2784,73.3009,7.26E+00,1.30E+02,5.98E+01,1.53E+02
176,-53.2814,79.9763,6.86E+00,1.17E+02,5.88E+01,1.38E+02
177,-53.2847,86.651,6.46E+00,1.07E+02,5.75E+01,1.25E+02
178,-53.2882,93.3251,6.05E+00,9.88E+01,5.61E+01,1.16E+02
179,-59.9636,46.6109,8.33E+00,1.53E+02,6.44E+01,1.81E+02
180,-66.6391,46.6127,7.92E+00,1.36E+02,6.34E+01,1.60E+02
181,-73.3142,46.6155,7.49E+00,1.21E+02,6.22E+01,1.42E+02
182,-79.9888,46.6188,7.06E+00,1.09E+02,6.08E+01,1.28E+02
183,-86.6626,46.6222,6.63E+00,9.99E+01,5.93E+01,1.17E+02
184,-93.3354,46.6255,6.21E+00,9.29E+01,5.78E+01,1.08E+02
185,-73.3286,39.9564,7.69E+00,1.10E+02,6.46E+01,1.29E+02
186,-73.3426,33.2979,7.86E+00,1.00E+02,6.69E+01,1.17E+02
187,-73.355,26.6395,8.01E+00,9.30E+01,6.90E+01,1.06E+02
188,-73.3652,19.9808,8.12E+00,8.79E+01,7.10E+01,9.52E+01
189,-73.3724,13.3217,8.20E+00,8.47E+01,7.31E+01,8.55E+01
190,-73.3764,6.66248,8.24E+00,8.30E+01,7.54E+01,7.66E+01
191,-66.6846,26.6376,8.52E+00,1.01E+02,7.14E+01,1.16E+02
192,-60.0134,26.6356,9.04E+00,1.11E+02,7.42E+01,1.30E+02
193,-66.6702,33.2953,8.35E+00,1.10E+02,6.90E+01,1.30E+02
194,-66.6545,39.9534,8.15E+00,1.23E+02,6.63E+01,1.45E+02
195,-59.9967,33.2928,8.84E+00,1.24E+02,7.12E+01,1.48E+02
196,-59.9794,39.9507,8.60E+00,1.39E+02,6.79E+01,1.66E+02
197,-66.7053,13.3211,8.74E+00,9.00E+01,7.60E+01,9.07E+01
198,-60.0382,13.3205,9.31E+00,9.66E+01,7.96E+01,9.77E+01
199,-66.6966,19.9796,8.65E+00,9.40E+01,7.37E+01,1.03E+02
200,-60.0277,19.9784,9.20E+00,1.02E+02,7.69E+01,1.13E+02
201,-66.71,6.66234,8.80E+00,8.79E+01,7.86E+01,7.98E+01
202,-60.0439,6.66223,9.37E+00,9.41E+01,8.25E+01,8.38E+01
203,-93.3633,26.6449,6.54E+00,7.89E+01,6.29E+01,8.71E+01
204,-86.6944,26.6431,7.02E+00,8.25E+01,6.47E+01,9.19E+01
205,-80.0249,26.6413,7.51E+00,8.71E+01,6.68E+01,9.79E+01
206,-86.6851,33.3028,6.91E+00,8.70E+01,6.30E+01,9.96E+01
207,-86.6743,39.9624,6.78E+00,9.28E+01,6.12E+01,1.08E+02
208,-93.3553,33.3051,6.45E+00,8.25E+01,6.12E+01,9.36E+01
209,-93.3459,39.9653,6.34E+00,8.72E+01,5.95E+01,1.01E+02
210,-80.0142,33.3004,7.38E+00,9.27E+01,6.49E+01,1.07E+02
211,-80.0019,39.9594,7.24E+00,1.00E+02,6.29E+01,1.17E+02
212,-93.3741,13.3238,6.66E+00,7.43E+01,6.63E+01,7.52E+01
213,-86.707,13.3231,7.16E+00,7.71E+01,6.83E+01,7.80E+01
214,-80.0397,13.3224,7.67E+00,8.06E+01,7.05E+01,8.13E+01
215,-86.7018,19.9832,7.10E+00,7.93E+01,6.65E+01,8.47E+01
216,-93.3697,19.9844,6.61E+00,7.62E+01,6.46E+01,8.10E+01
217,-80.0336,19.982,7.60E+00,8.31E+01,6.86E+01,8.93E+01
218,-86.7098,6.66284,7.19E+00,7.57E+01,7.04E+01,7.17E+01
219,-93.3766,6.66304,6.69E+00,7.29E+01,6.83E+01,6.98E+01
220,-80.043,6.66265,7.71E+00,7.90E+01,7.27E+01,7.40E+01
221,-59.9407,73.2887,7.01E+00,1.39E+02,5.72E+01,1.62E+02
222,-66.6057,73.2793,6.75E+00,1.44E+02,5.48E+01,1.67E+02
223,-73.2739,73.2732,6.46E+00,1.44E+02,5.30E+01,1.65E+02
224,-79.9451,73.2706,6.16E+00,1.38E+02,5.17E+01,1.59E+02
225,-86.6183,73.2706,5.84E+00,1.30E+02,5.08E+01,1.49E+02
226,-93.2925,73.2725,5.52E+00,1.21E+02,5.00E+01,1.39E+02
227,-73.2794,66.6043,6.75E+00,1.45E+02,5.47E+01,1.67E+02
228,-73.2884,59.9387,7.02E+00,1.41E+02,5.69E+01,1.63E+02
229,-73.3004,53.276,7.27E+00,1.32E+02,5.95E+01,1.54E+02
230,-66.6148,59.9389,7.37E+00,1.53E+02,5.79E+01,1.77E+02
231,-59.9436,59.9426,7.71E+00,1.61E+02,5.93E+01,1.87E+02
232,-66.6083,66.6075,7.07E+00,1.52E+02,5.60E+01,1.75E+02
233,-59.9406,66.6145,7.37E+00,1.52E+02,5.80E+01,1.76E+02
234,-66.6253,53.2742,7.66E+00,1.47E+02,6.04E+01,1.71E+02
235,-59.9513,53.2745,8.04E+00,1.62E+02,6.14E+01,1.89E+02
236,-93.3131,59.947,5.90E+00,1.07E+02,5.40E+01,1.24E+02
237,-86.6384,59.9435,6.28E+00,1.16E+02,5.51E+01,1.35E+02
238,-79.9633,59.9405,6.65E+00,1.28E+02,5.61E+01,1.49E+02
239,-86.6274,66.606,6.07E+00,1.24E+02,5.29E+01,1.43E+02
240,-93.3022,66.609,5.71E+00,1.14E+02,5.20E+01,1.32E+02
241,-79.9528,66.6042,6.41E+00,1.35E+02,5.38E+01,1.56E+02
242,-86.6503,53.2823,6.47E+00,1.08E+02,5.73E+01,1.26E+02
243,-93.3243,53.286,6.06E+00,9.96E+01,5.59E+01,1.16E+02
244,-79.9756,53.2789,6.87E+00,1.19E+02,5.85E+01,1.39E+02
245,-73.274,93.2932,5.51E+00,1.19E+02,5.01E+01,1.38E+02
246,-73.272,86.6186,5.84E+00,1.29E+02,5.10E+01,1.48E+02
247,-73.2717,79.945,6.16E+00,1.37E+02,5.19E+01,1.58E+02
248,-66.6079,86.628,6.06E+00,1.23E+02,5.31E+01,1.42E+02
249,-59.9457,86.6391,6.27E+00,1.15E+02,5.54E+01,1.34E+02
250,-66.611,93.3031,5.71E+00,1.13E+02,5.22E+01,1.31E+02
251,-59.9492,93.3139,5.89E+00,1.06E+02,5.42E+01,1.23E+02
252,-66.6059,79.9532,6.41E+00,1.34E+02,5.40E+01,1.55E+02
253,-59.9427,79.9639,6.65E+00,1.26E+02,5.63E+01,1.47E+02
254,-93.2786,86.6053,5.07E+00,1.27E+02,4.63E+01,1.45E+02
255,-86.6075,86.6071,5.34E+00,1.31E+02,4.75E+01,1.49E+02
256,-79.9385,86.6115,5.60E+00,1.31E+02,4.91E+01,1.51E+02
257,-86.606,93.2788,5.07E+00,1.26E+02,4.64E+01,1.44E+02
258,-93.2752,93.275,4.82E+00,1.25E+02,4.49E+01,1.43E+02
259,-79.9389,93.2849,5.30E+00,1.24E+02,4.81E+01,1.42E+02
260,-86.6115,79.9376,5.60E+00,1.32E+02,4.90E+01,1.51E+02
261,-93.2845,79.9378,5.30E+00,1.25E+02,4.80E+01,1.43E+02
262,-79.9403,79.9398,5.89E+00,1.37E+02,5.02E+01,1.57E+02
263,-6.66564,46.7113,1.06E+01,1.11E+02,9.50E+01,9.99E+01
264,-13.3232,46.7029,1.05E+01,1.16E+02,9.08E+01,1.24E+02
265,-19.9798,46.6873,1.03E+01,1.27E+02,8.66E+01,1.50E+02
266,-26.6357,46.6673,1.01E+01,1.45E+02,8.17E+01,1.77E+02
267,-33.2923,46.6463,9.81E+00,1.66E+02,7.63E+01,2.02E+02
268,-39.9522,46.6282,9.49E+00,1.82E+02,7.13E+01,2.17E+02
269,-46.6178,46.6163,9.13E+00,1.84E+02,6.77E+01,2.17E+02
270,-26.6347,39.9918,1.06E+01,1.73E+02,8.56E+01,2.15E+02
271,-26.6356,33.3152,1.12E+01,2.08E+02,9.02E+01,2.61E+02
272,-26.6438,26.6417,1.17E+01,2.33E+02,9.75E+01,2.98E+02
273,-26.6664,19.9782,1.21E+01,2.28E+02,1.09E+02,2.92E+02
274,-26.6984,13.322,1.25E+01,2.01E+02,1.22E+02,2.35E+02
275,-26.7226,6.66363,1.27E+01,1.84E+02,1.34E+02,1.55E+02
276,-19.9818,26.6655,1.21E+01,2.25E+02,1.10E+02,2.92E+02
277,-13.3259,26.6973,1.25E+01,1.97E+02,1.25E+02,2.39E+02
278,-6.66753,26.7201,1.27E+01,1.80E+02,1.38E+02,1.63E+02
279,-13.3239,33.3672,1.18E+01,1.58E+02,1.09E+02,1.80E+02
280,-13.3233,40.0355,1.11E+01,1.33E+02,9.87E+01,1.46E+02
281,-19.9794,33.3417,1.15E+01,1.82E+02,9.99E+01,2.29E+02
282,-19.9792,40.0156,1.09E+01,1.49E+02,9.26E+01,1.82E+02
283,-6.66645,33.383,1.19E+01,1.47E+02,1.18E+02,1.30E+02
284,-6.66593,40.0468,1.12E+01,1.26E+02,1.04E+02,1.12E+02
285,-13.3994,6.67662,1.44E+01,3.55E+02,2.41E+02,2.86E+02
286,-13.3535,13.3508,1.38E+01,3.06E+02,1.92E+02,3.77E+02
287,-13.3317,20.0244,1.32E+01,2.50E+02,1.50E+02,3.23E+02
288,-20.0257,13.3279,1.32E+01,2.55E+02,1.47E+02,3.21E+02
289,-20.061,6.66669,1.35E+01,2.42E+02,1.68E+02,2.15E+02
290,-19.9941,19.9917,1.27E+01,2.56E+02,1.26E+02,3.42E+02
291,-6.68057,13.3963,1.43E+01,3.53E+02,2.52E+02,2.92E+02
292,-6.71896,6.71414,1.52E+01,5.58E+02,3.70E+02,2.39E+02
293,-6.6706,20.0585,1.35E+01,2.37E+02,1.73E+02,2.24E+02
294,-46.6674,26.632,1.01E+01,1.47E+02,8.09E+01,1.77E+02
295,-39.992,26.631,1.06E+01,1.76E+02,8.47E+01,2.15E+02
296,-33.3159,26.6323,1.12E+01,2.11E+02,8.95E+01,2.62E+02
297,-39.9707,33.2897,1.03E+01,1.96E+02,7.83E+01,2.38E+02
298,-39.9572,39.9555,9.91E+00,1.98E+02,7.38E+01,2.37E+02
299,-46.6464,33.2889,9.82E+00,1.68E+02,7.56E+01,2.03E+02
300,-46.6288,39.9496,9.49E+00,1.83E+02,7.09E+01,2.18E+02
301,-33.2988,33.2969,1.08E+01,2.15E+02,8.28E+01,2.64E+02
302,-33.2926,39.97,1.03E+01,1.94E+02,7.88E+01,2.37E+02
303,-46.7041,13.3197,1.05E+01,1.18E+02,8.98E+01,1.21E+02
304,-40.0367,13.3196,1.11E+01,1.35E+02,9.74E+01,1.42E+02
305,-33.3684,13.3201,1.18E+01,1.61E+02,1.08E+02,1.77E+02
306,-40.016,19.9754,1.09E+01,1.52E+02,9.15E+01,1.80E+02
307,-46.6879,19.9762,1.03E+01,1.29E+02,8.57E+01,1.49E+02
308,-33.3421,19.9755,1.15E+01,1.86E+02,9.87E+01,2.28E+02
309,-40.0489,6.66228,1.13E+01,1.28E+02,1.03E+02,1.07E+02
310,-46.7133,6.66216,1.06E+01,1.13E+02,9.38E+01,9.65E+01
311,-33.3853,6.66264,1.19E+01,1.50E+02,1.15E+02,1.24E+02
312,-26.6471,93.363,6.53E+00,7.87E+01,6.31E+01,8.76E+01
313,-26.6456,86.694,7.01E+00,8.23E+01,6.50E+01,9.25E+01
314,-26.644,80.0247,7.50E+00,8.67E+01,6.70E+01,9.86E+01
315,-26.6424,73.3548,8.00E+00,9.24E+01,6.93E+01,1.06E+02
316,-26.6407,66.6844,8.51E+00,9.99E+01,7.19E+01,1.17E+02
317,-26.639,60.0132,9.03E+00,1.10E+02,7.48E+01,1.31E+02
318,-26.6373,53.341,9.56E+00,1.24E+02,7.81E+01,1.50E+02
319,-19.9836,73.3645,8.11E+00,8.74E+01,7.14E+01,9.62E+01
320,-13.3245,73.3714,8.18E+00,8.43E+01,7.35E+01,8.68E+01
321,-6.66522,73.3749,8.23E+00,8.26E+01,7.59E+01,7.80E+01
322,-13.3249,80.0387,7.66E+00,8.02E+01,7.09E+01,8.24E+01
323,-13.3254,86.706,7.15E+00,7.68E+01,6.86E+01,7.88E+01
324,-13.3259,93.3732,6.65E+00,7.40E+01,6.66E+01,7.59E+01
325,-19.9856,86.7011,7.09E+00,7.91E+01,6.68E+01,8.55E+01
326,-19.9846,80.0329,7.59E+00,8.28E+01,6.89E+01,9.02E+01
327,-19.9866,93.3691,6.60E+00,7.59E+01,6.48E+01,8.16E+01
328,-6.66516,86.7085,7.18E+00,7.54E+01,7.07E+01,7.26E+01
329,-6.66519,80.0417,7.69E+00,7.87E+01,7.31E+01,7.51E+01
330,-6.66515,93.3754,6.67E+00,7.26E+01,6.86E+01,7.04E+01
331,-13.3234,53.37,9.88E+00,1.04E+02,8.48E+01,1.10E+02
332,-13.3237,60.037,9.29E+00,9.58E+01,8.02E+01,9.96E+01
333,-13.3241,66.7042,8.73E+00,8.94E+01,7.65E+01,9.23E+01
334,-19.9816,60.027,9.18E+00,1.01E+02,7.75E+01,1.15E+02
335,-19.9807,53.3576,9.74E+00,1.12E+02,8.16E+01,1.29E+02
336,-19.9826,66.696,8.64E+00,9.34E+01,7.42E+01,1.04E+02
337,-6.66535,60.0423,9.35E+00,9.33E+01,8.32E+01,8.60E+01
338,-6.66547,53.3765,9.95E+00,1.01E+02,8.83E+01,9.19E+01
339,-6.66527,66.7085,8.78E+00,8.73E+01,7.92E+01,8.15E+01
340,-46.6183,73.3148,7.48E+00,1.19E+02,6.25E+01,1.41E+02
341,-39.9593,73.3291,7.68E+00,1.09E+02,6.49E+01,1.29E+02
342,-33.3008,73.3427,7.85E+00,9.95E+01,6.72E+01,1.17E+02
343,-39.9622,80.0023,7.23E+00,9.93E+01,6.32E+01,1.17E+02
344,-39.965,86.6746,6.77E+00,9.22E+01,6.14E+01,1.08E+02
345,-39.9676,93.3462,6.33E+00,8.68E+01,5.97E+01,1.01E+02
346,-46.6247,86.6631,6.63E+00,9.91E+01,5.95E+01,1.16E+02
347,-46.6215,79.9894,7.05E+00,1.08E+02,6.11E+01,1.27E+02
348,-46.6279,93.336,6.20E+00,9.24E+01,5.80E+01,1.08E+02
349,-33.3053,86.6851,6.90E+00,8.66E+01,6.32E+01,9.99E+01
350,-33.3031,80.0143,7.37E+00,9.22E+01,6.51E+01,1.08E+02
351,-33.3074,93.3553,6.44E+00,8.23E+01,6.14E+01,9.39E+01
352,-39.952,53.3038,9.05E+00,1.59E+02,6.98E+01,1.90E+02
353,-39.9539,59.9797,8.60E+00,1.38E+02,6.83E+01,1.65E+02
354,-39.9565,66.6549,8.14E+00,1.21E+02,6.67E+01,1.44E+02
355,-46.6136,59.9638,8.33E+00,1.52E+02,6.48E+01,1.79E+02
356,-46.6136,53.2886,8.74E+00,1.70E+02,6.59E+01,2.01E+02
357,-46.6155,66.6395,7.91E+00,1.34E+02,6.37E+01,1.58E+02
358,-33.2961,59.9969,8.83E+00,1.23E+02,7.17E+01,1.48E+02
359,-33.2939,53.3222,9.32E+00,1.41E+02,7.41E+01,1.71E+02
360,-33.2985,66.6703,8.34E+00,1.09E+02,6.94E+01,1.30E+02
361,93.3268,46.6192,6.14E+00,6.89E+01,1.02E+02,3.47E+01
362,86.6526,46.6149,6.56E+00,7.20E+01,1.10E+02,3.33E+01
363,79.9774,46.6105,6.97E+00,7.52E+01,1.20E+02,3.14E+01
364,73.3014,46.6061,7.38E+00,7.84E+01,1.33E+02,2.90E+01
365,66.6247,46.6019,7.79E+00,8.17E+01,1.49E+02,2.59E+01
366,59.9478,46.5986,8.20E+00,8.50E+01,1.68E+02,2.24E+01
367,53.2719,46.5973,8.59E+00,8.83E+01,1.88E+02,1.89E+01
368,46.5991,46.6002,8.97E+00,9.21E+01,2.02E+02,1.72E+01
369,39.932,46.6098,9.32E+00,9.67E+01,2.02E+02,1.88E+01
370,33.271,46.6261,9.65E+00,1.02E+02,1.88E+02,2.37E+01
371,26.6143,46.6468,9.94E+00,1.07E+02,1.66E+02,3.04E+01
372,19.9595,46.6685,1.02E+01,1.10E+02,1.43E+02,3.86E+01
373,13.3048,46.6882,1.04E+01,1.11E+02,1.24E+02,4.89E+01
374,6.6491,46.7031,1.05E+01,1.11E+02,1.10E+02,6.22E+01
375,53.2861,39.9355,8.90E+00,9.26E+01,1.77E+02,2.30E+01
376,53.3042,33.2774,9.18E+00,9.67E+01,1.59E+02,2.85E+01
377,53.3237,26.6214,9.42E+00,9.97E+01,1.40E+02,3.48E+01
378,53.3424,19.9659,9.63E+00,1.02E+02,1.23E+02,4.21E+01
379,53.3583,13.31,9.78E+00,1.02E+02,1.10E+02,5.10E+01
380,53.3698,6.65317,9.89E+00,1.02E+02,9.99E+01,6.20E+01
381,79.991,39.9515,7.15E+00,7.64E+01,1.10E+02,3.57E+01
382,80.004,33.2929,7.30E+00,7.72E+01,1.02E+02,4.02E+01
383,80.0157,26.6342,7.43E+00,7.76E+01,9.41E+01,4.50E+01
384,80.0257,19.9753,7.54E+00,7.79E+01,8.79E+01,5.01E+01
385,80.0334,13.3161,7.62E+00,7.81E+01,8.29E+01,5.56E+01
386,80.0386,6.65653,7.67E+00,7.83E+01,7.89E+01,6.15E+01
387,86.6865,26.6369,6.96E+00,7.39E+01,8.86E+01,4.60E+01
388,93.3567,26.6394,6.49E+00,7.06E+01,8.42E+01,4.66E+01
389,86.6764,33.2962,6.84E+00,7.35E+01,9.47E+01,4.16E+01
390,86.6649,39.9555,6.71E+00,7.29E+01,1.02E+02,3.73E+01
391,93.3479,33.2994,6.39E+00,7.02E+01,8.93E+01,4.25E+01
392,93.3378,39.9593,6.27E+00,6.97E+01,9.51E+01,3.85E+01
393,86.7016,13.3174,7.11E+00,7.45E+01,7.94E+01,5.56E+01
394,93.3696,13.3187,6.62E+00,7.14E+01,7.64E+01,5.54E+01
395,86.6951,19.9773,7.05E+00,7.42E+01,8.35E+01,5.07E+01
396,93.364,19.9792,6.56E+00,7.10E+01,8.00E+01,5.09E+01
397,86.706,6.65734,7.16E+00,7.48E+01,7.59E+01,6.09E+01
398,93.3733,6.65812,6.66E+00,7.18E+01,7.33E+01,6.02E+01
399,59.9984,26.625,8.91E+00,9.28E+01,1.23E+02,3.84E+01
400,66.6719,26.6283,8.41E+00,8.70E+01,1.11E+02,4.13E+01
401,73.3442,26.6313,7.92E+00,8.20E+01,1.01E+02,4.35E+01
402,66.6564,33.2854,8.23E+00,8.59E+01,1.22E+02,3.57E+01
403,66.6403,39.943,8.03E+00,8.41E+01,1.36E+02,3.06E+01
404,59.9809,33.2814,8.71E+00,9.11E+01,1.38E+02,3.25E+01
405,59.9634,39.9389,8.46E+00,8.84E+01,1.54E+02,2.71E+01
406,73.3307,33.2893,7.77E+00,8.13E+01,1.11E+02,3.83E+01
407,73.3162,39.9473,7.59E+00,8.01E+01,1.21E+02,3.35E+01
408,66.704,6.65485,8.74E+00,8.76E+01,8.70E+01,6.23E+01
409,66.6964,13.3132,8.67E+00,8.76E+01,9.29E+01,5.45E+01
410,66.6855,19.9709,8.56E+00,8.75E+01,1.01E+02,4.75E+01
411,60.0276,13.3116,9.22E+00,9.40E+01,1.00E+02,5.31E+01
412,60.0368,6.654,9.31E+00,9.40E+01,9.26E+01,6.24E+01
413,60.0144,19.9685,9.09E+00,9.38E+01,1.10E+02,4.52E+01
414,73.365,13.3146,8.14E+00,8.24E+01,8.73E+01,5.52E+01
415,73.3713,6.6557,8.20E+00,8.25E+01,8.25E+01,6.20E+01
416,73.3558,19.9732,8.04E+00,8.23E+01,9.35E+01,4.91E+01
417,26.6113,39.9694,1.05E+01,1.16E+02,1.98E+02,2.59E+01
418,26.6108,33.2922,1.10E+01,1.26E+02,2.35E+02,2.32E+01
419,26.6178,26.6195,1.14E+01,1.40E+02,2.60E+02,2.49E+01
420,26.639,19.9578,1.19E+01,1.56E+02,2.53E+02,3.04E+01
421,26.6709,13.3049,1.22E+01,1.71E+02,2.16E+02,3.75E+01
422,26.7023,6.65249,1.25E+01,1.82E+02,1.76E+02,5.23E+01
423,33.2918,26.6136,1.10E+01,1.27E+02,2.33E+02,2.36E+01
424,39.9698,26.6147,1.04E+01,1.17E+02,1.96E+02,2.61E+01
425,46.6475,26.6178,9.93E+00,1.08E+02,1.64E+02,3.04E+01
426,39.9492,33.2727,1.01E+01,1.09E+02,2.16E+02,2.03E+01
427,39.9364,39.9377,9.72E+00,1.02E+02,2.18E+02,1.75E+01
428,33.2757,33.2771,1.05E+01,1.17E+02,2.37E+02,1.96E+01
429,33.2702,39.9495,1.01E+01,1.09E+02,2.17E+02,2.00E+01
430,46.6265,33.2741,9.64E+00,1.03E+02,1.86E+02,2.41E+01
431,46.6096,39.9342,9.32E+00,9.72E+01,2.01E+02,1.92E+01
432,33.3453,13.3053,1.16E+01,1.46E+02,1.72E+02,3.92E+01
433,40.0176,13.3067,1.10E+01,1.27E+02,1.43E+02,4.38E+01
434,46.6885,13.3083,1.04E+01,1.13E+02,1.23E+02,4.79E+01
435,39.9941,19.9603,1.07E+01,1.23E+02,1.68E+02,3.36E+01
436,33.3172,19.958,1.13E+01,1.37E+02,2.06E+02,3.01E+01
437,46.6691,19.9632,1.02E+01,1.11E+02,1.42E+02,3.81E+01
438,40.0361,6.65182,1.11E+01,1.28E+02,1.24E+02,5.90E+01
439,33.3692,6.6517,1.18E+01,1.50E+02,1.44E+02,5.58E+01
440,46.7029,6.65242,1.05E+01,1.13E+02,1.10E+02,6.10E+01
441,6.64849,26.7021,1.25E+01,1.77E+02,1.78E+02,5.43E+01
442,13.301,26.6706,1.23E+01,1.68E+02,2.19E+02,3.75E+01
443,19.9547,26.6394,1.19E+01,1.54E+02,2.55E+02,3.00E+01
444,13.3012,33.3448,1.16E+01,1.43E+02,1.74E+02,4.00E+01
445,13.3029,40.0172,1.10E+01,1.25E+02,1.44E+02,4.48E+01
446,6.64788,33.3692,1.18E+01,1.46E+02,1.45E+02,5.77E+01
447,6.64824,40.0362,1.12E+01,1.25E+02,1.24E+02,6.05E+01
448,19.9543,33.3168,1.13E+01,1.36E+02,2.09E+02,3.00E+01
449,19.9565,39.9935,1.07E+01,1.21E+02,1.70E+02,3.39E+01
450,6.6663,13.3714,1.41E+01,3.40E+02,3.11E+02,6.70E+01
451,13.323,13.3249,1.35E+01,2.65E+02,3.12E+02,5.97E+01
452,19.9946,13.3078,1.29E+01,2.09E+02,2.73E+02,4.40E+01
453,13.3044,19.9951,1.29E+01,2.05E+02,2.76E+02,4.28E+01
454,6.65243,20.0352,1.33E+01,2.28E+02,2.31E+02,5.43E+01
455,19.9649,19.9668,1.24E+01,1.79E+02,2.87E+02,3.57E+01
456,13.372,6.66972,1.41E+01,3.43E+02,3.04E+02,6.81E+01
457,6.71393,6.71324,1.50E+01,5.38E+02,4.29E+02,1.01E+02
458,20.0354,6.65633,1.33E+01,2.36E+02,2.26E+02,5.36E+01
459,53.2773,93.3144,5.99E+00,6.77E+01,1.11E+02,3.08E+01
460,53.2726,86.6391,6.39E+00,7.04E+01,1.20E+02,2.92E+01
461,53.268,79.9631,6.78E+00,7.31E+01,1.32E+02,2.71E+01
462,53.2639,73.2867,7.16E+00,7.58E+01,1.47E+02,2.45E+01
463,53.2609,66.6107,7.54E+00,7.84E+01,1.62E+02,2.15E+01
464,53.2602,59.9359,7.90E+00,8.12E+01,1.78E+02,1.87E+01
465,53.2633,53.2642,8.26E+00,8.44E+01,1.88E+02,1.75E+01
466,59.9267,73.2753,6.91E+00,7.34E+01,1.55E+02,2.09E+01
467,66.5926,73.267,6.65E+00,7.10E+01,1.59E+02,1.84E+01
468,73.2617,73.2623,6.36E+00,6.89E+01,1.58E+02,1.75E+01
469,79.9339,73.2609,6.07E+00,6.70E+01,1.51E+02,1.80E+01
470,86.608,73.2621,5.76E+00,6.53E+01,1.42E+02,1.93E+01
471,93.2832,73.265,5.44E+00,6.36E+01,1.32E+02,2.08E+01
472,73.2599,79.9338,6.07E+00,6.69E+01,1.52E+02,1.79E+01
473,73.2608,86.6075,5.76E+00,6.51E+01,1.43E+02,1.90E+01
474,73.2635,93.2824,5.44E+00,6.33E+01,1.33E+02,2.05E+01
475,66.5961,86.6162,5.98E+00,6.70E+01,1.37E+02,2.19E+01
476,59.9336,86.627,6.19E+00,6.89E+01,1.29E+02,2.54E+01
477,66.5933,79.9409,6.32E+00,6.90E+01,1.49E+02,2.01E+01
478,59.9295,79.9509,6.56E+00,7.12E+01,1.42E+02,2.33E+01
479,66.6,93.292,5.64E+00,6.50E+01,1.27E+02,2.36E+01
480,59.9382,93.3028,5.83E+00,6.65E+01,1.19E+02,2.71E+01
481,86.6015,79.9288,5.52E+00,6.33E+01,1.44E+02,1.72E+01
482,86.5977,86.598,5.26E+00,6.15E+01,1.43E+02,1.60E+01
483,86.5966,93.2695,5.00E+00,5.99E+01,1.39E+02,1.59E+01
484,79.928,86.6014,5.52E+00,6.32E+01,1.45E+02,1.70E+01
485,79.9294,79.9299,5.80E+00,6.50E+01,1.50E+02,1.69E+01
486,79.9289,93.2748,5.23E+00,6.16E+01,1.37E+02,1.78E+01
487,93.2697,86.5972,5.00E+00,6.00E+01,1.38E+02,1.61E+01
488,93.2753,79.93,5.22E+00,6.18E+01,1.36E+02,1.81E+01
489,93.2665,93.2667,4.76E+00,5.83E+01,1.37E+02,1.49E+01
490,73.2875,53.2661,7.16E+00,7.62E+01,1.45E+02,2.48E+01
491,73.2757,59.9285,6.91E+00,7.37E+01,1.54E+02,2.12E+01
492,73.267,66.5938,6.64E+00,7.12E+01,1.58E+02,1.86E+01
493,66.6009,59.9273,7.26E+00,7.59E+01,1.67E+02,1.89E+01
494,59.9286,59.9293,7.59E+00,7.83E+01,1.76E+02,1.78E+01
495,66.6111,53.263,7.53E+00,7.88E+01,1.61E+02,2.18E+01
496,59.9358,53.2618,7.90E+00,8.14E+01,1.77E+02,1.90E+01
497,66.5948,66.5954,6.96E+00,7.33E+01,1.66E+02,1.78E+01
498,59.9259,66.601,7.26E+00,7.57E+01,1.68E+02,1.87E+01
499,93.3038,59.9401,5.82E+00,6.68E+01,1.17E+02,2.74E+01
500,86.6279,59.9356,6.19E+00,6.92E+01,1.28E+02,2.57E+01
501,79.9517,59.9315,6.55E+00,7.15E+01,1.40E+02,2.36E+01
502,86.64,53.2748,6.38E+00,7.07E+01,1.19E+02,2.94E+01
503,93.3153,53.2794,5.99E+00,6.80E+01,1.09E+02,3.10E+01
504,79.964,53.2703,6.77E+00,7.35E+01,1.31E+02,2.73E+01
505,86.617,66.5979,5.98E+00,6.73E+01,1.36E+02,2.22E+01
506,93.2929,66.6018,5.64E+00,6.53E+01,1.25E+02,2.39E+01
507,79.9414,66.5949,6.32E+00,6.92E+01,1.47E+02,2.03E+01
508,26.6374,93.3564,6.49E+00,7.01E+01,8.47E+01,4.67E+01
509,26.6347,86.6861,6.96E+00,7.34E+01,8.92E+01,4.61E+01
510,26.6318,80.0153,7.44E+00,7.70E+01,9.48E+01,4.51E+01
511,26.6287,73.3437,7.93E+00,8.13E+01,1.02E+02,4.36E+01
512,26.6253,66.6712,8.42E+00,8.62E+01,1.12E+02,4.15E+01
513,26.6218,59.9977,8.92E+00,9.19E+01,1.24E+02,3.86E+01
514,26.618,53.323,9.43E+00,9.87E+01,1.42E+02,3.49E+01
515,33.2865,73.33,7.77E+00,8.07E+01,1.12E+02,3.83E+01
516,39.9446,73.3152,7.59E+00,7.96E+01,1.23E+02,3.34E+01
517,46.6035,73.3004,7.39E+00,7.80E+01,1.35E+02,2.88E+01
518,39.949,79.9901,7.15E+00,7.59E+01,1.12E+02,3.56E+01
519,39.9532,86.6641,6.71E+00,7.24E+01,1.03E+02,3.73E+01
520,39.9572,93.3371,6.28E+00,6.93E+01,9.61E+01,3.85E+01
521,33.294,86.6758,6.85E+00,7.30E+01,9.55E+01,4.16E+01
522,33.2904,80.0033,7.31E+00,7.66E+01,1.03E+02,4.03E+01
523,33.2973,93.3474,6.39E+00,6.98E+01,9.00E+01,4.25E+01
524,46.6126,86.6517,6.56E+00,7.16E+01,1.11E+02,3.32E+01
525,46.608,79.9764,6.97E+00,7.47E+01,1.22E+02,3.13E+01
526,46.6171,93.326,6.14E+00,6.86E+01,1.03E+02,3.46E+01
527,33.2783,59.98,8.71E+00,9.03E+01,1.40E+02,3.24E+01
528,39.936,59.9626,8.47E+00,8.77E+01,1.56E+02,2.68E+01
529,46.5962,59.9473,8.20E+00,8.45E+01,1.70E+02,2.20E+01
530,39.9402,66.6393,8.03E+00,8.36E+01,1.38E+02,3.05E+01
531,33.2825,66.6556,8.24E+00,8.52E+01,1.24E+02,3.58E+01
532,46.5993,66.6239,7.80E+00,8.12E+01,1.51E+02,2.56E+01
533,39.9328,53.2857,8.90E+00,9.20E+01,1.79E+02,2.26E+01
534,33.2742,53.3034,9.18E+00,9.58E+01,1.61E+02,2.83E+01
535,46.5954,53.2721,8.59E+00,8.80E+01,1.89E+02,1.87E+01
536,6.65329,73.3717,8.21E+00,8.15E+01,8.26E+01,6.24E+01
537,13.3121,73.3651,8.14E+00,8.15E+01,8.76E+01,5.56E+01
538,19.9706,73.3556,8.05E+00,8.15E+01,9.40E+01,4.94E+01
539,13.3138,80.0335,7.63E+00,7.73E+01,8.32E+01,5.58E+01
540,13.3153,86.7017,7.12E+00,7.38E+01,7.96E+01,5.58E+01
541,13.3168,93.3697,6.63E+00,7.07E+01,7.65E+01,5.56E+01
542,6.65533,86.7063,7.16E+00,7.41E+01,7.60E+01,6.11E+01
543,6.65433,80.039,7.68E+00,7.75E+01,7.90E+01,6.18E+01
544,6.6563,93.3736,6.66E+00,7.11E+01,7.34E+01,6.03E+01
545,19.9751,86.6949,7.05E+00,7.36E+01,8.39E+01,5.08E+01
546,19.9729,80.0255,7.55E+00,7.72E+01,8.83E+01,5.03E+01
547,19.9772,93.3639,6.57E+00,7.04E+01,8.03E+01,5.10E+01
548,13.3067,53.3582,9.79E+00,1.01E+02,1.10E+02,5.18E+01
549,13.3086,60.0275,9.23E+00,9.28E+01,1.01E+02,5.37E+01
550,13.3104,66.6965,8.68E+00,8.65E+01,9.32E+01,5.49E+01
551,6.65116,60.0372,9.32E+00,9.26E+01,9.27E+01,6.31E+01
552,6.65009,53.3701,9.90E+00,1.01E+02,1.00E+02,6.29E+01
553,6.65223,66.7044,8.75E+00,8.64E+01,8.71E+01,6.29E+01
554,19.9654,60.014,9.09E+00,9.27E+01,1.11E+02,4.57E+01
555,19.9625,53.3419,9.63E+00,1.00E+02,1.24E+02,4.26E+01
556,19.9681,66.6852,8.57E+00,8.65E+01,1.01E+02,4.79E+01
557,0.000633896,-93.3762,6.68E+00,7.27E+01,7.03E+01,6.45E+01
558,0.000749627,-86.7094,7.19E+00,7.56E+01,7.26E+01,6.57E+01
559,0.000880622,-80.0425,7.70E+00,7.90E+01,7.52E+01,6.69E+01
560,0.00102408,-73.3758,8.24E+00,8.31E+01,7.82E+01,6.82E+01
561,0.00117138,-66.7094,8.79E+00,8.82E+01,8.19E+01,6.96E+01
562,0.00131871,-60.0433,9.36E+00,9.46E+01,8.64E+01,7.11E+01
563,0.00144,-53.3776,9.96E+00,1.03E+02,9.21E+01,7.29E+01
564,0.00152409,-46.7126,1.06E+01,1.14E+02,9.97E+01,7.49E+01
565,0.00149215,-40.0482,1.12E+01,1.30E+02,1.10E+02,7.73E+01
566,0.00127591,-33.3849,1.19E+01,1.53E+02,1.25E+02,8.05E+01
567,0.000531839,-26.7233,1.27E+01,1.89E+02,1.49E+02,8.61E+01
568,-0.00117309,-20.0645,1.35E+01,2.51E+02,1.90E+02,9.94E+01
569,-0.00584003,-13.4135,1.44E+01,3.96E+02,2.86E+02,1.26E+02
570,-0.0130284,-6.7603,1.55E+01,6.73E+02,4.75E+02,1.45E+02
571,-6.65621,-53.372,9.91E+00,1.03E+02,9.87E+01,5.99E+01
572,-13.3129,-53.3607,9.80E+00,1.02E+02,1.08E+02,4.95E+01
573,-19.9687,-53.3448,9.64E+00,1.01E+02,1.22E+02,4.11E+01
574,-26.6239,-53.3259,9.44E+00,9.94E+01,1.39E+02,3.41E+01
575,-33.2795,-53.3061,9.19E+00,9.63E+01,1.58E+02,2.81E+01
576,-39.9372,-53.2877,8.91E+00,9.21E+01,1.76E+02,2.27E+01
577,-46.5987,-53.2732,8.60E+00,8.78E+01,1.87E+02,1.86E+01
578,-53.2653,-53.2644,8.27E+00,8.40E+01,1.88E+02,1.71E+01
579,-59.937,-53.2613,7.92E+00,8.09E+01,1.77E+02,1.84E+01
580,-66.6119,-53.2622,7.55E+00,7.83E+01,1.62E+02,2.13E+01
581,-73.288,-53.2652,7.17E+00,7.57E+01,1.46E+02,2.43E+01
582,-79.9644,-53.2694,6.78E+00,7.31E+01,1.31E+02,2.69E+01
583,-86.6405,-53.274,6.39E+00,7.04E+01,1.19E+02,2.90E+01
584,-93.3157,-53.2788,6.00E+00,6.77E+01,1.10E+02,3.07E+01
585,-46.6,-59.9492,8.21E+00,8.46E+01,1.68E+02,2.21E+01
586,-46.6034,-66.6262,7.80E+00,8.15E+01,1.48E+02,2.57E+01
587,-46.6077,-73.3029,7.39E+00,7.83E+01,1.32E+02,2.88E+01
588,-46.6121,-79.9789,6.98E+00,7.51E+01,1.19E+02,3.12E+01
589,-46.6166,-86.6541,6.56E+00,7.19E+01,1.09E+02,3.31E+01
590,-46.6208,-93.3282,6.14E+00,6.89E+01,1.01E+02,3.45E+01
591,-19.9712,-60.0167,9.10E+00,9.37E+01,1.09E+02,4.42E+01
592,-19.9735,-66.6877,8.57E+00,8.75E+01,9.95E+01,4.66E+01
593,-19.9756,-73.3578,8.06E+00,8.24E+01,9.25E+01,4.83E+01
594,-19.9775,-80.0275,7.55E+00,7.80E+01,8.71E+01,4.94E+01
595,-19.9794,-86.6968,7.06E+00,7.43E+01,8.28E+01,5.01E+01
596,-19.9811,-93.3656,6.57E+00,7.11E+01,7.93E+01,5.05E+01
597,-13.3171,-73.3669,8.15E+00,8.26E+01,8.65E+01,5.42E+01
598,-6.6582,-73.373,8.21E+00,8.28E+01,8.18E+01,6.08E+01
599,-13.3157,-66.6986,8.68E+00,8.78E+01,9.19E+01,5.33E+01
600,-13.3144,-60.0298,9.23E+00,9.42E+01,9.90E+01,5.17E+01
601,-6.65753,-66.706,8.76E+00,8.79E+01,8.62E+01,6.09E+01
602,-6.65687,-60.0389,9.32E+00,9.43E+01,9.16E+01,6.06E+01
603,-13.3195,-86.7033,7.12E+00,7.46E+01,7.87E+01,5.49E+01
604,-6.65949,-86.7075,7.17E+00,7.50E+01,7.54E+01,6.01E+01
605,-13.3183,-80.0352,7.63E+00,7.83E+01,8.22E+01,5.47E+01
606,-6.65886,-80.0403,7.68E+00,7.86E+01,7.83E+01,6.05E+01
607,-13.3207,-93.3711,6.63E+00,7.15E+01,7.58E+01,5.49E+01
608,-6.6601,-93.3746,6.67E+00,7.20E+01,7.29E+01,5.96E+01
609,-39.9492,-73.3179,7.60E+00,8.00E+01,1.20E+02,3.32E+01
610,-33.2913,-73.3326,7.78E+00,8.12E+01,1.09E+02,3.79E+01
611,-26.6336,-73.3462,7.93E+00,8.20E+01,1.00E+02,4.29E+01
612,-33.2876,-66.6584,8.25E+00,8.58E+01,1.21E+02,3.53E+01
613,-33.2836,-59.9829,8.72E+00,9.08E+01,1.37E+02,3.20E+01
614,-39.9449,-66.642,8.04E+00,8.40E+01,1.35E+02,3.03E+01
615,-39.9407,-59.9651,8.48E+00,8.80E+01,1.53E+02,2.68E+01
616,-26.6307,-66.674,8.43E+00,8.69E+01,1.09E+02,4.07E+01
617,-26.6274,-60.0006,8.93E+00,9.27E+01,1.22E+02,3.78E+01
618,-33.3012,-93.3495,6.40E+00,7.02E+01,8.85E+01,4.22E+01
619,-33.2981,-86.6781,6.85E+00,7.35E+01,9.38E+01,4.12E+01
620,-33.2949,-80.0058,7.31E+00,7.72E+01,1.01E+02,3.98E+01
621,-39.9573,-86.6665,6.72E+00,7.29E+01,1.01E+02,3.71E+01
622,-39.961,-93.3393,6.28E+00,6.97E+01,9.43E+01,3.83E+01
623,-39.9534,-79.9927,7.16E+00,7.63E+01,1.09E+02,3.54E+01
624,-26.6389,-86.6883,6.96E+00,7.40E+01,8.78E+01,4.55E+01
625,-26.6413,-93.3583,6.49E+00,7.07E+01,8.35E+01,4.62E+01
626,-26.6364,-80.0176,7.44E+00,7.77E+01,9.32E+01,4.45E+01
627,-73.2763,-59.9278,6.92E+00,7.33E+01,1.55E+02,2.07E+01
628,-73.2678,-66.5934,6.65E+00,7.08E+01,1.59E+02,1.82E+01
629,-73.2629,-73.2624,6.37E+00,6.87E+01,1.57E+02,1.73E+01
630,-73.2615,-79.9345,6.07E+00,6.69E+01,1.51E+02,1.78E+01
631,-73.2627,-86.6087,5.76E+00,6.52E+01,1.41E+02,1.91E+01
632,-73.2656,-93.2839,5.44E+00,6.35E+01,1.31E+02,2.06E+01
633,-66.5946,-73.2677,6.65E+00,7.10E+01,1.58E+02,1.84E+01
634,-59.9295,-73.2767,6.92E+00,7.35E+01,1.53E+02,2.10E+01
635,-53.2674,-73.2887,7.17E+00,7.61E+01,1.44E+02,2.46E+01
636,-59.9283,-66.6019,7.26E+00,7.56E+01,1.67E+02,1.86E+01
637,-59.9303,-59.9295,7.60E+00,7.80E+01,1.76E+02,1.74E+01
638,-66.5963,-66.5956,6.97E+00,7.30E+01,1.66E+02,1.75E+01
639,-66.602,-59.9269,7.27E+00,7.55E+01,1.67E+02,1.84E+01
640,-53.2642,-66.6124,7.54E+00,7.86E+01,1.60E+02,2.16E+01
641,-53.2629,-59.9369,7.91E+00,8.11E+01,1.76E+02,1.87E+01
642,-59.9413,-93.3049,5.82E+00,6.67E+01,1.16E+02,2.73E+01
643,-59.9367,-86.6291,6.19E+00,6.91E+01,1.27E+02,2.55E+01
644,-59.9326,-79.9528,6.56E+00,7.14E+01,1.39E+02,2.34E+01
645,-66.5988,-86.6179,5.99E+00,6.72E+01,1.35E+02,2.21E+01
646,-66.6028,-93.2938,5.64E+00,6.52E+01,1.24E+02,2.38E+01
647,-66.5958,-79.9422,6.32E+00,6.91E+01,1.47E+02,2.01E+01
648,-53.2761,-86.6414,6.39E+00,7.07E+01,1.18E+02,2.92E+01
649,-53.2807,-93.3166,5.99E+00,6.80E+01,1.08E+02,3.08E+01
650,-53.2716,-79.9653,6.78E+00,7.34E+01,1.30E+02,2.72E+01
651,-93.2832,-73.2643,5.44E+00,6.33E+01,1.33E+02,2.03E+01
652,-86.6083,-73.2615,5.76E+00,6.51E+01,1.42E+02,1.88E+01
653,-79.9345,-73.2606,6.07E+00,6.68E+01,1.51E+02,1.76E+01
654,-86.6172,-66.5971,5.99E+00,6.70E+01,1.37E+02,2.18E+01
655,-86.6282,-59.9348,6.20E+00,6.88E+01,1.29E+02,2.53E+01
656,-93.2929,-66.6012,5.64E+00,6.50E+01,1.26E+02,2.35E+01
657,-93.304,-59.9394,5.83E+00,6.65E+01,1.18E+02,2.70E+01
658,-79.9418,-66.5943,6.32E+00,6.89E+01,1.48E+02,1.98E+01
659,-79.952,-59.9307,6.56E+00,7.11E+01,1.41E+02,2.31E+01
660,-86.5976,-93.2701,5.00E+00,6.00E+01,1.38E+02,1.58E+01
661,-86.5985,-86.5982,5.26E+00,6.15E+01,1.43E+02,1.58E+01
662,-86.6019,-79.9286,5.52E+00,6.32E+01,1.45E+02,1.68E+01
663,-93.2699,-86.5971,5.00E+00,5.99E+01,1.39E+02,1.57E+01
664,-93.267,-93.2668,4.75E+00,5.83E+01,1.37E+02,1.46E+01
665,-93.2754,-79.9295,5.23E+00,6.16E+01,1.37E+02,1.76E+01
666,-79.9293,-86.602,5.52E+00,6.33E+01,1.44E+02,1.69E+01
667,-79.9305,-93.2758,5.22E+00,6.17E+01,1.36E+02,1.78E+01
668,-79.9304,-79.93,5.80E+00,6.49E+01,1.50E+02,1.67E+01
669,-46.7059,-6.65256,1.05E+01,1.12E+02,1.08E+02,5.96E+01
670,-46.6909,-13.3081,1.04E+01,1.11E+02,1.22E+02,4.71E+01
671,-46.6711,-19.9625,1.02E+01,1.09E+02,1.41E+02,3.76E+01
672,-46.649,-26.6169,9.96E+00,1.06E+02,1.64E+02,2.99E+01
673,-46.628,-33.2731,9.67E+00,1.01E+02,1.87E+02,2.35E+01
674,-46.6113,-39.9336,9.34E+00,9.61E+01,2.01E+02,1.86E+01
675,-46.6016,-46.6005,8.98E+00,9.15E+01,2.01E+02,1.69E+01
676,-39.9715,-26.6137,1.05E+01,1.15E+02,1.96E+02,2.57E+01
677,-33.294,-26.6129,1.10E+01,1.25E+02,2.34E+02,2.36E+01
678,-26.6213,-26.6197,1.15E+01,1.38E+02,2.60E+02,2.57E+01
679,-19.96,-26.6411,1.19E+01,1.54E+02,2.52E+02,3.15E+01
680,-13.3078,-26.6734,1.23E+01,1.70E+02,2.15E+02,3.79E+01
681,-6.65591,-26.7049,1.26E+01,1.83E+02,1.75E+02,4.99E+01
682,-26.6414,-19.957,1.19E+01,1.53E+02,2.54E+02,3.09E+01
683,-26.6733,-13.3041,1.23E+01,1.67E+02,2.15E+02,3.76E+01
684,-26.7055,-6.65242,1.26E+01,1.77E+02,1.74E+02,5.12E+01
685,-33.3477,-13.3046,1.16E+01,1.42E+02,1.71E+02,3.88E+01
686,-40.0201,-13.3063,1.10E+01,1.24E+02,1.41E+02,4.31E+01
687,-33.3192,-19.957,1.13E+01,1.35E+02,2.06E+02,3.00E+01
688,-39.9961,-19.9595,1.08E+01,1.21E+02,1.68E+02,3.32E+01
689,-33.3724,-6.65173,1.19E+01,1.46E+02,1.42E+02,5.43E+01
690,-40.0392,-6.65192,1.12E+01,1.26E+02,1.22E+02,5.75E+01
691,-6.67184,-13.3724,1.41E+01,3.47E+02,3.07E+02,7.25E+01
692,-13.3267,-13.3247,1.36E+01,2.60E+02,3.12E+02,6.25E+01
693,-19.9972,-13.3068,1.29E+01,2.03E+02,2.73E+02,4.46E+01
694,-13.3102,-19.9967,1.29E+01,2.06E+02,2.73E+02,4.59E+01
695,-6.65952,-20.0376,1.33E+01,2.36E+02,2.26E+02,5.30E+01
696,-19.9686,-19.9669,1.24E+01,1.76E+02,2.87E+02,3.74E+01
697,-13.3747,-6.66911,1.41E+01,3.32E+02,3.03E+02,6.88E+01
698,-6.71636,-6.71319,1.50E+01,5.33E+02,4.27E+02,1.07E+02
699,-20.0384,-6.65603,1.33E+01,2.28E+02,2.25E+02,5.30E+01
700,-26.6202,-46.6497,9.95E+00,1.07E+02,1.63E+02,3.00E+01
701,-26.6169,-39.9719,1.05E+01,1.16E+02,1.95E+02,2.60E+01
702,-26.6155,-33.2937,1.10E+01,1.26E+02,2.33E+02,2.40E+01
703,-33.2744,-39.951,1.01E+01,1.08E+02,2.15E+02,2.03E+01
704,-39.9392,-39.938,9.74E+00,1.02E+02,2.17E+02,1.74E+01
705,-33.276,-46.6284,9.66E+00,1.02E+02,1.85E+02,2.38E+01
706,-39.9357,-46.6111,9.34E+00,9.64E+01,2.00E+02,1.89E+01
707,-33.2787,-33.2774,1.06E+01,1.16E+02,2.37E+02,1.98E+01
708,-39.9512,-33.2721,1.01E+01,1.08E+02,2.17E+02,2.00E+01
709,-13.3114,-46.691,1.04E+01,1.13E+02,1.22E+02,4.63E+01
710,-13.3098,-40.0203,1.10E+01,1.27E+02,1.41E+02,4.22E+01
711,-13.3083,-33.3479,1.16E+01,1.45E+02,1.70E+02,3.83E+01
712,-19.963,-39.9966,1.08E+01,1.22E+02,1.67E+02,3.30E+01
713,-19.966,-46.6716,1.02E+01,1.11E+02,1.40E+02,3.72E+01
714,-19.9605,-33.3195,1.13E+01,1.36E+02,2.05E+02,3.03E+01
715,-6.65519,-40.0387,1.12E+01,1.29E+02,1.22E+02,5.62E+01
716,-6.65564,-46.7054,1.05E+01,1.14E+02,1.08E+02,5.85E+01
717,-6.65515,-33.3719,1.18E+01,1.51E+02,1.43E+02,5.28E+01
718,-73.3736,-6.65595,8.22E+00,8.18E+01,8.19E+01,6.12E+01
719,-73.3671,-13.3147,8.16E+00,8.17E+01,8.67E+01,5.46E+01
720,-73.3577,-19.9731,8.06E+00,8.16E+01,9.29E+01,4.86E+01
721,-73.3457,-26.6311,7.94E+00,8.13E+01,1.01E+02,4.30E+01
722,-73.3319,-33.2887,7.78E+00,8.07E+01,1.10E+02,3.79E+01
723,-73.317,-39.9466,7.60E+00,7.96E+01,1.22E+02,3.31E+01
724,-73.302,-46.6052,7.40E+00,7.79E+01,1.34E+02,2.85E+01
725,-66.6734,-26.6278,8.43E+00,8.62E+01,1.10E+02,4.09E+01
726,-60,-26.6244,8.94E+00,9.19E+01,1.23E+02,3.79E+01
727,-53.3252,-26.6207,9.45E+00,9.85E+01,1.40E+02,3.43E+01
728,-66.6987,-13.3132,8.69E+00,8.68E+01,9.21E+01,5.37E+01
729,-60.0299,-13.3115,9.25E+00,9.30E+01,9.92E+01,5.23E+01
730,-53.3607,-13.3098,9.81E+00,1.01E+02,1.09E+02,5.02E+01
731,-60.0395,-6.6542,9.34E+00,9.30E+01,9.16E+01,6.13E+01
732,-66.7066,-6.65508,8.77E+00,8.68E+01,8.62E+01,6.14E+01
733,-53.3726,-6.65334,9.92E+00,1.01E+02,9.87E+01,6.07E+01
734,-60.0164,-19.9682,9.11E+00,9.27E+01,1.09E+02,4.47E+01
735,-66.6874,-19.9707,8.58E+00,8.67E+01,1.00E+02,4.70E+01
736,-53.3444,-19.9655,9.65E+00,1.00E+02,1.23E+02,4.15E+01
737,-59.9487,-46.5978,8.21E+00,8.42E+01,1.69E+02,2.18E+01
738,-59.9644,-39.9379,8.48E+00,8.75E+01,1.55E+02,2.65E+01
739,-59.9821,-33.2806,8.73E+00,9.01E+01,1.38E+02,3.20E+01
740,-66.6412,-39.9422,8.04E+00,8.35E+01,1.36E+02,3.02E+01
741,-66.6254,-46.601,7.81E+00,8.11E+01,1.50E+02,2.54E+01
742,-66.6576,-33.2847,8.25E+00,8.52E+01,1.22E+02,3.53E+01
743,-53.2873,-39.9346,8.92E+00,9.16E+01,1.78E+02,2.23E+01
744,-53.2734,-46.5968,8.60E+00,8.75E+01,1.88E+02,1.83E+01
745,-53.3054,-33.2764,9.20E+00,9.55E+01,1.60E+02,2.79E+01
746,-93.3581,-26.6394,6.50E+00,7.03E+01,8.40E+01,4.63E+01
747,-86.688,-26.6368,6.97E+00,7.35E+01,8.83E+01,4.57E+01
748,-80.0172,-26.634,7.45E+00,7.72E+01,9.38E+01,4.46E+01
749,-86.6968,-19.9773,7.06E+00,7.38E+01,8.32E+01,5.03E+01
750,-86.7035,-13.3176,7.13E+00,7.40E+01,7.90E+01,5.51E+01
751,-86.7081,-6.65761,7.18E+00,7.44E+01,7.55E+01,6.03E+01
752,-93.3713,-13.3189,6.64E+00,7.10E+01,7.61E+01,5.50E+01
753,-93.3656,-19.9793,6.58E+00,7.06E+01,7.97E+01,5.06E+01
754,-93.3751,-6.6584,6.68E+00,7.14E+01,7.30E+01,5.97E+01
755,-80.0354,-13.3162,7.64E+00,7.76E+01,8.25E+01,5.50E+01
756,-80.0275,-19.9753,7.56E+00,7.74E+01,8.75E+01,4.96E+01
757,-80.0408,-6.6568,7.69E+00,7.78E+01,7.84E+01,6.08E+01
758,-86.6533,-46.6143,6.57E+00,7.16E+01,1.10E+02,3.30E+01
759,-86.6658,-39.9551,6.72E+00,7.25E+01,1.02E+02,3.71E+01
760,-86.6776,-33.2959,6.86E+00,7.31E+01,9.45E+01,4.13E+01
761,-93.3387,-39.959,6.28E+00,6.94E+01,9.52E+01,3.83E+01
762,-93.3274,-46.6188,6.15E+00,6.87E+01,1.02E+02,3.44E+01
763,-93.349,-33.2992,6.40E+00,6.99E+01,8.92E+01,4.22E+01
764,-79.9919,-39.9509,7.16E+00,7.59E+01,1.11E+02,3.54E+01
765,-79.978,-46.6098,6.98E+00,7.47E+01,1.21E+02,3.10E+01
766,-80.0052,-33.2924,7.32E+00,7.67E+01,1.01E+02,3.99E+01
767,93.3237,-53.2869,6.04E+00,9.98E+01,5.60E+01,1.16E+02
768,86.6497,-53.2834,6.45E+00,1.08E+02,5.74E+01,1.26E+02
769,79.975,-53.2801,6.85E+00,1.18E+02,5.87E+01,1.39E+02
770,73.2997,-53.2772,7.25E+00,1.31E+02,5.98E+01,1.54E+02
771,66.6243,-53.2753,7.64E+00,1.46E+02,6.08E+01,1.71E+02
772,59.9498,-53.2753,8.02E+00,1.61E+02,6.18E+01,1.88E+02
773,53.2777,-53.2789,8.38E+00,1.72E+02,6.34E+01,2.01E+02
774,46.6101,-53.2878,8.72E+00,1.72E+02,6.59E+01,2.02E+02
775,39.9474,-53.3021,9.03E+00,1.62E+02,6.95E+01,1.92E+02
776,33.2884,-53.32,9.31E+00,1.45E+02,7.36E+01,1.73E+02
777,26.6314,-53.3387,9.54E+00,1.28E+02,7.75E+01,1.51E+02
778,19.9747,-53.3558,9.73E+00,1.15E+02,8.09E+01,1.29E+02
779,13.3175,-53.369,9.87E+00,1.07E+02,8.41E+01,1.08E+02
780,6.65958,-53.3766,9.95E+00,1.04E+02,8.76E+01,8.88E+01
781,53.2735,-59.9502,8.02E+00,1.62E+02,6.16E+01,1.89E+02
782,53.273,-66.6242,7.64E+00,1.48E+02,6.05E+01,1.72E+02
783,53.2748,-73.2992,7.25E+00,1.33E+02,5.95E+01,1.55E+02
784,53.2776,-79.9743,6.85E+00,1.20E+02,5.84E+01,1.39E+02
785,53.281,-86.649,6.45E+00,1.09E+02,5.71E+01,1.27E+02
786,53.2847,-93.323,6.05E+00,1.01E+02,5.57E+01,1.17E+02
787,59.9378,-73.2875,7.00E+00,1.41E+02,5.69E+01,1.64E+02
788,66.6037,-73.2787,6.74E+00,1.46E+02,5.47E+01,1.68E+02
789,73.2727,-73.2734,6.45E+00,1.44E+02,5.30E+01,1.66E+02
790,79.9445,-73.2712,6.15E+00,1.38E+02,5.19E+01,1.59E+02
791,86.6181,-73.2715,5.83E+00,1.29E+02,5.09E+01,1.49E+02
792,93.2925,-73.2734,5.50E+00,1.20E+02,5.00E+01,1.38E+02
793,73.2786,-66.6051,6.73E+00,1.45E+02,5.49E+01,1.67E+02
794,73.2878,-59.9398,7.00E+00,1.40E+02,5.72E+01,1.63E+02
795,59.9381,-66.614,7.36E+00,1.53E+02,5.80E+01,1.78E+02
796,59.9417,-59.9427,7.70E+00,1.61E+02,5.95E+01,1.87E+02
797,66.6068,-66.6077,7.05E+00,1.52E+02,5.61E+01,1.75E+02
798,66.6136,-59.9397,7.36E+00,1.52E+02,5.82E+01,1.77E+02
799,86.6272,-66.6072,6.05E+00,1.24E+02,5.31E+01,1.43E+02
800,86.638,-59.9446,6.26E+00,1.16E+02,5.53E+01,1.35E+02
801,79.9524,-66.6052,6.40E+00,1.35E+02,5.40E+01,1.55E+02
802,79.9628,-59.9417,6.63E+00,1.27E+02,5.63E+01,1.48E+02
803,93.3021,-66.6101,5.70E+00,1.14E+02,5.21E+01,1.32E+02
804,93.3127,-59.9481,5.88E+00,1.07E+02,5.41E+01,1.24E+02
805,73.2718,-93.2918,5.51E+00,1.21E+02,4.98E+01,1.39E+02
806,73.2701,-86.6177,5.83E+00,1.30E+02,5.07E+01,1.50E+02
807,73.2701,-79.9446,6.15E+00,1.39E+02,5.17E+01,1.59E+02
808,66.6052,-86.6266,6.06E+00,1.25E+02,5.28E+01,1.44E+02
809,59.9424,-86.6373,6.27E+00,1.17E+02,5.50E+01,1.36E+02
810,66.6081,-93.3013,5.71E+00,1.15E+02,5.18E+01,1.33E+02
811,59.9459,-93.3119,5.89E+00,1.08E+02,5.38E+01,1.25E+02
812,66.6035,-79.9521,6.40E+00,1.36E+02,5.37E+01,1.56E+02
813,59.9395,-79.9623,6.64E+00,1.29E+02,5.60E+01,1.49E+02
814,93.2786,-86.6059,5.06E+00,1.27E+02,4.63E+01,1.45E+02
815,86.6069,-86.6073,5.33E+00,1.31E+02,4.75E+01,1.50E+02
816,79.9373,-86.6112,5.59E+00,1.33E+02,4.89E+01,1.52E+02
817,86.6051,-93.2785,5.06E+00,1.27E+02,4.62E+01,1.45E+02
818,93.2749,-93.2752,4.82E+00,1.26E+02,4.48E+01,1.43E+02
819,79.9374,-93.2841,5.29E+00,1.26E+02,4.79E+01,1.44E+02
820,86.6112,-79.9382,5.59E+00,1.32E+02,4.90E+01,1.51E+02
821,93.2845,-79.9386,5.29E+00,1.25E+02,4.81E+01,1.43E+02
822,79.9395,-79.94,5.88E+00,1.37E+02,5.02E+01,1.57E+02
823,26.6334,-60.0112,9.02E+00,1.13E+02,7.42E+01,1.31E+02
824,26.6354,-66.6826,8.50E+00,1.02E+02,7.14E+01,1.17E+02
825,26.6375,-73.3531,7.99E+00,9.42E+01,6.89E+01,1.06E+02
826,26.6394,-80.0232,7.49E+00,8.81E+01,6.67E+01,9.82E+01
827,26.6414,-86.6928,7.00E+00,8.34E+01,6.46E+01,9.21E+01
828,26.6433,-93.3619,6.53E+00,7.97E+01,6.27E+01,8.73E+01
829,33.296,-73.3407,7.85E+00,1.02E+02,6.68E+01,1.18E+02
830,39.9546,-73.3269,7.67E+00,1.11E+02,6.46E+01,1.30E+02
831,46.614,-73.3127,7.47E+00,1.22E+02,6.21E+01,1.43E+02
832,39.9517,-66.6528,8.13E+00,1.24E+02,6.63E+01,1.46E+02
833,39.949,-59.9777,8.58E+00,1.41E+02,6.80E+01,1.67E+02
834,33.2933,-66.6682,8.33E+00,1.12E+02,6.90E+01,1.31E+02
835,33.2907,-59.9947,8.82E+00,1.26E+02,7.13E+01,1.49E+02
836,46.6112,-66.6376,7.90E+00,1.37E+02,6.34E+01,1.61E+02
837,46.6095,-59.9623,8.31E+00,1.54E+02,6.46E+01,1.81E+02
838,39.9638,-93.3444,6.33E+00,8.81E+01,5.93E+01,1.01E+02
839,39.9608,-86.6728,6.77E+00,9.38E+01,6.10E+01,1.08E+02
840,39.9577,-80.0003,7.22E+00,1.01E+02,6.28E+01,1.18E+02
841,33.3011,-86.6835,6.90E+00,8.79E+01,6.28E+01,1.00E+02
842,33.3036,-93.3538,6.44E+00,8.34E+01,6.10E+01,9.39E+01
843,33.2986,-80.0125,7.37E+00,9.38E+01,6.48E+01,1.08E+02
844,46.6207,-86.6611,6.62E+00,1.01E+02,5.91E+01,1.17E+02
845,46.6241,-93.334,6.20E+00,9.38E+01,5.76E+01,1.09E+02
846,46.6173,-79.9873,7.05E+00,1.10E+02,6.07E+01,1.29E+02
847,6.66039,-73.3751,8.23E+00,8.40E+01,7.54E+01,7.64E+01
848,13.3197,-73.3709,8.18E+00,8.58E+01,7.30E+01,8.54E+01
849,19.9787,-73.3634,8.10E+00,8.90E+01,7.09E+01,9.54E+01
850,13.3189,-66.7036,8.73E+00,9.12E+01,7.60E+01,9.08E+01
851,13.3182,-60.0363,9.29E+00,9.82E+01,7.96E+01,9.78E+01
852,6.66009,-66.7086,8.78E+00,8.91E+01,7.86E+01,7.95E+01
853,6.65981,-60.0424,9.35E+00,9.56E+01,8.26E+01,8.35E+01
854,19.9774,-66.6947,8.63E+00,9.53E+01,7.37E+01,1.03E+02
855,19.976,-60.0255,9.17E+00,1.04E+02,7.70E+01,1.14E+02
856,13.3222,-93.373,6.65E+00,7.50E+01,6.62E+01,7.52E+01
857,13.3213,-86.7057,7.15E+00,7.79E+01,6.82E+01,7.80E+01
858,13.3205,-80.0383,7.66E+00,8.15E+01,7.05E+01,8.13E+01
859,6.66106,-86.7088,7.18E+00,7.65E+01,7.03E+01,7.16E+01
860,6.66142,-93.3756,6.68E+00,7.36E+01,6.81E+01,6.97E+01
861,6.66072,-80.0419,7.70E+00,7.99E+01,7.26E+01,7.38E+01
862,19.9815,-86.7003,7.09E+00,8.02E+01,6.64E+01,8.48E+01
863,19.9828,-93.3684,6.60E+00,7.69E+01,6.44E+01,8.11E+01
864,19.9801,-80.032,7.59E+00,8.41E+01,6.85E+01,8.95E+01
865,53.375,-6.66272,9.93E+00,1.03E+02,8.84E+01,9.15E+01
866,53.368,-13.3207,9.85E+00,1.06E+02,8.49E+01,1.10E+02
867,53.3554,-19.9781,9.72E+00,1.14E+02,8.17E+01,1.30E+02
868,53.3387,-26.6349,9.53E+00,1.26E+02,7.82E+01,1.51E+02
869,53.3201,-33.2917,9.30E+00,1.43E+02,7.43E+01,1.72E+02
870,53.3021,-39.9503,9.02E+00,1.60E+02,7.01E+01,1.91E+02
871,53.2873,-46.6123,8.72E+00,1.71E+02,6.62E+01,2.02E+02
872,60.0111,-26.6367,9.01E+00,1.12E+02,7.49E+01,1.32E+02
873,66.6824,-26.6385,8.49E+00,1.01E+02,7.19E+01,1.17E+02
874,73.353,-26.6403,7.98E+00,9.36E+01,6.93E+01,1.07E+02
875,80.023,-26.642,7.48E+00,8.77E+01,6.70E+01,9.89E+01
876,86.6925,-26.6438,6.99E+00,8.31E+01,6.49E+01,9.28E+01
877,93.3616,-26.6454,6.52E+00,7.94E+01,6.30E+01,8.78E+01
878,73.3629,-19.9814,8.09E+00,8.86E+01,7.14E+01,9.65E+01
879,73.37,-13.3223,8.17E+00,8.54E+01,7.35E+01,8.68E+01
880,73.3738,-6.66295,8.21E+00,8.36E+01,7.59E+01,7.78E+01
881,66.7026,-13.3217,8.71E+00,9.06E+01,7.66E+01,9.24E+01
882,60.0353,-13.3211,9.27E+00,9.73E+01,8.03E+01,9.98E+01
883,66.6941,-19.9803,8.62E+00,9.47E+01,7.43E+01,1.04E+02
884,60.025,-19.9792,9.16E+00,1.03E+02,7.76E+01,1.15E+02
885,66.7072,-6.66284,8.76E+00,8.86E+01,7.92E+01,8.13E+01
886,60.0409,-6.66275,9.33E+00,9.48E+01,8.33E+01,8.57E+01
887,93.3722,-13.3242,6.64E+00,7.48E+01,6.65E+01,7.60E+01
888,86.7048,-13.3235,7.13E+00,7.77E+01,6.86E+01,7.89E+01
889,80.0374,-13.3229,7.65E+00,8.12E+01,7.09E+01,8.24E+01
890,86.6997,-19.9837,7.08E+00,7.99E+01,6.67E+01,8.56E+01
891,93.3678,-19.9849,6.59E+00,7.67E+01,6.47E+01,8.17E+01
892,80.0314,-19.9826,7.58E+00,8.38E+01,6.89E+01,9.04E+01
893,86.7076,-6.66325,7.17E+00,7.63E+01,7.07E+01,7.25E+01
894,93.3746,-6.66343,6.67E+00,7.34E+01,6.85E+01,7.04E+01
895,80.0407,-6.66309,7.68E+00,7.96E+01,7.31E+01,7.49E+01
896,73.3133,-46.6168,7.47E+00,1.21E+02,6.25E+01,1.42E+02
897,73.3274,-39.9575,7.67E+00,1.10E+02,6.49E+01,1.30E+02
898,73.3409,-33.2988,7.84E+00,1.01E+02,6.72E+01,1.18E+02
899,66.6532,-39.9547,8.12E+00,1.23E+02,6.67E+01,1.46E+02
900,59.978,-39.9521,8.58E+00,1.39E+02,6.85E+01,1.66E+02
901,66.638,-46.614,7.89E+00,1.35E+02,6.38E+01,1.60E+02
902,59.9623,-46.6121,8.31E+00,1.53E+02,6.50E+01,1.80E+02
903,66.6684,-33.2964,8.32E+00,1.11E+02,6.95E+01,1.31E+02
904,59.9949,-33.2939,8.81E+00,1.24E+02,7.18E+01,1.49E+02
905,93.3447,-39.9661,6.32E+00,8.77E+01,5.96E+01,1.01E+02
906,86.673,-39.9633,6.76E+00,9.32E+01,6.13E+01,1.09E+02
907,80.0006,-39.9604,7.21E+00,1.00E+02,6.31E+01,1.18E+02
908,86.6616,-46.6232,6.61E+00,1.00E+02,5.94E+01,1.17E+02
909,93.3345,-46.6264,6.19E+00,9.33E+01,5.78E+01,1.09E+02
910,79.9878,-46.6199,7.04E+00,1.09E+02,6.10E+01,1.28E+02
911,86.6835,-33.3035,6.89E+00,8.75E+01,6.32E+01,1.00E+02
912,93.3538,-33.3058,6.43E+00,8.31E+01,6.13E+01,9.43E+01
913,80.0126,-33.3012,7.36E+00,9.33E+01,6.51E+01,1.08E+02
914,6.66074,-26.7196,1.27E+01,1.91E+02,1.35E+02,1.55E+02
915,13.3194,-26.6955,1.24E+01,2.04E+02,1.23E+02,2.36E+02
916,19.9762,-26.6643,1.21E+01,2.28E+02,1.10E+02,2.92E+02
917,26.6398,-26.6419,1.16E+01,2.33E+02,9.84E+01,2.98E+02
918,33.313,-26.6334,1.11E+01,2.09E+02,9.09E+01,2.62E+02
919,39.9895,-26.6322,1.06E+01,1.75E+02,8.60E+01,2.16E+02
920,46.6649,-26.6332,1.01E+01,1.47E+02,8.20E+01,1.79E+02
921,26.6631,-19.9793,1.21E+01,2.25E+02,1.11E+02,2.93E+02
922,26.6945,-13.3229,1.24E+01,1.99E+02,1.25E+02,2.41E+02
923,26.718,-6.66442,1.26E+01,1.85E+02,1.37E+02,1.63E+02
924,20.022,-13.329,1.31E+01,2.50E+02,1.50E+02,3.26E+02
925,13.3498,-13.3512,1.38E+01,3.03E+02,1.93E+02,3.79E+02
926,6.67626,-13.396,1.43E+01,3.61E+02,2.49E+02,2.83E+02
927,13.3261,-20.0233,1.31E+01,2.55E+02,1.49E+02,3.21E+02
928,19.9899,-19.992,1.26E+01,2.55E+02,1.27E+02,3.42E+02
929,6.66423,-20.0577,1.35E+01,2.50E+02,1.70E+02,2.14E+02
930,13.3959,-6.67794,1.43E+01,3.49E+02,2.46E+02,2.97E+02
931,20.0564,-6.66761,1.34E+01,2.41E+02,1.72E+02,2.25E+02
932,6.71808,-6.71519,1.51E+01,5.53E+02,3.72E+02,2.42E+02
933,46.7007,-13.3204,1.05E+01,1.18E+02,9.09E+01,1.25E+02
934,40.033,-13.3204,1.11E+01,1.35E+02,9.89E+01,1.47E+02
935,33.3645,-13.3209,1.18E+01,1.61E+02,1.10E+02,1.82E+02
936,40.0129,-19.9764,1.09E+01,1.52E+02,9.30E+01,1.83E+02
937,46.6849,-19.9771,1.03E+01,1.29E+02,8.68E+01,1.52E+02
938,33.339,-19.9766,1.15E+01,1.84E+02,1.01E+02,2.31E+02
939,40.045,-6.66292,1.12E+01,1.29E+02,1.04E+02,1.11E+02
940,46.7097,-6.66275,1.06E+01,1.14E+02,9.51E+01,9.96E+01
941,33.381,-6.66334,1.19E+01,1.51E+02,1.17E+02,1.30E+02
942,26.6296,-46.665,1.01E+01,1.49E+02,8.11E+01,1.79E+02
943,26.6287,-39.9898,1.06E+01,1.78E+02,8.50E+01,2.17E+02
944,26.6304,-33.314,1.11E+01,2.11E+02,9.02E+01,2.62E+02
945,13.317,-46.7017,1.05E+01,1.20E+02,8.99E+01,1.22E+02
946,13.3168,-40.034,1.11E+01,1.38E+02,9.75E+01,1.43E+02
947,13.3172,-33.3655,1.18E+01,1.64E+02,1.08E+02,1.78E+02
948,6.65941,-40.0467,1.12E+01,1.31E+02,1.03E+02,1.07E+02
949,6.65942,-46.7113,1.06E+01,1.15E+02,9.41E+01,9.61E+01
950,6.65971,-33.3827,1.19E+01,1.54E+02,1.16E+02,1.24E+02
951,19.9727,-40.0134,1.09E+01,1.54E+02,9.17E+01,1.82E+02
952,19.9736,-46.6853,1.03E+01,1.31E+02,8.58E+01,1.50E+02
953,19.973,-33.3396,1.15E+01,1.87E+02,9.90E+01,2.30E+02
954,39.9481,-46.6273,9.46E+00,1.84E+02,7.14E+01,2.19E+02
955,39.954,-39.9557,9.88E+00,1.98E+02,7.44E+01,2.38E+02
956,39.9682,-33.2907,1.03E+01,1.95E+02,7.94E+01,2.37E+02
957,33.288,-39.969,1.03E+01,1.97E+02,7.88E+01,2.38E+02
958,33.287,-46.6444,9.79E+00,1.69E+02,7.60E+01,2.04E+02
959,33.2953,-33.2971,1.07E+01,2.15E+02,8.35E+01,2.63E+02
960,46.6266,-39.9506,9.46E+00,1.82E+02,7.18E+01,2.18E+02
961,46.615,-46.6165,9.10E+00,1.84E+02,6.81E+01,2.17E+02
962,46.6443,-33.2902,9.79E+00,1.67E+02,7.67E+01,2.03E+02
1302,-99.9357,-106.191,4.04E+00,5.42E+01,1.28E+02,1.30E+01
1303,-99.9369,-112.447,3.81E+00,5.30E+01,1.23E+02,1.32E+01
1304,-99.9394,-118.704,3.56E+00,5.17E+01,1.18E+02,1.36E+01
1305,-99.9428,-124.961,3.30E+00,5.03E+01,1.13E+02,1.40E+01
1306,-93.2778,-124.968,3.45E+00,5.13E+01,1.10E+02,1.64E+01
1307,-86.6138,-124.975,3.58E+00,5.23E+01,1.06E+02,1.91E+01
1308,-79.9504,-124.983,3.71E+00,5.32E+01,1.01E+02,2.19E+01
1309,-73.2876,-124.99,3.82E+00,5.40E+01,9.67E+01,2.48E+01
1310,-66.6251,-124.998,3.92E+00,5.47E+01,9.21E+01,2.77E+01
1311,-59.9627,-125.006,4.02E+00,5.55E+01,8.78E+01,3.08E+01
1312,-53.3004,-125.013,4.10E+00,5.62E+01,8.38E+01,3.38E+01
1313,-46.6382,-125.019,4.18E+00,5.68E+01,8.01E+01,3.68E+01
1314,-39.9758,-125.025,4.24E+00,5.74E+01,7.67E+01,3.99E+01
1315,-33.3134,-125.03,4.30E+00,5.81E+01,7.37E+01,4.30E+01
1316,-26.6509,-125.034,4.34E+00,5.88E+01,7.09E+01,4.61E+01
1317,-19.9882,-125.038,4.38E+00,5.96E+01,6.83E+01,4.93E+01
1318,-13.3254,-125.04,4.41E+00,6.05E+01,6.60E+01,5.25E+01
1319,-6.66258,-125.042,4.42E+00,6.14E+01,6.38E+01,5.58E+01
1320,0.000313326,-125.042,4.43E+00,6.25E+01,6.18E+01,5.91E+01
1321,6.66322,-125.042,4.43E+00,6.37E+01,5.99E+01,6.25E+01
1322,13.3261,-125.041,4.41E+00,6.51E+01,5.81E+01,6.60E+01
1323,19.9889,-125.038,4.39E+00,6.67E+01,5.64E+01,6.96E+01
1324,26.6517,-125.035,4.36E+00,6.85E+01,5.47E+01,7.32E+01
1325,33.3144,-125.031,4.32E+00,7.06E+01,5.32E+01,7.70E+01
1326,39.9769,-125.026,4.26E+00,7.31E+01,5.16E+01,8.09E+01
1327,46.6395,-125.021,4.20E+00,7.58E+01,5.02E+01,8.49E+01
1328,53.3019,-125.015,4.13E+00,7.89E+01,4.87E+01,8.92E+01
1329,59.9644,-125.008,4.05E+00,8.24E+01,4.72E+01,9.36E+01
1330,66.6271,-125.001,3.96E+00,8.63E+01,4.57E+01,9.82E+01
1331,73.2899,-124.994,3.86E+00,9.03E+01,4.43E+01,1.03E+02
1332,79.9531,-124.987,3.75E+00,9.43E+01,4.28E+01,1.08E+02
1333,86.6169,-124.979,3.63E+00,9.82E+01,4.13E+01,1.12E+02
1334,93.2814,-124.973,3.50E+00,1.02E+02,3.98E+01,1.16E+02
1335,99.947,-124.967,3.36E+00,1.05E+02,3.84E+01,1.19E+02
1336,99.9444,-118.71,3.62E+00,1.09E+02,3.93E+01,1.24E+02
1337,99.9428,-112.453,3.87E+00,1.14E+02,4.02E+01,1.29E+02
1338,99.9424,-106.198,4.11E+00,1.18E+02,4.12E+01,1.34E+02
1339,0.000334995,-118.793,4.86E+00,6.42E+01,6.33E+01,6.02E+01
1340,0.000381185,-112.543,5.30E+00,6.60E+01,6.49E+01,6.12E+01
1341,0.000446274,-106.293,5.74E+00,6.80E+01,6.65E+01,6.23E+01
1342,-53.2969,-118.758,4.48E+00,5.83E+01,8.69E+01,3.37E+01
1343,-53.2932,-112.503,4.85E+00,6.05E+01,9.07E+01,3.33E+01
1344,-53.2893,-106.248,5.22E+00,6.29E+01,9.53E+01,3.28E+01
1345,-79.9458,-118.725,4.02E+00,5.51E+01,1.06E+02,2.15E+01
1346,-79.9412,-112.467,4.33E+00,5.69E+01,1.12E+02,2.09E+01
1347,-79.937,-106.209,4.63E+00,5.86E+01,1.19E+02,2.01E+01
1348,-86.6051,-112.459,4.16E+00,5.56E+01,1.17E+02,1.80E+01
1349,-93.2702,-112.452,3.99E+00,5.43E+01,1.21E+02,1.54E+01
1350,-86.6093,-118.717,3.88E+00,5.40E+01,1.11E+02,1.86E+01
1351,-93.2736,-118.71,3.72E+00,5.29E+01,1.15E+02,1.60E+01
1352,-86.6015,-106.201,4.44E+00,5.71E+01,1.24E+02,1.72E+01
1353,-93.2676,-106.195,4.25E+00,5.56E+01,1.27E+02,1.48E+01
1354,-66.6208,-118.742,4.27E+00,5.69E+01,9.63E+01,2.75E+01
1355,-66.6163,-112.485,4.61E+00,5.90E+01,1.01E+02,2.70E+01
1356,-66.6118,-106.228,4.95E+00,6.11E+01,1.07E+02,2.62E+01
1357,-73.2785,-112.476,4.48E+00,5.80E+01,1.07E+02,2.39E+01
1358,-73.283,-118.733,4.15E+00,5.60E+01,1.01E+02,2.44E+01
1359,-73.2739,-106.218,4.80E+00,5.99E+01,1.14E+02,2.31E+01
1360,-59.9547,-112.494,4.74E+00,5.98E+01,9.58E+01,3.01E+01
1361,-59.9588,-118.75,4.38E+00,5.76E+01,9.14E+01,3.06E+01
1362,-59.9504,-106.238,5.09E+00,6.21E+01,1.01E+02,2.95E+01
1363,-26.6492,-118.783,4.76E+00,6.08E+01,7.28E+01,4.64E+01
1364,-26.6474,-112.532,5.18E+00,6.30E+01,7.49E+01,4.66E+01
1365,-26.6455,-106.28,5.60E+00,6.53E+01,7.73E+01,4.67E+01
1366,-39.9732,-118.772,4.64E+00,5.95E+01,7.91E+01,3.99E+01
1367,-39.9705,-112.519,5.04E+00,6.18E+01,8.19E+01,3.99E+01
1368,-39.9676,-106.266,5.44E+00,6.42E+01,8.52E+01,3.96E+01
1369,-46.6318,-112.512,4.95E+00,6.12E+01,8.61E+01,3.66E+01
1370,-46.635,-118.766,4.56E+00,5.89E+01,8.28E+01,3.68E+01
1371,-46.6284,-106.257,5.34E+00,6.36E+01,8.99E+01,3.62E+01
1372,-33.3091,-112.526,5.11E+00,6.24E+01,7.82E+01,4.32E+01
1373,-33.3113,-118.778,4.70E+00,6.02E+01,7.58E+01,4.32E+01
1374,-33.3067,-106.273,5.53E+00,6.47E+01,8.09E+01,4.31E+01
1375,-13.3245,-118.79,4.83E+00,6.23E+01,6.76E+01,5.32E+01
1376,-13.3237,-112.54,5.26E+00,6.43E+01,6.93E+01,5.37E+01
1377,-13.3227,-106.289,5.70E+00,6.64E+01,7.12E+01,5.42E+01
1378,-19.9856,-112.536,5.23E+00,6.36E+01,7.20E+01,5.02E+01
1379,-19.9869,-118.787,4.80E+00,6.15E+01,7.01E+01,4.98E+01
1380,-19.9842,-106.285,5.66E+00,6.58E+01,7.40E+01,5.04E+01
1381,-6.66166,-112.542,5.29E+00,6.51E+01,6.70E+01,5.74E+01
1382,-6.66214,-118.792,4.85E+00,6.32E+01,6.54E+01,5.66E+01
1383,-6.66119,-106.292,5.73E+00,6.71E+01,6.87E+01,5.82E+01
1384,46.6366,-118.768,4.59E+00,7.81E+01,5.16E+01,8.81E+01
1385,46.6337,-112.515,4.98E+00,8.09E+01,5.30E+01,9.19E+01
1386,46.6307,-106.261,5.38E+00,8.42E+01,5.45E+01,9.63E+01
1387,19.9878,-118.788,4.81E+00,6.83E+01,5.78E+01,7.14E+01
1388,19.9866,-112.538,5.24E+00,7.01E+01,5.94E+01,7.33E+01
1389,19.9854,-106.287,5.68E+00,7.20E+01,6.09E+01,7.55E+01
1390,13.3246,-112.541,5.27E+00,6.84E+01,6.11E+01,6.92E+01
1391,6.66248,-112.543,5.29E+00,6.71E+01,6.29E+01,6.51E+01
1392,13.3253,-118.791,4.84E+00,6.67E+01,5.95E+01,6.76E+01
1393,6.66285,-118.792,4.86E+00,6.54E+01,6.14E+01,6.38E+01
1394,13.3238,-106.291,5.71E+00,7.03E+01,6.27E+01,7.09E+01
1395,6.66213,-106.293,5.73E+00,6.90E+01,6.45E+01,6.65E+01
1396,33.3124,-118.78,4.72E+00,7.24E+01,5.46E+01,7.94E+01
1397,33.3103,-112.528,5.14E+00,7.45E+01,5.61E+01,8.22E+01
1398,33.3082,-106.276,5.56E+00,7.69E+01,5.77E+01,8.53E+01
1399,26.6485,-112.534,5.20E+00,7.21E+01,5.77E+01,7.77E+01
1400,26.6501,-118.785,4.77E+00,7.02E+01,5.62E+01,7.53E+01
1401,26.6468,-106.282,5.62E+00,7.42E+01,5.93E+01,8.03E+01
1402,39.972,-112.522,5.07E+00,7.74E+01,5.46E+01,8.69E+01
1403,39.9745,-118.774,4.66E+00,7.51E+01,5.31E+01,8.37E+01
1404,39.9694,-106.269,5.47E+00,8.02E+01,5.61E+01,9.06E+01
1405,73.2858,-118.738,4.20E+00,9.44E+01,4.56E+01,1.08E+02
1406,73.2819,-112.481,4.53E+00,9.93E+01,4.68E+01,1.14E+02
1407,73.2781,-106.224,4.85E+00,1.05E+02,4.79E+01,1.21E+02
1408,59.9608,-118.754,4.42E+00,8.56E+01,4.86E+01,9.78E+01
1409,59.9572,-112.498,4.78E+00,8.94E+01,5.00E+01,1.03E+02
1410,59.9534,-106.243,5.14E+00,9.41E+01,5.13E+01,1.09E+02
1411,53.2954,-112.507,4.89E+00,8.49E+01,5.15E+01,9.71E+01
1412,53.2987,-118.761,4.51E+00,8.17E+01,5.01E+01,9.28E+01
1413,53.2919,-106.252,5.27E+00,8.89E+01,5.29E+01,1.02E+02
1414,66.6192,-112.49,4.66E+00,9.43E+01,4.84E+01,1.08E+02
1415,66.6232,-118.746,4.31E+00,8.99E+01,4.71E+01,1.03E+02
1416,66.6154,-106.233,5.00E+00,9.97E+01,4.96E+01,1.15E+02
1417,86.613,-118.722,3.93E+00,1.03E+02,4.24E+01,1.18E+02
1418,86.6097,-112.465,4.22E+00,1.09E+02,4.34E+01,1.24E+02
1419,86.607,-106.208,4.51E+00,1.15E+02,4.43E+01,1.31E+02
1420,79.9452,-112.473,4.38E+00,1.04E+02,4.51E+01,1.19E+02
1421,79.949,-118.73,4.07E+00,9.88E+01,4.40E+01,1.13E+02
1422,79.9419,-106.215,4.69E+00,1.11E+02,4.61E+01,1.27E+02
1423,93.2755,-112.459,4.05E+00,1.12E+02,4.18E+01,1.28E+02
1424,93.2781,-118.715,3.78E+00,1.07E+02,4.08E+01,1.22E+02
1425,93.2738,-106.202,4.31E+00,1.17E+02,4.27E+01,1.34E+02
1426,99.9351,106.19,4.05E+00,5.41E+01,1.29E+02,1.33E+01
1427,99.9362,112.446,3.81E+00,5.28E+01,1.24E+02,1.34E+01
1428,99.9385,118.703,3.57E+00,5.15E+01,1.20E+02,1.37E+01
1429,99.9418,124.96,3.31E+00,5.01E+01,1.15E+02,1.42E+01
1430,93.2765,124.966,3.46E+00,5.11E+01,1.12E+02,1.65E+01
1431,86.6123,124.974,3.59E+00,5.20E+01,1.08E+02,1.90E+01
1432,79.9488,124.981,3.72E+00,5.29E+01,1.04E+02,2.17E+01
1433,73.2857,124.989,3.83E+00,5.37E+01,9.88E+01,2.45E+01
1434,66.623,124.996,3.93E+00,5.44E+01,9.39E+01,2.75E+01
1435,59.9605,125.004,4.03E+00,5.51E+01,8.92E+01,3.05E+01
1436,53.2981,125.011,4.11E+00,5.58E+01,8.50E+01,3.36E+01
1437,46.6358,125.017,4.18E+00,5.64E+01,8.11E+01,3.67E+01
1438,39.9734,125.023,4.25E+00,5.70E+01,7.76E+01,3.98E+01
1439,33.311,125.028,4.30E+00,5.77E+01,7.44E+01,4.29E+01
1440,26.6485,125.033,4.35E+00,5.84E+01,7.16E+01,4.61E+01
1441,19.9859,125.036,4.38E+00,5.91E+01,6.91E+01,4.93E+01
1442,13.3232,125.039,4.41E+00,5.99E+01,6.67E+01,5.25E+01
1443,6.66041,125.041,4.42E+00,6.09E+01,6.45E+01,5.58E+01
1444,-0.00241589,125.042,4.43E+00,6.19E+01,6.25E+01,5.91E+01
1445,-6.66527,125.042,4.42E+00,6.30E+01,6.06E+01,6.24E+01
1446,-13.3281,125.041,4.41E+00,6.44E+01,5.88E+01,6.58E+01
1447,-19.9909,125.039,4.39E+00,6.59E+01,5.71E+01,6.93E+01
1448,-26.6537,125.036,4.35E+00,6.77E+01,5.54E+01,7.28E+01
1449,-33.3163,125.032,4.31E+00,6.97E+01,5.38E+01,7.65E+01
1450,-39.979,125.027,4.25E+00,7.22E+01,5.22E+01,8.03E+01
1451,-46.6416,125.022,4.19E+00,7.50E+01,5.07E+01,8.42E+01
1452,-53.3041,125.016,4.12E+00,7.82E+01,4.91E+01,8.84E+01
1453,-59.9667,125.01,4.04E+00,8.18E+01,4.76E+01,9.28E+01
1454,-66.6294,125.003,3.95E+00,8.56E+01,4.61E+01,9.74E+01
1455,-73.2921,124.995,3.85E+00,8.97E+01,4.46E+01,1.02E+02
1456,-79.9552,124.988,3.74E+00,9.38E+01,4.31E+01,1.07E+02
1457,-86.6187,124.981,3.62E+00,9.77E+01,4.17E+01,1.11E+02
1458,-93.2829,124.974,3.49E+00,1.01E+02,4.02E+01,1.15E+02
1459,-99.948,124.968,3.35E+00,1.04E+02,3.88E+01,1.18E+02
1460,-99.9452,118.711,3.61E+00,1.08E+02,3.96E+01,1.23E+02
1461,-99.9433,112.454,3.86E+00,1.13E+02,4.05E+01,1.28E+02
1462,-99.9427,106.198,4.10E+00,1.17E+02,4.14E+01,1.33E+02
1463,-0.00276458,118.792,4.86E+00,6.35E+01,6.39E+01,6.03E+01
1464,-0.00313216,112.542,5.29E+00,6.53E+01,6.54E+01,6.14E+01
1465,-0.00351932,106.293,5.74E+00,6.72E+01,6.71E+01,6.26E+01
1466,53.2944,118.756,4.48E+00,5.79E+01,8.84E+01,3.35E+01
1467,53.2904,112.501,4.86E+00,6.02E+01,9.24E+01,3.32E+01
1468,53.2863,106.246,5.23E+00,6.26E+01,9.73E+01,3.27E+01
1469,79.944,118.723,4.03E+00,5.48E+01,1.09E+02,2.13E+01
1470,79.9393,112.466,4.33E+00,5.66E+01,1.15E+02,2.07E+01
1471,79.9351,106.207,4.63E+00,5.83E+01,1.22E+02,1.99E+01
1472,86.6035,112.458,4.17E+00,5.54E+01,1.19E+02,1.79E+01
1473,93.2691,112.451,4.00E+00,5.41E+01,1.23E+02,1.54E+01
1474,86.6077,118.716,3.89E+00,5.38E+01,1.13E+02,1.86E+01
1475,93.2724,118.709,3.73E+00,5.26E+01,1.17E+02,1.60E+01
1476,86.6,106.2,4.45E+00,5.69E+01,1.26E+02,1.72E+01
1477,93.2667,106.194,4.25E+00,5.55E+01,1.28E+02,1.49E+01
1478,66.6185,118.74,4.28E+00,5.66E+01,9.84E+01,2.72E+01
1479,66.6139,112.483,4.62E+00,5.87E+01,1.04E+02,2.67E+01
1480,66.6092,106.226,4.96E+00,6.08E+01,1.10E+02,2.60E+01
1481,73.2763,112.474,4.48E+00,5.77E+01,1.09E+02,2.37E+01
1482,73.281,118.732,4.16E+00,5.57E+01,1.04E+02,2.42E+01
1483,73.2717,106.216,4.80E+00,5.97E+01,1.16E+02,2.29E+01
1484,59.952,112.492,4.74E+00,5.95E+01,9.79E+01,2.99E+01
1485,59.9564,118.748,4.39E+00,5.73E+01,9.32E+01,3.03E+01
1486,59.9476,106.236,5.10E+00,6.18E+01,1.03E+02,2.93E+01
1487,26.6465,118.782,4.76E+00,6.04E+01,7.35E+01,4.65E+01
1488,26.6444,112.53,5.18E+00,6.25E+01,7.57E+01,4.68E+01
1489,26.6422,106.278,5.60E+00,6.48E+01,7.81E+01,4.70E+01
1490,39.9705,118.771,4.64E+00,5.92E+01,8.01E+01,3.99E+01
1491,39.9675,112.518,5.04E+00,6.14E+01,8.30E+01,3.99E+01
1492,39.9643,106.264,5.44E+00,6.38E+01,8.65E+01,3.97E+01
1493,46.629,112.51,4.96E+00,6.08E+01,8.75E+01,3.65E+01
1494,46.6325,118.764,4.57E+00,5.86E+01,8.40E+01,3.67E+01
1495,46.6253,106.255,5.34E+00,6.32E+01,9.16E+01,3.61E+01
1496,33.306,112.524,5.12E+00,6.20E+01,7.91E+01,4.33E+01
1497,33.3086,118.777,4.71E+00,5.98E+01,7.66E+01,4.32E+01
1498,33.3033,106.272,5.53E+00,6.43E+01,8.20E+01,4.33E+01
1499,13.322,118.789,4.83E+00,6.18E+01,6.83E+01,5.33E+01
1500,13.3208,112.539,5.26E+00,6.37E+01,7.00E+01,5.40E+01
1501,13.3196,106.288,5.70E+00,6.58E+01,7.19E+01,5.46E+01
1502,19.9827,112.535,5.23E+00,6.31E+01,7.26E+01,5.04E+01
1503,19.9843,118.786,4.80E+00,6.10E+01,7.08E+01,4.99E+01
1504,19.981,106.284,5.66E+00,6.53E+01,7.48E+01,5.07E+01
1505,6.65888,112.541,5.29E+00,6.44E+01,6.76E+01,5.77E+01
1506,6.65966,118.791,4.85E+00,6.26E+01,6.60E+01,5.67E+01
1507,6.65808,106.291,5.73E+00,6.64E+01,6.93E+01,5.86E+01
1508,-46.6391,118.769,4.58E+00,7.73E+01,5.21E+01,8.76E+01
1509,-46.6365,112.516,4.98E+00,8.00E+01,5.35E+01,9.14E+01
1510,-46.6338,106.262,5.37E+00,8.32E+01,5.49E+01,9.58E+01
1511,-19.9901,118.789,4.81E+00,6.75E+01,5.85E+01,7.12E+01
1512,-19.9892,112.538,5.24E+00,6.92E+01,5.99E+01,7.33E+01
1513,-19.9884,106.288,5.67E+00,7.11E+01,6.14E+01,7.57E+01
1514,-13.3273,112.541,5.27E+00,6.76E+01,6.16E+01,6.93E+01
1515,-6.66517,112.542,5.29E+00,6.63E+01,6.35E+01,6.53E+01
1516,-13.3276,118.791,4.84E+00,6.59E+01,6.02E+01,6.75E+01
1517,-6.66521,118.792,4.85E+00,6.46E+01,6.20E+01,6.38E+01
1518,-13.3268,106.291,5.71E+00,6.94E+01,6.32E+01,7.12E+01
1519,-6.66515,106.292,5.73E+00,6.82E+01,6.50E+01,6.68E+01
1520,-33.3147,118.781,4.72E+00,7.15E+01,5.52E+01,7.91E+01
1521,-33.313,112.529,5.13E+00,7.36E+01,5.66E+01,8.19E+01
1522,-33.3112,106.277,5.55E+00,7.60E+01,5.81E+01,8.52E+01
1523,-26.6511,112.534,5.19E+00,7.12E+01,5.83E+01,7.75E+01
1524,-26.6524,118.785,4.77E+00,6.93E+01,5.68E+01,7.51E+01
1525,-26.6498,106.283,5.62E+00,7.33E+01,5.98E+01,8.03E+01
1526,-39.9748,112.523,5.06E+00,7.65E+01,5.51E+01,8.65E+01
1527,-39.9769,118.776,4.66E+00,7.42E+01,5.36E+01,8.32E+01
1528,-39.9726,106.27,5.47E+00,7.93E+01,5.65E+01,9.04E+01
1529,-73.2882,118.739,4.18E+00,9.35E+01,4.59E+01,1.07E+02
1530,-73.2843,112.483,4.52E+00,9.82E+01,4.71E+01,1.13E+02
1531,-73.2805,106.226,4.85E+00,1.04E+02,4.82E+01,1.20E+02
1532,-59.9634,118.755,4.41E+00,8.48E+01,4.90E+01,9.70E+01
1533,-59.9599,112.5,4.77E+00,8.85E+01,5.03E+01,1.02E+02
1534,-59.9564,106.245,5.14E+00,9.29E+01,5.17E+01,1.08E+02
1535,-53.2983,112.509,4.88E+00,8.40E+01,5.19E+01,9.65E+01
1536,-53.3013,118.763,4.50E+00,8.08E+01,5.05E+01,9.22E+01
1537,-53.2951,106.254,5.26E+00,8.78E+01,5.33E+01,1.02E+02
1538,-66.6219,112.492,4.65E+00,9.32E+01,4.87E+01,1.07E+02
1539,-66.6257,118.747,4.30E+00,8.91E+01,4.74E+01,1.02E+02
1540,-66.6182,106.235,5.00E+00,9.84E+01,5.00E+01,1.14E+02
1541,-86.6148,118.724,3.92E+00,1.02E+02,4.27E+01,1.17E+02
1542,-86.6114,112.466,4.22E+00,1.07E+02,4.37E+01,1.23E+02
1543,-86.6085,106.209,4.50E+00,1.13E+02,4.46E+01,1.30E+02
1544,-79.9473,112.474,4.37E+00,1.03E+02,4.54E+01,1.18E+02
1545,-79.9512,118.731,4.06E+00,9.80E+01,4.43E+01,1.12E+02
1546,-79.9439,106.217,4.68E+00,1.09E+02,4.64E+01,1.25E+02
1547,-93.2766,112.459,4.05E+00,1.11E+02,4.21E+01,1.26E+02
1548,-93.2794,118.717,3.77E+00,1.06E+02,4.11E+01,1.20E+02
1549,-93.2746,106.203,4.31E+00,1.16E+02,4.29E+01,1.33E+02
1550,106.192,124.955,3.17E+00,4.91E+01,1.17E+02,1.22E+01
1551,112.443,124.952,3.01E+00,4.81E+01,1.17E+02,1.06E+01
1552,118.695,124.949,2.84E+00,4.70E+01,1.17E+02,9.35E+00
1553,124.949,124.948,2.67E+00,4.56E+01,1.15E+02,8.60E+00
1554,124.95,118.695,2.84E+00,4.69E+01,1.16E+02,9.39E+00
1555,124.952,112.443,3.01E+00,4.81E+01,1.17E+02,1.06E+01
1556,124.956,106.192,3.17E+00,4.92E+01,1.16E+02,1.23E+01
1557,124.961,99.9426,3.31E+00,5.03E+01,1.14E+02,1.43E+01
1558,124.967,93.2774,3.46E+00,5.13E+01,1.10E+02,1.67E+01
1559,124.974,86.6132,3.59E+00,5.23E+01,1.06E+02,1.92E+01
1560,124.982,79.9497,3.71E+00,5.31E+01,1.02E+02,2.20E+01
1561,124.99,73.2868,3.83E+00,5.39E+01,9.72E+01,2.48E+01
1562,124.997,66.6242,3.93E+00,5.47E+01,9.27E+01,2.77E+01
1563,125.005,59.9617,4.02E+00,5.54E+01,8.84E+01,3.07E+01
1564,125.012,53.2994,4.11E+00,5.60E+01,8.44E+01,3.37E+01
1565,125.018,46.6371,4.18E+00,5.67E+01,8.07E+01,3.68E+01
1566,125.024,39.9747,4.24E+00,5.73E+01,7.73E+01,3.99E+01
1567,125.029,33.3122,4.30E+00,5.80E+01,7.42E+01,4.30E+01
1568,125.033,26.6496,4.34E+00,5.87E+01,7.14E+01,4.61E+01
1569,125.037,19.987,4.38E+00,5.95E+01,6.88E+01,4.93E+01
1570,125.039,13.3242,4.40E+00,6.04E+01,6.64E+01,5.26E+01
1571,125.041,6.66138,4.42E+00,6.13E+01,6.42E+01,5.59E+01
1572,125.041,-0.00149842,4.43E+00,6.24E+01,6.22E+01,5.92E+01
1573,125.041,-6.66439,4.42E+00,6.36E+01,6.03E+01,6.26E+01
1574,125.04,-13.3272,4.41E+00,6.50E+01,5.85E+01,6.61E+01
1575,125.038,-19.9901,4.38E+00,6.66E+01,5.67E+01,6.96E+01
1576,125.035,-26.6529,4.35E+00,6.84E+01,5.51E+01,7.32E+01
1577,125.031,-33.3155,4.30E+00,7.05E+01,5.35E+01,7.70E+01
1578,125.026,-39.9782,4.25E+00,7.30E+01,5.19E+01,8.08E+01
1579,125.021,-46.6408,4.19E+00,7.57E+01,5.04E+01,8.48E+01
1580,125.015,-53.3032,4.12E+00,7.88E+01,4.89E+01,8.89E+01
1581,125.009,-59.9658,4.04E+00,8.23E+01,4.74E+01,9.32E+01
1582,125.002,-66.6285,3.95E+00,8.60E+01,4.59E+01,9.76E+01
1583,124.994,-73.2912,3.85E+00,9.00E+01,4.44E+01,1.02E+02
1584,124.987,-79.9545,3.74E+00,9.41E+01,4.29E+01,1.07E+02
1585,124.98,-86.6182,3.62E+00,9.81E+01,4.13E+01,1.11E+02
1586,124.973,-93.2826,3.49E+00,1.02E+02,3.98E+01,1.15E+02
1587,124.967,-99.948,3.35E+00,1.05E+02,3.83E+01,1.18E+02
1588,124.962,-106.198,3.21E+00,1.07E+02,3.69E+01,1.20E+02
1589,124.959,-112.449,3.06E+00,1.08E+02,3.57E+01,1.21E+02
1590,124.956,-118.701,2.89E+00,1.07E+02,3.45E+01,1.21E+02
1591,124.955,-124.954,2.72E+00,1.06E+02,3.34E+01,1.20E+02
1592,118.701,-124.956,2.90E+00,1.07E+02,3.45E+01,1.21E+02
1593,112.448,-124.958,3.07E+00,1.07E+02,3.58E+01,1.22E+02
1594,106.197,-124.962,3.22E+00,1.07E+02,3.70E+01,1.21E+02
1595,118.792,-0.0016907,4.85E+00,6.41E+01,6.37E+01,6.04E+01
1596,112.542,-0.00189755,5.29E+00,6.59E+01,6.53E+01,6.15E+01
1597,106.292,-0.00212206,5.73E+00,6.78E+01,6.69E+01,6.27E+01
1598,118.741,66.6198,4.27E+00,5.68E+01,9.70E+01,2.74E+01
1599,112.484,66.6153,4.62E+00,5.89E+01,1.02E+02,2.69E+01
1600,106.227,66.6108,4.95E+00,6.10E+01,1.08E+02,2.63E+01
1601,118.704,99.7328,3.57E+00,5.17E+01,1.19E+02,1.39E+01
1602,112.447,99.7303,3.82E+00,5.29E+01,1.24E+02,1.35E+01
1603,106.191,99.7291,4.05E+00,5.42E+01,1.28E+02,1.34E+01
1604,112.443,106.103,3.63E+00,5.16E+01,1.24E+02,1.20E+01
1605,112.442,112.442,3.43E+00,5.04E+01,1.23E+02,1.10E+01
1606,112.441,118.696,3.23E+00,4.93E+01,1.20E+02,1.06E+01
1607,118.696,112.442,3.22E+00,4.93E+01,1.20E+02,1.06E+01
1608,118.692,106.119,3.40E+00,5.05E+01,1.20E+02,1.20E+01
1609,118.695,118.695,3.04E+00,4.82E+01,1.19E+02,9.72E+00
1610,106.188,112.443,3.63E+00,5.16E+01,1.24E+02,1.19E+01
1611,106.196,106.118,3.84E+00,5.28E+01,1.27E+02,1.23E+01
1612,106.189,118.699,3.40E+00,5.03E+01,1.21E+02,1.19E+01
1613,118.717,86.6087,3.88E+00,5.40E+01,1.12E+02,1.88E+01
1614,112.459,86.6046,4.17E+00,5.56E+01,1.18E+02,1.81E+01
1615,106.201,86.6011,4.45E+00,5.71E+01,1.25E+02,1.74E+01
1616,112.452,93.1849,4.00E+00,5.43E+01,1.22E+02,1.56E+01
1617,118.716,93.2025,3.73E+00,5.28E+01,1.16E+02,1.62E+01
1618,106.188,93.1965,4.26E+00,5.56E+01,1.28E+02,1.51E+01
1619,112.475,73.2776,4.48E+00,5.79E+01,1.08E+02,2.39E+01
1620,112.466,79.9406,4.33E+00,5.68E+01,1.13E+02,2.09E+01
1621,118.733,73.2822,4.16E+00,5.60E+01,1.02E+02,2.44E+01
1622,118.724,79.9451,4.03E+00,5.50E+01,1.07E+02,2.15E+01
1623,106.217,73.2731,4.80E+00,5.99E+01,1.14E+02,2.31E+01
1624,106.208,79.9364,4.63E+00,5.85E+01,1.20E+02,2.01E+01
1625,118.777,33.3099,4.70E+00,6.01E+01,7.64E+01,4.32E+01
1626,112.525,33.3075,5.11E+00,6.23E+01,7.88E+01,4.34E+01
1627,106.272,33.305,5.52E+00,6.47E+01,8.16E+01,4.33E+01
1628,118.757,53.2958,4.48E+00,5.82E+01,8.77E+01,3.36E+01
1629,112.502,53.292,4.85E+00,6.05E+01,9.15E+01,3.33E+01
1630,106.246,53.288,5.22E+00,6.28E+01,9.61E+01,3.28E+01
1631,112.493,59.9535,4.74E+00,5.98E+01,9.66E+01,3.01E+01
1632,118.749,59.9577,4.38E+00,5.75E+01,9.22E+01,3.05E+01
1633,106.237,59.9492,5.09E+00,6.20E+01,1.02E+02,2.95E+01
1634,112.518,39.9691,5.04E+00,6.17E+01,8.26E+01,4.00E+01
1635,112.51,46.6305,4.95E+00,6.11E+01,8.68E+01,3.66E+01
1636,118.771,39.972,4.64E+00,5.95E+01,7.98E+01,4.00E+01
1637,118.765,46.6339,4.57E+00,5.88E+01,8.35E+01,3.68E+01
1638,106.264,39.9661,5.44E+00,6.41E+01,8.59E+01,3.97E+01
1639,106.256,46.627,5.34E+00,6.35E+01,9.08E+01,3.63E+01
1640,118.786,19.9856,4.80E+00,6.14E+01,7.06E+01,4.99E+01
1641,112.535,19.9841,5.22E+00,6.35E+01,7.25E+01,5.04E+01
1642,106.284,19.9826,5.65E+00,6.57E+01,7.46E+01,5.07E+01
1643,112.531,26.6459,5.17E+00,6.29E+01,7.55E+01,4.68E+01
1644,118.782,26.6478,4.76E+00,6.07E+01,7.33E+01,4.65E+01
1645,106.279,26.6439,5.60E+00,6.52E+01,7.79E+01,4.70E+01
1646,112.541,6.66018,5.28E+00,6.49E+01,6.74E+01,5.77E+01
1647,112.539,13.3222,5.26E+00,6.42E+01,6.98E+01,5.40E+01
1648,118.791,6.66079,4.85E+00,6.31E+01,6.58E+01,5.68E+01
1649,118.789,13.3232,4.83E+00,6.22E+01,6.81E+01,5.33E+01
1650,106.291,6.65953,5.72E+00,6.70E+01,6.92E+01,5.86E+01
1651,106.288,13.3211,5.70E+00,6.63E+01,7.17E+01,5.46E+01
1652,118.754,-59.9624,4.40E+00,8.53E+01,4.88E+01,9.74E+01
1653,112.499,-59.9589,4.77E+00,8.90E+01,5.01E+01,1.02E+02
1654,106.243,-59.9553,5.13E+00,9.36E+01,5.15E+01,1.08E+02
1655,118.784,-26.6515,4.77E+00,7.01E+01,5.65E+01,7.55E+01
1656,112.533,-26.6501,5.19E+00,7.19E+01,5.80E+01,7.79E+01
1657,106.282,-26.6486,5.61E+00,7.40E+01,5.96E+01,8.06E+01
1658,118.79,-13.3266,4.83E+00,6.66E+01,5.99E+01,6.77E+01
1659,112.54,-13.326,5.27E+00,6.83E+01,6.14E+01,6.95E+01
1660,106.29,-13.3254,5.70E+00,7.02E+01,6.30E+01,7.14E+01
1661,112.542,-6.66397,5.28E+00,6.69E+01,6.33E+01,6.55E+01
1662,118.792,-6.66417,4.85E+00,6.52E+01,6.17E+01,6.40E+01
1663,106.292,-6.66379,5.73E+00,6.88E+01,6.49E+01,6.70E+01
1664,112.537,-19.9881,5.23E+00,6.99E+01,5.97E+01,7.36E+01
1665,118.788,-19.9891,4.80E+00,6.82E+01,5.82E+01,7.16E+01
1666,106.287,-19.9871,5.67E+00,7.19E+01,6.12E+01,7.59E+01
1667,118.774,-39.976,4.65E+00,7.49E+01,5.34E+01,8.37E+01
1668,112.522,-39.9736,5.06E+00,7.73E+01,5.48E+01,8.69E+01
1669,106.269,-39.9713,5.46E+00,8.00E+01,5.63E+01,9.07E+01
1670,112.528,-33.312,5.13E+00,7.43E+01,5.64E+01,8.23E+01
1671,118.78,-33.3138,4.71E+00,7.23E+01,5.49E+01,7.95E+01
1672,106.276,-33.31,5.55E+00,7.67E+01,5.79E+01,8.56E+01
1673,112.507,-53.2971,4.88E+00,8.46E+01,5.17E+01,9.69E+01
1674,112.515,-46.6353,4.97E+00,8.07E+01,5.33E+01,9.18E+01
1675,118.762,-53.3002,4.50E+00,8.14E+01,5.03E+01,9.26E+01
1676,118.768,-46.6381,4.58E+00,7.80E+01,5.18E+01,8.80E+01
1677,106.252,-53.2938,5.26E+00,8.85E+01,5.31E+01,1.02E+02
1678,106.261,-46.6325,5.37E+00,8.39E+01,5.47E+01,9.62E+01
1679,118.724,-93.1993,3.77E+00,1.06E+02,4.09E+01,1.21E+02
1680,112.459,-93.1763,4.05E+00,1.12E+02,4.18E+01,1.27E+02
1681,106.195,-93.1947,4.31E+00,1.17E+02,4.27E+01,1.33E+02
1682,118.738,-73.2873,4.18E+00,9.40E+01,4.56E+01,1.07E+02
1683,112.482,-73.2835,4.52E+00,9.89E+01,4.69E+01,1.13E+02
1684,106.225,-73.2798,4.84E+00,1.05E+02,4.80E+01,1.20E+02
1685,112.49,-66.6209,4.65E+00,9.38E+01,4.85E+01,1.08E+02
1686,118.746,-66.6246,4.30E+00,8.95E+01,4.72E+01,1.02E+02
1687,106.234,-66.6172,4.99E+00,9.91E+01,4.97E+01,1.14E+02
1688,112.466,-86.5808,4.21E+00,1.08E+02,4.35E+01,1.23E+02
1689,112.474,-79.9468,4.37E+00,1.04E+02,4.52E+01,1.19E+02
1690,118.726,-86.5943,3.92E+00,1.03E+02,4.24E+01,1.17E+02
1691,118.731,-79.9505,4.06E+00,9.85E+01,4.40E+01,1.12E+02
1692,106.206,-86.5882,4.50E+00,1.14E+02,4.44E+01,1.30E+02
1693,106.216,-79.9434,4.68E+00,1.10E+02,4.62E+01,1.26E+02
1694,118.698,-106.116,3.45E+00,1.10E+02,3.79E+01,1.25E+02
1695,112.45,-106.095,3.68E+00,1.14E+02,3.89E+01,1.29E+02
1696,106.204,-106.116,3.90E+00,1.17E+02,4.00E+01,1.32E+02
1697,112.454,-99.6724,3.87E+00,1.14E+02,4.03E+01,1.29E+02
1698,118.711,-99.6978,3.62E+00,1.09E+02,3.93E+01,1.24E+02
1699,106.198,-99.6952,4.11E+00,1.18E+02,4.13E+01,1.34E+02
1700,112.448,-118.703,3.28E+00,1.10E+02,3.67E+01,1.25E+02
1701,112.448,-112.418,3.49E+00,1.13E+02,3.77E+01,1.28E+02
1702,118.701,-118.701,3.09E+00,1.09E+02,3.56E+01,1.24E+02
1703,118.7,-112.428,3.28E+00,1.10E+02,3.67E+01,1.25E+02
1704,106.195,-118.706,3.46E+00,1.11E+02,3.80E+01,1.26E+02
1705,106.198,-112.43,3.68E+00,1.14E+02,3.89E+01,1.29E+02
1706,-106.198,124.962,3.21E+00,1.06E+02,3.74E+01,1.20E+02
1707,-112.448,124.958,3.05E+00,1.07E+02,3.61E+01,1.21E+02
1708,-118.7,124.956,2.89E+00,1.06E+02,3.49E+01,1.20E+02
1709,-124.954,124.954,2.72E+00,1.05E+02,3.36E+01,1.19E+02
1710,-124.955,118.701,2.90E+00,1.07E+02,3.49E+01,1.21E+02
1711,-124.958,112.448,3.06E+00,1.07E+02,3.61E+01,1.22E+02
1712,-124.962,106.197,3.22E+00,1.06E+02,3.73E+01,1.21E+02
1713,-124.967,99.9473,3.36E+00,1.05E+02,3.86E+01,1.19E+02
1714,-124.973,93.2819,3.50E+00,1.02E+02,4.01E+01,1.16E+02
1715,-124.98,86.6176,3.63E+00,9.82E+01,4.15E+01,1.12E+02
1716,-124.987,79.9539,3.75E+00,9.41E+01,4.30E+01,1.07E+02
1717,-124.995,73.2907,3.86E+00,8.98E+01,4.45E+01,1.03E+02
1718,-125.002,66.6279,3.96E+00,8.57E+01,4.60E+01,9.78E+01
1719,-125.009,59.9653,4.05E+00,8.18E+01,4.75E+01,9.32E+01
1720,-125.016,53.3028,4.13E+00,7.83E+01,4.90E+01,8.88E+01
1721,-125.022,46.6404,4.20E+00,7.52E+01,5.05E+01,8.46E+01
1722,-125.027,39.9778,4.27E+00,7.24E+01,5.20E+01,8.06E+01
1723,-125.032,33.3152,4.32E+00,7.00E+01,5.35E+01,7.67E+01
1724,-125.036,26.6526,4.36E+00,6.79E+01,5.51E+01,7.30E+01
1725,-125.039,19.9898,4.40E+00,6.61E+01,5.67E+01,6.94E+01
1726,-125.041,13.327,4.42E+00,6.46E+01,5.84E+01,6.59E+01
1727,-125.042,6.6641,4.43E+00,6.32E+01,6.02E+01,6.24E+01
1728,-125.043,0.00122511,4.44E+00,6.21E+01,6.21E+01,5.91E+01
1729,-125.042,-6.66164,4.43E+00,6.10E+01,6.41E+01,5.57E+01
1730,-125.04,-13.3244,4.41E+00,6.01E+01,6.63E+01,5.25E+01
1731,-125.038,-19.9872,4.39E+00,5.93E+01,6.87E+01,4.92E+01
1732,-125.034,-26.6498,4.35E+00,5.85E+01,7.13E+01,4.60E+01
1733,-125.03,-33.3123,4.30E+00,5.78E+01,7.42E+01,4.29E+01
1734,-125.024,-39.9748,4.25E+00,5.72E+01,7.73E+01,3.98E+01
1735,-125.018,-46.6371,4.18E+00,5.65E+01,8.08E+01,3.67E+01
1736,-125.012,-53.2993,4.11E+00,5.59E+01,8.46E+01,3.36E+01
1737,-125.005,-59.9616,4.02E+00,5.52E+01,8.88E+01,3.06E+01
1738,-124.997,-66.624,3.93E+00,5.45E+01,9.33E+01,2.75E+01
1739,-124.989,-73.2865,3.82E+00,5.38E+01,9.81E+01,2.46E+01
1740,-124.982,-79.9495,3.71E+00,5.30E+01,1.03E+02,2.17E+01
1741,-124.974,-86.613,3.58E+00,5.21E+01,1.08E+02,1.89E+01
1742,-124.967,-93.2771,3.45E+00,5.12E+01,1.12E+02,1.62E+01
1743,-124.961,-99.9424,3.30E+00,5.02E+01,1.15E+02,1.38E+01
1744,-124.956,-106.192,3.16E+00,4.92E+01,1.17E+02,1.18E+01
1745,-124.952,-112.443,3.00E+00,4.82E+01,1.18E+02,1.01E+01
1746,-124.95,-118.695,2.84E+00,4.72E+01,1.17E+02,8.90E+00
1747,-124.949,-124.949,2.66E+00,4.62E+01,1.15E+02,8.25E+00
1748,-118.695,-124.95,2.84E+00,4.73E+01,1.16E+02,8.92E+00
1749,-112.443,-124.952,3.00E+00,4.83E+01,1.16E+02,1.02E+01
1750,-106.192,-124.956,3.16E+00,4.93E+01,1.15E+02,1.19E+01
1751,-118.793,0.00139955,4.87E+00,6.37E+01,6.36E+01,6.01E+01
1752,-112.544,0.00159113,5.30E+00,6.55E+01,6.51E+01,6.12E+01
1753,-106.294,0.00179918,5.75E+00,6.74E+01,6.67E+01,6.23E+01
1754,-118.747,66.6241,4.31E+00,8.93E+01,4.73E+01,1.03E+02
1755,-112.491,66.6202,4.66E+00,9.38E+01,4.86E+01,1.08E+02
1756,-106.234,66.6164,5.01E+00,9.91E+01,4.98E+01,1.15E+02
1757,-118.71,99.7382,3.62E+00,1.09E+02,3.96E+01,1.24E+02
1758,-112.454,99.7364,3.87E+00,1.13E+02,4.05E+01,1.29E+02
1759,-106.198,99.7359,4.11E+00,1.17E+02,4.14E+01,1.34E+02
1760,-112.45,106.11,3.69E+00,1.14E+02,3.92E+01,1.29E+02
1761,-112.448,112.448,3.49E+00,1.12E+02,3.80E+01,1.27E+02
1762,-112.447,118.703,3.28E+00,1.10E+02,3.71E+01,1.24E+02
1763,-118.702,112.447,3.28E+00,1.10E+02,3.70E+01,1.25E+02
1764,-118.699,106.125,3.46E+00,1.10E+02,3.82E+01,1.25E+02
1765,-118.701,118.701,3.09E+00,1.08E+02,3.59E+01,1.23E+02
1766,-106.195,112.45,3.68E+00,1.13E+02,3.92E+01,1.29E+02
1767,-106.203,106.125,3.90E+00,1.16E+02,4.02E+01,1.32E+02
1768,-106.196,118.706,3.45E+00,1.10E+02,3.83E+01,1.24E+02
1769,-118.723,86.6136,3.93E+00,1.03E+02,4.26E+01,1.18E+02
1770,-112.466,86.6102,4.23E+00,1.08E+02,4.36E+01,1.24E+02
1771,-106.208,86.6074,4.51E+00,1.14E+02,4.45E+01,1.31E+02
1772,-112.459,93.1907,4.06E+00,1.12E+02,4.20E+01,1.27E+02
1773,-118.723,93.2076,3.78E+00,1.06E+02,4.11E+01,1.21E+02
1774,-106.195,93.2031,4.32E+00,1.17E+02,4.28E+01,1.33E+02
1775,-112.482,73.2827,4.53E+00,9.89E+01,4.70E+01,1.14E+02
1776,-112.473,79.9459,4.38E+00,1.04E+02,4.53E+01,1.19E+02
1777,-118.739,73.2867,4.20E+00,9.40E+01,4.58E+01,1.08E+02
1778,-118.731,79.9498,4.07E+00,9.86E+01,4.42E+01,1.13E+02
1779,-106.225,73.2789,4.86E+00,1.05E+02,4.81E+01,1.21E+02
1780,-106.216,79.9425,4.69E+00,1.10E+02,4.63E+01,1.26E+02
1781,-118.781,33.3134,4.73E+00,7.18E+01,5.50E+01,7.92E+01
1782,-112.529,33.3115,5.15E+00,7.38E+01,5.64E+01,8.19E+01
1783,-106.277,33.3095,5.56E+00,7.62E+01,5.79E+01,8.51E+01
1784,-118.762,53.2997,4.51E+00,8.10E+01,5.04E+01,9.24E+01
1785,-112.508,53.2964,4.89E+00,8.42E+01,5.18E+01,9.67E+01
1786,-106.253,53.2931,5.27E+00,8.82E+01,5.32E+01,1.02E+02
1787,-112.5,59.9582,4.78E+00,8.88E+01,5.02E+01,1.02E+02
1788,-118.755,59.9618,4.42E+00,8.50E+01,4.89E+01,9.73E+01
1789,-106.244,59.9545,5.15E+00,9.35E+01,5.15E+01,1.08E+02
1790,-112.523,39.9732,5.07E+00,7.68E+01,5.49E+01,8.66E+01
1791,-112.516,46.6348,4.99E+00,8.02E+01,5.33E+01,9.15E+01
1792,-118.776,39.9755,4.67E+00,7.44E+01,5.34E+01,8.34E+01
1793,-118.769,46.6376,4.60E+00,7.75E+01,5.19E+01,8.78E+01
1794,-106.27,39.9707,5.48E+00,7.95E+01,5.63E+01,9.03E+01
1795,-106.262,46.6319,5.38E+00,8.35E+01,5.48E+01,9.58E+01
1796,-118.789,19.9888,4.82E+00,6.77E+01,5.82E+01,7.12E+01
1797,-112.539,19.9877,5.25E+00,6.95E+01,5.96E+01,7.32E+01
1798,-106.288,19.9867,5.68E+00,7.14E+01,6.12E+01,7.54E+01
1799,-112.535,26.6496,5.20E+00,7.14E+01,5.80E+01,7.75E+01
1800,-118.786,26.6511,4.78E+00,6.96E+01,5.65E+01,7.51E+01
1801,-106.283,26.6481,5.63E+00,7.35E+01,5.95E+01,8.01E+01
1802,-112.543,6.66367,5.30E+00,6.66E+01,6.32E+01,6.51E+01
1803,-112.542,13.3257,5.28E+00,6.79E+01,6.13E+01,6.91E+01
1804,-118.793,6.66388,4.86E+00,6.49E+01,6.17E+01,6.37E+01
1805,-118.792,13.3264,4.85E+00,6.62E+01,5.99E+01,6.74E+01
1806,-106.293,6.66345,5.74E+00,6.84E+01,6.47E+01,6.65E+01
1807,-106.292,13.3251,5.72E+00,6.97E+01,6.29E+01,7.09E+01
1808,-118.75,-59.9575,4.38E+00,5.74E+01,9.26E+01,3.03E+01
1809,-112.494,-59.9532,4.74E+00,5.96E+01,9.71E+01,2.99E+01
1810,-106.237,-59.9488,5.10E+00,6.18E+01,1.03E+02,2.93E+01
1811,-118.783,-26.648,4.76E+00,6.05E+01,7.32E+01,4.64E+01
1812,-112.532,-26.646,5.18E+00,6.26E+01,7.53E+01,4.67E+01
1813,-106.28,-26.644,5.61E+00,6.49E+01,7.77E+01,4.68E+01
1814,-118.79,-13.3234,4.84E+00,6.20E+01,6.79E+01,5.32E+01
1815,-112.54,-13.3224,5.27E+00,6.39E+01,6.96E+01,5.38E+01
1816,-106.29,-13.3213,5.71E+00,6.60E+01,7.15E+01,5.43E+01
1817,-112.542,-6.66043,5.29E+00,6.46E+01,6.73E+01,5.75E+01
1818,-118.792,-6.66104,4.86E+00,6.28E+01,6.57E+01,5.66E+01
1819,-106.292,-6.6598,5.74E+00,6.66E+01,6.90E+01,5.82E+01
1820,-112.537,-19.9843,5.23E+00,6.32E+01,7.23E+01,5.02E+01
1821,-118.787,-19.9858,4.81E+00,6.12E+01,7.04E+01,4.98E+01
1822,-106.285,-19.9827,5.67E+00,6.54E+01,7.44E+01,5.05E+01
1823,-118.772,-39.972,4.64E+00,5.93E+01,7.98E+01,3.99E+01
1824,-112.519,-39.9691,5.04E+00,6.15E+01,8.26E+01,3.98E+01
1825,-106.265,-39.966,5.45E+00,6.39E+01,8.59E+01,3.96E+01
1826,-112.526,-33.3077,5.12E+00,6.21E+01,7.87E+01,4.32E+01
1827,-118.778,-33.3101,4.71E+00,5.99E+01,7.63E+01,4.31E+01
1828,-106.273,-33.3051,5.53E+00,6.44E+01,8.15E+01,4.31E+01
1829,-112.503,-53.2918,4.85E+00,6.03E+01,9.18E+01,3.32E+01
1830,-112.511,-46.6304,4.96E+00,6.09E+01,8.69E+01,3.65E+01
1831,-118.758,-53.2956,4.48E+00,5.80E+01,8.79E+01,3.35E+01
1832,-118.765,-46.6339,4.57E+00,5.87E+01,8.36E+01,3.67E+01
1833,-106.247,-53.2877,5.23E+00,6.26E+01,9.65E+01,3.26E+01
1834,-106.256,-46.6268,5.34E+00,6.33E+01,9.09E+01,3.61E+01
1835,-118.717,-93.1931,3.73E+00,5.27E+01,1.17E+02,1.58E+01
1836,-112.452,-93.1693,3.99E+00,5.42E+01,1.23E+02,1.52E+01
1837,-106.187,-93.1872,4.25E+00,5.55E+01,1.28E+02,1.47E+01
1838,-118.733,-73.2818,4.15E+00,5.58E+01,1.03E+02,2.42E+01
1839,-112.475,-73.2771,4.48E+00,5.78E+01,1.09E+02,2.36E+01
1840,-106.217,-73.2725,4.80E+00,5.97E+01,1.15E+02,2.28E+01
1841,-112.484,-66.6149,4.62E+00,5.87E+01,1.03E+02,2.67E+01
1842,-118.741,-66.6195,4.27E+00,5.66E+01,9.77E+01,2.72E+01
1843,-106.227,-66.6103,4.95E+00,6.08E+01,1.09E+02,2.60E+01
1844,-112.458,-86.574,4.17E+00,5.54E+01,1.19E+02,1.77E+01
1845,-112.466,-79.9401,4.33E+00,5.67E+01,1.14E+02,2.06E+01
1846,-118.719,-86.5883,3.88E+00,5.38E+01,1.13E+02,1.84E+01
1847,-118.724,-79.9447,4.02E+00,5.49E+01,1.08E+02,2.12E+01
1848,-106.198,-86.5806,4.45E+00,5.69E+01,1.26E+02,1.70E+01
1849,-106.208,-79.9359,4.63E+00,5.84E+01,1.21E+02,1.97E+01
1850,-118.69,-106.11,3.40E+00,5.05E+01,1.21E+02,1.15E+01
1851,-112.443,-106.088,3.62E+00,5.17E+01,1.25E+02,1.15E+01
1852,-106.198,-106.109,3.84E+00,5.29E+01,1.27E+02,1.19E+01
1853,-112.447,-99.6655,3.81E+00,5.29E+01,1.25E+02,1.31E+01
1854,-118.704,-99.6915,3.57E+00,5.16E+01,1.20E+02,1.34E+01
1855,-106.191,-99.6879,4.05E+00,5.42E+01,1.29E+02,1.29E+01
1856,-112.442,-118.697,3.22E+00,4.94E+01,1.20E+02,1.01E+01
1857,-112.442,-112.412,3.43E+00,5.05E+01,1.23E+02,1.05E+01
1858,-118.695,-118.695,3.03E+00,4.83E+01,1.19E+02,9.24E+00
1859,-118.693,-112.422,3.22E+00,4.94E+01,1.21E+02,1.01E+01
1860,-106.19,-118.7,3.39E+00,5.06E+01,1.20E+02,1.16E+01
1861,-106.192,-112.424,3.62E+00,5.17E+01,1.24E+02,1.15E+01
1862,124.954,-131.209,2.54E+00,1.04E+02,3.24E+01,1.17E+02
1863,124.955,-137.464,2.34E+00,1.02E+02,3.13E+01,1.15E+02
1864,124.957,-143.72,2.13E+00,9.94E+01,3.02E+01,1.12E+02
1865,124.96,-149.977,1.91E+00,9.71E+01,2.94E+01,1.10E+02
1866,118.71,-149.98,2.01E+00,9.60E+01,3.05E+01,1.09E+02
1867,112.46,-149.984,2.09E+00,9.47E+01,3.17E+01,1.07E+02
1868,106.211,-149.989,2.17E+00,9.33E+01,3.28E+01,1.05E+02
1869,99.9629,-149.993,2.24E+00,9.11E+01,3.37E+01,1.02E+02
1870,93.2983,-149.998,2.31E+00,8.83E+01,3.50E+01,9.90E+01
1871,86.6339,-150.003,2.37E+00,8.55E+01,3.63E+01,9.59E+01
1872,79.9698,-150.007,2.43E+00,8.23E+01,3.74E+01,9.20E+01
1873,73.3058,-150.011,2.48E+00,7.91E+01,3.89E+01,8.83E+01
1874,66.6418,-150.016,2.53E+00,7.65E+01,4.03E+01,8.53E+01
1875,59.9778,-150.02,2.58E+00,7.37E+01,4.16E+01,8.17E+01
1876,53.3139,-150.023,2.61E+00,7.10E+01,4.32E+01,7.83E+01
1877,46.6498,-150.026,2.65E+00,6.88E+01,4.46E+01,7.55E+01
1878,39.9857,-150.029,2.68E+00,6.64E+01,4.61E+01,7.22E+01
1879,33.3216,-150.032,2.70E+00,6.43E+01,4.77E+01,6.91E+01
1880,26.6574,-150.034,2.72E+00,6.26E+01,4.92E+01,6.63E+01
1881,19.9932,-150.035,2.74E+00,6.07E+01,5.09E+01,6.33E+01
1882,13.3289,-150.036,2.75E+00,5.90E+01,5.26E+01,6.04E+01
1883,6.66464,-150.037,2.76E+00,5.77E+01,5.42E+01,5.77E+01
1884,0.000352796,-150.037,2.76E+00,5.61E+01,5.61E+01,5.49E+01
1885,-6.66394,-150.037,2.76E+00,5.48E+01,5.79E+01,5.21E+01
1886,-13.3282,-150.036,2.75E+00,5.37E+01,5.97E+01,4.93E+01
1887,-19.9925,-150.035,2.74E+00,5.24E+01,6.21E+01,4.65E+01
1888,-26.6567,-150.033,2.72E+00,5.12E+01,6.45E+01,4.39E+01
1889,-33.3209,-150.031,2.70E+00,5.03E+01,6.68E+01,4.14E+01
1890,-39.985,-150.029,2.67E+00,4.95E+01,6.90E+01,3.86E+01
1891,-46.6491,-150.026,2.64E+00,4.85E+01,7.14E+01,3.56E+01
1892,-53.313,-150.022,2.60E+00,4.75E+01,7.45E+01,3.30E+01
1893,-59.977,-150.019,2.56E+00,4.69E+01,7.73E+01,3.04E+01
1894,-66.6408,-150.015,2.51E+00,4.61E+01,8.01E+01,2.74E+01
1895,-73.3046,-150.01,2.46E+00,4.53E+01,8.37E+01,2.49E+01
1896,-79.9686,-150.006,2.40E+00,4.49E+01,8.70E+01,2.23E+01
1897,-86.6326,-150,2.34E+00,4.41E+01,9.02E+01,1.93E+01
1898,-93.2966,-149.996,2.27E+00,4.35E+01,9.42E+01,1.69E+01
1899,-99.9611,-149.99,2.20E+00,4.31E+01,9.72E+01,1.47E+01
1900,-106.209,-149.986,2.12E+00,4.24E+01,9.98E+01,1.24E+01
1901,-112.458,-149.981,2.03E+00,4.18E+01,1.03E+02,1.08E+01
1902,-118.707,-149.977,1.94E+00,4.15E+01,1.04E+02,9.87E+00
1903,-124.957,-149.973,1.84E+00,4.08E+01,1.05E+02,9.53E+00
1904,-124.953,-143.716,2.06E+00,4.27E+01,1.08E+02,8.97E+00
1905,-124.95,-137.459,2.27E+00,4.40E+01,1.10E+02,8.47E+00
1906,-124.949,-131.204,2.47E+00,4.51E+01,1.13E+02,8.16E+00
1907,0.000328837,-143.789,3.17E+00,5.79E+01,5.74E+01,5.59E+01
1908,0.000321435,-137.54,3.59E+00,5.94E+01,5.88E+01,5.70E+01
1909,0.000310423,-131.291,4.01E+00,6.09E+01,6.03E+01,5.81E+01
1910,66.6383,-143.763,2.89E+00,7.85E+01,4.16E+01,8.78E+01
1911,66.6346,-137.51,3.25E+00,8.06E+01,4.29E+01,9.08E+01
1912,66.6309,-131.256,3.61E+00,8.32E+01,4.44E+01,9.43E+01
1913,99.7521,-143.737,2.54E+00,9.37E+01,3.49E+01,1.06E+02
1914,99.7478,-137.481,2.82E+00,9.67E+01,3.63E+01,1.10E+02
1915,99.7439,-131.224,3.10E+00,1.00E+02,3.74E+01,1.14E+02
1916,106.118,-137.475,2.72E+00,9.88E+01,3.50E+01,1.12E+02
1917,112.453,-137.471,2.60E+00,1.00E+02,3.39E+01,1.14E+02
1918,118.704,-137.467,2.48E+00,1.02E+02,3.26E+01,1.15E+02
1919,112.456,-143.728,2.35E+00,9.73E+01,3.28E+01,1.10E+02
1920,106.136,-143.725,2.45E+00,9.58E+01,3.39E+01,1.09E+02
1921,118.706,-143.724,2.25E+00,9.86E+01,3.14E+01,1.12E+02
1922,112.45,-131.214,2.84E+00,1.04E+02,3.48E+01,1.18E+02
1923,106.129,-131.226,2.97E+00,1.02E+02,3.61E+01,1.17E+02
1924,118.702,-131.211,2.69E+00,1.04E+02,3.36E+01,1.18E+02
1925,86.6296,-143.748,2.70E+00,8.80E+01,3.75E+01,9.91E+01
1926,86.6253,-137.492,3.02E+00,9.08E+01,3.88E+01,1.03E+02
1927,86.621,-131.236,3.33E+00,9.42E+01,4.01E+01,1.07E+02
1928,93.2045,-137.486,2.92E+00,9.40E+01,3.75E+01,1.06E+02
1929,93.2229,-143.749,2.62E+00,9.09E+01,3.63E+01,1.03E+02
1930,93.2144,-131.223,3.22E+00,9.75E+01,3.87E+01,1.11E+02
1931,73.298,-137.504,3.18E+00,8.40E+01,4.16E+01,9.48E+01
1932,79.9615,-137.498,3.10E+00,8.75E+01,4.02E+01,9.89E+01
1933,73.3019,-143.758,2.83E+00,8.15E+01,4.02E+01,9.13E+01
1934,79.9657,-143.753,2.77E+00,8.48E+01,3.87E+01,9.52E+01
1935,73.294,-131.249,3.52E+00,8.69E+01,4.29E+01,9.86E+01
1936,79.9573,-131.243,3.43E+00,9.06E+01,4.15E+01,1.03E+02
1937,33.3199,-143.782,3.10E+00,6.60E+01,4.90E+01,7.09E+01
1938,33.3181,-137.532,3.50E+00,6.75E+01,5.04E+01,7.28E+01
1939,33.3163,-131.282,3.91E+00,6.90E+01,5.17E+01,7.48E+01
1940,53.311,-143.772,2.99E+00,7.29E+01,4.45E+01,8.06E+01
1941,53.3081,-137.52,3.37E+00,7.47E+01,4.59E+01,8.32E+01
1942,53.3051,-131.268,3.75E+00,7.67E+01,4.72E+01,8.60E+01
1943,59.9714,-137.515,3.32E+00,7.76E+01,4.44E+01,8.69E+01
1944,59.9747,-143.768,2.95E+00,7.56E+01,4.29E+01,8.42E+01
1945,59.9679,-131.262,3.68E+00,7.98E+01,4.58E+01,9.00E+01
1946,39.9815,-137.529,3.47E+00,6.96E+01,4.88E+01,7.62E+01
1947,46.6448,-137.525,3.42E+00,7.20E+01,4.73E+01,7.96E+01
1948,39.9837,-143.779,3.07E+00,6.81E+01,4.74E+01,7.41E+01
1949,46.6474,-143.776,3.04E+00,7.04E+01,4.59E+01,7.74E+01
1950,39.9793,-131.278,3.86E+00,7.12E+01,5.02E+01,7.84E+01
1951,46.6422,-131.273,3.81E+00,7.38E+01,4.87E+01,8.21E+01
1952,19.9922,-143.786,3.15E+00,6.23E+01,5.21E+01,6.48E+01
1953,19.9911,-137.537,3.56E+00,6.37E+01,5.35E+01,6.63E+01
1954,19.99,-131.288,3.97E+00,6.52E+01,5.49E+01,6.79E+01
1955,26.6546,-137.535,3.54E+00,6.55E+01,5.19E+01,6.95E+01
1956,26.6561,-143.785,3.13E+00,6.41E+01,5.05E+01,6.78E+01
1957,26.6532,-131.285,3.94E+00,6.70E+01,5.33E+01,7.13E+01
1958,6.66394,-137.54,3.58E+00,6.07E+01,5.70E+01,6.00E+01
1959,13.3276,-137.539,3.58E+00,6.21E+01,5.52E+01,6.31E+01
1960,6.6643,-143.789,3.17E+00,5.92E+01,5.56E+01,5.88E+01
1961,13.3282,-143.788,3.16E+00,6.07E+01,5.38E+01,6.18E+01
1962,6.66359,-131.291,4.00E+00,6.22E+01,5.84E+01,6.13E+01
1963,13.3268,-131.29,3.99E+00,6.36E+01,5.66E+01,6.46E+01
1964,-59.9736,-143.767,2.93E+00,4.92E+01,7.95E+01,3.07E+01
1965,-59.9702,-137.514,3.29E+00,5.12E+01,8.19E+01,3.07E+01
1966,-59.9666,-131.26,3.66E+00,5.33E+01,8.47E+01,3.08E+01
1967,-26.6554,-143.784,3.12E+00,5.34E+01,6.60E+01,4.47E+01
1968,-26.654,-137.535,3.53E+00,5.51E+01,6.75E+01,4.52E+01
1969,-26.6525,-131.285,3.93E+00,5.69E+01,6.91E+01,4.57E+01
1970,-13.3276,-143.788,3.16E+00,5.55E+01,6.14E+01,5.02E+01
1971,-13.3269,-137.539,3.57E+00,5.71E+01,6.29E+01,5.10E+01
1972,-13.3262,-131.29,3.99E+00,5.87E+01,6.45E+01,5.18E+01
1973,-6.66328,-137.54,3.58E+00,5.82E+01,6.08E+01,5.40E+01
1974,-6.66361,-143.789,3.17E+00,5.66E+01,5.93E+01,5.31E+01
1975,-6.66295,-131.291,4.00E+00,5.98E+01,6.23E+01,5.49E+01
1976,-19.9905,-137.537,3.55E+00,5.60E+01,6.52E+01,4.80E+01
1977,-19.9915,-143.786,3.14E+00,5.44E+01,6.36E+01,4.74E+01
1978,-19.9894,-131.288,3.96E+00,5.78E+01,6.67E+01,4.87E+01
1979,-39.9828,-143.779,3.06E+00,5.17E+01,7.07E+01,3.92E+01
1980,-39.9806,-137.528,3.45E+00,5.36E+01,7.26E+01,3.95E+01
1981,-39.9783,-131.277,3.85E+00,5.54E+01,7.46E+01,3.97E+01
1982,-33.3174,-137.532,3.49E+00,5.43E+01,6.99E+01,4.24E+01
1983,-33.3192,-143.782,3.09E+00,5.26E+01,6.83E+01,4.20E+01
1984,-33.3155,-131.281,3.89E+00,5.61E+01,7.17E+01,4.27E+01
1985,-53.3071,-137.519,3.35E+00,5.19E+01,7.86E+01,3.36E+01
1986,-46.6438,-137.524,3.41E+00,5.28E+01,7.55E+01,3.66E+01
1987,-53.3101,-143.771,2.98E+00,4.98E+01,7.65E+01,3.34E+01
1988,-46.6466,-143.775,3.02E+00,5.07E+01,7.35E+01,3.62E+01
1989,-53.3038,-131.266,3.73E+00,5.40E+01,8.10E+01,3.38E+01
1990,-46.6411,-131.272,3.79E+00,5.48E+01,7.77E+01,3.68E+01
1991,-93.212,-143.748,2.58E+00,4.59E+01,9.74E+01,1.71E+01
1992,-93.1868,-137.483,2.88E+00,4.78E+01,1.01E+02,1.70E+01
1993,-93.2024,-131.218,3.17E+00,4.97E+01,1.05E+02,1.68E+01
1994,-73.3007,-143.756,2.81E+00,4.77E+01,8.64E+01,2.51E+01
1995,-73.2964,-137.502,3.15E+00,4.98E+01,8.93E+01,2.50E+01
1996,-73.292,-131.246,3.49E+00,5.19E+01,9.27E+01,2.50E+01
1997,-66.6332,-137.508,3.22E+00,5.05E+01,8.56E+01,2.79E+01
1998,-66.6371,-143.762,2.87E+00,4.84E+01,8.28E+01,2.78E+01
1999,-66.6292,-131.253,3.58E+00,5.26E+01,8.86E+01,2.78E+01
2000,-86.593,-137.489,2.97E+00,4.86E+01,9.72E+01,1.96E+01
2001,-79.9597,-137.496,3.07E+00,4.92E+01,9.32E+01,2.23E+01
2002,-86.6078,-143.748,2.66E+00,4.65E+01,9.37E+01,1.96E+01
2003,-79.9641,-143.751,2.74E+00,4.72E+01,8.99E+01,2.24E+01
2004,-86.5984,-131.229,3.28E+00,5.04E+01,1.01E+02,1.94E+01
2005,-79.9551,-131.239,3.39E+00,5.12E+01,9.70E+01,2.21E+01
2006,-106.124,-143.72,2.39E+00,4.47E+01,1.03E+02,1.26E+01
2007,-106.1,-137.471,2.66E+00,4.65E+01,1.07E+02,1.25E+01
2008,-106.116,-131.223,2.91E+00,4.80E+01,1.11E+02,1.22E+01
2009,-99.6805,-137.477,2.77E+00,4.71E+01,1.04E+02,1.46E+01
2010,-99.7087,-143.734,2.49E+00,4.54E+01,1.01E+02,1.49E+01
2011,-99.6995,-131.219,3.04E+00,4.88E+01,1.09E+02,1.44E+01
2012,-118.699,-137.462,2.41E+00,4.47E+01,1.10E+02,9.28E+00
2013,-112.419,-137.466,2.54E+00,4.56E+01,1.09E+02,1.07E+01
2014,-118.703,-143.72,2.18E+00,4.33E+01,1.07E+02,9.63E+00
2015,-112.433,-143.721,2.29E+00,4.39E+01,1.06E+02,1.08E+01
2016,-118.697,-131.206,2.63E+00,4.61E+01,1.13E+02,9.00E+00
2017,-112.426,-131.212,2.78E+00,4.71E+01,1.13E+02,1.04E+01
2018,124.949,131.203,2.48E+00,4.39E+01,1.13E+02,8.32E+00
2019,124.951,137.458,2.28E+00,4.17E+01,1.10E+02,8.56E+00
2020,124.954,143.714,2.08E+00,3.85E+01,1.07E+02,9.53E+00
2021,124.958,149.971,1.87E+00,7.07E+01,6.80E+01,5.95E+01
2022,118.708,149.974,1.97E+00,7.07E+01,6.82E+01,5.92E+01
2023,112.458,149.979,2.07E+00,7.05E+01,6.78E+01,5.89E+01
2024,106.21,149.984,2.15E+00,7.07E+01,6.71E+01,5.92E+01
2025,99.961,149.989,2.23E+00,7.07E+01,6.63E+01,5.95E+01
2026,93.2959,149.994,2.30E+00,6.89E+01,6.58E+01,5.86E+01
2027,86.6315,149.999,2.37E+00,6.68E+01,6.49E+01,5.74E+01
2028,79.9673,150.004,2.43E+00,6.55E+01,6.37E+01,5.71E+01
2029,73.3033,150.009,2.49E+00,6.41E+01,6.26E+01,5.66E+01
2030,66.6394,150.013,2.54E+00,6.28E+01,6.15E+01,5.62E+01
2031,59.9755,150.017,2.58E+00,6.17E+01,6.05E+01,5.59E+01
2032,53.3117,150.021,2.62E+00,6.07E+01,5.97E+01,5.57E+01
2033,46.6478,150.025,2.65E+00,5.99E+01,5.89E+01,5.56E+01
2034,39.9838,150.028,2.68E+00,5.91E+01,5.83E+01,5.55E+01
2035,33.3198,150.03,2.71E+00,5.84E+01,5.78E+01,5.54E+01
2036,26.6557,150.033,2.73E+00,5.78E+01,5.73E+01,5.53E+01
2037,19.9915,150.034,2.74E+00,5.73E+01,5.70E+01,5.53E+01
2038,13.3273,150.036,2.75E+00,5.69E+01,5.67E+01,5.53E+01
2039,6.66303,150.036,2.76E+00,5.65E+01,5.64E+01,5.53E+01
2040,-0.00124375,150.037,2.76E+00,5.63E+01,5.63E+01,5.54E+01
2041,-6.66553,150.037,2.75E+00,5.62E+01,5.62E+01,5.55E+01
2042,-13.3298,150.036,2.74E+00,5.62E+01,5.62E+01,5.56E+01
2043,-19.9941,150.035,2.73E+00,5.63E+01,5.63E+01,5.57E+01
2044,-26.6583,150.034,2.71E+00,5.65E+01,5.65E+01,5.59E+01
2045,-33.3224,150.032,2.69E+00,5.67E+01,5.67E+01,5.60E+01
2046,-39.9866,150.029,2.66E+00,5.71E+01,5.70E+01,5.62E+01
2047,-46.6507,150.027,2.63E+00,5.76E+01,5.73E+01,5.65E+01
2048,-53.3146,150.024,2.59E+00,5.82E+01,5.78E+01,5.68E+01
2049,-59.9787,150.02,2.55E+00,5.90E+01,5.83E+01,5.71E+01
2050,-66.6427,150.016,2.50E+00,5.99E+01,5.90E+01,5.75E+01
2051,-73.3067,150.012,2.45E+00,6.10E+01,5.97E+01,5.80E+01
2052,-79.9708,150.008,2.39E+00,6.22E+01,6.06E+01,5.85E+01
2053,-86.6351,150.004,2.33E+00,6.32E+01,6.18E+01,5.88E+01
2054,-93.2995,149.999,2.26E+00,6.42E+01,6.27E+01,5.91E+01
2055,-99.9643,149.994,2.19E+00,6.53E+01,6.34E+01,5.93E+01
2056,-106.213,149.99,2.12E+00,6.63E+01,6.37E+01,5.95E+01
2057,-112.461,149.985,2.04E+00,6.72E+01,6.40E+01,5.96E+01
2058,-118.71,149.982,1.95E+00,6.78E+01,6.44E+01,5.94E+01
2059,-124.96,149.978,1.86E+00,6.79E+01,6.44E+01,5.88E+01
2060,-124.957,143.721,2.10E+00,1.02E+02,3.07E+01,1.09E+02
2061,-124.955,137.464,2.32E+00,1.02E+02,3.13E+01,1.13E+02
2062,-124.954,131.209,2.53E+00,1.03E+02,3.24E+01,1.17E+02
2063,-0.00149897,143.789,3.17E+00,5.74E+01,5.83E+01,5.55E+01
2064,-0.00178123,137.54,3.58E+00,5.88E+01,5.97E+01,5.67E+01
2065,-0.00208888,131.291,4.00E+00,6.03E+01,6.11E+01,5.79E+01
2066,66.6355,143.76,2.89E+00,4.71E+01,8.34E+01,2.88E+01
2067,66.6315,137.506,3.24E+00,4.99E+01,8.65E+01,2.80E+01
2068,66.6273,131.252,3.59E+00,5.23E+01,9.00E+01,2.77E+01
2069,99.7492,143.733,2.51E+00,4.39E+01,1.02E+02,1.71E+01
2070,99.7442,137.476,2.78E+00,4.67E+01,1.06E+02,1.56E+01
2071,99.7396,131.218,3.06E+00,4.85E+01,1.10E+02,1.48E+01
2072,106.114,137.47,2.67E+00,4.59E+01,1.08E+02,1.35E+01
2073,112.449,137.465,2.55E+00,4.46E+01,1.10E+02,1.14E+01
2074,118.699,137.461,2.42E+00,4.31E+01,1.11E+02,9.66E+00
2075,112.453,143.722,2.31E+00,4.09E+01,1.06E+02,1.22E+01
2076,106.133,143.72,2.41E+00,4.26E+01,1.04E+02,1.46E+01
2077,118.703,143.718,2.20E+00,3.96E+01,1.07E+02,1.06E+01
2078,112.445,131.208,2.78E+00,4.67E+01,1.14E+02,1.09E+01
2079,106.124,131.22,2.92E+00,4.77E+01,1.12E+02,1.28E+01
2080,118.697,131.205,2.64E+00,4.54E+01,1.14E+02,9.35E+00
2081,86.6268,143.744,2.68E+00,4.48E+01,9.50E+01,2.11E+01
2082,86.622,137.488,2.99E+00,4.79E+01,9.93E+01,1.99E+01
2083,86.6171,131.231,3.29E+00,5.01E+01,1.03E+02,1.94E+01
2084,93.2011,137.482,2.89E+00,4.72E+01,1.03E+02,1.76E+01
2085,93.2202,143.745,2.60E+00,4.44E+01,9.91E+01,1.90E+01
2086,93.2103,131.218,3.18E+00,4.93E+01,1.07E+02,1.70E+01
2087,73.2947,137.5,3.16E+00,4.92E+01,9.05E+01,2.52E+01
2088,79.9582,137.494,3.08E+00,4.85E+01,9.49E+01,2.25E+01
2089,73.2991,143.755,2.83E+00,4.63E+01,8.69E+01,2.61E+01
2090,79.9628,143.749,2.76E+00,4.56E+01,9.08E+01,2.36E+01
2091,73.2903,131.245,3.50E+00,5.16E+01,9.45E+01,2.48E+01
2092,79.9536,131.238,3.40E+00,5.08E+01,9.91E+01,2.20E+01
2093,33.3177,143.781,3.10E+00,5.14E+01,6.89E+01,4.21E+01
2094,33.3156,137.531,3.50E+00,5.37E+01,7.07E+01,4.22E+01
2095,33.3133,131.28,3.90E+00,5.57E+01,7.25E+01,4.26E+01
2096,53.3084,143.77,2.99E+00,4.87E+01,7.69E+01,3.41E+01
2097,53.3051,137.517,3.36E+00,5.13E+01,7.94E+01,3.37E+01
2098,53.3017,131.264,3.74E+00,5.36E+01,8.20E+01,3.36E+01
2099,59.9683,137.512,3.30E+00,5.06E+01,8.28E+01,3.08E+01
2100,59.9719,143.765,2.94E+00,4.79E+01,8.00E+01,3.14E+01
2101,59.9645,131.258,3.67E+00,5.29E+01,8.58E+01,3.07E+01
2102,39.9788,137.527,3.46E+00,5.28E+01,7.33E+01,3.94E+01
2103,46.642,137.522,3.42E+00,5.21E+01,7.62E+01,3.65E+01
2104,39.9814,143.778,3.07E+00,5.05E+01,7.14E+01,3.94E+01
2105,46.6449,143.774,3.03E+00,4.96E+01,7.40E+01,3.68E+01
2106,39.9762,131.275,3.85E+00,5.50E+01,7.54E+01,3.96E+01
2107,46.639,131.27,3.80E+00,5.43E+01,7.85E+01,3.66E+01
2108,19.9902,143.786,3.15E+00,5.36E+01,6.43E+01,4.74E+01
2109,19.9888,137.536,3.55E+00,5.55E+01,6.59E+01,4.79E+01
2110,19.9874,131.287,3.97E+00,5.73E+01,6.75E+01,4.86E+01
2111,26.6522,137.534,3.53E+00,5.45E+01,6.82E+01,4.51E+01
2112,26.654,143.783,3.13E+00,5.25E+01,6.65E+01,4.48E+01
2113,26.6504,131.284,3.94E+00,5.65E+01,6.99E+01,4.56E+01
2114,6.6618,137.539,3.58E+00,5.76E+01,6.17E+01,5.38E+01
2115,13.3253,137.538,3.57E+00,5.65E+01,6.37E+01,5.08E+01
2116,6.66244,143.788,3.17E+00,5.60E+01,6.02E+01,5.28E+01
2117,13.3263,143.787,3.16E+00,5.48E+01,6.22E+01,5.01E+01
2118,6.66112,131.29,4.00E+00,5.92E+01,6.31E+01,5.48E+01
2119,13.3243,131.289,3.99E+00,5.82E+01,6.52E+01,5.17E+01
2120,-59.9759,143.768,2.92E+00,7.58E+01,4.39E+01,8.18E+01
2121,-59.9729,137.516,3.30E+00,7.71E+01,4.50E+01,8.54E+01
2122,-59.9699,131.263,3.67E+00,7.92E+01,4.63E+01,8.90E+01
2123,-26.6572,143.785,3.12E+00,6.39E+01,5.14E+01,6.66E+01
2124,-26.6561,137.535,3.53E+00,6.49E+01,5.27E+01,6.87E+01
2125,-26.6549,131.286,3.94E+00,6.62E+01,5.40E+01,7.08E+01
2126,-13.3294,143.788,3.15E+00,6.04E+01,5.47E+01,6.10E+01
2127,-13.3289,137.539,3.57E+00,6.16E+01,5.61E+01,6.26E+01
2128,-13.3285,131.29,3.99E+00,6.29E+01,5.74E+01,6.42E+01
2129,-6.66535,137.54,3.58E+00,6.02E+01,5.78E+01,5.97E+01
2130,-6.66543,143.788,3.16E+00,5.88E+01,5.64E+01,5.83E+01
2131,-6.6653,131.291,4.00E+00,6.15E+01,5.92E+01,6.10E+01
2132,-19.9925,137.538,3.55E+00,6.32E+01,5.43E+01,6.57E+01
2133,-19.9933,143.787,3.14E+00,6.21E+01,5.30E+01,6.38E+01
2134,-19.9917,131.288,3.97E+00,6.45E+01,5.57E+01,6.75E+01
2135,-39.9848,143.78,3.06E+00,6.80E+01,4.83E+01,7.24E+01
2136,-39.9829,137.529,3.45E+00,6.90E+01,4.95E+01,7.50E+01
2137,-39.981,131.279,3.85E+00,7.04E+01,5.09E+01,7.76E+01
2138,-33.3196,137.533,3.49E+00,6.69E+01,5.11E+01,7.18E+01
2139,-33.3211,143.782,3.09E+00,6.59E+01,4.98E+01,6.95E+01
2140,-33.318,131.282,3.90E+00,6.82E+01,5.24E+01,7.41E+01
2141,-53.3097,137.521,3.36E+00,7.41E+01,4.65E+01,8.18E+01
2142,-46.6462,137.525,3.41E+00,7.14E+01,4.80E+01,7.83E+01
2143,-53.3122,143.773,2.97E+00,7.30E+01,4.53E+01,7.85E+01
2144,-46.6485,143.776,3.02E+00,7.04E+01,4.68E+01,7.54E+01
2145,-53.3069,131.269,3.74E+00,7.59E+01,4.78E+01,8.50E+01
2146,-46.644,131.274,3.80E+00,7.30E+01,4.93E+01,8.12E+01
2147,-93.2155,143.752,2.59E+00,9.30E+01,3.73E+01,1.00E+02
2148,-93.1908,137.488,2.90E+00,9.46E+01,3.82E+01,1.05E+02
2149,-93.2069,131.223,3.20E+00,9.75E+01,3.92E+01,1.10E+02
2150,-73.3033,143.759,2.81E+00,8.23E+01,4.11E+01,8.89E+01
2151,-73.2997,137.505,3.16E+00,8.41E+01,4.21E+01,9.33E+01
2152,-73.2959,131.251,3.50E+00,8.66E+01,4.34E+01,9.76E+01
2153,-66.6362,137.511,3.23E+00,8.05E+01,4.36E+01,8.93E+01
2154,-66.6395,143.764,2.87E+00,7.89E+01,4.25E+01,8.52E+01
2155,-66.6328,131.257,3.59E+00,8.28E+01,4.48E+01,9.32E+01
2156,-86.5968,137.494,2.99E+00,9.14E+01,3.94E+01,1.01E+02
2157,-79.9633,137.5,3.08E+00,8.78E+01,4.07E+01,9.74E+01
2158,-86.6111,143.752,2.67E+00,8.96E+01,3.86E+01,9.65E+01
2159,-79.9672,143.754,2.74E+00,8.60E+01,3.98E+01,9.28E+01
2160,-86.6027,131.235,3.31E+00,9.41E+01,4.05E+01,1.06E+02
2161,-79.9592,131.244,3.41E+00,9.04E+01,4.19E+01,1.02E+02
2162,-106.128,143.725,2.41E+00,9.85E+01,3.43E+01,1.05E+02
2163,-106.104,137.476,2.69E+00,9.99E+01,3.54E+01,1.10E+02
2164,-106.121,131.228,2.95E+00,1.03E+02,3.65E+01,1.15E+02
2165,-99.6846,137.482,2.80E+00,9.75E+01,3.69E+01,1.08E+02
2166,-99.7125,143.738,2.50E+00,9.59E+01,3.59E+01,1.03E+02
2167,-99.7041,131.225,3.08E+00,1.00E+02,3.79E+01,1.13E+02
2168,-118.704,137.468,2.45E+00,1.02E+02,3.24E+01,1.13E+02
2169,-112.423,137.472,2.58E+00,1.02E+02,3.39E+01,1.12E+02
2170,-118.707,143.724,2.21E+00,1.02E+02,3.16E+01,1.09E+02
2171,-112.437,143.725,2.32E+00,1.01E+02,3.28E+01,1.07E+02
2172,-118.702,131.211,2.68E+00,1.04E+02,3.37E+01,1.17E+02
2173,-112.43,131.218,2.82E+00,1.04E+02,3.51E+01,1.17E+02
2174,-131.21,149.975,1.76E+00,6.74E+01,6.42E+01,5.79E+01
2175,-137.461,149.973,1.65E+00,6.64E+01,6.35E+01,5.68E+01
2176,-143.713,149.971,1.53E+00,6.49E+01,6.19E+01,5.74E+01
2177,-149.967,149.971,1.41E+00,7.88E+01,4.60E+01,8.21E+01
2178,-149.97,143.716,1.56E+00,9.56E+01,2.98E+01,1.08E+02
2179,-149.971,137.463,1.69E+00,9.68E+01,2.86E+01,1.10E+02
2180,-149.974,131.211,1.80E+00,9.74E+01,2.87E+01,1.10E+02
2181,-149.977,124.96,1.90E+00,9.76E+01,2.93E+01,1.10E+02
2182,-149.981,118.71,1.99E+00,9.69E+01,3.00E+01,1.09E+02
2183,-149.985,112.461,2.08E+00,9.56E+01,3.08E+01,1.07E+02
2184,-149.989,106.212,2.16E+00,9.40E+01,3.19E+01,1.05E+02
2185,-149.994,99.9634,2.23E+00,9.16E+01,3.33E+01,1.02E+02
2186,-149.998,93.2986,2.30E+00,8.80E+01,3.49E+01,9.85E+01
2187,-150.003,86.6344,2.37E+00,8.47E+01,3.64E+01,9.49E+01
2188,-150.008,79.9703,2.43E+00,8.17E+01,3.78E+01,9.15E+01
2189,-150.012,73.3062,2.48E+00,7.87E+01,3.92E+01,8.81E+01
2190,-150.016,66.6423,2.53E+00,7.58E+01,4.06E+01,8.46E+01
2191,-150.02,59.9783,2.57E+00,7.30E+01,4.20E+01,8.12E+01
2192,-150.024,53.3143,2.61E+00,7.04E+01,4.34E+01,7.80E+01
2193,-150.027,46.6502,2.65E+00,6.81E+01,4.49E+01,7.49E+01
2194,-150.03,39.9861,2.68E+00,6.59E+01,4.64E+01,7.19E+01
2195,-150.032,33.322,2.70E+00,6.39E+01,4.80E+01,6.89E+01
2196,-150.034,26.6578,2.72E+00,6.20E+01,4.96E+01,6.60E+01
2197,-150.036,19.9935,2.74E+00,6.03E+01,5.12E+01,6.31E+01
2198,-150.037,13.3293,2.75E+00,5.87E+01,5.29E+01,6.03E+01
2199,-150.037,6.66496,2.76E+00,5.72E+01,5.47E+01,5.75E+01
2200,-150.037,0.000660283,2.76E+00,5.59E+01,5.65E+01,5.48E+01
2201,-150.037,-6.66364,2.76E+00,5.46E+01,5.84E+01,5.20E+01
2202,-150.036,-13.3279,2.75E+00,5.34E+01,6.04E+01,4.93E+01
2203,-150.035,-19.9922,2.74E+00,5.23E+01,6.25E+01,4.66E+01
2204,-150.033,-26.6564,2.72E+00,5.13E+01,6.48E+01,4.39E+01
2205,-150.031,-33.3205,2.70E+00,5.03E+01,6.71E+01,4.12E+01
2206,-150.028,-39.9846,2.67E+00,4.94E+01,6.96E+01,3.85E+01
2207,-150.025,-46.6486,2.64E+00,4.85E+01,7.22E+01,3.58E+01
2208,-150.022,-53.3125,2.60E+00,4.77E+01,7.50E+01,3.31E+01
2209,-150.018,-59.9764,2.56E+00,4.69E+01,7.80E+01,3.04E+01
2210,-150.014,-66.6403,2.51E+00,4.62E+01,8.12E+01,2.77E+01
2211,-150.009,-73.3041,2.46E+00,4.55E+01,8.46E+01,2.50E+01
2212,-150.005,-79.9681,2.40E+00,4.49E+01,8.80E+01,2.23E+01
2213,-150,-86.6321,2.34E+00,4.43E+01,9.16E+01,1.96E+01
2214,-149.995,-93.2963,2.27E+00,4.36E+01,9.55E+01,1.70E+01
2215,-149.989,-99.961,2.19E+00,4.30E+01,9.89E+01,1.46E+01
2216,-149.985,-106.209,2.12E+00,4.24E+01,1.02E+02,1.25E+01
2217,-149.98,-112.458,2.03E+00,4.20E+01,1.04E+02,1.09E+01
2218,-149.976,-118.707,1.94E+00,4.16E+01,1.06E+02,9.81E+00
2219,-149.972,-124.957,1.84E+00,4.13E+01,1.07E+02,9.26E+00
2220,-149.969,-131.208,1.73E+00,4.11E+01,1.07E+02,9.39E+00
2221,-149.967,-137.46,1.61E+00,4.06E+01,1.06E+02,1.03E+01
2222,-149.966,-143.712,1.49E+00,4.04E+01,1.05E+02,1.10E+01
2223,-149.965,-149.966,1.35E+00,3.96E+01,1.03E+02,1.23E+01
2224,-143.711,-149.966,1.49E+00,3.91E+01,1.03E+02,1.26E+01
2225,-137.459,-149.968,1.62E+00,3.98E+01,1.04E+02,1.07E+01
2226,-131.207,-149.97,1.73E+00,4.03E+01,1.06E+02,9.76E+00
2227,-143.789,0.000782998,3.17E+00,5.74E+01,5.79E+01,5.58E+01
2228,-137.541,0.00091706,3.59E+00,5.89E+01,5.93E+01,5.69E+01
2229,-131.292,0.0010637,4.01E+00,6.05E+01,6.07E+01,5.80E+01
2230,-143.754,79.9662,2.77E+00,8.41E+01,3.92E+01,9.46E+01
2231,-137.499,79.9621,3.10E+00,8.69E+01,4.05E+01,9.84E+01
2232,-131.243,79.958,3.43E+00,9.03E+01,4.18E+01,1.03E+02
2233,-143.724,118.706,2.24E+00,9.91E+01,3.11E+01,1.12E+02
2234,-137.467,118.703,2.47E+00,1.02E+02,3.24E+01,1.15E+02
2235,-131.211,118.701,2.69E+00,1.04E+02,3.37E+01,1.18E+02
2236,-143.716,137.462,1.86E+00,9.76E+01,2.92E+01,1.11E+02
2237,-137.461,137.461,2.03E+00,9.89E+01,2.98E+01,1.12E+02
2238,-131.207,137.462,2.18E+00,1.01E+02,3.04E+01,1.12E+02
2239,-137.461,143.716,1.85E+00,9.89E+01,2.96E+01,1.08E+02
2240,-143.714,143.716,1.71E+00,9.64E+01,2.94E+01,1.08E+02
2241,-131.208,143.718,1.98E+00,1.01E+02,3.00E+01,1.08E+02
2242,-137.464,124.955,2.34E+00,1.01E+02,3.12E+01,1.15E+02
2243,-137.462,131.208,2.19E+00,1.00E+02,3.04E+01,1.14E+02
2244,-143.72,124.957,2.13E+00,9.94E+01,3.02E+01,1.13E+02
2245,-143.718,131.209,2.00E+00,9.88E+01,2.96E+01,1.13E+02
2246,-131.208,124.954,2.53E+00,1.03E+02,3.24E+01,1.18E+02
2247,-131.207,131.207,2.36E+00,1.02E+02,3.13E+01,1.16E+02
2248,-143.738,99.7527,2.53E+00,9.43E+01,3.54E+01,1.06E+02
2249,-137.481,99.7484,2.82E+00,9.71E+01,3.65E+01,1.10E+02
2250,-131.224,99.7444,3.10E+00,1.01E+02,3.76E+01,1.14E+02
2251,-137.476,106.118,2.71E+00,9.92E+01,3.53E+01,1.12E+02
2252,-137.471,112.453,2.59E+00,1.01E+02,3.39E+01,1.14E+02
2253,-143.726,106.137,2.44E+00,9.65E+01,3.40E+01,1.09E+02
2254,-143.728,112.457,2.34E+00,9.81E+01,3.24E+01,1.11E+02
2255,-131.226,106.129,2.97E+00,1.03E+02,3.64E+01,1.17E+02
2256,-131.214,112.45,2.83E+00,1.04E+02,3.51E+01,1.18E+02
2257,-137.493,86.6259,3.01E+00,9.07E+01,3.91E+01,1.03E+02
2258,-137.487,93.2051,2.92E+00,9.43E+01,3.78E+01,1.07E+02
2259,-143.748,86.6302,2.69E+00,8.75E+01,3.78E+01,9.85E+01
2260,-143.75,93.2236,2.61E+00,9.12E+01,3.65E+01,1.03E+02
2261,-131.237,86.6217,3.33E+00,9.42E+01,4.04E+01,1.07E+02
2262,-131.223,93.215,3.22E+00,9.77E+01,3.90E+01,1.11E+02
2263,-143.78,39.9842,3.07E+00,6.75E+01,4.78E+01,7.38E+01
2264,-137.53,39.9821,3.47E+00,6.90E+01,4.92E+01,7.58E+01
2265,-131.279,39.98,3.87E+00,7.06E+01,5.06E+01,7.81E+01
2266,-143.768,59.9752,2.95E+00,7.49E+01,4.34E+01,8.38E+01
2267,-137.516,59.972,3.32E+00,7.69E+01,4.48E+01,8.65E+01
2268,-131.263,59.9687,3.68E+00,7.92E+01,4.61E+01,8.96E+01
2269,-137.511,66.6353,3.25E+00,8.00E+01,4.33E+01,9.03E+01
2270,-137.505,73.2986,3.18E+00,8.34E+01,4.19E+01,9.43E+01
2271,-143.764,66.6388,2.89E+00,7.79E+01,4.20E+01,8.74E+01
2272,-143.759,73.3025,2.83E+00,8.09E+01,4.06E+01,9.10E+01
2273,-131.257,66.6316,3.61E+00,8.26E+01,4.47E+01,9.38E+01
2274,-131.25,73.2947,3.52E+00,8.63E+01,4.32E+01,9.81E+01
2275,-137.526,46.6455,3.42E+00,7.14E+01,4.77E+01,7.93E+01
2276,-137.521,53.3088,3.37E+00,7.40E+01,4.62E+01,8.28E+01
2277,-143.777,46.6479,3.04E+00,6.97E+01,4.63E+01,7.70E+01
2278,-143.773,53.3116,2.99E+00,7.22E+01,4.48E+01,8.03E+01
2279,-131.274,46.643,3.81E+00,7.32E+01,4.91E+01,8.18E+01
2280,-131.269,53.3058,3.75E+00,7.60E+01,4.76E+01,8.56E+01
2281,-143.787,19.9927,3.15E+00,6.18E+01,5.26E+01,6.46E+01
2282,-137.538,19.9917,3.56E+00,6.32E+01,5.40E+01,6.61E+01
2283,-131.289,19.9908,3.98E+00,6.46E+01,5.53E+01,6.77E+01
2284,-137.536,26.6553,3.54E+00,6.49E+01,5.23E+01,6.93E+01
2285,-137.533,33.3187,3.51E+00,6.68E+01,5.07E+01,7.25E+01
2286,-143.785,26.6566,3.13E+00,6.35E+01,5.10E+01,6.76E+01
2287,-143.783,33.3204,3.10E+00,6.54E+01,4.94E+01,7.07E+01
2288,-131.286,26.6539,3.95E+00,6.64E+01,5.37E+01,7.11E+01
2289,-131.283,33.317,3.91E+00,6.84E+01,5.21E+01,7.45E+01
2290,-137.54,6.66454,3.59E+00,6.02E+01,5.74E+01,5.99E+01
2291,-137.54,13.3282,3.58E+00,6.16E+01,5.57E+01,6.30E+01
2292,-143.789,6.66475,3.17E+00,5.88E+01,5.61E+01,5.87E+01
2293,-143.788,13.3287,3.16E+00,6.02E+01,5.43E+01,6.16E+01
2294,-131.292,6.66432,4.01E+00,6.17E+01,5.88E+01,6.12E+01
2295,-131.291,13.3276,4.00E+00,6.31E+01,5.70E+01,6.44E+01
2296,-143.756,-73.2999,2.81E+00,4.77E+01,8.73E+01,2.50E+01
2297,-137.501,-73.2956,3.15E+00,4.97E+01,9.04E+01,2.49E+01
2298,-131.246,-73.2911,3.49E+00,5.18E+01,9.40E+01,2.48E+01
2299,-143.781,-33.3186,3.09E+00,5.22E+01,6.88E+01,4.17E+01
2300,-137.531,-33.3166,3.50E+00,5.40E+01,7.04E+01,4.22E+01
2301,-131.281,-33.3145,3.90E+00,5.59E+01,7.22E+01,4.26E+01
2302,-143.788,-13.3271,3.16E+00,5.51E+01,6.19E+01,5.01E+01
2303,-137.539,-13.3262,3.57E+00,5.67E+01,6.33E+01,5.09E+01
2304,-131.29,-13.3253,3.99E+00,5.84E+01,6.48E+01,5.17E+01
2305,-137.54,-6.66266,3.58E+00,5.78E+01,6.12E+01,5.39E+01
2306,-143.789,-6.66316,3.17E+00,5.62E+01,5.99E+01,5.29E+01
2307,-131.291,-6.66216,4.00E+00,5.94E+01,6.27E+01,5.48E+01
2308,-137.535,-26.6532,3.53E+00,5.48E+01,6.79E+01,4.51E+01
2309,-137.537,-19.9898,3.55E+00,5.57E+01,6.55E+01,4.80E+01
2310,-143.784,-26.6548,3.12E+00,5.31E+01,6.63E+01,4.45E+01
2311,-143.786,-19.991,3.14E+00,5.41E+01,6.40E+01,4.73E+01
2312,-131.284,-26.6515,3.94E+00,5.66E+01,6.95E+01,4.56E+01
2313,-131.287,-19.9885,3.97E+00,5.75E+01,6.71E+01,4.86E+01
2314,-143.77,-53.3094,2.98E+00,4.97E+01,7.71E+01,3.33E+01
2315,-137.518,-53.3062,3.35E+00,5.17E+01,7.93E+01,3.35E+01
2316,-131.265,-53.3029,3.73E+00,5.38E+01,8.18E+01,3.36E+01
2317,-137.523,-46.6431,3.41E+00,5.24E+01,7.61E+01,3.64E+01
2318,-137.528,-39.9799,3.46E+00,5.32E+01,7.32E+01,3.93E+01
2319,-143.775,-46.6458,3.02E+00,5.05E+01,7.41E+01,3.61E+01
2320,-143.778,-39.9823,3.06E+00,5.13E+01,7.14E+01,3.89E+01
2321,-131.271,-46.6401,3.79E+00,5.44E+01,7.83E+01,3.66E+01
2322,-131.276,-39.9774,3.85E+00,5.51E+01,7.51E+01,3.96E+01
2323,-137.507,-66.6324,3.23E+00,5.04E+01,8.65E+01,2.78E+01
2324,-137.513,-59.9694,3.29E+00,5.10E+01,8.28E+01,3.06E+01
2325,-143.761,-66.6364,2.87E+00,4.83E+01,8.37E+01,2.77E+01
2326,-143.766,-59.973,2.93E+00,4.90E+01,8.03E+01,3.05E+01
2327,-131.253,-66.6283,3.58E+00,5.24E+01,8.96E+01,2.77E+01
2328,-131.259,-59.9656,3.66E+00,5.31E+01,8.56E+01,3.06E+01
2329,-143.718,-112.422,2.29E+00,4.37E+01,1.08E+02,1.07E+01
2330,-137.466,-112.397,2.54E+00,4.55E+01,1.11E+02,1.05E+01
2331,-131.214,-112.415,2.78E+00,4.70E+01,1.14E+02,1.03E+01
2332,-143.749,-93.1952,2.58E+00,4.59E+01,9.89E+01,1.71E+01
2333,-137.482,-93.1613,2.88E+00,4.77E+01,1.03E+02,1.69E+01
2334,-131.215,-93.1854,3.17E+00,4.95E+01,1.07E+02,1.66E+01
2335,-137.488,-86.5823,2.98E+00,4.84E+01,9.87E+01,1.94E+01
2336,-137.495,-79.959,3.07E+00,4.91E+01,9.45E+01,2.21E+01
2337,-143.748,-86.6006,2.66E+00,4.64E+01,9.51E+01,1.95E+01
2338,-143.75,-79.9636,2.74E+00,4.70E+01,9.11E+01,2.22E+01
2339,-131.227,-86.591,3.28E+00,5.03E+01,1.03E+02,1.92E+01
2340,-131.239,-79.9543,3.39E+00,5.11E+01,9.84E+01,2.20E+01
2341,-137.471,-106.052,2.66E+00,4.64E+01,1.09E+02,1.24E+01
2342,-137.476,-99.6485,2.77E+00,4.71E+01,1.06E+02,1.45E+01
2343,-143.719,-106.094,2.39E+00,4.45E+01,1.05E+02,1.25E+01
2344,-143.734,-99.6887,2.49E+00,4.53E+01,1.02E+02,1.47E+01
2345,-131.222,-106.086,2.91E+00,4.79E+01,1.13E+02,1.21E+01
2346,-131.218,-99.6792,3.05E+00,4.87E+01,1.10E+02,1.42E+01
2347,-143.713,-131.205,1.93E+00,4.20E+01,1.09E+02,9.02E+00
2348,-137.457,-131.203,2.13E+00,4.31E+01,1.10E+02,8.35E+00
2349,-131.202,-131.203,2.30E+00,4.41E+01,1.12E+02,7.98E+00
2350,-137.459,-124.951,2.27E+00,4.38E+01,1.12E+02,8.51E+00
2351,-137.462,-118.68,2.41E+00,4.46E+01,1.12E+02,9.22E+00
2352,-143.715,-124.954,2.06E+00,4.26E+01,1.10E+02,8.97E+00
2353,-143.717,-118.69,2.18E+00,4.31E+01,1.09E+02,9.52E+00
2354,-131.203,-124.949,2.47E+00,4.50E+01,1.14E+02,8.17E+00
2355,-131.207,-118.684,2.63E+00,4.60E+01,1.15E+02,8.96E+00
2356,-137.457,-143.712,1.80E+00,4.12E+01,1.06E+02,9.59E+00
2357,-137.456,-137.457,1.97E+00,4.23E+01,1.08E+02,8.75E+00
2358,-143.71,-143.711,1.65E+00,4.02E+01,1.05E+02,1.10E+01
2359,-143.711,-137.458,1.80E+00,4.12E+01,1.07E+02,9.86E+00
2360,-131.204,-143.713,1.94E+00,4.19E+01,1.07E+02,8.94E+00
2361,-131.203,-137.458,2.13E+00,4.31E+01,1.09E+02,8.29E+00
2362,131.208,149.967,1.76E+00,6.99E+01,6.72E+01,5.95E+01
2363,137.46,149.965,1.64E+00,6.82E+01,6.58E+01,5.93E+01
2364,143.712,149.964,1.51E+00,6.53E+01,6.37E+01,5.92E+01
2365,149.965,149.965,1.38E+00,8.11E+01,4.28E+01,8.27E+01
2366,149.964,143.712,1.52E+00,6.49E+01,6.35E+01,5.88E+01
2367,149.966,137.459,1.64E+00,6.78E+01,6.55E+01,5.89E+01
2368,149.968,131.208,1.76E+00,6.95E+01,6.68E+01,5.91E+01
2369,149.972,124.957,1.87E+00,7.04E+01,6.76E+01,5.92E+01
2370,149.976,118.707,1.97E+00,7.06E+01,6.78E+01,5.91E+01
2371,149.98,112.458,2.07E+00,7.04E+01,6.76E+01,5.89E+01
2372,149.985,106.209,2.15E+00,6.97E+01,6.71E+01,5.86E+01
2373,149.989,99.9609,2.23E+00,6.88E+01,6.64E+01,5.82E+01
2374,149.995,93.2965,2.30E+00,6.77E+01,6.54E+01,5.78E+01
2375,150,86.6322,2.37E+00,6.64E+01,6.43E+01,5.73E+01
2376,150.005,79.9682,2.43E+00,6.51E+01,6.32E+01,5.69E+01
2377,150.01,73.3042,2.48E+00,6.39E+01,6.21E+01,5.65E+01
2378,150.014,66.6403,2.53E+00,6.27E+01,6.11E+01,5.61E+01
2379,150.018,59.9764,2.58E+00,6.16E+01,6.02E+01,5.58E+01
2380,150.022,53.3124,2.62E+00,6.06E+01,5.94E+01,5.56E+01
2381,150.025,46.6484,2.65E+00,5.98E+01,5.86E+01,5.54E+01
2382,150.028,39.9844,2.68E+00,5.90E+01,5.80E+01,5.53E+01
2383,150.031,33.3203,2.71E+00,5.83E+01,5.74E+01,5.52E+01
2384,150.033,26.6561,2.73E+00,5.77E+01,5.70E+01,5.52E+01
2385,150.034,19.9919,2.74E+00,5.73E+01,5.66E+01,5.52E+01
2386,150.036,13.3276,2.75E+00,5.69E+01,5.64E+01,5.52E+01
2387,150.036,6.66336,2.76E+00,5.66E+01,5.62E+01,5.53E+01
2388,150.037,-0.000926441,2.76E+00,5.65E+01,5.61E+01,5.54E+01
2389,150.036,-6.66522,2.75E+00,5.64E+01,5.60E+01,5.55E+01
2390,150.036,-13.3295,2.74E+00,5.64E+01,5.61E+01,5.56E+01
2391,150.035,-19.9938,2.73E+00,5.65E+01,5.62E+01,5.58E+01
2392,150.033,-26.658,2.71E+00,5.67E+01,5.64E+01,5.60E+01
2393,150.031,-33.3222,2.69E+00,5.70E+01,5.67E+01,5.62E+01
2394,150.029,-39.9863,2.66E+00,5.75E+01,5.70E+01,5.65E+01
2395,150.026,-46.6504,2.63E+00,5.80E+01,5.75E+01,5.68E+01
2396,150.023,-53.3144,2.59E+00,5.87E+01,5.80E+01,5.72E+01
2397,150.02,-59.9785,2.55E+00,5.94E+01,5.86E+01,5.76E+01
2398,150.016,-66.6425,2.50E+00,6.03E+01,5.93E+01,5.80E+01
2399,150.012,-73.3064,2.45E+00,6.13E+01,6.00E+01,5.84E+01
2400,150.007,-79.9705,2.40E+00,6.24E+01,6.08E+01,5.89E+01
2401,150.003,-86.6347,2.34E+00,6.36E+01,6.16E+01,5.94E+01
2402,149.998,-93.2989,2.27E+00,6.47E+01,6.25E+01,5.97E+01
2403,149.993,-99.9635,2.20E+00,6.58E+01,6.33E+01,6.00E+01
2404,149.989,-106.212,2.12E+00,6.67E+01,6.39E+01,6.01E+01
2405,149.985,-112.461,2.04E+00,6.75E+01,6.44E+01,6.00E+01
2406,149.981,-118.71,1.95E+00,6.80E+01,6.46E+01,5.97E+01
2407,149.978,-124.96,1.86E+00,6.82E+01,6.46E+01,5.90E+01
2408,149.975,-131.211,1.75E+00,6.80E+01,6.43E+01,5.81E+01
2409,149.973,-137.462,1.64E+00,6.75E+01,6.37E+01,5.69E+01
2410,149.972,-143.715,1.52E+00,6.65E+01,6.26E+01,5.57E+01
2411,149.971,-149.969,1.38E+00,6.56E+01,6.12E+01,5.48E+01
2412,143.716,-149.97,1.55E+00,9.86E+01,2.76E+01,1.04E+02
2413,137.463,-149.972,1.69E+00,9.82E+01,2.80E+01,1.08E+02
2414,131.211,-149.974,1.81E+00,9.79E+01,2.86E+01,1.10E+02
2415,143.788,-0.00103693,3.17E+00,5.79E+01,5.78E+01,5.57E+01
2416,137.54,-0.00116681,3.58E+00,5.93E+01,5.93E+01,5.69E+01
2417,131.291,-0.00132469,4.00E+00,6.08E+01,6.07E+01,5.80E+01
2418,143.75,79.9636,2.75E+00,4.58E+01,8.98E+01,2.38E+01
2419,137.495,79.9591,3.08E+00,4.88E+01,9.34E+01,2.28E+01
2420,131.239,79.9544,3.40E+00,5.11E+01,9.74E+01,2.23E+01
2421,143.719,118.703,2.20E+00,4.02E+01,1.06E+02,1.10E+01
2422,137.462,118.699,2.42E+00,4.35E+01,1.10E+02,9.87E+00
2423,131.206,118.697,2.64E+00,4.54E+01,1.13E+02,9.45E+00
2424,143.711,137.457,1.81E+00,3.53E+01,1.05E+02,8.33E+00
2425,137.457,137.456,1.97E+00,3.86E+01,1.07E+02,7.75E+00
2426,131.203,137.456,2.13E+00,4.04E+01,1.09E+02,7.95E+00
2427,137.457,143.71,1.81E+00,3.53E+01,1.05E+02,8.31E+00
2428,143.711,143.71,1.66E+00,3.18E+01,1.03E+02,8.84E+00
2429,131.205,143.712,1.95E+00,3.72E+01,1.07E+02,8.74E+00
2430,137.459,124.95,2.28E+00,4.21E+01,1.10E+02,8.71E+00
2431,137.457,131.203,2.13E+00,4.06E+01,1.09E+02,8.00E+00
2432,143.716,124.953,2.08E+00,3.89E+01,1.07E+02,9.70E+00
2433,143.713,131.205,1.95E+00,3.74E+01,1.06E+02,8.81E+00
2434,131.204,124.949,2.48E+00,4.40E+01,1.13E+02,8.40E+00
2435,131.203,131.202,2.31E+00,4.24E+01,1.11E+02,7.89E+00
2436,143.733,99.7495,2.51E+00,4.34E+01,1.00E+02,1.66E+01
2437,137.476,99.7448,2.78E+00,4.66E+01,1.04E+02,1.54E+01
2438,131.219,99.7403,3.05E+00,4.86E+01,1.09E+02,1.48E+01
2439,137.471,106.115,2.67E+00,4.57E+01,1.07E+02,1.33E+01
2440,137.466,112.449,2.55E+00,4.47E+01,1.09E+02,1.14E+01
2441,143.721,106.133,2.41E+00,4.25E+01,1.03E+02,1.45E+01
2442,143.723,112.453,2.31E+00,4.14E+01,1.05E+02,1.26E+01
2443,131.22,106.125,2.92E+00,4.77E+01,1.11E+02,1.27E+01
2444,131.209,112.446,2.78E+00,4.66E+01,1.13E+02,1.09E+01
2445,137.488,86.6226,2.99E+00,4.81E+01,9.72E+01,2.02E+01
2446,137.482,93.2016,2.89E+00,4.74E+01,1.01E+02,1.77E+01
2447,143.745,86.6274,2.68E+00,4.50E+01,9.34E+01,2.13E+01
2448,143.745,93.2206,2.60E+00,4.42E+01,9.68E+01,1.89E+01
2449,131.232,86.6179,3.29E+00,5.04E+01,1.02E+02,1.97E+01
2450,131.218,93.211,3.18E+00,4.95E+01,1.05E+02,1.71E+01
2451,143.778,39.9821,3.07E+00,5.08E+01,7.10E+01,3.96E+01
2452,137.527,39.9798,3.46E+00,5.32E+01,7.30E+01,3.95E+01
2453,131.276,39.9773,3.85E+00,5.52E+01,7.51E+01,3.97E+01
2454,143.766,59.9729,2.94E+00,4.81E+01,7.97E+01,3.16E+01
2455,137.513,59.9694,3.30E+00,5.09E+01,8.23E+01,3.10E+01
2456,131.259,59.9656,3.66E+00,5.32E+01,8.52E+01,3.08E+01
2457,137.507,66.6325,3.23E+00,5.02E+01,8.59E+01,2.82E+01
2458,137.501,73.2957,3.16E+00,4.95E+01,8.96E+01,2.55E+01
2459,143.761,66.6364,2.88E+00,4.73E+01,8.29E+01,2.90E+01
2460,143.756,73.3,2.82E+00,4.65E+01,8.63E+01,2.64E+01
2461,131.253,66.6284,3.58E+00,5.25E+01,8.91E+01,2.79E+01
2462,131.246,73.2913,3.50E+00,5.18E+01,9.32E+01,2.51E+01
2463,137.523,46.643,3.41E+00,5.23E+01,7.59E+01,3.66E+01
2464,137.518,53.3062,3.36E+00,5.16E+01,7.90E+01,3.38E+01
2465,143.774,46.6458,3.03E+00,4.98E+01,7.37E+01,3.69E+01
2466,143.77,53.3093,2.99E+00,4.89E+01,7.66E+01,3.43E+01
2467,131.271,46.6401,3.80E+00,5.45E+01,7.82E+01,3.67E+01
2468,131.265,53.3029,3.73E+00,5.38E+01,8.16E+01,3.38E+01
2469,143.786,19.9907,3.14E+00,5.40E+01,6.38E+01,4.76E+01
2470,137.536,19.9896,3.55E+00,5.59E+01,6.55E+01,4.81E+01
2471,131.287,19.9883,3.96E+00,5.77E+01,6.71E+01,4.87E+01
2472,137.534,26.653,3.53E+00,5.49E+01,6.78E+01,4.52E+01
2473,137.531,33.3164,3.50E+00,5.40E+01,7.03E+01,4.23E+01
2474,143.784,26.6546,3.12E+00,5.29E+01,6.61E+01,4.49E+01
2475,143.781,33.3184,3.10E+00,5.18E+01,6.84E+01,4.22E+01
2476,131.284,26.6514,3.93E+00,5.68E+01,6.96E+01,4.57E+01
2477,131.28,33.3144,3.90E+00,5.60E+01,7.22E+01,4.27E+01
2478,137.539,6.66244,3.58E+00,5.81E+01,6.12E+01,5.39E+01
2479,137.538,13.326,3.57E+00,5.70E+01,6.33E+01,5.10E+01
2480,143.788,6.66292,3.17E+00,5.65E+01,5.97E+01,5.29E+01
2481,143.787,13.3268,3.16E+00,5.52E+01,6.17E+01,5.02E+01
2482,131.29,6.66192,4.00E+00,5.97E+01,6.27E+01,5.49E+01
2483,131.289,13.3251,3.99E+00,5.86E+01,6.48E+01,5.18E+01
2484,143.758,-73.3028,2.81E+00,8.28E+01,4.07E+01,8.93E+01
2485,137.504,-73.299,3.16E+00,8.44E+01,4.18E+01,9.35E+01
2486,131.25,-73.2952,3.51E+00,8.68E+01,4.31E+01,9.77E+01
2487,143.782,-33.3206,3.09E+00,6.66E+01,4.94E+01,6.99E+01
2488,137.532,-33.319,3.49E+00,6.76E+01,5.07E+01,7.23E+01
2489,131.282,-33.3173,3.90E+00,6.90E+01,5.21E+01,7.46E+01
2490,143.787,-13.3289,3.15E+00,6.10E+01,5.43E+01,6.12E+01
2491,137.539,-13.3284,3.57E+00,6.22E+01,5.56E+01,6.29E+01
2492,131.289,-13.3278,3.99E+00,6.35E+01,5.70E+01,6.45E+01
2493,137.539,-6.66476,3.58E+00,6.07E+01,5.74E+01,5.98E+01
2494,143.788,-6.66498,3.16E+00,5.94E+01,5.60E+01,5.84E+01
2495,131.29,-6.66457,4.00E+00,6.21E+01,5.88E+01,6.12E+01
2496,137.535,-26.6554,3.53E+00,6.56E+01,5.23E+01,6.91E+01
2497,137.537,-19.992,3.55E+00,6.38E+01,5.39E+01,6.60E+01
2498,143.784,-26.6567,3.12E+00,6.46E+01,5.10E+01,6.70E+01
2499,143.786,-19.9929,3.14E+00,6.27E+01,5.26E+01,6.41E+01
2500,131.285,-26.6541,3.94E+00,6.69E+01,5.37E+01,7.12E+01
2501,131.288,-19.991,3.96E+00,6.51E+01,5.53E+01,6.78E+01
2502,143.772,-53.3118,2.98E+00,7.38E+01,4.49E+01,7.92E+01
2503,137.52,-53.3091,3.36E+00,7.50E+01,4.61E+01,8.24E+01
2504,131.268,-53.3062,3.74E+00,7.67E+01,4.75E+01,8.56E+01
2505,137.525,-46.6457,3.41E+00,7.23E+01,4.76E+01,7.90E+01
2506,137.529,-39.9824,3.45E+00,6.99E+01,4.92E+01,7.56E+01
2507,143.776,-46.6481,3.02E+00,7.12E+01,4.64E+01,7.60E+01
2508,143.779,-39.9844,3.06E+00,6.88E+01,4.79E+01,7.29E+01
2509,131.273,-46.6432,3.80E+00,7.38E+01,4.90E+01,8.18E+01
2510,131.278,-39.9803,3.85E+00,7.13E+01,5.05E+01,7.81E+01
2511,137.51,-66.6356,3.23E+00,8.10E+01,4.32E+01,8.97E+01
2512,137.515,-59.9724,3.30E+00,7.79E+01,4.47E+01,8.60E+01
2513,143.763,-66.6391,2.87E+00,7.96E+01,4.21E+01,8.59E+01
2514,143.768,-59.9755,2.93E+00,7.66E+01,4.35E+01,8.25E+01
2515,131.256,-66.632,3.59E+00,8.32E+01,4.46E+01,9.35E+01
2516,131.262,-59.9691,3.67E+00,7.98E+01,4.60E+01,8.95E+01
2517,143.723,-112.426,2.32E+00,1.01E+02,3.29E+01,1.07E+02
2518,137.472,-112.402,2.58E+00,1.02E+02,3.36E+01,1.13E+02
2519,131.22,-112.42,2.82E+00,1.05E+02,3.47E+01,1.17E+02
2520,143.753,-93.1985,2.59E+00,9.27E+01,3.67E+01,9.97E+01
2521,137.487,-93.1652,2.90E+00,9.47E+01,3.76E+01,1.05E+02
2522,131.22,-93.1901,3.20E+00,9.77E+01,3.88E+01,1.10E+02
2523,137.493,-86.5861,2.99E+00,9.13E+01,3.90E+01,1.01E+02
2524,137.499,-79.9626,3.08E+00,8.78E+01,4.04E+01,9.74E+01
2525,143.752,-86.6038,2.67E+00,8.94E+01,3.80E+01,9.63E+01
2526,143.753,-79.9666,2.74E+00,8.61E+01,3.94E+01,9.28E+01
2527,131.233,-86.5955,3.31E+00,9.42E+01,4.02E+01,1.06E+02
2528,131.243,-79.9585,3.41E+00,9.05E+01,4.16E+01,1.02E+02
2529,137.476,-106.056,2.69E+00,1.00E+02,3.49E+01,1.11E+02
2530,137.481,-99.6527,2.80E+00,9.77E+01,3.63E+01,1.08E+02
2531,143.724,-106.098,2.41E+00,9.84E+01,3.42E+01,1.05E+02
2532,143.739,-99.6922,2.51E+00,9.57E+01,3.54E+01,1.03E+02
2533,131.228,-106.091,2.96E+00,1.03E+02,3.60E+01,1.16E+02
2534,131.223,-99.6841,3.08E+00,1.01E+02,3.73E+01,1.13E+02
2535,143.719,-131.209,1.98E+00,1.03E+02,2.96E+01,1.09E+02
2536,137.463,-131.208,2.18E+00,1.02E+02,3.01E+01,1.13E+02
2537,131.208,-131.208,2.37E+00,1.03E+02,3.12E+01,1.15E+02
2538,137.465,-124.955,2.32E+00,1.03E+02,3.12E+01,1.14E+02
2539,137.468,-118.684,2.45E+00,1.03E+02,3.24E+01,1.14E+02
2540,143.721,-124.957,2.10E+00,1.03E+02,3.06E+01,1.09E+02
2541,143.722,-118.694,2.21E+00,1.02E+02,3.17E+01,1.09E+02
2542,131.209,-124.954,2.53E+00,1.05E+02,3.23E+01,1.17E+02
2543,131.214,-118.689,2.68E+00,1.05E+02,3.35E+01,1.18E+02
2544,137.462,-143.716,1.86E+00,9.94E+01,2.86E+01,1.09E+02
2545,137.462,-137.461,2.03E+00,1.01E+02,2.92E+01,1.11E+02
2546,143.716,-143.715,1.70E+00,9.99E+01,2.82E+01,1.06E+02
2547,143.717,-137.462,1.85E+00,1.01E+02,2.89E+01,1.07E+02
2548,131.209,-143.718,2.00E+00,9.96E+01,2.93E+01,1.12E+02
2549,131.208,-137.462,2.19E+00,1.01E+02,3.01E+01,1.14E+02
2550,149.972,-157.117,1.22E+00,6.50E+01,6.01E+01,5.47E+01
2551,149.974,-164.266,1.03E+00,6.46E+01,5.92E+01,5.52E+01
2552,149.978,-171.417,8.26E-01,6.40E+01,5.88E+01,5.61E+01
2553,149.982,-178.566,6.01E-01,6.21E+01,5.79E+01,5.72E+01
2554,149.987,-185.716,3.61E-01,5.63E+01,5.46E+01,5.88E+01
2555,149.993,-192.864,1.27E-01,4.43E+01,4.77E+01,8.00E+01
2556,150,-200,0.00E+00,3.66E+01,4.36E+01,1.00E+02
2557,143.75,-200,0.00E+00,3.59E+01,1.49E+01,1.55E+02
2558,137.5,-200,0.00E+00,3.45E+01,1.48E+01,1.55E+02
2559,131.25,-200,0.00E+00,3.08E+01,1.27E+01,1.55E+02
2560,125,-200,0.00E+00,2.67E+01,1.08E+01,1.54E+02
2561,118.75,-200,0.00E+00,2.29E+01,9.05E+00,1.52E+02
2562,112.5,-200,0.00E+00,1.98E+01,7.74E+00,1.51E+02
2563,106.25,-200,0.00E+00,1.67E+01,6.71E+00,1.49E+02
2564,100,-200,0.00E+00,1.23E+01,5.62E+00,1.47E+02
2565,93.3333,-200,0.00E+00,8.68E+00,4.70E+00,1.46E+02
2566,86.6667,-200,0.00E+00,6.20E+00,4.30E+00,1.44E+02
2567,80,-200,0.00E+00,4.32E+00,4.42E+00,1.43E+02
2568,73.3333,-200,0.00E+00,4.48E+00,4.90E+00,1.41E+02
2569,66.6667,-200,0.00E+00,6.31E+00,5.69E+00,1.39E+02
2570,60,-200,0.00E+00,9.53E+00,6.81E+00,1.37E+02
2571,53.3333,-200,0.00E+00,1.22E+01,7.99E+00,1.35E+02
2572,46.6667,-200,0.00E+00,1.42E+01,9.24E+00,1.33E+02
2573,40,-200,0.00E+00,1.73E+01,1.08E+01,1.32E+02
2574,33.3333,-200,0.00E+00,1.96E+01,1.22E+01,1.30E+02
2575,26.6667,-200,0.00E+00,2.13E+01,1.36E+01,1.28E+02
2576,20,-200,0.00E+00,2.41E+01,1.54E+01,1.27E+02
2577,13.3333,-200,0.00E+00,2.60E+01,1.70E+01,1.24E+02
2578,6.66667,-200,0.00E+00,2.74E+01,1.84E+01,1.22E+02
2579,0,-200,0.00E+00,2.96E+01,2.05E+01,1.21E+02
2580,-6.66667,-200,0.00E+00,3.11E+01,2.22E+01,1.19E+02
2581,-13.3333,-200,0.00E+00,3.22E+01,2.38E+01,1.16E+02
2582,-20,-200,0.00E+00,3.43E+01,2.62E+01,1.15E+02
2583,-26.6667,-200,0.00E+00,3.62E+01,2.85E+01,1.13E+02
2584,-33.3333,-200,0.00E+00,3.73E+01,3.06E+01,1.11E+02
2585,-40,-200,0.00E+00,3.79E+01,3.24E+01,1.08E+02
2586,-46.6667,-200,0.00E+00,3.88E+01,3.44E+01,1.05E+02
2587,-53.3333,-200,0.00E+00,4.02E+01,3.73E+01,1.03E+02
2588,-60,-200,0.00E+00,4.10E+01,3.96E+01,9.99E+01
2589,-66.6667,-200,0.00E+00,4.16E+01,4.18E+01,9.65E+01
2590,-73.3333,-200,0.00E+00,4.26E+01,4.52E+01,9.46E+01
2591,-80,-200,0.00E+00,4.31E+01,4.80E+01,9.16E+01
2592,-86.6667,-200,0.00E+00,4.36E+01,5.06E+01,8.78E+01
2593,-93.3333,-200,0.00E+00,4.42E+01,5.44E+01,8.51E+01
2594,-100,-200,0.00E+00,4.45E+01,5.75E+01,8.19E+01
2595,-106.25,-200,0.00E+00,4.43E+01,6.02E+01,7.79E+01
2596,-112.5,-200,0.00E+00,4.37E+01,6.43E+01,7.52E+01
2597,-118.75,-200,0.00E+00,4.28E+01,6.75E+01,7.18E+01
2598,-125,-200,0.00E+00,4.19E+01,7.02E+01,6.72E+01
2599,-131.25,-200,0.00E+00,4.06E+01,7.40E+01,6.35E+01
2600,-137.5,-200,0.00E+00,3.90E+01,7.70E+01,5.85E+01
2601,-143.75,-200,0.00E+00,3.72E+01,7.93E+01,5.21E+01
2602,-150,-200,0.00E+00,3.48E+01,8.20E+01,4.53E+01
2603,-149.992,-192.86,1.04E-01,2.11E+01,8.74E+01,2.98E+01
2604,-149.985,-185.713,3.08E-01,1.49E+01,9.45E+01,1.29E+01
2605,-149.979,-178.563,5.37E-01,2.69E+01,9.73E+01,1.28E+01
2606,-149.974,-171.414,7.63E-01,3.36E+01,9.90E+01,1.44E+01
2607,-149.969,-164.263,9.75E-01,3.70E+01,1.00E+02,1.42E+01
2608,-149.966,-157.114,1.17E+00,3.85E+01,1.01E+02,1.36E+01
2609,-0.000432968,-192.87,1.64E-01,2.29E+01,2.99E+01,9.98E+01
2610,0.000145415,-185.733,5.08E-01,2.58E+01,4.27E+01,7.04E+01
2611,0.000212466,-178.595,9.23E-01,4.05E+01,4.79E+01,5.85E+01
2612,0.000321163,-171.457,1.37E+00,4.80E+01,5.09E+01,5.41E+01
2613,0.000331103,-164.318,1.83E+00,5.17E+01,5.30E+01,5.33E+01
2614,0.000347932,-157.178,2.29E+00,5.41E+01,5.47E+01,5.39E+01
2615,79.9639,-192.873,1.54E-01,2.41E+01,1.27E+01,1.24E+02
2616,79.9289,-185.734,4.70E-01,5.32E+01,2.44E+01,9.76E+01
2617,79.9024,-178.587,8.46E-01,6.69E+01,2.94E+01,8.81E+01
2618,79.9126,-171.439,1.24E+00,7.34E+01,3.23E+01,8.54E+01
2619,79.9318,-164.295,1.64E+00,7.70E+01,3.43E+01,8.64E+01
2620,79.9508,-157.15,2.04E+00,7.98E+01,3.60E+01,8.90E+01
2621,118.711,-192.859,1.40E-01,4.29E+01,1.09E+01,1.35E+02
2622,118.674,-185.716,4.23E-01,7.15E+01,1.59E+01,1.11E+02
2623,118.646,-178.577,7.50E-01,8.36E+01,2.12E+01,1.03E+02
2624,118.654,-171.434,1.08E+00,8.85E+01,2.48E+01,1.01E+02
2625,118.672,-164.285,1.41E+00,9.12E+01,2.72E+01,1.03E+02
2626,118.691,-157.135,1.71E+00,9.35E+01,2.93E+01,1.06E+02
2627,124.944,-178.575,7.32E-01,8.56E+01,2.04E+01,1.04E+02
2628,131.229,-178.574,7.12E-01,8.77E+01,2.03E+01,1.06E+02
2629,137.479,-178.572,6.90E-01,9.01E+01,2.08E+01,1.06E+02
2630,143.729,-178.57,6.58E-01,9.38E+01,2.19E+01,1.03E+02
2631,131.235,-185.721,4.07E-01,7.72E+01,1.43E+01,1.13E+02
2632,131.242,-192.864,1.35E-01,5.01E+01,1.15E+01,1.37E+02
2633,124.958,-185.718,4.14E-01,7.42E+01,1.49E+01,1.12E+02
2634,124.978,-192.862,1.37E-01,4.63E+01,1.12E+01,1.36E+02
2635,143.735,-185.719,3.91E-01,8.67E+01,1.62E+01,1.09E+02
2636,137.485,-185.72,4.00E-01,8.06E+01,1.44E+01,1.13E+02
2637,143.741,-192.864,1.36E-01,5.86E+01,1.34E+01,1.34E+02
2638,137.491,-192.864,1.35E-01,5.40E+01,1.23E+01,1.37E+02
2639,131.214,-157.124,1.56E+00,9.61E+01,2.77E+01,1.08E+02
2640,131.218,-164.275,1.30E+00,9.41E+01,2.62E+01,1.06E+02
2641,131.223,-171.425,1.01E+00,9.16E+01,2.39E+01,1.05E+02
2642,124.947,-164.28,1.36E+00,9.25E+01,2.64E+01,1.05E+02
2643,124.953,-157.129,1.64E+00,9.49E+01,2.82E+01,1.07E+02
2644,124.943,-171.429,1.05E+00,9.00E+01,2.41E+01,1.03E+02
2645,143.721,-164.27,1.14E+00,9.72E+01,2.55E+01,1.02E+02
2646,137.469,-164.272,1.23E+00,9.58E+01,2.59E+01,1.06E+02
2647,143.718,-157.119,1.35E+00,9.78E+01,2.67E+01,1.03E+02
2648,137.466,-157.122,1.47E+00,9.71E+01,2.73E+01,1.07E+02
2649,143.725,-171.42,9.10E-01,9.62E+01,2.41E+01,1.02E+02
2650,137.474,-171.423,9.69E-01,9.38E+01,2.39E+01,1.05E+02
2651,86.4404,-178.587,8.32E-01,7.00E+01,2.81E+01,9.11E+01
2652,92.9495,-178.585,8.18E-01,7.27E+01,2.68E+01,9.33E+01
2653,99.4198,-178.581,8.02E-01,7.56E+01,2.56E+01,9.60E+01
2654,105.864,-178.578,7.85E-01,7.90E+01,2.42E+01,9.92E+01
2655,112.269,-178.576,7.68E-01,8.15E+01,2.26E+01,1.01E+02
2656,99.5098,-185.725,4.48E-01,6.25E+01,2.04E+01,1.05E+02
2657,99.6488,-192.866,1.47E-01,3.29E+01,1.13E+01,1.29E+02
2658,93.0212,-185.738,4.55E-01,5.93E+01,2.18E+01,1.02E+02
2659,86.4941,-185.741,4.62E-01,5.66E+01,2.31E+01,1.00E+02
2660,93.1471,-192.886,1.49E-01,2.94E+01,1.16E+01,1.27E+02
2661,86.5779,-192.882,1.51E-01,2.69E+01,1.19E+01,1.25E+02
2662,112.324,-185.709,4.32E-01,6.90E+01,1.72E+01,1.10E+02
2663,105.936,-185.713,4.40E-01,6.62E+01,1.88E+01,1.07E+02
2664,112.409,-192.85,1.43E-01,4.00E+01,1.08E+01,1.33E+02
2665,106.062,-192.846,1.45E-01,3.71E+01,1.09E+01,1.31E+02
2666,99.6577,-157.142,1.90E+00,8.85E+01,3.22E+01,9.89E+01
2667,99.5577,-164.29,1.54E+00,8.56E+01,3.04E+01,9.58E+01
2668,99.4629,-171.437,1.17E+00,8.19E+01,2.84E+01,9.41E+01
2669,93.0577,-164.281,1.58E+00,8.28E+01,3.16E+01,9.26E+01
2670,86.5183,-164.281,1.61E+00,8.04E+01,3.31E+01,9.02E+01
2671,93.1501,-157.129,1.95E+00,8.56E+01,3.35E+01,9.56E+01
2672,86.576,-157.139,2.00E+00,8.31E+01,3.49E+01,9.29E+01
2673,92.9837,-171.431,1.20E+00,7.92E+01,2.94E+01,9.12E+01
2674,86.4639,-171.432,1.22E+00,7.68E+01,3.09E+01,8.87E+01
2675,112.345,-164.299,1.45E+00,9.01E+01,2.85E+01,1.01E+02
2676,105.971,-164.299,1.50E+00,8.86E+01,2.97E+01,9.95E+01
2677,112.402,-157.146,1.78E+00,9.23E+01,3.05E+01,1.04E+02
2678,106.063,-157.155,1.84E+00,9.11E+01,3.15E+01,1.02E+02
2679,112.292,-171.441,1.11E+00,8.71E+01,2.59E+01,9.95E+01
2680,105.897,-171.442,1.14E+00,8.52E+01,2.73E+01,9.75E+01
2681,39.9975,-192.869,1.62E-01,2.26E+01,2.02E+01,1.12E+02
2682,39.9961,-185.732,4.99E-01,3.74E+01,3.30E+01,8.36E+01
2683,39.9941,-178.593,9.05E-01,5.17E+01,3.82E+01,7.27E+01
2684,39.9922,-171.454,1.34E+00,5.87E+01,4.10E+01,6.90E+01
2685,39.9901,-164.313,1.78E+00,6.22E+01,4.31E+01,6.90E+01
2686,39.988,-157.171,2.23E+00,6.45E+01,4.47E+01,7.04E+01
2687,46.6597,-178.592,8.98E-01,5.42E+01,3.65E+01,7.53E+01
2688,53.3253,-178.591,8.90E-01,5.63E+01,3.51E+01,7.76E+01
2689,59.9909,-178.59,8.81E-01,5.88E+01,3.37E+01,8.02E+01
2690,66.6564,-178.589,8.70E-01,6.17E+01,3.22E+01,8.31E+01
2691,73.2866,-178.588,8.59E-01,6.41E+01,3.07E+01,8.55E+01
2692,59.9939,-185.73,4.87E-01,4.47E+01,2.86E+01,9.04E+01
2693,59.9964,-192.868,1.59E-01,2.24E+01,1.60E+01,1.18E+02
2694,53.3279,-185.731,4.92E-01,4.22E+01,3.00E+01,8.82E+01
2695,46.662,-185.731,4.96E-01,4.01E+01,3.13E+01,8.58E+01
2696,53.3301,-192.869,1.60E-01,2.25E+01,1.73E+01,1.16E+02
2697,46.6638,-192.869,1.61E-01,2.26E+01,1.85E+01,1.13E+02
2698,73.2982,-185.732,4.76E-01,5.03E+01,2.57E+01,9.52E+01
2699,66.6598,-185.729,4.82E-01,4.78E+01,2.70E+01,9.28E+01
2700,73.3146,-192.871,1.55E-01,2.27E+01,1.36E+01,1.21E+02
2701,66.6627,-192.868,1.57E-01,2.26E+01,1.45E+01,1.19E+02
2702,59.9813,-157.164,2.15E+00,7.16E+01,4.02E+01,7.94E+01
2703,59.9847,-164.307,1.72E+00,6.91E+01,3.85E+01,7.75E+01
2704,59.9878,-171.449,1.30E+00,6.56E+01,3.65E+01,7.70E+01
2705,53.3198,-164.309,1.75E+00,6.66E+01,3.99E+01,7.45E+01
2706,46.655,-164.311,1.77E+00,6.49E+01,4.14E+01,7.22E+01
2707,53.3169,-157.167,2.18E+00,6.90E+01,4.17E+01,7.62E+01
2708,46.6525,-157.169,2.21E+00,6.71E+01,4.32E+01,7.37E+01
2709,53.3227,-171.451,1.31E+00,6.32E+01,3.79E+01,7.43E+01
2710,46.6574,-171.452,1.33E+00,6.14E+01,3.93E+01,7.18E+01
2711,73.2929,-164.299,1.67E+00,7.43E+01,3.56E+01,8.34E+01
2712,66.6494,-164.305,1.70E+00,7.22E+01,3.72E+01,8.10E+01
2713,73.2993,-157.155,2.08E+00,7.68E+01,3.75E+01,8.56E+01
2714,66.6457,-157.161,2.12E+00,7.46E+01,3.89E+01,8.30E+01
2715,73.2871,-171.444,1.26E+00,7.08E+01,3.35E+01,8.26E+01
2716,66.653,-171.448,1.28E+00,6.87E+01,3.50E+01,8.01E+01
2717,6.66584,-178.595,9.23E-01,4.23E+01,4.59E+01,6.08E+01
2718,13.3315,-178.595,9.22E-01,4.39E+01,4.45E+01,6.32E+01
2719,19.9972,-178.594,9.19E-01,4.57E+01,4.29E+01,6.55E+01
2720,26.6628,-178.594,9.16E-01,4.78E+01,4.11E+01,6.80E+01
2721,33.3285,-178.593,9.11E-01,4.96E+01,3.97E+01,7.03E+01
2722,19.9981,-185.732,5.06E-01,3.11E+01,3.77E+01,7.70E+01
2723,19.9985,-192.869,1.64E-01,2.28E+01,2.49E+01,1.06E+02
2724,13.3321,-185.733,5.07E-01,2.92E+01,3.93E+01,7.48E+01
2725,6.66611,-185.733,5.08E-01,2.78E+01,4.07E+01,7.25E+01
2726,13.3321,-192.87,1.64E-01,2.28E+01,2.65E+01,1.04E+02
2727,6.66585,-192.87,1.64E-01,2.30E+01,2.78E+01,1.01E+02
2728,33.33,-185.732,5.02E-01,3.52E+01,3.45E+01,8.14E+01
2729,26.6641,-185.732,5.04E-01,3.35E+01,3.58E+01,7.91E+01
2730,33.3311,-192.869,1.63E-01,2.27E+01,2.17E+01,1.10E+02
2731,26.6648,-192.869,1.63E-01,2.28E+01,2.29E+01,1.07E+02
2732,19.9943,-157.176,2.28E+00,5.87E+01,4.95E+01,6.20E+01
2733,19.9953,-164.316,1.82E+00,5.64E+01,4.79E+01,6.10E+01
2734,19.9963,-171.456,1.36E+00,5.29E+01,4.58E+01,6.14E+01
2735,13.3303,-164.317,1.82E+00,5.47E+01,4.95E+01,5.84E+01
2736,6.66531,-164.317,1.83E+00,5.35E+01,5.09E+01,5.59E+01
2737,13.3296,-157.177,2.29E+00,5.70E+01,5.12E+01,5.92E+01
2738,6.66499,-157.177,2.29E+00,5.58E+01,5.27E+01,5.65E+01
2739,13.3309,-171.457,1.37E+00,5.12E+01,4.74E+01,5.89E+01
2740,6.66561,-171.457,1.37E+00,5.00E+01,4.88E+01,5.64E+01
2741,33.3252,-164.314,1.80E+00,6.01E+01,4.46E+01,6.62E+01
2742,26.6603,-164.315,1.81E+00,5.87E+01,4.60E+01,6.38E+01
2743,33.3235,-157.173,2.25E+00,6.24E+01,4.63E+01,6.75E+01
2744,26.6589,-157.175,2.26E+00,6.09E+01,4.77E+01,6.49E+01
2745,33.3269,-171.455,1.35E+00,5.67E+01,4.25E+01,6.64E+01
2746,26.6616,-171.456,1.36E+00,5.52E+01,4.39E+01,6.39E+01
2747,-73.3089,-192.871,1.53E-01,2.35E+01,5.41E+01,7.38E+01
2748,-73.2836,-185.732,4.70E-01,1.32E+01,6.63E+01,4.42E+01
2749,-73.2648,-178.588,8.49E-01,2.73E+01,7.18E+01,3.18E+01
2750,-73.2703,-171.442,1.25E+00,3.54E+01,7.56E+01,2.72E+01
2751,-73.2819,-164.299,1.66E+00,3.97E+01,7.85E+01,2.55E+01
2752,-73.2933,-157.153,2.06E+00,4.27E+01,8.11E+01,2.49E+01
2753,-33.3321,-192.869,1.62E-01,2.28E+01,3.99E+01,8.97E+01
2754,-33.3299,-185.732,5.00E-01,1.85E+01,5.25E+01,5.97E+01
2755,-33.3281,-178.593,9.08E-01,3.36E+01,5.78E+01,4.71E+01
2756,-33.3264,-171.455,1.34E+00,4.09E+01,6.11E+01,4.24E+01
2757,-33.3247,-164.314,1.79E+00,4.51E+01,6.33E+01,4.10E+01
2758,-33.3228,-157.173,2.24E+00,4.78E+01,6.51E+01,4.09E+01
2759,-26.6624,-178.594,9.13E-01,3.49E+01,5.57E+01,4.95E+01
2760,-19.9968,-178.594,9.17E-01,3.63E+01,5.33E+01,5.17E+01
2761,-13.3311,-178.595,9.20E-01,3.77E+01,5.12E+01,5.38E+01
2762,-6.66549,-178.595,9.23E-01,3.90E+01,4.97E+01,5.61E+01
2763,-19.9979,-185.732,5.05E-01,2.14E+01,4.81E+01,6.40E+01
2764,-19.9994,-192.869,1.63E-01,2.30E+01,3.55E+01,9.37E+01
2765,-26.6638,-185.732,5.03E-01,1.98E+01,5.04E+01,6.20E+01
2766,-26.6657,-192.869,1.63E-01,2.29E+01,3.79E+01,9.21E+01
2767,-6.66593,-185.733,5.07E-01,2.42E+01,4.45E+01,6.83E+01
2768,-13.3319,-185.733,5.06E-01,2.31E+01,4.59E+01,6.59E+01
2769,-6.66687,-192.87,1.64E-01,2.29E+01,3.17E+01,9.78E+01
2770,-13.3332,-192.869,1.64E-01,2.31E+01,3.32E+01,9.52E+01
2771,-19.9935,-157.176,2.27E+00,5.01E+01,6.04E+01,4.58E+01
2772,-19.9946,-164.316,1.81E+00,4.75E+01,5.86E+01,4.57E+01
2773,-19.9957,-171.456,1.36E+00,4.38E+01,5.64E+01,4.69E+01
2774,-26.6595,-164.315,1.80E+00,4.62E+01,6.11E+01,4.35E+01
2775,-26.6581,-157.175,2.26E+00,4.87E+01,6.29E+01,4.33E+01
2776,-26.661,-171.455,1.35E+00,4.22E+01,5.89E+01,4.48E+01
2777,-6.66467,-164.317,1.83E+00,5.01E+01,5.48E+01,5.07E+01
2778,-13.3296,-164.317,1.82E+00,4.91E+01,5.63E+01,4.80E+01
2779,-6.6643,-157.177,2.29E+00,5.27E+01,5.65E+01,5.12E+01
2780,-13.329,-157.177,2.28E+00,5.16E+01,5.81E+01,4.84E+01
2781,-6.66505,-171.457,1.37E+00,4.64E+01,5.27E+01,5.16E+01
2782,-13.3303,-171.457,1.36E+00,4.54E+01,5.42E+01,4.90E+01
2783,-66.6325,-178.59,8.62E-01,2.81E+01,6.87E+01,3.42E+01
2784,-59.9905,-178.59,8.73E-01,2.91E+01,6.65E+01,3.70E+01
2785,-53.325,-178.591,8.83E-01,3.02E+01,6.40E+01,3.96E+01
2786,-46.6594,-178.592,8.92E-01,3.13E+01,6.13E+01,4.18E+01
2787,-39.9938,-178.593,9.01E-01,3.23E+01,5.96E+01,4.44E+01
2788,-53.3277,-185.73,4.87E-01,1.55E+01,5.87E+01,5.20E+01
2789,-53.3309,-192.868,1.58E-01,2.31E+01,4.64E+01,8.17E+01
2790,-59.9937,-185.73,4.82E-01,1.45E+01,6.11E+01,4.94E+01
2791,-66.6412,-185.731,4.76E-01,1.38E+01,6.32E+01,4.65E+01
2792,-59.9974,-192.868,1.57E-01,2.31E+01,4.88E+01,7.92E+01
2793,-66.654,-192.87,1.55E-01,2.34E+01,5.09E+01,7.59E+01
2794,-39.9959,-185.731,4.96E-01,1.75E+01,5.43E+01,5.69E+01
2795,-46.6618,-185.731,4.92E-01,1.66E+01,5.60E+01,5.41E+01
2796,-39.9985,-192.869,1.61E-01,2.29E+01,4.18E+01,8.67E+01
2797,-46.6647,-192.869,1.59E-01,2.31E+01,4.36E+01,8.36E+01
2798,-53.3161,-157.166,2.17E+00,4.50E+01,7.24E+01,3.28E+01
2799,-53.3192,-164.309,1.74E+00,4.22E+01,7.01E+01,3.33E+01
2800,-53.322,-171.451,1.31E+00,3.81E+01,6.75E+01,3.48E+01
2801,-59.984,-164.307,1.71E+00,4.13E+01,7.28E+01,3.06E+01
2802,-66.6345,-164.302,1.69E+00,4.04E+01,7.49E+01,2.75E+01
2803,-59.9806,-157.163,2.14E+00,4.42E+01,7.51E+01,3.02E+01
2804,-66.6377,-157.158,2.10E+00,4.34E+01,7.75E+01,2.71E+01
2805,-59.9874,-171.449,1.29E+00,3.70E+01,7.02E+01,3.22E+01
2806,-66.6316,-171.445,1.27E+00,3.63E+01,7.23E+01,2.92E+01
2807,-39.9897,-164.313,1.78E+00,4.41E+01,6.51E+01,3.82E+01
2808,-46.6544,-164.311,1.76E+00,4.32E+01,6.69E+01,3.53E+01
2809,-39.9874,-157.171,2.22E+00,4.69E+01,6.71E+01,3.81E+01
2810,-46.6518,-157.169,2.20E+00,4.60E+01,6.92E+01,3.51E+01
2811,-39.9918,-171.454,1.33E+00,4.00E+01,6.28E+01,3.96E+01
2812,-46.6569,-171.452,1.32E+00,3.93E+01,6.45E+01,3.68E+01
2813,-112.442,-192.854,1.38E-01,2.46E+01,7.26E+01,5.53E+01
2814,-112.388,-185.715,4.16E-01,1.21E+01,8.39E+01,2.68E+01
2815,-112.355,-178.574,7.41E-01,2.39E+01,8.92E+01,1.56E+01
2816,-112.357,-171.435,1.08E+00,3.18E+01,9.32E+01,1.22E+01
2817,-112.375,-164.293,1.41E+00,3.63E+01,9.63E+01,1.11E+01
2818,-112.416,-157.141,1.73E+00,3.93E+01,9.94E+01,1.08E+01
2819,-105.923,-178.574,7.64E-01,2.40E+01,8.61E+01,1.79E+01
2820,-99.461,-178.579,7.84E-01,2.45E+01,8.35E+01,2.10E+01
2821,-92.9427,-178.585,8.03E-01,2.52E+01,8.03E+01,2.38E+01
2822,-86.4077,-178.589,8.19E-01,2.57E+01,7.71E+01,2.62E+01
2823,-79.8451,-178.59,8.35E-01,2.64E+01,7.47E+01,2.91E+01
2824,-93.0139,-185.731,4.47E-01,1.23E+01,7.48E+01,3.60E+01
2825,-93.1394,-192.88,1.46E-01,2.45E+01,6.30E+01,6.50E+01
2826,-99.5311,-185.719,4.38E-01,1.21E+01,7.79E+01,3.29E+01
2827,-105.971,-185.709,4.28E-01,1.19E+01,8.05E+01,2.95E+01
2828,-99.6529,-192.86,1.44E-01,2.48E+01,6.61E+01,6.18E+01
2829,-106.077,-192.843,1.41E-01,2.48E+01,6.89E+01,5.80E+01
2830,-79.8824,-185.737,4.63E-01,1.27E+01,6.91E+01,4.15E+01
2831,-86.4641,-185.737,4.55E-01,1.23E+01,7.15E+01,3.84E+01
2832,-79.9404,-192.877,1.51E-01,2.37E+01,5.70E+01,7.11E+01
2833,-86.5613,-192.88,1.48E-01,2.41E+01,5.95E+01,6.75E+01
2834,-93.1353,-157.13,1.92E+00,4.07E+01,9.09E+01,1.69E+01
2835,-93.0348,-164.286,1.55E+00,3.76E+01,8.77E+01,1.76E+01
2836,-92.9688,-171.438,1.18E+00,3.32E+01,8.44E+01,1.93E+01
2837,-99.5426,-164.292,1.51E+00,3.70E+01,9.10E+01,1.52E+01
2838,-105.978,-164.297,1.46E+00,3.63E+01,9.31E+01,1.25E+01
2839,-99.6432,-157.143,1.86E+00,4.03E+01,9.40E+01,1.47E+01
2840,-106.062,-157.155,1.79E+00,3.96E+01,9.63E+01,1.22E+01
2841,-99.4814,-171.438,1.15E+00,3.25E+01,8.77E+01,1.67E+01
2842,-105.937,-171.44,1.11E+00,3.20E+01,9.00E+01,1.39E+01
2843,-79.8945,-164.294,1.62E+00,3.89E+01,8.15E+01,2.28E+01
2844,-86.4838,-164.288,1.59E+00,3.80E+01,8.38E+01,1.95E+01
2845,-79.9317,-157.148,2.02E+00,4.21E+01,8.42E+01,2.23E+01
2846,-86.5547,-157.141,1.97E+00,4.13E+01,8.69E+01,1.91E+01
2847,-79.8594,-171.439,1.23E+00,3.44E+01,7.86E+01,2.44E+01
2848,-86.4288,-171.437,1.20E+00,3.38E+01,8.09E+01,2.13E+01
2849,-143.729,-178.566,5.83E-01,2.61E+01,9.75E+01,1.09E+01
2850,-137.479,-178.568,6.22E-01,2.55E+01,9.73E+01,1.01E+01
2851,-131.229,-178.57,6.57E-01,2.47E+01,9.58E+01,1.04E+01
2852,-124.98,-178.572,6.88E-01,2.39E+01,9.36E+01,1.13E+01
2853,-118.679,-178.575,7.16E-01,2.37E+01,9.19E+01,1.33E+01
2854,-131.236,-185.717,3.72E-01,1.30E+01,9.11E+01,1.87E+01
2855,-131.243,-192.862,1.24E-01,2.33E+01,8.13E+01,4.47E+01
2856,-137.485,-185.716,3.54E-01,1.35E+01,9.30E+01,1.63E+01
2857,-143.735,-185.714,3.32E-01,1.41E+01,9.40E+01,1.41E+01
2858,-137.493,-192.861,1.18E-01,2.27E+01,8.38E+01,4.05E+01
2859,-143.743,-192.86,1.12E-01,2.20E+01,8.57E+01,3.52E+01
2860,-118.694,-185.717,4.03E-01,1.22E+01,8.66E+01,2.40E+01
2861,-124.986,-185.719,3.88E-01,1.24E+01,8.87E+01,2.10E+01
2862,-118.721,-192.859,1.34E-01,2.43E+01,7.56E+01,5.21E+01
2863,-124.993,-192.863,1.29E-01,2.39E+01,7.81E+01,4.81E+01
2864,-131.211,-157.121,1.49E+00,3.81E+01,1.04E+02,1.03E+01
2865,-131.217,-164.272,1.22E+00,3.55E+01,1.02E+02,1.03E+01
2866,-131.223,-171.422,9.46E-01,3.17E+01,9.92E+01,9.73E+00
2867,-137.467,-164.269,1.15E+00,3.57E+01,1.02E+02,1.17E+01
2868,-143.718,-164.266,1.07E+00,3.62E+01,1.00E+02,1.35E+01
2869,-137.462,-157.118,1.39E+00,3.80E+01,1.03E+02,1.17E+01
2870,-143.714,-157.116,1.29E+00,3.78E+01,1.01E+02,1.37E+01
2871,-137.473,-171.419,8.92E-01,3.23E+01,1.00E+02,1.08E+01
2872,-143.723,-171.416,8.32E-01,3.31E+01,9.95E+01,1.25E+01
2873,-118.68,-164.281,1.35E+00,3.59E+01,9.87E+01,1.02E+01
2874,-124.967,-164.275,1.29E+00,3.54E+01,9.99E+01,9.85E+00
2875,-118.691,-157.132,1.65E+00,3.91E+01,1.01E+02,1.00E+01
2876,-124.962,-157.124,1.58E+00,3.84E+01,1.03E+02,9.90E+00
2877,-118.675,-171.429,1.04E+00,3.14E+01,9.58E+01,1.06E+01
2878,-124.973,-171.425,9.94E-01,3.13E+01,9.72E+01,9.70E+00
2879,149.967,157.114,1.22E+00,9.78E+01,2.33E+01,1.07E+02
2880,149.969,164.264,1.03E+00,9.58E+01,2.27E+01,1.08E+02
2881,149.973,171.415,8.20E-01,9.45E+01,2.09E+01,1.09E+02
2882,149.978,178.566,5.85E-01,9.21E+01,1.79E+01,1.12E+02
2883,149.984,185.715,3.38E-01,8.43E+01,1.31E+01,1.19E+02
2884,149.991,192.861,1.12E-01,6.14E+01,1.17E+01,1.41E+02
2885,150,200,0.00E+00,4.45E+01,1.32E+01,1.57E+02
2886,143.75,200,0.00E+00,4.12E+01,1.28E+01,1.59E+02
2887,137.5,200,0.00E+00,3.77E+01,1.21E+01,1.60E+02
2888,131.25,200,0.00E+00,3.41E+01,1.15E+01,1.60E+02
2889,125,200,0.00E+00,3.04E+01,1.07E+01,1.60E+02
2890,118.75,200,0.00E+00,2.66E+01,9.99E+00,1.59E+02
2891,112.5,200,0.00E+00,2.32E+01,9.20E+00,1.56E+02
2892,106.25,200,0.00E+00,2.00E+01,7.84E+00,1.50E+02
2893,100,200,0.00E+00,1.60E+01,6.09E+00,1.45E+02
2894,93.3333,200,0.00E+00,1.08E+01,4.93E+00,1.46E+02
2895,86.6667,200,0.00E+00,6.12E+00,4.38E+00,1.47E+02
2896,80,200,0.00E+00,4.25E+00,4.14E+00,1.46E+02
2897,73.3333,200,0.00E+00,5.09E+00,4.20E+00,1.44E+02
2898,66.6667,200,0.00E+00,7.51E+00,4.49E+00,1.42E+02
2899,60,200,0.00E+00,1.02E+01,5.02E+00,1.40E+02
2900,53.3333,200,0.00E+00,1.29E+01,5.93E+00,1.38E+02
2901,46.6667,200,0.00E+00,1.55E+01,7.23E+00,1.36E+02
2902,40,200,0.00E+00,1.80E+01,8.73E+00,1.34E+02
2903,33.3333,200,0.00E+00,2.04E+01,1.03E+01,1.32E+02
2904,26.6667,200,0.00E+00,2.26E+01,1.19E+01,1.30E+02
2905,20,200,0.00E+00,2.47E+01,1.36E+01,1.28E+02
2906,13.3333,200,0.00E+00,2.66E+01,1.52E+01,1.26E+02
2907,6.66667,200,0.00E+00,2.84E+01,1.70E+01,1.24E+02
2908,0,200,0.00E+00,3.01E+01,1.87E+01,1.22E+02
2909,-6.66667,200,0.00E+00,3.17E+01,2.06E+01,1.20E+02
2910,-13.3333,200,0.00E+00,3.32E+01,2.24E+01,1.18E+02
2911,-20,200,0.00E+00,3.46E+01,2.44E+01,1.15E+02
2912,-26.6667,200,0.00E+00,3.60E+01,2.64E+01,1.13E+02
2913,-33.3333,200,0.00E+00,3.72E+01,2.85E+01,1.10E+02
2914,-40,200,0.00E+00,3.84E+01,3.07E+01,1.08E+02
2915,-46.6667,200,0.00E+00,3.95E+01,3.30E+01,1.05E+02
2916,-53.3333,200,0.00E+00,4.03E+01,3.54E+01,1.03E+02
2917,-60,200,0.00E+00,4.08E+01,3.79E+01,1.00E+02
2918,-66.6667,200,0.00E+00,4.12E+01,4.05E+01,9.80E+01
2919,-73.3333,200,0.00E+00,4.12E+01,4.33E+01,9.58E+01
2920,-80,200,0.00E+00,4.15E+01,4.62E+01,9.40E+01
2921,-86.6667,200,0.00E+00,4.28E+01,4.91E+01,9.26E+01
2922,-93.3333,200,0.00E+00,4.38E+01,5.26E+01,8.97E+01
2923,-100,200,0.00E+00,4.44E+01,5.62E+01,8.53E+01
2924,-106.25,200,0.00E+00,4.39E+01,5.98E+01,7.99E+01
2925,-112.5,200,0.00E+00,4.27E+01,6.30E+01,7.50E+01
2926,-118.75,200,0.00E+00,4.11E+01,6.60E+01,7.08E+01
2927,-125,200,0.00E+00,3.88E+01,6.90E+01,6.60E+01
2928,-131.25,200,0.00E+00,3.66E+01,7.18E+01,6.08E+01
2929,-137.5,200,0.00E+00,3.48E+01,7.46E+01,5.54E+01
2930,-143.75,200,0.00E+00,3.36E+01,7.72E+01,5.02E+01
2931,-150,200,0.00E+00,4.56E+01,4.52E+01,9.19E+01
2932,-149.992,192.858,8.88E-02,4.39E+01,4.54E+01,8.28E+01
2933,-149.984,185.713,2.87E-01,4.48E+01,4.87E+01,6.83E+01
2934,-149.978,178.565,5.27E-01,5.08E+01,5.38E+01,6.02E+01
2935,-149.973,171.416,7.70E-01,5.66E+01,5.71E+01,5.64E+01
2936,-149.969,164.266,1.00E+00,6.02E+01,5.91E+01,5.53E+01
2937,-149.967,157.118,1.21E+00,6.21E+01,6.03E+01,5.66E+01
2938,-0.000790119,192.87,1.57E-01,2.38E+01,2.83E+01,1.01E+02
2939,-0.000409636,185.733,5.00E-01,2.77E+01,4.15E+01,7.06E+01
2940,-0.000451971,178.595,9.16E-01,4.25E+01,4.71E+01,5.88E+01
2941,-0.000591147,171.456,1.36E+00,4.93E+01,5.02E+01,5.50E+01
2942,-0.000797796,164.317,1.82E+00,5.28E+01,5.23E+01,5.45E+01
2943,-0.00104504,157.177,2.29E+00,5.51E+01,5.41E+01,5.53E+01
2944,79.9635,192.873,1.50E-01,2.56E+01,1.24E+01,1.26E+02
2945,79.928,185.734,4.72E-01,5.63E+01,2.40E+01,9.83E+01
2946,79.9009,178.587,8.54E-01,6.96E+01,2.89E+01,8.90E+01
2947,79.9106,171.439,1.25E+00,7.59E+01,3.15E+01,8.72E+01
2948,79.9295,164.294,1.66E+00,8.02E+01,3.38E+01,8.81E+01
2949,79.9484,157.148,2.05E+00,8.47E+01,3.68E+01,8.94E+01
2950,118.711,192.859,1.35E-01,4.75E+01,1.19E+01,1.41E+02
2951,118.673,185.716,4.18E-01,7.67E+01,1.74E+01,1.16E+02
2952,118.645,178.575,7.44E-01,8.86E+01,2.29E+01,1.08E+02
2953,118.653,171.432,1.08E+00,9.38E+01,2.57E+01,1.06E+02
2954,118.671,164.283,1.40E+00,9.70E+01,2.76E+01,1.06E+02
2955,118.689,157.132,1.70E+00,1.01E+02,2.99E+01,1.07E+02
2956,124.944,178.573,7.19E-01,9.03E+01,2.16E+01,1.09E+02
2957,131.228,178.572,6.90E-01,9.15E+01,2.04E+01,1.11E+02
2958,137.478,178.57,6.59E-01,9.24E+01,1.95E+01,1.12E+02
2959,143.728,178.568,6.24E-01,9.27E+01,1.86E+01,1.12E+02
2960,131.235,185.719,3.91E-01,8.11E+01,1.51E+01,1.19E+02
2961,131.242,192.864,1.27E-01,5.39E+01,1.17E+01,1.43E+02
2962,124.958,185.718,4.05E-01,7.92E+01,1.61E+01,1.18E+02
2963,124.978,192.861,1.31E-01,5.08E+01,1.17E+01,1.42E+02
2964,143.734,185.716,3.57E-01,8.38E+01,1.37E+01,1.20E+02
2965,137.485,185.718,3.75E-01,8.26E+01,1.43E+01,1.19E+02
2966,143.741,192.862,1.17E-01,5.92E+01,1.17E+01,1.42E+02
2967,137.491,192.863,1.22E-01,5.66E+01,1.17E+01,1.43E+02
2968,131.212,157.12,1.53E+00,1.02E+02,2.83E+01,1.10E+02
2969,131.217,164.272,1.27E+00,9.88E+01,2.62E+01,1.09E+02
2970,131.222,171.423,9.88E-01,9.59E+01,2.39E+01,1.09E+02
2971,124.946,164.278,1.34E+00,9.81E+01,2.70E+01,1.08E+02
2972,124.951,157.126,1.62E+00,1.02E+02,2.92E+01,1.09E+02
2973,124.942,171.427,1.03E+00,9.49E+01,2.49E+01,1.08E+02
2974,143.718,164.266,1.12E+00,9.76E+01,2.39E+01,1.10E+02
2975,137.467,164.269,1.20E+00,9.86E+01,2.52E+01,1.10E+02
2976,143.714,157.115,1.33E+00,9.97E+01,2.50E+01,1.09E+02
2977,137.463,157.117,1.44E+00,1.02E+02,2.70E+01,1.10E+02
2978,143.722,171.417,8.82E-01,9.59E+01,2.18E+01,1.10E+02
2979,137.472,171.42,9.38E-01,9.63E+01,2.28E+01,1.10E+02
2980,86.4389,178.587,8.42E-01,7.25E+01,2.82E+01,9.16E+01
2981,92.9481,178.585,8.27E-01,7.59E+01,2.73E+01,9.46E+01
2982,99.4184,178.581,8.09E-01,7.97E+01,2.60E+01,9.82E+01
2983,105.862,178.577,7.90E-01,8.32E+01,2.49E+01,1.02E+02
2984,112.268,178.575,7.68E-01,8.62E+01,2.39E+01,1.05E+02
2985,99.5087,185.725,4.52E-01,6.66E+01,2.15E+01,1.05E+02
2986,99.6481,192.867,1.45E-01,3.68E+01,1.22E+01,1.28E+02
2987,93.0201,185.737,4.60E-01,6.28E+01,2.26E+01,1.02E+02
2988,86.493,185.741,4.67E-01,5.94E+01,2.35E+01,1.00E+02
2989,93.1465,192.886,1.47E-01,3.23E+01,1.21E+01,1.27E+02
2990,86.5774,192.882,1.49E-01,2.82E+01,1.22E+01,1.27E+02
2991,112.323,185.708,4.31E-01,7.37E+01,1.89E+01,1.13E+02
2992,105.935,185.712,4.42E-01,7.02E+01,2.02E+01,1.09E+02
2993,112.408,192.85,1.39E-01,4.40E+01,1.23E+01,1.38E+02
2994,106.061,192.846,1.43E-01,4.06E+01,1.25E+01,1.33E+02
2995,99.6553,157.14,1.90E+00,9.64E+01,3.19E+01,1.01E+02
2996,99.5559,164.288,1.54E+00,9.12E+01,3.05E+01,9.95E+01
2997,99.4613,171.435,1.18E+00,8.63E+01,2.85E+01,9.76E+01
2998,93.0557,164.28,1.59E+00,8.74E+01,3.12E+01,9.55E+01
2999,86.516,164.281,1.62E+00,8.36E+01,3.22E+01,9.16E+01
3000,93.1474,157.128,1.96E+00,9.24E+01,3.32E+01,9.69E+01
3001,86.5734,157.138,2.01E+00,8.81E+01,3.50E+01,9.28E+01
3002,92.9819,171.431,1.21E+00,8.26E+01,2.96E+01,9.38E+01
3003,86.462,171.432,1.23E+00,7.90E+01,3.04E+01,9.02E+01
3004,112.344,164.296,1.45E+00,9.59E+01,2.84E+01,1.05E+02
3005,105.969,164.297,1.50E+00,9.42E+01,2.95E+01,1.03E+02
3006,112.401,157.143,1.77E+00,1.00E+02,3.05E+01,1.05E+02
3007,106.061,157.152,1.84E+00,9.87E+01,3.11E+01,1.03E+02
3008,112.29,171.44,1.11E+00,9.22E+01,2.64E+01,1.04E+02
3009,105.896,171.44,1.15E+00,8.97E+01,2.74E+01,1.01E+02
3010,39.9971,192.869,1.56E-01,2.38E+01,1.84E+01,1.13E+02
3011,39.9954,185.732,4.96E-01,3.96E+01,3.18E+01,8.42E+01
3012,39.9934,178.593,9.05E-01,5.40E+01,3.74E+01,7.34E+01
3013,39.9912,171.453,1.34E+00,6.07E+01,4.07E+01,7.03E+01
3014,39.9888,164.313,1.79E+00,6.45E+01,4.29E+01,7.03E+01
3015,39.9863,157.171,2.24E+00,6.75E+01,4.51E+01,7.10E+01
3016,46.6589,178.592,8.99E-01,5.64E+01,3.59E+01,7.60E+01
3017,53.3244,178.592,8.93E-01,5.89E+01,3.43E+01,7.86E+01
3018,59.9898,178.591,8.85E-01,6.15E+01,3.27E+01,8.13E+01
3019,66.6552,178.589,8.76E-01,6.42E+01,3.11E+01,8.40E+01
3020,73.2853,178.589,8.66E-01,6.69E+01,2.98E+01,8.66E+01
3021,59.9931,185.731,4.86E-01,4.73E+01,2.70E+01,9.15E+01
3022,59.996,192.869,1.54E-01,2.38E+01,1.42E+01,1.20E+02
3023,53.3273,185.731,4.90E-01,4.46E+01,2.85E+01,8.90E+01
3024,46.6614,185.732,4.93E-01,4.20E+01,3.02E+01,8.66E+01
3025,53.3297,192.869,1.55E-01,2.38E+01,1.54E+01,1.18E+02
3026,46.6634,192.869,1.55E-01,2.38E+01,1.68E+01,1.16E+02
3027,73.2974,185.732,4.78E-01,5.32E+01,2.47E+01,9.62E+01
3028,66.659,185.73,4.82E-01,5.02E+01,2.56E+01,9.39E+01
3029,73.3142,192.871,1.51E-01,2.43E+01,1.28E+01,1.24E+02
3030,66.6623,192.868,1.53E-01,2.40E+01,1.33E+01,1.22E+02
3031,59.9792,157.163,2.16E+00,7.52E+01,4.10E+01,7.96E+01
3032,59.9829,164.307,1.74E+00,7.17E+01,3.85E+01,7.89E+01
3033,59.9865,171.449,1.31E+00,6.80E+01,3.61E+01,7.87E+01
3034,53.3183,164.309,1.76E+00,6.92E+01,4.00E+01,7.60E+01
3035,46.6536,164.311,1.77E+00,6.68E+01,4.14E+01,7.31E+01
3036,53.315,157.166,2.19E+00,7.25E+01,4.23E+01,7.67E+01
3037,46.6507,157.169,2.22E+00,6.99E+01,4.37E+01,7.38E+01
3038,53.3214,171.451,1.32E+00,6.55E+01,3.76E+01,7.59E+01
3039,46.6563,171.452,1.33E+00,6.31E+01,3.91E+01,7.31E+01
3040,73.2907,164.299,1.69E+00,7.71E+01,3.55E+01,8.48E+01
3041,66.6475,164.304,1.71E+00,7.43E+01,3.71E+01,8.17E+01
3042,73.2968,157.154,2.09E+00,8.12E+01,3.83E+01,8.59E+01
3043,66.6434,157.16,2.13E+00,7.80E+01,3.97E+01,8.26E+01
3044,73.2852,171.444,1.27E+00,7.31E+01,3.29E+01,8.43E+01
3045,66.6514,171.448,1.29E+00,7.05E+01,3.45E+01,8.15E+01
3046,6.66522,178.595,9.17E-01,4.41E+01,4.54E+01,6.12E+01
3047,13.3309,178.595,9.17E-01,4.59E+01,4.38E+01,6.36E+01
3048,19.9965,178.595,9.16E-01,4.78E+01,4.22E+01,6.60E+01
3049,26.6622,178.594,9.14E-01,4.97E+01,4.06E+01,6.84E+01
3050,33.3278,178.594,9.10E-01,5.18E+01,3.90E+01,7.09E+01
3051,19.9976,185.733,5.01E-01,3.32E+01,3.66E+01,7.73E+01
3052,19.9982,192.87,1.57E-01,2.39E+01,2.32E+01,1.07E+02
3053,13.3316,185.733,5.01E-01,3.12E+01,3.82E+01,7.51E+01
3054,6.66559,185.733,5.01E-01,2.94E+01,3.98E+01,7.28E+01
3055,13.3319,192.87,1.57E-01,2.39E+01,2.49E+01,1.05E+02
3056,6.66554,192.87,1.57E-01,2.39E+01,2.66E+01,1.03E+02
3057,33.3295,185.732,4.98E-01,3.73E+01,3.34E+01,8.19E+01
3058,26.6635,185.733,5.00E-01,3.52E+01,3.50E+01,7.96E+01
3059,33.3308,192.869,1.57E-01,2.38E+01,2.00E+01,1.11E+02
3060,26.6645,192.87,1.57E-01,2.38E+01,2.16E+01,1.09E+02
3061,19.9928,157.176,2.28E+00,6.07E+01,4.94E+01,6.29E+01
3062,19.9941,164.316,1.82E+00,5.81E+01,4.74E+01,6.22E+01
3063,19.9954,171.456,1.36E+00,5.45E+01,4.53E+01,6.25E+01
3064,13.3292,164.317,1.82E+00,5.63E+01,4.90E+01,5.96E+01
3065,6.6642,164.317,1.82E+00,5.45E+01,5.06E+01,5.70E+01
3066,13.3282,157.177,2.28E+00,5.87E+01,5.09E+01,6.03E+01
3067,6.66359,157.177,2.29E+00,5.69E+01,5.25E+01,5.78E+01
3068,13.3301,171.456,1.36E+00,5.27E+01,4.69E+01,6.00E+01
3069,6.66475,171.456,1.36E+00,5.09E+01,4.85E+01,5.75E+01
3070,33.324,164.314,1.80E+00,6.22E+01,4.43E+01,6.75E+01
3071,26.6591,164.315,1.81E+00,6.01E+01,4.58E+01,6.48E+01
3072,33.3219,157.173,2.25E+00,6.51E+01,4.65E+01,6.83E+01
3073,26.6574,157.175,2.27E+00,6.29E+01,4.79E+01,6.56E+01
3074,33.3259,171.454,1.35E+00,5.85E+01,4.22E+01,6.77E+01
3075,26.6607,171.455,1.36E+00,5.65E+01,4.37E+01,6.51E+01
3076,-73.3093,192.871,1.44E-01,2.33E+01,5.22E+01,7.46E+01
3077,-73.2841,185.732,4.55E-01,1.45E+01,6.45E+01,4.45E+01
3078,-73.2652,178.587,8.30E-01,2.80E+01,7.00E+01,3.20E+01
3079,-73.2709,171.441,1.23E+00,3.47E+01,7.33E+01,2.74E+01
3080,-73.2828,164.298,1.63E+00,3.83E+01,7.57E+01,2.65E+01
3081,-73.2948,157.154,2.04E+00,4.00E+01,7.77E+01,2.80E+01
3082,-33.3324,192.869,1.53E-01,2.37E+01,3.79E+01,8.90E+01
3083,-33.3303,185.732,4.88E-01,2.03E+01,5.08E+01,5.90E+01
3084,-33.3287,178.593,8.94E-01,3.51E+01,5.64E+01,4.70E+01
3085,-33.3272,171.454,1.33E+00,4.20E+01,5.95E+01,4.28E+01
3086,-33.3256,164.313,1.78E+00,4.56E+01,6.16E+01,4.20E+01
3087,-33.3241,157.173,2.23E+00,4.74E+01,6.33E+01,4.30E+01
3088,-26.663,178.594,9.01E-01,3.65E+01,5.44E+01,4.94E+01
3089,-19.9975,178.594,9.07E-01,3.79E+01,5.25E+01,5.17E+01
3090,-13.3318,178.595,9.11E-01,3.93E+01,5.06E+01,5.41E+01
3091,-6.66611,178.595,9.14E-01,4.09E+01,4.88E+01,5.65E+01
3092,-19.9984,185.733,4.95E-01,2.31E+01,4.69E+01,6.37E+01
3093,-19.9998,192.869,1.55E-01,2.38E+01,3.39E+01,9.38E+01
3094,-26.6643,185.732,4.92E-01,2.17E+01,4.88E+01,6.14E+01
3095,-26.666,192.869,1.54E-01,2.37E+01,3.58E+01,9.15E+01
3096,-6.66639,185.733,4.99E-01,2.61E+01,4.33E+01,6.83E+01
3097,-13.3324,185.733,4.97E-01,2.46E+01,4.51E+01,6.60E+01
3098,-6.6671,192.87,1.57E-01,2.38E+01,3.01E+01,9.84E+01
3099,-13.3335,192.87,1.56E-01,2.38E+01,3.19E+01,9.61E+01
3100,-19.995,157.176,2.26E+00,5.02E+01,5.94E+01,4.79E+01
3101,-19.9958,164.316,1.80E+00,4.83E+01,5.77E+01,4.70E+01
3102,-19.9966,171.455,1.35E+00,4.47E+01,5.56E+01,4.77E+01
3103,-26.6607,164.315,1.79E+00,4.69E+01,5.96E+01,4.45E+01
3104,-26.6595,157.174,2.25E+00,4.88E+01,6.13E+01,4.54E+01
3105,-26.6618,171.455,1.34E+00,4.34E+01,5.75E+01,4.53E+01
3106,-6.66578,164.317,1.82E+00,5.12E+01,5.40E+01,5.20E+01
3107,-13.3308,164.316,1.81E+00,4.97E+01,5.58E+01,4.95E+01
3108,-6.66567,157.177,2.28E+00,5.34E+01,5.58E+01,5.28E+01
3109,-13.3304,157.177,2.27E+00,5.18E+01,5.76E+01,5.03E+01
3110,-6.66591,171.456,1.36E+00,4.77E+01,5.19E+01,5.26E+01
3111,-13.3312,171.456,1.35E+00,4.62E+01,5.37E+01,5.01E+01
3112,-66.6329,178.588,8.44E-01,2.88E+01,6.76E+01,3.43E+01
3113,-59.991,178.589,8.56E-01,2.99E+01,6.52E+01,3.69E+01
3114,-53.3254,178.591,8.68E-01,3.12E+01,6.29E+01,3.95E+01
3115,-46.6599,178.592,8.78E-01,3.25E+01,6.06E+01,4.20E+01
3116,-39.9944,178.592,8.87E-01,3.38E+01,5.85E+01,4.45E+01
3117,-53.3281,185.73,4.75E-01,1.66E+01,5.74E+01,5.15E+01
3118,-53.3313,192.868,1.49E-01,2.35E+01,4.46E+01,8.14E+01
3119,-59.9941,185.73,4.69E-01,1.56E+01,5.97E+01,4.90E+01
3120,-66.6416,185.731,4.62E-01,1.49E+01,6.21E+01,4.67E+01
3121,-59.9976,192.868,1.48E-01,2.34E+01,4.70E+01,7.90E+01
3122,-66.6544,192.87,1.46E-01,2.33E+01,4.95E+01,7.68E+01
3123,-39.9963,185.731,4.84E-01,1.90E+01,5.29E+01,5.66E+01
3124,-46.6622,185.731,4.80E-01,1.77E+01,5.51E+01,5.40E+01
3125,-39.9987,192.869,1.52E-01,2.36E+01,4.00E+01,8.65E+01
3126,-46.6649,192.869,1.51E-01,2.36E+01,4.23E+01,8.39E+01
3127,-53.3174,157.166,2.15E+00,4.36E+01,6.99E+01,3.57E+01
3128,-53.3202,164.308,1.72E+00,4.19E+01,6.82E+01,3.46E+01
3129,-53.3228,171.45,1.29E+00,3.83E+01,6.61E+01,3.53E+01
3130,-59.9849,164.306,1.69E+00,4.07E+01,7.06E+01,3.20E+01
3131,-66.6354,164.302,1.66E+00,3.95E+01,7.30E+01,2.93E+01
3132,-59.9818,157.163,2.12E+00,4.24E+01,7.23E+01,3.32E+01
3133,-66.639,157.158,2.08E+00,4.12E+01,7.50E+01,3.07E+01
3134,-59.9879,171.448,1.27E+00,3.70E+01,6.84E+01,3.27E+01
3135,-66.6322,171.445,1.25E+00,3.58E+01,7.08E+01,3.00E+01
3136,-39.9906,164.312,1.76E+00,4.43E+01,6.38E+01,3.96E+01
3137,-46.6553,164.31,1.74E+00,4.31E+01,6.59E+01,3.71E+01
3138,-39.9886,157.171,2.21E+00,4.61E+01,6.54E+01,4.06E+01
3139,-46.653,157.169,2.18E+00,4.48E+01,6.76E+01,3.81E+01
3140,-39.9925,171.453,1.32E+00,4.07E+01,6.16E+01,4.04E+01
3141,-46.6576,171.451,1.30E+00,3.95E+01,6.38E+01,3.79E+01
3142,-112.442,192.854,1.26E-01,2.40E+01,7.07E+01,5.59E+01
3143,-112.389,185.714,3.96E-01,1.28E+01,8.16E+01,2.88E+01
3144,-112.356,178.573,7.16E-01,2.48E+01,8.68E+01,1.79E+01
3145,-112.359,171.435,1.05E+00,3.13E+01,9.01E+01,1.38E+01
3146,-112.377,164.293,1.38E+00,3.43E+01,9.26E+01,1.28E+01
3147,-112.419,157.143,1.71E+00,3.46E+01,9.46E+01,1.36E+01
3148,-105.924,178.573,7.39E-01,2.52E+01,8.42E+01,2.05E+01
3149,-99.4617,178.577,7.60E-01,2.56E+01,8.13E+01,2.31E+01
3150,-92.9433,178.584,7.80E-01,2.61E+01,7.82E+01,2.55E+01
3151,-86.4082,178.588,7.98E-01,2.67E+01,7.52E+01,2.77E+01
3152,-79.8456,178.589,8.15E-01,2.73E+01,7.24E+01,2.98E+01
3153,-93.0143,185.73,4.28E-01,1.34E+01,7.24E+01,3.85E+01
3154,-93.1397,192.88,1.35E-01,2.43E+01,6.06E+01,6.87E+01
3155,-99.5315,185.719,4.18E-01,1.32E+01,7.55E+01,3.57E+01
3156,-105.971,185.708,4.08E-01,1.30E+01,7.87E+01,3.24E+01
3157,-99.653,192.859,1.32E-01,2.46E+01,6.41E+01,6.49E+01
3158,-106.077,192.843,1.30E-01,2.45E+01,6.76E+01,6.03E+01
3159,-79.8828,185.736,4.47E-01,1.41E+01,6.69E+01,4.26E+01
3160,-86.4645,185.737,4.38E-01,1.37E+01,6.94E+01,4.07E+01
3161,-79.9407,192.876,1.41E-01,2.34E+01,5.48E+01,7.28E+01
3162,-86.5617,192.879,1.38E-01,2.39E+01,5.75E+01,7.12E+01
3163,-93.1374,157.131,1.89E+00,3.63E+01,8.75E+01,1.97E+01
3164,-93.0362,164.286,1.52E+00,3.56E+01,8.51E+01,1.90E+01
3165,-92.9698,171.437,1.15E+00,3.25E+01,8.21E+01,2.04E+01
3166,-99.5443,164.291,1.48E+00,3.51E+01,8.80E+01,1.68E+01
3167,-105.98,164.297,1.43E+00,3.46E+01,9.04E+01,1.46E+01
3168,-99.6456,157.144,1.84E+00,3.55E+01,9.02E+01,1.74E+01
3169,-106.065,157.157,1.78E+00,3.50E+01,9.25E+01,1.54E+01
3170,-99.4825,171.437,1.12E+00,3.20E+01,8.51E+01,1.81E+01
3171,-105.938,171.439,1.09E+00,3.16E+01,8.77E+01,1.59E+01
3172,-79.8954,164.293,1.60E+00,3.71E+01,7.87E+01,2.38E+01
3173,-86.485,164.288,1.56E+00,3.63E+01,8.19E+01,2.13E+01
3174,-79.9332,157.149,1.99E+00,3.87E+01,8.09E+01,2.52E+01
3175,-86.5564,157.141,1.95E+00,3.74E+01,8.43E+01,2.24E+01
3176,-79.8599,171.439,1.20E+00,3.38E+01,7.60E+01,2.49E+01
3177,-86.4296,171.436,1.18E+00,3.31E+01,7.90E+01,2.27E+01
3178,-143.73,178.567,5.56E-01,1.83E+01,9.25E+01,1.22E+01
3179,-137.48,178.568,5.94E-01,2.19E+01,9.33E+01,1.14E+01
3180,-131.23,178.57,6.30E-01,2.32E+01,9.24E+01,1.19E+01
3181,-124.981,178.573,6.62E-01,2.37E+01,9.10E+01,1.32E+01
3182,-118.68,178.574,6.91E-01,2.42E+01,8.91E+01,1.53E+01
3183,-131.237,185.717,3.48E-01,1.25E+01,8.77E+01,2.06E+01
3184,-131.244,192.862,1.11E-01,2.11E+01,7.83E+01,4.40E+01
3185,-137.487,185.716,3.27E-01,1.18E+01,8.90E+01,1.94E+01
3186,-143.736,185.714,3.02E-01,1.09E+01,8.84E+01,2.04E+01
3187,-137.493,192.861,1.03E-01,2.03E+01,8.04E+01,4.04E+01
3188,-143.743,192.86,9.35E-02,2.08E+01,8.14E+01,3.82E+01
3189,-118.694,185.717,3.82E-01,1.26E+01,8.41E+01,2.55E+01
3190,-124.987,185.719,3.67E-01,1.26E+01,8.62E+01,2.28E+01
3191,-118.721,192.859,1.22E-01,2.32E+01,7.35E+01,5.19E+01
3192,-124.994,192.863,1.17E-01,2.22E+01,7.61E+01,4.79E+01
3193,-131.214,157.124,1.49E+00,3.36E+01,9.81E+01,9.35E+00
3194,-131.219,164.273,1.21E+00,3.27E+01,9.70E+01,9.02E+00
3195,-131.224,171.422,9.22E-01,2.93E+01,9.52E+01,9.39E+00
3196,-137.469,164.271,1.14E+00,3.18E+01,9.70E+01,8.68E+00
3197,-143.719,164.268,1.07E+00,3.01E+01,9.49E+01,8.31E+00
3198,-137.464,157.121,1.40E+00,3.32E+01,9.73E+01,8.67E+00
3199,-143.715,157.119,1.31E+00,3.28E+01,9.45E+01,8.81E+00
3200,-137.474,171.42,8.70E-01,2.82E+01,9.56E+01,8.93E+00
3201,-143.724,171.418,8.17E-01,2.56E+01,9.43E+01,9.02E+00
3202,-118.682,164.282,1.33E+00,3.40E+01,9.44E+01,1.12E+01
3203,-124.969,164.276,1.27E+00,3.34E+01,9.59E+01,9.85E+00
3204,-118.694,157.134,1.64E+00,3.43E+01,9.64E+01,1.20E+01
3205,-124.964,157.127,1.57E+00,3.40E+01,9.75E+01,1.05E+01
3206,-118.677,171.429,1.01E+00,3.08E+01,9.22E+01,1.19E+01
3207,-124.975,171.425,9.69E-01,3.00E+01,9.39E+01,1.03E+01
3208,-157.143,200,0.00E+00,5.69E+01,1.22E+01,1.37E+02
3209,-164.286,200,0.00E+00,5.48E+01,1.23E+01,1.37E+02
3210,-171.429,200,0.00E+00,5.35E+01,1.12E+01,1.33E+02
3211,-178.571,200,0.00E+00,5.26E+01,9.13E+00,1.26E+02
3212,-185.714,200,0.00E+00,5.15E+01,6.46E+00,1.15E+02
3213,-192.857,200,0.00E+00,4.70E+01,4.33E+00,9.38E+01
3214,-200,200,0.00E+00,4.31E+01,3.56E+00,7.99E+01
3215,-200,192.857,0.00E+00,4.65E+01,4.32E+00,9.37E+01
3216,-200,185.714,0.00E+00,4.99E+01,6.58E+00,1.15E+02
3217,-200,178.571,0.00E+00,4.93E+01,9.45E+00,1.29E+02
3218,-200,171.429,0.00E+00,4.74E+01,1.14E+01,1.37E+02
3219,-200,164.286,0.00E+00,4.37E+01,1.23E+01,1.43E+02
3220,-200,157.143,0.00E+00,3.90E+01,1.34E+01,1.50E+02
3221,-200,150,0.00E+00,3.59E+01,1.48E+01,1.57E+02
3222,-200,143.75,0.00E+00,3.47E+01,1.50E+01,1.58E+02
3223,-200,137.5,0.00E+00,3.31E+01,1.36E+01,1.55E+02
3224,-200,131.25,0.00E+00,3.00E+01,1.20E+01,1.54E+02
3225,-200,125,0.00E+00,2.60E+01,1.06E+01,1.53E+02
3226,-200,118.75,0.00E+00,2.21E+01,9.40E+00,1.52E+02
3227,-200,112.5,0.00E+00,1.83E+01,8.11E+00,1.51E+02
3228,-200,106.25,0.00E+00,1.50E+01,6.96E+00,1.50E+02
3229,-200,100,0.00E+00,1.22E+01,5.81E+00,1.46E+02
3230,-200,93.3333,0.00E+00,8.56E+00,4.80E+00,1.43E+02
3231,-200,86.6667,0.00E+00,5.05E+00,4.22E+00,1.44E+02
3232,-200,80,0.00E+00,4.27E+00,3.96E+00,1.43E+02
3233,-200,73.3333,0.00E+00,5.96E+00,4.12E+00,1.41E+02
3234,-200,66.6667,0.00E+00,8.56E+00,4.69E+00,1.39E+02
3235,-200,60,0.00E+00,1.13E+01,5.56E+00,1.38E+02
3236,-200,53.3333,0.00E+00,1.40E+01,6.70E+00,1.36E+02
3237,-200,46.6667,0.00E+00,1.66E+01,8.03E+00,1.34E+02
3238,-200,40,0.00E+00,1.90E+01,9.47E+00,1.33E+02
3239,-200,33.3333,0.00E+00,2.14E+01,1.10E+01,1.31E+02
3240,-200,26.6667,0.00E+00,2.36E+01,1.25E+01,1.29E+02
3241,-200,20,0.00E+00,2.56E+01,1.41E+01,1.27E+02
3242,-200,13.3333,0.00E+00,2.76E+01,1.57E+01,1.26E+02
3243,-200,6.66667,0.00E+00,2.94E+01,1.74E+01,1.24E+02
3244,-200,-5.33E-14,0.00E+00,3.11E+01,1.92E+01,1.22E+02
3245,-200,-6.66667,0.00E+00,3.28E+01,2.11E+01,1.20E+02
3246,-200,-13.3333,0.00E+00,3.43E+01,2.30E+01,1.18E+02
3247,-200,-20,0.00E+00,3.57E+01,2.50E+01,1.16E+02
3248,-200,-26.6667,0.00E+00,3.70E+01,2.70E+01,1.13E+02
3249,-200,-33.3333,0.00E+00,3.82E+01,2.92E+01,1.11E+02
3250,-200,-40,0.00E+00,3.93E+01,3.14E+01,1.09E+02
3251,-200,-46.6667,0.00E+00,4.03E+01,3.38E+01,1.07E+02
3252,-200,-53.3333,0.00E+00,4.12E+01,3.63E+01,1.04E+02
3253,-200,-60,0.00E+00,4.20E+01,3.89E+01,1.02E+02
3254,-200,-66.6667,0.00E+00,4.26E+01,4.16E+01,9.91E+01
3255,-200,-73.3333,0.00E+00,4.32E+01,4.45E+01,9.64E+01
3256,-200,-80,0.00E+00,4.36E+01,4.75E+01,9.35E+01
3257,-200,-86.6667,0.00E+00,4.38E+01,5.08E+01,9.05E+01
3258,-200,-93.3333,0.00E+00,4.39E+01,5.42E+01,8.83E+01
3259,-200,-100,0.00E+00,4.51E+01,5.76E+01,8.72E+01
3260,-200,-106.25,0.00E+00,4.62E+01,6.16E+01,8.30E+01
3261,-200,-112.5,0.00E+00,4.60E+01,6.54E+01,7.62E+01
3262,-200,-118.75,0.00E+00,4.61E+01,6.83E+01,7.09E+01
3263,-200,-125,0.00E+00,4.65E+01,7.12E+01,6.60E+01
3264,-200,-131.25,0.00E+00,4.63E+01,7.43E+01,5.98E+01
3265,-200,-137.5,0.00E+00,4.46E+01,7.73E+01,5.22E+01
3266,-200,-143.75,0.00E+00,4.33E+01,7.91E+01,4.47E+01
3267,-200,-150,0.00E+00,3.86E+01,8.08E+01,3.60E+01
3268,-200,-157.143,0.00E+00,3.12E+01,8.11E+01,3.09E+01
3269,-200,-164.286,0.00E+00,2.50E+01,8.12E+01,2.80E+01
3270,-200,-171.429,0.00E+00,1.78E+01,8.24E+01,2.08E+01
3271,-200,-178.571,0.00E+00,1.06E+01,8.17E+01,1.33E+01
3272,-200,-185.714,0.00E+00,6.07E+00,7.89E+01,8.68E+00
3273,-200,-192.857,0.00E+00,4.37E+00,6.98E+01,6.03E+00
3274,-200,-200,0.00E+00,3.79E+00,6.27E+01,4.63E+00
3275,-192.857,-200,0.00E+00,4.40E+00,7.06E+01,6.12E+00
3276,-185.714,-200,0.00E+00,6.07E+00,8.10E+01,8.60E+00
3277,-178.571,-200,0.00E+00,1.07E+01,8.49E+01,1.25E+01
3278,-171.429,-200,0.00E+00,1.83E+01,8.61E+01,1.97E+01
3279,-164.286,-200,0.00E+00,2.56E+01,8.54E+01,2.85E+01
3280,-157.143,-200,0.00E+00,3.11E+01,8.40E+01,3.74E+01
3281,-192.87,-0.000653386,1.58E-01,2.38E+01,2.89E+01,1.00E+02
3282,-185.733,-7.51E-05,5.02E-01,2.67E+01,4.23E+01,7.01E+01
3283,-178.595,0.00012795,9.19E-01,4.13E+01,4.79E+01,5.82E+01
3284,-171.457,0.000279715,1.37E+00,4.81E+01,5.11E+01,5.41E+01
3285,-164.318,0.000405613,1.82E+00,5.17E+01,5.32E+01,5.33E+01
3286,-157.178,0.000529367,2.29E+00,5.40E+01,5.50E+01,5.38E+01
3287,-192.866,99.7874,1.41E-01,3.28E+01,1.14E+01,1.28E+02
3288,-185.725,99.7828,4.41E-01,6.24E+01,2.01E+01,1.03E+02
3289,-178.581,99.7777,7.94E-01,7.54E+01,2.52E+01,9.52E+01
3290,-171.437,99.7726,1.16E+00,8.16E+01,2.85E+01,9.40E+01
3291,-164.29,99.7674,1.53E+00,8.54E+01,3.06E+01,9.58E+01
3292,-157.142,99.7619,1.89E+00,8.86E+01,3.16E+01,9.88E+01
3293,-192.862,150.434,1.08E-01,5.45E+01,1.21E+01,1.40E+02
3294,-185.716,150.427,3.32E-01,7.94E+01,1.25E+01,1.17E+02
3295,-178.567,150.421,5.83E-01,8.73E+01,1.75E+01,1.08E+02
3296,-171.418,150.417,8.24E-01,8.94E+01,2.05E+01,1.05E+02
3297,-164.268,150.414,1.04E+00,8.97E+01,2.31E+01,1.03E+02
3298,-157.118,150.413,1.24E+00,9.15E+01,2.78E+01,1.04E+02
3299,-178.565,157.305,5.35E-01,8.45E+01,1.79E+01,1.06E+02
3300,-178.563,164.268,4.75E-01,8.02E+01,1.79E+01,1.03E+02
3301,-178.56,171.413,3.99E-01,7.47E+01,1.74E+01,1.00E+02
3302,-178.559,178.56,3.04E-01,6.98E+01,1.63E+01,9.91E+01
3303,-178.56,185.708,1.90E-01,6.67E+01,1.31E+01,1.03E+02
3304,-178.564,192.857,6.98E-02,5.90E+01,9.96E+00,1.17E+02
3305,-185.71,171.416,2.42E-01,7.18E+01,1.30E+01,1.07E+02
3306,-192.859,171.421,8.32E-02,5.85E+01,1.08E+01,1.25E+02
3307,-185.712,164.272,2.81E-01,7.62E+01,1.25E+01,1.11E+02
3308,-185.714,157.31,3.10E-01,7.85E+01,1.25E+01,1.14E+02
3309,-192.86,164.278,9.42E-02,5.81E+01,1.07E+01,1.30E+02
3310,-192.876,157.286,1.02E-01,5.63E+01,1.12E+01,1.35E+02
3311,-185.707,185.707,1.27E-01,5.92E+01,1.28E+01,1.00E+02
3312,-192.855,185.708,4.77E-02,5.29E+01,9.29E+00,1.08E+02
3313,-185.708,178.561,1.92E-01,6.56E+01,1.35E+01,1.03E+02
3314,-192.857,178.564,6.82E-02,5.67E+01,1.04E+01,1.18E+02
3315,-185.708,192.855,4.94E-02,5.39E+01,9.18E+00,1.07E+02
3316,-192.854,192.853,1.96E-02,4.88E+01,6.46E+00,9.79E+01
3317,-157.118,171.414,7.16E-01,8.76E+01,2.13E+01,1.03E+02
3318,-164.264,171.413,6.37E-01,8.27E+01,2.09E+01,1.02E+02
3319,-171.412,171.412,5.32E-01,7.76E+01,1.97E+01,9.92E+01
3320,-164.265,164.264,7.96E-01,8.34E+01,2.23E+01,1.01E+02
3321,-164.266,157.299,9.31E-01,8.58E+01,2.27E+01,1.02E+02
3322,-157.116,164.265,9.14E-01,8.86E+01,2.40E+01,1.02E+02
3323,-157.102,157.268,1.09E+00,8.89E+01,2.59E+01,1.03E+02
3324,-171.414,164.265,6.50E-01,8.09E+01,2.08E+01,1.00E+02
3325,-171.416,157.301,7.46E-01,8.55E+01,2.09E+01,1.03E+02
3326,-164.277,192.859,8.94E-02,6.48E+01,1.02E+01,1.25E+02
3327,-164.271,185.712,2.65E-01,7.80E+01,1.18E+01,1.10E+02
3328,-164.267,178.563,4.57E-01,8.18E+01,1.75E+01,1.04E+02
3329,-157.127,185.713,2.80E-01,7.93E+01,1.11E+01,1.13E+02
3330,-157.134,192.859,9.01E-02,6.60E+01,9.93E+00,1.27E+02
3331,-157.122,178.564,5.00E-01,8.51E+01,1.70E+01,1.06E+02
3332,-171.416,185.71,2.36E-01,7.36E+01,1.23E+01,1.07E+02
3333,-171.421,192.858,8.26E-02,6.25E+01,1.02E+01,1.22E+02
3334,-171.413,178.561,3.92E-01,7.61E+01,1.72E+01,1.01E+02
3335,-178.58,106.148,7.75E-01,7.82E+01,2.41E+01,9.80E+01
3336,-178.578,112.482,7.55E-01,8.09E+01,2.31E+01,1.01E+02
3337,-178.576,118.731,7.33E-01,8.35E+01,2.20E+01,1.03E+02
3338,-178.574,124.98,7.09E-01,8.59E+01,2.06E+01,1.05E+02
3339,-178.573,131.23,6.82E-01,8.78E+01,1.90E+01,1.07E+02
3340,-178.571,137.479,6.53E-01,8.90E+01,1.77E+01,1.08E+02
3341,-178.569,143.911,6.21E-01,8.88E+01,1.72E+01,1.08E+02
3342,-185.721,124.986,3.97E-01,7.39E+01,1.51E+01,1.13E+02
3343,-192.864,124.992,1.28E-01,4.58E+01,1.12E+01,1.36E+02
3344,-185.723,112.488,4.21E-01,6.83E+01,1.79E+01,1.08E+02
3345,-192.865,112.493,1.35E-01,3.90E+01,1.13E+01,1.33E+02
3346,-185.724,106.153,4.31E-01,6.54E+01,1.91E+01,1.06E+02
3347,-192.858,106.173,1.38E-01,3.58E+01,1.14E+01,1.31E+02
3348,-185.722,118.737,4.10E-01,7.12E+01,1.65E+01,1.11E+02
3349,-192.865,118.743,1.32E-01,4.24E+01,1.12E+01,1.35E+02
3350,-185.719,137.486,3.68E-01,7.83E+01,1.26E+01,1.17E+02
3351,-192.863,137.492,1.19E-01,5.18E+01,1.17E+01,1.39E+02
3352,-185.72,131.236,3.83E-01,7.63E+01,1.36E+01,1.15E+02
3353,-192.864,131.242,1.24E-01,4.90E+01,1.13E+01,1.37E+02
3354,-185.718,143.917,3.51E-01,7.94E+01,1.24E+01,1.18E+02
3355,-192.846,143.893,1.14E-01,5.34E+01,1.22E+01,1.41E+02
3356,-157.128,124.964,1.63E+00,9.57E+01,2.81E+01,1.07E+02
3357,-164.278,124.969,1.33E+00,9.38E+01,2.64E+01,1.05E+02
3358,-171.427,124.975,1.03E+00,9.12E+01,2.41E+01,1.04E+02
3359,-164.281,118.72,1.39E+00,9.25E+01,2.71E+01,1.03E+02
3360,-164.284,112.471,1.44E+00,9.08E+01,2.82E+01,1.02E+02
3361,-164.287,106.137,1.48E+00,8.84E+01,2.95E+01,9.89E+01
3362,-157.135,112.466,1.77E+00,9.32E+01,2.97E+01,1.04E+02
3363,-157.131,118.715,1.70E+00,9.47E+01,2.88E+01,1.06E+02
3364,-157.146,106.146,1.83E+00,9.14E+01,3.06E+01,1.02E+02
3365,-171.432,112.476,1.10E+00,8.71E+01,2.61E+01,9.97E+01
3366,-171.43,118.725,1.06E+00,8.94E+01,2.51E+01,1.02E+02
3367,-171.435,106.143,1.13E+00,8.44E+01,2.72E+01,9.70E+01
3368,-164.27,143.902,1.13E+00,9.27E+01,2.40E+01,1.05E+02
3369,-164.272,137.469,1.21E+00,9.41E+01,2.51E+01,1.06E+02
3370,-164.275,131.219,1.27E+00,9.43E+01,2.58E+01,1.06E+02
3371,-157.122,137.465,1.46E+00,9.55E+01,2.74E+01,1.08E+02
3372,-157.137,143.869,1.36E+00,9.46E+01,2.80E+01,1.06E+02
3373,-157.125,131.214,1.55E+00,9.59E+01,2.75E+01,1.08E+02
3374,-171.423,137.474,9.38E-01,9.26E+01,2.17E+01,1.06E+02
3375,-171.421,143.905,8.86E-01,9.16E+01,2.06E+01,1.06E+02
3376,-171.425,131.224,9.84E-01,9.23E+01,2.31E+01,1.05E+02
3377,-192.869,53.3299,1.53E-01,2.33E+01,1.62E+01,1.16E+02
3378,-185.731,53.3278,4.85E-01,4.23E+01,2.93E+01,8.72E+01
3379,-178.591,53.3253,8.85E-01,5.64E+01,3.49E+01,7.68E+01
3380,-171.451,53.3227,1.31E+00,6.28E+01,3.81E+01,7.40E+01
3381,-164.31,53.32,1.74E+00,6.62E+01,4.02E+01,7.43E+01
3382,-157.167,53.3172,2.18E+00,6.85E+01,4.19E+01,7.59E+01
3383,-178.59,59.9909,8.75E-01,5.88E+01,3.34E+01,7.93E+01
3384,-178.589,66.6564,8.65E-01,6.13E+01,3.19E+01,8.18E+01
3385,-178.588,73.3218,8.54E-01,6.38E+01,3.04E+01,8.43E+01
3386,-178.586,79.9873,8.41E-01,6.64E+01,2.91E+01,8.68E+01
3387,-178.585,86.6529,8.27E-01,6.93E+01,2.80E+01,8.95E+01
3388,-178.583,93.2335,8.11E-01,7.24E+01,2.66E+01,9.24E+01
3389,-185.729,73.3255,4.70E-01,5.03E+01,2.50E+01,9.40E+01
3390,-192.868,73.3288,1.49E-01,2.34E+01,1.28E+01,1.21E+02
3391,-185.73,66.6596,4.76E-01,4.75E+01,2.63E+01,9.17E+01
3392,-185.73,59.9937,4.81E-01,4.49E+01,2.78E+01,8.95E+01
3393,-192.868,66.6625,1.50E-01,2.32E+01,1.37E+01,1.19E+02
3394,-192.869,59.9962,1.52E-01,2.32E+01,1.48E+01,1.18E+02
3395,-185.727,86.6572,4.58E-01,5.61E+01,2.26E+01,9.80E+01
3396,-192.867,86.6613,1.46E-01,2.61E+01,1.17E+01,1.24E+02
3397,-185.728,79.9914,4.64E-01,5.31E+01,2.38E+01,9.61E+01
3398,-192.868,79.9951,1.47E-01,2.41E+01,1.21E+01,1.23E+02
3399,-185.726,93.2382,4.50E-01,5.93E+01,2.13E+01,1.00E+02
3400,-192.875,93.2567,1.43E-01,2.94E+01,1.14E+01,1.25E+02
3401,-157.158,73.3104,2.08E+00,7.64E+01,3.76E+01,8.53E+01
3402,-164.302,73.3143,1.67E+00,7.37E+01,3.58E+01,8.31E+01
3403,-171.446,73.3181,1.26E+00,7.01E+01,3.36E+01,8.22E+01
3404,-164.305,66.6496,1.70E+00,7.10E+01,3.73E+01,8.00E+01
3405,-164.307,59.9848,1.72E+00,6.85E+01,3.87E+01,7.71E+01
3406,-157.161,66.646,2.11E+00,7.36E+01,3.90E+01,8.21E+01
3407,-157.164,59.9816,2.15E+00,7.09E+01,4.05E+01,7.89E+01
3408,-171.448,66.653,1.28E+00,6.75E+01,3.51E+01,7.94E+01
3409,-171.45,59.9879,1.29E+00,6.51E+01,3.66E+01,7.67E+01
3410,-164.294,93.2237,1.57E+00,8.25E+01,3.15E+01,9.25E+01
3411,-164.297,86.6438,1.60E+00,7.95E+01,3.27E+01,8.93E+01
3412,-164.3,79.9791,1.64E+00,7.66E+01,3.43E+01,8.62E+01
3413,-157.15,86.6391,1.99E+00,8.22E+01,3.47E+01,9.18E+01
3414,-157.139,93.2326,1.94E+00,8.52E+01,3.30E+01,9.51E+01
3415,-157.154,79.9747,2.03E+00,7.93E+01,3.62E+01,8.86E+01
3416,-171.442,86.6484,1.21E+00,7.58E+01,3.08E+01,8.80E+01
3417,-171.439,93.2287,1.19E+00,7.87E+01,2.97E+01,9.10E+01
3418,-171.444,79.9832,1.24E+00,7.28E+01,3.21E+01,8.50E+01
3419,-192.869,26.6647,1.57E-01,2.36E+01,2.22E+01,1.08E+02
3420,-185.732,26.6639,4.98E-01,3.36E+01,3.55E+01,7.86E+01
3421,-178.594,26.6628,9.11E-01,4.80E+01,4.11E+01,6.73E+01
3422,-171.456,26.6617,1.35E+00,5.46E+01,4.43E+01,6.38E+01
3423,-164.316,26.6604,1.81E+00,5.81E+01,4.64E+01,6.35E+01
3424,-157.175,26.6591,2.26E+00,6.03E+01,4.81E+01,6.45E+01
3425,-178.593,33.3285,9.06E-01,4.99E+01,3.96E+01,6.96E+01
3426,-178.593,39.9941,9.00E-01,5.20E+01,3.80E+01,7.20E+01
3427,-178.592,46.6597,8.93E-01,5.41E+01,3.64E+01,7.44E+01
3428,-185.732,39.9959,4.93E-01,3.77E+01,3.24E+01,8.28E+01
3429,-192.869,39.9973,1.55E-01,2.35E+01,1.91E+01,1.12E+02
3430,-185.732,33.3299,4.96E-01,3.56E+01,3.39E+01,8.07E+01
3431,-192.869,33.331,1.56E-01,2.35E+01,2.06E+01,1.10E+02
3432,-185.731,46.6619,4.89E-01,4.00E+01,3.08E+01,8.50E+01
3433,-192.869,46.6636,1.54E-01,2.34E+01,1.76E+01,1.14E+02
3434,-164.315,33.3254,1.79E+00,5.99E+01,4.48E+01,6.61E+01
3435,-164.313,39.9903,1.78E+00,6.19E+01,4.32E+01,6.88E+01
3436,-164.312,46.6552,1.76E+00,6.40E+01,4.17E+01,7.15E+01
3437,-171.454,39.9923,1.33E+00,5.85E+01,4.11E+01,6.88E+01
3438,-171.455,33.327,1.34E+00,5.65E+01,4.27E+01,6.63E+01
3439,-171.453,46.6575,1.32E+00,6.06E+01,3.96E+01,7.14E+01
3440,-157.172,39.9883,2.23E+00,6.41E+01,4.49E+01,7.01E+01
3441,-157.174,33.3237,2.25E+00,6.21E+01,4.65E+01,6.73E+01
3442,-157.17,46.6528,2.20E+00,6.63E+01,4.34E+01,7.30E+01
3443,-178.595,6.66581,9.18E-01,4.29E+01,4.62E+01,6.04E+01
3444,-178.595,13.3315,9.17E-01,4.45E+01,4.44E+01,6.27E+01
3445,-178.594,19.9972,9.14E-01,4.62E+01,4.28E+01,6.50E+01
3446,-185.733,13.3319,5.01E-01,3.00E+01,3.88E+01,7.43E+01
3447,-192.87,13.332,1.57E-01,2.37E+01,2.54E+01,1.04E+02
3448,-185.733,6.66593,5.02E-01,2.83E+01,4.05E+01,7.22E+01
3449,-192.87,6.66568,1.58E-01,2.38E+01,2.71E+01,1.02E+02
3450,-185.733,19.9979,5.00E-01,3.17E+01,3.71E+01,7.64E+01
3451,-192.87,19.9983,1.57E-01,2.37E+01,2.38E+01,1.06E+02
3452,-164.318,6.66542,1.82E+00,5.31E+01,5.14E+01,5.58E+01
3453,-164.317,13.3304,1.82E+00,5.47E+01,4.97E+01,5.84E+01
3454,-164.317,19.9954,1.81E+00,5.63E+01,4.80E+01,6.09E+01
3455,-171.457,13.331,1.36E+00,5.12E+01,4.76E+01,5.89E+01
3456,-171.457,6.66564,1.37E+00,4.96E+01,4.93E+01,5.65E+01
3457,-171.456,19.9963,1.36E+00,5.28E+01,4.59E+01,6.13E+01
3458,-157.177,13.3299,2.28E+00,5.69E+01,5.14E+01,5.91E+01
3459,-157.178,6.6652,2.29E+00,5.54E+01,5.31E+01,5.65E+01
3460,-157.176,19.9945,2.28E+00,5.86E+01,4.97E+01,6.18E+01
3461,-192.865,-99.7885,1.37E-01,2.51E+01,6.61E+01,6.50E+01
3462,-185.724,-99.7826,4.30E-01,1.33E+01,7.85E+01,3.40E+01
3463,-178.58,-99.7771,7.78E-01,2.63E+01,8.47E+01,2.19E+01
3464,-171.435,-99.7715,1.14E+00,3.36E+01,8.87E+01,1.74E+01
3465,-164.287,-99.7659,1.50E+00,3.79E+01,9.21E+01,1.57E+01
3466,-157.139,-99.7602,1.85E+00,4.06E+01,9.55E+01,1.48E+01
3467,-192.869,-46.6649,1.53E-01,2.40E+01,4.33E+01,8.50E+01
3468,-185.731,-46.662,4.86E-01,1.77E+01,5.65E+01,5.44E+01
3469,-178.591,-46.6594,8.88E-01,3.24E+01,6.23E+01,4.20E+01
3470,-171.452,-46.6568,1.32E+00,3.95E+01,6.57E+01,3.74E+01
3471,-164.311,-46.6542,1.76E+00,4.35E+01,6.82E+01,3.59E+01
3472,-157.168,-46.6515,2.20E+00,4.62E+01,7.03E+01,3.56E+01
3473,-178.592,-39.9938,8.96E-01,3.35E+01,6.00E+01,4.44E+01
3474,-178.593,-33.3282,9.03E-01,3.46E+01,5.78E+01,4.67E+01
3475,-178.594,-26.6626,9.08E-01,3.58E+01,5.56E+01,4.90E+01
3476,-178.594,-19.9969,9.13E-01,3.71E+01,5.36E+01,5.13E+01
3477,-178.595,-13.3313,9.16E-01,3.85E+01,5.16E+01,5.36E+01
3478,-178.595,-6.66555,9.18E-01,3.99E+01,4.97E+01,5.59E+01
3479,-185.732,-26.6641,4.96E-01,2.10E+01,4.99E+01,6.13E+01
3480,-192.869,-26.666,1.56E-01,2.39E+01,3.66E+01,9.19E+01
3481,-185.732,-33.3301,4.94E-01,1.98E+01,5.20E+01,5.91E+01
3482,-185.731,-39.996,4.90E-01,1.87E+01,5.42E+01,5.68E+01
3483,-192.869,-33.3324,1.55E-01,2.39E+01,3.88E+01,8.96E+01
3484,-192.869,-39.9986,1.54E-01,2.39E+01,4.10E+01,8.73E+01
3485,-185.733,-13.3321,5.00E-01,2.37E+01,4.60E+01,6.57E+01
3486,-192.87,-13.3333,1.57E-01,2.39E+01,3.26E+01,9.61E+01
3487,-185.733,-19.9981,4.99E-01,2.23E+01,4.79E+01,6.36E+01
3488,-192.869,-19.9996,1.57E-01,2.39E+01,3.46E+01,9.40E+01
3489,-185.733,-6.66606,5.01E-01,2.51E+01,4.41E+01,6.79E+01
3490,-192.87,-6.66696,1.57E-01,2.39E+01,3.07E+01,9.82E+01
3491,-157.175,-26.658,2.26E+00,4.92E+01,6.30E+01,4.34E+01
3492,-164.315,-26.6596,1.80E+00,4.66E+01,6.12E+01,4.34E+01
3493,-171.455,-26.6611,1.35E+00,4.28E+01,5.89E+01,4.46E+01
3494,-164.314,-33.3245,1.79E+00,4.55E+01,6.34E+01,4.09E+01
3495,-164.312,-39.9893,1.77E+00,4.45E+01,6.57E+01,3.84E+01
3496,-157.173,-33.3226,2.24E+00,4.82E+01,6.53E+01,4.09E+01
3497,-157.171,-39.987,2.22E+00,4.72E+01,6.77E+01,3.82E+01
3498,-171.454,-33.3264,1.34E+00,4.17E+01,6.11E+01,4.22E+01
3499,-171.453,-39.9916,1.33E+00,4.06E+01,6.33E+01,3.98E+01
3500,-164.318,-6.6646,1.82E+00,5.03E+01,5.51E+01,5.08E+01
3501,-164.317,-13.3297,1.82E+00,4.90E+01,5.70E+01,4.84E+01
3502,-164.316,-19.9946,1.81E+00,4.78E+01,5.90E+01,4.59E+01
3503,-157.177,-13.3287,2.28E+00,5.15E+01,5.88E+01,4.86E+01
3504,-157.178,-6.66412,2.29E+00,5.27E+01,5.68E+01,5.12E+01
3505,-157.176,-19.9934,2.27E+00,5.03E+01,6.09E+01,4.60E+01
3506,-171.457,-13.3305,1.36E+00,4.53E+01,5.48E+01,4.94E+01
3507,-171.457,-6.66506,1.36E+00,4.67E+01,5.29E+01,5.18E+01
3508,-171.456,-19.9957,1.36E+00,4.41E+01,5.68E+01,4.70E+01
3509,-192.868,-73.33,1.47E-01,2.42E+01,5.38E+01,7.50E+01
3510,-185.728,-73.3256,4.65E-01,1.46E+01,6.69E+01,4.47E+01
3511,-178.587,-73.3215,8.45E-01,2.87E+01,7.28E+01,3.22E+01
3512,-171.445,-73.3173,1.25E+00,3.58E+01,7.64E+01,2.73E+01
3513,-164.301,-73.3131,1.65E+00,4.00E+01,7.92E+01,2.56E+01
3514,-157.156,-73.3087,2.06E+00,4.30E+01,8.19E+01,2.51E+01
3515,-178.588,-66.6559,8.58E-01,2.95E+01,7.00E+01,3.47E+01
3516,-178.589,-59.9905,8.69E-01,3.04E+01,6.73E+01,3.71E+01
3517,-178.59,-53.325,8.79E-01,3.14E+01,6.48E+01,3.96E+01
3518,-185.73,-59.9938,4.77E-01,1.59E+01,6.15E+01,4.96E+01
3519,-192.868,-59.9975,1.50E-01,2.40E+01,4.83E+01,8.01E+01
3520,-185.729,-66.6597,4.71E-01,1.52E+01,6.41E+01,4.71E+01
3521,-192.868,-66.6637,1.49E-01,2.41E+01,5.10E+01,7.76E+01
3522,-185.73,-53.328,4.82E-01,1.67E+01,5.90E+01,5.21E+01
3523,-192.869,-53.3313,1.52E-01,2.40E+01,4.58E+01,8.26E+01
3524,-164.304,-66.6484,1.68E+00,4.08E+01,7.63E+01,2.82E+01
3525,-164.306,-59.9837,1.71E+00,4.16E+01,7.35E+01,3.08E+01
3526,-164.309,-53.319,1.73E+00,4.25E+01,7.08E+01,3.34E+01
3527,-171.449,-59.9872,1.29E+00,3.76E+01,7.09E+01,3.24E+01
3528,-171.447,-66.6522,1.27E+00,3.67E+01,7.36E+01,2.99E+01
3529,-171.451,-53.3221,1.30E+00,3.85E+01,6.82E+01,3.49E+01
3530,-157.163,-59.9801,2.14E+00,4.45E+01,7.58E+01,3.04E+01
3531,-157.159,-66.6444,2.10E+00,4.38E+01,7.87E+01,2.78E+01
3532,-157.166,-53.3159,2.17E+00,4.54E+01,7.30E+01,3.30E+01
3533,-178.581,-93.2329,7.97E-01,2.69E+01,8.15E+01,2.46E+01
3534,-178.583,-86.6524,8.15E-01,2.75E+01,7.84E+01,2.72E+01
3535,-178.585,-79.987,8.30E-01,2.81E+01,7.56E+01,2.97E+01
3536,-185.726,-86.6572,4.49E-01,1.39E+01,7.26E+01,3.94E+01
3537,-192.867,-86.6626,1.43E-01,2.44E+01,5.99E+01,6.94E+01
3538,-185.725,-93.2381,4.40E-01,1.35E+01,7.54E+01,3.67E+01
3539,-192.874,-93.2579,1.40E-01,2.44E+01,6.29E+01,6.69E+01
3540,-185.727,-79.9915,4.57E-01,1.42E+01,6.98E+01,4.21E+01
3541,-192.867,-79.9963,1.45E-01,2.43E+01,5.68E+01,7.22E+01
3542,-164.291,-93.2223,1.54E+00,3.82E+01,8.89E+01,1.80E+01
3543,-164.295,-86.6424,1.58E+00,3.86E+01,8.56E+01,2.04E+01
3544,-164.298,-79.9778,1.62E+00,3.93E+01,8.23E+01,2.30E+01
3545,-171.44,-86.6475,1.20E+00,3.46E+01,8.24E+01,2.23E+01
3546,-171.437,-93.2277,1.17E+00,3.41E+01,8.56E+01,1.99E+01
3547,-171.443,-79.9824,1.22E+00,3.51E+01,7.93E+01,2.48E+01
3548,-157.148,-86.6373,1.97E+00,4.17E+01,8.85E+01,1.97E+01
3549,-157.135,-93.2309,1.91E+00,4.10E+01,9.21E+01,1.71E+01
3550,-157.152,-79.973,2.01E+00,4.23E+01,8.52E+01,2.24E+01
3551,-192.831,-143.965,1.08E-01,2.48E+01,8.65E+01,2.97E+01
3552,-185.699,-144.029,3.30E-01,1.34E+01,9.63E+01,1.27E+01
3553,-178.561,-144.05,5.80E-01,2.50E+01,9.95E+01,1.22E+01
3554,-171.418,-144.052,8.28E-01,3.19E+01,1.01E+02,1.42E+01
3555,-164.281,-144.035,1.06E+00,3.66E+01,1.01E+02,1.36E+01
3556,-157.147,-143.954,1.28E+00,4.00E+01,1.04E+02,1.13E+01
3557,-178.566,-137.61,6.19E-01,2.45E+01,9.92E+01,1.07E+01
3558,-178.57,-131.229,6.54E-01,2.47E+01,9.78E+01,1.05E+01
3559,-178.572,-124.98,6.83E-01,2.54E+01,9.56E+01,1.19E+01
3560,-178.574,-118.73,7.10E-01,2.58E+01,9.31E+01,1.43E+01
3561,-178.576,-112.481,7.34E-01,2.59E+01,9.04E+01,1.68E+01
3562,-178.578,-106.147,7.57E-01,2.60E+01,8.76E+01,1.93E+01
3563,-185.719,-124.986,3.82E-01,1.33E+01,9.03E+01,2.08E+01
3564,-192.863,-124.993,1.23E-01,2.64E+01,7.91E+01,4.69E+01
3565,-185.718,-131.235,3.67E-01,1.31E+01,9.28E+01,1.72E+01
3566,-185.711,-137.603,3.50E-01,1.31E+01,9.50E+01,1.45E+01
3567,-192.863,-131.243,1.19E-01,2.64E+01,8.20E+01,4.16E+01
3568,-192.85,-137.574,1.14E-01,2.55E+01,8.47E+01,3.56E+01
3569,-185.721,-112.487,4.08E-01,1.33E+01,8.46E+01,2.83E+01
3570,-192.864,-112.494,1.30E-01,2.58E+01,7.33E+01,5.66E+01
3571,-185.72,-118.737,3.96E-01,1.34E+01,8.76E+01,2.46E+01
3572,-192.864,-118.744,1.27E-01,2.60E+01,7.63E+01,5.17E+01
3573,-185.723,-106.153,4.19E-01,1.32E+01,8.16E+01,3.14E+01
3574,-192.857,-106.173,1.34E-01,2.57E+01,6.97E+01,6.16E+01
3575,-157.123,-124.962,1.57E+00,3.99E+01,1.05E+02,9.43E+00
3576,-164.274,-124.968,1.29E+00,3.76E+01,1.02E+02,9.60E+00
3577,-171.424,-124.974,9.90E-01,3.33E+01,9.91E+01,9.96E+00
3578,-164.271,-131.218,1.22E+00,3.76E+01,1.03E+02,9.92E+00
3579,-164.274,-137.595,1.15E+00,3.73E+01,1.02E+02,1.14E+01
3580,-157.12,-131.213,1.48E+00,4.01E+01,1.05E+02,9.58E+00
3581,-157.13,-137.552,1.39E+00,4.00E+01,1.04E+02,1.04E+01
3582,-171.422,-131.223,9.43E-01,3.29E+01,1.01E+02,1.00E+01
3583,-171.419,-137.608,8.89E-01,3.23E+01,1.01E+02,1.16E+01
3584,-164.284,-106.136,1.45E+00,3.75E+01,9.51E+01,1.34E+01
3585,-164.281,-112.469,1.40E+00,3.73E+01,9.76E+01,1.15E+01
3586,-164.277,-118.718,1.35E+00,3.74E+01,9.99E+01,1.02E+01
3587,-157.131,-112.464,1.72E+00,4.01E+01,1.01E+02,1.11E+01
3588,-157.143,-106.144,1.79E+00,4.03E+01,9.83E+01,1.28E+01
3589,-157.127,-118.713,1.65E+00,3.99E+01,1.03E+02,1.00E+01
3590,-171.429,-112.475,1.07E+00,3.32E+01,9.44E+01,1.28E+01
3591,-171.432,-106.142,1.11E+00,3.33E+01,9.17E+01,1.49E+01
3592,-171.427,-118.724,1.03E+00,3.33E+01,9.68E+01,1.11E+01
3593,-192.861,-171.455,6.15E-02,1.51E+01,8.42E+01,1.74E+01
3594,-185.713,-171.483,1.87E-01,1.86E+01,8.63E+01,1.83E+01
3595,-178.561,-171.508,3.25E-01,2.75E+01,8.69E+01,2.31E+01
3596,-171.41,-171.517,4.55E-01,3.14E+01,8.93E+01,2.31E+01
3597,-164.26,-171.502,5.71E-01,3.27E+01,9.41E+01,2.11E+01
3598,-157.109,-171.461,6.74E-01,3.32E+01,9.78E+01,1.76E+01
3599,-178.567,-164.521,4.06E-01,2.79E+01,9.18E+01,2.07E+01
3600,-178.562,-157.558,4.75E-01,2.71E+01,9.58E+01,1.78E+01
3601,-178.558,-150.77,5.32E-01,2.59E+01,9.83E+01,1.48E+01
3602,-185.717,-157.498,2.73E-01,1.60E+01,9.47E+01,1.34E+01
3603,-192.878,-157.394,9.03E-02,1.99E+01,8.74E+01,2.08E+01
3604,-185.722,-164.477,2.34E-01,1.73E+01,9.12E+01,1.57E+01
3605,-192.873,-164.403,7.75E-02,1.76E+01,8.58E+01,2.00E+01
3606,-185.704,-150.727,3.05E-01,1.45E+01,9.64E+01,1.23E+01
3607,-192.853,-150.629,1.00E-01,2.29E+01,8.79E+01,2.38E+01
3608,-164.251,-164.505,7.19E-01,3.47E+01,9.45E+01,2.03E+01
3609,-164.258,-157.534,8.51E-01,3.53E+01,9.64E+01,1.89E+01
3610,-164.274,-150.75,9.63E-01,3.58E+01,9.94E+01,1.65E+01
3611,-171.413,-157.564,6.70E-01,3.26E+01,9.59E+01,1.95E+01
3612,-171.409,-164.53,5.70E-01,3.27E+01,9.21E+01,2.17E+01
3613,-171.416,-150.776,7.55E-01,3.21E+01,9.90E+01,1.69E+01
3614,-157.097,-157.403,1.02E+00,3.77E+01,9.93E+01,1.54E+01
3615,-157.097,-164.413,8.53E-01,3.63E+01,9.86E+01,1.67E+01
3616,-157.123,-150.632,1.16E+00,3.89E+01,1.02E+02,1.33E+01
3617,-178.564,-192.853,4.42E-02,1.21E+01,8.37E+01,1.41E+01
3618,-178.559,-185.705,1.32E-01,1.84E+01,8.19E+01,1.93E+01
3619,-178.559,-178.6,2.31E-01,2.52E+01,8.28E+01,2.34E+01
3620,-185.705,-185.705,7.30E-02,1.51E+01,7.54E+01,1.66E+01
3621,-192.852,-185.708,2.23E-02,9.14E+00,7.59E+01,1.13E+01
3622,-185.708,-192.852,2.29E-02,9.07E+00,7.74E+01,1.13E+01
3623,-192.852,-192.852,5.79E-03,5.98E+00,7.18E+01,7.89E+00
3624,-185.708,-178.59,1.31E-01,1.87E+01,8.02E+01,1.92E+01
3625,-192.857,-178.58,4.25E-02,1.23E+01,8.09E+01,1.45E+01
3626,-164.278,-192.857,8.00E-02,1.77E+01,8.86E+01,1.98E+01
3627,-164.271,-185.709,2.35E-01,1.71E+01,9.26E+01,1.48E+01
3628,-164.264,-178.598,4.07E-01,2.78E+01,9.38E+01,1.98E+01
3629,-171.415,-185.707,1.88E-01,1.82E+01,8.86E+01,1.78E+01
3630,-171.421,-192.855,6.38E-02,1.50E+01,8.73E+01,1.67E+01
3631,-171.411,-178.603,3.25E-01,2.75E+01,8.85E+01,2.28E+01
3632,-157.128,-185.711,2.75E-01,1.59E+01,9.41E+01,1.28E+01
3633,-157.135,-192.858,9.31E-02,1.97E+01,8.83E+01,2.43E+01
3634,-157.118,-178.584,4.77E-01,2.75E+01,9.65E+01,1.61E+01
3635,157.143,200,0.00E+00,4.78E+01,1.33E+01,1.54E+02
3636,164.286,200,0.00E+00,5.08E+01,1.31E+01,1.50E+02
3637,171.429,200,0.00E+00,5.29E+01,1.21E+01,1.43E+02
3638,178.571,200,0.00E+00,5.39E+01,9.93E+00,1.34E+02
3639,185.714,200,0.00E+00,5.38E+01,6.95E+00,1.20E+02
3640,192.857,200,0.00E+00,4.94E+01,4.55E+00,9.77E+01
3641,200,200,0.00E+00,4.53E+01,3.73E+00,8.33E+01
3642,200,192.857,0.00E+00,4.94E+01,4.53E+00,9.76E+01
3643,200,185.714,0.00E+00,5.38E+01,6.68E+00,1.20E+02
3644,200,178.571,0.00E+00,5.41E+01,9.38E+00,1.33E+02
3645,200,171.429,0.00E+00,5.32E+01,1.14E+01,1.42E+02
3646,200,164.286,0.00E+00,5.11E+01,1.23E+01,1.48E+02
3647,200,157.143,0.00E+00,4.83E+01,1.24E+01,1.52E+02
3648,200,150,0.00E+00,4.48E+01,1.22E+01,1.55E+02
3649,200,143.75,0.00E+00,4.10E+01,1.19E+01,1.56E+02
3650,200,137.5,0.00E+00,3.71E+01,1.12E+01,1.57E+02
3651,200,131.25,0.00E+00,3.31E+01,1.03E+01,1.57E+02
3652,200,125,0.00E+00,2.90E+01,9.46E+00,1.56E+02
3653,200,118.75,0.00E+00,2.49E+01,8.57E+00,1.55E+02
3654,200,112.5,0.00E+00,2.09E+01,7.65E+00,1.53E+02
3655,200,106.25,0.00E+00,1.69E+01,6.81E+00,1.52E+02
3656,200,100,0.00E+00,1.31E+01,5.94E+00,1.50E+02
3657,200,93.3333,0.00E+00,9.57E+00,5.05E+00,1.48E+02
3658,200,86.6667,0.00E+00,6.36E+00,4.42E+00,1.46E+02
3659,200,80,0.00E+00,4.31E+00,4.12E+00,1.45E+02
3660,200,73.3333,0.00E+00,4.43E+00,4.26E+00,1.43E+02
3661,200,66.6667,0.00E+00,6.38E+00,4.86E+00,1.41E+02
3662,200,60,0.00E+00,8.94E+00,5.83E+00,1.39E+02
3663,200,53.3333,0.00E+00,1.16E+01,7.03E+00,1.37E+02
3664,200,46.6667,0.00E+00,1.41E+01,8.38E+00,1.35E+02
3665,200,40,0.00E+00,1.65E+01,9.81E+00,1.33E+02
3666,200,33.3333,0.00E+00,1.88E+01,1.13E+01,1.31E+02
3667,200,26.6667,0.00E+00,2.10E+01,1.29E+01,1.30E+02
3668,200,20,0.00E+00,2.30E+01,1.45E+01,1.28E+02
3669,200,13.3333,0.00E+00,2.49E+01,1.62E+01,1.26E+02
3670,200,6.66667,0.00E+00,2.67E+01,1.79E+01,1.24E+02
3671,200,5.33E-14,0.00E+00,2.84E+01,1.97E+01,1.22E+02
3672,200,-6.66667,0.00E+00,3.00E+01,2.16E+01,1.19E+02
3673,200,-13.3333,0.00E+00,3.14E+01,2.35E+01,1.17E+02
3674,200,-20,0.00E+00,3.28E+01,2.55E+01,1.15E+02
3675,200,-26.6667,0.00E+00,3.41E+01,2.76E+01,1.13E+02
3676,200,-33.3333,0.00E+00,3.53E+01,2.97E+01,1.10E+02
3677,200,-40,0.00E+00,3.64E+01,3.20E+01,1.08E+02
3678,200,-46.6667,0.00E+00,3.74E+01,3.43E+01,1.05E+02
3679,200,-53.3333,0.00E+00,3.83E+01,3.67E+01,1.03E+02
3680,200,-60,0.00E+00,3.92E+01,3.92E+01,1.00E+02
3681,200,-66.6667,0.00E+00,3.99E+01,4.18E+01,9.73E+01
3682,200,-73.3333,0.00E+00,4.06E+01,4.46E+01,9.45E+01
3683,200,-80,0.00E+00,4.12E+01,4.74E+01,9.15E+01
3684,200,-86.6667,0.00E+00,4.16E+01,5.04E+01,8.84E+01
3685,200,-93.3333,0.00E+00,4.19E+01,5.35E+01,8.52E+01
3686,200,-100,0.00E+00,4.21E+01,5.66E+01,8.17E+01
3687,200,-106.25,0.00E+00,4.22E+01,5.97E+01,7.83E+01
3688,200,-112.5,0.00E+00,4.20E+01,6.28E+01,7.47E+01
3689,200,-118.75,0.00E+00,4.16E+01,6.60E+01,7.08E+01
3690,200,-125,0.00E+00,4.10E+01,6.90E+01,6.66E+01
3691,200,-131.25,0.00E+00,4.03E+01,7.19E+01,6.20E+01
3692,200,-137.5,0.00E+00,3.92E+01,7.46E+01,5.70E+01
3693,200,-143.75,0.00E+00,3.73E+01,7.72E+01,5.15E+01
3694,200,-150,0.00E+00,3.43E+01,7.95E+01,4.53E+01
3695,200,-157.143,0.00E+00,3.03E+01,8.12E+01,3.77E+01
3696,200,-164.286,0.00E+00,2.48E+01,8.19E+01,2.90E+01
3697,200,-171.429,0.00E+00,1.75E+01,8.15E+01,2.00E+01
3698,200,-178.571,0.00E+00,1.00E+01,7.99E+01,1.24E+01
3699,200,-185.714,0.00E+00,5.66E+00,7.66E+01,8.30E+00
3700,200,-192.857,0.00E+00,4.19E+00,6.74E+01,5.87E+00
3701,200,-200,0.00E+00,3.64E+00,6.03E+01,4.46E+00
3702,192.857,-200,0.00E+00,4.21E+00,6.74E+01,5.85E+00
3703,185.714,-200,0.00E+00,5.99E+00,7.66E+01,8.45E+00
3704,178.571,-200,0.00E+00,1.09E+01,7.95E+01,1.30E+01
3705,171.429,-200,0.00E+00,1.88E+01,8.02E+01,2.11E+01
3706,164.286,-200,0.00E+00,2.70E+01,7.88E+01,3.09E+01
3707,157.143,-200,0.00E+00,3.41E+01,7.55E+01,4.06E+01
3708,192.87,-0.000660577,1.64E-01,2.28E+01,2.91E+01,1.01E+02
3709,185.733,-0.000293379,5.07E-01,2.75E+01,4.17E+01,7.09E+01
3710,178.595,-0.000425837,9.22E-01,4.22E+01,4.69E+01,5.90E+01
3711,171.456,-0.000525627,1.37E+00,4.90E+01,5.01E+01,5.50E+01
3712,164.317,-0.000677778,1.82E+00,5.26E+01,5.22E+01,5.44E+01
3713,157.177,-0.000841519,2.29E+00,5.48E+01,5.41E+01,5.51E+01
3714,192.867,99.7874,1.49E-01,3.41E+01,1.11E+01,1.32E+02
3715,185.725,99.7823,4.52E-01,6.43E+01,1.94E+01,1.06E+02
3716,178.582,99.7768,8.08E-01,7.78E+01,2.45E+01,9.77E+01
3717,171.437,99.7713,1.18E+00,8.43E+01,2.77E+01,9.63E+01
3718,164.29,99.7657,1.54E+00,8.88E+01,3.01E+01,9.73E+01
3719,157.141,99.76,1.90E+00,9.36E+01,3.29E+01,9.85E+01
3720,192.862,150.434,1.17E-01,6.10E+01,1.13E+01,1.40E+02
3721,185.715,150.427,3.41E-01,8.32E+01,1.32E+01,1.19E+02
3722,178.566,150.421,5.85E-01,9.10E+01,1.79E+01,1.11E+02
3723,171.415,150.416,8.18E-01,9.35E+01,2.08E+01,1.08E+02
3724,164.264,150.412,1.03E+00,9.49E+01,2.25E+01,1.07E+02
3725,157.114,150.409,1.21E+00,9.72E+01,2.31E+01,1.07E+02
3726,178.564,157.304,5.35E-01,8.91E+01,1.75E+01,1.09E+02
3727,178.562,164.266,4.76E-01,8.54E+01,1.73E+01,1.07E+02
3728,178.56,171.412,4.02E-01,8.00E+01,1.72E+01,1.04E+02
3729,178.559,178.559,3.09E-01,7.44E+01,1.65E+01,1.02E+02
3730,178.56,185.708,1.94E-01,7.05E+01,1.37E+01,1.06E+02
3731,178.564,192.857,6.93E-02,6.15E+01,1.07E+01,1.22E+02
3732,185.71,171.415,2.47E-01,7.66E+01,1.32E+01,1.11E+02
3733,192.858,171.42,8.81E-02,6.36E+01,1.10E+01,1.29E+02
3734,185.712,164.271,2.85E-01,8.08E+01,1.28E+01,1.15E+02
3735,185.713,157.309,3.15E-01,8.27E+01,1.28E+01,1.17E+02
3736,192.859,164.277,9.96E-02,6.40E+01,1.12E+01,1.34E+02
3737,192.875,157.286,1.08E-01,6.29E+01,1.12E+01,1.38E+02
3738,185.706,185.707,1.30E-01,6.30E+01,1.32E+01,1.04E+02
3739,192.855,185.708,5.13E-02,5.67E+01,9.57E+00,1.12E+02
3740,185.708,178.56,1.96E-01,7.01E+01,1.38E+01,1.07E+02
3741,192.857,178.564,7.29E-02,6.13E+01,1.05E+01,1.22E+02
3742,185.708,192.855,4.90E-02,5.68E+01,9.65E+00,1.12E+02
3743,192.853,192.853,2.04E-02,5.17E+01,6.74E+00,1.02E+02
3744,157.118,171.413,7.40E-01,9.17E+01,2.02E+01,1.07E+02
3745,164.263,171.411,6.47E-01,8.74E+01,1.97E+01,1.04E+02
3746,171.411,171.411,5.36E-01,8.29E+01,1.90E+01,1.02E+02
3747,164.262,164.262,7.96E-01,8.94E+01,2.09E+01,1.04E+02
3748,164.263,157.297,9.20E-01,9.23E+01,2.17E+01,1.05E+02
3749,157.115,164.263,9.23E-01,9.28E+01,2.17E+01,1.06E+02
3750,157.099,157.266,1.08E+00,9.50E+01,2.25E+01,1.05E+02
3751,171.411,164.264,6.48E-01,8.70E+01,1.98E+01,1.04E+02
3752,171.413,157.3,7.40E-01,9.08E+01,2.03E+01,1.06E+02
3753,157.127,185.713,3.12E-01,8.38E+01,1.28E+01,1.18E+02
3754,164.271,185.712,2.81E-01,8.17E+01,1.28E+01,1.15E+02
3755,171.415,185.71,2.43E-01,7.74E+01,1.32E+01,1.11E+02
3756,164.266,178.562,4.74E-01,8.62E+01,1.73E+01,1.07E+02
3757,157.122,178.564,5.34E-01,9.01E+01,1.74E+01,1.10E+02
3758,171.412,178.56,4.01E-01,8.04E+01,1.72E+01,1.04E+02
3759,164.277,192.86,9.49E-02,6.44E+01,1.15E+01,1.35E+02
3760,157.134,192.861,1.04E-01,6.33E+01,1.16E+01,1.39E+02
3761,171.42,192.858,8.39E-02,6.39E+01,1.12E+01,1.30E+02
3762,178.58,106.147,7.89E-01,8.07E+01,2.34E+01,1.01E+02
3763,178.578,112.481,7.69E-01,8.35E+01,2.25E+01,1.03E+02
3764,178.576,118.73,7.46E-01,8.61E+01,2.16E+01,1.06E+02
3765,178.574,124.98,7.21E-01,8.83E+01,2.08E+01,1.08E+02
3766,178.572,131.229,6.94E-01,9.00E+01,2.01E+01,1.09E+02
3767,178.57,137.479,6.62E-01,9.12E+01,1.93E+01,1.11E+02
3768,178.568,143.91,6.26E-01,9.16E+01,1.85E+01,1.11E+02
3769,185.721,124.986,4.10E-01,7.64E+01,1.59E+01,1.15E+02
3770,192.864,124.992,1.37E-01,4.86E+01,1.11E+01,1.39E+02
3771,185.723,112.487,4.33E-01,7.07E+01,1.75E+01,1.11E+02
3772,192.865,112.493,1.43E-01,4.13E+01,1.10E+01,1.36E+02
3773,185.724,106.153,4.43E-01,6.76E+01,1.84E+01,1.09E+02
3774,192.858,106.173,1.47E-01,3.77E+01,1.11E+01,1.34E+02
3775,185.722,118.737,4.22E-01,7.36E+01,1.66E+01,1.13E+02
3776,192.865,118.743,1.40E-01,4.50E+01,1.11E+01,1.37E+02
3777,185.718,137.485,3.80E-01,8.09E+01,1.44E+01,1.18E+02
3778,192.863,137.492,1.28E-01,5.53E+01,1.14E+01,1.41E+02
3779,185.719,131.235,3.96E-01,7.89E+01,1.51E+01,1.17E+02
3780,192.864,131.242,1.33E-01,5.21E+01,1.12E+01,1.40E+02
3781,185.716,143.916,3.62E-01,8.25E+01,1.37E+01,1.19E+02
3782,192.845,143.893,1.23E-01,5.84E+01,1.14E+01,1.41E+02
3783,157.125,124.962,1.62E+00,1.02E+02,2.86E+01,1.08E+02
3784,164.276,124.967,1.34E+00,9.74E+01,2.62E+01,1.07E+02
3785,171.426,124.973,1.04E+00,9.37E+01,2.40E+01,1.06E+02
3786,164.279,118.718,1.40E+00,9.60E+01,2.70E+01,1.05E+02
3787,164.283,112.469,1.45E+00,9.39E+01,2.79E+01,1.03E+02
3788,164.286,106.136,1.50E+00,9.15E+01,2.89E+01,1.00E+02
3789,157.133,112.463,1.77E+00,9.87E+01,3.06E+01,1.04E+02
3790,157.129,118.712,1.70E+00,1.01E+02,2.96E+01,1.06E+02
3791,157.145,106.144,1.84E+00,9.63E+01,3.17E+01,1.01E+02
3792,171.431,112.475,1.11E+00,8.97E+01,2.56E+01,1.02E+02
3793,171.429,118.724,1.08E+00,9.19E+01,2.48E+01,1.04E+02
3794,171.434,106.141,1.15E+00,8.71E+01,2.66E+01,9.92E+01
3795,164.266,143.9,1.12E+00,9.68E+01,2.37E+01,1.09E+02
3796,164.269,137.467,1.20E+00,9.79E+01,2.47E+01,1.09E+02
3797,164.272,131.217,1.27E+00,9.80E+01,2.55E+01,1.09E+02
3798,157.118,137.463,1.44E+00,1.01E+02,2.64E+01,1.09E+02
3799,157.133,143.866,1.33E+00,9.90E+01,2.47E+01,1.08E+02
3800,157.121,131.212,1.53E+00,1.02E+02,2.76E+01,1.09E+02
3801,171.42,137.473,9.41E-01,9.54E+01,2.26E+01,1.09E+02
3802,171.417,143.905,8.83E-01,9.49E+01,2.17E+01,1.09E+02
3803,171.423,131.223,9.91E-01,9.49E+01,2.33E+01,1.08E+02
3804,192.869,53.3299,1.61E-01,2.26E+01,1.63E+01,1.17E+02
3805,185.731,53.3275,4.95E-01,4.37E+01,2.88E+01,8.89E+01
3806,178.592,53.3246,8.96E-01,5.80E+01,3.41E+01,7.82E+01
3807,171.451,53.3218,1.32E+00,6.47E+01,3.73E+01,7.53E+01
3808,164.309,53.3188,1.76E+00,6.86E+01,3.95E+01,7.54E+01
3809,157.167,53.3156,2.19E+00,7.21E+01,4.19E+01,7.61E+01
3810,178.591,59.9902,8.87E-01,6.05E+01,3.26E+01,8.08E+01
3811,178.59,66.6557,8.78E-01,6.31E+01,3.11E+01,8.35E+01
3812,178.588,73.3212,8.66E-01,6.59E+01,2.97E+01,8.63E+01
3813,178.587,79.9867,8.54E-01,6.88E+01,2.83E+01,8.91E+01
3814,178.585,86.6522,8.40E-01,7.18E+01,2.69E+01,9.20E+01
3815,178.584,93.2326,8.25E-01,7.48E+01,2.56E+01,9.49E+01
3816,185.729,73.3252,4.81E-01,5.18E+01,2.44E+01,9.61E+01
3817,192.868,73.3287,1.57E-01,2.32E+01,1.27E+01,1.23E+02
3818,185.73,66.6593,4.86E-01,4.90E+01,2.58E+01,9.37E+01
3819,185.731,59.9934,4.91E-01,4.63E+01,2.73E+01,9.12E+01
3820,192.868,66.6625,1.59E-01,2.28E+01,1.37E+01,1.21E+02
3821,192.869,59.9962,1.60E-01,2.27E+01,1.49E+01,1.19E+02
3822,185.728,86.657,4.68E-01,5.79E+01,2.17E+01,1.01E+02
3823,192.867,86.6613,1.53E-01,2.74E+01,1.15E+01,1.28E+02
3824,185.728,79.9911,4.75E-01,5.48E+01,2.30E+01,9.87E+01
3825,192.868,79.995,1.55E-01,2.47E+01,1.20E+01,1.25E+02
3826,185.727,93.2378,4.60E-01,6.11E+01,2.05E+01,1.04E+02
3827,192.874,93.2567,1.51E-01,3.06E+01,1.12E+01,1.30E+02
3828,157.157,73.3086,2.09E+00,8.09E+01,3.79E+01,8.54E+01
3829,164.302,73.313,1.68E+00,7.68E+01,3.53E+01,8.44E+01
3830,171.446,73.3172,1.27E+00,7.26E+01,3.30E+01,8.40E+01
3831,164.305,66.6483,1.71E+00,7.39E+01,3.67E+01,8.13E+01
3832,164.307,59.9835,1.74E+00,7.12E+01,3.81E+01,7.83E+01
3833,157.161,66.6442,2.13E+00,7.78E+01,3.92E+01,8.22E+01
3834,157.164,59.9799,2.16E+00,7.48E+01,4.06E+01,7.91E+01
3835,171.448,66.6521,1.29E+00,6.98E+01,3.44E+01,8.10E+01
3836,171.45,59.9869,1.31E+00,6.72E+01,3.58E+01,7.81E+01
3837,164.293,93.2222,1.58E+00,8.58E+01,3.13E+01,9.41E+01
3838,164.296,86.6424,1.62E+00,8.28E+01,3.26E+01,9.08E+01
3839,164.299,79.9777,1.65E+00,7.98E+01,3.40E+01,8.76E+01
3840,157.149,86.6372,2.00E+00,8.73E+01,3.54E+01,9.20E+01
3841,157.138,93.2308,1.95E+00,9.05E+01,3.42E+01,9.53E+01
3842,157.153,79.9729,2.05E+00,8.40E+01,3.67E+01,8.87E+01
3843,171.442,86.6473,1.23E+00,7.84E+01,3.02E+01,9.01E+01
3844,171.439,93.2275,1.20E+00,8.14E+01,2.89E+01,9.32E+01
3845,171.444,79.9823,1.25E+00,7.54E+01,3.16E+01,8.70E+01
3846,192.869,26.6646,1.64E-01,2.28E+01,2.23E+01,1.09E+02
3847,185.733,26.6637,5.06E-01,3.47E+01,3.50E+01,7.98E+01
3848,178.594,26.6622,9.18E-01,4.93E+01,4.02E+01,6.83E+01
3849,171.455,26.6608,1.36E+00,5.60E+01,4.34E+01,6.48E+01
3850,164.315,26.6593,1.81E+00,5.97E+01,4.56E+01,6.45E+01
3851,157.175,26.6576,2.27E+00,6.24E+01,4.77E+01,6.51E+01
3852,178.594,33.3279,9.14E-01,5.13E+01,3.86E+01,7.07E+01
3853,178.593,39.9935,9.09E-01,5.34E+01,3.71E+01,7.32E+01
3854,178.593,46.6591,9.03E-01,5.56E+01,3.56E+01,7.57E+01
3855,185.732,39.9956,5.02E-01,3.90E+01,3.18E+01,8.43E+01
3856,192.869,39.9973,1.63E-01,2.27E+01,1.92E+01,1.13E+02
3857,185.732,33.3297,5.04E-01,3.68E+01,3.34E+01,8.20E+01
3858,192.869,33.331,1.63E-01,2.28E+01,2.07E+01,1.11E+02
3859,185.732,46.6616,4.99E-01,4.13E+01,3.03E+01,8.65E+01
3860,192.869,46.6636,1.62E-01,2.27E+01,1.77E+01,1.15E+02
3861,164.314,33.3242,1.80E+00,6.17E+01,4.40E+01,6.71E+01
3862,164.313,39.9891,1.79E+00,6.39E+01,4.25E+01,6.98E+01
3863,164.311,46.6539,1.77E+00,6.62E+01,4.10E+01,7.25E+01
3864,171.454,39.9913,1.34E+00,6.01E+01,4.03E+01,7.00E+01
3865,171.454,33.3261,1.35E+00,5.80E+01,4.18E+01,6.74E+01
3866,171.452,46.6566,1.33E+00,6.23E+01,3.88E+01,7.26E+01
3867,157.171,39.9867,2.24E+00,6.69E+01,4.47E+01,7.05E+01
3868,157.173,33.3222,2.25E+00,6.46E+01,4.62E+01,6.78E+01
3869,157.169,46.6511,2.22E+00,6.94E+01,4.33E+01,7.33E+01
3870,178.595,6.66525,9.23E-01,4.39E+01,4.52E+01,6.13E+01
3871,178.595,13.3309,9.22E-01,4.56E+01,4.35E+01,6.36E+01
3872,178.595,19.9966,9.21E-01,4.74E+01,4.18E+01,6.60E+01
3873,185.733,13.3317,5.08E-01,3.09E+01,3.83E+01,7.54E+01
3874,192.87,13.332,1.64E-01,2.28E+01,2.56E+01,1.05E+02
3875,185.733,6.6657,5.08E-01,2.92E+01,4.00E+01,7.31E+01
3876,192.87,6.66567,1.64E-01,2.28E+01,2.73E+01,1.03E+02
3877,185.733,19.9977,5.07E-01,3.28E+01,3.66E+01,7.76E+01
3878,192.87,19.9983,1.64E-01,2.28E+01,2.39E+01,1.07E+02
3879,164.317,6.66432,1.83E+00,5.42E+01,5.05E+01,5.68E+01
3880,164.317,13.3293,1.82E+00,5.59E+01,4.88E+01,5.93E+01
3881,164.316,19.9943,1.82E+00,5.77E+01,4.71E+01,6.19E+01
3882,171.456,13.3302,1.37E+00,5.23E+01,4.67E+01,5.99E+01
3883,171.456,6.66481,1.37E+00,5.06E+01,4.84E+01,5.74E+01
3884,171.456,19.9955,1.36E+00,5.41E+01,4.50E+01,6.23E+01
3885,157.177,13.3284,2.29E+00,5.84E+01,5.08E+01,6.00E+01
3886,157.177,6.6638,2.29E+00,5.66E+01,5.24E+01,5.75E+01
3887,157.176,19.9931,2.28E+00,6.03E+01,4.92E+01,6.25E+01
3888,192.866,-99.7887,1.41E-01,2.35E+01,6.49E+01,6.21E+01
3889,185.724,-99.783,4.30E-01,1.30E+01,7.64E+01,3.40E+01
3890,178.58,-99.7779,7.71E-01,2.56E+01,8.17E+01,2.22E+01
3891,171.435,-99.7727,1.13E+00,3.25E+01,8.53E+01,1.81E+01
3892,164.288,-99.7675,1.49E+00,3.59E+01,8.79E+01,1.73E+01
3893,157.141,-99.7623,1.84E+00,3.68E+01,9.03E+01,1.87E+01
3894,192.869,-46.6649,1.58E-01,2.27E+01,4.33E+01,8.46E+01
3895,185.731,-46.6622,4.87E-01,1.81E+01,5.56E+01,5.50E+01
3896,178.591,-46.66,8.84E-01,3.28E+01,6.09E+01,4.26E+01
3897,171.451,-46.6577,1.31E+00,3.96E+01,6.42E+01,3.82E+01
3898,164.31,-46.6554,1.74E+00,4.31E+01,6.64E+01,3.73E+01
3899,157.168,-46.653,2.18E+00,4.48E+01,6.82E+01,3.83E+01
3900,178.592,-39.9943,8.93E-01,3.39E+01,5.87E+01,4.50E+01
3901,178.593,-33.3288,9.01E-01,3.52E+01,5.65E+01,4.74E+01
3902,178.594,-26.6631,9.07E-01,3.65E+01,5.45E+01,4.97E+01
3903,178.594,-19.9974,9.12E-01,3.78E+01,5.25E+01,5.20E+01
3904,178.595,-13.3318,9.17E-01,3.92E+01,5.06E+01,5.43E+01
3905,178.595,-6.66609,9.20E-01,4.07E+01,4.87E+01,5.66E+01
3906,185.732,-26.6643,4.99E-01,2.17E+01,4.92E+01,6.20E+01
3907,192.869,-26.666,1.62E-01,2.28E+01,3.68E+01,9.18E+01
3908,185.732,-33.3303,4.96E-01,2.04E+01,5.13E+01,5.97E+01
3909,185.731,-39.9962,4.92E-01,1.92E+01,5.34E+01,5.73E+01
3910,192.869,-33.3323,1.61E-01,2.28E+01,3.89E+01,8.95E+01
3911,192.869,-39.9986,1.59E-01,2.27E+01,4.11E+01,8.71E+01
3912,185.733,-13.3324,5.04E-01,2.45E+01,4.54E+01,6.65E+01
3913,192.869,-13.3333,1.63E-01,2.28E+01,3.28E+01,9.63E+01
3914,185.732,-19.9983,5.02E-01,2.30E+01,4.73E+01,6.42E+01
3915,192.869,-19.9996,1.62E-01,2.28E+01,3.48E+01,9.41E+01
3916,185.733,-6.66627,5.06E-01,2.59E+01,4.35E+01,6.87E+01
3917,192.87,-6.66696,1.64E-01,2.28E+01,3.09E+01,9.85E+01
3918,157.174,-26.6594,2.25E+00,4.87E+01,6.16E+01,4.54E+01
3919,164.314,-26.6607,1.79E+00,4.68E+01,5.98E+01,4.46E+01
3920,171.454,-26.6619,1.34E+00,4.33E+01,5.77E+01,4.54E+01
3921,164.313,-33.3256,1.78E+00,4.55E+01,6.19E+01,4.22E+01
3922,164.312,-39.9905,1.76E+00,4.43E+01,6.41E+01,3.97E+01
3923,157.172,-33.324,2.23E+00,4.73E+01,6.37E+01,4.30E+01
3924,157.17,-39.9885,2.21E+00,4.60E+01,6.59E+01,4.07E+01
3925,171.453,-33.3272,1.33E+00,4.20E+01,5.97E+01,4.31E+01
3926,171.452,-39.9924,1.32E+00,4.08E+01,6.19E+01,4.07E+01
3927,164.317,-6.66567,1.82E+00,5.10E+01,5.40E+01,5.19E+01
3928,164.316,-13.3307,1.81E+00,4.96E+01,5.59E+01,4.95E+01
3929,164.315,-19.9957,1.81E+00,4.82E+01,5.78E+01,4.70E+01
3930,157.176,-13.3301,2.28E+00,5.16E+01,5.77E+01,5.02E+01
3931,157.177,-6.66547,2.28E+00,5.32E+01,5.59E+01,5.26E+01
3932,157.175,-19.9948,2.26E+00,5.01E+01,5.96E+01,4.78E+01
3933,171.456,-13.3313,1.36E+00,4.60E+01,5.37E+01,5.02E+01
3934,171.456,-6.66586,1.36E+00,4.75E+01,5.19E+01,5.26E+01
3935,171.455,-19.9965,1.35E+00,4.46E+01,5.57E+01,4.78E+01
3936,192.867,-73.33,1.51E-01,2.28E+01,5.34E+01,7.41E+01
3937,185.728,-73.3258,4.64E-01,1.46E+01,6.54E+01,4.50E+01
3938,178.587,-73.3221,8.38E-01,2.86E+01,7.08E+01,3.28E+01
3939,171.444,-73.3184,1.23E+00,3.55E+01,7.42E+01,2.83E+01
3940,164.3,-73.3145,1.64E+00,3.90E+01,7.67E+01,2.74E+01
3941,157.156,-73.3106,2.04E+00,4.03E+01,7.88E+01,2.86E+01
3942,178.588,-66.6566,8.51E-01,2.95E+01,6.81E+01,3.53E+01
3943,178.589,-59.9911,8.63E-01,3.06E+01,6.56E+01,3.78E+01
3944,178.59,-53.3256,8.74E-01,3.16E+01,6.32E+01,4.02E+01
3945,185.73,-59.9941,4.77E-01,1.61E+01,6.03E+01,5.01E+01
3946,192.868,-59.9975,1.55E-01,2.27E+01,4.82E+01,7.96E+01
3947,185.729,-66.6599,4.71E-01,1.53E+01,6.28E+01,4.75E+01
3948,192.868,-66.6637,1.53E-01,2.28E+01,5.07E+01,7.69E+01
3949,185.73,-53.3282,4.82E-01,1.71E+01,5.79E+01,5.25E+01
3950,192.868,-53.3313,1.57E-01,2.27E+01,4.57E+01,8.21E+01
3951,164.303,-66.6497,1.67E+00,4.00E+01,7.39E+01,2.99E+01
3952,164.306,-59.985,1.70E+00,4.10E+01,7.13E+01,3.24E+01
3953,164.308,-53.3203,1.72E+00,4.20E+01,6.88E+01,3.48E+01
3954,171.448,-59.9881,1.28E+00,3.74E+01,6.90E+01,3.33E+01
3955,171.446,-66.6532,1.26E+00,3.64E+01,7.15E+01,3.09E+01
3956,171.45,-53.3229,1.29E+00,3.85E+01,6.65E+01,3.58E+01
3957,157.163,-59.9818,2.12E+00,4.24E+01,7.33E+01,3.34E+01
3958,157.16,-66.6461,2.08E+00,4.13E+01,7.59E+01,3.10E+01
3959,157.166,-53.3175,2.15E+00,4.36E+01,7.07E+01,3.59E+01
3960,178.582,-93.2337,7.90E-01,2.62E+01,7.90E+01,2.49E+01
3961,178.584,-86.6531,8.07E-01,2.69E+01,7.62E+01,2.76E+01
3962,178.585,-79.9877,8.23E-01,2.77E+01,7.35E+01,3.02E+01
3963,185.726,-86.6576,4.48E-01,1.35E+01,7.09E+01,3.96E+01
3964,192.866,-86.6626,1.46E-01,2.31E+01,5.90E+01,6.83E+01
3965,185.725,-93.2385,4.39E-01,1.32E+01,7.36E+01,3.68E+01
3966,192.874,-93.2579,1.44E-01,2.33E+01,6.20E+01,6.53E+01
3967,185.727,-79.9918,4.56E-01,1.40E+01,6.81E+01,4.23E+01
3968,192.867,-79.9963,1.49E-01,2.30E+01,5.61E+01,7.13E+01
3969,164.291,-93.2239,1.53E+00,3.66E+01,8.52E+01,1.97E+01
3970,164.294,-86.644,1.57E+00,3.73E+01,8.23E+01,2.22E+01
3971,164.298,-79.9793,1.60E+00,3.81E+01,7.95E+01,2.48E+01
3972,171.44,-86.6486,1.19E+00,3.38E+01,7.97E+01,2.32E+01
3973,171.437,-93.2288,1.16E+00,3.31E+01,8.25E+01,2.06E+01
3974,171.442,-79.9835,1.21E+00,3.46E+01,7.69E+01,2.58E+01
3975,157.149,-86.6394,1.95E+00,3.84E+01,8.46E+01,2.36E+01
3976,157.137,-93.233,1.90E+00,3.76E+01,8.75E+01,2.11E+01
3977,157.153,-79.975,2.00E+00,3.94E+01,8.17E+01,2.61E+01
3978,192.831,-143.965,1.10E-01,2.17E+01,8.32E+01,3.47E+01
3979,185.699,-144.029,3.26E-01,1.34E+01,9.11E+01,1.37E+01
3980,178.56,-144.052,5.74E-01,2.48E+01,9.42E+01,1.02E+01
3981,171.418,-144.053,8.22E-01,3.11E+01,9.57E+01,1.11E+01
3982,164.283,-144.037,1.06E+00,3.39E+01,9.62E+01,1.07E+01
3983,157.151,-143.956,1.29E+00,3.36E+01,9.66E+01,8.96E+00
3984,178.567,-137.612,6.13E-01,2.45E+01,9.38E+01,9.87E+00
3985,178.571,-131.23,6.47E-01,2.44E+01,9.27E+01,1.07E+01
3986,178.573,-124.981,6.77E-01,2.44E+01,9.11E+01,1.25E+01
3987,178.575,-118.731,7.04E-01,2.45E+01,8.92E+01,1.46E+01
3988,178.576,-112.482,7.28E-01,2.48E+01,8.69E+01,1.71E+01
3989,178.578,-106.148,7.50E-01,2.51E+01,8.44E+01,1.96E+01
3990,185.719,-124.987,3.81E-01,1.29E+01,8.66E+01,2.21E+01
3991,192.863,-124.994,1.26E-01,2.34E+01,7.64E+01,4.81E+01
3992,185.718,-131.236,3.65E-01,1.30E+01,8.85E+01,1.91E+01
3993,185.71,-137.604,3.47E-01,1.31E+01,9.01E+01,1.62E+01
3994,192.862,-131.243,1.21E-01,2.31E+01,7.90E+01,4.40E+01
3995,192.849,-137.574,1.16E-01,2.26E+01,8.12E+01,3.95E+01
3996,185.722,-112.488,4.08E-01,1.28E+01,8.19E+01,2.81E+01
3997,192.864,-112.494,1.34E-01,2.36E+01,7.08E+01,5.55E+01
3998,185.72,-118.737,3.95E-01,1.28E+01,8.44E+01,2.52E+01
3999,192.864,-118.744,1.31E-01,2.36E+01,7.37E+01,5.19E+01
4000,185.723,-106.154,4.19E-01,1.29E+01,7.92E+01,3.11E+01
4001,192.857,-106.174,1.38E-01,2.36E+01,6.79E+01,5.89E+01
4002,157.126,-124.964,1.57E+00,3.45E+01,9.78E+01,1.05E+01
4003,164.275,-124.969,1.28E+00,3.43E+01,9.61E+01,9.66E+00
4004,171.424,-124.975,9.80E-01,3.11E+01,9.41E+01,9.95E+00
4005,164.272,-131.219,1.21E+00,3.41E+01,9.70E+01,9.09E+00
4006,164.276,-137.596,1.14E+00,3.40E+01,9.71E+01,9.42E+00
4007,157.123,-131.215,1.49E+00,3.42E+01,9.83E+01,9.36E+00
4008,157.134,-137.553,1.39E+00,3.39E+01,9.79E+01,8.80E+00
4009,171.422,-131.224,9.34E-01,3.10E+01,9.53E+01,9.24E+00
4010,171.42,-137.609,8.81E-01,3.10E+01,9.60E+01,9.60E+00
4011,164.285,-106.137,1.44E+00,3.53E+01,9.05E+01,1.49E+01
4012,164.282,-112.471,1.39E+00,3.49E+01,9.27E+01,1.28E+01
4013,164.278,-118.72,1.34E+00,3.46E+01,9.47E+01,1.10E+01
4014,157.133,-112.466,1.72E+00,3.55E+01,9.49E+01,1.41E+01
4015,157.145,-106.146,1.78E+00,3.61E+01,9.27E+01,1.63E+01
4016,157.13,-118.715,1.65E+00,3.49E+01,9.66E+01,1.22E+01
4017,171.43,-112.477,1.06E+00,3.15E+01,9.03E+01,1.34E+01
4018,171.432,-106.143,1.10E+00,3.19E+01,8.79E+01,1.57E+01
4019,171.427,-118.726,1.02E+00,3.13E+01,9.24E+01,1.14E+01
4020,192.861,-171.455,6.30E-02,1.47E+01,8.24E+01,1.62E+01
4021,185.714,-171.484,1.87E-01,1.82E+01,8.32E+01,1.65E+01
4022,178.562,-171.508,3.27E-01,2.73E+01,8.34E+01,2.14E+01
4023,171.411,-171.519,4.63E-01,3.10E+01,8.54E+01,2.16E+01
4024,164.261,-171.504,5.91E-01,3.22E+01,8.88E+01,1.94E+01
4025,157.113,-171.464,7.10E-01,3.14E+01,9.19E+01,1.54E+01
4026,178.567,-164.522,4.05E-01,2.69E+01,8.80E+01,1.83E+01
4027,178.563,-157.559,4.72E-01,2.61E+01,9.14E+01,1.48E+01
4028,178.558,-150.771,5.27E-01,2.54E+01,9.35E+01,1.19E+01
4029,185.717,-157.499,2.70E-01,1.49E+01,9.01E+01,1.21E+01
4030,192.877,-157.394,9.06E-02,1.89E+01,8.51E+01,2.43E+01
4031,185.723,-164.477,2.32E-01,1.64E+01,8.75E+01,1.37E+01
4032,192.873,-164.403,7.84E-02,1.70E+01,8.44E+01,1.97E+01
4033,185.702,-150.727,3.01E-01,1.39E+01,9.13E+01,1.22E+01
4034,192.852,-150.63,1.01E-01,2.04E+01,8.47E+01,2.96E+01
4035,164.252,-164.507,7.33E-01,3.35E+01,8.98E+01,1.71E+01
4036,164.259,-157.536,8.58E-01,3.39E+01,9.19E+01,1.47E+01
4037,164.275,-150.752,9.65E-01,3.39E+01,9.43E+01,1.26E+01
4038,171.413,-157.566,6.71E-01,3.17E+01,9.17E+01,1.60E+01
4039,171.411,-164.531,5.75E-01,3.17E+01,8.84E+01,1.90E+01
4040,171.416,-150.778,7.52E-01,3.14E+01,9.43E+01,1.33E+01
4041,157.1,-157.406,1.04E+00,3.31E+01,9.29E+01,1.14E+01
4042,157.101,-164.417,8.83E-01,3.26E+01,9.20E+01,1.34E+01
4043,157.127,-150.635,1.17E+00,3.34E+01,9.47E+01,9.87E+00
4044,178.565,-192.854,4.27E-02,1.26E+01,7.82E+01,1.43E+01
4045,178.561,-185.706,1.33E-01,1.94E+01,7.69E+01,1.90E+01
4046,178.561,-178.6,2.34E-01,2.59E+01,7.89E+01,2.26E+01
4047,185.706,-185.705,7.27E-02,1.53E+01,7.18E+01,1.62E+01
4048,192.852,-185.708,2.25E-02,8.87E+00,7.33E+01,1.09E+01
4049,185.708,-192.852,2.20E-02,9.08E+00,7.32E+01,1.11E+01
4050,192.852,-192.852,5.60E-03,5.81E+00,6.88E+01,7.64E+00
4051,185.709,-178.59,1.32E-01,1.88E+01,7.72E+01,1.84E+01
4052,192.857,-178.58,4.37E-02,1.18E+01,7.88E+01,1.36E+01
4053,157.13,-185.713,3.06E-01,2.02E+01,9.00E+01,1.38E+01
4054,164.273,-185.711,2.50E-01,1.93E+01,8.69E+01,1.58E+01
4055,171.417,-185.708,1.93E-01,1.99E+01,8.27E+01,1.82E+01
4056,164.279,-192.858,8.26E-02,1.96E+01,8.21E+01,2.14E+01
4057,157.136,-192.861,1.03E-01,2.42E+01,8.18E+01,2.59E+01
4058,171.422,-192.856,6.32E-02,1.61E+01,8.12E+01,1.76E+01
4059,164.266,-178.6,4.27E-01,2.88E+01,8.86E+01,2.01E+01
4060,157.121,-178.587,5.15E-01,2.83E+01,9.20E+01,1.64E+01
4061,171.413,-178.604,3.34E-01,2.84E+01,8.36E+01,2.25E+01
