NodeID,Y,Z,Displacement,Stress_L1,Stress_L2,Stress_L4
2,100.001,-100.001,1.10E-01,1.30E+00,9.49E-01,3.18E+00
3,100.001,-93.3343,1.29E-01,1.25E+00,9.98E-01,3.16E+00
4,100.002,-86.6676,1.47E-01,1.19E+00,1.03E+00,3.11E+00
5,100.002,-80.0008,1.64E-01,1.12E+00,1.05E+00,3.04E+00
6,100.002,-73.3341,1.80E-01,1.04E+00,1.06E+00,2.93E+00
7,100.003,-66.6674,1.95E-01,9.48E-01,1.05E+00,2.79E+00
8,100.003,-60.0006,2.08E-01,8.32E-01,1.04E+00,2.59E+00
9,100.003,-53.3338,2.19E-01,6.89E-01,1.01E+00,2.35E+00
10,100.003,-46.6671,2.28E-01,5.20E-01,9.65E-01,2.07E+00
11,100.004,-40.0002,2.35E-01,3.33E-01,9.01E-01,1.76E+00
12,100.004,-33.3334,2.39E-01,1.97E-01,8.16E-01,1.42E+00
13,100.004,-26.6666,2.39E-01,2.12E-01,7.11E-01,1.08E+00
14,100.004,-19.9998,2.37E-01,3.67E-01,5.93E-01,7.62E-01
15,100.004,-13.3329,2.33E-01,5.53E-01,4.70E-01,5.04E-01
16,100.004,-6.66618,2.25E-01,7.11E-01,3.54E-01,3.71E-01
17,100.003,0.000575557,2.16E-01,8.35E-01,2.56E-01,3.89E-01
18,100.003,6.66729,2.05E-01,9.25E-01,1.83E-01,4.95E-01
19,100.003,13.334,1.92E-01,9.87E-01,1.39E-01,6.20E-01
20,100.003,20.0006,1.78E-01,1.03E+00,1.18E-01,7.32E-01
21,100.003,26.6673,1.64E-01,1.05E+00,1.14E-01,8.24E-01
22,100.002,33.3339,1.49E-01,1.05E+00,1.22E-01,8.96E-01
23,100.002,40.0005,1.34E-01,1.04E+00,1.45E-01,9.48E-01
24,100.002,46.6671,1.19E-01,1.02E+00,1.80E-01,9.81E-01
25,100.001,53.3337,1.04E-01,9.96E-01,2.24E-01,9.95E-01
26,100.001,60.0003,9.00E-02,9.57E-01,2.71E-01,9.89E-01
27,100.001,66.6669,7.63E-02,9.07E-01,3.20E-01,9.65E-01
28,100.001,73.3335,6.34E-02,8.45E-01,3.66E-01,9.21E-01
29,100,80.0001,5.14E-02,7.72E-01,4.09E-01,8.59E-01
30,100,86.6667,4.04E-02,6.88E-01,4.50E-01,7.79E-01
31,100,93.3333,3.06E-02,5.93E-01,4.90E-01,6.85E-01
32,99.9999,99.9999,2.21E-02,4.89E-01,5.36E-01,5.82E-01
33,93.3333,100,3.06E-02,5.92E-01,4.90E-01,6.84E-01
34,86.6667,100,4.04E-02,6.87E-01,4.50E-01,7.78E-01
35,80.0001,100,5.14E-02,7.72E-01,4.10E-01,8.58E-01
36,73.3335,100.001,6.34E-02,8.45E-01,3.67E-01,9.20E-01
37,66.6669,100.001,7.63E-02,9.06E-01,3.21E-01,9.64E-01
38,60.0003,100.001,8.99E-02,9.56E-01,2.73E-01,9.89E-01
39,53.3337,100.001,1.04E-01,9.95E-01,2.25E-01,9.94E-01
40,46.6671,100.002,1.19E-01,1.02E+00,1.82E-01,9.80E-01
41,40.0005,100.002,1.34E-01,1.04E+00,1.47E-01,9.47E-01
42,33.3339,100.002,1.49E-01,1.05E+00,1.24E-01,8.95E-01
43,26.6673,100.003,1.64E-01,1.04E+00,1.16E-01,8.23E-01
44,20.0006,100.003,1.78E-01,1.02E+00,1.21E-01,7.31E-01
45,13.334,100.003,1.92E-01,9.86E-01,1.42E-01,6.19E-01
46,6.66729,100.003,2.04E-01,9.25E-01,1.86E-01,4.94E-01
47,0.000574349,100.003,2.16E-01,8.34E-01,2.59E-01,3.87E-01
48,-6.66618,100.004,2.25E-01,7.11E-01,3.58E-01,3.70E-01
49,-13.3329,100.004,2.33E-01,5.53E-01,4.74E-01,5.04E-01
50,-19.9998,100.004,2.37E-01,3.67E-01,5.97E-01,7.63E-01
51,-26.6666,100.004,2.39E-01,2.14E-01,7.15E-01,1.08E+00
52,-33.3334,100.004,2.38E-01,1.98E-01,8.20E-01,1.42E+00
53,-40.0002,100.004,2.35E-01,3.33E-01,9.05E-01,1.76E+00
54,-46.667,100.003,2.28E-01,5.19E-01,9.69E-01,2.07E+00
55,-53.3338,100.003,2.19E-01,6.89E-01,1.01E+00,2.35E+00
56,-60.0006,100.003,2.08E-01,8.31E-01,1.04E+00,2.59E+00
57,-66.6674,100.003,1.95E-01,9.48E-01,1.06E+00,2.79E+00
58,-73.3341,100.002,1.80E-01,1.04E+00,1.06E+00,2.94E+00
59,-80.0008,100.002,1.64E-01,1.12E+00,1.05E+00,3.04E+00
60,-86.6676,100.002,1.47E-01,1.19E+00,1.03E+00,3.12E+00
61,-93.3343,100.001,1.28E-01,1.25E+00,1.00E+00,3.16E+00
62,-100.001,100.001,1.10E-01,1.30E+00,9.51E-01,3.18E+00
63,-100.001,93.3343,1.28E-01,1.25E+00,1.00E+00,3.16E+00
64,-100.002,86.6676,1.47E-01,1.19E+00,1.03E+00,3.12E+00
65,-100.002,80.0008,1.64E-01,1.12E+00,1.05E+00,3.04E+00
66,-100.002,73.3341,1.80E-01,1.04E+00,1.06E+00,2.94E+00
67,-100.003,66.6674,1.95E-01,9.49E-01,1.05E+00,2.79E+00
68,-100.003,60.0006,2.08E-01,8.32E-01,1.04E+00,2.59E+00
69,-100.003,53.3338,2.19E-01,6.90E-01,1.01E+00,2.35E+00
70,-100.003,46.667,2.28E-01,5.21E-01,9.66E-01,2.07E+00
71,-100.004,40.0002,2.35E-01,3.34E-01,9.01E-01,1.76E+00
72,-100.004,33.3334,2.38E-01,1.98E-01,8.16E-01,1.42E+00
73,-100.004,26.6666,2.39E-01,2.12E-01,7.11E-01,1.08E+00
74,-100.004,19.9998,2.37E-01,3.66E-01,5.92E-01,7.62E-01
75,-100.004,13.3329,2.33E-01,5.52E-01,4.69E-01,5.03E-01
76,-100.004,6.66617,2.25E-01,7.10E-01,3.53E-01,3.71E-01
77,-100.004,-0.000575672,2.16E-01,8.34E-01,2.55E-01,3.88E-01
78,-100.003,-6.6673,2.05E-01,9.25E-01,1.82E-01,4.95E-01
79,-100.003,-13.3339,1.92E-01,9.86E-01,1.39E-01,6.20E-01
80,-100.003,-20.0006,1.78E-01,1.02E+00,1.18E-01,7.32E-01
81,-100.003,-26.6673,1.64E-01,1.04E+00,1.14E-01,8.24E-01
82,-100.002,-33.3339,1.49E-01,1.05E+00,1.22E-01,8.96E-01
83,-100.002,-40.0005,1.34E-01,1.04E+00,1.45E-01,9.48E-01
84,-100.002,-46.6671,1.19E-01,1.02E+00,1.80E-01,9.81E-01
85,-100.001,-53.3337,1.04E-01,9.95E-01,2.24E-01,9.94E-01
86,-100.001,-60.0003,8.99E-02,9.56E-01,2.72E-01,9.89E-01
87,-100.001,-66.6669,7.63E-02,9.06E-01,3.20E-01,9.64E-01
88,-100.001,-73.3334,6.34E-02,8.45E-01,3.67E-01,9.21E-01
89,-100,-80.0001,5.14E-02,7.72E-01,4.10E-01,8.58E-01
90,-100,-86.6667,4.04E-02,6.88E-01,4.50E-01,7.79E-01
91,-100,-93.3332,3.06E-02,5.92E-01,4.90E-01,6.85E-01
92,-99.9999,-99.9999,2.21E-02,4.89E-01,5.36E-01,5.82E-01
93,-93.3332,-100,3.06E-02,5.92E-01,4.91E-01,6.84E-01
94,-86.6667,-100,4.04E-02,6.87E-01,4.50E-01,7.78E-01
95,-80.0001,-100,5.14E-02,7.72E-01,4.10E-01,8.58E-01
96,-73.3334,-100.001,6.34E-02,8.45E-01,3.68E-01,9.21E-01
97,-66.6669,-100.001,7.63E-02,9.06E-01,3.21E-01,9.64E-01
98,-60.0003,-100.001,8.99E-02,9.56E-01,2.73E-01,9.89E-01
99,-53.3337,-100.001,1.04E-01,9.95E-01,2.25E-01,9.94E-01
100,-46.6671,-100.002,1.19E-01,1.02E+00,1.82E-01,9.80E-01
101,-40.0005,-100.002,1.34E-01,1.04E+00,1.47E-01,9.47E-01
102,-33.3339,-100.002,1.49E-01,1.05E+00,1.24E-01,8.95E-01
103,-26.6673,-100.003,1.64E-01,1.04E+00,1.16E-01,8.23E-01
104,-20.0006,-100.003,1.78E-01,1.02E+00,1.21E-01,7.31E-01
105,-13.3339,-100.003,1.92E-01,9.86E-01,1.42E-01,6.19E-01
106,-6.66729,-100.003,2.05E-01,9.25E-01,1.87E-01,4.94E-01
107,-0.000574698,-100.003,2.16E-01,8.34E-01,2.60E-01,3.87E-01
108,6.66617,-100.004,2.25E-01,7.11E-01,3.58E-01,3.70E-01
109,13.3329,-100.004,2.33E-01,5.53E-01,4.74E-01,5.04E-01
110,19.9998,-100.004,2.37E-01,3.67E-01,5.97E-01,7.63E-01
111,26.6666,-100.004,2.39E-01,2.14E-01,7.15E-01,1.08E+00
112,33.3334,-100.004,2.38E-01,1.98E-01,8.20E-01,1.42E+00
113,40.0002,-100.004,2.35E-01,3.33E-01,9.05E-01,1.76E+00
114,46.667,-100.003,2.28E-01,5.19E-01,9.69E-01,2.07E+00
115,53.3338,-100.003,2.19E-01,6.89E-01,1.01E+00,2.35E+00
116,60.0006,-100.003,2.08E-01,8.32E-01,1.04E+00,2.59E+00
117,66.6674,-100.003,1.95E-01,9.48E-01,1.06E+00,2.79E+00
118,73.3341,-100.002,1.80E-01,1.04E+00,1.06E+00,2.93E+00
119,80.0008,-100.002,1.64E-01,1.12E+00,1.05E+00,3.04E+00
120,86.6676,-100.002,1.47E-01,1.19E+00,1.03E+00,3.11E+00
121,93.3343,-100.001,1.29E-01,1.25E+00,9.99E-01,3.16E+00
122,-93.3371,-0.000681242,2.67E-01,1.16E+00,4.39E-01,5.21E-01
123,-86.6707,-0.000784536,3.21E-01,1.48E+00,6.36E-01,7.08E-01
124,-80.0042,-0.000884678,3.78E-01,1.80E+00,8.41E-01,9.09E-01
125,-73.3377,-0.000980801,4.37E-01,2.13E+00,1.06E+00,1.12E+00
126,-66.6713,-0.00107184,4.98E-01,2.49E+00,1.29E+00,1.34E+00
127,-60.0047,-0.00115626,5.59E-01,2.88E+00,1.55E+00,1.58E+00
128,-53.3381,-0.00123168,6.21E-01,3.32E+00,1.85E+00,1.84E+00
129,-46.6716,-0.00129445,6.84E-01,3.84E+00,2.20E+00,2.16E+00
130,-40.0049,-0.00133895,7.46E-01,4.44E+00,2.62E+00,2.54E+00
131,-33.3381,-0.00135645,8.07E-01,5.19E+00,3.14E+00,3.03E+00
132,-26.6712,-0.00133328,8.65E-01,6.12E+00,3.83E+00,3.67E+00
133,-20.0041,-0.00124692,9.19E-01,7.34E+00,4.77E+00,4.57E+00
134,-13.3367,-0.0010609,9.66E-01,9.10E+00,6.17E+00,6.00E+00
135,-6.66885,-0.000688626,1.00E+00,1.15E+01,8.02E+00,8.17E+00
136,3.37E-06,-1.10E-06,1.02E+00,1.29E+01,9.04E+00,9.44E+00
137,6.66885,0.000686997,1.00E+00,1.15E+01,8.02E+00,8.17E+00
138,13.3368,0.00105986,9.66E-01,9.10E+00,6.17E+00,6.00E+00
139,20.0041,0.0012462,9.19E-01,7.34E+00,4.77E+00,4.57E+00
140,26.6712,0.00133279,8.65E-01,6.12E+00,3.83E+00,3.67E+00
141,33.3381,0.00135612,8.07E-01,5.19E+00,3.14E+00,3.03E+00
142,40.0049,0.00133876,7.46E-01,4.44E+00,2.62E+00,2.54E+00
143,46.6715,0.00129436,6.84E-01,3.83E+00,2.20E+00,2.16E+00
144,53.3381,0.00123167,6.21E-01,3.32E+00,1.85E+00,1.84E+00
145,60.0047,0.00115632,5.59E-01,2.88E+00,1.55E+00,1.57E+00
146,66.6713,0.00107197,4.98E-01,2.49E+00,1.29E+00,1.34E+00
147,73.3378,0.000980998,4.37E-01,2.13E+00,1.06E+00,1.12E+00
148,80.0042,0.000884944,3.78E-01,1.80E+00,8.41E-01,9.09E-01
149,86.6707,0.000784871,3.22E-01,1.48E+00,6.36E-01,7.08E-01
150,93.3371,0.000681732,2.67E-01,1.16E+00,4.39E-01,5.21E-01
151,0.000678555,6.66883,1.00E+00,1.16E+01,8.03E+00,8.19E+00
152,0.00104759,13.3368,9.66E-01,9.14E+00,6.19E+00,6.02E+00
153,0.00123916,20.0041,9.19E-01,7.36E+00,4.80E+00,4.57E+00
154,0.00132743,26.6712,8.65E-01,6.13E+00,3.85E+00,3.66E+00
155,0.00135187,33.3381,8.07E-01,5.19E+00,3.16E+00,3.02E+00
156,0.00133525,40.0048,7.46E-01,4.45E+00,2.63E+00,2.53E+00
157,0.00129137,46.6715,6.84E-01,3.84E+00,2.21E+00,2.15E+00
158,0.00122904,53.3381,6.21E-01,3.33E+00,1.86E+00,1.84E+00
159,0.00115395,60.0047,5.59E-01,2.88E+00,1.56E+00,1.57E+00
160,0.00106977,66.6713,4.97E-01,2.49E+00,1.30E+00,1.33E+00
161,0.000978894,73.3378,4.37E-01,2.13E+00,1.06E+00,1.11E+00
162,0.00088285,80.0042,3.78E-01,1.80E+00,8.47E-01,9.06E-01
163,0.000782788,86.6707,3.21E-01,1.48E+00,6.41E-01,7.06E-01
164,0.000679245,93.3371,2.67E-01,1.16E+00,4.46E-01,5.19E-01
165,-53.3382,6.66594,6.37E-01,3.10E+00,2.18E+00,1.44E+00
166,-53.3381,13.3332,6.43E-01,2.73E+00,2.47E+00,9.26E-01
167,-53.3379,20.0005,6.41E-01,2.26E+00,2.66E+00,5.73E-01
168,-53.3376,26.6677,6.31E-01,1.79E+00,2.74E+00,7.20E-01
169,-53.3372,33.3349,6.12E-01,1.38E+00,2.71E+00,1.17E+00
170,-53.3368,40.002,5.87E-01,1.05E+00,2.61E+00,1.57E+00
171,-53.3364,46.669,5.56E-01,7.97E-01,2.47E+00,1.86E+00
172,-53.3359,53.3359,5.21E-01,6.00E-01,2.31E+00,2.05E+00
173,-53.3355,60.0028,4.82E-01,4.50E-01,2.14E+00,2.16E+00
174,-53.3351,66.6697,4.41E-01,3.52E-01,1.97E+00,2.22E+00
175,-53.3348,73.3364,3.98E-01,3.17E-01,1.79E+00,2.25E+00
176,-53.3345,80.0032,3.54E-01,3.46E-01,1.61E+00,2.26E+00
177,-53.3342,86.6699,3.09E-01,4.27E-01,1.42E+00,2.28E+00
178,-53.334,93.3365,2.64E-01,5.45E-01,1.23E+00,2.31E+00
179,-60.0033,46.6686,5.13E-01,6.17E-01,2.26E+00,1.92E+00
180,-66.6701,46.6683,4.67E-01,4.67E-01,2.05E+00,1.95E+00
181,-73.3368,46.6679,4.20E-01,3.53E-01,1.84E+00,1.95E+00
182,-80.0035,46.6677,3.72E-01,2.88E-01,1.63E+00,1.96E+00
183,-86.6702,46.6674,3.24E-01,2.92E-01,1.42E+00,1.98E+00
184,-93.3367,46.6672,2.75E-01,3.76E-01,1.20E+00,2.01E+00
185,-73.3371,40.001,4.38E-01,5.18E-01,1.87E+00,1.59E+00
186,-73.3374,33.334,4.52E-01,7.84E-01,1.85E+00,1.17E+00
187,-73.3377,26.667,4.60E-01,1.10E+00,1.77E+00,7.36E-01
188,-73.3378,20,4.63E-01,1.44E+00,1.64E+00,4.57E-01
189,-73.3379,13.3329,4.60E-01,1.74E+00,1.46E+00,5.31E-01
190,-73.3379,6.66595,4.51E-01,1.97E+00,1.26E+00,8.31E-01
191,-66.6711,26.6672,5.18E-01,1.32E+00,2.07E+00,7.17E-01
192,-60.0044,26.6674,5.75E-01,1.55E+00,2.39E+00,7.14E-01
193,-66.6708,33.3343,5.06E-01,9.73E-01,2.12E+00,1.17E+00
194,-66.6705,40.0013,4.89E-01,6.80E-01,2.11E+00,1.59E+00
195,-60.0041,33.3346,5.60E-01,1.17E+00,2.41E+00,1.17E+00
196,-60.0037,40.0016,5.39E-01,8.55E-01,2.35E+00,1.59E+00
197,-66.6714,13.333,5.21E-01,2.05E+00,1.76E+00,6.51E-01
198,-60.0048,13.3331,5.82E-01,2.37E+00,2.09E+00,7.83E-01
199,-66.6713,20.0001,5.22E-01,1.70E+00,1.95E+00,4.81E-01
200,-60.0047,20.0003,5.82E-01,1.97E+00,2.29E+00,5.22E-01
201,-66.6714,6.66593,5.12E-01,2.32E+00,1.53E+00,1.02E+00
202,-60.0048,6.66592,5.74E-01,2.69E+00,1.83E+00,1.22E+00
203,-93.3373,26.6666,2.92E-01,4.16E-01,9.64E-01,9.48E-01
204,-86.6709,26.6667,3.47E-01,6.53E-01,1.23E+00,8.47E-01
205,-80.0043,26.6668,4.03E-01,8.81E-01,1.49E+00,7.78E-01
206,-86.6707,33.3336,3.43E-01,4.06E-01,1.32E+00,1.24E+00
207,-86.6705,40.0005,3.35E-01,2.63E-01,1.39E+00,1.63E+00
208,-93.3372,33.3335,2.90E-01,2.43E-01,1.07E+00,1.32E+00
209,-93.337,40.0004,2.84E-01,2.36E-01,1.15E+00,1.68E+00
210,-80.0041,33.3338,3.97E-01,5.95E-01,1.58E+00,1.19E+00
211,-80.0038,40.0007,3.87E-01,3.72E-01,1.63E+00,1.60E+00
212,-93.3373,13.3329,2.86E-01,8.53E-01,6.99E-01,3.97E-01
213,-86.671,13.3329,3.42E-01,1.15E+00,9.40E-01,3.80E-01
214,-80.0044,13.3329,4.00E-01,1.44E+00,1.19E+00,4.34E-01
215,-86.671,19.9998,3.47E-01,9.13E-01,1.09E+00,5.12E-01
216,-93.3373,19.9998,2.91E-01,6.43E-01,8.38E-01,6.13E-01
217,-80.0044,19.9999,4.04E-01,1.18E+00,1.36E+00,4.62E-01
218,-86.6709,6.66604,3.33E-01,1.34E+00,7.82E-01,4.96E-01
219,-93.3372,6.6661,2.78E-01,1.03E+00,5.62E-01,3.83E-01
220,-80.0044,6.66599,3.91E-01,1.65E+00,1.01E+00,6.55E-01
221,-60.0017,73.336,3.72E-01,3.81E-01,1.72E+00,2.47E+00
222,-66.6685,73.3357,3.44E-01,4.86E-01,1.64E+00,2.63E+00
223,-73.3353,73.3353,3.14E-01,6.00E-01,1.55E+00,2.74E+00
224,-80.0021,73.335,2.82E-01,7.14E-01,1.45E+00,2.81E+00
225,-86.6688,73.3346,2.48E-01,8.25E-01,1.33E+00,2.86E+00
226,-93.3355,73.3344,2.14E-01,9.34E-01,1.20E+00,2.90E+00
227,-73.3356,66.6685,3.44E-01,4.86E-01,1.64E+00,2.63E+00
228,-73.336,60.0017,3.73E-01,3.81E-01,1.72E+00,2.47E+00
229,-73.3364,53.3348,3.98E-01,3.17E-01,1.79E+00,2.25E+00
230,-66.6693,60.002,4.11E-01,3.35E-01,1.87E+00,2.41E+00
231,-60.0024,60.0024,4.48E-01,3.54E-01,2.01E+00,2.32E+00
232,-66.6689,66.6689,3.79E-01,3.91E-01,1.76E+00,2.54E+00
233,-60.002,66.6693,4.11E-01,3.35E-01,1.87E+00,2.41E+00
234,-66.6697,53.3352,4.41E-01,3.51E-01,1.97E+00,2.22E+00
235,-60.0028,53.3355,4.82E-01,4.49E-01,2.14E+00,2.16E+00
236,-93.3362,60.0008,2.49E-01,6.99E-01,1.23E+00,2.55E+00
237,-86.6695,60.0011,2.91E-01,5.77E-01,1.41E+00,2.52E+00
238,-80.0028,60.0014,3.32E-01,4.69E-01,1.57E+00,2.50E+00
239,-86.6692,66.6679,2.71E-01,7.09E-01,1.38E+00,2.72E+00
240,-93.3358,66.6676,2.33E-01,8.26E-01,1.22E+00,2.75E+00
241,-80.0024,66.6682,3.08E-01,5.95E-01,1.51E+00,2.68E+00
242,-86.6699,53.3342,3.09E-01,4.29E-01,1.42E+00,2.28E+00
243,-93.3365,53.334,2.64E-01,5.47E-01,1.22E+00,2.31E+00
244,-80.0032,53.3345,3.54E-01,3.47E-01,1.61E+00,2.26E+00
245,-73.3343,93.3355,2.14E-01,9.33E-01,1.21E+00,2.90E+00
246,-73.3346,86.6688,2.48E-01,8.24E-01,1.33E+00,2.86E+00
247,-73.3349,80.0021,2.82E-01,7.14E-01,1.45E+00,2.81E+00
248,-66.6679,86.6692,2.71E-01,7.08E-01,1.38E+00,2.72E+00
249,-60.0011,86.6695,2.91E-01,5.75E-01,1.41E+00,2.52E+00
250,-66.6676,93.3359,2.33E-01,8.25E-01,1.23E+00,2.75E+00
251,-60.0008,93.3362,2.49E-01,6.97E-01,1.23E+00,2.55E+00
252,-66.6682,80.0024,3.08E-01,5.95E-01,1.52E+00,2.68E+00
253,-60.0014,80.0028,3.32E-01,4.68E-01,1.57E+00,2.50E+00
254,-93.3348,86.6678,1.73E-01,1.11E+00,1.13E+00,3.08E+00
255,-86.6682,86.6682,1.99E-01,1.02E+00,1.21E+00,3.03E+00
256,-80.0014,86.6685,2.24E-01,9.28E-01,1.28E+00,2.96E+00
257,-86.6679,93.3349,1.73E-01,1.11E+00,1.13E+00,3.08E+00
258,-93.3345,93.3346,1.51E-01,1.19E+00,1.08E+00,3.13E+00
259,-80.0011,93.3352,1.94E-01,1.03E+00,1.18E+00,3.01E+00
260,-86.6685,80.0014,2.24E-01,9.28E-01,1.28E+00,2.96E+00
261,-93.3352,80.0011,1.94E-01,1.03E+00,1.17E+00,3.01E+00
262,-80.0017,80.0017,2.54E-01,8.24E-01,1.37E+00,2.90E+00
263,-6.666,46.6716,6.99E-01,3.58E+00,2.60E+00,1.69E+00
264,-13.3333,46.6715,7.04E-01,3.13E+00,2.92E+00,1.08E+00
265,-20.0008,46.6712,6.99E-01,2.57E+00,3.10E+00,6.29E-01
266,-26.6681,46.6708,6.84E-01,2.04E+00,3.13E+00,7.23E-01
267,-33.3353,46.6704,6.61E-01,1.61E+00,3.03E+00,1.15E+00
268,-40.0024,46.6699,6.32E-01,1.27E+00,2.87E+00,1.51E+00
269,-46.6695,46.6694,5.96E-01,1.01E+00,2.67E+00,1.74E+00
270,-26.6685,40.0039,7.35E-01,2.32E+00,3.54E+00,7.11E-01
271,-26.669,33.3368,7.82E-01,2.66E+00,3.98E+00,6.64E-01
272,-26.6696,26.6695,8.21E-01,3.09E+00,4.42E+00,6.30E-01
273,-26.6702,20.0021,8.52E-01,3.72E+00,4.77E+00,9.07E-01
274,-26.6707,13.3343,8.71E-01,4.59E+00,4.86E+00,1.73E+00
275,-26.6711,6.66648,8.76E-01,5.54E+00,4.53E+00,2.84E+00
276,-20.0021,26.6701,8.52E-01,3.73E+00,4.78E+00,9.11E-01
277,-13.3343,26.6707,8.71E-01,4.62E+00,4.87E+00,1.74E+00
278,-6.66649,26.6711,8.76E-01,5.56E+00,4.55E+00,2.84E+00
279,-13.3339,33.3377,8.19E-01,4.05E+00,4.10E+00,1.46E+00
280,-13.3336,40.0047,7.63E-01,3.56E+00,3.45E+00,1.25E+00
281,-20.0015,33.3373,8.06E-01,3.28E+00,4.16E+00,7.66E-01
282,-20.0011,40.0043,7.54E-01,2.91E+00,3.60E+00,6.90E-01
283,-6.66625,33.338,8.19E-01,4.78E+00,3.73E+00,2.36E+00
284,-6.6661,40.0049,7.60E-01,4.13E+00,3.10E+00,1.99E+00
285,-13.3363,6.66737,9.69E-01,7.91E+00,6.98E+00,4.63E+00
286,-13.3355,13.3356,9.50E-01,6.38E+00,6.66E+00,3.09E+00
287,-13.3349,20.0033,9.16E-01,5.33E+00,5.78E+00,2.20E+00
288,-20.0033,13.3349,9.16E-01,5.31E+00,5.78E+00,2.18E+00
289,-20.0039,6.66684,9.27E-01,6.51E+00,5.61E+00,3.50E+00
290,-20.0027,20.0027,8.90E-01,4.36E+00,5.38E+00,1.30E+00
291,-6.66738,13.3363,9.68E-01,7.94E+00,6.99E+00,4.65E+00
292,-6.66812,6.6681,9.96E-01,1.00E+01,8.20E+00,6.57E+00
293,-6.66685,20.0038,9.26E-01,6.54E+00,5.62E+00,3.51E+00
294,-46.6709,26.6681,6.85E-01,2.04E+00,3.12E+00,7.26E-01
295,-40.0039,26.6685,7.35E-01,2.32E+00,3.54E+00,7.13E-01
296,-33.3368,26.669,7.82E-01,2.65E+00,3.98E+00,6.65E-01
297,-40.0034,33.3358,7.07E-01,1.87E+00,3.36E+00,1.08E+00
298,-40.0029,40.0029,6.72E-01,1.54E+00,3.12E+00,1.36E+00
299,-46.6704,33.3353,6.62E-01,1.61E+00,3.03E+00,1.15E+00
300,-46.6699,40.0024,6.32E-01,1.27E+00,2.87E+00,1.51E+00
301,-33.3362,33.3363,7.48E-01,2.21E+00,3.69E+00,9.04E-01
302,-33.3357,40.0034,7.07E-01,1.88E+00,3.36E+00,1.08E+00
303,-46.6715,13.3334,7.04E-01,3.12E+00,2.91E+00,1.08E+00
304,-40.0047,13.3336,7.63E-01,3.55E+00,3.44E+00,1.25E+00
305,-33.3377,13.3339,8.19E-01,4.03E+00,4.09E+00,1.46E+00
306,-40.0043,20.0011,7.55E-01,2.89E+00,3.59E+00,6.89E-01
307,-46.6712,20.0008,6.99E-01,2.56E+00,3.10E+00,6.29E-01
308,-33.3373,20.0015,8.06E-01,3.27E+00,4.15E+00,7.63E-01
309,-40.0049,6.66609,7.60E-01,4.12E+00,3.09E+00,2.00E+00
310,-46.6716,6.66599,6.99E-01,3.57E+00,2.59E+00,1.70E+00
311,-33.338,6.66624,8.20E-01,4.76E+00,3.72E+00,2.36E+00
312,-26.6667,93.3373,2.92E-01,4.20E-01,9.70E-01,9.49E-01
313,-26.6668,86.6708,3.47E-01,6.58E-01,1.23E+00,8.48E-01
314,-26.6669,80.0043,4.03E-01,8.86E-01,1.50E+00,7.79E-01
315,-26.667,73.3377,4.60E-01,1.11E+00,1.78E+00,7.36E-01
316,-26.6672,66.6711,5.18E-01,1.33E+00,2.08E+00,7.16E-01
317,-26.6675,60.0044,5.75E-01,1.56E+00,2.40E+00,7.13E-01
318,-26.6678,53.3377,6.30E-01,1.79E+00,2.75E+00,7.18E-01
319,-20,73.3379,4.63E-01,1.44E+00,1.65E+00,4.57E-01
320,-13.3329,73.3379,4.60E-01,1.74E+00,1.47E+00,5.29E-01
321,-6.66595,73.3379,4.51E-01,1.98E+00,1.27E+00,8.28E-01
322,-13.3329,80.0044,4.00E-01,1.44E+00,1.20E+00,4.33E-01
323,-13.3329,86.6709,3.42E-01,1.15E+00,9.46E-01,3.80E-01
324,-13.3329,93.3373,2.86E-01,8.56E-01,7.06E-01,3.98E-01
325,-19.9998,86.6709,3.46E-01,9.17E-01,1.10E+00,5.13E-01
326,-19.9999,80.0044,4.04E-01,1.18E+00,1.37E+00,4.63E-01
327,-19.9998,93.3374,2.91E-01,6.47E-01,8.44E-01,6.15E-01
328,-6.66604,86.6708,3.33E-01,1.34E+00,7.89E-01,4.94E-01
329,-6.66599,80.0044,3.91E-01,1.65E+00,1.02E+00,6.52E-01
330,-6.66611,93.3373,2.78E-01,1.03E+00,5.69E-01,3.83E-01
331,-13.3332,53.3382,6.43E-01,2.74E+00,2.48E+00,9.24E-01
332,-13.333,60.0048,5.82E-01,2.38E+00,2.10E+00,7.81E-01
333,-13.333,66.6714,5.20E-01,2.05E+00,1.77E+00,6.48E-01
334,-20.0003,60.0047,5.82E-01,1.98E+00,2.29E+00,5.21E-01
335,-20.0005,53.338,6.41E-01,2.27E+00,2.67E+00,5.72E-01
336,-20.0001,66.6713,5.22E-01,1.71E+00,1.95E+00,4.80E-01
337,-6.66593,60.0048,5.74E-01,2.69E+00,1.84E+00,1.22E+00
338,-6.66595,53.3382,6.36E-01,3.11E+00,2.19E+00,1.44E+00
339,-6.66593,66.6714,5.12E-01,2.32E+00,1.54E+00,1.02E+00
340,-46.668,73.3368,4.20E-01,3.54E-01,1.85E+00,1.95E+00
341,-40.001,73.3372,4.38E-01,5.22E-01,1.87E+00,1.59E+00
342,-33.334,73.3375,4.52E-01,7.89E-01,1.85E+00,1.17E+00
343,-40.0007,80.0038,3.87E-01,3.75E-01,1.63E+00,1.60E+00
344,-40.0005,86.6704,3.35E-01,2.64E-01,1.39E+00,1.63E+00
345,-40.0004,93.337,2.84E-01,2.35E-01,1.15E+00,1.68E+00
346,-46.6674,86.6702,3.24E-01,2.91E-01,1.42E+00,1.98E+00
347,-46.6677,80.0035,3.72E-01,2.88E-01,1.64E+00,1.96E+00
348,-46.6672,93.3368,2.75E-01,3.74E-01,1.20E+00,2.01E+00
349,-33.3336,86.6707,3.43E-01,4.10E-01,1.33E+00,1.24E+00
350,-33.3338,80.0041,3.97E-01,6.00E-01,1.59E+00,1.19E+00
351,-33.3335,93.3372,2.90E-01,2.46E-01,1.07E+00,1.32E+00
352,-40.002,53.3368,5.87E-01,1.05E+00,2.61E+00,1.57E+00
353,-40.0016,60.0037,5.39E-01,8.59E-01,2.36E+00,1.59E+00
354,-40.0013,66.6704,4.89E-01,6.84E-01,2.11E+00,1.59E+00
355,-46.6686,60.0032,5.13E-01,6.19E-01,2.26E+00,1.92E+00
356,-46.669,53.3364,5.56E-01,7.98E-01,2.47E+00,1.86E+00
357,-46.6683,66.6701,4.67E-01,4.69E-01,2.05E+00,1.95E+00
358,-33.3345,60.0041,5.60E-01,1.17E+00,2.41E+00,1.17E+00
359,-33.3349,53.3373,6.12E-01,1.38E+00,2.71E+00,1.17E+00
360,-33.3342,66.6708,5.06E-01,9.78E-01,2.12E+00,1.17E+00
361,93.3351,46.6673,1.51E-01,1.26E+00,2.41E-01,1.18E+00
362,86.6686,46.6675,1.86E-01,1.48E+00,3.13E-01,1.37E+00
363,80.002,46.6677,2.23E-01,1.69E+00,3.94E-01,1.53E+00
364,73.3355,46.6679,2.62E-01,1.90E+00,4.82E-01,1.69E+00
365,66.6689,46.6682,3.03E-01,2.10E+00,5.75E-01,1.82E+00
366,60.0023,46.6684,3.45E-01,2.29E+00,6.72E-01,1.95E+00
367,53.3357,46.6688,3.88E-01,2.49E+00,7.71E-01,2.06E+00
368,46.6691,46.6691,4.31E-01,2.70E+00,8.69E-01,2.17E+00
369,40.0025,46.6695,4.74E-01,2.91E+00,9.67E-01,2.27E+00
370,33.3358,46.6699,5.16E-01,3.13E+00,1.07E+00,2.36E+00
371,26.6691,46.6703,5.57E-01,3.36E+00,1.18E+00,2.43E+00
372,20.0023,46.6707,5.96E-01,3.58E+00,1.33E+00,2.49E+00
373,13.3354,46.671,6.31E-01,3.77E+00,1.55E+00,2.50E+00
374,6.66844,46.6713,6.61E-01,3.88E+00,1.84E+00,2.41E+00
375,53.3361,40.0021,4.27E-01,2.67E+00,8.42E-01,2.13E+00
376,53.3365,33.3355,4.66E-01,2.84E+00,9.18E-01,2.19E+00
377,53.3369,26.6688,5.04E-01,3.02E+00,1.01E+00,2.22E+00
378,53.3373,20.0021,5.39E-01,3.19E+00,1.14E+00,2.24E+00
379,53.3376,13.3352,5.71E-01,3.32E+00,1.31E+00,2.20E+00
380,53.3379,6.66829,5.99E-01,3.38E+00,1.55E+00,2.09E+00
381,80.0024,40.0011,2.48E-01,1.77E+00,3.98E-01,1.53E+00
382,80.0027,33.3345,2.73E-01,1.83E+00,4.12E-01,1.51E+00
383,80.0031,26.6678,2.97E-01,1.88E+00,4.42E-01,1.46E+00
384,80.0034,20.0012,3.21E-01,1.91E+00,4.95E-01,1.38E+00
385,80.0037,13.3345,3.42E-01,1.91E+00,5.77E-01,1.27E+00
386,80.004,6.6677,3.62E-01,1.88E+00,6.93E-01,1.12E+00
387,86.6696,26.6676,2.50E-01,1.61E+00,3.20E-01,1.26E+00
388,93.3361,26.6675,2.05E-01,1.33E+00,2.07E-01,1.05E+00
389,86.6693,33.3343,2.29E-01,1.58E+00,3.04E-01,1.32E+00
390,86.6689,40.0009,2.07E-01,1.53E+00,3.04E-01,1.35E+00
391,93.3357,33.3341,1.87E-01,1.32E+00,2.05E-01,1.11E+00
392,93.3354,40.0007,1.69E-01,1.29E+00,2.18E-01,1.16E+00
393,86.6702,13.3343,2.89E-01,1.61E+00,4.20E-01,1.06E+00
394,93.3366,13.3341,2.39E-01,1.30E+00,2.70E-01,8.36E-01
395,86.6699,20.001,2.70E-01,1.62E+00,3.57E-01,1.17E+00
396,93.3364,20.0008,2.23E-01,1.32E+00,2.27E-01,9.54E-01
397,86.6705,6.66756,3.07E-01,1.56E+00,5.13E-01,9.02E-01
398,93.3369,6.66743,2.54E-01,1.24E+00,3.40E-01,6.89E-01
399,60.0035,26.6685,4.50E-01,2.71E+00,8.53E-01,2.03E+00
400,66.67,26.6683,3.98E-01,2.42E+00,7.08E-01,1.84E+00
401,73.3366,26.668,3.47E-01,2.15E+00,5.71E-01,1.65E+00
402,66.6696,33.3349,3.67E-01,2.32E+00,6.49E-01,1.85E+00
403,66.6693,40.0016,3.35E-01,2.21E+00,6.08E-01,1.85E+00
404,60.0031,33.3352,4.16E-01,2.58E+00,7.80E-01,2.02E+00
405,60.0027,40.0018,3.81E-01,2.44E+00,7.22E-01,1.99E+00
406,73.3362,33.3347,3.19E-01,2.07E+00,5.27E-01,1.68E+00
407,73.3358,40.0013,2.91E-01,1.99E+00,5.00E-01,1.70E+00
408,66.671,6.66799,4.78E-01,2.56E+00,1.08E+00,1.56E+00
409,66.6707,13.3348,4.54E-01,2.56E+00,9.16E-01,1.71E+00
410,66.6704,20.0016,4.27E-01,2.51E+00,7.93E-01,1.79E+00
411,60.0042,13.335,5.12E-01,2.92E+00,1.10E+00,1.94E+00
412,60.0045,6.66814,5.38E-01,2.95E+00,1.30E+00,1.81E+00
413,60.0038,20.0018,4.83E-01,2.83E+00,9.57E-01,2.01E+00
414,73.3372,13.3346,3.97E-01,2.23E+00,7.42E-01,1.49E+00
415,73.3375,6.66784,4.19E-01,2.21E+00,8.81E-01,1.33E+00
416,73.3369,20.0014,3.73E-01,2.20E+00,6.40E-01,1.59E+00
417,26.6694,40.0036,6.11E-01,3.74E+00,1.37E+00,2.66E+00
418,26.6698,33.3369,6.64E-01,4.16E+00,1.58E+00,2.92E+00
419,26.6701,26.6701,7.14E-01,4.64E+00,1.82E+00,3.20E+00
420,26.6705,20.0032,7.62E-01,5.16E+00,2.10E+00,3.51E+00
421,26.6708,13.3362,8.05E-01,5.70E+00,2.49E+00,3.80E+00
422,26.6711,6.6689,8.40E-01,6.12E+00,3.07E+00,3.94E+00
423,33.3369,26.6698,6.64E-01,4.16E+00,1.58E+00,2.92E+00
424,40.0036,26.6694,6.11E-01,3.73E+00,1.37E+00,2.66E+00
425,46.6703,26.6691,5.57E-01,3.36E+00,1.18E+00,2.44E+00
426,40.0032,33.3361,5.67E-01,3.44E+00,1.23E+00,2.53E+00
427,40.0028,40.0028,5.21E-01,3.17E+00,1.09E+00,2.40E+00
428,33.3365,33.3365,6.16E-01,3.78E+00,1.39E+00,2.72E+00
429,33.3361,40.0032,5.67E-01,3.44E+00,1.23E+00,2.53E+00
430,46.6699,33.3358,5.16E-01,3.13E+00,1.07E+00,2.36E+00
431,46.6695,40.0025,4.74E-01,2.91E+00,9.66E-01,2.27E+00
432,33.3376,13.3359,7.48E-01,4.94E+00,2.12E+00,3.27E+00
433,40.0044,13.3357,6.90E-01,4.30E+00,1.81E+00,2.85E+00
434,46.671,13.3354,6.31E-01,3.77E+00,1.54E+00,2.50E+00
435,40.004,20.0026,6.53E-01,4.03E+00,1.55E+00,2.78E+00
436,33.3373,20.0029,7.08E-01,4.55E+00,1.81E+00,3.11E+00
437,46.6707,20.0023,5.96E-01,3.58E+00,1.33E+00,2.49E+00
438,40.0047,6.6686,7.22E-01,4.48E+00,2.16E+00,2.80E+00
439,33.3379,6.66875,7.82E-01,5.20E+00,2.56E+00,3.30E+00
440,46.6713,6.66844,6.61E-01,3.88E+00,1.83E+00,2.41E+00
441,6.6689,26.6711,8.40E-01,6.12E+00,3.09E+00,3.93E+00
442,13.3362,26.6708,8.05E-01,5.71E+00,2.50E+00,3.80E+00
443,20.0032,26.6705,7.62E-01,5.16E+00,2.10E+00,3.51E+00
444,13.3359,33.3376,7.48E-01,4.94E+00,2.12E+00,3.27E+00
445,13.3357,40.0044,6.90E-01,4.31E+00,1.81E+00,2.84E+00
446,6.66875,33.3379,7.82E-01,5.21E+00,2.58E+00,3.29E+00
447,6.6686,40.0047,7.22E-01,4.48E+00,2.17E+00,2.80E+00
448,20.0029,33.3373,7.08E-01,4.56E+00,1.81E+00,3.11E+00
449,20.0026,40.004,6.52E-01,4.03E+00,1.56E+00,2.78E+00
450,6.66913,13.3368,9.43E-01,8.94E+00,4.75E+00,6.12E+00
451,13.3367,13.3367,9.05E-01,7.80E+00,3.63E+00,5.32E+00
452,20.0039,13.3364,8.58E-01,6.65E+00,2.96E+00,4.47E+00
453,13.3364,20.0039,8.58E-01,6.65E+00,2.97E+00,4.47E+00
454,6.66903,20.0041,8.94E-01,7.31E+00,3.76E+00,4.82E+00
455,20.0036,20.0036,8.12E-01,5.87E+00,2.47E+00,3.97E+00
456,13.3369,6.66914,9.43E-01,8.92E+00,4.73E+00,6.12E+00
457,6.66916,6.66916,9.81E-01,1.09E+01,6.37E+00,7.74E+00
458,20.0041,6.66903,8.95E-01,7.30E+00,3.73E+00,4.83E+00
459,53.3339,93.3348,1.33E-01,1.21E+00,2.72E-01,1.18E+00
460,53.334,86.6683,1.64E-01,1.42E+00,3.30E-01,1.36E+00
461,53.3342,80.0017,1.98E-01,1.61E+00,3.95E-01,1.52E+00
462,53.3345,73.3351,2.34E-01,1.80E+00,4.67E-01,1.66E+00
463,53.3347,66.6685,2.71E-01,1.98E+00,5.43E-01,1.78E+00
464,53.335,60.0019,3.09E-01,2.15E+00,6.21E-01,1.89E+00
465,53.3353,53.3353,3.48E-01,2.32E+00,6.97E-01,1.98E+00
466,60.0011,73.3348,2.06E-01,1.69E+00,4.51E-01,1.61E+00
467,66.6677,73.3345,1.79E-01,1.58E+00,4.31E-01,1.54E+00
468,73.3342,73.3342,1.52E-01,1.45E+00,4.09E-01,1.45E+00
469,80.0008,73.334,1.28E-01,1.32E+00,3.88E-01,1.35E+00
470,86.6674,73.3338,1.04E-01,1.17E+00,3.72E-01,1.22E+00
471,93.334,73.3336,8.27E-02,1.01E+00,3.64E-01,1.08E+00
472,73.334,80.0008,1.28E-01,1.32E+00,3.89E-01,1.35E+00
473,73.3338,86.6674,1.04E-01,1.17E+00,3.73E-01,1.22E+00
474,73.3336,93.334,8.27E-02,1.01E+00,3.65E-01,1.08E+00
475,66.6672,86.6677,1.23E-01,1.27E+00,3.61E-01,1.29E+00
476,60.0006,86.668,1.44E-01,1.35E+00,3.46E-01,1.33E+00
477,66.6674,80.0011,1.50E-01,1.43E+00,3.93E-01,1.42E+00
478,60.0008,80.0014,1.74E-01,1.53E+00,3.96E-01,1.48E+00
479,66.667,93.3342,9.87E-02,1.09E+00,3.36E-01,1.13E+00
480,60.0005,93.3345,1.16E-01,1.16E+00,3.04E-01,1.17E+00
481,86.6672,80.0004,8.60E-02,1.07E+00,3.83E-01,1.13E+00
482,86.667,86.667,6.92E-02,9.53E-01,3.97E-01,1.03E+00
483,86.6668,93.3336,5.40E-02,8.24E-01,4.18E-01,9.09E-01
484,80.0004,86.6672,8.60E-02,1.07E+00,3.84E-01,1.13E+00
485,80.0006,80.0006,1.06E-01,1.20E+00,3.84E-01,1.25E+00
486,80.0002,93.3338,6.77E-02,9.25E-01,3.92E-01,1.00E+00
487,93.3336,86.6668,5.40E-02,8.25E-01,4.18E-01,9.09E-01
488,93.3338,80.0002,6.78E-02,9.25E-01,3.91E-01,1.00E+00
489,93.3334,93.3334,4.15E-02,7.12E-01,4.49E-01,8.01E-01
490,73.3351,53.3345,2.34E-01,1.80E+00,4.66E-01,1.66E+00
491,73.3348,60.0011,2.06E-01,1.69E+00,4.50E-01,1.61E+00
492,73.3345,66.6677,1.79E-01,1.58E+00,4.31E-01,1.54E+00
493,66.6682,60.0013,2.39E-01,1.85E+00,5.08E-01,1.72E+00
494,60.0016,60.0016,2.74E-01,2.00E+00,5.66E-01,1.81E+00
495,66.6685,53.3347,2.71E-01,1.98E+00,5.43E-01,1.78E+00
496,60.0019,53.335,3.09E-01,2.15E+00,6.20E-01,1.89E+00
497,66.6679,66.6679,2.08E-01,1.72E+00,4.70E-01,1.64E+00
498,60.0013,66.6682,2.39E-01,1.85E+00,5.08E-01,1.72E+00
499,93.3345,60.0005,1.16E-01,1.16E+00,3.03E-01,1.17E+00
500,86.668,60.0006,1.44E-01,1.35E+00,3.45E-01,1.33E+00
501,80.0014,60.0008,1.74E-01,1.53E+00,3.95E-01,1.48E+00
502,86.6683,53.334,1.65E-01,1.42E+00,3.29E-01,1.36E+00
503,93.3348,53.3339,1.33E-01,1.21E+00,2.70E-01,1.19E+00
504,80.0017,53.3342,1.98E-01,1.61E+00,3.94E-01,1.52E+00
505,86.6677,66.6672,1.23E-01,1.27E+00,3.60E-01,1.29E+00
506,93.3342,66.667,9.87E-02,1.09E+00,3.35E-01,1.13E+00
507,80.0011,66.6674,1.50E-01,1.43E+00,3.93E-01,1.42E+00
508,26.6674,93.3361,2.05E-01,1.33E+00,2.10E-01,1.04E+00
509,26.6676,86.6696,2.50E-01,1.61E+00,3.23E-01,1.26E+00
510,26.6678,80.0031,2.97E-01,1.88E+00,4.45E-01,1.46E+00
511,26.668,73.3366,3.47E-01,2.15E+00,5.74E-01,1.65E+00
512,26.6683,66.67,3.98E-01,2.42E+00,7.10E-01,1.84E+00
513,26.6685,60.0035,4.50E-01,2.71E+00,8.56E-01,2.03E+00
514,26.6688,53.3369,5.04E-01,3.02E+00,1.01E+00,2.22E+00
515,33.3347,73.3362,3.19E-01,2.07E+00,5.29E-01,1.68E+00
516,40.0013,73.3358,2.91E-01,1.99E+00,5.02E-01,1.69E+00
517,46.6679,73.3355,2.62E-01,1.90E+00,4.83E-01,1.69E+00
518,40.0011,80.0024,2.48E-01,1.77E+00,4.00E-01,1.53E+00
519,40.0009,86.6689,2.07E-01,1.54E+00,3.06E-01,1.35E+00
520,40.0007,93.3354,1.69E-01,1.29E+00,2.20E-01,1.16E+00
521,33.3343,86.6693,2.29E-01,1.58E+00,3.07E-01,1.32E+00
522,33.3345,80.0027,2.73E-01,1.83E+00,4.14E-01,1.51E+00
523,33.3341,93.3357,1.87E-01,1.32E+00,2.08E-01,1.11E+00
524,46.6675,86.6686,1.86E-01,1.48E+00,3.15E-01,1.37E+00
525,46.6677,80.002,2.23E-01,1.69E+00,3.96E-01,1.53E+00
526,46.6673,93.3351,1.51E-01,1.26E+00,2.43E-01,1.18E+00
527,33.3352,60.0031,4.16E-01,2.58E+00,7.81E-01,2.02E+00
528,40.0018,60.0027,3.81E-01,2.44E+00,7.23E-01,1.99E+00
529,46.6684,60.0023,3.45E-01,2.29E+00,6.72E-01,1.95E+00
530,40.0016,66.6693,3.35E-01,2.21E+00,6.09E-01,1.85E+00
531,33.3349,66.6696,3.67E-01,2.32E+00,6.51E-01,1.85E+00
532,46.6682,66.6689,3.03E-01,2.10E+00,5.76E-01,1.82E+00
533,40.0021,53.3361,4.27E-01,2.67E+00,8.43E-01,2.13E+00
534,33.3355,53.3365,4.66E-01,2.84E+00,9.20E-01,2.19E+00
535,46.6688,53.3357,3.88E-01,2.49E+00,7.71E-01,2.06E+00
536,6.66784,73.3375,4.19E-01,2.21E+00,8.87E-01,1.33E+00
537,13.3346,73.3372,3.97E-01,2.23E+00,7.46E-01,1.48E+00
538,20.0014,73.3369,3.73E-01,2.20E+00,6.43E-01,1.59E+00
539,13.3345,80.0037,3.42E-01,1.91E+00,5.81E-01,1.27E+00
540,13.3343,86.6702,2.89E-01,1.61E+00,4.24E-01,1.05E+00
541,13.3341,93.3366,2.39E-01,1.30E+00,2.75E-01,8.34E-01
542,6.66756,86.6705,3.06E-01,1.56E+00,5.18E-01,9.00E-01
543,6.6677,80.004,3.62E-01,1.88E+00,6.98E-01,1.11E+00
544,6.66742,93.3369,2.54E-01,1.25E+00,3.46E-01,6.87E-01
545,20.001,86.6699,2.70E-01,1.62E+00,3.60E-01,1.17E+00
546,20.0012,80.0034,3.20E-01,1.91E+00,4.98E-01,1.38E+00
547,20.0008,93.3364,2.23E-01,1.32E+00,2.31E-01,9.53E-01
548,13.3352,53.3376,5.71E-01,3.32E+00,1.31E+00,2.20E+00
549,13.335,60.0042,5.12E-01,2.92E+00,1.11E+00,1.94E+00
550,13.3348,66.6707,4.54E-01,2.56E+00,9.21E-01,1.71E+00
551,6.66813,60.0045,5.38E-01,2.95E+00,1.31E+00,1.81E+00
552,6.66829,53.3379,5.99E-01,3.38E+00,1.56E+00,2.08E+00
553,6.66799,66.671,4.78E-01,2.56E+00,1.09E+00,1.56E+00
554,20.0018,60.0038,4.83E-01,2.83E+00,9.60E-01,2.01E+00
555,20.0021,53.3373,5.39E-01,3.19E+00,1.14E+00,2.23E+00
556,20.0016,66.6704,4.27E-01,2.51E+00,7.97E-01,1.79E+00
557,-0.000679508,-93.3371,2.67E-01,1.16E+00,4.46E-01,5.19E-01
558,-0.000782964,-86.6707,3.21E-01,1.48E+00,6.42E-01,7.06E-01
559,-0.000882939,-80.0042,3.78E-01,1.80E+00,8.47E-01,9.06E-01
560,-0.000978886,-73.3377,4.37E-01,2.13E+00,1.07E+00,1.11E+00
561,-0.00106965,-66.6713,4.97E-01,2.49E+00,1.30E+00,1.33E+00
562,-0.0011537,-60.0047,5.59E-01,2.88E+00,1.56E+00,1.57E+00
563,-0.00122864,-53.3381,6.21E-01,3.33E+00,1.86E+00,1.84E+00
564,-0.00129076,-46.6716,6.84E-01,3.84E+00,2.21E+00,2.15E+00
565,-0.00133439,-40.0048,7.46E-01,4.45E+00,2.63E+00,2.53E+00
566,-0.00135067,-33.3381,8.07E-01,5.19E+00,3.16E+00,3.02E+00
567,-0.00132581,-26.6712,8.65E-01,6.13E+00,3.85E+00,3.66E+00
568,-0.00123691,-20.0041,9.19E-01,7.36E+00,4.80E+00,4.57E+00
569,-0.00104445,-13.3367,9.66E-01,9.14E+00,6.19E+00,6.02E+00
570,-0.000673771,-6.66883,1.00E+00,1.16E+01,8.03E+00,8.19E+00
571,-6.66829,-53.3379,5.99E-01,3.38E+00,1.56E+00,2.08E+00
572,-13.3352,-53.3376,5.71E-01,3.32E+00,1.32E+00,2.20E+00
573,-20.0021,-53.3372,5.39E-01,3.19E+00,1.14E+00,2.24E+00
574,-26.6688,-53.3368,5.04E-01,3.02E+00,1.01E+00,2.22E+00
575,-33.3355,-53.3364,4.66E-01,2.84E+00,9.20E-01,2.19E+00
576,-40.0021,-53.336,4.27E-01,2.67E+00,8.43E-01,2.13E+00
577,-46.6688,-53.3357,3.88E-01,2.49E+00,7.71E-01,2.06E+00
578,-53.3353,-53.3353,3.48E-01,2.32E+00,6.98E-01,1.98E+00
579,-60.0019,-53.335,3.09E-01,2.15E+00,6.21E-01,1.89E+00
580,-66.6686,-53.3347,2.71E-01,1.98E+00,5.43E-01,1.78E+00
581,-73.3351,-53.3345,2.34E-01,1.80E+00,4.67E-01,1.66E+00
582,-80.0017,-53.3342,1.98E-01,1.61E+00,3.95E-01,1.52E+00
583,-86.6683,-53.334,1.65E-01,1.42E+00,3.29E-01,1.36E+00
584,-93.3348,-53.3338,1.33E-01,1.21E+00,2.71E-01,1.19E+00
585,-46.6685,-60.0023,3.45E-01,2.29E+00,6.73E-01,1.95E+00
586,-46.6682,-66.6689,3.03E-01,2.10E+00,5.76E-01,1.82E+00
587,-46.6679,-73.3354,2.62E-01,1.90E+00,4.83E-01,1.69E+00
588,-46.6677,-80.002,2.23E-01,1.69E+00,3.96E-01,1.53E+00
589,-46.6675,-86.6686,1.86E-01,1.48E+00,3.15E-01,1.37E+00
590,-46.6673,-93.3351,1.51E-01,1.26E+00,2.43E-01,1.18E+00
591,-20.0018,-60.0038,4.83E-01,2.83E+00,9.60E-01,2.01E+00
592,-20.0016,-66.6704,4.27E-01,2.51E+00,7.97E-01,1.79E+00
593,-20.0014,-73.3369,3.73E-01,2.20E+00,6.44E-01,1.59E+00
594,-20.0012,-80.0034,3.20E-01,1.91E+00,4.99E-01,1.38E+00
595,-20.001,-86.6699,2.70E-01,1.62E+00,3.60E-01,1.17E+00
596,-20.0008,-93.3363,2.23E-01,1.32E+00,2.31E-01,9.53E-01
597,-13.3346,-73.3372,3.97E-01,2.23E+00,7.46E-01,1.48E+00
598,-6.66784,-73.3375,4.19E-01,2.21E+00,8.87E-01,1.33E+00
599,-13.3348,-66.6708,4.54E-01,2.56E+00,9.21E-01,1.71E+00
600,-13.335,-60.0042,5.12E-01,2.92E+00,1.11E+00,1.94E+00
601,-6.66799,-66.6711,4.78E-01,2.56E+00,1.09E+00,1.56E+00
602,-6.66814,-60.0045,5.38E-01,2.95E+00,1.31E+00,1.81E+00
603,-13.3343,-86.6702,2.89E-01,1.61E+00,4.24E-01,1.05E+00
604,-6.66756,-86.6705,3.07E-01,1.56E+00,5.18E-01,9.00E-01
605,-13.3344,-80.0037,3.42E-01,1.91E+00,5.82E-01,1.27E+00
606,-6.6677,-80.004,3.62E-01,1.88E+00,6.98E-01,1.11E+00
607,-13.3341,-93.3366,2.39E-01,1.30E+00,2.75E-01,8.34E-01
608,-6.66743,-93.3369,2.54E-01,1.25E+00,3.46E-01,6.87E-01
609,-40.0013,-73.3358,2.91E-01,1.99E+00,5.02E-01,1.70E+00
610,-33.3347,-73.3362,3.19E-01,2.07E+00,5.30E-01,1.68E+00
611,-26.6681,-73.3365,3.47E-01,2.15E+00,5.74E-01,1.65E+00
612,-33.3349,-66.6697,3.67E-01,2.32E+00,6.52E-01,1.85E+00
613,-33.3352,-60.0031,4.16E-01,2.58E+00,7.81E-01,2.02E+00
614,-40.0016,-66.6693,3.35E-01,2.21E+00,6.10E-01,1.85E+00
615,-40.0018,-60.0027,3.81E-01,2.44E+00,7.24E-01,1.99E+00
616,-26.6683,-66.6701,3.98E-01,2.42E+00,7.10E-01,1.84E+00
617,-26.6686,-60.0035,4.50E-01,2.71E+00,8.56E-01,2.03E+00
618,-33.334,-93.3357,1.87E-01,1.32E+00,2.08E-01,1.11E+00
619,-33.3342,-86.6693,2.29E-01,1.58E+00,3.07E-01,1.32E+00
620,-33.3344,-80.0027,2.73E-01,1.83E+00,4.15E-01,1.51E+00
621,-40.0009,-86.6689,2.07E-01,1.54E+00,3.06E-01,1.35E+00
622,-40.0007,-93.3354,1.69E-01,1.29E+00,2.21E-01,1.16E+00
623,-40.0011,-80.0024,2.48E-01,1.77E+00,4.00E-01,1.53E+00
624,-26.6677,-86.6696,2.50E-01,1.61E+00,3.23E-01,1.26E+00
625,-26.6675,-93.336,2.05E-01,1.33E+00,2.10E-01,1.04E+00
626,-26.6679,-80.0031,2.97E-01,1.88E+00,4.45E-01,1.46E+00
627,-73.3348,-60.0011,2.06E-01,1.69E+00,4.50E-01,1.61E+00
628,-73.3345,-66.6677,1.79E-01,1.58E+00,4.31E-01,1.54E+00
629,-73.3342,-73.3342,1.52E-01,1.45E+00,4.09E-01,1.45E+00
630,-73.334,-80.0008,1.28E-01,1.32E+00,3.89E-01,1.35E+00
631,-73.3338,-86.6674,1.04E-01,1.17E+00,3.73E-01,1.22E+00
632,-73.3336,-93.3339,8.27E-02,1.01E+00,3.65E-01,1.08E+00
633,-66.6677,-73.3345,1.79E-01,1.58E+00,4.31E-01,1.54E+00
634,-60.0011,-73.3348,2.06E-01,1.69E+00,4.51E-01,1.61E+00
635,-53.3345,-73.3351,2.34E-01,1.80E+00,4.68E-01,1.66E+00
636,-60.0013,-66.6682,2.39E-01,1.85E+00,5.09E-01,1.72E+00
637,-60.0016,-60.0016,2.74E-01,2.00E+00,5.66E-01,1.81E+00
638,-66.6679,-66.6679,2.08E-01,1.72E+00,4.71E-01,1.64E+00
639,-66.6682,-60.0013,2.39E-01,1.85E+00,5.08E-01,1.72E+00
640,-53.3347,-66.6686,2.71E-01,1.98E+00,5.44E-01,1.78E+00
641,-53.335,-60.0019,3.09E-01,2.15E+00,6.21E-01,1.89E+00
642,-60.0005,-93.3345,1.16E-01,1.16E+00,3.04E-01,1.17E+00
643,-60.0006,-86.668,1.44E-01,1.35E+00,3.46E-01,1.33E+00
644,-60.0008,-80.0014,1.74E-01,1.53E+00,3.96E-01,1.48E+00
645,-66.6672,-86.6677,1.23E-01,1.27E+00,3.61E-01,1.29E+00
646,-66.6671,-93.3342,9.87E-02,1.09E+00,3.36E-01,1.13E+00
647,-66.6674,-80.0011,1.50E-01,1.43E+00,3.94E-01,1.42E+00
648,-53.334,-86.6683,1.65E-01,1.42E+00,3.30E-01,1.36E+00
649,-53.3338,-93.3348,1.33E-01,1.21E+00,2.72E-01,1.19E+00
650,-53.3342,-80.0017,1.98E-01,1.61E+00,3.96E-01,1.52E+00
651,-93.3339,-73.3336,8.27E-02,1.01E+00,3.65E-01,1.08E+00
652,-86.6674,-73.3338,1.04E-01,1.17E+00,3.73E-01,1.22E+00
653,-80.0008,-73.334,1.28E-01,1.32E+00,3.89E-01,1.35E+00
654,-86.6677,-66.6672,1.23E-01,1.27E+00,3.60E-01,1.29E+00
655,-86.668,-60.0006,1.44E-01,1.35E+00,3.45E-01,1.33E+00
656,-93.3342,-66.6671,9.87E-02,1.09E+00,3.35E-01,1.13E+00
657,-93.3345,-60.0005,1.16E-01,1.16E+00,3.03E-01,1.17E+00
658,-80.0011,-66.6674,1.50E-01,1.43E+00,3.93E-01,1.42E+00
659,-80.0014,-60.0008,1.74E-01,1.53E+00,3.95E-01,1.48E+00
660,-86.6668,-93.3335,5.40E-02,8.24E-01,4.18E-01,9.09E-01
661,-86.667,-86.667,6.92E-02,9.53E-01,3.97E-01,1.03E+00
662,-86.6672,-80.0004,8.60E-02,1.07E+00,3.84E-01,1.13E+00
663,-93.3335,-86.6668,5.40E-02,8.24E-01,4.18E-01,9.09E-01
664,-93.3334,-93.3334,4.15E-02,7.12E-01,4.49E-01,8.01E-01
665,-93.3337,-80.0002,6.78E-02,9.25E-01,3.92E-01,1.00E+00
666,-80.0004,-86.6672,8.60E-02,1.07E+00,3.84E-01,1.13E+00
667,-80.0002,-93.3337,6.78E-02,9.25E-01,3.92E-01,1.00E+00
668,-80.0006,-80.0006,1.06E-01,1.20E+00,3.84E-01,1.25E+00
669,-46.6714,-6.66845,6.61E-01,3.88E+00,1.83E+00,2.41E+00
670,-46.6711,-13.3354,6.31E-01,3.77E+00,1.54E+00,2.50E+00
671,-46.6707,-20.0023,5.96E-01,3.58E+00,1.33E+00,2.49E+00
672,-46.6703,-26.6691,5.57E-01,3.36E+00,1.18E+00,2.44E+00
673,-46.6699,-33.3358,5.16E-01,3.13E+00,1.07E+00,2.36E+00
674,-46.6695,-40.0025,4.74E-01,2.91E+00,9.67E-01,2.27E+00
675,-46.6691,-46.6691,4.31E-01,2.70E+00,8.70E-01,2.17E+00
676,-40.0036,-26.6694,6.11E-01,3.74E+00,1.37E+00,2.67E+00
677,-33.3369,-26.6698,6.64E-01,4.16E+00,1.58E+00,2.92E+00
678,-26.6701,-26.6701,7.14E-01,4.64E+00,1.82E+00,3.20E+00
679,-20.0032,-26.6705,7.62E-01,5.16E+00,2.11E+00,3.51E+00
680,-13.3361,-26.6709,8.05E-01,5.71E+00,2.50E+00,3.80E+00
681,-6.6689,-26.6711,8.40E-01,6.12E+00,3.09E+00,3.93E+00
682,-26.6705,-20.0032,7.62E-01,5.16E+00,2.10E+00,3.51E+00
683,-26.6709,-13.3361,8.05E-01,5.70E+00,2.49E+00,3.80E+00
684,-26.6711,-6.66891,8.40E-01,6.12E+00,3.07E+00,3.94E+00
685,-33.3376,-13.3359,7.48E-01,4.94E+00,2.12E+00,3.27E+00
686,-40.0044,-13.3356,6.90E-01,4.30E+00,1.81E+00,2.85E+00
687,-33.3372,-20.0029,7.08E-01,4.55E+00,1.81E+00,3.11E+00
688,-40.004,-20.0026,6.53E-01,4.03E+00,1.55E+00,2.78E+00
689,-33.3379,-6.66876,7.82E-01,5.20E+00,2.56E+00,3.30E+00
690,-40.0047,-6.6686,7.22E-01,4.48E+00,2.16E+00,2.80E+00
691,-6.66913,-13.3368,9.43E-01,8.94E+00,4.75E+00,6.12E+00
692,-13.3366,-13.3366,9.05E-01,7.80E+00,3.63E+00,5.32E+00
693,-20.0039,-13.3364,8.58E-01,6.65E+00,2.96E+00,4.47E+00
694,-13.3364,-20.0039,8.58E-01,6.65E+00,2.97E+00,4.47E+00
695,-6.66903,-20.0041,8.94E-01,7.31E+00,3.76E+00,4.82E+00
696,-20.0036,-20.0035,8.12E-01,5.87E+00,2.47E+00,3.97E+00
697,-13.3368,-6.66914,9.43E-01,8.93E+00,4.73E+00,6.12E+00
698,-6.66916,-6.66916,9.81E-01,1.09E+01,6.37E+00,7.74E+00
699,-20.0041,-6.66904,8.95E-01,7.30E+00,3.73E+00,4.83E+00
700,-26.6691,-46.6703,5.57E-01,3.36E+00,1.18E+00,2.43E+00
701,-26.6694,-40.0036,6.11E-01,3.74E+00,1.37E+00,2.66E+00
702,-26.6698,-33.3369,6.64E-01,4.16E+00,1.58E+00,2.92E+00
703,-33.3361,-40.0032,5.67E-01,3.44E+00,1.23E+00,2.53E+00
704,-40.0028,-40.0028,5.21E-01,3.17E+00,1.09E+00,2.40E+00
705,-33.3358,-46.6699,5.16E-01,3.13E+00,1.07E+00,2.36E+00
706,-40.0025,-46.6695,4.74E-01,2.91E+00,9.67E-01,2.27E+00
707,-33.3365,-33.3365,6.16E-01,3.78E+00,1.40E+00,2.72E+00
708,-40.0032,-33.3361,5.67E-01,3.44E+00,1.23E+00,2.54E+00
709,-13.3354,-46.6711,6.31E-01,3.77E+00,1.55E+00,2.50E+00
710,-13.3356,-40.0044,6.90E-01,4.31E+00,1.81E+00,2.84E+00
711,-13.3359,-33.3376,7.48E-01,4.94E+00,2.12E+00,3.27E+00
712,-20.0026,-40.004,6.52E-01,4.03E+00,1.56E+00,2.78E+00
713,-20.0023,-46.6707,5.96E-01,3.58E+00,1.34E+00,2.49E+00
714,-20.0029,-33.3372,7.08E-01,4.56E+00,1.81E+00,3.11E+00
715,-6.6686,-40.0047,7.22E-01,4.48E+00,2.17E+00,2.80E+00
716,-6.66844,-46.6714,6.61E-01,3.88E+00,1.84E+00,2.41E+00
717,-6.66875,-33.3379,7.82E-01,5.21E+00,2.58E+00,3.29E+00
718,-73.3375,-6.66784,4.19E-01,2.21E+00,8.81E-01,1.33E+00
719,-73.3372,-13.3346,3.97E-01,2.23E+00,7.42E-01,1.49E+00
720,-73.3369,-20.0014,3.73E-01,2.20E+00,6.40E-01,1.59E+00
721,-73.3365,-26.6681,3.47E-01,2.15E+00,5.71E-01,1.65E+00
722,-73.3362,-33.3347,3.19E-01,2.07E+00,5.27E-01,1.68E+00
723,-73.3358,-40.0013,2.91E-01,1.99E+00,5.00E-01,1.70E+00
724,-73.3354,-46.6679,2.62E-01,1.90E+00,4.82E-01,1.69E+00
725,-66.6701,-26.6683,3.98E-01,2.42E+00,7.08E-01,1.84E+00
726,-60.0035,-26.6686,4.50E-01,2.71E+00,8.54E-01,2.03E+00
727,-53.3368,-26.6688,5.04E-01,3.02E+00,1.01E+00,2.23E+00
728,-66.6708,-13.3348,4.54E-01,2.56E+00,9.16E-01,1.71E+00
729,-60.0042,-13.335,5.12E-01,2.92E+00,1.10E+00,1.94E+00
730,-53.3376,-13.3352,5.71E-01,3.32E+00,1.31E+00,2.20E+00
731,-60.0045,-6.66814,5.38E-01,2.95E+00,1.30E+00,1.81E+00
732,-66.6711,-6.66799,4.78E-01,2.56E+00,1.08E+00,1.56E+00
733,-53.3379,-6.66829,5.99E-01,3.38E+00,1.55E+00,2.09E+00
734,-60.0038,-20.0018,4.83E-01,2.83E+00,9.57E-01,2.01E+00
735,-66.6704,-20.0016,4.27E-01,2.51E+00,7.93E-01,1.79E+00
736,-53.3372,-20.0021,5.39E-01,3.19E+00,1.14E+00,2.24E+00
737,-60.0023,-46.6685,3.45E-01,2.29E+00,6.72E-01,1.95E+00
738,-60.0027,-40.0018,3.81E-01,2.44E+00,7.23E-01,1.99E+00
739,-60.0031,-33.3352,4.16E-01,2.58E+00,7.80E-01,2.02E+00
740,-66.6693,-40.0016,3.35E-01,2.21E+00,6.08E-01,1.85E+00
741,-66.6689,-46.6682,3.03E-01,2.10E+00,5.75E-01,1.82E+00
742,-66.6697,-33.3349,3.67E-01,2.32E+00,6.50E-01,1.85E+00
743,-53.336,-40.0021,4.27E-01,2.67E+00,8.43E-01,2.13E+00
744,-53.3357,-46.6688,3.88E-01,2.49E+00,7.71E-01,2.06E+00
745,-53.3364,-33.3355,4.66E-01,2.84E+00,9.19E-01,2.19E+00
746,-93.336,-26.6675,2.05E-01,1.33E+00,2.07E-01,1.05E+00
747,-86.6696,-26.6677,2.50E-01,1.61E+00,3.20E-01,1.26E+00
748,-80.0031,-26.6679,2.97E-01,1.88E+00,4.42E-01,1.46E+00
749,-86.6699,-20.001,2.70E-01,1.62E+00,3.57E-01,1.17E+00
750,-86.6702,-13.3343,2.89E-01,1.61E+00,4.20E-01,1.06E+00
751,-86.6705,-6.66756,3.07E-01,1.56E+00,5.13E-01,9.02E-01
752,-93.3366,-13.3341,2.39E-01,1.30E+00,2.70E-01,8.36E-01
753,-93.3363,-20.0008,2.23E-01,1.32E+00,2.27E-01,9.54E-01
754,-93.3369,-6.66743,2.54E-01,1.24E+00,3.41E-01,6.89E-01
755,-80.0037,-13.3344,3.42E-01,1.91E+00,5.77E-01,1.27E+00
756,-80.0034,-20.0012,3.20E-01,1.91E+00,4.95E-01,1.38E+00
757,-80.004,-6.6677,3.62E-01,1.88E+00,6.92E-01,1.12E+00
758,-86.6686,-46.6675,1.86E-01,1.48E+00,3.13E-01,1.37E+00
759,-86.6689,-40.0009,2.07E-01,1.53E+00,3.04E-01,1.35E+00
760,-86.6693,-33.3342,2.29E-01,1.58E+00,3.04E-01,1.32E+00
761,-93.3354,-40.0007,1.69E-01,1.29E+00,2.18E-01,1.16E+00
762,-93.3351,-46.6673,1.51E-01,1.26E+00,2.41E-01,1.18E+00
763,-93.3357,-33.334,1.87E-01,1.32E+00,2.05E-01,1.11E+00
764,-80.0024,-40.0011,2.48E-01,1.77E+00,3.98E-01,1.53E+00
765,-80.002,-46.6677,2.23E-01,1.69E+00,3.94E-01,1.53E+00
766,-80.0027,-33.3344,2.73E-01,1.83E+00,4.12E-01,1.51E+00
767,93.3365,-53.334,2.64E-01,5.48E-01,1.22E+00,2.31E+00
768,86.6699,-53.3342,3.09E-01,4.30E-01,1.42E+00,2.28E+00
769,80.0032,-53.3345,3.54E-01,3.47E-01,1.61E+00,2.26E+00
770,73.3364,-53.3348,3.98E-01,3.17E-01,1.79E+00,2.24E+00
771,66.6697,-53.3351,4.41E-01,3.51E-01,1.97E+00,2.22E+00
772,60.0028,-53.3355,4.82E-01,4.48E-01,2.14E+00,2.16E+00
773,53.3359,-53.3359,5.21E-01,5.99E-01,2.31E+00,2.05E+00
774,46.669,-53.3363,5.56E-01,7.97E-01,2.47E+00,1.86E+00
775,40.002,-53.3368,5.87E-01,1.05E+00,2.61E+00,1.57E+00
776,33.3349,-53.3372,6.12E-01,1.38E+00,2.71E+00,1.17E+00
777,26.6677,-53.3376,6.30E-01,1.79E+00,2.74E+00,7.18E-01
778,20.0005,-53.3379,6.41E-01,2.27E+00,2.67E+00,5.72E-01
779,13.3332,-53.3381,6.43E-01,2.74E+00,2.48E+00,9.24E-01
780,6.66595,-53.3382,6.36E-01,3.11E+00,2.19E+00,1.44E+00
781,53.3355,-60.0028,4.82E-01,4.49E-01,2.14E+00,2.16E+00
782,53.3352,-66.6697,4.41E-01,3.52E-01,1.97E+00,2.22E+00
783,53.3348,-73.3364,3.98E-01,3.17E-01,1.79E+00,2.24E+00
784,53.3345,-80.0032,3.54E-01,3.46E-01,1.61E+00,2.26E+00
785,53.3342,-86.6699,3.09E-01,4.27E-01,1.42E+00,2.28E+00
786,53.334,-93.3365,2.64E-01,5.45E-01,1.22E+00,2.31E+00
787,60.0017,-73.336,3.73E-01,3.81E-01,1.72E+00,2.47E+00
788,66.6685,-73.3356,3.44E-01,4.87E-01,1.64E+00,2.63E+00
789,73.3353,-73.3353,3.14E-01,6.01E-01,1.55E+00,2.74E+00
790,80.0021,-73.3349,2.82E-01,7.15E-01,1.45E+00,2.81E+00
791,86.6688,-73.3346,2.48E-01,8.25E-01,1.33E+00,2.86E+00
792,93.3355,-73.3343,2.14E-01,9.35E-01,1.20E+00,2.90E+00
793,73.3357,-66.6685,3.44E-01,4.87E-01,1.64E+00,2.63E+00
794,73.336,-60.0017,3.73E-01,3.82E-01,1.72E+00,2.47E+00
795,60.002,-66.6693,4.11E-01,3.35E-01,1.87E+00,2.41E+00
796,60.0024,-60.0024,4.48E-01,3.53E-01,2.01E+00,2.32E+00
797,66.6689,-66.6689,3.79E-01,3.92E-01,1.76E+00,2.54E+00
798,66.6693,-60.002,4.11E-01,3.35E-01,1.87E+00,2.41E+00
799,86.6692,-66.6679,2.71E-01,7.10E-01,1.38E+00,2.72E+00
800,86.6695,-60.0011,2.91E-01,5.78E-01,1.41E+00,2.52E+00
801,80.0024,-66.6682,3.08E-01,5.96E-01,1.51E+00,2.68E+00
802,80.0028,-60.0014,3.32E-01,4.69E-01,1.57E+00,2.50E+00
803,93.3359,-66.6676,2.33E-01,8.27E-01,1.22E+00,2.75E+00
804,93.3362,-60.0008,2.49E-01,6.99E-01,1.23E+00,2.55E+00
805,73.3344,-93.3355,2.14E-01,9.34E-01,1.21E+00,2.90E+00
806,73.3346,-86.6688,2.48E-01,8.24E-01,1.33E+00,2.86E+00
807,73.335,-80.0021,2.82E-01,7.14E-01,1.45E+00,2.81E+00
808,66.6679,-86.6692,2.71E-01,7.08E-01,1.38E+00,2.72E+00
809,60.0011,-86.6695,2.91E-01,5.76E-01,1.41E+00,2.52E+00
810,66.6676,-93.3358,2.33E-01,8.25E-01,1.22E+00,2.75E+00
811,60.0008,-93.3361,2.49E-01,6.97E-01,1.23E+00,2.55E+00
812,66.6682,-80.0024,3.08E-01,5.95E-01,1.51E+00,2.68E+00
813,60.0014,-80.0028,3.32E-01,4.68E-01,1.57E+00,2.50E+00
814,93.3349,-86.6679,1.73E-01,1.11E+00,1.13E+00,3.08E+00
815,86.6682,-86.6682,1.99E-01,1.02E+00,1.21E+00,3.03E+00
816,80.0014,-86.6685,2.25E-01,9.29E-01,1.28E+00,2.96E+00
817,86.6679,-93.3348,1.73E-01,1.11E+00,1.13E+00,3.08E+00
818,93.3346,-93.3345,1.51E-01,1.19E+00,1.07E+00,3.13E+00
819,80.0011,-93.3352,1.94E-01,1.03E+00,1.18E+00,3.01E+00
820,86.6685,-80.0014,2.25E-01,9.29E-01,1.28E+00,2.96E+00
821,93.3352,-80.0011,1.95E-01,1.03E+00,1.17E+00,3.01E+00
822,80.0017,-80.0017,2.54E-01,8.25E-01,1.37E+00,2.90E+00
823,26.6674,-60.0044,5.75E-01,1.56E+00,2.40E+00,7.12E-01
824,26.6672,-66.6711,5.18E-01,1.33E+00,2.08E+00,7.16E-01
825,26.667,-73.3377,4.60E-01,1.11E+00,1.78E+00,7.36E-01
826,26.6668,-80.0043,4.03E-01,8.85E-01,1.50E+00,7.79E-01
827,26.6667,-86.6709,3.47E-01,6.57E-01,1.23E+00,8.48E-01
828,26.6666,-93.3373,2.92E-01,4.19E-01,9.70E-01,9.49E-01
829,33.334,-73.3374,4.52E-01,7.88E-01,1.85E+00,1.17E+00
830,40.001,-73.3371,4.38E-01,5.21E-01,1.87E+00,1.59E+00
831,46.6679,-73.3368,4.20E-01,3.54E-01,1.85E+00,1.95E+00
832,40.0013,-66.6705,4.89E-01,6.83E-01,2.11E+00,1.59E+00
833,40.0016,-60.0037,5.39E-01,8.58E-01,2.36E+00,1.59E+00
834,33.3343,-66.6708,5.06E-01,9.78E-01,2.12E+00,1.16E+00
835,33.3346,-60.0041,5.60E-01,1.17E+00,2.41E+00,1.17E+00
836,46.6683,-66.6701,4.67E-01,4.69E-01,2.05E+00,1.95E+00
837,46.6686,-60.0032,5.13E-01,6.18E-01,2.26E+00,1.92E+00
838,40.0004,-93.337,2.84E-01,2.36E-01,1.15E+00,1.68E+00
839,40.0005,-86.6705,3.35E-01,2.64E-01,1.39E+00,1.63E+00
840,40.0007,-80.0038,3.87E-01,3.75E-01,1.63E+00,1.60E+00
841,33.3336,-86.6707,3.43E-01,4.10E-01,1.33E+00,1.24E+00
842,33.3335,-93.3372,2.90E-01,2.45E-01,1.07E+00,1.32E+00
843,33.3338,-80.0041,3.97E-01,5.99E-01,1.59E+00,1.19E+00
844,46.6674,-86.6702,3.24E-01,2.91E-01,1.42E+00,1.98E+00
845,46.6672,-93.3367,2.75E-01,3.74E-01,1.20E+00,2.01E+00
846,46.6677,-80.0035,3.72E-01,2.88E-01,1.64E+00,1.96E+00
847,6.66595,-73.3379,4.51E-01,1.98E+00,1.27E+00,8.28E-01
848,13.3329,-73.3379,4.60E-01,1.74E+00,1.47E+00,5.29E-01
849,20,-73.3378,4.63E-01,1.44E+00,1.65E+00,4.57E-01
850,13.333,-66.6714,5.20E-01,2.05E+00,1.77E+00,6.48E-01
851,13.3331,-60.0048,5.82E-01,2.38E+00,2.10E+00,7.81E-01
852,6.66593,-66.6714,5.12E-01,2.32E+00,1.54E+00,1.02E+00
853,6.66593,-60.0048,5.74E-01,2.69E+00,1.84E+00,1.22E+00
854,20.0001,-66.6713,5.22E-01,1.70E+00,1.95E+00,4.80E-01
855,20.0003,-60.0047,5.82E-01,1.98E+00,2.29E+00,5.21E-01
856,13.3329,-93.3373,2.86E-01,8.55E-01,7.06E-01,3.98E-01
857,13.3329,-86.671,3.42E-01,1.15E+00,9.47E-01,3.80E-01
858,13.3329,-80.0044,4.00E-01,1.44E+00,1.20E+00,4.33E-01
859,6.66604,-86.6709,3.33E-01,1.34E+00,7.89E-01,4.94E-01
860,6.6661,-93.3372,2.78E-01,1.03E+00,5.69E-01,3.83E-01
861,6.66599,-80.0044,3.91E-01,1.65E+00,1.02E+00,6.52E-01
862,19.9998,-86.6709,3.46E-01,9.17E-01,1.10E+00,5.13E-01
863,19.9998,-93.3373,2.91E-01,6.46E-01,8.44E-01,6.15E-01
864,19.9999,-80.0044,4.04E-01,1.18E+00,1.37E+00,4.63E-01
865,53.3382,-6.66595,6.37E-01,3.10E+00,2.18E+00,1.44E+00
866,53.3382,-13.3332,6.43E-01,2.73E+00,2.47E+00,9.26E-01
867,53.338,-20.0005,6.41E-01,2.26E+00,2.66E+00,5.73E-01
868,53.3377,-26.6678,6.31E-01,1.78E+00,2.74E+00,7.20E-01
869,53.3373,-33.3349,6.12E-01,1.37E+00,2.71E+00,1.17E+00
870,53.3368,-40.002,5.87E-01,1.05E+00,2.61E+00,1.57E+00
871,53.3364,-46.669,5.56E-01,7.96E-01,2.47E+00,1.86E+00
872,60.0044,-26.6675,5.75E-01,1.55E+00,2.39E+00,7.13E-01
873,66.6711,-26.6672,5.18E-01,1.32E+00,2.07E+00,7.16E-01
874,73.3377,-26.667,4.60E-01,1.10E+00,1.77E+00,7.36E-01
875,80.0043,-26.6669,4.03E-01,8.80E-01,1.49E+00,7.78E-01
876,86.6708,-26.6668,3.47E-01,6.52E-01,1.23E+00,8.47E-01
877,93.3373,-26.6667,2.92E-01,4.16E-01,9.63E-01,9.47E-01
878,73.3379,-20,4.63E-01,1.43E+00,1.64E+00,4.57E-01
879,73.3379,-13.3329,4.60E-01,1.74E+00,1.46E+00,5.31E-01
880,73.3379,-6.66595,4.51E-01,1.97E+00,1.26E+00,8.31E-01
881,66.6714,-13.333,5.21E-01,2.04E+00,1.76E+00,6.51E-01
882,60.0048,-13.333,5.82E-01,2.37E+00,2.09E+00,7.83E-01
883,66.6713,-20.0001,5.22E-01,1.70E+00,1.95E+00,4.81E-01
884,60.0047,-20.0003,5.82E-01,1.97E+00,2.28E+00,5.22E-01
885,66.6714,-6.66593,5.12E-01,2.32E+00,1.53E+00,1.02E+00
886,60.0048,-6.66593,5.74E-01,2.69E+00,1.83E+00,1.22E+00
887,93.3373,-13.3329,2.86E-01,8.53E-01,6.99E-01,3.97E-01
888,86.6709,-13.3329,3.42E-01,1.15E+00,9.41E-01,3.80E-01
889,80.0044,-13.3329,4.00E-01,1.44E+00,1.19E+00,4.34E-01
890,86.6709,-19.9998,3.47E-01,9.12E-01,1.09E+00,5.12E-01
891,93.3374,-19.9998,2.91E-01,6.43E-01,8.37E-01,6.13E-01
892,80.0044,-19.9999,4.04E-01,1.17E+00,1.36E+00,4.62E-01
893,86.6708,-6.66604,3.34E-01,1.34E+00,7.83E-01,4.96E-01
894,93.3373,-6.6661,2.78E-01,1.03E+00,5.62E-01,3.83E-01
895,80.0044,-6.66599,3.91E-01,1.65E+00,1.01E+00,6.55E-01
896,73.3368,-46.668,4.20E-01,3.52E-01,1.84E+00,1.95E+00
897,73.3372,-40.001,4.39E-01,5.18E-01,1.87E+00,1.59E+00
898,73.3375,-33.334,4.52E-01,7.83E-01,1.85E+00,1.17E+00
899,66.6704,-40.0013,4.90E-01,6.79E-01,2.11E+00,1.59E+00
900,60.0037,-40.0016,5.39E-01,8.54E-01,2.35E+00,1.59E+00
901,66.6701,-46.6683,4.67E-01,4.67E-01,2.05E+00,1.95E+00
902,60.0033,-46.6686,5.13E-01,6.16E-01,2.26E+00,1.92E+00
903,66.6708,-33.3342,5.07E-01,9.72E-01,2.12E+00,1.17E+00
904,60.0041,-33.3345,5.60E-01,1.17E+00,2.41E+00,1.17E+00
905,93.337,-40.0004,2.84E-01,2.36E-01,1.14E+00,1.68E+00
906,86.6704,-40.0005,3.35E-01,2.63E-01,1.39E+00,1.63E+00
907,80.0038,-40.0007,3.87E-01,3.72E-01,1.63E+00,1.60E+00
908,86.6702,-46.6674,3.24E-01,2.93E-01,1.42E+00,1.98E+00
909,93.3368,-46.6672,2.76E-01,3.77E-01,1.19E+00,2.01E+00
910,80.0035,-46.6677,3.72E-01,2.88E-01,1.63E+00,1.96E+00
911,86.6707,-33.3336,3.43E-01,4.06E-01,1.32E+00,1.24E+00
912,93.3372,-33.3335,2.90E-01,2.43E-01,1.07E+00,1.32E+00
913,80.0041,-33.3338,3.97E-01,5.95E-01,1.58E+00,1.19E+00
914,6.66649,-26.6711,8.76E-01,5.56E+00,4.55E+00,2.84E+00
915,13.3343,-26.6707,8.71E-01,4.61E+00,4.87E+00,1.74E+00
916,20.0021,-26.6702,8.52E-01,3.73E+00,4.78E+00,9.12E-01
917,26.6695,-26.6696,8.21E-01,3.09E+00,4.42E+00,6.30E-01
918,33.3368,-26.669,7.82E-01,2.65E+00,3.98E+00,6.64E-01
919,40.0039,-26.6685,7.35E-01,2.32E+00,3.54E+00,7.12E-01
920,46.6708,-26.6681,6.85E-01,2.04E+00,3.12E+00,7.25E-01
921,26.6701,-20.0021,8.52E-01,3.72E+00,4.77E+00,9.07E-01
922,26.6707,-13.3343,8.71E-01,4.59E+00,4.86E+00,1.73E+00
923,26.6711,-6.66648,8.76E-01,5.53E+00,4.53E+00,2.84E+00
924,20.0033,-13.3349,9.16E-01,5.30E+00,5.77E+00,2.19E+00
925,13.3356,-13.3355,9.50E-01,6.38E+00,6.66E+00,3.10E+00
926,6.66738,-13.3362,9.68E-01,7.94E+00,6.99E+00,4.65E+00
927,13.3349,-20.0033,9.16E-01,5.32E+00,5.78E+00,2.20E+00
928,20.0027,-20.0027,8.90E-01,4.35E+00,5.38E+00,1.30E+00
929,6.66685,-20.0038,9.26E-01,6.54E+00,5.62E+00,3.51E+00
930,13.3363,-6.66737,9.69E-01,7.90E+00,6.97E+00,4.63E+00
931,20.0039,-6.66684,9.27E-01,6.50E+00,5.60E+00,3.50E+00
932,6.66812,-6.6681,9.96E-01,9.99E+00,8.20E+00,6.57E+00
933,46.6715,-13.3333,7.04E-01,3.12E+00,2.91E+00,1.08E+00
934,40.0047,-13.3336,7.63E-01,3.55E+00,3.44E+00,1.25E+00
935,33.3378,-13.3339,8.19E-01,4.03E+00,4.09E+00,1.46E+00
936,40.0043,-20.0011,7.55E-01,2.89E+00,3.59E+00,6.89E-01
937,46.6712,-20.0008,6.99E-01,2.56E+00,3.10E+00,6.29E-01
938,33.3373,-20.0015,8.06E-01,3.26E+00,4.15E+00,7.64E-01
939,40.0049,-6.66609,7.60E-01,4.12E+00,3.09E+00,2.00E+00
940,46.6716,-6.666,6.99E-01,3.57E+00,2.59E+00,1.70E+00
941,33.338,-6.66625,8.20E-01,4.76E+00,3.72E+00,2.36E+00
942,26.6681,-46.6709,6.84E-01,2.04E+00,3.13E+00,7.23E-01
943,26.6685,-40.0039,7.35E-01,2.32E+00,3.54E+00,7.10E-01
944,26.669,-33.3368,7.82E-01,2.65E+00,3.98E+00,6.63E-01
945,13.3334,-46.6715,7.04E-01,3.13E+00,2.92E+00,1.08E+00
946,13.3336,-40.0047,7.63E-01,3.56E+00,3.45E+00,1.25E+00
947,13.3339,-33.3377,8.19E-01,4.05E+00,4.10E+00,1.46E+00
948,6.66609,-40.0049,7.60E-01,4.13E+00,3.10E+00,1.99E+00
949,6.666,-46.6716,6.99E-01,3.58E+00,2.60E+00,1.69E+00
950,6.66625,-33.338,8.19E-01,4.78E+00,3.73E+00,2.36E+00
951,20.0011,-40.0043,7.54E-01,2.91E+00,3.60E+00,6.90E-01
952,20.0008,-46.6712,6.99E-01,2.57E+00,3.10E+00,6.28E-01
953,20.0015,-33.3373,8.06E-01,3.28E+00,4.16E+00,7.66E-01
954,40.0024,-46.6699,6.32E-01,1.27E+00,2.87E+00,1.51E+00
955,40.0029,-40.0029,6.72E-01,1.54E+00,3.12E+00,1.35E+00
956,40.0034,-33.3357,7.07E-01,1.87E+00,3.36E+00,1.08E+00
957,33.3358,-40.0034,7.07E-01,1.87E+00,3.36E+00,1.07E+00
958,33.3353,-46.6704,6.62E-01,1.61E+00,3.03E+00,1.15E+00
959,33.3363,-33.3362,7.48E-01,2.20E+00,3.69E+00,9.02E-01
960,46.6699,-40.0024,6.32E-01,1.27E+00,2.87E+00,1.51E+00
961,46.6695,-46.6695,5.96E-01,1.01E+00,2.67E+00,1.73E+00
962,46.6704,-33.3353,6.62E-01,1.60E+00,3.03E+00,1.15E+00
1302,-99.9998,-106.25,1.53E-02,3.83E-01,5.94E-01,4.77E-01
1303,-99.9997,-112.5,9.84E-03,2.77E-01,6.67E-01,3.77E-01
1304,-99.9997,-118.75,5.67E-03,1.75E-01,7.53E-01,2.88E-01
1305,-99.9997,-125,2.74E-03,9.20E-02,8.49E-01,2.19E-01
1306,-93.3331,-125,4.74E-03,1.19E-01,7.79E-01,2.54E-01
1307,-86.6665,-125,7.21E-03,1.38E-01,6.96E-01,2.82E-01
1308,-79.9998,-125,1.01E-02,1.48E-01,6.05E-01,3.00E-01
1309,-73.3332,-125,1.34E-02,1.49E-01,5.06E-01,3.10E-01
1310,-66.6666,-125,1.70E-02,1.49E-01,4.03E-01,3.14E-01
1311,-59.9999,-125.001,2.10E-02,1.55E-01,2.97E-01,3.19E-01
1312,-53.3333,-125.001,2.52E-02,1.70E-01,1.91E-01,3.32E-01
1313,-46.6667,-125.001,2.96E-02,1.93E-01,8.98E-02,3.59E-01
1314,-40.0001,-125.001,3.42E-02,2.25E-01,5.88E-02,4.06E-01
1315,-33.3334,-125.001,3.89E-02,2.70E-01,1.20E-01,4.76E-01
1316,-26.6668,-125.001,4.36E-02,3.29E-01,2.04E-01,5.71E-01
1317,-20.0001,-125.002,4.84E-02,4.02E-01,2.76E-01,6.88E-01
1318,-13.3335,-125.002,5.30E-02,4.86E-01,3.33E-01,8.28E-01
1319,-6.66685,-125.002,5.75E-02,5.81E-01,3.71E-01,9.87E-01
1320,-0.000188266,-125.002,6.17E-02,6.85E-01,3.88E-01,1.17E+00
1321,6.66648,-125.002,6.54E-02,7.99E-01,3.84E-01,1.37E+00
1322,13.3332,-125.002,6.86E-02,9.22E-01,3.59E-01,1.58E+00
1323,19.9999,-125.002,7.11E-02,1.05E+00,3.15E-01,1.81E+00
1324,26.6665,-125.002,7.29E-02,1.18E+00,2.58E-01,2.05E+00
1325,33.3332,-125.002,7.37E-02,1.31E+00,1.91E-01,2.28E+00
1326,40,-125.002,7.37E-02,1.42E+00,1.47E-01,2.51E+00
1327,46.6667,-125.002,7.28E-02,1.51E+00,1.39E-01,2.72E+00
1328,53.3334,-125.002,7.09E-02,1.58E+00,1.41E-01,2.90E+00
1329,60.0001,-125.002,6.83E-02,1.62E+00,1.43E-01,3.05E+00
1330,66.6667,-125.002,6.49E-02,1.64E+00,1.74E-01,3.16E+00
1331,73.3334,-125.002,6.09E-02,1.62E+00,2.37E-01,3.24E+00
1332,80.0001,-125.002,5.63E-02,1.59E+00,3.02E-01,3.28E+00
1333,86.6668,-125.001,5.11E-02,1.54E+00,3.64E-01,3.28E+00
1334,93.3335,-125.001,4.56E-02,1.48E+00,4.21E-01,3.26E+00
1335,100,-125.001,3.96E-02,1.42E+00,4.69E-01,3.21E+00
1336,100,-118.751,5.62E-02,1.39E+00,6.46E-01,3.20E+00
1337,100.001,-112.501,7.37E-02,1.36E+00,7.80E-01,3.19E+00
1338,100.001,-106.251,9.17E-02,1.34E+00,8.78E-01,3.18E+00
1339,-0.0002812,-118.753,9.33E-02,3.17E-01,2.54E-01,8.16E-01
1340,-0.000377479,-112.503,1.30E-01,2.59E-01,1.20E-01,5.41E-01
1341,-0.000476629,-106.253,1.71E-01,5.14E-01,1.14E-01,3.84E-01
1342,-53.3334,-118.751,4.01E-02,3.08E-01,1.69E-01,4.18E-01
1343,-53.3334,-112.501,5.84E-02,5.40E-01,1.71E-01,5.96E-01
1344,-53.3335,-106.251,7.98E-02,7.72E-01,1.90E-01,7.96E-01
1345,-79.9998,-118.75,1.73E-02,2.98E-01,5.35E-01,4.19E-01
1346,-79.9999,-112.5,2.66E-02,4.56E-01,4.80E-01,5.61E-01
1347,-80,-106.25,3.80E-02,6.15E-01,4.39E-01,7.10E-01
1348,-86.6665,-112.5,2.02E-02,4.06E-01,5.48E-01,5.12E-01
1349,-93.3331,-112.5,1.46E-02,3.45E-01,6.11E-01,4.49E-01
1350,-86.6665,-118.75,1.28E-02,2.67E-01,6.16E-01,3.87E-01
1351,-93.3331,-118.75,8.89E-03,2.25E-01,6.90E-01,3.42E-01
1352,-86.6666,-106.25,2.94E-02,5.47E-01,4.94E-01,6.45E-01
1353,-93.3331,-106.25,2.18E-02,4.68E-01,5.44E-01,5.65E-01
1354,-66.6667,-118.75,2.78E-02,3.23E-01,3.56E-01,4.41E-01
1355,-66.6667,-112.501,4.14E-02,5.21E-01,3.28E-01,6.11E-01
1356,-66.6668,-106.251,5.76E-02,7.16E-01,3.18E-01,7.89E-01
1357,-73.3334,-112.5,3.37E-02,4.95E-01,4.06E-01,5.94E-01
1358,-73.3332,-118.75,2.23E-02,3.16E-01,4.47E-01,4.37E-01
1359,-73.3333,-106.25,4.74E-02,6.72E-01,3.80E-01,7.58E-01
1360,-60.0001,-112.501,4.97E-02,5.36E-01,2.49E-01,6.11E-01
1361,-60,-118.751,3.38E-02,3.20E-01,2.62E-01,4.34E-01
1362,-60.0002,-106.251,6.84E-02,7.49E-01,2.53E-01,8.01E-01
1363,-26.6669,-118.752,6.74E-02,2.51E-01,1.67E-01,4.01E-01
1364,-26.667,-112.502,9.56E-02,4.63E-01,1.13E-01,4.32E-01
1365,-26.6672,-106.252,1.28E-01,7.56E-01,7.95E-02,6.07E-01
1366,-40.0001,-118.751,5.35E-02,2.72E-01,5.92E-02,3.84E-01
1367,-40.0002,-112.502,7.67E-02,5.20E-01,6.48E-02,5.26E-01
1368,-40.0004,-106.252,1.04E-01,7.85E-01,9.19E-02,7.33E-01
1369,-46.6668,-112.501,6.74E-02,5.35E-01,1.01E-01,5.67E-01
1370,-46.6667,-118.751,4.67E-02,2.90E-01,8.52E-02,3.99E-01
1371,-46.6669,-106.251,9.16E-02,7.83E-01,1.33E-01,7.73E-01
1372,-33.3337,-112.502,8.61E-02,4.96E-01,7.76E-02,4.79E-01
1373,-33.3336,-118.752,6.04E-02,2.58E-01,1.05E-01,3.82E-01
1374,-33.3338,-106.252,1.16E-01,7.76E-01,7.58E-02,6.77E-01
1375,-13.3336,-118.752,8.10E-02,2.59E-01,2.51E-01,5.34E-01
1376,-13.3337,-112.502,1.14E-01,3.69E-01,1.52E-01,3.91E-01
1377,-13.3338,-106.253,1.51E-01,6.74E-01,9.10E-02,4.42E-01
1378,-20.0004,-112.502,1.05E-01,4.21E-01,1.41E-01,3.97E-01
1379,-20.0002,-118.752,7.43E-02,2.51E-01,2.18E-01,4.50E-01
1380,-20.0005,-106.253,1.40E-01,7.23E-01,8.67E-02,5.25E-01
1381,-6.66703,-112.503,1.22E-01,3.11E-01,1.43E-01,4.34E-01
1382,-6.66693,-118.752,8.74E-02,2.76E-01,2.64E-01,6.57E-01
1383,-6.66716,-106.253,1.62E-01,6.05E-01,9.62E-02,3.82E-01
1384,46.6667,-118.753,1.07E-01,1.19E+00,2.30E-01,2.47E+00
1385,46.6668,-112.503,1.45E-01,9.22E-01,4.89E-01,2.29E+00
1386,46.6669,-106.253,1.85E-01,7.02E-01,7.33E-01,2.16E+00
1387,19.9998,-118.753,1.06E-01,6.37E-01,1.32E-01,1.47E+00
1388,19.9998,-112.503,1.46E-01,2.92E-01,1.48E-01,1.18E+00
1389,19.9998,-106.254,1.90E-01,1.83E-01,3.59E-01,9.50E-01
1390,13.333,-112.503,1.42E-01,2.22E-01,1.12E-01,9.28E-01
1391,6.66632,-112.503,1.37E-01,2.26E-01,1.06E-01,7.10E-01
1392,13.3331,-118.753,1.03E-01,5.04E-01,1.71E-01,1.22E+00
1393,6.6664,-118.753,9.85E-02,3.93E-01,2.22E-01,1.01E+00
1394,13.333,-106.253,1.86E-01,2.67E-01,2.54E-01,6.86E-01
1395,6.66624,-106.253,1.79E-01,3.97E-01,1.66E-01,4.87E-01
1396,33.3332,-118.753,1.09E-01,9.27E-01,1.31E-01,1.98E+00
1397,33.3333,-112.503,1.49E-01,6.06E-01,3.21E-01,1.75E+00
1398,33.3333,-106.253,1.92E-01,3.40E-01,5.69E-01,1.56E+00
1399,26.6665,-112.503,1.48E-01,4.38E-01,2.27E-01,1.46E+00
1400,26.6665,-118.753,1.08E-01,7.81E-01,1.24E-01,1.72E+00
1401,26.6665,-106.254,1.92E-01,2.05E-01,4.67E-01,1.25E+00
1402,40,-112.503,1.48E-01,7.71E-01,4.09E-01,2.03E+00
1403,40,-118.753,1.09E-01,1.07E+00,1.63E-01,2.24E+00
1404,40.0001,-106.253,1.90E-01,5.27E-01,6.58E-01,1.87E+00
1405,73.3335,-118.752,8.80E-02,1.44E+00,4.90E-01,3.11E+00
1406,73.3337,-112.502,1.17E-01,1.28E+00,7.07E-01,3.03E+00
1407,73.3339,-106.252,1.48E-01,1.16E+00,8.95E-01,2.98E+00
1408,60.0001,-118.752,9.95E-02,1.36E+00,3.71E-01,2.86E+00
1409,60.0003,-112.503,1.34E-01,1.15E+00,6.16E-01,2.74E+00
1410,60.0004,-106.253,1.70E-01,9.80E-01,8.37E-01,2.65E+00
1411,53.3335,-112.503,1.40E-01,1.05E+00,5.58E-01,2.53E+00
1412,53.3334,-118.753,1.04E-01,1.29E+00,3.04E-01,2.69E+00
1413,53.3337,-106.253,1.79E-01,8.54E-01,7.92E-01,2.43E+00
1414,66.667,-112.502,1.26E-01,1.23E+00,6.66E-01,2.90E+00
1415,66.6668,-118.752,9.42E-02,1.41E+00,4.33E-01,3.01E+00
1416,66.6671,-106.252,1.60E-01,1.08E+00,8.71E-01,2.83E+00
1417,86.667,-118.752,7.33E-02,1.43E+00,5.85E-01,3.22E+00
1418,86.6671,-112.502,9.70E-02,1.34E+00,7.66E-01,3.18E+00
1419,86.6673,-106.252,1.22E-01,1.27E+00,9.12E-01,3.14E+00
1420,80.0004,-112.502,1.08E-01,1.32E+00,7.41E-01,3.12E+00
1421,80.0003,-118.752,8.10E-02,1.44E+00,5.41E-01,3.18E+00
1422,80.0006,-106.252,1.36E-01,1.22E+00,9.09E-01,3.08E+00
1423,93.3338,-112.501,8.57E-02,1.36E+00,7.80E-01,3.20E+00
1424,93.3337,-118.751,6.50E-02,1.41E+00,6.22E-01,3.22E+00
1425,93.3341,-106.251,1.07E-01,1.30E+00,9.03E-01,3.18E+00
1426,99.9998,106.25,1.53E-02,3.83E-01,5.94E-01,4.77E-01
1427,99.9997,112.5,9.85E-03,2.77E-01,6.67E-01,3.77E-01
1428,99.9997,118.75,5.67E-03,1.76E-01,7.53E-01,2.88E-01
1429,99.9997,125,2.75E-03,9.20E-02,8.49E-01,2.19E-01
1430,93.3331,125,4.75E-03,1.18E-01,7.79E-01,2.54E-01
1431,86.6665,125,7.22E-03,1.38E-01,6.96E-01,2.82E-01
1432,79.9998,125,1.01E-02,1.47E-01,6.05E-01,3.00E-01
1433,73.3332,125,1.34E-02,1.48E-01,5.07E-01,3.09E-01
1434,66.6666,125,1.70E-02,1.48E-01,4.04E-01,3.14E-01
1435,59.9999,125.001,2.10E-02,1.54E-01,2.98E-01,3.19E-01
1436,53.3333,125.001,2.52E-02,1.70E-01,1.91E-01,3.32E-01
1437,46.6667,125.001,2.96E-02,1.93E-01,9.06E-02,3.60E-01
1438,40.0001,125.001,3.41E-02,2.25E-01,5.86E-02,4.07E-01
1439,33.3334,125.001,3.88E-02,2.70E-01,1.19E-01,4.77E-01
1440,26.6668,125.001,4.35E-02,3.30E-01,2.03E-01,5.72E-01
1441,20.0001,125.002,4.83E-02,4.03E-01,2.76E-01,6.89E-01
1442,13.3335,125.002,5.29E-02,4.87E-01,3.33E-01,8.29E-01
1443,6.66685,125.002,5.74E-02,5.82E-01,3.71E-01,9.88E-01
1444,0.000188844,125.002,6.16E-02,6.87E-01,3.88E-01,1.17E+00
1445,-6.66648,125.002,6.53E-02,8.01E-01,3.84E-01,1.37E+00
1446,-13.3331,125.002,6.85E-02,9.23E-01,3.59E-01,1.58E+00
1447,-19.9998,125.002,7.10E-02,1.05E+00,3.15E-01,1.81E+00
1448,-26.6666,125.002,7.27E-02,1.18E+00,2.58E-01,2.05E+00
1449,-33.3332,125.002,7.36E-02,1.31E+00,1.91E-01,2.28E+00
1450,-40,125.002,7.36E-02,1.42E+00,1.48E-01,2.51E+00
1451,-46.6667,125.002,7.26E-02,1.51E+00,1.41E-01,2.72E+00
1452,-53.3333,125.002,7.08E-02,1.58E+00,1.43E-01,2.90E+00
1453,-60,125.002,6.82E-02,1.62E+00,1.44E-01,3.04E+00
1454,-66.6668,125.002,6.48E-02,1.64E+00,1.75E-01,3.16E+00
1455,-73.3334,125.002,6.08E-02,1.62E+00,2.38E-01,3.23E+00
1456,-80.0001,125.002,5.62E-02,1.59E+00,3.03E-01,3.28E+00
1457,-86.6668,125.001,5.11E-02,1.54E+00,3.65E-01,3.28E+00
1458,-93.3335,125.001,4.55E-02,1.48E+00,4.22E-01,3.26E+00
1459,-100,125.001,3.96E-02,1.42E+00,4.71E-01,3.21E+00
1460,-100,118.751,5.62E-02,1.39E+00,6.49E-01,3.20E+00
1461,-100.001,112.501,7.37E-02,1.37E+00,7.82E-01,3.19E+00
1462,-100.001,106.251,9.16E-02,1.34E+00,8.80E-01,3.19E+00
1463,0.00027845,118.753,9.32E-02,3.17E-01,2.53E-01,8.16E-01
1464,0.000374953,112.503,1.30E-01,2.59E-01,1.20E-01,5.41E-01
1465,0.000474191,106.253,1.71E-01,5.14E-01,1.14E-01,3.84E-01
1466,53.3334,118.751,4.01E-02,3.07E-01,1.69E-01,4.17E-01
1467,53.3335,112.501,5.83E-02,5.40E-01,1.70E-01,5.96E-01
1468,53.3336,106.251,7.98E-02,7.71E-01,1.90E-01,7.96E-01
1469,79.9998,118.75,1.73E-02,2.97E-01,5.35E-01,4.19E-01
1470,79.9999,112.5,2.66E-02,4.56E-01,4.80E-01,5.61E-01
1471,80,106.25,3.80E-02,6.15E-01,4.39E-01,7.10E-01
1472,86.6665,112.5,2.02E-02,4.06E-01,5.48E-01,5.12E-01
1473,93.3331,112.5,1.46E-02,3.45E-01,6.11E-01,4.49E-01
1474,86.6665,118.75,1.28E-02,2.67E-01,6.16E-01,3.87E-01
1475,93.3331,118.75,8.90E-03,2.25E-01,6.89E-01,3.42E-01
1476,86.6666,106.25,2.94E-02,5.47E-01,4.93E-01,6.45E-01
1477,93.3332,106.25,2.18E-02,4.68E-01,5.44E-01,5.65E-01
1478,66.6666,118.75,2.78E-02,3.23E-01,3.56E-01,4.41E-01
1479,66.6667,112.501,4.14E-02,5.21E-01,3.28E-01,6.11E-01
1480,66.6668,106.251,5.76E-02,7.16E-01,3.17E-01,7.89E-01
1481,73.3333,112.5,3.37E-02,4.94E-01,4.06E-01,5.94E-01
1482,73.3332,118.75,2.23E-02,3.16E-01,4.47E-01,4.37E-01
1483,73.3334,106.25,4.74E-02,6.71E-01,3.80E-01,7.58E-01
1484,60.0001,112.501,4.96E-02,5.36E-01,2.48E-01,6.11E-01
1485,60,118.751,3.38E-02,3.19E-01,2.62E-01,4.33E-01
1486,60.0002,106.251,6.84E-02,7.49E-01,2.53E-01,8.01E-01
1487,26.6669,118.752,6.73E-02,2.51E-01,1.67E-01,4.01E-01
1488,26.667,112.502,9.55E-02,4.63E-01,1.13E-01,4.32E-01
1489,26.6671,106.252,1.28E-01,7.56E-01,7.96E-02,6.07E-01
1490,40.0001,118.751,5.34E-02,2.71E-01,5.90E-02,3.84E-01
1491,40.0002,112.502,7.67E-02,5.20E-01,6.48E-02,5.26E-01
1492,40.0004,106.252,1.04E-01,7.85E-01,9.17E-02,7.33E-01
1493,46.6669,112.501,6.74E-02,5.34E-01,1.01E-01,5.67E-01
1494,46.6668,118.751,4.66E-02,2.90E-01,8.55E-02,3.99E-01
1495,46.667,106.251,9.15E-02,7.83E-01,1.33E-01,7.73E-01
1496,33.3336,112.502,8.61E-02,4.96E-01,7.79E-02,4.79E-01
1497,33.3335,118.752,6.03E-02,2.57E-01,1.04E-01,3.82E-01
1498,33.3338,106.252,1.16E-01,7.76E-01,7.57E-02,6.77E-01
1499,13.3336,118.752,8.09E-02,2.59E-01,2.51E-01,5.35E-01
1500,13.3337,112.502,1.14E-01,3.69E-01,1.52E-01,3.91E-01
1501,13.3338,106.253,1.51E-01,6.74E-01,9.11E-02,4.42E-01
1502,20.0004,112.502,1.05E-01,4.21E-01,1.42E-01,3.97E-01
1503,20.0002,118.752,7.42E-02,2.51E-01,2.18E-01,4.50E-01
1504,20.0005,106.253,1.40E-01,7.23E-01,8.69E-02,5.25E-01
1505,6.66705,112.503,1.22E-01,3.11E-01,1.43E-01,4.34E-01
1506,6.66695,118.752,8.73E-02,2.77E-01,2.63E-01,6.58E-01
1507,6.66717,106.253,1.61E-01,6.05E-01,9.62E-02,3.82E-01
1508,-46.6667,118.753,1.07E-01,1.19E+00,2.31E-01,2.47E+00
1509,-46.6668,112.503,1.45E-01,9.21E-01,4.88E-01,2.29E+00
1510,-46.6669,106.253,1.85E-01,7.02E-01,7.33E-01,2.17E+00
1511,-19.9998,118.753,1.06E-01,6.37E-01,1.31E-01,1.47E+00
1512,-19.9998,112.503,1.46E-01,2.92E-01,1.48E-01,1.18E+00
1513,-19.9998,106.254,1.90E-01,1.83E-01,3.59E-01,9.50E-01
1514,-13.3331,112.503,1.42E-01,2.22E-01,1.12E-01,9.28E-01
1515,-6.66631,112.503,1.37E-01,2.26E-01,1.07E-01,7.10E-01
1516,-13.3331,118.753,1.03E-01,5.04E-01,1.71E-01,1.23E+00
1517,-6.6664,118.753,9.84E-02,3.94E-01,2.21E-01,1.01E+00
1518,-13.333,106.253,1.86E-01,2.67E-01,2.54E-01,6.86E-01
1519,-6.66624,106.253,1.79E-01,3.97E-01,1.65E-01,4.87E-01
1520,-33.3332,118.753,1.09E-01,9.27E-01,1.30E-01,1.98E+00
1521,-33.3332,112.503,1.49E-01,6.06E-01,3.20E-01,1.75E+00
1522,-33.3333,106.253,1.92E-01,3.40E-01,5.69E-01,1.56E+00
1523,-26.6665,112.503,1.48E-01,4.38E-01,2.26E-01,1.46E+00
1524,-26.6665,118.753,1.08E-01,7.81E-01,1.23E-01,1.72E+00
1525,-26.6665,106.254,1.92E-01,2.04E-01,4.67E-01,1.25E+00
1526,-40,112.503,1.48E-01,7.71E-01,4.09E-01,2.03E+00
1527,-40,118.753,1.09E-01,1.07E+00,1.63E-01,2.24E+00
1528,-40.0001,106.253,1.90E-01,5.27E-01,6.58E-01,1.87E+00
1529,-73.3335,118.752,8.79E-02,1.43E+00,4.91E-01,3.12E+00
1530,-73.3337,112.502,1.17E-01,1.28E+00,7.08E-01,3.03E+00
1531,-73.3339,106.252,1.48E-01,1.16E+00,8.95E-01,2.98E+00
1532,-60.0001,118.752,9.93E-02,1.36E+00,3.72E-01,2.87E+00
1533,-60.0003,112.503,1.34E-01,1.15E+00,6.16E-01,2.74E+00
1534,-60.0004,106.253,1.70E-01,9.79E-01,8.37E-01,2.65E+00
1535,-53.3336,112.503,1.40E-01,1.05E+00,5.57E-01,2.53E+00
1536,-53.3335,118.753,1.04E-01,1.29E+00,3.04E-01,2.69E+00
1537,-53.3337,106.253,1.79E-01,8.54E-01,7.92E-01,2.43E+00
1538,-66.6669,112.502,1.26E-01,1.23E+00,6.66E-01,2.90E+00
1539,-66.6669,118.752,9.41E-02,1.41E+00,4.34E-01,3.01E+00
1540,-66.6672,106.252,1.60E-01,1.08E+00,8.71E-01,2.83E+00
1541,-86.667,118.752,7.32E-02,1.43E+00,5.86E-01,3.22E+00
1542,-86.6672,112.502,9.70E-02,1.34E+00,7.67E-01,3.18E+00
1543,-86.6674,106.252,1.22E-01,1.26E+00,9.13E-01,3.15E+00
1544,-80.0004,112.502,1.08E-01,1.32E+00,7.42E-01,3.12E+00
1545,-80.0003,118.752,8.09E-02,1.44E+00,5.42E-01,3.19E+00
1546,-80.0006,106.252,1.35E-01,1.22E+00,9.09E-01,3.08E+00
1547,-93.3339,112.501,8.56E-02,1.36E+00,7.81E-01,3.20E+00
1548,-93.3336,118.751,6.49E-02,1.41E+00,6.23E-01,3.22E+00
1549,-93.334,106.251,1.07E-01,1.30E+00,9.04E-01,3.18E+00
1550,106.25,125,1.31E-03,6.60E-02,9.05E-01,1.80E-01
1551,112.5,125,3.00E-04,4.93E-02,9.48E-01,1.44E-01
1552,118.75,125,-3.05E-04,5.16E-02,9.80E-01,1.18E-01
1553,125,125,-5.51E-04,6.96E-02,1.01E+00,1.04E-01
1554,125,118.75,-3.09E-04,5.17E-02,9.80E-01,1.18E-01
1555,125,112.5,2.93E-04,4.93E-02,9.48E-01,1.44E-01
1556,125,106.25,1.30E-03,6.61E-02,9.05E-01,1.80E-01
1557,125,99.9997,2.74E-03,9.22E-02,8.49E-01,2.19E-01
1558,125,93.3331,4.74E-03,1.19E-01,7.79E-01,2.54E-01
1559,125,86.6665,7.21E-03,1.38E-01,6.97E-01,2.82E-01
1560,125,79.9998,1.01E-02,1.48E-01,6.05E-01,3.00E-01
1561,125,73.3332,1.34E-02,1.49E-01,5.07E-01,3.10E-01
1562,125,66.6666,1.70E-02,1.48E-01,4.04E-01,3.14E-01
1563,125.001,59.9999,2.10E-02,1.55E-01,2.98E-01,3.19E-01
1564,125.001,53.3333,2.52E-02,1.70E-01,1.92E-01,3.32E-01
1565,125.001,46.6667,2.96E-02,1.93E-01,9.13E-02,3.59E-01
1566,125.001,40.0001,3.42E-02,2.25E-01,5.83E-02,4.06E-01
1567,125.001,33.3334,3.88E-02,2.70E-01,1.17E-01,4.76E-01
1568,125.001,26.6668,4.36E-02,3.29E-01,2.01E-01,5.71E-01
1569,125.002,20.0001,4.83E-02,4.02E-01,2.73E-01,6.89E-01
1570,125.002,13.3335,5.30E-02,4.86E-01,3.30E-01,8.28E-01
1571,125.002,6.66685,5.75E-02,5.81E-01,3.68E-01,9.88E-01
1572,125.002,0.000187449,6.17E-02,6.85E-01,3.85E-01,1.17E+00
1573,125.002,-6.66649,6.54E-02,7.99E-01,3.80E-01,1.37E+00
1574,125.002,-13.3331,6.86E-02,9.22E-01,3.54E-01,1.58E+00
1575,125.002,-19.9999,7.12E-02,1.05E+00,3.10E-01,1.81E+00
1576,125.002,-26.6666,7.29E-02,1.18E+00,2.53E-01,2.05E+00
1577,125.002,-33.3332,7.38E-02,1.31E+00,1.87E-01,2.28E+00
1578,125.002,-40,7.37E-02,1.42E+00,1.46E-01,2.51E+00
1579,125.002,-46.6667,7.28E-02,1.51E+00,1.41E-01,2.72E+00
1580,125.002,-53.3333,7.09E-02,1.58E+00,1.43E-01,2.90E+00
1581,125.002,-60.0001,6.83E-02,1.62E+00,1.44E-01,3.05E+00
1582,125.002,-66.6668,6.49E-02,1.64E+00,1.76E-01,3.16E+00
1583,125.002,-73.3334,6.09E-02,1.62E+00,2.40E-01,3.24E+00
1584,125.002,-80.0001,5.63E-02,1.59E+00,3.04E-01,3.28E+00
1585,125.001,-86.6668,5.11E-02,1.54E+00,3.65E-01,3.29E+00
1586,125.001,-93.3335,4.56E-02,1.48E+00,4.22E-01,3.26E+00
1587,125.001,-100,3.96E-02,1.42E+00,4.70E-01,3.21E+00
1588,125.001,-106.25,3.38E-02,1.35E+00,5.05E-01,3.13E+00
1589,125.001,-112.5,2.77E-02,1.28E+00,5.22E-01,3.02E+00
1590,125,-118.75,2.16E-02,1.21E+00,5.14E-01,2.89E+00
1591,125,-125,1.56E-02,1.12E+00,4.70E-01,2.75E+00
1592,118.75,-125,2.16E-02,1.21E+00,5.14E-01,2.89E+00
1593,112.5,-125.001,2.77E-02,1.28E+00,5.22E-01,3.02E+00
1594,106.25,-125.001,3.38E-02,1.35E+00,5.05E-01,3.13E+00
1595,118.753,0.000277497,9.33E-02,3.16E-01,2.49E-01,8.17E-01
1596,112.503,0.000374422,1.30E-01,2.59E-01,1.18E-01,5.42E-01
1597,106.253,0.000473824,1.71E-01,5.15E-01,1.14E-01,3.85E-01
1598,118.75,66.6666,2.78E-02,3.24E-01,3.56E-01,4.42E-01
1599,112.501,66.6667,4.14E-02,5.22E-01,3.28E-01,6.12E-01
1600,106.251,66.6668,5.76E-02,7.17E-01,3.17E-01,7.90E-01
1601,118.75,99.7933,5.75E-03,1.77E-01,7.52E-01,2.90E-01
1602,112.5,99.7934,9.98E-03,2.79E-01,6.65E-01,3.79E-01
1603,106.25,99.7934,1.55E-02,3.84E-01,5.93E-01,4.79E-01
1604,112.5,106.165,6.28E-03,2.06E-01,7.18E-01,3.05E-01
1605,112.5,112.5,3.46E-03,1.35E-01,7.77E-01,2.35E-01
1606,112.5,118.75,1.50E-03,7.34E-02,8.54E-01,1.79E-01
1607,118.75,112.5,1.50E-03,7.35E-02,8.54E-01,1.79E-01
1608,118.743,106.179,3.30E-03,1.24E-01,8.06E-01,2.32E-01
1609,118.75,118.75,3.22E-04,4.39E-02,9.07E-01,1.39E-01
1610,106.25,112.5,6.24E-03,2.06E-01,7.19E-01,3.04E-01
1611,106.257,106.179,1.03E-02,2.95E-01,6.48E-01,3.89E-01
1612,106.25,118.75,3.28E-03,1.23E-01,8.06E-01,2.32E-01
1613,118.75,86.6665,1.28E-02,2.67E-01,6.16E-01,3.88E-01
1614,112.5,86.6665,2.02E-02,4.07E-01,5.48E-01,5.13E-01
1615,106.25,86.6666,2.94E-02,5.48E-01,4.93E-01,6.46E-01
1616,112.5,93.2481,1.46E-02,3.46E-01,6.10E-01,4.51E-01
1617,118.756,93.2622,8.92E-03,2.26E-01,6.89E-01,3.43E-01
1618,106.243,93.2623,2.19E-02,4.70E-01,5.43E-01,5.67E-01
1619,112.5,73.3333,3.37E-02,4.95E-01,4.06E-01,5.95E-01
1620,112.5,79.9999,2.66E-02,4.57E-01,4.80E-01,5.62E-01
1621,118.75,73.3332,2.23E-02,3.17E-01,4.48E-01,4.38E-01
1622,118.75,79.9998,1.73E-02,2.98E-01,5.35E-01,4.20E-01
1623,106.25,73.3334,4.74E-02,6.72E-01,3.80E-01,7.59E-01
1624,106.25,80,3.80E-02,6.16E-01,4.39E-01,7.11E-01
1625,118.752,33.3335,6.04E-02,2.58E-01,1.03E-01,3.82E-01
1626,112.502,33.3336,8.61E-02,4.96E-01,7.67E-02,4.79E-01
1627,106.252,33.3338,1.16E-01,7.76E-01,7.55E-02,6.78E-01
1628,118.751,53.3334,4.01E-02,3.08E-01,1.70E-01,4.18E-01
1629,112.501,53.3335,5.84E-02,5.41E-01,1.71E-01,5.96E-01
1630,106.251,53.3336,7.98E-02,7.72E-01,1.90E-01,7.97E-01
1631,112.501,60.0001,4.97E-02,5.37E-01,2.49E-01,6.12E-01
1632,118.751,60,3.38E-02,3.20E-01,2.63E-01,4.34E-01
1633,106.251,60.0002,6.85E-02,7.50E-01,2.53E-01,8.02E-01
1634,112.502,40.0002,7.67E-02,5.20E-01,6.50E-02,5.27E-01
1635,112.501,46.6669,6.74E-02,5.35E-01,1.02E-01,5.67E-01
1636,118.751,40.0001,5.35E-02,2.72E-01,5.87E-02,3.84E-01
1637,118.751,46.6668,4.67E-02,2.90E-01,8.63E-02,3.99E-01
1638,106.252,40.0004,1.04E-01,7.85E-01,9.21E-02,7.34E-01
1639,106.251,46.667,9.16E-02,7.84E-01,1.34E-01,7.73E-01
1640,118.752,20.0002,7.43E-02,2.51E-01,2.15E-01,4.50E-01
1641,112.502,20.0004,1.05E-01,4.21E-01,1.39E-01,3.97E-01
1642,106.253,20.0005,1.40E-01,7.23E-01,8.57E-02,5.25E-01
1643,112.502,26.667,9.56E-02,4.63E-01,1.11E-01,4.32E-01
1644,118.752,26.6669,6.74E-02,2.51E-01,1.65E-01,4.02E-01
1645,106.252,26.6671,1.28E-01,7.56E-01,7.87E-02,6.07E-01
1646,112.503,6.66705,1.22E-01,3.12E-01,1.40E-01,4.35E-01
1647,112.502,13.3337,1.14E-01,3.69E-01,1.49E-01,3.91E-01
1648,118.752,6.66695,8.74E-02,2.76E-01,2.60E-01,6.58E-01
1649,118.752,13.3336,8.10E-02,2.59E-01,2.48E-01,5.35E-01
1650,106.253,6.66717,1.62E-01,6.06E-01,9.52E-02,3.82E-01
1651,106.253,13.3338,1.51E-01,6.74E-01,8.99E-02,4.42E-01
1652,118.752,-60.0001,9.95E-02,1.36E+00,3.75E-01,2.87E+00
1653,112.503,-60.0003,1.34E-01,1.15E+00,6.19E-01,2.74E+00
1654,106.253,-60.0004,1.70E-01,9.80E-01,8.38E-01,2.65E+00
1655,118.753,-26.6666,1.08E-01,7.79E-01,1.23E-01,1.72E+00
1656,112.503,-26.6666,1.48E-01,4.37E-01,2.32E-01,1.46E+00
1657,106.254,-26.6666,1.92E-01,2.04E-01,4.71E-01,1.25E+00
1658,118.753,-13.3331,1.03E-01,5.03E-01,1.67E-01,1.23E+00
1659,112.503,-13.333,1.42E-01,2.22E-01,1.13E-01,9.30E-01
1660,106.253,-13.333,1.86E-01,2.69E-01,2.57E-01,6.88E-01
1661,112.503,-6.6663,1.37E-01,2.26E-01,1.06E-01,7.11E-01
1662,118.753,-6.66639,9.86E-02,3.92E-01,2.17E-01,1.01E+00
1663,106.253,-6.66623,1.79E-01,3.99E-01,1.68E-01,4.88E-01
1664,112.503,-19.9998,1.46E-01,2.91E-01,1.52E-01,1.18E+00
1665,118.753,-19.9998,1.06E-01,6.35E-01,1.29E-01,1.47E+00
1666,106.254,-19.9998,1.90E-01,1.84E-01,3.63E-01,9.52E-01
1667,118.753,-40,1.09E-01,1.07E+00,1.65E-01,2.24E+00
1668,112.503,-40,1.48E-01,7.71E-01,4.14E-01,2.03E+00
1669,106.253,-40.0001,1.90E-01,5.26E-01,6.61E-01,1.88E+00
1670,112.503,-33.3333,1.49E-01,6.05E-01,3.26E-01,1.75E+00
1671,118.753,-33.3333,1.09E-01,9.26E-01,1.30E-01,1.98E+00
1672,106.253,-33.3334,1.92E-01,3.39E-01,5.72E-01,1.57E+00
1673,112.503,-53.3336,1.40E-01,1.05E+00,5.61E-01,2.54E+00
1674,112.503,-46.6667,1.45E-01,9.22E-01,4.93E-01,2.30E+00
1675,118.753,-53.3334,1.04E-01,1.29E+00,3.08E-01,2.69E+00
1676,118.753,-46.6667,1.07E-01,1.19E+00,2.35E-01,2.48E+00
1677,106.253,-53.3336,1.79E-01,8.54E-01,7.93E-01,2.43E+00
1678,106.253,-46.6669,1.85E-01,7.02E-01,7.35E-01,2.17E+00
1679,118.759,-93.2537,6.51E-02,1.41E+00,6.23E-01,3.23E+00
1680,112.501,-93.2336,8.59E-02,1.36E+00,7.81E-01,3.20E+00
1681,106.243,-93.2541,1.07E-01,1.30E+00,9.04E-01,3.18E+00
1682,118.752,-73.3335,8.80E-02,1.44E+00,4.92E-01,3.12E+00
1683,112.502,-73.3337,1.18E-01,1.28E+00,7.10E-01,3.04E+00
1684,106.252,-73.3339,1.48E-01,1.16E+00,8.95E-01,2.98E+00
1685,112.502,-66.6669,1.26E-01,1.23E+00,6.68E-01,2.91E+00
1686,118.752,-66.6668,9.42E-02,1.41E+00,4.36E-01,3.01E+00
1687,106.252,-66.6671,1.60E-01,1.08E+00,8.72E-01,2.84E+00
1688,112.502,-86.637,9.71E-02,1.34E+00,7.67E-01,3.18E+00
1689,112.502,-80.0004,1.08E-01,1.32E+00,7.43E-01,3.13E+00
1690,118.754,-86.6469,7.33E-02,1.43E+00,5.87E-01,3.22E+00
1691,118.752,-80.0003,8.10E-02,1.44E+00,5.43E-01,3.19E+00
1692,106.249,-86.6473,1.22E-01,1.27E+00,9.13E-01,3.15E+00
1693,106.252,-80.0006,1.36E-01,1.22E+00,9.09E-01,3.08E+00
1694,118.742,-106.17,4.78E-02,1.36E+00,6.56E-01,3.14E+00
1695,112.501,-106.151,6.24E-02,1.37E+00,7.62E-01,3.16E+00
1696,106.259,-106.171,7.72E-02,1.36E+00,8.33E-01,3.18E+00
1697,112.501,-99.7295,7.43E-02,1.37E+00,7.81E-01,3.19E+00
1698,118.751,-99.7528,5.66E-02,1.39E+00,6.47E-01,3.20E+00
1699,106.251,-99.7533,9.23E-02,1.34E+00,8.79E-01,3.19E+00
1700,112.5,-118.751,3.89E-02,1.33E+00,6.42E-01,3.07E+00
1701,112.501,-112.471,5.06E-02,1.36E+00,7.18E-01,3.12E+00
1702,118.75,-118.75,3.01E-02,1.28E+00,5.98E-01,2.98E+00
1703,118.748,-112.48,3.89E-02,1.33E+00,6.42E-01,3.07E+00
1704,106.25,-118.751,4.77E-02,1.36E+00,6.55E-01,3.14E+00
1705,106.254,-112.481,6.23E-02,1.37E+00,7.61E-01,3.16E+00
1706,-106.25,125.001,3.37E-02,1.35E+00,5.06E-01,3.13E+00
1707,-112.5,125.001,2.77E-02,1.28E+00,5.23E-01,3.02E+00
1708,-118.75,125,2.16E-02,1.21E+00,5.16E-01,2.89E+00
1709,-125,125,1.56E-02,1.12E+00,4.71E-01,2.75E+00
1710,-125,118.75,2.16E-02,1.21E+00,5.16E-01,2.89E+00
1711,-125.001,112.5,2.77E-02,1.28E+00,5.24E-01,3.02E+00
1712,-125.001,106.25,3.37E-02,1.35E+00,5.06E-01,3.13E+00
1713,-125.001,100,3.96E-02,1.42E+00,4.70E-01,3.21E+00
1714,-125.001,93.3335,4.55E-02,1.48E+00,4.22E-01,3.26E+00
1715,-125.001,86.6668,5.11E-02,1.54E+00,3.65E-01,3.28E+00
1716,-125.002,80.0001,5.62E-02,1.59E+00,3.03E-01,3.28E+00
1717,-125.002,73.3334,6.08E-02,1.63E+00,2.38E-01,3.24E+00
1718,-125.002,66.6667,6.48E-02,1.64E+00,1.75E-01,3.16E+00
1719,-125.002,60,6.82E-02,1.62E+00,1.44E-01,3.05E+00
1720,-125.002,53.3333,7.08E-02,1.58E+00,1.43E-01,2.90E+00
1721,-125.002,46.6667,7.26E-02,1.52E+00,1.41E-01,2.72E+00
1722,-125.002,40,7.36E-02,1.42E+00,1.48E-01,2.51E+00
1723,-125.002,33.3332,7.36E-02,1.31E+00,1.91E-01,2.28E+00
1724,-125.002,26.6665,7.28E-02,1.18E+00,2.58E-01,2.05E+00
1725,-125.002,19.9998,7.10E-02,1.05E+00,3.16E-01,1.81E+00
1726,-125.002,13.3332,6.85E-02,9.24E-01,3.59E-01,1.58E+00
1727,-125.002,6.66648,6.53E-02,8.01E-01,3.84E-01,1.37E+00
1728,-125.002,-0.000189074,6.16E-02,6.87E-01,3.89E-01,1.17E+00
1729,-125.002,-6.66685,5.74E-02,5.82E-01,3.71E-01,9.89E-01
1730,-125.002,-13.3335,5.29E-02,4.88E-01,3.33E-01,8.29E-01
1731,-125.002,-20.0001,4.83E-02,4.03E-01,2.76E-01,6.90E-01
1732,-125.001,-26.6668,4.36E-02,3.30E-01,2.03E-01,5.72E-01
1733,-125.001,-33.3334,3.88E-02,2.70E-01,1.19E-01,4.77E-01
1734,-125.001,-40.0001,3.41E-02,2.25E-01,5.87E-02,4.07E-01
1735,-125.001,-46.6667,2.96E-02,1.93E-01,9.04E-02,3.60E-01
1736,-125.001,-53.3333,2.52E-02,1.70E-01,1.91E-01,3.32E-01
1737,-125.001,-59.9999,2.10E-02,1.55E-01,2.98E-01,3.19E-01
1738,-125,-66.6666,1.70E-02,1.48E-01,4.04E-01,3.14E-01
1739,-125,-73.3332,1.34E-02,1.48E-01,5.07E-01,3.09E-01
1740,-125,-79.9998,1.01E-02,1.47E-01,6.05E-01,3.00E-01
1741,-125,-86.6665,7.22E-03,1.38E-01,6.97E-01,2.82E-01
1742,-125,-93.3331,4.75E-03,1.19E-01,7.79E-01,2.54E-01
1743,-125,-99.9997,2.75E-03,9.23E-02,8.49E-01,2.19E-01
1744,-125,-106.25,1.31E-03,6.62E-02,9.05E-01,1.80E-01
1745,-125,-112.5,3.00E-04,4.93E-02,9.48E-01,1.44E-01
1746,-125,-118.75,-3.05E-04,5.16E-02,9.80E-01,1.18E-01
1747,-125,-125,-5.50E-04,6.96E-02,1.02E+00,1.04E-01
1748,-118.75,-125,-3.09E-04,5.17E-02,9.80E-01,1.18E-01
1749,-112.5,-125,2.93E-04,4.93E-02,9.48E-01,1.44E-01
1750,-106.25,-125,1.30E-03,6.59E-02,9.06E-01,1.80E-01
1751,-118.753,-0.000280786,9.32E-02,3.17E-01,2.54E-01,8.16E-01
1752,-112.503,-0.000377415,1.30E-01,2.59E-01,1.21E-01,5.41E-01
1753,-106.253,-0.000476755,1.71E-01,5.14E-01,1.13E-01,3.85E-01
1754,-118.752,66.6669,9.41E-02,1.41E+00,4.34E-01,3.01E+00
1755,-112.502,66.667,1.26E-01,1.23E+00,6.67E-01,2.91E+00
1756,-106.252,66.6672,1.60E-01,1.08E+00,8.71E-01,2.84E+00
1757,-118.751,99.794,5.64E-02,1.39E+00,6.48E-01,3.20E+00
1758,-112.501,99.7941,7.41E-02,1.37E+00,7.81E-01,3.19E+00
1759,-106.251,99.7944,9.21E-02,1.34E+00,8.80E-01,3.19E+00
1760,-112.501,106.166,6.23E-02,1.37E+00,7.62E-01,3.16E+00
1761,-112.501,112.501,5.05E-02,1.36E+00,7.19E-01,3.12E+00
1762,-112.5,118.751,3.89E-02,1.33E+00,6.43E-01,3.07E+00
1763,-118.751,112.5,3.89E-02,1.33E+00,6.43E-01,3.07E+00
1764,-118.744,106.18,4.77E-02,1.36E+00,6.57E-01,3.14E+00
1765,-118.75,118.75,3.01E-02,1.28E+00,6.00E-01,2.98E+00
1766,-106.251,112.501,6.22E-02,1.37E+00,7.63E-01,3.16E+00
1767,-106.258,106.18,7.71E-02,1.36E+00,8.34E-01,3.18E+00
1768,-106.25,118.751,4.76E-02,1.36E+00,6.57E-01,3.14E+00
1769,-118.752,86.667,7.32E-02,1.43E+00,5.87E-01,3.22E+00
1770,-112.502,86.6671,9.70E-02,1.34E+00,7.67E-01,3.18E+00
1771,-106.252,86.6673,1.22E-01,1.27E+00,9.13E-01,3.15E+00
1772,-112.501,93.2488,8.58E-02,1.36E+00,7.81E-01,3.20E+00
1773,-118.758,93.2628,6.50E-02,1.41E+00,6.23E-01,3.22E+00
1774,-106.244,93.2632,1.07E-01,1.30E+00,9.04E-01,3.18E+00
1775,-112.502,73.3337,1.17E-01,1.28E+00,7.08E-01,3.03E+00
1776,-112.502,80.0004,1.08E-01,1.32E+00,7.42E-01,3.12E+00
1777,-118.752,73.3336,8.79E-02,1.44E+00,4.91E-01,3.12E+00
1778,-118.752,80.0003,8.09E-02,1.44E+00,5.42E-01,3.19E+00
1779,-106.252,73.3339,1.48E-01,1.16E+00,8.95E-01,2.98E+00
1780,-106.252,80.0006,1.36E-01,1.22E+00,9.09E-01,3.08E+00
1781,-118.753,33.3332,1.09E-01,9.28E-01,1.30E-01,1.98E+00
1782,-112.503,33.3333,1.49E-01,6.07E-01,3.21E-01,1.75E+00
1783,-106.253,33.3333,1.92E-01,3.41E-01,5.68E-01,1.56E+00
1784,-118.753,53.3334,1.04E-01,1.29E+00,3.05E-01,2.69E+00
1785,-112.503,53.3335,1.40E-01,1.05E+00,5.58E-01,2.54E+00
1786,-106.253,53.3336,1.79E-01,8.55E-01,7.91E-01,2.43E+00
1787,-112.503,60.0003,1.34E-01,1.15E+00,6.17E-01,2.74E+00
1788,-118.752,60.0001,9.94E-02,1.36E+00,3.72E-01,2.87E+00
1789,-106.253,60.0004,1.70E-01,9.81E-01,8.37E-01,2.65E+00
1790,-112.503,40,1.48E-01,7.72E-01,4.09E-01,2.03E+00
1791,-112.503,46.6668,1.45E-01,9.23E-01,4.89E-01,2.30E+00
1792,-118.753,40,1.09E-01,1.07E+00,1.63E-01,2.24E+00
1793,-118.753,46.6667,1.07E-01,1.19E+00,2.31E-01,2.48E+00
1794,-106.253,40.0001,1.90E-01,5.28E-01,6.58E-01,1.87E+00
1795,-106.253,46.6669,1.85E-01,7.03E-01,7.32E-01,2.17E+00
1796,-118.753,19.9998,1.06E-01,6.37E-01,1.31E-01,1.47E+00
1797,-112.503,19.9998,1.46E-01,2.92E-01,1.48E-01,1.18E+00
1798,-106.254,19.9998,1.90E-01,1.83E-01,3.58E-01,9.50E-01
1799,-112.503,26.6665,1.48E-01,4.38E-01,2.26E-01,1.46E+00
1800,-118.753,26.6665,1.08E-01,7.81E-01,1.23E-01,1.72E+00
1801,-106.254,26.6665,1.92E-01,2.05E-01,4.66E-01,1.25E+00
1802,-112.503,6.66632,1.37E-01,2.26E-01,1.07E-01,7.10E-01
1803,-112.503,13.333,1.42E-01,2.23E-01,1.12E-01,9.28E-01
1804,-118.753,6.6664,9.85E-02,3.94E-01,2.22E-01,1.01E+00
1805,-118.753,13.3331,1.03E-01,5.04E-01,1.71E-01,1.23E+00
1806,-106.253,6.66624,1.79E-01,3.97E-01,1.64E-01,4.87E-01
1807,-106.253,13.333,1.86E-01,2.68E-01,2.53E-01,6.87E-01
1808,-118.751,-60,3.38E-02,3.19E-01,2.62E-01,4.33E-01
1809,-112.501,-60.0001,4.97E-02,5.36E-01,2.48E-01,6.11E-01
1810,-106.251,-60.0002,6.84E-02,7.49E-01,2.53E-01,8.01E-01
1811,-118.752,-26.6669,6.73E-02,2.51E-01,1.67E-01,4.02E-01
1812,-112.502,-26.667,9.55E-02,4.63E-01,1.14E-01,4.32E-01
1813,-106.252,-26.6672,1.28E-01,7.56E-01,7.95E-02,6.07E-01
1814,-118.752,-13.3336,8.09E-02,2.59E-01,2.51E-01,5.35E-01
1815,-112.502,-13.3337,1.14E-01,3.69E-01,1.53E-01,3.91E-01
1816,-106.253,-13.3338,1.51E-01,6.74E-01,9.09E-02,4.42E-01
1817,-112.503,-6.66703,1.22E-01,3.11E-01,1.44E-01,4.34E-01
1818,-118.752,-6.66693,8.73E-02,2.77E-01,2.64E-01,6.58E-01
1819,-106.253,-6.66716,1.62E-01,6.05E-01,9.57E-02,3.82E-01
1820,-112.502,-20.0004,1.05E-01,4.21E-01,1.42E-01,3.97E-01
1821,-118.752,-20.0002,7.42E-02,2.52E-01,2.18E-01,4.50E-01
1822,-106.253,-20.0005,1.40E-01,7.23E-01,8.68E-02,5.25E-01
1823,-118.751,-40.0001,5.34E-02,2.71E-01,5.91E-02,3.84E-01
1824,-112.502,-40.0002,7.67E-02,5.19E-01,6.47E-02,5.26E-01
1825,-106.252,-40.0004,1.04E-01,7.85E-01,9.11E-02,7.33E-01
1826,-112.502,-33.3337,8.61E-02,4.96E-01,7.81E-02,4.79E-01
1827,-118.752,-33.3336,6.03E-02,2.57E-01,1.05E-01,3.82E-01
1828,-106.252,-33.3338,1.16E-01,7.76E-01,7.54E-02,6.77E-01
1829,-112.501,-53.3335,5.83E-02,5.40E-01,1.70E-01,5.96E-01
1830,-112.501,-46.6668,6.74E-02,5.34E-01,1.01E-01,5.67E-01
1831,-118.751,-53.3334,4.01E-02,3.07E-01,1.69E-01,4.17E-01
1832,-118.751,-46.6668,4.66E-02,2.90E-01,8.53E-02,3.99E-01
1833,-106.251,-53.3335,7.98E-02,7.71E-01,1.90E-01,7.96E-01
1834,-106.251,-46.667,9.15E-02,7.83E-01,1.33E-01,7.73E-01
1835,-118.758,-93.2532,8.94E-03,2.26E-01,6.89E-01,3.43E-01
1836,-112.5,-93.2329,1.47E-02,3.46E-01,6.10E-01,4.51E-01
1837,-106.242,-93.2532,2.19E-02,4.70E-01,5.43E-01,5.67E-01
1838,-118.75,-73.3332,2.23E-02,3.16E-01,4.47E-01,4.37E-01
1839,-112.5,-73.3333,3.37E-02,4.95E-01,4.06E-01,5.94E-01
1840,-106.25,-73.3333,4.74E-02,6.72E-01,3.80E-01,7.59E-01
1841,-112.501,-66.6666,4.14E-02,5.21E-01,3.28E-01,6.11E-01
1842,-118.75,-66.6665,2.78E-02,3.23E-01,3.56E-01,4.41E-01
1843,-106.251,-66.6667,5.76E-02,7.16E-01,3.17E-01,7.89E-01
1844,-112.5,-86.6363,2.02E-02,4.06E-01,5.48E-01,5.13E-01
1845,-112.5,-79.9999,2.66E-02,4.56E-01,4.80E-01,5.61E-01
1846,-118.753,-86.6464,1.28E-02,2.67E-01,6.16E-01,3.87E-01
1847,-118.75,-79.9998,1.73E-02,2.97E-01,5.35E-01,4.19E-01
1848,-106.247,-86.6465,2.94E-02,5.48E-01,4.93E-01,6.45E-01
1849,-106.25,-80,3.80E-02,6.15E-01,4.39E-01,7.10E-01
1850,-118.741,-106.17,3.31E-03,1.24E-01,8.06E-01,2.33E-01
1851,-112.5,-106.15,6.29E-03,2.07E-01,7.18E-01,3.05E-01
1852,-106.259,-106.17,1.03E-02,2.95E-01,6.49E-01,3.89E-01
1853,-112.5,-99.7287,1.00E-02,2.79E-01,6.65E-01,3.80E-01
1854,-118.75,-99.7522,5.78E-03,1.77E-01,7.52E-01,2.90E-01
1855,-106.25,-99.7523,1.55E-02,3.84E-01,5.93E-01,4.79E-01
1856,-112.5,-118.75,1.50E-03,7.34E-02,8.54E-01,1.79E-01
1857,-112.5,-112.47,3.47E-03,1.35E-01,7.77E-01,2.35E-01
1858,-118.75,-118.75,3.23E-04,4.40E-02,9.07E-01,1.39E-01
1859,-118.747,-112.48,1.51E-03,7.36E-02,8.54E-01,1.79E-01
1860,-106.25,-118.75,3.27E-03,1.23E-01,8.06E-01,2.32E-01
1861,-106.253,-112.48,6.25E-03,2.05E-01,7.19E-01,3.04E-01
1862,125,-131.25,9.94E-03,9.88E-01,3.75E-01,2.61E+00
1863,125,-137.5,5.02E-03,8.15E-01,2.10E-01,2.47E+00
1864,125,-143.75,1.41E-03,6.21E-01,1.63E-01,2.31E+00
1865,125,-150,0.00E+00,5.21E-01,2.17E-01,2.23E+00
1866,118.75,-150,0.00E+00,8.41E-01,3.30E-01,2.58E+00
1867,112.5,-150,0.00E+00,1.16E+00,4.44E-01,2.89E+00
1868,106.25,-150,0.00E+00,1.47E+00,5.54E-01,3.19E+00
1869,100,-150,0.00E+00,1.78E+00,6.57E-01,3.45E+00
1870,93.3333,-150,0.00E+00,2.08E+00,7.53E-01,3.68E+00
1871,86.6667,-150,0.00E+00,2.36E+00,8.41E-01,3.89E+00
1872,80,-150,0.00E+00,2.62E+00,9.18E-01,4.06E+00
1873,73.3333,-150,0.00E+00,2.85E+00,9.82E-01,4.19E+00
1874,66.6667,-150,0.00E+00,3.04E+00,1.03E+00,4.28E+00
1875,60,-150,0.00E+00,3.20E+00,1.07E+00,4.33E+00
1876,53.3333,-150,0.00E+00,3.30E+00,1.09E+00,4.33E+00
1877,46.6667,-150,0.00E+00,3.36E+00,1.09E+00,4.28E+00
1878,40,-150,0.00E+00,3.36E+00,1.08E+00,4.18E+00
1879,33.3333,-150,0.00E+00,3.32E+00,1.04E+00,4.04E+00
1880,26.6667,-150,0.00E+00,3.23E+00,9.87E-01,3.86E+00
1881,20,-150,0.00E+00,3.10E+00,9.12E-01,3.64E+00
1882,13.3333,-150,0.00E+00,2.93E+00,8.21E-01,3.40E+00
1883,6.66667,-150,0.00E+00,2.74E+00,7.14E-01,3.14E+00
1884,0,-150,0.00E+00,2.53E+00,5.95E-01,2.87E+00
1885,-6.66667,-150,0.00E+00,2.31E+00,4.67E-01,2.60E+00
1886,-13.3333,-150,0.00E+00,2.08E+00,3.32E-01,2.32E+00
1887,-20,-150,0.00E+00,1.85E+00,1.94E-01,2.05E+00
1888,-26.6667,-150,0.00E+00,1.62E+00,8.33E-02,1.79E+00
1889,-33.3333,-150,0.00E+00,1.40E+00,1.06E-01,1.54E+00
1890,-40,-150,0.00E+00,1.18E+00,2.39E-01,1.29E+00
1891,-46.6667,-150,0.00E+00,9.72E-01,3.76E-01,1.07E+00
1892,-53.3333,-150,0.00E+00,7.75E-01,5.10E-01,8.55E-01
1893,-60,-150,0.00E+00,5.93E-01,6.39E-01,6.62E-01
1894,-66.6667,-150,0.00E+00,4.30E-01,7.61E-01,4.89E-01
1895,-73.3333,-150,0.00E+00,2.88E-01,8.75E-01,3.40E-01
1896,-80,-150,0.00E+00,1.75E-01,9.78E-01,2.22E-01
1897,-86.6667,-150,0.00E+00,1.04E-01,1.07E+00,1.44E-01
1898,-93.3333,-150,0.00E+00,8.88E-02,1.15E+00,1.13E-01
1899,-100,-150,0.00E+00,1.05E-01,1.20E+00,1.16E-01
1900,-106.25,-150,0.00E+00,1.19E-01,1.24E+00,1.24E-01
1901,-112.5,-150,0.00E+00,1.21E-01,1.26E+00,1.22E-01
1902,-118.75,-150,0.00E+00,1.14E-01,1.26E+00,1.12E-01
1903,-125,-150,0.00E+00,1.04E-01,1.23E+00,9.85E-02
1904,-125,-143.75,-1.03E-04,1.01E-01,1.21E+00,9.20E-02
1905,-125,-137.5,-3.21E-04,9.60E-02,1.15E+00,8.99E-02
1906,-125,-131.25,-5.17E-04,8.73E-02,1.07E+00,9.71E-02
1907,-8.54E-06,-143.751,4.24E-03,2.24E+00,5.92E-01,2.59E+00
1908,-4.40E-05,-137.501,1.64E-02,1.67E+00,5.66E-01,2.06E+00
1909,-0.000107681,-131.252,3.58E-02,1.15E+00,4.96E-01,1.58E+00
1910,66.6666,-143.751,5.13E-03,2.78E+00,8.31E-01,4.06E+00
1911,66.6666,-137.501,1.89E-02,2.30E+00,4.56E-01,3.66E+00
1912,66.6667,-131.252,3.94E-02,1.92E+00,1.61E-01,3.37E+00
1913,99.7936,-143.75,3.36E-03,1.69E+00,4.44E-01,3.38E+00
1914,99.7936,-137.501,1.22E-02,1.55E+00,1.68E-01,3.28E+00
1915,99.7937,-131.251,2.47E-02,1.46E+00,2.36E-01,3.23E+00
1916,106.165,-137.501,1.05E-02,1.36E+00,1.59E-01,3.12E+00
1917,112.5,-137.5,8.69E-03,1.18E+00,1.49E-01,2.93E+00
1918,118.75,-137.5,6.87E-03,9.95E-01,1.70E-01,2.71E+00
1919,112.5,-143.75,2.43E-03,1.16E+00,2.50E-01,2.90E+00
1920,106.179,-143.743,2.91E-03,1.43E+00,3.46E-01,3.16E+00
1921,118.75,-143.75,1.93E-03,8.88E-01,1.89E-01,2.62E+00
1922,112.5,-131.251,1.74E-02,1.23E+00,3.47E-01,2.97E+00
1923,106.179,-131.258,2.11E-02,1.35E+00,2.98E-01,3.11E+00
1924,118.75,-131.25,1.37E-02,1.11E+00,3.76E-01,2.81E+00
1925,86.6666,-143.751,4.18E-03,2.19E+00,6.25E-01,3.76E+00
1926,86.6667,-137.501,1.53E-02,1.90E+00,2.32E-01,3.53E+00
1927,86.6667,-131.251,3.14E-02,1.69E+00,1.49E-01,3.38E+00
1928,93.2483,-137.501,1.38E-02,1.73E+00,1.81E-01,3.42E+00
1929,93.2624,-143.758,3.78E-03,1.95E+00,5.38E-01,3.58E+00
1930,93.2625,-131.244,2.82E-02,1.58E+00,1.75E-01,3.32E+00
1931,73.3333,-137.501,1.79E-02,2.19E+00,3.87E-01,3.66E+00
1932,80,-137.501,1.67E-02,2.06E+00,3.12E-01,3.61E+00
1933,73.3333,-143.751,4.86E-03,2.61E+00,7.73E-01,4.00E+00
1934,80,-143.751,4.54E-03,2.42E+00,7.04E-01,3.90E+00
1935,73.3334,-131.252,3.71E-02,1.87E+00,1.57E-01,3.41E+00
1936,80,-131.251,3.44E-02,1.79E+00,1.54E-01,3.41E+00
1937,33.3333,-143.751,5.49E-03,2.96E+00,9.23E-01,3.72E+00
1938,33.3333,-137.501,2.06E-02,2.31E+00,6.86E-01,3.14E+00
1939,33.3333,-131.252,4.38E-02,1.76E+00,4.42E-01,2.66E+00
1940,53.3333,-143.751,5.48E-03,2.98E+00,9.11E-01,4.05E+00
1941,53.3333,-137.501,2.04E-02,2.41E+00,5.74E-01,3.56E+00
1942,53.3333,-131.252,4.27E-02,1.95E+00,2.64E-01,3.18E+00
1943,60,-137.501,1.98E-02,2.37E+00,5.18E-01,3.63E+00
1944,60,-143.751,5.33E-03,2.90E+00,8.78E-01,4.08E+00
1945,60,-131.252,4.13E-02,1.95E+00,1.98E-01,3.29E+00
1946,40,-137.501,2.08E-02,2.37E+00,6.60E-01,3.31E+00
1947,46.6666,-137.501,2.07E-02,2.41E+00,6.22E-01,3.45E+00
1948,40,-143.751,5.56E-03,3.01E+00,9.35E-01,3.87E+00
1949,46.6666,-143.751,5.56E-03,3.02E+00,9.31E-01,3.98E+00
1950,39.9999,-131.252,4.40E-02,1.85E+00,3.89E-01,2.86E+00
1951,46.6666,-131.252,4.36E-02,1.91E+00,3.28E-01,3.04E+00
1952,20,-143.751,5.14E-03,2.75E+00,8.43E-01,3.32E+00
1953,19.9999,-137.501,1.95E-02,2.10E+00,6.93E-01,2.73E+00
1954,19.9999,-131.252,4.19E-02,1.53E+00,5.16E-01,2.23E+00
1955,26.6666,-137.501,2.02E-02,2.21E+00,6.98E-01,2.94E+00
1956,26.6666,-143.751,5.35E-03,2.87E+00,8.92E-01,3.54E+00
1957,26.6666,-131.252,4.31E-02,1.65E+00,4.86E-01,2.45E+00
1958,6.66662,-137.501,1.76E-02,1.82E+00,6.27E-01,2.28E+00
1959,13.3333,-137.501,1.86E-02,1.96E+00,6.70E-01,2.51E+00
1960,6.66665,-143.751,4.58E-03,2.43E+00,6.91E-01,2.85E+00
1961,13.3333,-143.751,4.88E-03,2.60E+00,7.75E-01,3.09E+00
1962,6.66656,-131.252,3.81E-02,1.28E+00,5.23E-01,1.79E+00
1963,13.3332,-131.252,4.02E-02,1.41E+00,5.29E-01,2.01E+00
1964,-59.9999,-143.75,1.12E-03,5.20E-01,5.72E-01,5.91E-01
1965,-59.9999,-137.5,4.76E-03,3.55E-01,4.51E-01,4.45E-01
1966,-59.9999,-131.25,1.13E-02,1.80E-01,3.59E-01,3.29E-01
1967,-26.6667,-143.75,2.78E-03,1.43E+00,1.15E-01,1.60E+00
1968,-26.6667,-137.501,1.10E-02,1.04E+00,1.74E-01,1.23E+00
1969,-26.6667,-131.251,2.47E-02,6.58E-01,2.09E-01,8.70E-01
1970,-13.3333,-143.75,3.52E-03,1.84E+00,3.59E-01,2.09E+00
1971,-13.3333,-137.501,1.38E-02,1.36E+00,3.93E-01,1.63E+00
1972,-13.3334,-131.251,3.04E-02,8.96E-01,3.84E-01,1.20E+00
1973,-6.66667,-137.501,1.51E-02,1.51E+00,4.87E-01,1.84E+00
1974,-6.66665,-143.751,3.89E-03,2.04E+00,4.80E-01,2.34E+00
1975,-6.66675,-131.252,3.32E-02,1.02E+00,4.49E-01,1.39E+00
1976,-20,-137.501,1.24E-02,1.20E+00,2.88E-01,1.42E+00
1977,-20,-143.75,3.15E-03,1.63E+00,2.31E-01,1.84E+00
1978,-20.0001,-131.251,2.76E-02,7.75E-01,3.03E-01,1.03E+00
1979,-40,-143.75,2.07E-03,1.04E+00,1.79E-01,1.15E+00
1980,-40,-137.501,8.37E-03,7.42E-01,9.05E-02,8.68E-01
1981,-40,-131.251,1.91E-02,4.40E-01,6.05E-02,5.98E-01
1982,-33.3334,-137.501,9.69E-03,8.89E-01,7.93E-02,1.04E+00
1983,-33.3334,-143.75,2.42E-03,1.23E+00,8.71E-02,1.37E+00
1984,-33.3334,-131.251,2.19E-02,5.46E-01,1.06E-01,7.26E-01
1985,-53.3333,-137.5,5.90E-03,4.73E-01,3.27E-01,5.68E-01
1986,-46.6665,-137.5,7.11E-03,6.02E-01,2.01E-01,7.09E-01
1987,-53.3333,-143.75,1.42E-03,6.80E-01,4.44E-01,7.61E-01
1988,-46.6667,-143.75,1.74E-03,8.53E-01,3.12E-01,9.49E-01
1989,-53.3332,-131.251,1.38E-02,2.54E-01,2.42E-01,3.97E-01
1990,-46.6667,-131.251,1.64E-02,3.41E-01,1.26E-01,4.87E-01
1991,-93.2533,-143.758,5.12E-05,7.89E-02,1.09E+00,1.29E-01
1992,-93.2329,-137.5,5.83E-04,5.27E-02,9.82E-01,1.58E-01
1993,-93.2532,-131.242,2.05E-03,5.33E-02,8.77E-01,1.94E-01
1994,-73.3332,-143.75,5.98E-04,2.55E-01,8.09E-01,3.16E-01
1995,-73.3332,-137.5,2.75E-03,1.66E-01,6.88E-01,2.67E-01
1996,-73.3332,-131.25,6.92E-03,8.96E-02,5.86E-01,2.50E-01
1997,-66.6665,-137.5,3.71E-03,2.52E-01,5.72E-01,3.45E-01
1998,-66.6665,-143.75,8.47E-04,3.78E-01,6.94E-01,4.42E-01
1999,-66.6665,-131.25,9.02E-03,1.25E-01,4.75E-01,2.81E-01
2000,-86.6363,-137.5,1.17E-03,6.16E-02,8.95E-01,1.79E-01
2001,-79.9999,-137.5,1.90E-03,1.00E-01,7.96E-01,2.13E-01
2002,-86.6465,-143.753,1.96E-04,9.68E-02,1.01E+00,1.57E-01
2003,-79.9999,-143.75,3.80E-04,1.58E-01,9.15E-01,2.20E-01
2004,-86.6464,-131.247,3.41E-03,5.59E-02,7.90E-01,2.12E-01
2005,-79.9998,-131.25,5.04E-03,6.73E-02,6.92E-01,2.29E-01
2006,-106.17,-143.741,-1.16E-04,1.00E-01,1.20E+00,1.22E-01
2007,-106.15,-137.5,-1.60E-04,7.23E-02,1.11E+00,1.28E-01
2008,-106.17,-131.259,2.27E-04,5.51E-02,1.01E+00,1.48E-01
2009,-99.7288,-137.5,1.40E-04,6.08E-02,1.06E+00,1.42E-01
2010,-99.7524,-143.75,-5.25E-05,8.87E-02,1.16E+00,1.23E-01
2011,-99.7523,-131.25,9.93E-04,5.32E-02,9.51E-01,1.72E-01
2012,-118.75,-137.5,-3.69E-04,9.21E-02,1.16E+00,1.00E-01
2013,-112.47,-137.5,-3.24E-04,8.32E-02,1.15E+00,1.13E-01
2014,-118.75,-143.75,-1.34E-04,1.05E-01,1.23E+00,1.04E-01
2015,-112.48,-143.747,-1.41E-04,1.05E-01,1.23E+00,1.15E-01
2016,-118.75,-131.25,-4.90E-04,7.70E-02,1.07E+00,1.08E-01
2017,-112.48,-131.253,-2.56E-04,6.38E-02,1.05E+00,1.26E-01
2018,125,131.25,-5.14E-04,8.71E-02,1.07E+00,9.70E-02
2019,125,137.5,-3.17E-04,9.57E-02,1.15E+00,8.97E-02
2020,125,143.75,-9.99E-05,1.01E-01,1.21E+00,9.24E-02
2021,125,150,0.00E+00,1.05E-01,1.23E+00,9.95E-02
2022,118.75,150,0.00E+00,1.15E-01,1.26E+00,1.13E-01
2023,112.5,150,0.00E+00,1.22E-01,1.26E+00,1.24E-01
2024,106.25,150,0.00E+00,1.20E-01,1.24E+00,1.26E-01
2025,100,150,0.00E+00,1.06E-01,1.20E+00,1.17E-01
2026,93.3333,150,0.00E+00,8.91E-02,1.15E+00,1.13E-01
2027,86.6667,150,0.00E+00,1.04E-01,1.07E+00,1.43E-01
2028,80,150,0.00E+00,1.74E-01,9.78E-01,2.22E-01
2029,73.3333,150,0.00E+00,2.88E-01,8.75E-01,3.41E-01
2030,66.6667,150,0.00E+00,4.30E-01,7.61E-01,4.90E-01
2031,60,150,0.00E+00,5.95E-01,6.39E-01,6.63E-01
2032,53.3333,150,0.00E+00,7.77E-01,5.09E-01,8.57E-01
2033,46.6667,150,0.00E+00,9.74E-01,3.75E-01,1.07E+00
2034,40,150,0.00E+00,1.18E+00,2.37E-01,1.30E+00
2035,33.3333,150,0.00E+00,1.40E+00,1.05E-01,1.54E+00
2036,26.6667,150,0.00E+00,1.63E+00,8.38E-02,1.79E+00
2037,20,150,0.00E+00,1.86E+00,1.95E-01,2.06E+00
2038,13.3333,150,0.00E+00,2.09E+00,3.34E-01,2.33E+00
2039,6.66667,150,0.00E+00,2.32E+00,4.69E-01,2.60E+00
2040,0,150,0.00E+00,2.54E+00,5.98E-01,2.88E+00
2041,-6.66667,150,0.00E+00,2.75E+00,7.17E-01,3.15E+00
2042,-13.3333,150,0.00E+00,2.94E+00,8.24E-01,3.41E+00
2043,-20,150,0.00E+00,3.10E+00,9.16E-01,3.65E+00
2044,-26.6667,150,0.00E+00,3.23E+00,9.91E-01,3.86E+00
2045,-33.3333,150,0.00E+00,3.32E+00,1.05E+00,4.05E+00
2046,-40,150,0.00E+00,3.37E+00,1.08E+00,4.19E+00
2047,-46.6667,150,0.00E+00,3.36E+00,1.10E+00,4.28E+00
2048,-53.3333,150,0.00E+00,3.31E+00,1.10E+00,4.33E+00
2049,-60,150,0.00E+00,3.20E+00,1.08E+00,4.33E+00
2050,-66.6667,150,0.00E+00,3.05E+00,1.04E+00,4.29E+00
2051,-73.3333,150,0.00E+00,2.85E+00,9.86E-01,4.20E+00
2052,-80,150,0.00E+00,2.62E+00,9.21E-01,4.06E+00
2053,-86.6667,150,0.00E+00,2.36E+00,8.44E-01,3.89E+00
2054,-93.3333,150,0.00E+00,2.08E+00,7.56E-01,3.68E+00
2055,-100,150,0.00E+00,1.78E+00,6.59E-01,3.45E+00
2056,-106.25,150,0.00E+00,1.47E+00,5.55E-01,3.19E+00
2057,-112.5,150,0.00E+00,1.16E+00,4.46E-01,2.89E+00
2058,-118.75,150,0.00E+00,8.38E-01,3.32E-01,2.57E+00
2059,-125,150,0.00E+00,5.19E-01,2.18E-01,2.23E+00
2060,-125,143.75,1.40E-03,6.19E-01,1.63E-01,2.31E+00
2061,-125,137.5,5.01E-03,8.14E-01,2.10E-01,2.47E+00
2062,-125,131.25,9.92E-03,9.87E-01,3.75E-01,2.61E+00
2063,8.61E-06,143.751,4.21E-03,2.24E+00,5.95E-01,2.60E+00
2064,4.47E-05,137.501,1.63E-02,1.67E+00,5.69E-01,2.06E+00
2065,0.000107772,131.252,3.57E-02,1.15E+00,4.98E-01,1.58E+00
2066,66.6666,143.75,8.54E-04,3.78E-01,6.94E-01,4.42E-01
2067,66.6666,137.5,3.72E-03,2.53E-01,5.72E-01,3.45E-01
2068,66.6666,131.25,9.03E-03,1.25E-01,4.75E-01,2.81E-01
2069,99.7935,143.75,-4.11E-05,8.92E-02,1.16E+00,1.24E-01
2070,99.7934,137.5,1.52E-04,6.07E-02,1.06E+00,1.42E-01
2071,99.7934,131.25,1.00E-03,5.30E-02,9.51E-01,1.72E-01
2072,106.165,137.5,-1.47E-04,7.22E-02,1.11E+00,1.28E-01
2073,112.5,137.5,-3.13E-04,8.30E-02,1.15E+00,1.13E-01
2074,118.75,137.5,-3.62E-04,9.18E-02,1.16E+00,1.00E-01
2075,112.5,143.75,-1.33E-04,1.06E-01,1.23E+00,1.16E-01
2076,106.179,143.743,-1.05E-04,1.01E-01,1.20E+00,1.22E-01
2077,118.75,143.75,-1.28E-04,1.05E-01,1.23E+00,1.04E-01
2078,112.5,131.25,-2.47E-04,6.36E-02,1.05E+00,1.26E-01
2079,106.179,131.257,2.39E-04,5.50E-02,1.01E+00,1.48E-01
2080,118.75,131.25,-4.84E-04,7.67E-02,1.07E+00,1.08E-01
2081,86.6666,143.75,2.08E-04,9.66E-02,1.01E+00,1.56E-01
2082,86.6665,137.5,1.18E-03,6.16E-02,8.95E-01,1.79E-01
2083,86.6665,131.25,3.42E-03,5.56E-02,7.90E-01,2.12E-01
2084,93.2482,137.5,5.98E-04,5.26E-02,9.82E-01,1.58E-01
2085,93.2624,143.757,6.31E-05,7.91E-02,1.09E+00,1.29E-01
2086,93.2622,131.243,2.07E-03,5.31E-02,8.77E-01,1.94E-01
2087,73.3332,137.5,2.76E-03,1.66E-01,6.87E-01,2.67E-01
2088,79.9999,137.5,1.91E-03,1.00E-01,7.96E-01,2.13E-01
2089,73.3333,143.75,6.07E-04,2.56E-01,8.09E-01,3.17E-01
2090,79.9999,143.75,3.91E-04,1.58E-01,9.15E-01,2.20E-01
2091,73.3332,131.25,6.93E-03,8.95E-02,5.86E-01,2.50E-01
2092,79.9998,131.25,5.05E-03,6.71E-02,6.92E-01,2.29E-01
2093,33.3333,143.75,2.41E-03,1.23E+00,8.67E-02,1.37E+00
2094,33.3333,137.501,9.67E-03,8.89E-01,7.99E-02,1.04E+00
2095,33.3334,131.251,2.18E-02,5.47E-01,1.06E-01,7.27E-01
2096,53.3333,143.75,1.42E-03,6.81E-01,4.43E-01,7.62E-01
2097,53.3333,137.5,5.90E-03,4.73E-01,3.26E-01,5.69E-01
2098,53.3333,131.251,1.38E-02,2.54E-01,2.42E-01,3.98E-01
2099,59.9999,137.5,4.77E-03,3.56E-01,4.51E-01,4.46E-01
2100,59.9999,143.75,1.13E-03,5.21E-01,5.71E-01,5.92E-01
2101,59.9999,131.25,1.13E-02,1.80E-01,3.60E-01,3.29E-01
2102,40,137.501,8.36E-03,7.42E-01,9.00E-02,8.69E-01
2103,46.6666,137.5,7.10E-03,6.03E-01,2.00E-01,7.10E-01
2104,40,143.75,2.07E-03,1.04E+00,1.77E-01,1.15E+00
2105,46.6666,143.75,1.74E-03,8.54E-01,3.11E-01,9.50E-01
2106,40,131.251,1.91E-02,4.41E-01,6.06E-02,5.99E-01
2107,46.6666,131.251,1.64E-02,3.42E-01,1.26E-01,4.88E-01
2108,20,143.75,3.13E-03,1.64E+00,2.33E-01,1.84E+00
2109,20,137.501,1.24E-02,1.20E+00,2.90E-01,1.42E+00
2110,20.0001,131.251,2.75E-02,7.77E-01,3.03E-01,1.03E+00
2111,26.6667,137.501,1.10E-02,1.04E+00,1.75E-01,1.23E+00
2112,26.6666,143.75,2.77E-03,1.43E+00,1.16E-01,1.60E+00
2113,26.6667,131.251,2.47E-02,6.59E-01,2.09E-01,8.72E-01
2114,6.6667,137.501,1.51E-02,1.51E+00,4.90E-01,1.84E+00
2115,13.3334,137.501,1.37E-02,1.36E+00,3.96E-01,1.63E+00
2116,6.66667,143.751,3.86E-03,2.04E+00,4.83E-01,2.34E+00
2117,13.3333,143.75,3.50E-03,1.84E+00,3.61E-01,2.09E+00
2118,6.66677,131.252,3.31E-02,1.02E+00,4.51E-01,1.39E+00
2119,13.3334,131.251,3.04E-02,8.98E-01,3.85E-01,1.20E+00
2120,-60,143.751,5.27E-03,2.90E+00,8.82E-01,4.08E+00
2121,-60,137.501,1.97E-02,2.37E+00,5.21E-01,3.63E+00
2122,-60,131.252,4.12E-02,1.95E+00,1.99E-01,3.29E+00
2123,-26.6667,143.751,5.30E-03,2.88E+00,8.97E-01,3.54E+00
2124,-26.6666,137.501,2.01E-02,2.21E+00,7.02E-01,2.94E+00
2125,-26.6666,131.252,4.30E-02,1.65E+00,4.89E-01,2.45E+00
2126,-13.3333,143.751,4.84E-03,2.60E+00,7.79E-01,3.09E+00
2127,-13.3332,137.501,1.86E-02,1.96E+00,6.73E-01,2.51E+00
2128,-13.3332,131.252,4.01E-02,1.41E+00,5.32E-01,2.01E+00
2129,-6.66659,137.501,1.75E-02,1.82E+00,6.30E-01,2.28E+00
2130,-6.66663,143.751,4.54E-03,2.43E+00,6.95E-01,2.85E+00
2131,-6.66654,131.252,3.81E-02,1.28E+00,5.25E-01,1.79E+00
2132,-19.9999,137.501,1.94E-02,2.10E+00,6.97E-01,2.73E+00
2133,-20,143.751,5.10E-03,2.75E+00,8.47E-01,3.33E+00
2134,-19.9999,131.252,4.18E-02,1.53E+00,5.19E-01,2.23E+00
2135,-40,143.751,5.50E-03,3.02E+00,9.41E-01,3.87E+00
2136,-40,137.501,2.07E-02,2.38E+00,6.64E-01,3.31E+00
2137,-39.9999,131.252,4.39E-02,1.85E+00,3.91E-01,2.86E+00
2138,-33.3333,137.501,2.05E-02,2.31E+00,6.90E-01,3.13E+00
2139,-33.3334,143.751,5.43E-03,2.97E+00,9.28E-01,3.72E+00
2140,-33.3333,131.252,4.37E-02,1.76E+00,4.45E-01,2.66E+00
2141,-53.3334,137.501,2.03E-02,2.41E+00,5.77E-01,3.56E+00
2142,-46.6666,137.501,2.06E-02,2.41E+00,6.26E-01,3.45E+00
2143,-53.3333,143.751,5.42E-03,2.99E+00,9.16E-01,4.05E+00
2144,-46.6667,143.751,5.50E-03,3.02E+00,9.36E-01,3.98E+00
2145,-53.3333,131.252,4.26E-02,1.95E+00,2.65E-01,3.18E+00
2146,-46.6667,131.252,4.35E-02,1.91E+00,3.30E-01,3.03E+00
2147,-93.2534,143.759,3.73E-03,1.95E+00,5.40E-01,3.58E+00
2148,-93.2331,137.501,1.37E-02,1.73E+00,1.83E-01,3.42E+00
2149,-93.2535,131.243,2.81E-02,1.58E+00,1.75E-01,3.32E+00
2150,-73.3333,143.751,4.80E-03,2.61E+00,7.76E-01,4.00E+00
2151,-73.3333,137.501,1.78E-02,2.19E+00,3.89E-01,3.66E+00
2152,-73.3333,131.252,3.70E-02,1.87E+00,1.57E-01,3.41E+00
2153,-66.6666,137.501,1.88E-02,2.30E+00,4.58E-01,3.66E+00
2154,-66.6666,143.751,5.07E-03,2.78E+00,8.35E-01,4.06E+00
2155,-66.6666,131.252,3.93E-02,1.92E+00,1.62E-01,3.37E+00
2156,-86.6365,137.501,1.52E-02,1.90E+00,2.34E-01,3.53E+00
2157,-80,137.501,1.66E-02,2.06E+00,3.14E-01,3.61E+00
2158,-86.6466,143.753,4.13E-03,2.19E+00,6.28E-01,3.76E+00
2159,-80,143.751,4.49E-03,2.42E+00,7.07E-01,3.90E+00
2160,-86.6466,131.248,3.14E-02,1.69E+00,1.49E-01,3.38E+00
2161,-80,131.251,3.43E-02,1.79E+00,1.54E-01,3.41E+00
2162,-106.17,143.742,2.88E-03,1.42E+00,3.48E-01,3.15E+00
2163,-106.15,137.501,1.04E-02,1.36E+00,1.60E-01,3.12E+00
2164,-106.17,131.259,2.11E-02,1.34E+00,2.98E-01,3.11E+00
2165,-99.729,137.501,1.21E-02,1.55E+00,1.69E-01,3.28E+00
2166,-99.7525,143.751,3.32E-03,1.69E+00,4.46E-01,3.38E+00
2167,-99.7526,131.251,2.47E-02,1.46E+00,2.37E-01,3.23E+00
2168,-118.75,137.5,6.84E-03,9.93E-01,1.70E-01,2.71E+00
2169,-112.47,137.5,8.66E-03,1.18E+00,1.50E-01,2.93E+00
2170,-118.75,143.75,1.91E-03,8.85E-01,1.90E-01,2.62E+00
2171,-112.48,143.747,2.40E-03,1.16E+00,2.51E-01,2.90E+00
2172,-118.75,131.25,1.37E-02,1.11E+00,3.76E-01,2.81E+00
2173,-112.48,131.254,1.74E-02,1.23E+00,3.47E-01,2.97E+00
2174,-131.25,150,0.00E+00,2.11E-01,1.16E-01,1.85E+00
2175,-137.5,150,0.00E+00,1.34E-01,5.69E-02,1.46E+00
2176,-143.75,150,0.00E+00,2.86E-01,3.84E-02,1.02E+00
2177,-150,150,0.00E+00,3.64E-01,3.40E-02,7.76E-01
2178,-150,143.75,0.00E+00,2.89E-01,3.81E-02,1.01E+00
2179,-150,137.5,0.00E+00,1.35E-01,5.59E-02,1.45E+00
2180,-150,131.25,0.00E+00,2.07E-01,1.16E-01,1.85E+00
2181,-150,125,0.00E+00,5.17E-01,2.18E-01,2.23E+00
2182,-150,118.75,0.00E+00,8.38E-01,3.32E-01,2.57E+00
2183,-150,112.5,0.00E+00,1.16E+00,4.46E-01,2.89E+00
2184,-150,106.25,0.00E+00,1.47E+00,5.55E-01,3.19E+00
2185,-150,100,0.00E+00,1.78E+00,6.59E-01,3.45E+00
2186,-150,93.3333,0.00E+00,2.08E+00,7.56E-01,3.68E+00
2187,-150,86.6667,0.00E+00,2.36E+00,8.44E-01,3.89E+00
2188,-150,80,0.00E+00,2.62E+00,9.21E-01,4.06E+00
2189,-150,73.3333,0.00E+00,2.85E+00,9.86E-01,4.20E+00
2190,-150,66.6667,0.00E+00,3.05E+00,1.04E+00,4.29E+00
2191,-150,60,0.00E+00,3.20E+00,1.08E+00,4.33E+00
2192,-150,53.3333,0.00E+00,3.31E+00,1.10E+00,4.33E+00
2193,-150,46.6667,0.00E+00,3.37E+00,1.10E+00,4.29E+00
2194,-150,40,0.00E+00,3.37E+00,1.08E+00,4.19E+00
2195,-150,33.3333,0.00E+00,3.33E+00,1.05E+00,4.05E+00
2196,-150,26.6667,0.00E+00,3.23E+00,9.92E-01,3.87E+00
2197,-150,20,0.00E+00,3.10E+00,9.17E-01,3.65E+00
2198,-150,13.3333,0.00E+00,2.94E+00,8.25E-01,3.41E+00
2199,-150,6.66667,0.00E+00,2.75E+00,7.18E-01,3.15E+00
2200,-150,-5.33E-14,0.00E+00,2.54E+00,5.98E-01,2.88E+00
2201,-150,-6.66667,0.00E+00,2.32E+00,4.69E-01,2.60E+00
2202,-150,-13.3333,0.00E+00,2.09E+00,3.34E-01,2.33E+00
2203,-150,-20,0.00E+00,1.86E+00,1.96E-01,2.06E+00
2204,-150,-26.6667,0.00E+00,1.63E+00,8.38E-02,1.79E+00
2205,-150,-33.3333,0.00E+00,1.40E+00,1.05E-01,1.54E+00
2206,-150,-40,0.00E+00,1.18E+00,2.37E-01,1.30E+00
2207,-150,-46.6667,0.00E+00,9.74E-01,3.75E-01,1.07E+00
2208,-150,-53.3333,0.00E+00,7.77E-01,5.09E-01,8.57E-01
2209,-150,-60,0.00E+00,5.95E-01,6.39E-01,6.63E-01
2210,-150,-66.6667,0.00E+00,4.30E-01,7.61E-01,4.90E-01
2211,-150,-73.3333,0.00E+00,2.88E-01,8.75E-01,3.41E-01
2212,-150,-80,0.00E+00,1.74E-01,9.79E-01,2.22E-01
2213,-150,-86.6667,0.00E+00,1.04E-01,1.07E+00,1.43E-01
2214,-150,-93.3333,0.00E+00,8.91E-02,1.15E+00,1.13E-01
2215,-150,-100,0.00E+00,1.06E-01,1.20E+00,1.17E-01
2216,-150,-106.25,0.00E+00,1.20E-01,1.24E+00,1.26E-01
2217,-150,-112.5,0.00E+00,1.22E-01,1.26E+00,1.24E-01
2218,-150,-118.75,0.00E+00,1.15E-01,1.26E+00,1.13E-01
2219,-150,-125,0.00E+00,1.05E-01,1.23E+00,9.95E-02
2220,-150,-131.25,0.00E+00,9.54E-02,1.17E+00,8.84E-02
2221,-150,-137.5,0.00E+00,8.48E-02,1.08E+00,7.93E-02
2222,-150,-143.75,0.00E+00,6.50E-02,9.12E-01,6.29E-02
2223,-150,-150,0.00E+00,5.16E-02,7.94E-01,5.12E-02
2224,-143.75,-150,0.00E+00,6.50E-02,9.12E-01,6.30E-02
2225,-137.5,-150,0.00E+00,8.48E-02,1.08E+00,7.93E-02
2226,-131.25,-150,0.00E+00,9.54E-02,1.17E+00,8.80E-02
2227,-143.751,-1.06E-05,4.21E-03,2.24E+00,5.95E-01,2.60E+00
2228,-137.501,-4.68E-05,1.63E-02,1.67E+00,5.69E-01,2.06E+00
2229,-131.252,-0.000109912,3.57E-02,1.15E+00,4.99E-01,1.58E+00
2230,-143.751,80,4.49E-03,2.42E+00,7.07E-01,3.90E+00
2231,-137.501,80,1.66E-02,2.06E+00,3.14E-01,3.61E+00
2232,-131.251,80,3.43E-02,1.79E+00,1.54E-01,3.41E+00
2233,-143.75,118.75,1.91E-03,8.85E-01,1.90E-01,2.62E+00
2234,-137.5,118.75,6.84E-03,9.93E-01,1.70E-01,2.71E+00
2235,-131.25,118.75,1.37E-02,1.11E+00,3.77E-01,2.81E+00
2236,-143.75,137.5,4.12E-04,2.19E-01,9.38E-02,1.60E+00
2237,-137.5,137.5,1.60E-03,4.22E-01,1.71E-01,1.90E+00
2238,-131.25,137.5,3.21E-03,6.33E-01,2.18E-01,2.20E+00
2239,-137.5,143.75,4.06E-04,2.18E-01,9.33E-02,1.61E+00
2240,-143.75,143.75,6.20E-05,2.45E-01,5.65E-02,1.21E+00
2241,-131.25,143.75,8.86E-04,3.61E-01,1.30E-01,1.98E+00
2242,-137.5,125,5.00E-03,8.14E-01,2.11E-01,2.47E+00
2243,-137.5,131.25,3.21E-03,6.34E-01,2.19E-01,2.20E+00
2244,-143.75,125,1.40E-03,6.18E-01,1.63E-01,2.31E+00
2245,-143.75,131.25,8.88E-04,3.59E-01,1.31E-01,1.97E+00
2246,-131.25,125,9.92E-03,9.87E-01,3.75E-01,2.61E+00
2247,-131.25,131.25,6.35E-03,8.39E-01,3.28E-01,2.40E+00
2248,-143.75,99.7936,3.32E-03,1.69E+00,4.46E-01,3.38E+00
2249,-137.501,99.7936,1.21E-02,1.54E+00,1.69E-01,3.28E+00
2250,-131.251,99.7937,2.47E-02,1.46E+00,2.36E-01,3.23E+00
2251,-137.501,106.165,1.04E-02,1.36E+00,1.60E-01,3.12E+00
2252,-137.5,112.5,8.65E-03,1.18E+00,1.50E-01,2.93E+00
2253,-143.743,106.179,2.88E-03,1.42E+00,3.48E-01,3.15E+00
2254,-143.75,112.5,2.40E-03,1.16E+00,2.51E-01,2.90E+00
2255,-131.258,106.179,2.11E-02,1.34E+00,2.98E-01,3.11E+00
2256,-131.251,112.5,1.74E-02,1.23E+00,3.47E-01,2.97E+00
2257,-137.501,86.6666,1.52E-02,1.90E+00,2.34E-01,3.53E+00
2258,-137.501,93.2483,1.37E-02,1.73E+00,1.82E-01,3.42E+00
2259,-143.751,86.6666,4.14E-03,2.19E+00,6.28E-01,3.76E+00
2260,-143.758,93.2624,3.73E-03,1.95E+00,5.40E-01,3.58E+00
2261,-131.251,86.6667,3.13E-02,1.69E+00,1.49E-01,3.38E+00
2262,-131.244,93.2625,2.81E-02,1.58E+00,1.75E-01,3.32E+00
2263,-143.751,40,5.50E-03,3.02E+00,9.41E-01,3.87E+00
2264,-137.501,40,2.07E-02,2.38E+00,6.64E-01,3.31E+00
2265,-131.252,39.9999,4.39E-02,1.85E+00,3.91E-01,2.86E+00
2266,-143.751,60,5.28E-03,2.90E+00,8.82E-01,4.08E+00
2267,-137.501,60,1.97E-02,2.37E+00,5.21E-01,3.63E+00
2268,-131.252,60,4.12E-02,1.95E+00,1.99E-01,3.29E+00
2269,-137.501,66.6666,1.88E-02,2.30E+00,4.58E-01,3.66E+00
2270,-137.501,73.3333,1.78E-02,2.19E+00,3.89E-01,3.66E+00
2271,-143.751,66.6666,5.07E-03,2.78E+00,8.35E-01,4.06E+00
2272,-143.751,73.3333,4.80E-03,2.61E+00,7.76E-01,4.00E+00
2273,-131.252,66.6667,3.93E-02,1.93E+00,1.62E-01,3.37E+00
2274,-131.252,73.3334,3.70E-02,1.87E+00,1.57E-01,3.41E+00
2275,-137.501,46.6666,2.06E-02,2.41E+00,6.26E-01,3.45E+00
2276,-137.501,53.3333,2.03E-02,2.41E+00,5.78E-01,3.56E+00
2277,-143.751,46.6666,5.50E-03,3.03E+00,9.37E-01,3.99E+00
2278,-143.751,53.3333,5.42E-03,2.99E+00,9.16E-01,4.06E+00
2279,-131.252,46.6666,4.35E-02,1.92E+00,3.30E-01,3.04E+00
2280,-131.252,53.3333,4.26E-02,1.95E+00,2.65E-01,3.18E+00
2281,-143.751,20,5.10E-03,2.75E+00,8.48E-01,3.33E+00
2282,-137.501,19.9999,1.94E-02,2.10E+00,6.98E-01,2.73E+00
2283,-131.252,19.9999,4.18E-02,1.54E+00,5.19E-01,2.23E+00
2284,-137.501,26.6666,2.01E-02,2.21E+00,7.03E-01,2.94E+00
2285,-137.501,33.3333,2.05E-02,2.31E+00,6.91E-01,3.14E+00
2286,-143.751,26.6666,5.30E-03,2.88E+00,8.97E-01,3.54E+00
2287,-143.751,33.3333,5.44E-03,2.97E+00,9.28E-01,3.72E+00
2288,-131.252,26.6666,4.30E-02,1.66E+00,4.89E-01,2.45E+00
2289,-131.252,33.3333,4.37E-02,1.76E+00,4.45E-01,2.66E+00
2290,-137.501,6.66661,1.75E-02,1.82E+00,6.31E-01,2.29E+00
2291,-137.501,13.3333,1.86E-02,1.97E+00,6.74E-01,2.51E+00
2292,-143.751,6.66665,4.54E-03,2.43E+00,6.95E-01,2.85E+00
2293,-143.751,13.3333,4.84E-03,2.60E+00,7.80E-01,3.10E+00
2294,-131.252,6.66655,3.81E-02,1.28E+00,5.26E-01,1.79E+00
2295,-131.252,13.3332,4.01E-02,1.41E+00,5.32E-01,2.01E+00
2296,-143.75,-73.3332,6.07E-04,2.56E-01,8.09E-01,3.17E-01
2297,-137.5,-73.3332,2.76E-03,1.66E-01,6.87E-01,2.67E-01
2298,-131.25,-73.3332,6.93E-03,8.95E-02,5.87E-01,2.50E-01
2299,-143.75,-33.3333,2.41E-03,1.23E+00,8.67E-02,1.37E+00
2300,-137.501,-33.3333,9.67E-03,8.90E-01,8.00E-02,1.04E+00
2301,-131.251,-33.3333,2.18E-02,5.47E-01,1.06E-01,7.27E-01
2302,-143.75,-13.3333,3.50E-03,1.84E+00,3.62E-01,2.09E+00
2303,-137.501,-13.3333,1.37E-02,1.36E+00,3.96E-01,1.63E+00
2304,-131.251,-13.3334,3.04E-02,8.98E-01,3.86E-01,1.20E+00
2305,-137.501,-6.66668,1.51E-02,1.51E+00,4.90E-01,1.84E+00
2306,-143.751,-6.66665,3.86E-03,2.04E+00,4.83E-01,2.34E+00
2307,-131.252,-6.66675,3.31E-02,1.02E+00,4.51E-01,1.39E+00
2308,-137.501,-26.6666,1.10E-02,1.04E+00,1.76E-01,1.23E+00
2309,-137.501,-20,1.24E-02,1.20E+00,2.90E-01,1.42E+00
2310,-143.75,-26.6666,2.77E-03,1.43E+00,1.16E-01,1.60E+00
2311,-143.75,-20,3.13E-03,1.64E+00,2.34E-01,1.84E+00
2312,-131.251,-26.6666,2.47E-02,6.60E-01,2.09E-01,8.72E-01
2313,-131.251,-20.0001,2.75E-02,7.77E-01,3.04E-01,1.03E+00
2314,-143.75,-53.3333,1.42E-03,6.81E-01,4.43E-01,7.62E-01
2315,-137.5,-53.3332,5.90E-03,4.73E-01,3.26E-01,5.69E-01
2316,-131.251,-53.3332,1.38E-02,2.54E-01,2.42E-01,3.98E-01
2317,-137.5,-46.6665,7.10E-03,6.03E-01,2.00E-01,7.10E-01
2318,-137.501,-40,8.36E-03,7.43E-01,8.99E-02,8.69E-01
2319,-143.75,-46.6666,1.74E-03,8.55E-01,3.11E-01,9.50E-01
2320,-143.75,-40,2.07E-03,1.04E+00,1.77E-01,1.15E+00
2321,-131.251,-46.6666,1.64E-02,3.42E-01,1.26E-01,4.88E-01
2322,-131.251,-40,1.91E-02,4.41E-01,6.06E-02,5.99E-01
2323,-137.5,-66.6665,3.72E-03,2.53E-01,5.72E-01,3.45E-01
2324,-137.5,-59.9999,4.77E-03,3.56E-01,4.51E-01,4.46E-01
2325,-143.75,-66.6665,8.54E-04,3.79E-01,6.94E-01,4.42E-01
2326,-143.75,-59.9999,1.13E-03,5.21E-01,5.71E-01,5.92E-01
2327,-131.25,-66.6665,9.03E-03,1.25E-01,4.75E-01,2.81E-01
2328,-131.25,-59.9999,1.13E-02,1.81E-01,3.60E-01,3.29E-01
2329,-143.745,-112.469,-1.33E-04,1.06E-01,1.23E+00,1.16E-01
2330,-137.5,-112.448,-3.12E-04,8.29E-02,1.15E+00,1.13E-01
2331,-131.255,-112.469,-2.46E-04,6.36E-02,1.05E+00,1.26E-01
2332,-143.76,-93.2369,6.34E-05,7.91E-02,1.09E+00,1.29E-01
2333,-137.5,-93.2078,6.01E-04,5.26E-02,9.82E-01,1.58E-01
2334,-131.24,-93.2368,2.07E-03,5.31E-02,8.77E-01,1.94E-01
2335,-137.5,-86.6263,1.19E-03,6.17E-02,8.95E-01,1.79E-01
2336,-137.5,-79.9999,1.91E-03,1.00E-01,7.96E-01,2.13E-01
2337,-143.754,-86.6398,2.08E-04,9.67E-02,1.01E+00,1.57E-01
2338,-143.75,-79.9999,3.91E-04,1.58E-01,9.15E-01,2.20E-01
2339,-131.246,-86.6397,3.42E-03,5.56E-02,7.90E-01,2.12E-01
2340,-131.25,-79.9998,5.05E-03,6.71E-02,6.92E-01,2.29E-01
2341,-137.5,-106.102,-1.45E-04,7.21E-02,1.11E+00,1.28E-01
2342,-137.5,-99.6972,1.57E-04,6.07E-02,1.05E+00,1.43E-01
2343,-143.741,-106.14,-1.05E-04,1.01E-01,1.20E+00,1.22E-01
2344,-143.751,-99.7326,-4.04E-05,8.91E-02,1.16E+00,1.24E-01
2345,-131.259,-106.14,2.42E-04,5.50E-02,1.01E+00,1.48E-01
2346,-131.249,-99.7325,1.01E-03,5.30E-02,9.51E-01,1.72E-01
2347,-143.75,-131.25,-5.90E-05,9.35E-02,1.15E+00,8.21E-02
2348,-137.5,-131.25,-2.14E-04,9.13E-02,1.10E+00,7.90E-02
2349,-131.25,-131.25,-3.98E-04,9.09E-02,1.07E+00,8.73E-02
2350,-137.5,-125,-3.17E-04,9.57E-02,1.15E+00,8.97E-02
2351,-137.5,-118.73,-3.61E-04,9.18E-02,1.16E+00,1.00E-01
2352,-143.75,-125,-9.99E-05,1.01E-01,1.21E+00,9.25E-02
2353,-143.748,-118.737,-1.28E-04,1.05E-01,1.23E+00,1.04E-01
2354,-131.25,-125,-5.14E-04,8.71E-02,1.07E+00,9.70E-02
2355,-131.252,-118.737,-4.84E-04,7.68E-02,1.07E+00,1.08E-01
2356,-137.5,-143.75,-2.09E-05,8.08E-02,1.06E+00,7.16E-02
2357,-137.5,-137.5,-9.90E-05,8.19E-02,1.05E+00,6.85E-02
2358,-143.75,-143.75,-1.26E-06,6.89E-02,9.58E-01,6.44E-02
2359,-143.75,-137.5,-2.11E-05,8.08E-02,1.06E+00,7.16E-02
2360,-131.25,-143.75,-5.99E-05,9.36E-02,1.15E+00,8.20E-02
2361,-131.25,-137.5,-2.15E-04,9.15E-02,1.10E+00,7.92E-02
2362,131.25,150,0.00E+00,9.53E-02,1.17E+00,8.84E-02
2363,137.5,150,0.00E+00,8.47E-02,1.08E+00,7.93E-02
2364,143.75,150,0.00E+00,6.50E-02,9.12E-01,6.29E-02
2365,150,150,0.00E+00,5.16E-02,7.94E-01,5.12E-02
2366,150,143.75,0.00E+00,6.50E-02,9.12E-01,6.30E-02
2367,150,137.5,0.00E+00,8.48E-02,1.08E+00,7.92E-02
2368,150,131.25,0.00E+00,9.53E-02,1.17E+00,8.80E-02
2369,150,125,0.00E+00,1.04E-01,1.23E+00,9.85E-02
2370,150,118.75,0.00E+00,1.14E-01,1.26E+00,1.12E-01
2371,150,112.5,0.00E+00,1.21E-01,1.26E+00,1.22E-01
2372,150,106.25,0.00E+00,1.19E-01,1.24E+00,1.24E-01
2373,150,100,0.00E+00,1.05E-01,1.20E+00,1.16E-01
2374,150,93.3333,0.00E+00,8.89E-02,1.14E+00,1.13E-01
2375,150,86.6667,0.00E+00,1.04E-01,1.07E+00,1.43E-01
2376,150,80,0.00E+00,1.74E-01,9.78E-01,2.22E-01
2377,150,73.3333,0.00E+00,2.88E-01,8.75E-01,3.40E-01
2378,150,66.6667,0.00E+00,4.30E-01,7.61E-01,4.89E-01
2379,150,60,0.00E+00,5.93E-01,6.39E-01,6.62E-01
2380,150,53.3333,0.00E+00,7.75E-01,5.10E-01,8.55E-01
2381,150,46.6667,0.00E+00,9.72E-01,3.76E-01,1.07E+00
2382,150,40,0.00E+00,1.18E+00,2.39E-01,1.29E+00
2383,150,33.3333,0.00E+00,1.40E+00,1.06E-01,1.54E+00
2384,150,26.6667,0.00E+00,1.62E+00,8.33E-02,1.79E+00
2385,150,20,0.00E+00,1.85E+00,1.94E-01,2.05E+00
2386,150,13.3333,0.00E+00,2.08E+00,3.32E-01,2.32E+00
2387,150,6.66667,0.00E+00,2.31E+00,4.67E-01,2.60E+00
2388,150,5.33E-14,0.00E+00,2.53E+00,5.95E-01,2.87E+00
2389,150,-6.66667,0.00E+00,2.74E+00,7.14E-01,3.14E+00
2390,150,-13.3333,0.00E+00,2.93E+00,8.21E-01,3.40E+00
2391,150,-20,0.00E+00,3.10E+00,9.13E-01,3.64E+00
2392,150,-26.6667,0.00E+00,3.23E+00,9.87E-01,3.86E+00
2393,150,-33.3333,0.00E+00,3.32E+00,1.04E+00,4.04E+00
2394,150,-40,0.00E+00,3.36E+00,1.08E+00,4.18E+00
2395,150,-46.6667,0.00E+00,3.36E+00,1.09E+00,4.28E+00
2396,150,-53.3333,0.00E+00,3.30E+00,1.09E+00,4.33E+00
2397,150,-60,0.00E+00,3.20E+00,1.07E+00,4.33E+00
2398,150,-66.6667,0.00E+00,3.05E+00,1.03E+00,4.28E+00
2399,150,-73.3333,0.00E+00,2.85E+00,9.82E-01,4.19E+00
2400,150,-80,0.00E+00,2.62E+00,9.18E-01,4.06E+00
2401,150,-86.6667,0.00E+00,2.36E+00,8.41E-01,3.89E+00
2402,150,-93.3333,0.00E+00,2.08E+00,7.54E-01,3.68E+00
2403,150,-100,0.00E+00,1.78E+00,6.57E-01,3.45E+00
2404,150,-106.25,0.00E+00,1.47E+00,5.54E-01,3.19E+00
2405,150,-112.5,0.00E+00,1.16E+00,4.44E-01,2.89E+00
2406,150,-118.75,0.00E+00,8.41E-01,3.30E-01,2.58E+00
2407,150,-125,0.00E+00,5.23E-01,2.17E-01,2.23E+00
2408,150,-131.25,0.00E+00,2.14E-01,1.16E-01,1.86E+00
2409,150,-137.5,0.00E+00,1.34E-01,5.69E-02,1.46E+00
2410,150,-143.75,0.00E+00,2.83E-01,3.83E-02,1.02E+00
2411,150,-150,0.00E+00,3.62E-01,3.40E-02,7.77E-01
2412,143.75,-150,0.00E+00,2.87E-01,3.80E-02,1.02E+00
2413,137.5,-150,0.00E+00,1.35E-01,5.59E-02,1.46E+00
2414,131.25,-150,0.00E+00,2.10E-01,1.16E-01,1.85E+00
2415,143.751,6.57E-06,4.24E-03,2.24E+00,5.92E-01,2.59E+00
2416,137.501,4.20E-05,1.64E-02,1.67E+00,5.66E-01,2.06E+00
2417,131.252,0.00010604,3.58E-02,1.15E+00,4.96E-01,1.58E+00
2418,143.75,79.9999,3.80E-04,1.58E-01,9.15E-01,2.20E-01
2419,137.5,79.9999,1.90E-03,1.00E-01,7.96E-01,2.13E-01
2420,131.25,79.9998,5.04E-03,6.71E-02,6.92E-01,2.29E-01
2421,143.75,118.75,-1.34E-04,1.05E-01,1.23E+00,1.04E-01
2422,137.5,118.75,-3.69E-04,9.21E-02,1.16E+00,1.00E-01
2423,131.25,118.75,-4.91E-04,7.70E-02,1.07E+00,1.08E-01
2424,143.75,137.5,-2.09E-05,8.08E-02,1.06E+00,7.16E-02
2425,137.5,137.5,-9.90E-05,8.19E-02,1.05E+00,6.85E-02
2426,131.25,137.5,-2.14E-04,9.13E-02,1.10E+00,7.90E-02
2427,137.5,143.75,-2.11E-05,8.08E-02,1.06E+00,7.16E-02
2428,143.75,143.75,-1.26E-06,6.89E-02,9.58E-01,6.44E-02
2429,131.25,143.75,-5.90E-05,9.35E-02,1.15E+00,8.21E-02
2430,137.5,125,-3.21E-04,9.59E-02,1.15E+00,8.99E-02
2431,137.5,131.25,-2.15E-04,9.15E-02,1.10E+00,7.92E-02
2432,143.75,125,-1.03E-04,1.01E-01,1.21E+00,9.20E-02
2433,143.75,131.25,-5.99E-05,9.36E-02,1.15E+00,8.20E-02
2434,131.25,125,-5.17E-04,8.73E-02,1.07E+00,9.71E-02
2435,131.25,131.25,-3.98E-04,9.09E-02,1.07E+00,8.73E-02
2436,143.75,99.7935,-5.31E-05,8.87E-02,1.16E+00,1.23E-01
2437,137.5,99.7934,1.36E-04,6.08E-02,1.06E+00,1.42E-01
2438,131.25,99.7934,9.86E-04,5.30E-02,9.51E-01,1.72E-01
2439,137.5,106.165,-1.61E-04,7.23E-02,1.11E+00,1.28E-01
2440,137.5,112.5,-3.24E-04,8.32E-02,1.15E+00,1.13E-01
2441,143.743,106.179,-1.16E-04,1.00E-01,1.20E+00,1.22E-01
2442,143.75,112.5,-1.41E-04,1.05E-01,1.23E+00,1.15E-01
2443,131.257,106.179,2.25E-04,5.50E-02,1.01E+00,1.48E-01
2444,131.25,112.5,-2.58E-04,6.38E-02,1.05E+00,1.25E-01
2445,137.5,86.6665,1.17E-03,6.15E-02,8.95E-01,1.79E-01
2446,137.5,93.2482,5.81E-04,5.27E-02,9.82E-01,1.58E-01
2447,143.75,86.6666,1.96E-04,9.66E-02,1.01E+00,1.57E-01
2448,143.757,93.2624,5.09E-05,7.89E-02,1.09E+00,1.29E-01
2449,131.25,86.6665,3.40E-03,5.57E-02,7.90E-01,2.12E-01
2450,131.243,93.2622,2.05E-03,5.31E-02,8.77E-01,1.94E-01
2451,143.75,40,2.07E-03,1.04E+00,1.79E-01,1.15E+00
2452,137.501,40,8.37E-03,7.42E-01,9.06E-02,8.67E-01
2453,131.251,40,1.91E-02,4.40E-01,6.04E-02,5.97E-01
2454,143.75,59.9999,1.12E-03,5.20E-01,5.72E-01,5.91E-01
2455,137.5,59.9999,4.76E-03,3.55E-01,4.51E-01,4.45E-01
2456,131.25,59.9999,1.13E-02,1.80E-01,3.60E-01,3.29E-01
2457,137.5,66.6666,3.71E-03,2.52E-01,5.72E-01,3.45E-01
2458,137.5,73.3332,2.75E-03,1.66E-01,6.87E-01,2.67E-01
2459,143.75,66.6666,8.47E-04,3.78E-01,6.94E-01,4.41E-01
2460,143.75,73.3333,5.98E-04,2.55E-01,8.09E-01,3.16E-01
2461,131.25,66.6666,9.02E-03,1.25E-01,4.75E-01,2.81E-01
2462,131.25,73.3332,6.92E-03,8.94E-02,5.87E-01,2.50E-01
2463,137.5,46.6666,7.10E-03,6.02E-01,2.01E-01,7.09E-01
2464,137.5,53.3333,5.90E-03,4.73E-01,3.27E-01,5.68E-01
2465,143.75,46.6666,1.74E-03,8.53E-01,3.12E-01,9.49E-01
2466,143.75,53.3333,1.42E-03,6.80E-01,4.44E-01,7.61E-01
2467,131.251,46.6666,1.64E-02,3.41E-01,1.26E-01,4.87E-01
2468,131.251,53.3333,1.38E-02,2.54E-01,2.43E-01,3.97E-01
2469,143.75,20,3.15E-03,1.63E+00,2.31E-01,1.84E+00
2470,137.501,20,1.24E-02,1.20E+00,2.88E-01,1.42E+00
2471,131.251,20.0001,2.76E-02,7.75E-01,3.02E-01,1.03E+00
2472,137.501,26.6667,1.10E-02,1.04E+00,1.74E-01,1.23E+00
2473,137.501,33.3333,9.68E-03,8.88E-01,7.96E-02,1.04E+00
2474,143.75,26.6666,2.78E-03,1.43E+00,1.14E-01,1.60E+00
2475,143.75,33.3333,2.42E-03,1.23E+00,8.72E-02,1.37E+00
2476,131.251,26.6667,2.47E-02,6.58E-01,2.08E-01,8.70E-01
2477,131.251,33.3334,2.19E-02,5.46E-01,1.05E-01,7.26E-01
2478,137.501,6.6667,1.51E-02,1.51E+00,4.87E-01,1.84E+00
2479,137.501,13.3334,1.38E-02,1.36E+00,3.94E-01,1.63E+00
2480,143.751,6.66667,3.89E-03,2.04E+00,4.80E-01,2.34E+00
2481,143.75,13.3333,3.52E-03,1.84E+00,3.59E-01,2.09E+00
2482,131.252,6.66676,3.32E-02,1.02E+00,4.49E-01,1.39E+00
2483,131.251,13.3334,3.04E-02,8.96E-01,3.83E-01,1.20E+00
2484,143.751,-73.3333,4.86E-03,2.61E+00,7.73E-01,4.00E+00
2485,137.501,-73.3333,1.79E-02,2.19E+00,3.87E-01,3.66E+00
2486,131.252,-73.3333,3.71E-02,1.87E+00,1.58E-01,3.41E+00
2487,143.751,-33.3333,5.49E-03,2.96E+00,9.23E-01,3.72E+00
2488,137.501,-33.3333,2.06E-02,2.31E+00,6.86E-01,3.14E+00
2489,131.252,-33.3332,4.38E-02,1.76E+00,4.41E-01,2.66E+00
2490,143.751,-13.3333,4.88E-03,2.60E+00,7.75E-01,3.09E+00
2491,137.501,-13.3332,1.86E-02,1.96E+00,6.70E-01,2.51E+00
2492,131.252,-13.3332,4.02E-02,1.41E+00,5.28E-01,2.01E+00
2493,137.501,-6.66659,1.76E-02,1.82E+00,6.27E-01,2.28E+00
2494,143.751,-6.66664,4.58E-03,2.43E+00,6.91E-01,2.85E+00
2495,131.252,-6.66654,3.81E-02,1.28E+00,5.22E-01,1.79E+00
2496,137.501,-26.6665,2.02E-02,2.21E+00,6.98E-01,2.94E+00
2497,137.501,-19.9999,1.95E-02,2.10E+00,6.93E-01,2.73E+00
2498,143.751,-26.6666,5.35E-03,2.87E+00,8.92E-01,3.54E+00
2499,143.751,-20,5.14E-03,2.75E+00,8.43E-01,3.32E+00
2500,131.252,-26.6665,4.31E-02,1.65E+00,4.85E-01,2.45E+00
2501,131.252,-19.9999,4.19E-02,1.53E+00,5.15E-01,2.23E+00
2502,143.751,-53.3333,5.48E-03,2.98E+00,9.11E-01,4.05E+00
2503,137.501,-53.3333,2.04E-02,2.41E+00,5.74E-01,3.56E+00
2504,131.252,-53.3333,4.27E-02,1.95E+00,2.63E-01,3.18E+00
2505,137.501,-46.6666,2.07E-02,2.41E+00,6.22E-01,3.45E+00
2506,137.501,-40,2.08E-02,2.37E+00,6.60E-01,3.31E+00
2507,143.751,-46.6666,5.56E-03,3.02E+00,9.31E-01,3.98E+00
2508,143.751,-40,5.56E-03,3.01E+00,9.36E-01,3.87E+00
2509,131.252,-46.6666,4.36E-02,1.91E+00,3.27E-01,3.04E+00
2510,131.252,-39.9999,4.40E-02,1.85E+00,3.88E-01,2.86E+00
2511,137.501,-66.6666,1.89E-02,2.30E+00,4.56E-01,3.67E+00
2512,137.501,-60,1.98E-02,2.37E+00,5.18E-01,3.63E+00
2513,143.751,-66.6666,5.13E-03,2.78E+00,8.31E-01,4.06E+00
2514,143.751,-60,5.33E-03,2.90E+00,8.78E-01,4.08E+00
2515,131.252,-66.6666,3.94E-02,1.92E+00,1.62E-01,3.37E+00
2516,131.252,-60,4.13E-02,1.95E+00,1.97E-01,3.30E+00
2517,143.745,-112.469,2.43E-03,1.16E+00,2.50E-01,2.90E+00
2518,137.5,-112.448,8.70E-03,1.18E+00,1.49E-01,2.93E+00
2519,131.256,-112.469,1.74E-02,1.23E+00,3.46E-01,2.98E+00
2520,143.761,-93.237,3.77E-03,1.95E+00,5.38E-01,3.59E+00
2521,137.501,-93.208,1.38E-02,1.73E+00,1.82E-01,3.42E+00
2522,131.241,-93.2371,2.82E-02,1.58E+00,1.75E-01,3.32E+00
2523,137.501,-86.6264,1.53E-02,1.90E+00,2.33E-01,3.53E+00
2524,137.501,-80,1.67E-02,2.06E+00,3.12E-01,3.61E+00
2525,143.754,-86.6399,4.18E-03,2.19E+00,6.25E-01,3.76E+00
2526,143.751,-80,4.54E-03,2.42E+00,7.04E-01,3.90E+00
2527,131.248,-86.6399,3.15E-02,1.69E+00,1.50E-01,3.38E+00
2528,131.251,-80,3.44E-02,1.79E+00,1.55E-01,3.41E+00
2529,137.501,-106.102,1.05E-02,1.36E+00,1.59E-01,3.12E+00
2530,137.501,-99.6974,1.22E-02,1.55E+00,1.68E-01,3.28E+00
2531,143.741,-106.14,2.91E-03,1.43E+00,3.47E-01,3.16E+00
2532,143.752,-99.7327,3.36E-03,1.69E+00,4.45E-01,3.38E+00
2533,131.26,-106.14,2.11E-02,1.35E+00,2.97E-01,3.12E+00
2534,131.25,-99.7328,2.48E-02,1.47E+00,2.36E-01,3.23E+00
2535,143.75,-131.25,8.90E-04,3.63E-01,1.30E-01,1.98E+00
2536,137.5,-131.25,3.22E-03,6.35E-01,2.18E-01,2.20E+00
2537,131.25,-131.25,6.37E-03,8.41E-01,3.28E-01,2.40E+00
2538,137.5,-125,5.02E-03,8.16E-01,2.10E-01,2.47E+00
2539,137.5,-118.73,6.87E-03,9.96E-01,1.69E-01,2.72E+00
2540,143.75,-125,1.41E-03,6.22E-01,1.62E-01,2.31E+00
2541,143.748,-118.737,1.93E-03,8.89E-01,1.89E-01,2.62E+00
2542,131.25,-125,9.94E-03,9.88E-01,3.74E-01,2.61E+00
2543,131.252,-118.737,1.37E-02,1.11E+00,3.76E-01,2.81E+00
2544,137.5,-143.75,4.14E-04,2.20E-01,9.41E-02,1.60E+00
2545,137.5,-137.5,1.60E-03,4.24E-01,1.72E-01,1.90E+00
2546,143.75,-143.75,6.28E-05,2.44E-01,5.66E-02,1.21E+00
2547,143.75,-137.5,4.08E-04,2.19E-01,9.36E-02,1.61E+00
2548,131.25,-143.75,8.92E-04,3.62E-01,1.31E-01,1.97E+00
2549,131.25,-137.5,3.22E-03,6.35E-01,2.19E-01,2.20E+00
