NodeID,Y,Z,Displacement,Stress_L1,Stress_L2,Stress_L4
2,99.9961,-99.9961,1.42E+00,1.72E+01,8.45E+00,2.50E+01
3,99.9972,-93.3287,1.52E+00,1.74E+01,8.75E+00,2.53E+01
4,99.9986,-86.6618,1.61E+00,1.73E+01,9.07E+00,2.53E+01
5,100,-79.995,1.69E+00,1.69E+01,9.41E+00,2.49E+01
6,100.002,-73.3285,1.78E+00,1.63E+01,9.77E+00,2.41E+01
7,100.004,-66.6623,1.85E+00,1.55E+01,1.01E+01,2.32E+01
8,100.006,-59.9962,1.92E+00,1.47E+01,1.05E+01,2.20E+01
9,100.009,-53.3301,1.99E+00,1.40E+01,1.09E+01,2.07E+01
10,100.011,-46.6642,2.04E+00,1.34E+01,1.12E+01,1.92E+01
11,100.013,-39.9981,2.09E+00,1.31E+01,1.15E+01,1.77E+01
12,100.015,-33.3319,2.13E+00,1.30E+01,1.18E+01,1.61E+01
13,100.016,-26.6658,2.17E+00,1.31E+01,1.20E+01,1.44E+01
14,100.017,-19.9995,2.19E+00,1.33E+01,1.21E+01,1.27E+01
15,100.017,-13.3332,2.20E+00,1.36E+01,1.23E+01,1.11E+01
16,100.017,-6.66696,2.20E+00,1.40E+01,1.24E+01,9.52E+00
17,100.017,-0.000750464,2.20E+00,1.42E+01,1.26E+01,8.12E+00
18,100.016,6.66538,2.18E+00,1.44E+01,1.29E+01,6.86E+00
19,100.015,13.3314,2.15E+00,1.46E+01,1.33E+01,5.75E+00
20,100.014,19.9974,2.12E+00,1.47E+01,1.39E+01,4.77E+00
21,100.012,26.6633,2.08E+00,1.47E+01,1.45E+01,3.94E+00
22,100.01,33.3291,2.04E+00,1.47E+01,1.53E+01,3.31E+00
23,100.008,39.9949,1.98E+00,1.47E+01,1.62E+01,2.92E+00
24,100.006,46.6607,1.93E+00,1.46E+01,1.72E+01,2.80E+00
25,100.003,53.3265,1.86E+00,1.45E+01,1.82E+01,2.94E+00
26,100.001,59.9924,1.80E+00,1.43E+01,1.93E+01,3.25E+00
27,99.9992,66.6585,1.72E+00,1.40E+01,2.03E+01,3.65E+00
28,99.9972,73.3247,1.65E+00,1.38E+01,2.12E+01,4.07E+00
29,99.9955,79.9912,1.56E+00,1.35E+01,2.19E+01,4.46E+00
30,99.9941,86.6579,1.48E+00,1.32E+01,2.23E+01,4.81E+00
31,99.993,93.3249,1.39E+00,1.28E+01,2.24E+01,5.09E+00
32,99.9923,99.9922,1.29E+00,1.25E+01,2.22E+01,5.29E+00
33,93.3249,99.993,1.39E+00,1.28E+01,2.24E+01,5.09E+00
34,86.6579,99.994,1.48E+00,1.32E+01,2.24E+01,4.81E+00
35,79.9911,99.9954,1.56E+00,1.35E+01,2.20E+01,4.47E+00
36,73.3246,99.9972,1.65E+00,1.38E+01,2.13E+01,4.08E+00
37,66.6584,99.9991,1.72E+00,1.40E+01,2.04E+01,3.66E+00
38,59.9923,100.001,1.80E+00,1.42E+01,1.94E+01,3.26E+00
39,53.3264,100.003,1.86E+00,1.44E+01,1.83E+01,2.94E+00
40,46.6606,100.006,1.93E+00,1.45E+01,1.73E+01,2.81E+00
41,39.9948,100.008,1.98E+00,1.46E+01,1.63E+01,2.92E+00
42,33.329,100.01,2.03E+00,1.47E+01,1.54E+01,3.32E+00
43,26.6631,100.012,2.08E+00,1.46E+01,1.46E+01,3.96E+00
44,19.9972,100.014,2.12E+00,1.46E+01,1.39E+01,4.80E+00
45,13.3313,100.015,2.15E+00,1.45E+01,1.34E+01,5.78E+00
46,6.66523,100.016,2.18E+00,1.43E+01,1.30E+01,6.90E+00
47,-0.000895955,100.017,2.20E+00,1.41E+01,1.27E+01,8.16E+00
48,-6.6671,100.017,2.20E+00,1.38E+01,1.25E+01,9.55E+00
49,-13.3333,100.017,2.20E+00,1.35E+01,1.23E+01,1.11E+01
50,-19.9996,100.017,2.19E+00,1.32E+01,1.22E+01,1.27E+01
51,-26.6659,100.016,2.17E+00,1.30E+01,1.20E+01,1.44E+01
52,-33.3321,100.015,2.13E+00,1.29E+01,1.18E+01,1.60E+01
53,-39.9982,100.013,2.09E+00,1.30E+01,1.16E+01,1.77E+01
54,-46.6643,100.011,2.04E+00,1.33E+01,1.12E+01,1.92E+01
55,-53.3303,100.009,1.98E+00,1.39E+01,1.09E+01,2.06E+01
56,-59.9963,100.007,1.92E+00,1.46E+01,1.05E+01,2.19E+01
57,-66.6625,100.004,1.85E+00,1.55E+01,1.01E+01,2.31E+01
58,-73.3286,100.002,1.77E+00,1.63E+01,9.73E+00,2.41E+01
59,-79.9951,100,1.69E+00,1.69E+01,9.36E+00,2.48E+01
60,-86.6618,99.9986,1.60E+00,1.73E+01,9.00E+00,2.52E+01
61,-93.3288,99.9972,1.51E+00,1.74E+01,8.66E+00,2.52E+01
62,-99.9961,99.9961,1.41E+00,1.72E+01,8.35E+00,2.49E+01
63,-99.9971,93.3288,1.51E+00,1.74E+01,8.65E+00,2.53E+01
64,-99.9985,86.6618,1.61E+00,1.73E+01,8.99E+00,2.53E+01
65,-100,79.995,1.69E+00,1.68E+01,9.35E+00,2.49E+01
66,-100.002,73.3285,1.78E+00,1.62E+01,9.72E+00,2.41E+01
67,-100.004,66.6622,1.85E+00,1.53E+01,1.01E+01,2.31E+01
68,-100.007,59.9961,1.92E+00,1.45E+01,1.05E+01,2.19E+01
69,-100.009,53.33,1.99E+00,1.37E+01,1.09E+01,2.06E+01
70,-100.011,46.664,2.04E+00,1.31E+01,1.12E+01,1.91E+01
71,-100.013,39.9979,2.09E+00,1.28E+01,1.15E+01,1.76E+01
72,-100.015,33.3317,2.14E+00,1.27E+01,1.18E+01,1.59E+01
73,-100.016,26.6655,2.17E+00,1.28E+01,1.20E+01,1.42E+01
74,-100.017,19.9992,2.19E+00,1.30E+01,1.22E+01,1.26E+01
75,-100.018,13.333,2.20E+00,1.33E+01,1.23E+01,1.09E+01
76,-100.018,6.6667,2.20E+00,1.37E+01,1.24E+01,9.41E+00
77,-100.017,0.000497937,2.19E+00,1.39E+01,1.26E+01,8.03E+00
78,-100.016,-6.66563,2.18E+00,1.42E+01,1.29E+01,6.79E+00
79,-100.015,-13.3316,2.15E+00,1.43E+01,1.34E+01,5.68E+00
80,-100.014,-19.9976,2.12E+00,1.44E+01,1.39E+01,4.71E+00
81,-100.012,-26.6635,2.08E+00,1.45E+01,1.46E+01,3.90E+00
82,-100.01,-33.3293,2.03E+00,1.45E+01,1.53E+01,3.28E+00
83,-100.008,-39.9951,1.98E+00,1.45E+01,1.62E+01,2.90E+00
84,-100.006,-46.6609,1.92E+00,1.45E+01,1.73E+01,2.81E+00
85,-100.004,-53.3267,1.85E+00,1.43E+01,1.83E+01,2.98E+00
86,-100.001,-59.9926,1.79E+00,1.42E+01,1.94E+01,3.33E+00
87,-99.9994,-66.6587,1.71E+00,1.40E+01,2.05E+01,3.77E+00
88,-99.9974,-73.3248,1.64E+00,1.38E+01,2.14E+01,4.22E+00
89,-99.9957,-79.9913,1.55E+00,1.35E+01,2.21E+01,4.65E+00
90,-99.9943,-86.6581,1.47E+00,1.32E+01,2.25E+01,5.02E+00
91,-99.9932,-93.3251,1.38E+00,1.29E+01,2.25E+01,5.33E+00
92,-99.9924,-99.9924,1.28E+00,1.26E+01,2.22E+01,5.57E+00
93,-93.3251,-99.9932,1.38E+00,1.29E+01,2.24E+01,5.33E+00
94,-86.6581,-99.9943,1.47E+00,1.32E+01,2.24E+01,5.01E+00
95,-79.9913,-99.9957,1.55E+00,1.35E+01,2.19E+01,4.63E+00
96,-73.3249,-99.9974,1.64E+00,1.38E+01,2.12E+01,4.20E+00
97,-66.6587,-99.9994,1.71E+00,1.40E+01,2.03E+01,3.75E+00
98,-59.9927,-100.002,1.79E+00,1.42E+01,1.93E+01,3.32E+00
99,-53.3268,-100.004,1.85E+00,1.44E+01,1.82E+01,2.98E+00
100,-46.661,-100.006,1.92E+00,1.45E+01,1.72E+01,2.81E+00
101,-39.9952,-100.008,1.98E+00,1.46E+01,1.62E+01,2.90E+00
102,-33.3294,-100.01,2.03E+00,1.46E+01,1.53E+01,3.26E+00
103,-26.6637,-100.012,2.08E+00,1.46E+01,1.45E+01,3.88E+00
104,-19.9977,-100.014,2.12E+00,1.45E+01,1.39E+01,4.69E+00
105,-13.3318,-100.015,2.15E+00,1.44E+01,1.33E+01,5.65E+00
106,-6.66577,-100.016,2.18E+00,1.43E+01,1.29E+01,6.76E+00
107,0.000360787,-100.017,2.19E+00,1.41E+01,1.26E+01,8.01E+00
108,6.66656,-100.018,2.20E+00,1.38E+01,1.24E+01,9.40E+00
109,13.3328,-100.017,2.20E+00,1.35E+01,1.23E+01,1.09E+01
110,19.9991,-100.017,2.19E+00,1.32E+01,1.21E+01,1.26E+01
111,26.6654,-100.016,2.17E+00,1.29E+01,1.20E+01,1.43E+01
112,33.3316,-100.014,2.14E+00,1.28E+01,1.18E+01,1.60E+01
113,39.9977,-100.013,2.09E+00,1.29E+01,1.15E+01,1.76E+01
114,46.6638,-100.011,2.05E+00,1.32E+01,1.12E+01,1.92E+01
115,53.3298,-100.009,1.99E+00,1.38E+01,1.09E+01,2.06E+01
116,59.9959,-100.006,1.92E+00,1.45E+01,1.05E+01,2.20E+01
117,66.662,-100.004,1.85E+00,1.53E+01,1.01E+01,2.31E+01
118,73.3283,-100.002,1.78E+00,1.61E+01,9.76E+00,2.41E+01
119,79.9949,-100,1.70E+00,1.68E+01,9.40E+00,2.49E+01
120,86.6617,-99.9985,1.61E+00,1.72E+01,9.06E+00,2.53E+01
121,93.3287,-99.9971,1.52E+00,1.73E+01,8.74E+00,2.53E+01
122,-93.351,0.000502026,2.41E+00,1.48E+01,1.32E+01,7.97E+00
123,-86.6848,0.000492135,2.63E+00,1.59E+01,1.37E+01,7.88E+00
124,-80.0184,0.0004626,2.85E+00,1.70E+01,1.44E+01,7.76E+00
125,-73.3521,0.000406058,3.08E+00,1.84E+01,1.51E+01,7.61E+00
126,-66.686,0.000311506,3.31E+00,2.01E+01,1.60E+01,7.42E+00
127,-60.0198,0.000165116,3.55E+00,2.22E+01,1.71E+01,7.22E+00
128,-53.3537,-5.50E-05,3.80E+00,2.48E+01,1.85E+01,7.05E+00
129,-46.6879,-0.000376542,4.06E+00,2.82E+01,2.03E+01,7.00E+00
130,-40.0223,-0.000845609,4.33E+00,3.27E+01,2.28E+01,7.26E+00
131,-33.3569,-0.00151908,4.62E+00,3.91E+01,2.65E+01,8.11E+00
132,-26.692,-0.00248813,4.92E+00,4.86E+01,3.22E+01,9.93E+00
133,-20.0274,-0.00381179,5.24E+00,6.38E+01,4.20E+01,1.33E+01
134,-13.3626,-0.00549119,5.57E+00,9.25E+01,6.16E+01,2.13E+01
135,-6.69164,-0.00600055,5.89E+00,1.43E+02,9.58E+01,4.66E+01
136,-4.33E-05,-0.000202018,6.06E+00,1.73E+02,1.17E+02,6.59E+01
137,6.69139,0.00564973,5.89E+00,1.42E+02,9.57E+01,4.64E+01
138,13.3622,0.00520159,5.57E+00,9.27E+01,6.15E+01,2.13E+01
139,20.0269,0.00355834,5.23E+00,6.41E+01,4.19E+01,1.34E+01
140,26.6914,0.00225587,4.91E+00,4.89E+01,3.22E+01,1.00E+01
141,33.3563,0.00129679,4.61E+00,3.95E+01,2.65E+01,8.19E+00
142,40.0217,0.000625754,4.33E+00,3.31E+01,2.28E+01,7.35E+00
143,46.6874,0.000154152,4.06E+00,2.85E+01,2.03E+01,7.12E+00
144,53.3533,-0.000172229,3.80E+00,2.51E+01,1.85E+01,7.20E+00
145,60.0193,-0.000398507,3.55E+00,2.24E+01,1.71E+01,7.39E+00
146,66.6855,-0.000551003,3.31E+00,2.04E+01,1.60E+01,7.59E+00
147,73.3518,-0.000650903,3.08E+00,1.87E+01,1.51E+01,7.78E+00
148,80.0181,-0.000711527,2.85E+00,1.73E+01,1.44E+01,7.92E+00
149,86.6844,-0.000743544,2.63E+00,1.61E+01,1.37E+01,8.02E+00
150,93.3508,-0.000753959,2.41E+00,1.51E+01,1.32E+01,8.09E+00
151,0.00542901,6.69072,5.89E+00,1.44E+02,9.69E+01,4.66E+01
152,0.00486533,13.3617,5.57E+00,9.38E+01,6.32E+01,2.12E+01
153,0.00331199,20.0268,5.23E+00,6.40E+01,4.28E+01,1.31E+01
154,0.00199721,26.6914,4.91E+00,4.85E+01,3.27E+01,9.89E+00
155,0.00102713,33.3564,4.61E+00,3.90E+01,2.68E+01,8.20E+00
156,0.000352204,40.0218,4.33E+00,3.26E+01,2.30E+01,7.45E+00
157,-0.00011671,46.6874,4.06E+00,2.81E+01,2.05E+01,7.26E+00
158,-0.000435027,53.3533,3.80E+00,2.47E+01,1.86E+01,7.34E+00
159,-0.000649468,60.0194,3.55E+00,2.21E+01,1.72E+01,7.52E+00
160,-0.000787593,66.6856,3.31E+00,2.01E+01,1.61E+01,7.70E+00
161,-0.000871479,73.3518,3.08E+00,1.85E+01,1.52E+01,7.86E+00
162,-0.000914962,80.0182,2.85E+00,1.71E+01,1.44E+01,7.99E+00
163,-0.000928897,86.6845,2.63E+00,1.60E+01,1.38E+01,8.08E+00
164,-0.00092149,93.3508,2.41E+00,1.50E+01,1.32E+01,8.13E+00
165,-53.3547,6.66699,3.82E+00,2.37E+01,1.87E+01,1.06E+01
166,-53.354,13.3343,3.81E+00,2.21E+01,1.90E+01,1.56E+01
167,-53.3517,20.0016,3.76E+00,2.07E+01,1.89E+01,2.14E+01
168,-53.3483,26.6683,3.68E+00,2.03E+01,1.82E+01,2.70E+01
169,-53.3443,33.3347,3.57E+00,2.11E+01,1.72E+01,3.15E+01
170,-53.3404,40.0009,3.45E+00,2.24E+01,1.61E+01,3.46E+01
171,-53.3371,46.6674,3.31E+00,2.33E+01,1.51E+01,3.60E+01
172,-53.3346,53.3344,3.16E+00,2.32E+01,1.43E+01,3.56E+01
173,-53.3329,60.0018,3.00E+00,2.21E+01,1.37E+01,3.38E+01
174,-53.3318,66.6696,2.84E+00,2.05E+01,1.32E+01,3.13E+01
175,-53.3311,73.3376,2.68E+00,1.87E+01,1.28E+01,2.86E+01
176,-53.3307,80.0056,2.51E+00,1.71E+01,1.23E+01,2.61E+01
177,-53.3304,86.6734,2.33E+00,1.58E+01,1.19E+01,2.39E+01
178,-53.3303,93.3412,2.16E+00,1.47E+01,1.14E+01,2.21E+01
179,-60.0049,46.6661,3.14E+00,2.13E+01,1.45E+01,3.29E+01
180,-66.6728,46.6653,2.96E+00,1.93E+01,1.39E+01,2.96E+01
181,-73.3406,46.6648,2.78E+00,1.75E+01,1.34E+01,2.67E+01
182,-80.0085,46.6644,2.60E+00,1.60E+01,1.28E+01,2.42E+01
183,-86.6761,46.6642,2.41E+00,1.48E+01,1.23E+01,2.22E+01
184,-93.3436,46.664,2.23E+00,1.39E+01,1.17E+01,2.05E+01
185,-73.3438,39.9988,2.87E+00,1.64E+01,1.40E+01,2.44E+01
186,-73.3468,33.3327,2.95E+00,1.58E+01,1.45E+01,2.16E+01
187,-73.3494,26.6664,3.01E+00,1.58E+01,1.49E+01,1.86E+01
188,-73.3514,20,3.06E+00,1.63E+01,1.51E+01,1.55E+01
189,-73.3526,13.3334,3.09E+00,1.70E+01,1.51E+01,1.24E+01
190,-73.3528,6.66682,3.09E+00,1.78E+01,1.50E+01,9.77E+00
191,-66.6825,26.6669,3.23E+00,1.70E+01,1.59E+01,2.06E+01
192,-60.0155,26.6675,3.45E+00,1.84E+01,1.70E+01,2.34E+01
193,-66.6795,33.3332,3.16E+00,1.72E+01,1.54E+01,2.42E+01
194,-66.6762,39.9992,3.06E+00,1.80E+01,1.47E+01,2.72E+01
195,-60.012,33.3338,3.36E+00,1.89E+01,1.62E+01,2.74E+01
196,-60.0083,39.9999,3.26E+00,2.00E+01,1.53E+01,3.07E+01
197,-66.6864,13.3336,3.32E+00,1.84E+01,1.61E+01,1.32E+01
198,-60.0202,13.3339,3.56E+00,2.00E+01,1.74E+01,1.42E+01
199,-66.6849,20.0003,3.29E+00,1.75E+01,1.61E+01,1.69E+01
200,-60.0184,20.0009,3.52E+00,1.89E+01,1.74E+01,1.88E+01
201,-66.6867,6.66687,3.33E+00,1.94E+01,1.60E+01,9.92E+00
202,-60.0207,6.66692,3.57E+00,2.13E+01,1.72E+01,1.02E+01
203,-93.3495,26.6656,2.38E+00,1.34E+01,1.26E+01,1.50E+01
204,-86.6829,26.6658,2.59E+00,1.41E+01,1.33E+01,1.59E+01
205,-80.0162,26.6661,2.80E+00,1.48E+01,1.41E+01,1.71E+01
206,-86.681,33.3321,2.54E+00,1.40E+01,1.31E+01,1.81E+01
207,-86.6787,39.9982,2.48E+00,1.42E+01,1.27E+01,2.02E+01
208,-93.3478,33.3319,2.34E+00,1.33E+01,1.24E+01,1.69E+01
209,-93.3458,39.998,2.29E+00,1.34E+01,1.21E+01,1.88E+01
210,-80.014,33.3323,2.74E+00,1.48E+01,1.38E+01,1.97E+01
211,-80.0113,39.9984,2.68E+00,1.52E+01,1.34E+01,2.21E+01
212,-93.3513,13.333,2.42E+00,1.41E+01,1.29E+01,1.12E+01
213,-86.6851,13.3331,2.64E+00,1.49E+01,1.35E+01,1.15E+01
214,-80.0188,13.3332,2.86E+00,1.59E+01,1.42E+01,1.19E+01
215,-86.6843,19.9995,2.62E+00,1.44E+01,1.34E+01,1.36E+01
216,-93.3507,19.9993,2.40E+00,1.37E+01,1.28E+01,1.30E+01
217,-80.0179,19.9997,2.84E+00,1.53E+01,1.42E+01,1.44E+01
218,-86.6853,6.66675,2.64E+00,1.54E+01,1.36E+01,9.56E+00
219,-93.3514,6.66672,2.42E+00,1.45E+01,1.30E+01,9.48E+00
220,-80.019,6.66679,2.86E+00,1.65E+01,1.43E+01,9.65E+00
221,-59.9974,73.3349,2.57E+00,1.97E+01,1.22E+01,2.98E+01
222,-66.6641,73.3327,2.45E+00,2.02E+01,1.17E+01,3.02E+01
223,-73.3311,73.331,2.32E+00,2.01E+01,1.12E+01,2.98E+01
224,-79.9986,73.3299,2.19E+00,1.94E+01,1.08E+01,2.87E+01
225,-86.6664,73.3291,2.06E+00,1.84E+01,1.04E+01,2.72E+01
226,-93.3342,73.3287,1.92E+00,1.73E+01,1.01E+01,2.57E+01
227,-73.3328,66.6639,2.45E+00,2.02E+01,1.16E+01,3.02E+01
228,-73.335,59.9972,2.57E+00,1.97E+01,1.22E+01,2.98E+01
229,-73.3377,53.3308,2.68E+00,1.87E+01,1.28E+01,2.86E+01
230,-66.6673,59.9981,2.72E+00,2.11E+01,1.26E+01,3.19E+01
231,-59.9999,59.9997,2.86E+00,2.20E+01,1.31E+01,3.34E+01
232,-66.6654,66.6652,2.59E+00,2.10E+01,1.21E+01,3.14E+01
233,-59.9984,66.6671,2.72E+00,2.11E+01,1.26E+01,3.19E+01
234,-66.6698,53.3315,2.84E+00,2.05E+01,1.32E+01,3.12E+01
235,-60.002,53.3326,3.00E+00,2.21E+01,1.37E+01,3.38E+01
236,-93.3387,59.9961,2.09E+00,1.55E+01,1.09E+01,2.35E+01
237,-86.6709,59.9963,2.25E+00,1.68E+01,1.14E+01,2.54E+01
238,-80.0029,59.9966,2.41E+00,1.82E+01,1.18E+01,2.75E+01
239,-86.6685,66.6626,2.16E+00,1.77E+01,1.09E+01,2.66E+01
240,-93.3364,66.6623,2.01E+00,1.64E+01,1.05E+01,2.47E+01
241,-80.0005,66.6631,2.30E+00,1.90E+01,1.13E+01,2.84E+01
242,-86.6735,53.3302,2.34E+00,1.57E+01,1.18E+01,2.39E+01
243,-93.3412,53.3301,2.16E+00,1.46E+01,1.13E+01,2.21E+01
244,-80.0056,53.3304,2.51E+00,1.71E+01,1.23E+01,2.61E+01
245,-73.3288,93.3343,1.92E+00,1.73E+01,1.01E+01,2.56E+01
246,-73.3292,86.6663,2.06E+00,1.84E+01,1.05E+01,2.72E+01
247,-73.33,79.9985,2.19E+00,1.94E+01,1.08E+01,2.87E+01
248,-66.6628,86.6684,2.16E+00,1.77E+01,1.09E+01,2.65E+01
249,-59.9965,86.6709,2.25E+00,1.68E+01,1.14E+01,2.54E+01
250,-66.6625,93.3364,2.00E+00,1.65E+01,1.05E+01,2.47E+01
251,-59.9964,93.3388,2.09E+00,1.56E+01,1.10E+01,2.35E+01
252,-66.6633,80.0005,2.30E+00,1.90E+01,1.13E+01,2.84E+01
253,-59.9968,80.0029,2.41E+00,1.82E+01,1.18E+01,2.75E+01
254,-93.3308,86.6623,1.73E+00,1.80E+01,9.31E+00,2.63E+01
255,-86.6633,86.6633,1.84E+00,1.85E+01,9.66E+00,2.70E+01
256,-79.9961,86.6646,1.95E+00,1.87E+01,1.00E+01,2.74E+01
257,-86.6624,93.3308,1.73E+00,1.80E+01,9.32E+00,2.62E+01
258,-93.3296,93.3296,1.62E+00,1.78E+01,8.97E+00,2.59E+01
259,-79.9954,93.3324,1.82E+00,1.78E+01,9.69E+00,2.61E+01
260,-86.6646,79.996,1.95E+00,1.87E+01,1.00E+01,2.74E+01
261,-93.3323,79.9954,1.83E+00,1.78E+01,9.68E+00,2.62E+01
262,-79.9971,79.9971,2.08E+00,1.93E+01,1.04E+01,2.83E+01
263,-6.66759,46.6885,4.08E+00,2.66E+01,2.09E+01,1.16E+01
264,-13.3354,46.6875,4.06E+00,2.45E+01,2.13E+01,1.83E+01
265,-20.003,46.6846,4.00E+00,2.29E+01,2.09E+01,2.56E+01
266,-26.6699,46.6806,3.90E+00,2.26E+01,1.98E+01,3.19E+01
267,-33.3364,46.6763,3.78E+00,2.36E+01,1.84E+01,3.64E+01
268,-40.0029,46.6724,3.63E+00,2.46E+01,1.70E+01,3.85E+01
269,-46.6698,46.6694,3.47E+00,2.45E+01,1.59E+01,3.82E+01
270,-26.6716,40.013,4.13E+00,2.56E+01,2.16E+01,3.78E+01
271,-26.674,33.3451,4.35E+00,2.88E+01,2.39E+01,4.40E+01
272,-26.6777,26.6773,4.55E+00,3.15E+01,2.71E+01,4.79E+01
273,-26.6831,20.0091,4.74E+00,3.37E+01,3.10E+01,4.53E+01
274,-26.6891,13.3397,4.88E+00,3.76E+01,3.41E+01,3.36E+01
275,-26.6929,6.66852,4.94E+00,4.40E+01,3.44E+01,1.73E+01
276,-20.0096,26.6827,4.74E+00,3.36E+01,3.11E+01,4.53E+01
277,-13.3401,26.6886,4.88E+00,3.76E+01,3.44E+01,3.38E+01
278,-6.66898,26.6923,4.94E+00,4.40E+01,3.48E+01,1.77E+01
279,-13.3377,33.3552,4.60E+00,3.20E+01,2.83E+01,2.67E+01
280,-13.3363,40.0214,4.33E+00,2.77E+01,2.42E+01,2.16E+01
281,-20.0064,33.3504,4.49E+00,2.94E+01,2.66E+01,3.78E+01
282,-20.0044,40.0177,4.25E+00,2.58E+01,2.34E+01,3.08E+01
283,-6.66818,33.3575,4.64E+00,3.62E+01,2.81E+01,1.47E+01
284,-6.6678,40.0229,4.35E+00,3.07E+01,2.38E+01,1.28E+01
285,-13.3596,6.67436,5.56E+00,7.69E+01,6.60E+01,2.31E+01
286,-13.351,13.3505,5.40E+00,5.71E+01,5.68E+01,3.96E+01
287,-13.3441,20.0209,5.15E+00,4.52E+01,4.39E+01,4.11E+01
288,-20.0214,13.3437,5.15E+00,4.50E+01,4.36E+01,4.11E+01
289,-20.0273,6.6703,5.25E+00,5.57E+01,4.58E+01,2.15E+01
290,-20.0145,20.0141,4.97E+00,3.83E+01,3.73E+01,4.90E+01
291,-6.67486,13.3589,5.56E+00,7.77E+01,6.70E+01,2.31E+01
292,-6.68343,6.68268,5.82E+00,1.15E+02,9.11E+01,2.80E+01
293,-6.67076,20.0267,5.25E+00,5.60E+01,4.65E+01,2.16E+01
294,-46.6809,26.6695,3.90E+00,2.28E+01,1.97E+01,3.17E+01
295,-40.0133,26.6711,4.13E+00,2.58E+01,2.15E+01,3.77E+01
296,-33.3455,26.6735,4.35E+00,2.90E+01,2.38E+01,4.39E+01
297,-40.0088,33.3379,3.98E+00,2.64E+01,1.96E+01,4.13E+01
298,-40.0053,40.0049,3.81E+00,2.62E+01,1.81E+01,4.12E+01
299,-46.6766,33.336,3.78E+00,2.37E+01,1.83E+01,3.63E+01
300,-46.6727,40.0025,3.63E+00,2.46E+01,1.69E+01,3.85E+01
301,-33.3412,33.3408,4.17E+00,2.83E+01,2.15E+01,4.46E+01
302,-33.3383,40.0085,3.98E+00,2.63E+01,1.97E+01,4.13E+01
303,-46.688,13.335,4.06E+00,2.46E+01,2.11E+01,1.78E+01
304,-40.0218,13.3359,4.33E+00,2.79E+01,2.40E+01,2.12E+01
305,-33.3556,13.3373,4.60E+00,3.21E+01,2.80E+01,2.63E+01
306,-40.0181,20.0039,4.25E+00,2.59E+01,2.32E+01,3.05E+01
307,-46.685,20.0025,4.00E+00,2.30E+01,2.08E+01,2.52E+01
308,-33.3508,20.006,4.50E+00,2.96E+01,2.64E+01,3.76E+01
309,-40.0234,6.66731,4.36E+00,3.08E+01,2.36E+01,1.23E+01
310,-46.689,6.66711,4.08E+00,2.68E+01,2.07E+01,1.12E+01
311,-33.358,6.6677,4.64E+00,3.63E+01,2.78E+01,1.42E+01
312,-26.6661,93.3494,2.37E+00,1.35E+01,1.27E+01,1.51E+01
313,-26.6662,86.6828,2.58E+00,1.42E+01,1.34E+01,1.61E+01
314,-26.6665,80.016,2.80E+00,1.49E+01,1.41E+01,1.73E+01
315,-26.6669,73.3492,3.01E+00,1.58E+01,1.50E+01,1.88E+01
316,-26.6673,66.6823,3.23E+00,1.70E+01,1.60E+01,2.09E+01
317,-26.668,60.0152,3.45E+00,1.84E+01,1.71E+01,2.36E+01
318,-26.6688,53.348,3.68E+00,2.03E+01,1.83E+01,2.72E+01
319,-20.0004,73.3512,3.06E+00,1.63E+01,1.52E+01,1.57E+01
320,-13.3338,73.3523,3.09E+00,1.71E+01,1.52E+01,1.27E+01
321,-6.66728,73.3525,3.09E+00,1.79E+01,1.51E+01,1.01E+01
322,-13.3336,80.0186,2.86E+00,1.60E+01,1.43E+01,1.22E+01
323,-13.3335,86.6849,2.63E+00,1.50E+01,1.36E+01,1.17E+01
324,-13.3334,93.3512,2.42E+00,1.42E+01,1.29E+01,1.14E+01
325,-19.9999,86.6842,2.62E+00,1.45E+01,1.35E+01,1.39E+01
326,-20.0001,80.0177,2.84E+00,1.54E+01,1.43E+01,1.47E+01
327,-19.9997,93.3506,2.40E+00,1.38E+01,1.28E+01,1.32E+01
328,-6.66719,86.685,2.64E+00,1.55E+01,1.36E+01,9.77E+00
329,-6.66723,80.0187,2.86E+00,1.66E+01,1.43E+01,9.90E+00
330,-6.66714,93.3512,2.42E+00,1.46E+01,1.30E+01,9.66E+00
331,-13.3348,53.3537,3.81E+00,2.20E+01,1.91E+01,1.60E+01
332,-13.3343,60.0198,3.56E+00,2.00E+01,1.75E+01,1.45E+01
333,-13.334,66.6861,3.32E+00,1.84E+01,1.62E+01,1.35E+01
334,-20.0013,60.0181,3.52E+00,1.89E+01,1.75E+01,1.91E+01
335,-20.002,53.3514,3.76E+00,2.06E+01,1.90E+01,2.18E+01
336,-20.0008,66.6846,3.29E+00,1.75E+01,1.62E+01,1.71E+01
337,-6.66739,60.0203,3.57E+00,2.12E+01,1.73E+01,1.05E+01
338,-6.66747,53.3543,3.82E+00,2.36E+01,1.88E+01,1.10E+01
339,-6.66733,66.6864,3.33E+00,1.94E+01,1.61E+01,1.03E+01
340,-46.6651,73.3406,2.78E+00,1.75E+01,1.34E+01,2.68E+01
341,-39.9991,73.3437,2.87E+00,1.65E+01,1.41E+01,2.45E+01
342,-33.333,73.3466,2.95E+00,1.59E+01,1.46E+01,2.18E+01
343,-39.9988,80.0112,2.68E+00,1.53E+01,1.34E+01,2.22E+01
344,-39.9985,86.6786,2.48E+00,1.43E+01,1.28E+01,2.03E+01
345,-39.9983,93.3458,2.29E+00,1.36E+01,1.21E+01,1.89E+01
346,-46.6645,86.6761,2.41E+00,1.49E+01,1.23E+01,2.22E+01
347,-46.6648,80.0084,2.60E+00,1.61E+01,1.29E+01,2.43E+01
348,-46.6644,93.3436,2.23E+00,1.40E+01,1.18E+01,2.06E+01
349,-33.3324,86.6809,2.54E+00,1.41E+01,1.31E+01,1.83E+01
350,-33.3327,80.0138,2.74E+00,1.49E+01,1.38E+01,1.98E+01
351,-33.3322,93.3478,2.34E+00,1.34E+01,1.24E+01,1.70E+01
352,-40.0013,53.3402,3.45E+00,2.23E+01,1.61E+01,3.47E+01
353,-40.0003,60.0081,3.26E+00,2.00E+01,1.54E+01,3.08E+01
354,-39.9996,66.676,3.06E+00,1.80E+01,1.47E+01,2.73E+01
355,-46.6665,60.0047,3.14E+00,2.13E+01,1.45E+01,3.29E+01
356,-46.6678,53.3369,3.31E+00,2.32E+01,1.51E+01,3.60E+01
357,-46.6657,66.6727,2.96E+00,1.93E+01,1.40E+01,2.97E+01
358,-33.3342,60.0118,3.36E+00,1.88E+01,1.63E+01,2.76E+01
359,-33.3351,53.3441,3.57E+00,2.10E+01,1.73E+01,3.16E+01
360,-33.3335,66.6793,3.16E+00,1.72E+01,1.54E+01,2.43E+01
361,93.3379,46.6603,2.10E+00,1.54E+01,1.82E+01,2.96E+00
362,86.6699,46.66,2.27E+00,1.62E+01,1.95E+01,3.17E+00
363,80.0018,46.6597,2.44E+00,1.71E+01,2.11E+01,3.43E+00
364,73.3336,46.6595,2.60E+00,1.80E+01,2.30E+01,3.75E+00
365,66.6653,46.6595,2.77E+00,1.88E+01,2.51E+01,4.12E+00
366,59.9972,46.6597,2.93E+00,1.97E+01,2.74E+01,4.53E+00
367,53.3292,46.6605,3.09E+00,2.07E+01,2.95E+01,4.96E+00
368,46.6617,46.6619,3.25E+00,2.17E+01,3.09E+01,5.37E+00
369,39.9949,46.6642,3.40E+00,2.29E+01,3.10E+01,5.71E+00
370,33.3288,46.6675,3.54E+00,2.42E+01,2.97E+01,5.90E+00
371,26.6633,46.6715,3.68E+00,2.55E+01,2.73E+01,5.90E+00
372,19.998,46.676,3.80E+00,2.68E+01,2.46E+01,5.70E+00
373,13.3325,46.6806,3.91E+00,2.78E+01,2.22E+01,5.42E+00
374,6.66659,46.6846,4.00E+00,2.84E+01,2.08E+01,5.55E+00
375,53.332,39.9942,3.23E+00,2.17E+01,2.85E+01,5.08E+00
376,53.3355,33.3285,3.35E+00,2.27E+01,2.65E+01,5.06E+00
377,53.3394,26.6631,3.47E+00,2.37E+01,2.41E+01,4.94E+00
378,53.3436,19.9978,3.58E+00,2.45E+01,2.18E+01,4.77E+00
379,53.3475,13.3323,3.67E+00,2.52E+01,2.00E+01,4.77E+00
380,53.3509,6.66633,3.75E+00,2.54E+01,1.88E+01,5.35E+00
381,80.0046,39.994,2.52E+00,1.74E+01,1.96E+01,3.30E+00
382,80.0075,33.3285,2.60E+00,1.77E+01,1.82E+01,3.35E+00
383,80.0103,26.6629,2.67E+00,1.78E+01,1.70E+01,3.65E+00
384,80.0128,19.9972,2.73E+00,1.79E+01,1.60E+01,4.25E+00
385,80.0151,13.3314,2.78E+00,1.78E+01,1.52E+01,5.15E+00
386,80.0169,6.66544,2.82E+00,1.76E+01,1.47E+01,6.36E+00
387,86.6776,26.663,2.47E+00,1.67E+01,1.60E+01,3.72E+00
388,93.3448,26.6631,2.28E+00,1.57E+01,1.52E+01,3.82E+00
389,86.6751,33.3287,2.41E+00,1.66E+01,1.71E+01,3.28E+00
390,86.6725,39.9943,2.34E+00,1.65E+01,1.82E+01,3.11E+00
391,93.3427,33.3289,2.22E+00,1.56E+01,1.61E+01,3.27E+00
392,93.3403,39.9946,2.16E+00,1.55E+01,1.71E+01,2.99E+00
393,86.6818,13.3314,2.57E+00,1.66E+01,1.45E+01,5.38E+00
394,93.3485,13.3314,2.36E+00,1.55E+01,1.39E+01,5.58E+00
395,86.6799,19.9972,2.53E+00,1.67E+01,1.52E+01,4.43E+00
396,93.3468,19.9973,2.32E+00,1.56E+01,1.45E+01,4.61E+00
397,86.6834,6.66539,2.60E+00,1.64E+01,1.40E+01,6.58E+00
398,93.3498,6.66537,2.39E+00,1.54E+01,1.34E+01,6.74E+00
399,60.0073,26.6629,3.27E+00,2.19E+01,2.17E+01,4.24E+00
400,66.6751,26.6628,3.07E+00,2.04E+01,1.97E+01,3.83E+00
401,73.3428,26.6628,2.87E+00,1.90E+01,1.82E+01,3.66E+00
402,66.6717,33.3282,2.98E+00,2.00E+01,2.15E+01,3.85E+00
403,66.6684,39.9937,2.88E+00,1.94E+01,2.34E+01,3.98E+00
404,60.0036,33.3282,3.17E+00,2.13E+01,2.38E+01,4.36E+00
405,60.0002,39.9938,3.05E+00,2.05E+01,2.58E+01,4.48E+00
406,73.3397,33.3283,2.79E+00,1.88E+01,1.97E+01,3.52E+00
407,73.3365,39.9938,2.70E+00,1.84E+01,2.13E+01,3.59E+00
408,66.6838,6.6657,3.27E+00,2.08E+01,1.63E+01,5.79E+00
409,66.6814,13.3316,3.22E+00,2.09E+01,1.70E+01,4.66E+00
410,66.6784,19.9973,3.15E+00,2.07E+01,1.82E+01,4.06E+00
411,60.0145,13.3319,3.44E+00,2.28E+01,1.83E+01,4.56E+00
412,60.0173,6.66595,3.51E+00,2.28E+01,1.74E+01,5.51E+00
413,60.011,19.9975,3.36E+00,2.25E+01,1.98E+01,4.24E+00
414,73.3482,13.3315,3.00E+00,1.92E+01,1.60E+01,4.89E+00
415,73.3503,6.66554,3.05E+00,1.91E+01,1.54E+01,6.10E+00
416,73.3457,19.9972,2.94E+00,1.92E+01,1.70E+01,4.10E+00
417,26.6642,40.0036,3.88E+00,2.78E+01,3.08E+01,7.21E+00
418,26.6658,33.3359,4.09E+00,3.06E+01,3.42E+01,8.75E+00
419,26.6687,26.6689,4.29E+00,3.40E+01,3.63E+01,1.04E+01
420,26.6733,20.0027,4.48E+00,3.83E+01,3.57E+01,1.19E+01
421,26.6796,13.3372,4.66E+00,4.35E+01,3.30E+01,1.29E+01
422,26.6864,6.67088,4.81E+00,4.81E+01,3.11E+01,1.19E+01
423,33.3358,26.666,4.09E+00,3.07E+01,3.42E+01,8.80E+00
424,40.0035,26.6644,3.88E+00,2.79E+01,3.07E+01,7.28E+00
425,46.6715,26.6635,3.68E+00,2.57E+01,2.72E+01,5.96E+00
426,39.9995,33.3302,3.73E+00,2.60E+01,3.26E+01,6.92E+00
427,39.9967,39.9968,3.57E+00,2.44E+01,3.26E+01,6.36E+00
428,33.3322,33.3324,3.91E+00,2.81E+01,3.44E+01,7.90E+00
429,33.33,39.9996,3.73E+00,2.60E+01,3.26E+01,6.89E+00
430,46.6674,33.3291,3.54E+00,2.43E+01,2.96E+01,5.94E+00
431,46.6641,39.9951,3.40E+00,2.29E+01,3.10E+01,5.73E+00
432,33.3465,13.335,4.40E+00,3.68E+01,2.85E+01,9.36E+00
433,40.0135,13.3337,4.15E+00,3.19E+01,2.49E+01,6.97E+00
434,46.6805,13.3328,3.91E+00,2.81E+01,2.21E+01,5.50E+00
435,40.0083,19.9991,4.03E+00,3.00E+01,2.77E+01,7.31E+00
436,33.3407,20.0004,4.25E+00,3.36E+01,3.17E+01,9.38E+00
437,46.676,19.9983,3.80E+00,2.70E+01,2.44E+01,5.78E+00
438,40.0183,6.6677,4.26E+00,3.32E+01,2.31E+01,6.39E+00
439,33.3522,6.66895,4.53E+00,3.93E+01,2.64E+01,8.31E+00
440,46.6845,6.66688,4.00E+00,2.88E+01,2.06E+01,5.53E+00
441,6.6706,26.6864,4.81E+00,4.76E+01,3.14E+01,1.15E+01
442,13.3369,26.6797,4.66E+00,4.31E+01,3.32E+01,1.26E+01
443,20.0025,26.6735,4.48E+00,3.82E+01,3.58E+01,1.18E+01
444,13.3347,33.3466,4.40E+00,3.64E+01,2.87E+01,9.13E+00
445,13.3334,40.0136,4.15E+00,3.15E+01,2.50E+01,6.81E+00
446,6.66866,33.3523,4.53E+00,3.88E+01,2.66E+01,8.08E+00
447,6.66741,40.0183,4.26E+00,3.27E+01,2.33E+01,6.30E+00
448,20.0002,33.3408,4.25E+00,3.34E+01,3.18E+01,9.25E+00
449,19.9988,40.0084,4.03E+00,2.97E+01,2.79E+01,7.19E+00
450,6.67901,13.3555,5.42E+00,8.72E+01,5.04E+01,2.98E+01
451,13.3466,13.3467,5.18E+00,6.82E+01,4.22E+01,2.47E+01
452,20.0129,13.3407,4.92E+00,5.33E+01,3.78E+01,1.78E+01
453,13.3405,20.0131,4.92E+00,5.30E+01,3.80E+01,1.76E+01
454,6.67376,20.0209,5.11E+00,6.17E+01,3.85E+01,1.76E+01
455,20.0065,20.0067,4.71E+00,4.47E+01,3.82E+01,1.48E+01
456,13.3556,6.67926,5.42E+00,8.70E+01,4.95E+01,3.01E+01
457,6.68735,6.68718,5.71E+00,1.26E+02,7.37E+01,4.90E+01
458,20.0209,6.674,5.11E+00,6.21E+01,3.79E+01,1.81E+01
459,53.326,93.3354,2.02E+00,1.52E+01,1.95E+01,3.16E+00
460,53.3256,86.6673,2.19E+00,1.59E+01,2.10E+01,3.40E+00
461,53.3254,79.9991,2.34E+00,1.67E+01,2.26E+01,3.66E+00
462,53.3253,73.3308,2.50E+00,1.74E+01,2.45E+01,3.94E+00
463,53.3254,66.6627,2.65E+00,1.82E+01,2.65E+01,4.22E+00
464,53.326,59.9948,2.80E+00,1.89E+01,2.83E+01,4.50E+00
465,53.3272,53.3273,2.95E+00,1.98E+01,2.94E+01,4.76E+00
466,59.9916,73.3285,2.39E+00,1.69E+01,2.55E+01,4.10E+00
467,66.6583,73.3268,2.28E+00,1.63E+01,2.60E+01,4.22E+00
468,73.3255,73.3255,2.16E+00,1.58E+01,2.57E+01,4.29E+00
469,79.9931,73.3248,2.04E+00,1.53E+01,2.49E+01,4.30E+00
470,86.661,73.3245,1.91E+00,1.48E+01,2.38E+01,4.27E+00
471,93.329,73.3245,1.78E+00,1.43E+01,2.25E+01,4.19E+00
472,73.3247,79.9931,2.04E+00,1.53E+01,2.50E+01,4.30E+00
473,73.3244,86.6609,1.91E+00,1.48E+01,2.38E+01,4.27E+00
474,73.3244,93.329,1.78E+00,1.43E+01,2.26E+01,4.19E+00
475,66.6579,86.6627,2.01E+00,1.52E+01,2.32E+01,4.00E+00
476,59.9916,86.6649,2.10E+00,1.56E+01,2.22E+01,3.69E+00
477,66.6579,79.9946,2.14E+00,1.58E+01,2.47E+01,4.13E+00
478,59.9915,79.9967,2.25E+00,1.62E+01,2.38E+01,3.90E+00
479,66.658,93.3309,1.87E+00,1.46E+01,2.17E+01,3.84E+00
480,59.9919,93.3331,1.95E+00,1.49E+01,2.07E+01,3.48E+00
481,86.6596,79.9914,1.81E+00,1.44E+01,2.40E+01,4.49E+00
482,86.6586,86.6586,1.70E+00,1.40E+01,2.38E+01,4.66E+00
483,86.6581,93.3262,1.59E+00,1.36E+01,2.32E+01,4.77E+00
484,79.9913,86.6596,1.81E+00,1.44E+01,2.40E+01,4.50E+00
485,79.992,79.992,1.92E+00,1.49E+01,2.47E+01,4.43E+00
486,79.9911,93.3274,1.69E+00,1.40E+01,2.31E+01,4.51E+00
487,93.3262,86.6581,1.59E+00,1.36E+01,2.32E+01,4.76E+00
488,93.3275,79.9911,1.69E+00,1.40E+01,2.30E+01,4.50E+00
489,93.3254,93.3254,1.49E+00,1.32E+01,2.30E+01,4.96E+00
490,73.3308,53.3254,2.50E+00,1.74E+01,2.44E+01,3.94E+00
491,73.3285,59.9917,2.39E+00,1.69E+01,2.55E+01,4.10E+00
492,73.3267,66.6584,2.28E+00,1.63E+01,2.59E+01,4.22E+00
493,66.6606,59.9922,2.53E+00,1.75E+01,2.70E+01,4.28E+00
494,59.9931,59.9932,2.67E+00,1.82E+01,2.80E+01,4.42E+00
495,66.6627,53.3256,2.65E+00,1.82E+01,2.64E+01,4.23E+00
496,59.9948,53.3262,2.80E+00,1.89E+01,2.82E+01,4.51E+00
497,66.6592,66.6592,2.41E+00,1.69E+01,2.68E+01,4.27E+00
498,59.9921,66.6607,2.53E+00,1.75E+01,2.70E+01,4.28E+00
499,93.3331,59.992,1.95E+00,1.49E+01,2.06E+01,3.47E+00
500,86.6649,59.9917,2.10E+00,1.56E+01,2.21E+01,3.69E+00
501,79.9967,59.9916,2.25E+00,1.63E+01,2.38E+01,3.90E+00
502,86.6673,53.3258,2.19E+00,1.60E+01,2.09E+01,3.39E+00
503,93.3355,53.3261,2.03E+00,1.52E+01,1.94E+01,3.15E+00
504,79.9991,53.3255,2.34E+00,1.67E+01,2.25E+01,3.66E+00
505,86.6628,66.658,2.01E+00,1.52E+01,2.31E+01,3.99E+00
506,93.331,66.6581,1.87E+00,1.46E+01,2.16E+01,3.83E+00
507,79.9947,66.658,2.14E+00,1.58E+01,2.46E+01,4.13E+00
508,26.6629,93.3448,2.28E+00,1.56E+01,1.53E+01,3.85E+00
509,26.6628,86.6776,2.47E+00,1.66E+01,1.61E+01,3.74E+00
510,26.6627,80.0102,2.67E+00,1.77E+01,1.71E+01,3.67E+00
511,26.6626,73.3427,2.87E+00,1.89E+01,1.83E+01,3.68E+00
512,26.6625,66.6751,3.07E+00,2.03E+01,1.99E+01,3.83E+00
513,26.6626,60.0073,3.27E+00,2.18E+01,2.18E+01,4.22E+00
514,26.6628,53.3395,3.47E+00,2.35E+01,2.43E+01,4.89E+00
515,33.3281,73.3396,2.79E+00,1.87E+01,1.98E+01,3.52E+00
516,39.9936,73.3365,2.70E+00,1.83E+01,2.15E+01,3.58E+00
517,46.6593,73.3335,2.60E+00,1.79E+01,2.31E+01,3.75E+00
518,39.9938,80.0046,2.52E+00,1.73E+01,1.97E+01,3.30E+00
519,39.9941,86.6725,2.34E+00,1.64E+01,1.83E+01,3.11E+00
520,39.9944,93.3402,2.16E+00,1.55E+01,1.72E+01,2.99E+00
521,33.3285,86.6751,2.41E+00,1.65E+01,1.71E+01,3.29E+00
522,33.3282,80.0074,2.60E+00,1.76E+01,1.83E+01,3.36E+00
523,33.3287,93.3426,2.22E+00,1.56E+01,1.62E+01,3.29E+00
524,46.6598,86.6698,2.27E+00,1.62E+01,1.96E+01,3.18E+00
525,46.6595,80.0017,2.44E+00,1.70E+01,2.12E+01,3.43E+00
526,46.6602,93.3378,2.10E+00,1.54E+01,1.83E+01,2.97E+00
527,33.328,60.0036,3.17E+00,2.12E+01,2.39E+01,4.34E+00
528,39.9936,60.0002,3.05E+00,2.05E+01,2.59E+01,4.46E+00
529,46.6596,59.9972,2.93E+00,1.97E+01,2.75E+01,4.52E+00
530,39.9935,66.6684,2.88E+00,1.94E+01,2.35E+01,3.97E+00
531,33.328,66.6717,2.98E+00,1.99E+01,2.17E+01,3.84E+00
532,46.6593,66.6653,2.77E+00,1.88E+01,2.52E+01,4.11E+00
533,39.994,53.3321,3.23E+00,2.16E+01,2.86E+01,5.06E+00
534,33.3282,53.3355,3.35E+00,2.26E+01,2.66E+01,5.03E+00
535,46.6603,53.3293,3.09E+00,2.07E+01,2.96E+01,4.96E+00
536,6.66531,73.3504,3.05E+00,1.89E+01,1.55E+01,6.18E+00
537,13.3312,73.3483,3.00E+00,1.90E+01,1.61E+01,4.95E+00
538,19.997,73.3456,2.94E+00,1.90E+01,1.71E+01,4.13E+00
539,13.3312,80.0151,2.78E+00,1.77E+01,1.53E+01,5.20E+00
540,13.3312,86.6818,2.57E+00,1.65E+01,1.45E+01,5.43E+00
541,13.3312,93.3485,2.36E+00,1.54E+01,1.39E+01,5.62E+00
542,6.6652,86.6834,2.60E+00,1.63E+01,1.41E+01,6.63E+00
543,6.66523,80.0169,2.82E+00,1.75E+01,1.47E+01,6.43E+00
544,6.6652,93.3498,2.39E+00,1.52E+01,1.35E+01,6.79E+00
545,19.997,86.6799,2.53E+00,1.66E+01,1.52E+01,4.46E+00
546,19.997,80.0128,2.73E+00,1.77E+01,1.61E+01,4.28E+00
547,19.9971,93.3468,2.32E+00,1.55E+01,1.45E+01,4.64E+00
548,13.332,53.3475,3.67E+00,2.49E+01,2.01E+01,4.77E+00
549,13.3316,60.0145,3.44E+00,2.26E+01,1.84E+01,4.61E+00
550,13.3314,66.6814,3.22E+00,2.06E+01,1.71E+01,4.72E+00
551,6.66569,60.0174,3.51E+00,2.26E+01,1.75E+01,5.60E+00
552,6.66605,53.3509,3.75E+00,2.51E+01,1.89E+01,5.42E+00
553,6.66546,66.6839,3.27E+00,2.05E+01,1.64E+01,5.89E+00
554,19.9972,60.0111,3.36E+00,2.23E+01,1.99E+01,4.24E+00
555,19.9975,53.3436,3.58E+00,2.43E+01,2.20E+01,4.73E+00
556,19.997,66.6784,3.15E+00,2.05E+01,1.83E+01,4.08E+00
557,0.000347488,-93.3509,2.41E+00,1.50E+01,1.31E+01,7.94E+00
558,0.000317787,-86.6847,2.63E+00,1.60E+01,1.37E+01,7.84E+00
559,0.000269291,-80.0183,2.85E+00,1.72E+01,1.44E+01,7.71E+00
560,0.000194521,-73.352,3.08E+00,1.86E+01,1.51E+01,7.54E+00
561,8.36E-05,-66.6858,3.31E+00,2.04E+01,1.60E+01,7.34E+00
562,-7.60E-05,-60.0196,3.55E+00,2.25E+01,1.71E+01,7.12E+00
563,-0.000304532,-53.3535,3.80E+00,2.51E+01,1.85E+01,6.94E+00
564,-0.000626845,-46.6877,4.06E+00,2.86E+01,2.03E+01,6.91E+00
565,-0.00108594,-40.022,4.33E+00,3.32E+01,2.29E+01,7.20E+00
566,-0.00173131,-33.3566,4.61E+00,3.97E+01,2.66E+01,8.11E+00
567,-0.00264472,-26.6916,4.91E+00,4.94E+01,3.24E+01,9.97E+00
568,-0.00386496,-20.0269,5.23E+00,6.48E+01,4.26E+01,1.33E+01
569,-0.00527537,-13.3619,5.57E+00,9.43E+01,6.30E+01,2.16E+01
570,-0.00564619,-6.691,5.89E+00,1.43E+02,9.68E+01,4.68E+01
571,-6.66681,-53.3512,3.75E+00,2.54E+01,1.88E+01,5.25E+00
572,-13.3327,-53.3478,3.68E+00,2.51E+01,2.00E+01,4.79E+00
573,-19.9982,-53.3439,3.58E+00,2.44E+01,2.18E+01,4.86E+00
574,-26.6635,-53.3397,3.47E+00,2.35E+01,2.42E+01,5.06E+00
575,-33.3288,-53.3358,3.35E+00,2.26E+01,2.66E+01,5.20E+00
576,-39.9946,-53.3323,3.23E+00,2.15E+01,2.85E+01,5.22E+00
577,-46.6608,-53.3295,3.09E+00,2.05E+01,2.96E+01,5.11E+00
578,-53.3276,-53.3275,2.95E+00,1.96E+01,2.95E+01,4.91E+00
579,-59.9951,-53.3263,2.80E+00,1.88E+01,2.83E+01,4.65E+00
580,-66.663,-53.3257,2.65E+00,1.80E+01,2.65E+01,4.36E+00
581,-73.3311,-53.3256,2.50E+00,1.73E+01,2.46E+01,4.06E+00
582,-79.9993,-53.3256,2.34E+00,1.66E+01,2.27E+01,3.76E+00
583,-86.6676,-53.3259,2.18E+00,1.58E+01,2.10E+01,3.48E+00
584,-93.3356,-53.3263,2.02E+00,1.51E+01,1.95E+01,3.22E+00
585,-46.6601,-59.9974,2.93E+00,1.96E+01,2.75E+01,4.67E+00
586,-46.6598,-66.6656,2.76E+00,1.87E+01,2.52E+01,4.24E+00
587,-46.6598,-73.3338,2.60E+00,1.78E+01,2.30E+01,3.85E+00
588,-46.66,-80.002,2.43E+00,1.70E+01,2.11E+01,3.51E+00
589,-46.6603,-86.6702,2.26E+00,1.62E+01,1.95E+01,3.22E+00
590,-46.6607,-93.3381,2.09E+00,1.53E+01,1.82E+01,2.99E+00
591,-19.9979,-60.0114,3.36E+00,2.24E+01,1.98E+01,4.26E+00
592,-19.9977,-66.6787,3.15E+00,2.06E+01,1.82E+01,4.03E+00
593,-19.9976,-73.3459,2.94E+00,1.91E+01,1.70E+01,4.03E+00
594,-19.9976,-80.0131,2.73E+00,1.78E+01,1.60E+01,4.15E+00
595,-19.9976,-86.6802,2.52E+00,1.66E+01,1.51E+01,4.33E+00
596,-19.9977,-93.347,2.32E+00,1.55E+01,1.45E+01,4.52E+00
597,-13.3319,-73.3485,3.00E+00,1.91E+01,1.60E+01,4.76E+00
598,-6.66599,-73.3506,3.04E+00,1.90E+01,1.54E+01,5.91E+00
599,-13.3321,-66.6817,3.22E+00,2.08E+01,1.70E+01,4.56E+00
600,-13.3323,-60.0148,3.44E+00,2.27E+01,1.83E+01,4.51E+00
601,-6.66617,-66.6841,3.27E+00,2.07E+01,1.63E+01,5.61E+00
602,-6.66643,-60.0176,3.51E+00,2.28E+01,1.74E+01,5.35E+00
603,-13.3318,-86.6821,2.57E+00,1.65E+01,1.45E+01,5.25E+00
604,-6.66581,-86.6836,2.60E+00,1.63E+01,1.40E+01,6.42E+00
605,-13.3318,-80.0153,2.78E+00,1.77E+01,1.52E+01,5.01E+00
606,-6.66588,-80.0171,2.82E+00,1.76E+01,1.46E+01,6.19E+00
607,-13.3317,-93.3487,2.36E+00,1.54E+01,1.39E+01,5.47E+00
608,-6.66578,-93.35,2.39E+00,1.52E+01,1.34E+01,6.61E+00
609,-39.9942,-73.3368,2.70E+00,1.83E+01,2.13E+01,3.65E+00
610,-33.3286,-73.3399,2.78E+00,1.87E+01,1.97E+01,3.56E+00
611,-26.6632,-73.343,2.87E+00,1.89E+01,1.82E+01,3.65E+00
612,-33.3286,-66.6721,2.97E+00,1.99E+01,2.15E+01,3.92E+00
613,-33.3286,-60.0039,3.16E+00,2.11E+01,2.38E+01,4.47E+00
614,-39.9941,-66.6687,2.87E+00,1.93E+01,2.34E+01,4.08E+00
615,-39.9942,-60.0005,3.05E+00,2.04E+01,2.59E+01,4.60E+00
616,-26.6632,-66.6755,3.07E+00,2.03E+01,1.98E+01,3.86E+00
617,-26.6633,-60.0077,3.27E+00,2.18E+01,2.17E+01,4.31E+00
618,-33.3292,-93.3429,2.22E+00,1.55E+01,1.61E+01,3.23E+00
619,-33.329,-86.6754,2.41E+00,1.65E+01,1.70E+01,3.25E+00
620,-33.3288,-80.0078,2.60E+00,1.75E+01,1.82E+01,3.35E+00
621,-39.9946,-86.6728,2.34E+00,1.64E+01,1.82E+01,3.12E+00
622,-39.9949,-93.3405,2.16E+00,1.54E+01,1.71E+01,2.98E+00
623,-39.9944,-80.0049,2.52E+00,1.73E+01,1.96E+01,3.34E+00
624,-26.6634,-86.6779,2.47E+00,1.66E+01,1.60E+01,3.66E+00
625,-26.6635,-93.3451,2.27E+00,1.55E+01,1.52E+01,3.76E+00
626,-26.6633,-80.0105,2.67E+00,1.77E+01,1.70E+01,3.60E+00
627,-73.3288,-59.9919,2.39E+00,1.68E+01,2.56E+01,4.24E+00
628,-73.327,-66.6586,2.27E+00,1.63E+01,2.60E+01,4.37E+00
629,-73.3257,-73.3257,2.15E+00,1.58E+01,2.58E+01,4.44E+00
630,-73.325,-79.9933,2.03E+00,1.53E+01,2.50E+01,4.45E+00
631,-73.3247,-86.6612,1.90E+00,1.48E+01,2.38E+01,4.41E+00
632,-73.3246,-93.3292,1.77E+00,1.43E+01,2.25E+01,4.33E+00
633,-66.6587,-73.327,2.27E+00,1.63E+01,2.60E+01,4.36E+00
634,-59.992,-73.3288,2.39E+00,1.68E+01,2.55E+01,4.23E+00
635,-53.3257,-73.3311,2.50E+00,1.73E+01,2.45E+01,4.05E+00
636,-59.9924,-66.6609,2.53E+00,1.74E+01,2.71E+01,4.42E+00
637,-59.9935,-59.9934,2.67E+00,1.81E+01,2.81E+01,4.56E+00
638,-66.6595,-66.6595,2.40E+00,1.68E+01,2.69E+01,4.42E+00
639,-66.661,-59.9924,2.53E+00,1.74E+01,2.71E+01,4.42E+00
640,-53.3259,-66.663,2.65E+00,1.81E+01,2.64E+01,4.36E+00
641,-53.3264,-59.9951,2.80E+00,1.88E+01,2.83E+01,4.65E+00
642,-59.9923,-93.3333,1.94E+00,1.49E+01,2.06E+01,3.56E+00
643,-59.992,-86.6652,2.09E+00,1.56E+01,2.21E+01,3.79E+00
644,-59.9918,-79.9969,2.24E+00,1.62E+01,2.38E+01,4.02E+00
645,-66.6582,-86.663,2.00E+00,1.52E+01,2.31E+01,4.12E+00
646,-66.6584,-93.3311,1.86E+00,1.46E+01,2.17E+01,3.95E+00
647,-66.6583,-79.9949,2.14E+00,1.57E+01,2.46E+01,4.26E+00
648,-53.326,-86.6676,2.18E+00,1.59E+01,2.09E+01,3.47E+00
649,-53.3264,-93.3357,2.02E+00,1.51E+01,1.94E+01,3.21E+00
650,-53.3258,-79.9994,2.34E+00,1.66E+01,2.25E+01,3.76E+00
651,-93.3292,-73.3246,1.77E+00,1.43E+01,2.26E+01,4.34E+00
652,-86.6612,-73.3246,1.90E+00,1.48E+01,2.39E+01,4.42E+00
653,-79.9933,-73.325,2.03E+00,1.53E+01,2.50E+01,4.46E+00
654,-86.663,-66.6581,2.00E+00,1.52E+01,2.32E+01,4.13E+00
655,-86.6652,-59.9919,2.09E+00,1.55E+01,2.22E+01,3.80E+00
656,-93.3311,-66.6583,1.86E+00,1.46E+01,2.18E+01,3.96E+00
657,-93.3333,-59.9922,1.94E+00,1.49E+01,2.07E+01,3.57E+00
658,-79.9949,-66.6582,2.14E+00,1.57E+01,2.47E+01,4.27E+00
659,-79.9969,-59.9918,2.24E+00,1.62E+01,2.39E+01,4.03E+00
660,-86.6583,-93.3264,1.58E+00,1.36E+01,2.32E+01,4.96E+00
661,-86.6589,-86.6589,1.69E+00,1.40E+01,2.38E+01,4.84E+00
662,-86.6598,-79.9916,1.80E+00,1.44E+01,2.41E+01,4.66E+00
663,-93.3264,-86.6583,1.58E+00,1.36E+01,2.33E+01,4.97E+00
664,-93.3255,-93.3255,1.48E+00,1.33E+01,2.30E+01,5.18E+00
665,-93.3276,-79.9913,1.68E+00,1.40E+01,2.31E+01,4.68E+00
666,-79.9916,-86.6598,1.80E+00,1.44E+01,2.40E+01,4.66E+00
667,-79.9913,-93.3276,1.68E+00,1.40E+01,2.30E+01,4.67E+00
668,-79.9922,-79.9922,1.92E+00,1.48E+01,2.48E+01,4.59E+00
669,-46.6851,-6.66708,4.00E+00,2.84E+01,2.07E+01,5.52E+00
670,-46.681,-13.333,3.91E+00,2.77E+01,2.21E+01,5.53E+00
671,-46.6765,-19.9984,3.80E+00,2.66E+01,2.45E+01,5.84E+00
672,-46.6719,-26.6637,3.68E+00,2.53E+01,2.73E+01,6.06E+00
673,-46.6679,-33.3292,3.54E+00,2.40E+01,2.97E+01,6.07E+00
674,-46.6646,-39.9953,3.40E+00,2.27E+01,3.11E+01,5.88E+00
675,-46.6622,-46.6621,3.25E+00,2.16E+01,3.10E+01,5.53E+00
676,-40.004,-26.6646,3.88E+00,2.76E+01,3.08E+01,7.39E+00
677,-33.3363,-26.6662,4.09E+00,3.04E+01,3.43E+01,8.93E+00
678,-26.6693,-26.669,4.29E+00,3.38E+01,3.64E+01,1.06E+01
679,-20.0032,-26.6737,4.48E+00,3.81E+01,3.58E+01,1.21E+01
680,-13.3376,-26.68,4.66E+00,4.33E+01,3.31E+01,1.31E+01
681,-6.6713,-26.6867,4.81E+00,4.82E+01,3.13E+01,1.21E+01
682,-26.6739,-20.0029,4.48E+00,3.80E+01,3.58E+01,1.20E+01
683,-26.6802,-13.3373,4.66E+00,4.30E+01,3.31E+01,1.29E+01
684,-26.687,-6.67105,4.81E+00,4.76E+01,3.12E+01,1.18E+01
685,-33.347,-13.3351,4.41E+00,3.63E+01,2.86E+01,9.37E+00
686,-40.014,-13.3338,4.16E+00,3.14E+01,2.49E+01,7.00E+00
687,-33.3412,-20.0005,4.25E+00,3.32E+01,3.18E+01,9.45E+00
688,-40.0088,-19.9992,4.03E+00,2.96E+01,2.79E+01,7.38E+00
689,-33.3527,-6.66913,4.53E+00,3.88E+01,2.64E+01,8.33E+00
690,-40.0188,-6.66789,4.26E+00,3.27E+01,2.31E+01,6.40E+00
691,-6.67951,-13.3556,5.42E+00,8.74E+01,5.03E+01,3.03E+01
692,-13.3471,-13.3468,5.18E+00,6.80E+01,4.23E+01,2.48E+01
693,-20.0135,-13.3408,4.92E+00,5.28E+01,3.79E+01,1.78E+01
694,-13.3411,-20.0133,4.92E+00,5.30E+01,3.80E+01,1.80E+01
695,-6.67438,-20.0211,5.11E+00,6.22E+01,3.83E+01,1.83E+01
696,-20.0071,-20.0069,4.71E+00,4.44E+01,3.82E+01,1.50E+01
697,-13.356,-6.67947,5.42E+00,8.65E+01,4.96E+01,3.00E+01
698,-6.6877,-6.68743,5.71E+00,1.25E+02,7.37E+01,4.91E+01
699,-20.0214,-6.67418,5.11E+00,6.15E+01,3.80E+01,1.80E+01
700,-26.664,-46.6718,3.68E+00,2.55E+01,2.72E+01,6.11E+00
701,-26.6649,-40.0038,3.88E+00,2.78E+01,3.07E+01,7.45E+00
702,-26.6665,-33.3361,4.09E+00,3.05E+01,3.42E+01,8.98E+00
703,-33.3306,-39.9999,3.73E+00,2.59E+01,3.26E+01,7.09E+00
704,-39.9972,-39.997,3.57E+00,2.42E+01,3.27E+01,6.53E+00
705,-33.3294,-46.6677,3.54E+00,2.41E+01,2.96E+01,6.10E+00
706,-39.9955,-46.6644,3.40E+00,2.28E+01,3.11E+01,5.89E+00
707,-33.3327,-33.3325,3.91E+00,2.79E+01,3.45E+01,8.08E+00
708,-40,-33.3304,3.73E+00,2.58E+01,3.27E+01,7.07E+00
709,-13.3333,-46.6809,3.91E+00,2.80E+01,2.21E+01,5.61E+00
710,-13.3341,-40.0138,4.15E+00,3.18E+01,2.49E+01,7.14E+00
711,-13.3354,-33.3468,4.40E+00,3.67E+01,2.85E+01,9.57E+00
712,-19.9995,-40.0087,4.03E+00,2.98E+01,2.78E+01,7.49E+00
713,-19.9987,-46.6764,3.80E+00,2.69E+01,2.45E+01,5.92E+00
714,-20.0009,-33.341,4.25E+00,3.34E+01,3.17E+01,9.57E+00
715,-6.66817,-40.0186,4.26E+00,3.32E+01,2.31E+01,6.49E+00
716,-6.66736,-46.6849,4.00E+00,2.88E+01,2.07E+01,5.53E+00
717,-6.6694,-33.3525,4.53E+00,3.93E+01,2.65E+01,8.52E+00
718,-73.3507,-6.66578,3.05E+00,1.88E+01,1.54E+01,5.97E+00
719,-73.3486,-13.3317,3.00E+00,1.89E+01,1.60E+01,4.81E+00
720,-73.346,-19.9974,2.94E+00,1.89E+01,1.70E+01,4.05E+00
721,-73.343,-26.663,2.87E+00,1.88E+01,1.83E+01,3.65E+00
722,-73.3399,-33.3285,2.78E+00,1.86E+01,1.98E+01,3.55E+00
723,-73.3368,-39.994,2.70E+00,1.82E+01,2.15E+01,3.65E+00
724,-73.3338,-46.6597,2.60E+00,1.78E+01,2.31E+01,3.85E+00
725,-66.6755,-26.663,3.07E+00,2.02E+01,1.98E+01,3.86E+00
726,-60.0077,-26.6631,3.27E+00,2.17E+01,2.18E+01,4.29E+00
727,-53.3398,-26.6633,3.47E+00,2.34E+01,2.43E+01,5.02E+00
728,-66.6818,-13.3318,3.22E+00,2.06E+01,1.71E+01,4.60E+00
729,-60.0149,-13.332,3.44E+00,2.25E+01,1.84E+01,4.53E+00
730,-53.3479,-13.3324,3.68E+00,2.48E+01,2.00E+01,4.77E+00
731,-60.0178,-6.66618,3.51E+00,2.25E+01,1.74E+01,5.42E+00
732,-66.6843,-6.66594,3.27E+00,2.05E+01,1.63E+01,5.68E+00
733,-53.3513,-6.66654,3.75E+00,2.51E+01,1.88E+01,5.30E+00
734,-60.0114,-19.9976,3.36E+00,2.22E+01,1.99E+01,4.25E+00
735,-66.6788,-19.9975,3.15E+00,2.04E+01,1.83E+01,4.04E+00
736,-53.344,-19.9979,3.58E+00,2.42E+01,2.19E+01,4.82E+00
737,-59.9975,-46.6599,2.93E+00,1.96E+01,2.75E+01,4.67E+00
738,-60.0005,-39.994,3.05E+00,2.03E+01,2.60E+01,4.59E+00
739,-60.004,-33.3284,3.16E+00,2.10E+01,2.39E+01,4.45E+00
740,-66.6687,-39.9939,2.87E+00,1.92E+01,2.35E+01,4.07E+00
741,-66.6657,-46.6597,2.76E+00,1.87E+01,2.53E+01,4.24E+00
742,-66.6721,-33.3284,2.97E+00,1.98E+01,2.16E+01,3.91E+00
743,-53.3324,-39.9944,3.23E+00,2.15E+01,2.86E+01,5.21E+00
744,-53.3296,-46.6607,3.09E+00,2.05E+01,2.96E+01,5.11E+00
745,-53.3359,-33.3286,3.35E+00,2.25E+01,2.67E+01,5.17E+00
746,-93.345,-26.6634,2.27E+00,1.55E+01,1.52E+01,3.77E+00
747,-86.6779,-26.6632,2.47E+00,1.65E+01,1.61E+01,3.67E+00
748,-80.0105,-26.6631,2.67E+00,1.76E+01,1.71E+01,3.62E+00
749,-86.6802,-19.9975,2.52E+00,1.65E+01,1.52E+01,4.36E+00
750,-86.6821,-13.3316,2.57E+00,1.64E+01,1.45E+01,5.29E+00
751,-86.6837,-6.66564,2.60E+00,1.62E+01,1.40E+01,6.46E+00
752,-93.3487,-13.3316,2.36E+00,1.53E+01,1.39E+01,5.50E+00
753,-93.347,-19.9975,2.32E+00,1.54E+01,1.45E+01,4.54E+00
754,-93.3501,-6.66562,2.39E+00,1.51E+01,1.35E+01,6.64E+00
755,-80.0154,-13.3316,2.78E+00,1.76E+01,1.52E+01,5.05E+00
756,-80.0131,-19.9974,2.73E+00,1.76E+01,1.60E+01,4.18E+00
757,-80.0172,-6.66569,2.82E+00,1.74E+01,1.47E+01,6.24E+00
758,-86.6702,-46.6602,2.26E+00,1.61E+01,1.97E+01,3.22E+00
759,-86.6728,-39.9945,2.34E+00,1.63E+01,1.83E+01,3.12E+00
760,-86.6754,-33.3288,2.41E+00,1.64E+01,1.71E+01,3.26E+00
761,-93.3405,-39.9948,2.16E+00,1.54E+01,1.72E+01,2.98E+00
762,-93.3381,-46.6605,2.09E+00,1.53E+01,1.83E+01,2.99E+00
763,-93.3428,-33.329,2.22E+00,1.54E+01,1.61E+01,3.24E+00
764,-80.0049,-39.9942,2.52E+00,1.72E+01,1.97E+01,3.34E+00
765,-80.002,-46.6599,2.43E+00,1.69E+01,2.12E+01,3.51E+00
766,-80.0078,-33.3286,2.60E+00,1.75E+01,1.83E+01,3.35E+00
767,93.3411,-53.3302,2.16E+00,1.48E+01,1.14E+01,2.22E+01
768,86.6733,-53.3303,2.33E+00,1.59E+01,1.19E+01,2.40E+01
769,80.0054,-53.3305,2.51E+00,1.72E+01,1.24E+01,2.62E+01
770,73.3374,-53.3309,2.68E+00,1.87E+01,1.28E+01,2.87E+01
771,66.6695,-53.3316,2.84E+00,2.05E+01,1.33E+01,3.13E+01
772,60.0017,-53.3327,3.00E+00,2.21E+01,1.38E+01,3.38E+01
773,53.3342,-53.3344,3.16E+00,2.32E+01,1.44E+01,3.56E+01
774,46.6672,-53.3369,3.30E+00,2.32E+01,1.51E+01,3.60E+01
775,40.0007,-53.3402,3.44E+00,2.23E+01,1.61E+01,3.46E+01
776,33.3345,-53.344,3.57E+00,2.11E+01,1.72E+01,3.15E+01
777,26.6681,-53.3479,3.67E+00,2.05E+01,1.82E+01,2.70E+01
778,20.0013,-53.3514,3.75E+00,2.09E+01,1.89E+01,2.14E+01
779,13.3341,-53.3537,3.80E+00,2.24E+01,1.90E+01,1.56E+01
780,6.66675,-53.3544,3.82E+00,2.40E+01,1.87E+01,1.04E+01
781,53.3325,-60.0019,3.00E+00,2.21E+01,1.37E+01,3.38E+01
782,53.3313,-66.6696,2.84E+00,2.05E+01,1.32E+01,3.13E+01
783,53.3306,-73.3375,2.68E+00,1.87E+01,1.28E+01,2.86E+01
784,53.3302,-80.0054,2.51E+00,1.71E+01,1.23E+01,2.61E+01
785,53.33,-86.6733,2.34E+00,1.57E+01,1.18E+01,2.40E+01
786,53.3298,-93.341,2.16E+00,1.46E+01,1.14E+01,2.21E+01
787,59.997,-73.3348,2.57E+00,1.97E+01,1.22E+01,2.98E+01
788,66.6638,-73.3326,2.45E+00,2.02E+01,1.17E+01,3.02E+01
789,73.3309,-73.331,2.32E+00,2.01E+01,1.12E+01,2.98E+01
790,79.9984,-73.3298,2.19E+00,1.94E+01,1.08E+01,2.87E+01
791,86.6662,-73.3291,2.06E+00,1.84E+01,1.05E+01,2.73E+01
792,93.3342,-73.3287,1.92E+00,1.73E+01,1.01E+01,2.57E+01
793,73.3326,-66.664,2.45E+00,2.02E+01,1.17E+01,3.02E+01
794,73.3348,-59.9973,2.56E+00,1.97E+01,1.22E+01,2.98E+01
795,59.998,-66.6672,2.72E+00,2.11E+01,1.26E+01,3.19E+01
796,59.9995,-59.9997,2.86E+00,2.20E+01,1.31E+01,3.34E+01
797,66.6651,-66.6653,2.58E+00,2.10E+01,1.21E+01,3.15E+01
798,66.667,-59.9982,2.72E+00,2.11E+01,1.26E+01,3.19E+01
799,86.6683,-66.6627,2.16E+00,1.78E+01,1.09E+01,2.66E+01
800,86.6707,-59.9964,2.25E+00,1.68E+01,1.14E+01,2.55E+01
801,80.0004,-66.6631,2.30E+00,1.91E+01,1.13E+01,2.85E+01
802,80.0027,-59.9967,2.41E+00,1.82E+01,1.18E+01,2.76E+01
803,93.3363,-66.6624,2.01E+00,1.66E+01,1.05E+01,2.48E+01
804,93.3387,-59.9962,2.09E+00,1.57E+01,1.10E+01,2.36E+01
805,73.3285,-93.3341,1.92E+00,1.72E+01,1.01E+01,2.57E+01
806,73.329,-86.6663,2.06E+00,1.84E+01,1.05E+01,2.73E+01
807,73.3297,-79.9985,2.19E+00,1.94E+01,1.08E+01,2.87E+01
808,66.6624,-86.6683,2.16E+00,1.77E+01,1.09E+01,2.66E+01
809,59.9961,-86.6707,2.25E+00,1.67E+01,1.14E+01,2.54E+01
810,66.6621,-93.3362,2.01E+00,1.64E+01,1.05E+01,2.48E+01
811,59.9959,-93.3385,2.09E+00,1.55E+01,1.09E+01,2.36E+01
812,66.6629,-80.0004,2.31E+00,1.90E+01,1.13E+01,2.85E+01
813,59.9964,-80.0027,2.41E+00,1.82E+01,1.18E+01,2.76E+01
814,93.3308,-86.6623,1.73E+00,1.80E+01,9.38E+00,2.63E+01
815,86.6632,-86.6632,1.85E+00,1.85E+01,9.72E+00,2.71E+01
816,79.9959,-86.6645,1.96E+00,1.86E+01,1.01E+01,2.75E+01
817,86.6623,-93.3307,1.73E+00,1.80E+01,9.38E+00,2.63E+01
818,93.3296,-93.3295,1.63E+00,1.78E+01,9.05E+00,2.60E+01
819,79.9952,-93.3322,1.83E+00,1.77E+01,9.74E+00,2.62E+01
820,86.6645,-79.996,1.96E+00,1.87E+01,1.01E+01,2.75E+01
821,93.3323,-79.9954,1.83E+00,1.79E+01,9.75E+00,2.62E+01
822,79.997,-79.997,2.08E+00,1.93E+01,1.04E+01,2.84E+01
823,26.6673,-60.0152,3.45E+00,1.86E+01,1.69E+01,2.34E+01
824,26.6666,-66.6823,3.23E+00,1.71E+01,1.59E+01,2.07E+01
825,26.6662,-73.3491,3.01E+00,1.59E+01,1.49E+01,1.86E+01
826,26.6659,-80.016,2.80E+00,1.50E+01,1.41E+01,1.71E+01
827,26.6656,-86.6827,2.58E+00,1.42E+01,1.33E+01,1.59E+01
828,26.6655,-93.3493,2.38E+00,1.35E+01,1.26E+01,1.50E+01
829,33.3324,-73.3465,2.95E+00,1.59E+01,1.45E+01,2.17E+01
830,39.9985,-73.3435,2.87E+00,1.65E+01,1.40E+01,2.44E+01
831,46.6645,-73.3404,2.78E+00,1.75E+01,1.34E+01,2.68E+01
832,39.999,-66.6759,3.06E+00,1.81E+01,1.47E+01,2.73E+01
833,39.9997,-60.0081,3.25E+00,2.01E+01,1.54E+01,3.07E+01
834,33.3329,-66.6792,3.15E+00,1.73E+01,1.53E+01,2.42E+01
835,33.3336,-60.0117,3.36E+00,1.90E+01,1.62E+01,2.75E+01
836,46.6651,-66.6726,2.96E+00,1.93E+01,1.39E+01,2.97E+01
837,46.6659,-60.0047,3.13E+00,2.13E+01,1.45E+01,3.29E+01
838,39.9978,-93.3456,2.29E+00,1.35E+01,1.21E+01,1.88E+01
839,39.9979,-86.6785,2.48E+00,1.43E+01,1.27E+01,2.03E+01
840,39.9982,-80.0111,2.68E+00,1.53E+01,1.33E+01,2.21E+01
841,33.3318,-86.6808,2.54E+00,1.41E+01,1.31E+01,1.82E+01
842,33.3317,-93.3476,2.34E+00,1.34E+01,1.24E+01,1.69E+01
843,33.3321,-80.0137,2.74E+00,1.49E+01,1.38E+01,1.97E+01
844,46.664,-86.6759,2.41E+00,1.49E+01,1.23E+01,2.22E+01
845,46.6638,-93.3434,2.23E+00,1.39E+01,1.17E+01,2.05E+01
846,46.6642,-80.0082,2.60E+00,1.60E+01,1.28E+01,2.43E+01
847,6.66661,-73.3526,3.09E+00,1.80E+01,1.50E+01,9.71E+00
848,13.3332,-73.3523,3.08E+00,1.72E+01,1.51E+01,1.24E+01
849,19.9997,-73.3511,3.06E+00,1.65E+01,1.51E+01,1.55E+01
850,13.3334,-66.6861,3.32E+00,1.86E+01,1.61E+01,1.31E+01
851,13.3337,-60.0199,3.56E+00,2.03E+01,1.74E+01,1.41E+01
852,6.66664,-66.6865,3.33E+00,1.96E+01,1.60E+01,9.85E+00
853,6.66668,-60.0204,3.57E+00,2.16E+01,1.72E+01,1.01E+01
854,20.0001,-66.6847,3.29E+00,1.77E+01,1.61E+01,1.68E+01
855,20.0006,-60.018,3.52E+00,1.91E+01,1.73E+01,1.87E+01
856,13.3329,-93.3512,2.42E+00,1.43E+01,1.29E+01,1.12E+01
857,13.3329,-86.685,2.63E+00,1.51E+01,1.35E+01,1.15E+01
858,13.333,-80.0186,2.86E+00,1.61E+01,1.42E+01,1.19E+01
859,6.66658,-86.6851,2.64E+00,1.56E+01,1.36E+01,9.53E+00
860,6.66657,-93.3513,2.42E+00,1.47E+01,1.30E+01,9.47E+00
861,6.66659,-80.0189,2.86E+00,1.67E+01,1.42E+01,9.61E+00
862,19.9993,-86.6842,2.62E+00,1.46E+01,1.34E+01,1.37E+01
863,19.9992,-93.3505,2.40E+00,1.38E+01,1.27E+01,1.31E+01
864,19.9995,-80.0177,2.84E+00,1.54E+01,1.42E+01,1.44E+01
865,53.3542,-6.66723,3.82E+00,2.39E+01,1.87E+01,1.08E+01
866,53.3535,-13.3345,3.80E+00,2.22E+01,1.90E+01,1.60E+01
867,53.3512,-20.0018,3.75E+00,2.08E+01,1.89E+01,2.18E+01
868,53.3478,-26.6686,3.67E+00,2.03E+01,1.83E+01,2.73E+01
869,53.3439,-33.3348,3.57E+00,2.10E+01,1.73E+01,3.17E+01
870,53.34,-40.0011,3.44E+00,2.23E+01,1.62E+01,3.47E+01
871,53.3367,-46.6676,3.30E+00,2.32E+01,1.52E+01,3.60E+01
872,60.015,-26.6677,3.45E+00,1.85E+01,1.70E+01,2.37E+01
873,66.6821,-26.6671,3.23E+00,1.71E+01,1.59E+01,2.09E+01
874,73.349,-26.6667,3.01E+00,1.60E+01,1.50E+01,1.89E+01
875,80.0159,-26.6663,2.80E+00,1.50E+01,1.41E+01,1.73E+01
876,86.6826,-26.6661,2.58E+00,1.43E+01,1.33E+01,1.61E+01
877,93.3493,-26.6659,2.37E+00,1.36E+01,1.26E+01,1.52E+01
878,73.351,-20.0002,3.06E+00,1.65E+01,1.51E+01,1.57E+01
879,73.3522,-13.3336,3.08E+00,1.73E+01,1.51E+01,1.27E+01
880,73.3524,-6.66707,3.09E+00,1.81E+01,1.51E+01,9.98E+00
881,66.6859,-13.3338,3.32E+00,1.86E+01,1.61E+01,1.34E+01
882,60.0197,-13.3341,3.56E+00,2.02E+01,1.74E+01,1.45E+01
883,66.6845,-20.0006,3.28E+00,1.76E+01,1.62E+01,1.72E+01
884,60.0179,-20.0011,3.52E+00,1.90E+01,1.74E+01,1.91E+01
885,66.6863,-6.66711,3.33E+00,1.96E+01,1.60E+01,1.02E+01
886,60.0202,-6.66716,3.57E+00,2.15E+01,1.72E+01,1.04E+01
887,93.3511,-13.3332,2.42E+00,1.44E+01,1.29E+01,1.14E+01
888,86.6848,-13.3333,2.63E+00,1.52E+01,1.35E+01,1.17E+01
889,80.0185,-13.3334,2.86E+00,1.61E+01,1.43E+01,1.21E+01
890,86.684,-19.9997,2.62E+00,1.47E+01,1.35E+01,1.39E+01
891,93.3504,-19.9996,2.40E+00,1.40E+01,1.28E+01,1.32E+01
892,80.0175,-19.9999,2.84E+00,1.55E+01,1.42E+01,1.47E+01
893,86.6849,-6.66701,2.64E+00,1.57E+01,1.36E+01,9.74E+00
894,93.3512,-6.66698,2.42E+00,1.48E+01,1.30E+01,9.63E+00
895,80.0187,-6.66704,2.86E+00,1.68E+01,1.43E+01,9.85E+00
896,73.3404,-46.6649,2.78E+00,1.76E+01,1.34E+01,2.69E+01
897,73.3435,-39.9989,2.87E+00,1.65E+01,1.40E+01,2.46E+01
898,73.3464,-33.3328,2.95E+00,1.60E+01,1.46E+01,2.19E+01
899,66.6758,-39.9994,3.06E+00,1.81E+01,1.47E+01,2.74E+01
900,60.0079,-40.0001,3.25E+00,2.00E+01,1.54E+01,3.09E+01
901,66.6725,-46.6655,2.96E+00,1.93E+01,1.40E+01,2.98E+01
902,60.0045,-46.6663,3.13E+00,2.13E+01,1.45E+01,3.30E+01
903,66.6791,-33.3333,3.15E+00,1.73E+01,1.54E+01,2.44E+01
904,60.0116,-33.334,3.36E+00,1.89E+01,1.63E+01,2.77E+01
905,93.3457,-39.9982,2.29E+00,1.37E+01,1.21E+01,1.89E+01
906,86.6785,-39.9983,2.48E+00,1.44E+01,1.27E+01,2.04E+01
907,80.011,-39.9986,2.67E+00,1.53E+01,1.34E+01,2.23E+01
908,86.6759,-46.6644,2.41E+00,1.50E+01,1.23E+01,2.23E+01
909,93.3435,-46.6642,2.23E+00,1.41E+01,1.18E+01,2.06E+01
910,80.0082,-46.6646,2.60E+00,1.61E+01,1.29E+01,2.44E+01
911,86.6807,-33.3322,2.54E+00,1.42E+01,1.31E+01,1.83E+01
912,93.3477,-33.332,2.34E+00,1.35E+01,1.24E+01,1.71E+01
913,80.0137,-33.3325,2.74E+00,1.50E+01,1.38E+01,1.99E+01
914,6.66838,-26.6924,4.94E+00,4.48E+01,3.45E+01,1.71E+01
915,13.3395,-26.6887,4.87E+00,3.80E+01,3.41E+01,3.33E+01
916,20.009,-26.6828,4.73E+00,3.37E+01,3.10E+01,4.52E+01
917,26.6771,-26.6775,4.55E+00,3.13E+01,2.71E+01,4.79E+01
918,33.345,-26.6737,4.34E+00,2.87E+01,2.39E+01,4.41E+01
919,40.0128,-26.6713,4.12E+00,2.56E+01,2.16E+01,3.79E+01
920,46.6804,-26.6697,3.90E+00,2.27E+01,1.98E+01,3.21E+01
921,26.6825,-20.0093,4.73E+00,3.34E+01,3.10E+01,4.56E+01
922,26.6885,-13.3399,4.87E+00,3.73E+01,3.41E+01,3.41E+01
923,26.6922,-6.66877,4.94E+00,4.40E+01,3.44E+01,1.77E+01
924,20.0209,-13.3439,5.15E+00,4.46E+01,4.36E+01,4.15E+01
925,13.3506,-13.3507,5.39E+00,5.67E+01,5.66E+01,3.98E+01
926,6.67449,-13.359,5.56E+00,7.78E+01,6.67E+01,2.31E+01
927,13.3436,-20.0211,5.15E+00,4.52E+01,4.37E+01,4.09E+01
928,20.014,-20.0143,4.96E+00,3.80E+01,3.72E+01,4.91E+01
929,6.67025,-20.0268,5.25E+00,5.66E+01,4.62E+01,2.11E+01
930,13.3592,-6.67465,5.56E+00,7.64E+01,6.59E+01,2.33E+01
931,20.0268,-6.67057,5.25E+00,5.55E+01,4.58E+01,2.19E+01
932,6.68318,-6.68298,5.81E+00,1.15E+02,9.10E+01,2.79E+01
933,46.6874,-13.3351,4.06E+00,2.47E+01,2.12E+01,1.82E+01
934,40.0212,-13.3361,4.32E+00,2.79E+01,2.40E+01,2.16E+01
935,33.355,-13.3375,4.59E+00,3.20E+01,2.81E+01,2.68E+01
936,40.0175,-20.0041,4.24E+00,2.58E+01,2.33E+01,3.10E+01
937,46.6844,-20.0027,4.00E+00,2.30E+01,2.08E+01,2.56E+01
938,33.3502,-20.0062,4.49E+00,2.93E+01,2.65E+01,3.80E+01
939,40.0228,-6.66755,4.35E+00,3.10E+01,2.36E+01,1.26E+01
940,46.6884,-6.66734,4.08E+00,2.69E+01,2.08E+01,1.15E+01
941,33.3574,-6.66795,4.64E+00,3.64E+01,2.78E+01,1.46E+01
942,26.6692,-46.6806,3.90E+00,2.29E+01,1.97E+01,3.18E+01
943,26.6709,-40.013,4.12E+00,2.58E+01,2.15E+01,3.77E+01
944,26.6733,-33.3452,4.34E+00,2.88E+01,2.38E+01,4.39E+01
945,13.3347,-46.6876,4.06E+00,2.50E+01,2.11E+01,1.77E+01
946,13.3357,-40.0215,4.32E+00,2.83E+01,2.40E+01,2.11E+01
947,13.3371,-33.3552,4.59E+00,3.25E+01,2.80E+01,2.61E+01
948,6.6671,-40.023,4.35E+00,3.13E+01,2.36E+01,1.22E+01
949,6.66687,-46.6887,4.08E+00,2.72E+01,2.07E+01,1.11E+01
950,6.66752,-33.3576,4.64E+00,3.69E+01,2.78E+01,1.40E+01
951,20.0037,-40.0177,4.24E+00,2.61E+01,2.32E+01,3.05E+01
952,20.0023,-46.6847,4.00E+00,2.32E+01,2.07E+01,2.52E+01
953,20.0058,-33.3505,4.49E+00,2.96E+01,2.64E+01,3.75E+01
954,40.0023,-46.6725,3.63E+00,2.46E+01,1.70E+01,3.85E+01
955,40.0047,-40.005,3.81E+00,2.61E+01,1.81E+01,4.12E+01
956,40.0082,-33.338,3.97E+00,2.62E+01,1.97E+01,4.14E+01
957,33.3377,-40.0085,3.97E+00,2.63E+01,1.96E+01,4.13E+01
958,33.3358,-46.6763,3.77E+00,2.37E+01,1.83E+01,3.64E+01
959,33.3406,-33.3409,4.16E+00,2.81E+01,2.15E+01,4.46E+01
960,46.6722,-40.0026,3.63E+00,2.45E+01,1.70E+01,3.86E+01
961,46.6693,-46.6696,3.47E+00,2.45E+01,1.59E+01,3.82E+01
962,46.6761,-33.3361,3.77E+00,2.36E+01,1.84E+01,3.65E+01
1302,-99.992,-106.243,1.19E+00,1.23E+01,2.17E+01,5.73E+00
1303,-99.9919,-112.494,1.09E+00,1.19E+01,2.11E+01,5.82E+00
1304,-99.992,-118.746,9.90E-01,1.15E+01,2.04E+01,5.82E+00
1305,-99.9923,-124.997,8.87E-01,1.09E+01,1.97E+01,5.71E+00
1306,-93.3256,-124.998,9.47E-01,1.10E+01,1.93E+01,5.16E+00
1307,-86.6592,-125,1.00E+00,1.11E+01,1.87E+01,4.56E+00
1308,-79.9929,-125.001,1.06E+00,1.12E+01,1.80E+01,3.93E+00
1309,-73.3267,-125.003,1.10E+00,1.12E+01,1.73E+01,3.33E+00
1310,-66.6606,-125.004,1.15E+00,1.12E+01,1.65E+01,2.79E+00
1311,-59.9945,-125.006,1.19E+00,1.12E+01,1.57E+01,2.44E+00
1312,-53.3284,-125.007,1.23E+00,1.12E+01,1.50E+01,2.36E+00
1313,-46.6624,-125.009,1.27E+00,1.12E+01,1.43E+01,2.60E+00
1314,-39.9964,-125.01,1.30E+00,1.12E+01,1.36E+01,3.11E+00
1315,-33.3303,-125.011,1.33E+00,1.12E+01,1.30E+01,3.79E+00
1316,-26.6643,-125.012,1.35E+00,1.12E+01,1.25E+01,4.58E+00
1317,-19.9981,-125.013,1.37E+00,1.11E+01,1.20E+01,5.44E+00
1318,-13.332,-125.014,1.39E+00,1.11E+01,1.15E+01,6.35E+00
1319,-6.66585,-125.015,1.41E+00,1.10E+01,1.11E+01,7.31E+00
1320,0.000348004,-125.015,1.42E+00,1.10E+01,1.08E+01,8.32E+00
1321,6.66657,-125.015,1.42E+00,1.09E+01,1.05E+01,9.36E+00
1322,13.3328,-125.015,1.42E+00,1.09E+01,1.02E+01,1.05E+01
1323,19.9991,-125.015,1.42E+00,1.08E+01,1.00E+01,1.16E+01
1324,26.6653,-125.015,1.41E+00,1.08E+01,9.78E+00,1.27E+01
1325,33.3316,-125.014,1.39E+00,1.08E+01,9.55E+00,1.38E+01
1326,39.9978,-125.013,1.37E+00,1.10E+01,9.32E+00,1.49E+01
1327,46.664,-125.012,1.35E+00,1.12E+01,9.07E+00,1.60E+01
1328,53.3301,-125.011,1.32E+00,1.15E+01,8.82E+00,1.70E+01
1329,59.9963,-125.009,1.29E+00,1.19E+01,8.57E+00,1.80E+01
1330,66.6625,-125.008,1.25E+00,1.24E+01,8.33E+00,1.89E+01
1331,73.3287,-125.006,1.21E+00,1.29E+01,8.09E+00,1.98E+01
1332,79.995,-125.005,1.17E+00,1.35E+01,7.87E+00,2.06E+01
1333,86.6613,-125.003,1.12E+00,1.40E+01,7.65E+00,2.13E+01
1334,93.3279,-125.002,1.07E+00,1.45E+01,7.44E+00,2.19E+01
1335,99.9946,-125,1.01E+00,1.48E+01,7.25E+00,2.24E+01
1336,99.9947,-118.749,1.12E+00,1.55E+01,7.59E+00,2.31E+01
1337,99.9949,-112.498,1.22E+00,1.62E+01,7.89E+00,2.38E+01
1338,99.9954,-106.247,1.32E+00,1.67E+01,8.17E+00,2.45E+01
1339,0.000354728,-118.766,1.61E+00,1.18E+01,1.13E+01,8.19E+00
1340,0.00036136,-112.516,1.80E+00,1.25E+01,1.17E+01,8.12E+00
1341,0.000363014,-106.267,2.00E+00,1.33E+01,1.22E+01,8.06E+00
1342,-53.328,-118.757,1.39E+00,1.21E+01,1.56E+01,2.45E+00
1343,-53.3276,-112.506,1.54E+00,1.29E+01,1.64E+01,2.60E+00
1344,-53.3272,-106.255,1.70E+00,1.36E+01,1.72E+01,2.77E+00
1345,-79.9924,-118.75,1.18E+00,1.19E+01,1.89E+01,4.20E+00
1346,-79.9919,-112.498,1.31E+00,1.25E+01,1.98E+01,4.40E+00
1347,-79.9916,-106.247,1.43E+00,1.30E+01,2.09E+01,4.54E+00
1348,-86.6584,-112.497,1.24E+00,1.23E+01,2.05E+01,4.93E+00
1349,-93.325,-112.495,1.17E+00,1.21E+01,2.09E+01,5.41E+00
1350,-86.6588,-118.748,1.12E+00,1.18E+01,1.96E+01,4.79E+00
1351,-93.3252,-118.747,1.06E+00,1.16E+01,2.01E+01,5.33E+00
1352,-86.6581,-106.246,1.36E+00,1.28E+01,2.14E+01,5.00E+00
1353,-93.3249,-106.244,1.27E+00,1.25E+01,2.17E+01,5.40E+00
1354,-66.6601,-118.753,1.29E+00,1.20E+01,1.73E+01,3.07E+00
1355,-66.6596,-112.502,1.44E+00,1.27E+01,1.82E+01,3.32E+00
1356,-66.6591,-106.251,1.58E+00,1.34E+01,1.92E+01,3.55E+00
1357,-73.3257,-112.5,1.37E+00,1.26E+01,1.91E+01,3.85E+00
1358,-73.3261,-118.751,1.24E+00,1.20E+01,1.81E+01,3.61E+00
1359,-73.3252,-106.249,1.51E+00,1.32E+01,2.01E+01,4.05E+00
1360,-59.9936,-112.504,1.49E+00,1.28E+01,1.73E+01,2.87E+00
1361,-59.994,-118.755,1.34E+00,1.21E+01,1.65E+01,2.65E+00
1362,-59.9931,-106.253,1.64E+00,1.35E+01,1.82E+01,3.10E+00
1363,-26.6641,-118.763,1.53E+00,1.20E+01,1.29E+01,4.34E+00
1364,-26.664,-112.513,1.71E+00,1.29E+01,1.34E+01,4.16E+00
1365,-26.6638,-106.262,1.89E+00,1.37E+01,1.39E+01,4.01E+00
1366,-39.9961,-118.76,1.47E+00,1.21E+01,1.42E+01,2.95E+00
1367,-39.9958,-112.509,1.64E+00,1.29E+01,1.48E+01,2.88E+00
1368,-39.9955,-106.259,1.81E+00,1.37E+01,1.54E+01,2.86E+00
1369,-46.6616,-112.508,1.59E+00,1.29E+01,1.55E+01,2.59E+00
1370,-46.662,-118.758,1.43E+00,1.21E+01,1.49E+01,2.56E+00
1371,-46.6613,-106.257,1.76E+00,1.37E+01,1.63E+01,2.68E+00
1372,-33.3299,-112.511,1.68E+00,1.29E+01,1.41E+01,3.43E+00
1373,-33.3302,-118.761,1.50E+00,1.21E+01,1.35E+01,3.57E+00
1374,-33.3297,-106.261,1.85E+00,1.37E+01,1.46E+01,3.33E+00
1375,-13.3319,-118.765,1.58E+00,1.19E+01,1.20E+01,6.14E+00
1376,-13.3319,-112.515,1.77E+00,1.27E+01,1.24E+01,5.97E+00
1377,-13.3318,-106.265,1.96E+00,1.36E+01,1.29E+01,5.81E+00
1378,-19.9979,-112.514,1.74E+00,1.28E+01,1.29E+01,5.01E+00
1379,-19.998,-118.764,1.56E+00,1.20E+01,1.24E+01,5.20E+00
1380,-19.9978,-106.264,1.93E+00,1.37E+01,1.33E+01,4.85E+00
1381,-6.66576,-112.516,1.79E+00,1.26E+01,1.20E+01,7.00E+00
1382,-6.6658,-118.765,1.60E+00,1.19E+01,1.16E+01,7.13E+00
1383,-6.66575,-106.266,1.98E+00,1.34E+01,1.25E+01,6.88E+00
1384,46.6639,-118.762,1.52E+00,1.17E+01,9.62E+00,1.65E+01
1385,46.6638,-112.512,1.70E+00,1.21E+01,1.01E+01,1.72E+01
1386,46.6638,-106.261,1.87E+00,1.26E+01,1.07E+01,1.81E+01
1387,19.9991,-118.766,1.61E+00,1.14E+01,1.05E+01,1.17E+01
1388,19.999,-112.516,1.80E+00,1.20E+01,1.10E+01,1.19E+01
1389,19.9991,-106.267,1.99E+00,1.26E+01,1.16E+01,1.22E+01
1390,13.3328,-112.517,1.81E+00,1.22E+01,1.12E+01,1.06E+01
1391,6.66656,-112.517,1.81E+00,1.24E+01,1.14E+01,9.31E+00
1392,13.3328,-118.766,1.61E+00,1.15E+01,1.07E+01,1.05E+01
1393,6.66656,-118.766,1.61E+00,1.17E+01,1.10E+01,9.31E+00
1394,13.3328,-106.267,2.00E+00,1.28E+01,1.17E+01,1.07E+01
1395,6.66656,-106.267,2.00E+00,1.31E+01,1.19E+01,9.35E+00
1396,33.3315,-118.764,1.58E+00,1.14E+01,1.01E+01,1.42E+01
1397,33.3315,-112.514,1.76E+00,1.18E+01,1.06E+01,1.46E+01
1398,33.3315,-106.265,1.95E+00,1.23E+01,1.12E+01,1.52E+01
1399,26.6653,-112.515,1.78E+00,1.19E+01,1.09E+01,1.33E+01
1400,26.6653,-118.765,1.60E+00,1.14E+01,1.03E+01,1.29E+01
1401,26.6653,-106.266,1.98E+00,1.24E+01,1.14E+01,1.37E+01
1402,39.9977,-112.513,1.73E+00,1.19E+01,1.04E+01,1.60E+01
1403,39.9977,-118.763,1.55E+00,1.14E+01,9.87E+00,1.54E+01
1404,39.9977,-106.263,1.91E+00,1.24E+01,1.09E+01,1.67E+01
1405,73.3285,-118.755,1.36E+00,1.36E+01,8.56E+00,2.06E+01
1406,73.3283,-112.504,1.50E+00,1.43E+01,8.99E+00,2.16E+01
1407,73.3283,-106.253,1.64E+00,1.51E+01,9.39E+00,2.28E+01
1408,59.9961,-118.759,1.45E+00,1.24E+01,9.09E+00,1.87E+01
1409,59.996,-112.508,1.61E+00,1.30E+01,9.58E+00,1.96E+01
1410,59.9959,-106.257,1.77E+00,1.37E+01,1.00E+01,2.07E+01
1411,53.3299,-112.51,1.66E+00,1.25E+01,9.87E+00,1.85E+01
1412,53.33,-118.76,1.49E+00,1.20E+01,9.36E+00,1.77E+01
1413,53.3298,-106.259,1.82E+00,1.31E+01,1.04E+01,1.94E+01
1414,66.6621,-112.506,1.56E+00,1.36E+01,9.28E+00,2.06E+01
1415,66.6623,-118.757,1.41E+00,1.30E+01,8.82E+00,1.97E+01
1416,66.662,-106.255,1.71E+00,1.44E+01,9.72E+00,2.18E+01
1417,86.6612,-118.752,1.25E+00,1.47E+01,8.06E+00,2.22E+01
1418,86.6612,-112.501,1.37E+00,1.55E+01,8.42E+00,2.31E+01
1419,86.6613,-106.25,1.49E+00,1.63E+01,8.75E+00,2.42E+01
1420,79.9947,-112.503,1.44E+00,1.50E+01,8.70E+00,2.25E+01
1421,79.9948,-118.754,1.30E+00,1.42E+01,8.31E+00,2.15E+01
1422,79.9947,-106.251,1.57E+00,1.58E+01,9.07E+00,2.36E+01
1423,93.3279,-112.499,1.30E+00,1.59E+01,8.15E+00,2.36E+01
1424,93.3278,-118.75,1.19E+00,1.52E+01,7.82E+00,2.27E+01
1425,93.3282,-106.248,1.41E+00,1.67E+01,8.45E+00,2.45E+01
1426,99.9919,106.243,1.20E+00,1.21E+01,2.17E+01,5.42E+00
1427,99.9918,112.494,1.10E+00,1.17E+01,2.11E+01,5.46E+00
1428,99.9919,118.745,1.00E+00,1.12E+01,2.04E+01,5.41E+00
1429,99.9921,124.997,9.01E-01,1.06E+01,1.96E+01,5.24E+00
1430,93.3255,124.998,9.61E-01,1.08E+01,1.93E+01,4.80E+00
1431,86.6591,124.999,1.02E+00,1.10E+01,1.88E+01,4.30E+00
1432,79.9927,125.001,1.07E+00,1.11E+01,1.81E+01,3.75E+00
1433,73.3265,125.002,1.12E+00,1.12E+01,1.74E+01,3.21E+00
1434,66.6603,125.004,1.16E+00,1.12E+01,1.66E+01,2.73E+00
1435,59.9942,125.006,1.21E+00,1.13E+01,1.58E+01,2.43E+00
1436,53.3282,125.007,1.24E+00,1.13E+01,1.50E+01,2.39E+00
1437,46.6621,125.008,1.28E+00,1.13E+01,1.43E+01,2.65E+00
1438,39.996,125.01,1.31E+00,1.13E+01,1.37E+01,3.16E+00
1439,33.33,125.011,1.34E+00,1.13E+01,1.31E+01,3.83E+00
1440,26.6639,125.012,1.36E+00,1.12E+01,1.25E+01,4.61E+00
1441,19.9978,125.013,1.38E+00,1.12E+01,1.20E+01,5.46E+00
1442,13.3316,125.014,1.40E+00,1.12E+01,1.16E+01,6.36E+00
1443,6.66547,125.015,1.41E+00,1.11E+01,1.12E+01,7.31E+00
1444,-0.000731799,125.015,1.42E+00,1.11E+01,1.09E+01,8.30E+00
1445,-6.66696,125.015,1.42E+00,1.11E+01,1.06E+01,9.34E+00
1446,-13.3332,125.015,1.42E+00,1.10E+01,1.03E+01,1.04E+01
1447,-19.9995,125.015,1.42E+00,1.10E+01,1.01E+01,1.15E+01
1448,-26.6657,125.015,1.40E+00,1.10E+01,9.83E+00,1.26E+01
1449,-33.3319,125.014,1.39E+00,1.11E+01,9.60E+00,1.37E+01
1450,-39.9982,125.013,1.37E+00,1.12E+01,9.37E+00,1.48E+01
1451,-46.6644,125.012,1.34E+00,1.14E+01,9.11E+00,1.58E+01
1452,-53.3305,125.011,1.31E+00,1.18E+01,8.85E+00,1.68E+01
1453,-59.9967,125.009,1.28E+00,1.22E+01,8.59E+00,1.78E+01
1454,-66.6629,125.008,1.24E+00,1.28E+01,8.33E+00,1.87E+01
1455,-73.329,125.006,1.20E+00,1.34E+01,8.07E+00,1.96E+01
1456,-79.9953,125.005,1.15E+00,1.40E+01,7.82E+00,2.04E+01
1457,-86.6616,125.003,1.10E+00,1.46E+01,7.59E+00,2.11E+01
1458,-93.328,125.002,1.05E+00,1.50E+01,7.36E+00,2.17E+01
1459,-99.9947,125,9.90E-01,1.53E+01,7.16E+00,2.21E+01
1460,-99.9947,118.749,1.10E+00,1.58E+01,7.48E+00,2.29E+01
1461,-99.9949,112.498,1.21E+00,1.63E+01,7.78E+00,2.37E+01
1462,-99.9954,106.247,1.31E+00,1.68E+01,8.06E+00,2.44E+01
1463,-0.000779185,118.766,1.61E+00,1.19E+01,1.13E+01,8.22E+00
1464,-0.000823316,112.516,1.80E+00,1.26E+01,1.18E+01,8.18E+00
1465,-0.000862774,106.267,2.00E+00,1.33E+01,1.22E+01,8.17E+00
1466,53.3277,118.756,1.40E+00,1.21E+01,1.57E+01,2.46E+00
1467,53.3273,112.506,1.55E+00,1.29E+01,1.65E+01,2.59E+00
1468,53.3268,106.255,1.71E+00,1.37E+01,1.73E+01,2.75E+00
1469,79.9922,118.75,1.20E+00,1.18E+01,1.90E+01,4.03E+00
1470,79.9917,112.498,1.32E+00,1.24E+01,1.99E+01,4.24E+00
1471,79.9913,106.247,1.44E+00,1.30E+01,2.09E+01,4.38E+00
1472,86.6582,112.497,1.25E+00,1.22E+01,2.05E+01,4.71E+00
1473,93.3249,112.495,1.18E+00,1.20E+01,2.09E+01,5.12E+00
1474,86.6586,118.748,1.14E+00,1.16E+01,1.96E+01,4.55E+00
1475,93.3251,118.747,1.07E+00,1.15E+01,2.01E+01,5.02E+00
1476,86.6579,106.245,1.37E+00,1.27E+01,2.15E+01,4.79E+00
1477,93.3248,106.244,1.29E+00,1.24E+01,2.17E+01,5.14E+00
1478,66.6598,118.753,1.31E+00,1.20E+01,1.74E+01,3.00E+00
1479,66.6593,112.502,1.45E+00,1.27E+01,1.83E+01,3.24E+00
1480,66.6588,106.25,1.59E+00,1.34E+01,1.93E+01,3.46E+00
1481,73.3254,112.5,1.39E+00,1.26E+01,1.91E+01,3.73E+00
1482,73.326,118.751,1.25E+00,1.19E+01,1.82E+01,3.50E+00
1483,73.325,106.249,1.52E+00,1.32E+01,2.02E+01,3.92E+00
1484,59.9933,112.504,1.50E+00,1.29E+01,1.74E+01,2.83E+00
1485,59.9937,118.755,1.35E+00,1.21E+01,1.65E+01,2.62E+00
1486,59.9928,106.253,1.65E+00,1.36E+01,1.83E+01,3.04E+00
1487,26.6637,118.762,1.54E+00,1.21E+01,1.30E+01,4.38E+00
1488,26.6635,112.512,1.72E+00,1.29E+01,1.35E+01,4.22E+00
1489,26.6633,106.262,1.90E+00,1.38E+01,1.40E+01,4.08E+00
1490,39.9957,118.76,1.48E+00,1.22E+01,1.42E+01,3.00E+00
1491,39.9954,112.509,1.65E+00,1.30E+01,1.48E+01,2.92E+00
1492,39.9951,106.259,1.81E+00,1.38E+01,1.55E+01,2.90E+00
1493,46.6613,112.507,1.60E+00,1.30E+01,1.56E+01,2.61E+00
1494,46.6617,118.758,1.44E+00,1.22E+01,1.49E+01,2.59E+00
1495,46.6609,106.257,1.76E+00,1.38E+01,1.64E+01,2.69E+00
1496,33.3295,112.511,1.68E+00,1.30E+01,1.41E+01,3.48E+00
1497,33.3297,118.761,1.51E+00,1.21E+01,1.36E+01,3.62E+00
1498,33.3292,106.26,1.86E+00,1.38E+01,1.47E+01,3.39E+00
1499,13.3315,118.764,1.58E+00,1.20E+01,1.20E+01,6.17E+00
1500,13.3314,112.515,1.77E+00,1.28E+01,1.25E+01,6.03E+00
1501,13.3313,106.265,1.96E+00,1.36E+01,1.29E+01,5.91E+00
1502,19.9975,112.514,1.75E+00,1.29E+01,1.29E+01,5.08E+00
1503,19.9976,118.764,1.56E+00,1.21E+01,1.25E+01,5.24E+00
1504,19.9974,106.264,1.93E+00,1.37E+01,1.34E+01,4.94E+00
1505,6.66533,112.516,1.79E+00,1.27E+01,1.21E+01,7.07E+00
1506,6.6654,118.765,1.60E+00,1.19E+01,1.16E+01,7.17E+00
1507,6.66527,106.266,1.98E+00,1.35E+01,1.25E+01,6.99E+00
1508,-46.6643,118.762,1.52E+00,1.19E+01,9.65E+00,1.64E+01
1509,-46.6643,112.512,1.69E+00,1.23E+01,1.02E+01,1.72E+01
1510,-46.6643,106.261,1.87E+00,1.28E+01,1.07E+01,1.81E+01
1511,-19.9995,118.766,1.61E+00,1.16E+01,1.06E+01,1.17E+01
1512,-19.9995,112.516,1.80E+00,1.21E+01,1.11E+01,1.19E+01
1513,-19.9995,106.267,1.99E+00,1.26E+01,1.16E+01,1.23E+01
1514,-13.3333,112.517,1.81E+00,1.23E+01,1.13E+01,1.06E+01
1515,-6.667,112.517,1.81E+00,1.24E+01,1.15E+01,9.37E+00
1516,-13.3332,118.766,1.61E+00,1.17E+01,1.08E+01,1.05E+01
1517,-6.66698,118.766,1.61E+00,1.18E+01,1.10E+01,9.33E+00
1518,-13.3333,106.267,2.00E+00,1.29E+01,1.18E+01,1.08E+01
1519,-6.66705,106.267,2.00E+00,1.31E+01,1.20E+01,9.45E+00
1520,-33.3319,118.764,1.57E+00,1.15E+01,1.02E+01,1.41E+01
1521,-33.3319,112.515,1.76E+00,1.20E+01,1.07E+01,1.46E+01
1522,-33.332,106.265,1.95E+00,1.24E+01,1.12E+01,1.52E+01
1523,-26.6657,112.516,1.78E+00,1.20E+01,1.09E+01,1.33E+01
1524,-26.6656,118.765,1.59E+00,1.15E+01,1.04E+01,1.29E+01
1525,-26.6657,106.266,1.97E+00,1.25E+01,1.14E+01,1.38E+01
1526,-39.9981,112.513,1.73E+00,1.21E+01,1.05E+01,1.59E+01
1527,-39.9981,118.763,1.55E+00,1.16E+01,9.91E+00,1.53E+01
1528,-39.9981,106.263,1.91E+00,1.25E+01,1.10E+01,1.67E+01
1529,-73.3288,118.756,1.34E+00,1.40E+01,8.54E+00,2.05E+01
1530,-73.3287,112.505,1.49E+00,1.46E+01,8.97E+00,2.15E+01
1531,-73.3286,106.253,1.63E+00,1.54E+01,9.36E+00,2.27E+01
1532,-59.9965,118.759,1.44E+00,1.27E+01,9.10E+00,1.86E+01
1533,-59.9964,112.508,1.60E+00,1.33E+01,9.58E+00,1.95E+01
1534,-59.9963,106.258,1.76E+00,1.39E+01,1.01E+01,2.06E+01
1535,-53.3304,112.51,1.65E+00,1.27E+01,9.89E+00,1.84E+01
1536,-53.3305,118.761,1.48E+00,1.22E+01,9.38E+00,1.75E+01
1537,-53.3304,106.26,1.82E+00,1.33E+01,1.04E+01,1.94E+01
1538,-66.6625,112.506,1.55E+00,1.39E+01,9.27E+00,2.06E+01
1539,-66.6627,118.757,1.39E+00,1.33E+01,8.82E+00,1.96E+01
1540,-66.6625,106.255,1.70E+00,1.46E+01,9.71E+00,2.17E+01
1541,-86.6615,118.752,1.23E+00,1.51E+01,8.00E+00,2.20E+01
1542,-86.6614,112.501,1.36E+00,1.58E+01,8.36E+00,2.30E+01
1543,-86.6615,106.25,1.48E+00,1.65E+01,8.69E+00,2.41E+01
1544,-79.995,112.503,1.43E+00,1.53E+01,8.66E+00,2.24E+01
1545,-79.9951,118.754,1.29E+00,1.46E+01,8.26E+00,2.13E+01
1546,-79.995,106.252,1.56E+00,1.60E+01,9.02E+00,2.35E+01
1547,-93.3281,112.499,1.29E+00,1.62E+01,8.06E+00,2.35E+01
1548,-93.3279,118.751,1.17E+00,1.56E+01,7.73E+00,2.26E+01
1549,-93.3283,106.248,1.40E+00,1.68E+01,8.36E+00,2.44E+01
1550,106.242,124.996,8.42E-01,1.04E+01,1.98E+01,5.58E+00
1551,112.493,124.995,7.78E-01,1.02E+01,1.98E+01,5.83E+00
1552,118.743,124.994,7.12E-01,9.84E+00,1.95E+01,5.98E+00
1553,124.994,124.994,6.43E-01,9.36E+00,1.91E+01,6.01E+00
1554,124.994,118.743,7.12E-01,9.83E+00,1.95E+01,5.99E+00
1555,124.995,112.493,7.79E-01,1.02E+01,1.97E+01,5.86E+00
1556,124.996,106.242,8.42E-01,1.04E+01,1.98E+01,5.61E+00
1557,124.997,99.9922,9.01E-01,1.07E+01,1.96E+01,5.25E+00
1558,124.998,93.3255,9.61E-01,1.08E+01,1.92E+01,4.80E+00
1559,124.999,86.6591,1.02E+00,1.10E+01,1.86E+01,4.29E+00
1560,125.001,79.9928,1.07E+00,1.11E+01,1.80E+01,3.74E+00
1561,125.002,73.3265,1.12E+00,1.12E+01,1.72E+01,3.20E+00
1562,125.004,66.6604,1.16E+00,1.12E+01,1.65E+01,2.73E+00
1563,125.006,59.9943,1.21E+00,1.13E+01,1.57E+01,2.43E+00
1564,125.007,53.3282,1.24E+00,1.13E+01,1.50E+01,2.39E+00
1565,125.009,46.6622,1.28E+00,1.13E+01,1.43E+01,2.64E+00
1566,125.01,39.9961,1.31E+00,1.13E+01,1.36E+01,3.14E+00
1567,125.011,33.3301,1.34E+00,1.13E+01,1.30E+01,3.81E+00
1568,125.012,26.664,1.36E+00,1.13E+01,1.25E+01,4.58E+00
1569,125.013,19.9979,1.38E+00,1.13E+01,1.20E+01,5.43E+00
1570,125.014,13.3317,1.40E+00,1.13E+01,1.15E+01,6.34E+00
1571,125.015,6.66555,1.41E+00,1.12E+01,1.12E+01,7.29E+00
1572,125.015,-0.000658157,1.42E+00,1.12E+01,1.08E+01,8.28E+00
1573,125.015,-6.66689,1.42E+00,1.12E+01,1.05E+01,9.32E+00
1574,125.015,-13.3331,1.42E+00,1.11E+01,1.03E+01,1.04E+01
1575,125.015,-19.9994,1.42E+00,1.11E+01,1.00E+01,1.15E+01
1576,125.015,-26.6657,1.41E+00,1.11E+01,9.81E+00,1.26E+01
1577,125.014,-33.3319,1.39E+00,1.12E+01,9.58E+00,1.37E+01
1578,125.013,-39.9981,1.37E+00,1.13E+01,9.34E+00,1.48E+01
1579,125.012,-46.6643,1.34E+00,1.16E+01,9.10E+00,1.59E+01
1580,125.011,-53.3304,1.31E+00,1.19E+01,8.84E+00,1.69E+01
1581,125.009,-59.9966,1.28E+00,1.23E+01,8.58E+00,1.78E+01
1582,125.008,-66.6628,1.24E+00,1.29E+01,8.33E+00,1.87E+01
1583,125.006,-73.3289,1.20E+00,1.34E+01,8.08E+00,1.96E+01
1584,125.005,-79.9952,1.16E+00,1.40E+01,7.84E+00,2.04E+01
1585,125.003,-86.6615,1.11E+00,1.46E+01,7.62E+00,2.11E+01
1586,125.002,-93.3279,1.06E+00,1.51E+01,7.40E+00,2.17E+01
1587,125.001,-99.9946,9.99E-01,1.54E+01,7.21E+00,2.21E+01
1588,124.999,-106.245,9.43E-01,1.56E+01,7.03E+00,2.23E+01
1589,124.998,-112.495,8.83E-01,1.56E+01,6.86E+00,2.24E+01
1590,124.997,-118.746,8.19E-01,1.54E+01,6.71E+00,2.23E+01
1591,124.997,-124.996,7.50E-01,1.50E+01,6.54E+00,2.21E+01
1592,118.746,-124.997,8.23E-01,1.51E+01,6.74E+00,2.25E+01
1593,112.495,-124.998,8.91E-01,1.51E+01,6.91E+00,2.27E+01
1594,106.245,-124.999,9.53E-01,1.50E+01,7.08E+00,2.26E+01
1595,118.766,-0.000688031,1.61E+00,1.20E+01,1.13E+01,8.20E+00
1596,112.516,-0.000714932,1.80E+00,1.27E+01,1.17E+01,8.16E+00
1597,106.267,-0.000737639,2.00E+00,1.34E+01,1.22E+01,8.14E+00
1598,118.753,66.6599,1.31E+00,1.20E+01,1.73E+01,3.00E+00
1599,112.502,66.6594,1.45E+00,1.28E+01,1.82E+01,3.23E+00
1600,106.251,66.6589,1.59E+00,1.34E+01,1.92E+01,3.45E+00
1601,118.745,99.7855,1.01E+00,1.12E+01,2.03E+01,5.41E+00
1602,112.494,99.7854,1.11E+00,1.17E+01,2.11E+01,5.46E+00
1603,106.243,99.7855,1.20E+00,1.21E+01,2.17E+01,5.42E+00
1604,112.493,106.157,1.03E+00,1.14E+01,2.10E+01,5.71E+00
1605,112.493,112.493,9.47E-01,1.11E+01,2.07E+01,5.87E+00
1606,112.493,118.744,8.64E-01,1.07E+01,2.03E+01,5.92E+00
1607,118.744,112.493,8.64E-01,1.07E+01,2.03E+01,5.92E+00
1608,118.737,106.171,9.36E-01,1.10E+01,2.04E+01,5.72E+00
1609,118.743,118.743,7.90E-01,1.03E+01,2.00E+01,6.01E+00
1610,106.242,112.493,1.03E+00,1.14E+01,2.10E+01,5.71E+00
1611,106.25,106.172,1.12E+00,1.18E+01,2.15E+01,5.61E+00
1612,106.242,118.744,9.35E-01,1.10E+01,2.04E+01,5.71E+00
1613,118.748,86.6586,1.14E+00,1.17E+01,1.95E+01,4.54E+00
1614,112.497,86.6582,1.25E+00,1.22E+01,2.05E+01,4.70E+00
1615,106.245,86.658,1.37E+00,1.27E+01,2.14E+01,4.79E+00
1616,112.495,93.2399,1.18E+00,1.20E+01,2.09E+01,5.12E+00
1617,118.753,93.2542,1.07E+00,1.15E+01,2.00E+01,5.01E+00
1618,106.238,93.2539,1.29E+00,1.24E+01,2.17E+01,5.14E+00
1619,112.5,73.3255,1.39E+00,1.26E+01,1.90E+01,3.72E+00
1620,112.498,79.9918,1.32E+00,1.24E+01,1.98E+01,4.22E+00
1621,118.751,73.326,1.25E+00,1.19E+01,1.81E+01,3.49E+00
1622,118.75,79.9922,1.20E+00,1.18E+01,1.89E+01,4.02E+00
1623,106.249,73.3251,1.52E+00,1.32E+01,2.01E+01,3.91E+00
1624,106.247,79.9914,1.44E+00,1.30E+01,2.08E+01,4.37E+00
1625,118.761,33.3298,1.51E+00,1.22E+01,1.35E+01,3.60E+00
1626,112.511,33.3296,1.69E+00,1.30E+01,1.41E+01,3.47E+00
1627,106.261,33.3293,1.86E+00,1.39E+01,1.46E+01,3.38E+00
1628,118.756,53.3278,1.40E+00,1.22E+01,1.56E+01,2.46E+00
1629,112.506,53.3274,1.56E+00,1.30E+01,1.64E+01,2.59E+00
1630,106.255,53.327,1.71E+00,1.37E+01,1.72E+01,2.75E+00
1631,112.504,59.9934,1.50E+00,1.29E+01,1.73E+01,2.83E+00
1632,118.755,59.9938,1.35E+00,1.21E+01,1.64E+01,2.62E+00
1633,106.253,59.9929,1.65E+00,1.36E+01,1.82E+01,3.04E+00
1634,112.509,39.9955,1.65E+00,1.30E+01,1.48E+01,2.92E+00
1635,112.507,46.6614,1.60E+00,1.30E+01,1.55E+01,2.61E+00
1636,118.76,39.9958,1.48E+00,1.22E+01,1.42E+01,2.99E+00
1637,118.758,46.6618,1.44E+00,1.22E+01,1.49E+01,2.58E+00
1638,106.259,39.9952,1.81E+00,1.38E+01,1.54E+01,2.90E+00
1639,106.257,46.6611,1.76E+00,1.38E+01,1.63E+01,2.68E+00
1640,118.764,19.9977,1.56E+00,1.21E+01,1.24E+01,5.22E+00
1641,112.514,19.9976,1.75E+00,1.30E+01,1.29E+01,5.06E+00
1642,106.264,19.9975,1.93E+00,1.38E+01,1.34E+01,4.91E+00
1643,112.512,26.6636,1.72E+00,1.30E+01,1.34E+01,4.20E+00
1644,118.762,26.6638,1.54E+00,1.22E+01,1.30E+01,4.36E+00
1645,106.262,26.6634,1.90E+00,1.38E+01,1.40E+01,4.07E+00
1646,112.516,6.66544,1.79E+00,1.28E+01,1.20E+01,7.04E+00
1647,112.515,13.3316,1.77E+00,1.29E+01,1.24E+01,6.01E+00
1648,118.765,6.66549,1.60E+00,1.20E+01,1.16E+01,7.14E+00
1649,118.764,13.3316,1.59E+00,1.21E+01,1.20E+01,6.15E+00
1650,106.266,6.6654,1.98E+00,1.36E+01,1.25E+01,6.96E+00
1651,106.265,13.3315,1.96E+00,1.37E+01,1.29E+01,5.88E+00
1652,118.759,-59.9964,1.44E+00,1.28E+01,9.09E+00,1.86E+01
1653,112.508,-59.9963,1.60E+00,1.33E+01,9.58E+00,1.95E+01
1654,106.257,-59.9962,1.76E+00,1.40E+01,1.01E+01,2.07E+01
1655,118.765,-26.6657,1.59E+00,1.16E+01,1.03E+01,1.29E+01
1656,112.515,-26.6657,1.78E+00,1.21E+01,1.09E+01,1.33E+01
1657,106.266,-26.6657,1.97E+00,1.26E+01,1.14E+01,1.38E+01
1658,118.766,-13.3331,1.61E+00,1.18E+01,1.08E+01,1.05E+01
1659,112.516,-13.3331,1.81E+00,1.24E+01,1.13E+01,1.06E+01
1660,106.267,-13.3331,2.00E+00,1.30E+01,1.18E+01,1.08E+01
1661,112.517,-6.66689,1.81E+00,1.25E+01,1.15E+01,9.36E+00
1662,118.766,-6.66688,1.62E+00,1.19E+01,1.10E+01,9.31E+00
1663,106.267,-6.66692,2.01E+00,1.32E+01,1.19E+01,9.43E+00
1664,112.516,-19.9994,1.80E+00,1.22E+01,1.11E+01,1.20E+01
1665,118.766,-19.9994,1.61E+00,1.17E+01,1.06E+01,1.17E+01
1666,106.267,-19.9994,1.99E+00,1.28E+01,1.16E+01,1.23E+01
1667,118.763,-39.998,1.55E+00,1.18E+01,9.89E+00,1.53E+01
1668,112.513,-39.998,1.73E+00,1.22E+01,1.04E+01,1.60E+01
1669,106.263,-39.998,1.91E+00,1.26E+01,1.10E+01,1.68E+01
1670,112.514,-33.3319,1.76E+00,1.21E+01,1.07E+01,1.47E+01
1671,118.764,-33.3319,1.57E+00,1.16E+01,1.01E+01,1.41E+01
1672,106.265,-33.3319,1.95E+00,1.25E+01,1.12E+01,1.53E+01
1673,112.51,-53.3303,1.65E+00,1.28E+01,9.88E+00,1.84E+01
1674,112.512,-46.6641,1.69E+00,1.24E+01,1.02E+01,1.72E+01
1675,118.76,-53.3303,1.48E+00,1.23E+01,9.37E+00,1.76E+01
1676,118.762,-46.6642,1.52E+00,1.20E+01,9.63E+00,1.65E+01
1677,106.259,-53.3301,1.82E+00,1.33E+01,1.04E+01,1.94E+01
1678,106.261,-46.6641,1.87E+00,1.29E+01,1.07E+01,1.81E+01
1679,118.759,-93.248,1.18E+00,1.57E+01,7.79E+00,2.26E+01
1680,112.499,-93.2278,1.30E+00,1.63E+01,8.14E+00,2.35E+01
1681,106.24,-93.2483,1.41E+00,1.69E+01,8.45E+00,2.45E+01
1682,118.756,-73.3287,1.35E+00,1.40E+01,8.55E+00,2.05E+01
1683,112.505,-73.3285,1.49E+00,1.47E+01,8.99E+00,2.15E+01
1684,106.253,-73.3285,1.64E+00,1.54E+01,9.39E+00,2.28E+01
1685,112.506,-66.6623,1.55E+00,1.40E+01,9.29E+00,2.06E+01
1686,118.757,-66.6625,1.40E+00,1.34E+01,8.82E+00,1.96E+01
1687,106.255,-66.6622,1.70E+00,1.47E+01,9.72E+00,2.18E+01
1688,112.501,-86.6312,1.37E+00,1.59E+01,8.41E+00,2.31E+01
1689,112.503,-79.9949,1.43E+00,1.53E+01,8.70E+00,2.24E+01
1690,118.755,-86.6413,1.24E+00,1.52E+01,8.04E+00,2.20E+01
1691,118.754,-79.995,1.30E+00,1.46E+01,8.29E+00,2.13E+01
1692,106.247,-86.6414,1.49E+00,1.66E+01,8.75E+00,2.42E+01
1693,106.252,-79.9949,1.57E+00,1.61E+01,9.07E+00,2.36E+01
1694,118.74,-106.165,1.05E+00,1.60E+01,7.36E+00,2.30E+01
1695,112.497,-106.145,1.15E+00,1.63E+01,7.65E+00,2.37E+01
1696,106.255,-106.166,1.24E+00,1.66E+01,7.91E+00,2.42E+01
1697,112.498,-99.7239,1.22E+00,1.64E+01,7.89E+00,2.37E+01
1698,118.749,-99.7472,1.12E+00,1.59E+01,7.57E+00,2.29E+01
1699,106.247,-99.7478,1.33E+00,1.69E+01,8.17E+00,2.45E+01
1700,112.496,-118.747,9.80E-01,1.56E+01,7.18E+00,2.31E+01
1701,112.496,-112.466,1.07E+00,1.60E+01,7.41E+00,2.34E+01
1702,118.746,-118.746,9.03E-01,1.55E+01,6.96E+00,2.28E+01
1703,118.744,-112.475,9.77E-01,1.58E+01,7.16E+00,2.30E+01
1704,106.245,-118.748,1.05E+00,1.56E+01,7.38E+00,2.32E+01
1705,106.248,-112.477,1.15E+00,1.62E+01,7.65E+00,2.37E+01
1706,-106.245,124.999,9.33E-01,1.54E+01,6.96E+00,2.24E+01
1707,-112.495,124.998,8.71E-01,1.53E+01,6.76E+00,2.24E+01
1708,-118.746,124.997,8.05E-01,1.50E+01,6.53E+00,2.24E+01
1709,-124.996,124.997,7.35E-01,1.46E+01,6.24E+00,2.22E+01
1710,-124.997,118.746,8.09E-01,1.49E+01,6.49E+00,2.25E+01
1711,-124.998,112.495,8.77E-01,1.51E+01,6.71E+00,2.27E+01
1712,-124.999,106.245,9.41E-01,1.51E+01,6.91E+00,2.27E+01
1713,-125,99.9947,1.00E+00,1.50E+01,7.11E+00,2.25E+01
1714,-125.002,93.328,1.06E+00,1.46E+01,7.33E+00,2.20E+01
1715,-125.003,86.6615,1.11E+00,1.41E+01,7.56E+00,2.14E+01
1716,-125.005,79.9951,1.16E+00,1.36E+01,7.81E+00,2.07E+01
1717,-125.006,73.3288,1.21E+00,1.29E+01,8.06E+00,1.98E+01
1718,-125.008,66.6626,1.25E+00,1.23E+01,8.32E+00,1.89E+01
1719,-125.009,59.9964,1.28E+00,1.18E+01,8.58E+00,1.80E+01
1720,-125.011,53.3302,1.32E+00,1.13E+01,8.84E+00,1.70E+01
1721,-125.012,46.6641,1.35E+00,1.10E+01,9.10E+00,1.59E+01
1722,-125.013,39.9979,1.37E+00,1.08E+01,9.35E+00,1.49E+01
1723,-125.014,33.3316,1.39E+00,1.07E+01,9.58E+00,1.38E+01
1724,-125.015,26.6654,1.41E+00,1.07E+01,9.81E+00,1.27E+01
1725,-125.015,19.9991,1.42E+00,1.07E+01,1.00E+01,1.16E+01
1726,-125.015,13.3329,1.42E+00,1.07E+01,1.03E+01,1.05E+01
1727,-125.015,6.66664,1.42E+00,1.08E+01,1.05E+01,9.38E+00
1728,-125.015,0.000414857,1.42E+00,1.09E+01,1.08E+01,8.34E+00
1729,-125.015,-6.66578,1.41E+00,1.09E+01,1.12E+01,7.34E+00
1730,-125.014,-13.3319,1.39E+00,1.10E+01,1.16E+01,6.38E+00
1731,-125.013,-19.9981,1.37E+00,1.10E+01,1.20E+01,5.47E+00
1732,-125.012,-26.6642,1.35E+00,1.11E+01,1.25E+01,4.60E+00
1733,-125.011,-33.3302,1.33E+00,1.11E+01,1.31E+01,3.81E+00
1734,-125.01,-39.9963,1.30E+00,1.12E+01,1.37E+01,3.13E+00
1735,-125.009,-46.6624,1.27E+00,1.12E+01,1.43E+01,2.61E+00
1736,-125.007,-53.3284,1.23E+00,1.12E+01,1.50E+01,2.36E+00
1737,-125.006,-59.9944,1.19E+00,1.12E+01,1.58E+01,2.43E+00
1738,-125.004,-66.6606,1.15E+00,1.12E+01,1.66E+01,2.78E+00
1739,-125.003,-73.3266,1.10E+00,1.12E+01,1.74E+01,3.31E+00
1740,-125.001,-79.9929,1.05E+00,1.11E+01,1.82E+01,3.93E+00
1741,-125,-86.6593,1.00E+00,1.11E+01,1.89E+01,4.56E+00
1742,-124.998,-93.3257,9.46E-01,1.10E+01,1.95E+01,5.16E+00
1743,-124.997,-99.9923,8.86E-01,1.09E+01,1.99E+01,5.70E+00
1744,-124.996,-106.242,8.27E-01,1.08E+01,2.00E+01,6.17E+00
1745,-124.995,-112.493,7.64E-01,1.06E+01,2.00E+01,6.55E+00
1746,-124.994,-118.743,6.98E-01,1.04E+01,1.98E+01,6.84E+00
1747,-124.994,-124.994,6.28E-01,1.01E+01,1.94E+01,7.05E+00
1748,-118.743,-124.994,6.98E-01,1.04E+01,1.97E+01,6.85E+00
1749,-112.493,-124.995,7.64E-01,1.07E+01,1.99E+01,6.56E+00
1750,-106.242,-124.996,8.27E-01,1.08E+01,1.99E+01,6.18E+00
1751,-118.766,0.000440968,1.61E+00,1.17E+01,1.13E+01,8.21E+00
1752,-112.516,0.000464749,1.80E+00,1.24E+01,1.17E+01,8.14E+00
1753,-106.267,0.000483923,2.00E+00,1.31E+01,1.22E+01,8.08E+00
1754,-118.757,66.6625,1.40E+00,1.30E+01,8.81E+00,1.97E+01
1755,-112.506,66.6623,1.55E+00,1.37E+01,9.26E+00,2.07E+01
1756,-106.255,66.6622,1.70E+00,1.44E+01,9.69E+00,2.18E+01
1757,-118.749,99.7884,1.11E+00,1.56E+01,7.45E+00,2.31E+01
1758,-112.498,99.7886,1.22E+00,1.62E+01,7.76E+00,2.38E+01
1759,-106.247,99.789,1.32E+00,1.68E+01,8.05E+00,2.44E+01
1760,-112.497,106.16,1.14E+00,1.62E+01,7.50E+00,2.37E+01
1761,-112.496,112.496,1.05E+00,1.59E+01,7.26E+00,2.34E+01
1762,-112.495,118.747,9.65E-01,1.56E+01,7.02E+00,2.29E+01
1763,-118.747,112.496,9.68E-01,1.55E+01,6.99E+00,2.30E+01
1764,-118.741,106.174,1.04E+00,1.57E+01,7.22E+00,2.32E+01
1765,-118.746,118.746,8.89E-01,1.53E+01,6.77E+00,2.27E+01
1766,-106.245,112.497,1.14E+00,1.62E+01,7.52E+00,2.36E+01
1767,-106.253,106.175,1.23E+00,1.66E+01,7.78E+00,2.41E+01
1768,-106.245,118.748,1.04E+00,1.58E+01,7.25E+00,2.30E+01
1769,-118.752,86.6614,1.24E+00,1.49E+01,7.97E+00,2.22E+01
1770,-112.501,86.6614,1.37E+00,1.57E+01,8.34E+00,2.32E+01
1771,-106.25,86.6615,1.49E+00,1.65E+01,8.67E+00,2.42E+01
1772,-112.499,93.243,1.29E+00,1.61E+01,8.04E+00,2.36E+01
1773,-118.758,93.2571,1.18E+00,1.53E+01,7.70E+00,2.28E+01
1774,-106.241,93.2574,1.41E+00,1.67E+01,8.35E+00,2.45E+01
1775,-112.504,73.3285,1.50E+00,1.44E+01,8.95E+00,2.16E+01
1776,-112.503,79.9949,1.43E+00,1.51E+01,8.64E+00,2.25E+01
1777,-118.755,73.3287,1.35E+00,1.36E+01,8.52E+00,2.07E+01
1778,-118.754,79.995,1.30E+00,1.43E+01,8.24E+00,2.15E+01
1779,-106.253,73.3285,1.64E+00,1.52E+01,9.35E+00,2.28E+01
1780,-106.251,79.9949,1.57E+00,1.59E+01,9.00E+00,2.36E+01
1781,-118.764,33.3316,1.58E+00,1.12E+01,1.01E+01,1.41E+01
1782,-112.515,33.3316,1.76E+00,1.17E+01,1.07E+01,1.46E+01
1783,-106.265,33.3317,1.95E+00,1.22E+01,1.12E+01,1.52E+01
1784,-118.76,53.3301,1.49E+00,1.19E+01,9.37E+00,1.76E+01
1785,-112.51,53.3301,1.65E+00,1.24E+01,9.87E+00,1.84E+01
1786,-106.259,53.33,1.82E+00,1.30E+01,1.04E+01,1.94E+01
1787,-112.508,59.9962,1.61E+00,1.30E+01,9.57E+00,1.96E+01
1788,-118.759,59.9963,1.45E+00,1.24E+01,9.09E+00,1.87E+01
1789,-106.257,59.9961,1.77E+00,1.37E+01,1.00E+01,2.06E+01
1790,-112.513,39.9978,1.73E+00,1.18E+01,1.04E+01,1.59E+01
1791,-112.512,46.6639,1.70E+00,1.20E+01,1.02E+01,1.72E+01
1792,-118.763,39.9978,1.55E+00,1.13E+01,9.89E+00,1.53E+01
1793,-118.762,46.664,1.52E+00,1.15E+01,9.64E+00,1.65E+01
1794,-106.263,39.9978,1.91E+00,1.22E+01,1.10E+01,1.67E+01
1795,-106.261,46.6639,1.87E+00,1.25E+01,1.07E+01,1.81E+01
1796,-118.766,19.9991,1.61E+00,1.13E+01,1.06E+01,1.17E+01
1797,-112.516,19.9992,1.80E+00,1.19E+01,1.11E+01,1.19E+01
1798,-106.267,19.9992,1.99E+00,1.24E+01,1.16E+01,1.22E+01
1799,-112.516,26.6654,1.78E+00,1.17E+01,1.09E+01,1.32E+01
1800,-118.765,26.6654,1.59E+00,1.12E+01,1.04E+01,1.29E+01
1801,-106.266,26.6654,1.97E+00,1.22E+01,1.14E+01,1.37E+01
1802,-112.517,6.66666,1.81E+00,1.22E+01,1.15E+01,9.32E+00
1803,-112.517,13.3329,1.81E+00,1.20E+01,1.13E+01,1.06E+01
1804,-118.766,6.66665,1.61E+00,1.15E+01,1.10E+01,9.32E+00
1805,-118.766,13.3329,1.61E+00,1.14E+01,1.08E+01,1.05E+01
1806,-106.267,6.66668,2.00E+00,1.29E+01,1.19E+01,9.35E+00
1807,-106.267,13.3329,2.00E+00,1.27E+01,1.18E+01,1.07E+01
1808,-118.755,-59.994,1.34E+00,1.20E+01,1.66E+01,2.64E+00
1809,-112.504,-59.9935,1.49E+00,1.28E+01,1.74E+01,2.87E+00
1810,-106.253,-59.993,1.64E+00,1.35E+01,1.83E+01,3.10E+00
1811,-118.763,-26.664,1.53E+00,1.20E+01,1.30E+01,4.37E+00
1812,-112.513,-26.6638,1.71E+00,1.28E+01,1.35E+01,4.18E+00
1813,-106.262,-26.6637,1.89E+00,1.36E+01,1.40E+01,4.03E+00
1814,-118.765,-13.3318,1.58E+00,1.18E+01,1.20E+01,6.16E+00
1815,-112.515,-13.3317,1.77E+00,1.27E+01,1.24E+01,5.99E+00
1816,-106.265,-13.3317,1.96E+00,1.35E+01,1.29E+01,5.84E+00
1817,-112.516,-6.66566,1.79E+00,1.25E+01,1.21E+01,7.03E+00
1818,-118.765,-6.66571,1.59E+00,1.18E+01,1.16E+01,7.16E+00
1819,-106.266,-6.66563,1.98E+00,1.33E+01,1.25E+01,6.91E+00
1820,-112.514,-19.9978,1.74E+00,1.27E+01,1.29E+01,5.04E+00
1821,-118.764,-19.9979,1.56E+00,1.19E+01,1.25E+01,5.23E+00
1822,-106.264,-19.9977,1.93E+00,1.36E+01,1.34E+01,4.88E+00
1823,-118.76,-39.996,1.47E+00,1.20E+01,1.42E+01,2.97E+00
1824,-112.509,-39.9957,1.64E+00,1.29E+01,1.48E+01,2.89E+00
1825,-106.259,-39.9954,1.81E+00,1.37E+01,1.55E+01,2.87E+00
1826,-112.511,-33.3298,1.68E+00,1.29E+01,1.41E+01,3.45E+00
1827,-118.761,-33.3301,1.50E+00,1.20E+01,1.36E+01,3.60E+00
1828,-106.261,-33.3296,1.85E+00,1.37E+01,1.47E+01,3.34E+00
1829,-112.506,-53.3276,1.54E+00,1.29E+01,1.65E+01,2.59E+00
1830,-112.508,-46.6615,1.59E+00,1.29E+01,1.56E+01,2.59E+00
1831,-118.757,-53.3279,1.39E+00,1.21E+01,1.57E+01,2.45E+00
1832,-118.758,-46.662,1.43E+00,1.21E+01,1.49E+01,2.56E+00
1833,-106.255,-53.3271,1.70E+00,1.36E+01,1.73E+01,2.77E+00
1834,-106.257,-46.6613,1.76E+00,1.37E+01,1.64E+01,2.68E+00
1835,-118.755,-93.2454,1.06E+00,1.16E+01,2.03E+01,5.34E+00
1836,-112.496,-93.2248,1.17E+00,1.21E+01,2.11E+01,5.41E+00
1837,-106.236,-93.245,1.27E+00,1.25E+01,2.18E+01,5.41E+00
1838,-118.751,-73.3261,1.24E+00,1.19E+01,1.83E+01,3.61E+00
1839,-112.5,-73.3256,1.37E+00,1.26E+01,1.92E+01,3.86E+00
1840,-106.249,-73.3252,1.51E+00,1.32E+01,2.02E+01,4.06E+00
1841,-112.502,-66.6595,1.44E+00,1.27E+01,1.83E+01,3.32E+00
1842,-118.753,-66.66,1.29E+00,1.20E+01,1.74E+01,3.06E+00
1843,-106.251,-66.659,1.58E+00,1.34E+01,1.93E+01,3.56E+00
1844,-112.497,-86.6282,1.24E+00,1.23E+01,2.06E+01,4.94E+00
1845,-112.498,-79.9919,1.31E+00,1.25E+01,2.00E+01,4.41E+00
1846,-118.751,-86.6387,1.12E+00,1.17E+01,1.98E+01,4.79E+00
1847,-118.75,-79.9924,1.18E+00,1.18E+01,1.91E+01,4.21E+00
1848,-106.243,-86.6381,1.36E+00,1.28E+01,2.16E+01,5.02E+00
1849,-106.247,-79.9916,1.43E+00,1.30E+01,2.10E+01,4.56E+00
1850,-118.736,-106.162,9.23E-01,1.13E+01,2.06E+01,6.21E+00
1851,-112.494,-106.142,1.02E+00,1.16E+01,2.11E+01,6.14E+00
1852,-106.252,-106.163,1.10E+00,1.20E+01,2.15E+01,5.98E+00
1853,-112.494,-99.7209,1.09E+00,1.19E+01,2.12E+01,5.82E+00
1854,-118.746,-99.7445,9.93E-01,1.14E+01,2.06E+01,5.82E+00
1855,-106.243,-99.7445,1.19E+00,1.23E+01,2.18E+01,5.73E+00
1856,-112.493,-118.744,8.51E-01,1.11E+01,2.04E+01,6.52E+00
1857,-112.493,-112.463,9.35E-01,1.14E+01,2.08E+01,6.37E+00
1858,-118.743,-118.743,7.76E-01,1.08E+01,2.01E+01,6.73E+00
1859,-118.741,-112.473,8.51E-01,1.11E+01,2.05E+01,6.52E+00
1860,-106.242,-118.745,9.22E-01,1.13E+01,2.05E+01,6.21E+00
1861,-106.245,-112.474,1.02E+00,1.17E+01,2.10E+01,6.14E+00
1862,124.996,-131.247,6.76E-01,1.45E+01,6.34E+00,2.20E+01
1863,124.996,-137.498,5.98E-01,1.40E+01,6.08E+00,2.18E+01
1864,124.996,-143.749,5.16E-01,1.34E+01,5.72E+00,2.18E+01
1865,124.996,-150.001,4.29E-01,1.27E+01,5.18E+00,2.20E+01
1866,118.745,-150.002,4.61E-01,1.26E+01,5.06E+00,2.19E+01
1867,112.495,-150.003,4.89E-01,1.25E+01,5.00E+00,2.17E+01
1868,106.245,-150.003,5.14E-01,1.22E+01,4.99E+00,2.14E+01
1869,99.9955,-150.004,5.37E-01,1.19E+01,5.02E+00,2.10E+01
1870,93.329,-150.005,5.59E-01,1.14E+01,5.11E+00,2.05E+01
1871,86.6626,-150.006,5.78E-01,1.08E+01,5.23E+00,1.99E+01
1872,79.9963,-150.007,5.97E-01,1.03E+01,5.37E+00,1.94E+01
1873,73.3299,-150.008,6.13E-01,9.71E+00,5.56E+00,1.87E+01
1874,66.6636,-150.009,6.28E-01,9.20E+00,5.76E+00,1.81E+01
1875,59.9973,-150.009,6.42E-01,8.71E+00,5.97E+00,1.74E+01
1876,53.331,-150.01,6.54E-01,8.24E+00,6.23E+00,1.67E+01
1877,46.6647,-150.01,6.64E-01,7.88E+00,6.46E+00,1.60E+01
1878,39.9984,-150.011,6.73E-01,7.56E+00,6.71E+00,1.52E+01
1879,33.332,-150.011,6.79E-01,7.25E+00,7.00E+00,1.44E+01
1880,26.6657,-150.012,6.84E-01,7.04E+00,7.25E+00,1.36E+01
1881,19.9993,-150.012,6.87E-01,6.85E+00,7.53E+00,1.28E+01
1882,13.333,-150.012,6.88E-01,6.66E+00,7.87E+00,1.20E+01
1883,6.66662,-150.012,6.87E-01,6.55E+00,8.17E+00,1.12E+01
1884,0.000284964,-150.012,6.85E-01,6.43E+00,8.51E+00,1.03E+01
1885,-6.66605,-150.012,6.81E-01,6.30E+00,8.91E+00,9.56E+00
1886,-13.3323,-150.011,6.75E-01,6.21E+00,9.32E+00,8.75E+00
1887,-19.9987,-150.011,6.67E-01,6.15E+00,9.76E+00,7.93E+00
1888,-26.665,-150.01,6.58E-01,6.12E+00,1.02E+01,7.12E+00
1889,-33.3313,-150.01,6.47E-01,6.10E+00,1.07E+01,6.32E+00
1890,-39.9976,-150.009,6.36E-01,6.10E+00,1.13E+01,5.53E+00
1891,-46.6639,-150.009,6.22E-01,6.13E+00,1.18E+01,4.71E+00
1892,-53.3301,-150.008,6.07E-01,6.16E+00,1.24E+01,3.94E+00
1893,-59.9964,-150.007,5.91E-01,6.21E+00,1.30E+01,3.29E+00
1894,-66.6628,-150.006,5.73E-01,6.31E+00,1.36E+01,2.70E+00
1895,-73.329,-150.005,5.53E-01,6.40E+00,1.43E+01,2.34E+00
1896,-79.9953,-150.004,5.31E-01,6.51E+00,1.50E+01,2.29E+00
1897,-86.6617,-150.003,5.08E-01,6.65E+00,1.56E+01,2.56E+00
1898,-93.328,-150.003,4.82E-01,6.78E+00,1.62E+01,3.05E+00
1899,-99.9945,-150.001,4.54E-01,6.92E+00,1.68E+01,3.66E+00
1900,-106.244,-150.001,4.26E-01,7.05E+00,1.72E+01,4.36E+00
1901,-112.494,-150,3.95E-01,7.15E+00,1.75E+01,5.03E+00
1902,-118.744,-149.999,3.62E-01,7.25E+00,1.77E+01,5.61E+00
1903,-124.994,-149.998,3.27E-01,7.31E+00,1.77E+01,6.11E+00
1904,-124.994,-143.747,4.04E-01,8.41E+00,1.81E+01,6.74E+00
1905,-124.994,-137.496,4.81E-01,9.15E+00,1.85E+01,7.06E+00
1906,-124.994,-131.245,5.56E-01,9.71E+00,1.90E+01,7.14E+00
1907,0.000304893,-143.763,8.60E-01,8.02E+00,9.21E+00,9.41E+00
1908,0.00032166,-137.514,1.04E+00,9.17E+00,9.80E+00,8.87E+00
1909,0.000336595,-131.265,1.23E+00,1.01E+01,1.03E+01,8.53E+00
1910,66.6633,-143.759,7.82E-01,1.04E+01,6.55E+00,1.78E+01
1911,66.663,-137.509,9.39E-01,1.11E+01,7.21E+00,1.79E+01
1912,66.6627,-131.258,1.10E+00,1.18E+01,7.79E+00,1.83E+01
1913,99.7887,-143.754,6.60E-01,1.28E+01,5.78E+00,2.09E+01
1914,99.7884,-137.503,7.81E-01,1.35E+01,6.37E+00,2.12E+01
1915,99.7882,-131.251,8.99E-01,1.42E+01,6.86E+00,2.17E+01
1916,106.16,-137.501,7.41E-01,1.38E+01,6.28E+00,2.16E+01
1917,112.495,-137.5,6.98E-01,1.39E+01,6.21E+00,2.19E+01
1918,118.745,-137.499,6.51E-01,1.40E+01,6.14E+00,2.20E+01
1919,112.495,-143.751,5.95E-01,1.33E+01,5.70E+00,2.17E+01
1920,106.174,-143.745,6.29E-01,1.31E+01,5.73E+00,2.14E+01
1921,118.745,-143.75,5.58E-01,1.34E+01,5.69E+00,2.18E+01
1922,112.495,-131.249,7.97E-01,1.45E+01,6.60E+00,2.23E+01
1923,106.174,-131.257,8.50E-01,1.44E+01,6.72E+00,2.21E+01
1924,118.745,-131.248,7.40E-01,1.46E+01,6.48E+00,2.22E+01
1925,86.6622,-143.756,7.15E-01,1.19E+01,6.01E+00,1.98E+01
1926,86.6618,-137.505,8.52E-01,1.27E+01,6.64E+00,2.01E+01
1927,86.6616,-131.254,9.87E-01,1.34E+01,7.18E+00,2.06E+01
1928,93.2433,-137.504,8.18E-01,1.31E+01,6.49E+00,2.07E+01
1929,93.2577,-143.762,6.89E-01,1.24E+01,5.88E+00,2.04E+01
1930,93.2571,-131.246,9.45E-01,1.38E+01,7.01E+00,2.12E+01
1931,73.3292,-137.507,9.12E-01,1.17E+01,7.00E+00,1.87E+01
1932,79.9955,-137.506,8.84E-01,1.22E+01,6.80E+00,1.94E+01
1933,73.3296,-143.758,7.62E-01,1.09E+01,6.34E+00,1.85E+01
1934,79.9959,-143.757,7.40E-01,1.14E+01,6.16E+00,1.92E+01
1935,73.3289,-131.257,1.06E+00,1.23E+01,7.57E+00,1.92E+01
1936,79.9952,-131.256,1.03E+00,1.28E+01,7.37E+00,1.99E+01
1937,33.3319,-143.762,8.52E-01,8.64E+00,7.74E+00,1.38E+01
1938,33.3317,-137.513,1.03E+00,9.54E+00,8.39E+00,1.36E+01
1939,33.3316,-131.263,1.21E+00,1.03E+01,8.99E+00,1.36E+01
1940,53.3308,-143.76,8.17E-01,9.50E+00,7.00E+00,1.63E+01
1941,53.3305,-137.511,9.83E-01,1.03E+01,7.66E+00,1.63E+01
1942,53.3303,-131.261,1.15E+00,1.09E+01,8.26E+00,1.66E+01
1943,59.9968,-137.51,9.62E-01,1.07E+01,7.42E+00,1.71E+01
1944,59.997,-143.76,8.01E-01,9.90E+00,6.76E+00,1.71E+01
1945,59.9965,-131.26,1.13E+00,1.13E+01,8.03E+00,1.75E+01
1946,39.998,-137.512,1.02E+00,9.72E+00,8.14E+00,1.45E+01
1947,46.6643,-137.512,1.00E+00,9.98E+00,7.90E+00,1.54E+01
1948,39.9982,-143.762,8.43E-01,8.86E+00,7.48E+00,1.47E+01
1949,46.6645,-143.761,8.31E-01,9.14E+00,7.24E+00,1.55E+01
1950,39.9979,-131.263,1.19E+00,1.04E+01,8.75E+00,1.46E+01
1951,46.6641,-131.262,1.17E+00,1.06E+01,8.51E+00,1.56E+01
1952,19.9992,-143.763,8.63E-01,8.31E+00,8.28E+00,1.20E+01
1953,19.9992,-137.514,1.04E+00,9.31E+00,8.90E+00,1.17E+01
1954,19.9991,-131.264,1.23E+00,1.01E+01,9.47E+00,1.16E+01
1955,26.6655,-137.513,1.04E+00,9.41E+00,8.65E+00,1.26E+01
1956,26.6656,-143.763,8.59E-01,8.45E+00,8.00E+00,1.29E+01
1957,26.6654,-131.264,1.22E+00,1.02E+01,9.23E+00,1.26E+01
1958,6.66659,-137.514,1.05E+00,9.21E+00,9.47E+00,9.79E+00
1959,13.3329,-137.514,1.05E+00,9.25E+00,9.17E+00,1.07E+01
1960,6.66661,-143.763,8.64E-01,8.10E+00,8.88E+00,1.03E+01
1961,13.3329,-143.763,8.64E-01,8.20E+00,8.57E+00,1.12E+01
1962,6.66658,-131.265,1.23E+00,1.01E+01,1.00E+01,9.51E+00
1963,13.3328,-131.265,1.23E+00,1.01E+01,9.72E+00,1.05E+01
1964,-59.9959,-143.757,7.38E-01,7.94E+00,1.38E+01,2.51E+00
1965,-59.9955,-137.507,8.88E-01,9.22E+00,1.44E+01,2.26E+00
1966,-59.995,-131.256,1.04E+00,1.03E+01,1.51E+01,2.28E+00
1967,-26.6648,-143.761,8.26E-01,7.86E+00,1.09E+01,6.04E+00
1968,-26.6646,-137.512,9.98E-01,9.12E+00,1.15E+01,5.37E+00
1969,-26.6644,-131.262,1.17E+00,1.02E+01,1.20E+01,4.90E+00
1970,-13.3322,-143.762,8.47E-01,7.92E+00,9.99E+00,7.70E+00
1971,-13.3321,-137.513,1.03E+00,9.13E+00,1.06E+01,7.08E+00
1972,-13.3321,-131.264,1.21E+00,1.02E+01,1.11E+01,6.65E+00
1973,-6.66591,-137.513,1.04E+00,9.15E+00,1.02E+01,7.96E+00
1974,-6.66597,-143.763,8.55E-01,7.97E+00,9.59E+00,8.55E+00
1975,-6.66587,-131.264,1.22E+00,1.02E+01,1.07E+01,7.57E+00
1976,-19.9984,-137.512,1.01E+00,9.12E+00,1.10E+01,6.21E+00
1977,-19.9985,-143.762,8.37E-01,7.88E+00,1.04E+01,6.86E+00
1978,-19.9983,-131.263,1.19E+00,1.02E+01,1.15E+01,5.76E+00
1979,-39.9973,-143.76,7.96E-01,7.86E+00,1.19E+01,4.45E+00
1980,-39.997,-137.51,9.61E-01,9.14E+00,1.25E+01,3.80E+00
1981,-39.9967,-131.26,1.13E+00,1.02E+01,1.31E+01,3.37E+00
1982,-33.3309,-137.511,9.81E-01,9.12E+00,1.20E+01,4.56E+00
1983,-33.3311,-143.761,8.12E-01,7.85E+00,1.14E+01,5.23E+00
1984,-33.3306,-131.261,1.15E+00,1.02E+01,1.25E+01,4.10E+00
1985,-53.3294,-137.508,9.15E-01,9.19E+00,1.38E+01,2.56E+00
1986,-46.6631,-137.509,9.39E-01,9.17E+00,1.31E+01,3.11E+00
1987,-53.3297,-143.758,7.59E-01,7.89E+00,1.31E+01,3.02E+00
1988,-46.6635,-143.759,7.79E-01,7.87E+00,1.25E+01,3.70E+00
1989,-53.3288,-131.258,1.07E+00,1.03E+01,1.44E+01,2.37E+00
1990,-46.6628,-131.259,1.10E+00,1.03E+01,1.37E+01,2.77E+00
1991,-93.2475,-143.76,5.99E-01,8.32E+00,1.70E+01,3.83E+00
1992,-93.2265,-137.501,7.17E-01,9.43E+00,1.78E+01,4.43E+00
1993,-93.2462,-131.241,8.33E-01,1.03E+01,1.85E+01,4.87E+00
1994,-73.3284,-143.755,6.89E-01,8.07E+00,1.51E+01,2.28E+00
1995,-73.3278,-137.504,8.28E-01,9.32E+00,1.58E+01,2.59E+00
1996,-73.3272,-131.254,9.66E-01,1.03E+01,1.65E+01,2.98E+00
1997,-66.6616,-137.506,8.59E-01,9.27E+00,1.51E+01,2.27E+00
1998,-66.6621,-143.756,7.15E-01,8.01E+00,1.44E+01,2.24E+00
1999,-66.661,-131.255,1.00E+00,1.03E+01,1.58E+01,2.51E+00
2000,-86.6302,-137.502,7.56E-01,9.40E+00,1.72E+01,3.76E+00
2001,-79.9941,-137.503,7.93E-01,9.36E+00,1.65E+01,3.13E+00
2002,-86.6409,-143.756,6.31E-01,8.24E+00,1.64E+01,3.18E+00
2003,-79.9947,-143.754,6.62E-01,8.15E+00,1.57E+01,2.62E+00
2004,-86.6397,-131.248,8.80E-01,1.03E+01,1.79E+01,4.23E+00
2005,-79.9935,-131.252,9.25E-01,1.04E+01,1.73E+01,3.58E+00
2006,-106.164,-143.74,5.28E-01,8.47E+00,1.79E+01,5.17E+00
2007,-106.143,-137.498,6.30E-01,9.46E+00,1.86E+01,5.69E+00
2008,-106.163,-131.256,7.30E-01,1.02E+01,1.92E+01,6.01E+00
2009,-99.7222,-137.499,6.74E-01,9.45E+00,1.82E+01,5.08E+00
2010,-99.7463,-143.751,5.65E-01,8.41E+00,1.75E+01,4.50E+00
2011,-99.7452,-131.248,7.83E-01,1.03E+01,1.89E+01,5.47E+00
2012,-118.743,-137.496,5.33E-01,9.31E+00,1.87E+01,6.71E+00
2013,-112.463,-137.497,5.83E-01,9.41E+00,1.88E+01,6.23E+00
2014,-118.744,-143.748,4.48E-01,8.46E+00,1.83E+01,6.33E+00
2015,-112.474,-143.745,4.89E-01,8.47E+00,1.82E+01,5.80E+00
2016,-118.743,-131.245,6.17E-01,9.96E+00,1.92E+01,6.85E+00
2017,-112.473,-131.249,6.75E-01,1.01E+01,1.93E+01,6.47E+00
2018,124.994,131.244,5.73E-01,8.70E+00,1.87E+01,5.86E+00
2019,124.994,137.495,5.01E-01,7.83E+00,1.81E+01,5.43E+00
2020,124.994,143.746,4.30E-01,6.60E+00,1.75E+01,4.62E+00
2021,124.994,149.997,3.64E-01,1.13E+01,1.09E+01,1.32E+01
2022,118.744,149.998,3.98E-01,1.15E+01,1.10E+01,1.31E+01
2023,112.494,149.999,4.31E-01,1.15E+01,1.11E+01,1.28E+01
2024,106.244,150,4.61E-01,1.15E+01,1.09E+01,1.24E+01
2025,99.9946,150.001,4.89E-01,1.15E+01,1.08E+01,1.19E+01
2026,93.328,150.002,5.16E-01,1.12E+01,1.07E+01,1.14E+01
2027,86.6616,150.003,5.41E-01,1.08E+01,1.05E+01,1.10E+01
2028,79.9952,150.004,5.63E-01,1.05E+01,1.02E+01,1.06E+01
2029,73.3288,150.005,5.83E-01,1.01E+01,9.97E+00,1.03E+01
2030,66.6625,150.006,6.01E-01,9.74E+00,9.72E+00,1.02E+01
2031,59.9962,150.007,6.17E-01,9.37E+00,9.48E+00,1.02E+01
2032,53.3299,150.008,6.31E-01,9.01E+00,9.26E+00,1.02E+01
2033,46.6636,150.008,6.44E-01,8.67E+00,9.06E+00,1.03E+01
2034,39.9973,150.009,6.55E-01,8.34E+00,8.87E+00,1.04E+01
2035,33.331,150.01,6.64E-01,8.04E+00,8.70E+00,1.05E+01
2036,26.6647,150.01,6.72E-01,7.76E+00,8.54E+00,1.06E+01
2037,19.9983,150.011,6.78E-01,7.51E+00,8.41E+00,1.08E+01
2038,13.332,150.011,6.83E-01,7.29E+00,8.30E+00,1.09E+01
2039,6.66568,150.011,6.86E-01,7.09E+00,8.21E+00,1.10E+01
2040,-0.000663768,150.012,6.87E-01,6.93E+00,8.14E+00,1.11E+01
2041,-6.66702,150.012,6.87E-01,6.80E+00,8.10E+00,1.12E+01
2042,-13.3333,150.012,6.85E-01,6.70E+00,8.07E+00,1.13E+01
2043,-19.9997,150.012,6.81E-01,6.63E+00,8.06E+00,1.14E+01
2044,-26.6661,150.012,6.74E-01,6.59E+00,8.07E+00,1.15E+01
2045,-33.3324,150.011,6.66E-01,6.58E+00,8.10E+00,1.16E+01
2046,-39.9987,150.011,6.56E-01,6.61E+00,8.14E+00,1.16E+01
2047,-46.6651,150.011,6.45E-01,6.67E+00,8.21E+00,1.17E+01
2048,-53.3313,150.01,6.31E-01,6.77E+00,8.29E+00,1.17E+01
2049,-59.9977,150.009,6.16E-01,6.90E+00,8.39E+00,1.17E+01
2050,-66.664,150.009,5.99E-01,7.08E+00,8.51E+00,1.17E+01
2051,-73.3302,150.008,5.81E-01,7.29E+00,8.64E+00,1.17E+01
2052,-79.9966,150.007,5.61E-01,7.56E+00,8.78E+00,1.17E+01
2053,-86.6629,150.006,5.40E-01,7.84E+00,8.98E+00,1.16E+01
2054,-93.3293,150.005,5.16E-01,8.15E+00,9.15E+00,1.15E+01
2055,-99.9958,150.005,4.91E-01,8.46E+00,9.37E+00,1.14E+01
2056,-106.246,150.004,4.65E-01,8.71E+00,9.48E+00,1.14E+01
2057,-112.496,150.003,4.38E-01,8.96E+00,9.49E+00,1.14E+01
2058,-118.745,150.002,4.08E-01,9.15E+00,9.61E+00,1.15E+01
2059,-124.996,150.001,3.75E-01,9.22E+00,9.64E+00,1.16E+01
2060,-124.995,143.75,4.76E-01,1.46E+01,5.23E+00,2.09E+01
2061,-124.995,137.499,5.69E-01,1.44E+01,5.66E+00,2.15E+01
2062,-124.996,131.248,6.55E-01,1.44E+01,5.97E+00,2.19E+01
2063,-0.000595526,143.763,8.63E-01,8.24E+00,9.13E+00,9.27E+00
2064,-0.000642855,137.514,1.04E+00,9.35E+00,9.84E+00,8.78E+00
2065,-0.000686306,131.264,1.23E+00,1.03E+01,1.04E+01,8.47E+00
2066,66.662,143.756,7.38E-01,7.84E+00,1.41E+01,2.41E+00
2067,66.6614,137.505,8.78E-01,9.19E+00,1.50E+01,2.30E+00
2068,66.6609,131.255,1.02E+00,1.03E+01,1.58E+01,2.47E+00
2069,99.7874,143.75,5.90E-01,7.72E+00,1.71E+01,3.63E+00
2070,99.7868,137.499,6.94E-01,8.98E+00,1.80E+01,4.38E+00
2071,99.7862,131.248,7.99E-01,9.92E+00,1.88E+01,4.91E+00
2072,106.158,137.498,6.50E-01,8.83E+00,1.83E+01,4.79E+00
2073,112.493,137.497,6.02E-01,8.56E+00,1.84E+01,5.16E+00
2074,118.743,137.496,5.53E-01,8.22E+00,1.84E+01,5.41E+00
2075,112.494,143.748,5.15E-01,7.21E+00,1.76E+01,4.49E+00
2076,106.173,143.742,5.54E-01,7.50E+00,1.74E+01,4.09E+00
2077,118.744,143.747,4.74E-01,6.94E+00,1.76E+01,4.66E+00
2078,112.493,131.246,6.91E-01,9.52E+00,1.91E+01,5.59E+00
2079,106.172,131.254,7.46E-01,9.75E+00,1.91E+01,5.29E+00
2080,118.743,131.245,6.33E-01,9.16E+00,1.90E+01,5.80E+00
2081,86.6609,143.752,6.57E-01,7.82E+00,1.61E+01,2.84E+00
2082,86.6603,137.502,7.77E-01,9.11E+00,1.71E+01,3.43E+00
2083,86.6597,131.251,8.97E-01,1.01E+01,1.79E+01,3.93E+00
2084,93.2417,137.5,7.37E-01,9.06E+00,1.76E+01,3.93E+00
2085,93.2564,143.758,6.25E-01,7.80E+00,1.67E+01,3.22E+00
2086,93.2552,131.243,8.50E-01,1.00E+01,1.85E+01,4.45E+00
2087,73.3277,137.504,8.47E-01,9.18E+00,1.57E+01,2.51E+00
2088,79.9939,137.503,8.13E-01,9.16E+00,1.64E+01,2.92E+00
2089,73.3282,143.755,7.13E-01,7.85E+00,1.48E+01,2.33E+00
2090,79.9945,143.754,6.86E-01,7.84E+00,1.54E+01,2.50E+00
2091,73.3271,131.253,9.83E-01,1.03E+01,1.65E+01,2.86E+00
2092,79.9933,131.252,9.42E-01,1.02E+01,1.73E+01,3.38E+00
2093,33.3308,143.76,8.26E-01,7.87E+00,1.13E+01,5.33E+00
2094,33.3305,137.511,9.93E-01,9.18E+00,1.20E+01,4.62E+00
2095,33.3302,131.261,1.16E+00,1.03E+01,1.25E+01,4.14E+00
2096,53.3295,143.758,7.79E-01,7.83E+00,1.29E+01,3.25E+00
2097,53.329,137.508,9.32E-01,9.18E+00,1.37E+01,2.69E+00
2098,53.3286,131.258,1.09E+00,1.03E+01,1.43E+01,2.44E+00
2099,59.9952,137.507,9.06E-01,9.18E+00,1.43E+01,2.36E+00
2100,59.9957,143.757,7.59E-01,7.83E+00,1.35E+01,2.74E+00
2101,59.9947,131.256,1.06E+00,1.03E+01,1.50E+01,2.31E+00
2102,39.9967,137.51,9.75E-01,9.17E+00,1.25E+01,3.89E+00
2103,46.6629,137.509,9.55E-01,9.17E+00,1.31E+01,3.23E+00
2104,39.997,143.76,8.12E-01,7.84E+00,1.18E+01,4.59E+00
2105,46.6632,143.759,7.97E-01,7.83E+00,1.24E+01,3.89E+00
2106,39.9964,131.26,1.14E+00,1.03E+01,1.31E+01,3.43E+00
2107,46.6625,131.259,1.12E+00,1.03E+01,1.37E+01,2.84E+00
2108,19.9983,143.762,8.47E-01,7.97E+00,1.03E+01,6.88E+00
2109,19.9981,137.512,1.02E+00,9.22E+00,1.10E+01,6.22E+00
2110,19.9979,131.263,1.20E+00,1.03E+01,1.15E+01,5.76E+00
2111,26.6643,137.512,1.01E+00,9.19E+00,1.15E+01,5.40E+00
2112,26.6645,143.761,8.37E-01,7.91E+00,1.08E+01,6.10E+00
2113,26.6641,131.262,1.18E+00,1.03E+01,1.20E+01,4.93E+00
2114,6.66562,137.513,1.04E+00,9.30E+00,1.02E+01,7.91E+00
2115,13.3319,137.513,1.03E+00,9.25E+00,1.06E+01,7.05E+00
2116,6.6657,143.763,8.60E-01,8.14E+00,9.50E+00,8.47E+00
2117,13.332,143.762,8.54E-01,8.05E+00,9.89E+00,7.67E+00
2118,6.66554,131.264,1.22E+00,1.03E+01,1.07E+01,7.54E+00
2119,13.3317,131.264,1.21E+00,1.03E+01,1.11E+01,6.63E+00
2120,-59.9973,143.76,7.79E-01,1.05E+01,6.73E+00,1.65E+01
2121,-59.9971,137.51,9.45E-01,1.11E+01,7.47E+00,1.67E+01
2122,-59.9968,131.26,1.11E+00,1.17E+01,8.05E+00,1.72E+01
2123,-26.6659,143.763,8.51E-01,8.86E+00,7.94E+00,1.26E+01
2124,-26.6658,137.513,1.03E+00,9.72E+00,8.69E+00,1.24E+01
2125,-26.6658,131.264,1.22E+00,1.04E+01,9.28E+00,1.24E+01
2126,-13.3332,143.763,8.62E-01,8.51E+00,8.49E+00,1.09E+01
2127,-13.3332,137.514,1.04E+00,9.49E+00,9.22E+00,1.06E+01
2128,-13.3332,131.265,1.23E+00,1.03E+01,9.78E+00,1.04E+01
2129,-6.66689,137.514,1.05E+00,9.42E+00,9.51E+00,9.67E+00
2130,-6.66689,143.763,8.63E-01,8.36E+00,8.79E+00,1.01E+01
2131,-6.66692,131.265,1.23E+00,1.03E+01,1.01E+01,9.43E+00
2132,-19.9995,137.514,1.04E+00,9.59E+00,8.95E+00,1.15E+01
2133,-19.9995,143.763,8.57E-01,8.67E+00,8.20E+00,1.17E+01
2134,-19.9995,131.265,1.23E+00,1.04E+01,9.52E+00,1.14E+01
2135,-39.9985,143.762,8.29E-01,9.36E+00,7.44E+00,1.42E+01
2136,-39.9983,137.512,1.01E+00,1.01E+01,8.20E+00,1.42E+01
2137,-39.9982,131.263,1.19E+00,1.07E+01,8.80E+00,1.44E+01
2138,-33.3321,137.513,1.02E+00,9.88E+00,8.45E+00,1.33E+01
2139,-33.3322,143.762,8.41E-01,9.09E+00,7.68E+00,1.34E+01
2140,-33.3321,131.264,1.20E+00,1.05E+01,9.04E+00,1.34E+01
2141,-53.3309,137.511,9.68E-01,1.07E+01,7.71E+00,1.59E+01
2142,-46.6645,137.512,9.89E-01,1.04E+01,7.96E+00,1.51E+01
2143,-53.331,143.76,7.98E-01,1.01E+01,6.96E+00,1.57E+01
2144,-46.6648,143.761,8.15E-01,9.69E+00,7.20E+00,1.50E+01
2145,-53.3306,131.261,1.14E+00,1.13E+01,8.30E+00,1.63E+01
2146,-46.6645,131.262,1.16E+00,1.09E+01,8.55E+00,1.54E+01
2147,-93.2489,143.763,6.54E-01,1.35E+01,5.78E+00,1.97E+01
2148,-93.2283,137.504,7.89E-01,1.40E+01,6.43E+00,2.03E+01
2149,-93.2483,131.245,9.21E-01,1.45E+01,6.93E+00,2.09E+01
2150,-73.3298,143.758,7.35E-01,1.16E+01,6.29E+00,1.78E+01
2151,-73.3295,137.508,8.90E-01,1.22E+01,7.00E+00,1.82E+01
2152,-73.3292,131.257,1.04E+00,1.28E+01,7.56E+00,1.88E+01
2153,-66.6632,137.509,9.19E-01,1.16E+01,7.23E+00,1.75E+01
2154,-66.6635,143.759,7.58E-01,1.10E+01,6.50E+00,1.72E+01
2155,-66.663,131.258,1.08E+00,1.22E+01,7.80E+00,1.80E+01
2156,-86.6319,137.505,8.26E-01,1.35E+01,6.59E+00,1.97E+01
2157,-79.9958,137.506,8.59E-01,1.28E+01,6.78E+00,1.90E+01
2158,-86.6424,143.759,6.83E-01,1.28E+01,5.92E+00,1.91E+01
2159,-79.9961,143.757,7.10E-01,1.22E+01,6.08E+00,1.85E+01
2160,-86.6418,131.252,9.65E-01,1.40E+01,7.12E+00,2.03E+01
2161,-79.9955,131.256,1.01E+00,1.34E+01,7.33E+00,1.96E+01
2162,-106.165,143.744,5.90E-01,1.44E+01,5.54E+00,2.05E+01
2163,-106.145,137.502,7.10E-01,1.47E+01,6.17E+00,2.11E+01
2164,-106.165,131.259,8.24E-01,1.51E+01,6.61E+00,2.17E+01
2165,-99.724,137.503,7.51E-01,1.45E+01,6.30E+00,2.07E+01
2166,-99.7478,143.754,6.23E-01,1.40E+01,5.67E+00,2.02E+01
2167,-99.7473,131.252,8.74E-01,1.49E+01,6.77E+00,2.14E+01
2168,-118.745,137.5,6.19E-01,1.48E+01,5.81E+00,2.14E+01
2169,-112.465,137.501,6.66E-01,1.49E+01,6.01E+00,2.13E+01
2170,-118.745,143.751,5.16E-01,1.48E+01,5.25E+00,2.09E+01
2171,-112.475,143.749,5.54E-01,1.47E+01,5.35E+00,2.08E+01
2172,-118.745,131.248,7.15E-01,1.49E+01,6.22E+00,2.19E+01
2173,-112.475,131.252,7.71E-01,1.51E+01,6.44E+00,2.19E+01
2174,-131.246,150.001,3.41E-01,9.13E+00,9.56E+00,1.18E+01
2175,-137.496,150,3.04E-01,8.78E+00,9.31E+00,1.21E+01
2176,-143.746,149.999,2.66E-01,7.85E+00,8.74E+00,1.30E+01
2177,-149.996,149.998,2.28E-01,8.06E+00,7.05E+00,1.87E+01
2178,-149.997,143.747,2.84E-01,1.03E+01,5.53E+00,2.28E+01
2179,-149.998,137.497,3.32E-01,1.15E+01,5.10E+00,2.28E+01
2180,-150,131.246,3.74E-01,1.22E+01,4.87E+00,2.29E+01
2181,-150,124.996,4.12E-01,1.26E+01,4.73E+00,2.27E+01
2182,-150.001,118.746,4.46E-01,1.27E+01,4.67E+00,2.24E+01
2183,-150.002,112.496,4.76E-01,1.25E+01,4.66E+00,2.20E+01
2184,-150.003,106.246,5.04E-01,1.22E+01,4.70E+00,2.15E+01
2185,-150.004,99.9957,5.29E-01,1.18E+01,4.80E+00,2.11E+01
2186,-150.005,93.3292,5.52E-01,1.13E+01,4.97E+00,2.06E+01
2187,-150.006,86.6627,5.74E-01,1.07E+01,5.17E+00,1.99E+01
2188,-150.007,79.9963,5.93E-01,1.01E+01,5.38E+00,1.92E+01
2189,-150.008,73.33,6.10E-01,9.48E+00,5.57E+00,1.86E+01
2190,-150.009,66.6636,6.26E-01,8.98E+00,5.77E+00,1.80E+01
2191,-150.009,59.9973,6.40E-01,8.53E+00,5.98E+00,1.73E+01
2192,-150.01,53.331,6.52E-01,8.12E+00,6.21E+00,1.66E+01
2193,-150.011,46.6647,6.62E-01,7.76E+00,6.45E+00,1.59E+01
2194,-150.011,39.9984,6.71E-01,7.45E+00,6.70E+00,1.52E+01
2195,-150.011,33.332,6.78E-01,7.19E+00,6.97E+00,1.44E+01
2196,-150.012,26.6657,6.82E-01,6.97E+00,7.25E+00,1.36E+01
2197,-150.012,19.9993,6.85E-01,6.78E+00,7.54E+00,1.28E+01
2198,-150.012,13.333,6.86E-01,6.63E+00,7.85E+00,1.20E+01
2199,-150.012,6.66662,6.86E-01,6.50E+00,8.18E+00,1.12E+01
2200,-150.012,0.000281056,6.83E-01,6.39E+00,8.54E+00,1.04E+01
2201,-150.012,-6.66605,6.79E-01,6.30E+00,8.92E+00,9.56E+00
2202,-150.011,-13.3323,6.73E-01,6.23E+00,9.34E+00,8.75E+00
2203,-150.011,-19.9987,6.65E-01,6.17E+00,9.78E+00,7.94E+00
2204,-150.01,-26.665,6.56E-01,6.13E+00,1.03E+01,7.14E+00
2205,-150.01,-33.3312,6.46E-01,6.12E+00,1.08E+01,6.34E+00
2206,-150.009,-39.9976,6.34E-01,6.12E+00,1.13E+01,5.54E+00
2207,-150.009,-46.6639,6.21E-01,6.14E+00,1.19E+01,4.76E+00
2208,-150.008,-53.3301,6.06E-01,6.18E+00,1.25E+01,4.01E+00
2209,-150.007,-59.9964,5.89E-01,6.24E+00,1.31E+01,3.31E+00
2210,-150.006,-66.6627,5.71E-01,6.32E+00,1.37E+01,2.73E+00
2211,-150.005,-73.3289,5.52E-01,6.42E+00,1.43E+01,2.37E+00
2212,-150.004,-79.9953,5.30E-01,6.53E+00,1.49E+01,2.29E+00
2213,-150.003,-86.6617,5.06E-01,6.65E+00,1.56E+01,2.53E+00
2214,-150.002,-93.328,4.81E-01,6.75E+00,1.63E+01,3.03E+00
2215,-150.002,-99.9946,4.53E-01,6.87E+00,1.69E+01,3.64E+00
2216,-150.001,-106.244,4.24E-01,6.97E+00,1.73E+01,4.37E+00
2217,-150,-112.494,3.93E-01,7.07E+00,1.76E+01,5.06E+00
2218,-149.999,-118.744,3.61E-01,7.22E+00,1.78E+01,5.59E+00
2219,-149.998,-124.995,3.25E-01,7.33E+00,1.79E+01,6.03E+00
2220,-149.997,-131.245,2.88E-01,7.35E+00,1.77E+01,6.35E+00
2221,-149.997,-137.495,2.49E-01,7.26E+00,1.74E+01,6.49E+00
2222,-149.996,-143.745,2.09E-01,6.99E+00,1.67E+01,6.50E+00
2223,-149.996,-149.996,1.68E-01,6.49E+00,1.62E+01,6.21E+00
2224,-143.745,-149.996,2.09E-01,6.86E+00,1.66E+01,6.84E+00
2225,-137.495,-149.997,2.50E-01,7.15E+00,1.71E+01,6.75E+00
2226,-131.245,-149.997,2.89E-01,7.29E+00,1.75E+01,6.50E+00
2227,-143.763,0.000317695,8.59E-01,7.92E+00,9.25E+00,9.45E+00
2228,-137.514,0.00035215,1.04E+00,9.07E+00,9.84E+00,8.90E+00
2229,-131.265,0.000384179,1.23E+00,1.00E+01,1.04E+01,8.56E+00
2230,-143.757,79.996,7.35E-01,1.12E+01,6.17E+00,1.92E+01
2231,-137.506,79.9957,8.78E-01,1.21E+01,6.78E+00,1.95E+01
2232,-131.256,79.9954,1.02E+00,1.29E+01,7.32E+00,2.00E+01
2233,-143.75,118.746,5.42E-01,1.34E+01,5.26E+00,2.24E+01
2234,-137.499,118.745,6.35E-01,1.40E+01,5.72E+00,2.24E+01
2235,-131.248,118.746,7.24E-01,1.44E+01,6.13E+00,2.24E+01
2236,-143.747,137.497,3.96E-01,1.19E+01,5.17E+00,2.21E+01
2237,-137.497,137.497,4.57E-01,1.27E+01,5.35E+00,2.16E+01
2238,-131.246,137.498,5.15E-01,1.37E+01,5.52E+00,2.15E+01
2239,-137.496,143.748,3.85E-01,1.31E+01,5.13E+00,2.11E+01
2240,-143.747,143.748,3.35E-01,1.13E+01,5.08E+00,2.19E+01
2241,-131.246,143.749,4.32E-01,1.41E+01,5.21E+00,2.09E+01
2242,-137.498,124.996,5.81E-01,1.36E+01,5.59E+00,2.23E+01
2243,-137.497,131.246,5.22E-01,1.31E+01,5.47E+00,2.20E+01
2244,-143.749,124.996,4.98E-01,1.32E+01,5.22E+00,2.25E+01
2245,-143.748,131.246,4.50E-01,1.27E+01,5.21E+00,2.24E+01
2246,-131.247,124.996,6.60E-01,1.41E+01,5.91E+00,2.22E+01
2247,-131.246,131.247,5.90E-01,1.38E+01,5.71E+00,2.18E+01
2248,-143.754,99.7889,6.51E-01,1.28E+01,5.71E+00,2.12E+01
2249,-137.503,99.7886,7.71E-01,1.36E+01,6.29E+00,2.15E+01
2250,-131.251,99.7884,8.88E-01,1.43E+01,6.73E+00,2.19E+01
2251,-137.501,106.16,7.29E-01,1.39E+01,6.12E+00,2.19E+01
2252,-137.5,112.495,6.84E-01,1.40E+01,5.90E+00,2.22E+01
2253,-143.745,106.174,6.18E-01,1.32E+01,5.50E+00,2.17E+01
2254,-143.751,112.495,5.81E-01,1.34E+01,5.34E+00,2.21E+01
2255,-131.257,106.174,8.37E-01,1.45E+01,6.56E+00,2.23E+01
2256,-131.249,112.495,7.83E-01,1.46E+01,6.36E+00,2.25E+01
2257,-137.505,86.662,8.45E-01,1.27E+01,6.59E+00,2.03E+01
2258,-137.504,93.2435,8.10E-01,1.32E+01,6.42E+00,2.09E+01
2259,-143.756,86.6624,7.10E-01,1.18E+01,6.00E+00,2.00E+01
2260,-143.762,93.2579,6.81E-01,1.24E+01,5.87E+00,2.07E+01
2261,-131.254,86.6618,9.80E-01,1.34E+01,7.11E+00,2.07E+01
2262,-131.246,93.2573,9.36E-01,1.39E+01,6.91E+00,2.14E+01
2263,-143.762,39.9982,8.41E-01,8.68E+00,7.51E+00,1.47E+01
2264,-137.512,39.9981,1.02E+00,9.55E+00,8.17E+00,1.45E+01
2265,-131.263,39.998,1.19E+00,1.02E+01,8.78E+00,1.46E+01
2266,-143.76,59.997,7.98E-01,9.65E+00,6.79E+00,1.70E+01
2267,-137.51,59.9968,9.60E-01,1.05E+01,7.45E+00,1.71E+01
2268,-131.26,59.9966,1.12E+00,1.11E+01,8.04E+00,1.74E+01
2269,-137.509,66.663,9.35E-01,1.09E+01,7.22E+00,1.79E+01
2270,-137.507,73.3293,9.08E-01,1.15E+01,7.00E+00,1.87E+01
2271,-143.759,66.6633,7.80E-01,1.01E+01,6.57E+00,1.78E+01
2272,-143.758,73.3296,7.59E-01,1.06E+01,6.37E+00,1.85E+01
2273,-131.258,66.6628,1.09E+00,1.16E+01,7.80E+00,1.83E+01
2274,-131.257,73.3291,1.06E+00,1.22E+01,7.56E+00,1.92E+01
2275,-137.512,46.6643,1.00E+00,9.78E+00,7.93E+00,1.54E+01
2276,-137.511,53.3306,9.81E-01,1.01E+01,7.69E+00,1.63E+01
2277,-143.761,46.6645,8.29E-01,8.95E+00,7.26E+00,1.55E+01
2278,-143.76,53.3308,8.15E-01,9.27E+00,7.02E+00,1.63E+01
2279,-131.262,46.6642,1.17E+00,1.04E+01,8.54E+00,1.56E+01
2280,-131.261,53.3304,1.15E+00,1.07E+01,8.29E+00,1.65E+01
2281,-143.763,19.9993,8.61E-01,8.17E+00,8.30E+00,1.21E+01
2282,-137.514,19.9992,1.04E+00,9.18E+00,8.93E+00,1.17E+01
2283,-131.265,19.9992,1.23E+00,1.00E+01,9.50E+00,1.16E+01
2284,-137.513,26.6655,1.04E+00,9.26E+00,8.67E+00,1.27E+01
2285,-137.513,33.3318,1.03E+00,9.38E+00,8.42E+00,1.36E+01
2286,-143.763,26.6656,8.57E-01,8.30E+00,8.03E+00,1.29E+01
2287,-143.762,33.3319,8.50E-01,8.47E+00,7.76E+00,1.38E+01
2288,-131.264,26.6654,1.22E+00,1.00E+01,9.26E+00,1.26E+01
2289,-131.264,33.3317,1.21E+00,1.01E+01,9.02E+00,1.36E+01
2290,-137.514,6.66662,1.04E+00,9.09E+00,9.51E+00,9.82E+00
2291,-137.514,13.3329,1.05E+00,9.13E+00,9.21E+00,1.08E+01
2292,-143.763,6.66662,8.62E-01,7.98E+00,8.91E+00,1.03E+01
2293,-143.763,13.3329,8.63E-01,8.07E+00,8.60E+00,1.12E+01
2294,-131.265,6.66663,1.23E+00,1.00E+01,1.00E+01,9.53E+00
2295,-131.265,13.3329,1.23E+00,1.00E+01,9.76E+00,1.05E+01
2296,-143.755,-73.3283,6.88E-01,8.06E+00,1.51E+01,2.27E+00
2297,-137.504,-73.3278,8.26E-01,9.29E+00,1.58E+01,2.57E+00
2298,-131.254,-73.3272,9.65E-01,1.03E+01,1.66E+01,2.96E+00
2299,-143.76,-33.331,8.10E-01,7.78E+00,1.15E+01,5.28E+00
2300,-137.511,-33.3307,9.80E-01,9.06E+00,1.20E+01,4.60E+00
2301,-131.261,-33.3305,1.15E+00,1.02E+01,1.26E+01,4.13E+00
2302,-143.762,-13.3322,8.46E-01,7.82E+00,1.00E+01,7.75E+00
2303,-137.513,-13.3321,1.02E+00,9.04E+00,1.06E+01,7.12E+00
2304,-131.264,-13.332,1.21E+00,1.01E+01,1.11E+01,6.68E+00
2305,-137.513,-6.66588,1.03E+00,9.05E+00,1.02E+01,8.00E+00
2306,-143.763,-6.66596,8.53E-01,7.87E+00,9.63E+00,8.60E+00
2307,-131.264,-6.66582,1.22E+00,1.01E+01,1.07E+01,7.61E+00
2308,-137.512,-26.6645,9.97E-01,9.05E+00,1.15E+01,5.41E+00
2309,-137.512,-19.9984,1.01E+00,9.04E+00,1.10E+01,6.25E+00
2310,-143.761,-26.6647,8.24E-01,7.78E+00,1.10E+01,6.09E+00
2311,-143.762,-19.9985,8.36E-01,7.80E+00,1.05E+01,6.91E+00
2312,-131.262,-26.6643,1.17E+00,1.01E+01,1.20E+01,4.94E+00
2313,-131.263,-19.9982,1.19E+00,1.01E+01,1.15E+01,5.79E+00
2314,-143.758,-53.3296,7.58E-01,7.86E+00,1.32E+01,3.07E+00
2315,-137.508,-53.3292,9.14E-01,9.16E+00,1.38E+01,2.59E+00
2316,-131.258,-53.3288,1.07E+00,1.03E+01,1.44E+01,2.39E+00
2317,-137.509,-46.663,9.38E-01,9.12E+00,1.32E+01,3.14E+00
2318,-137.51,-39.9969,9.60E-01,9.09E+00,1.26E+01,3.83E+00
2319,-143.759,-46.6634,7.77E-01,7.82E+00,1.26E+01,3.74E+00
2320,-143.76,-39.9972,7.95E-01,7.80E+00,1.20E+01,4.49E+00
2321,-131.259,-46.6626,1.10E+00,1.02E+01,1.38E+01,2.79E+00
2322,-131.26,-39.9966,1.13E+00,1.02E+01,1.31E+01,3.40E+00
2323,-137.506,-66.6615,8.58E-01,9.25E+00,1.51E+01,2.27E+00
2324,-137.507,-59.9954,8.87E-01,9.20E+00,1.45E+01,2.27E+00
2325,-143.756,-66.6621,7.13E-01,7.98E+00,1.44E+01,2.24E+00
2326,-143.757,-59.9959,7.37E-01,7.92E+00,1.38E+01,2.54E+00
2327,-131.255,-66.661,1.00E+00,1.03E+01,1.58E+01,2.50E+00
2328,-131.256,-59.9949,1.04E+00,1.03E+01,1.51E+01,2.28E+00
2329,-143.744,-112.463,4.88E-01,8.42E+00,1.84E+01,5.78E+00
2330,-137.497,-112.441,5.82E-01,9.42E+00,1.90E+01,6.18E+00
2331,-131.251,-112.462,6.74E-01,1.01E+01,1.95E+01,6.44E+00
2332,-143.762,-93.2311,5.98E-01,8.31E+00,1.72E+01,3.76E+00
2333,-137.501,-93.2015,7.16E-01,9.41E+00,1.80E+01,4.40E+00
2334,-131.239,-93.2299,8.32E-01,1.03E+01,1.87E+01,4.86E+00
2335,-137.502,-86.6201,7.55E-01,9.37E+00,1.73E+01,3.74E+00
2336,-137.503,-79.994,7.92E-01,9.33E+00,1.66E+01,3.10E+00
2337,-143.757,-86.6342,6.30E-01,8.22E+00,1.65E+01,3.13E+00
2338,-143.754,-79.9947,6.60E-01,8.14E+00,1.58E+01,2.60E+00
2339,-131.247,-86.633,8.80E-01,1.03E+01,1.81E+01,4.21E+00
2340,-131.252,-79.9935,9.24E-01,1.03E+01,1.74E+01,3.56E+00
2341,-137.498,-106.095,6.29E-01,9.48E+00,1.88E+01,5.60E+00
2342,-137.499,-99.6907,6.74E-01,9.44E+00,1.84E+01,5.02E+00
2343,-143.741,-106.134,5.27E-01,8.48E+00,1.81E+01,5.04E+00
2344,-143.752,-99.7266,5.63E-01,8.44E+00,1.77E+01,4.36E+00
2345,-131.256,-106.133,7.29E-01,1.02E+01,1.94E+01,5.98E+00
2346,-131.247,-99.7254,7.82E-01,1.03E+01,1.91E+01,5.45E+00
2347,-143.746,-131.244,3.57E-01,8.27E+00,1.81E+01,7.02E+00
2348,-137.495,-131.244,4.26E-01,8.91E+00,1.83E+01,7.27E+00
2349,-131.244,-131.244,4.92E-01,9.36E+00,1.86E+01,7.30E+00
2350,-137.496,-124.994,4.80E-01,9.11E+00,1.88E+01,7.08E+00
2351,-137.496,-118.723,5.33E-01,9.27E+00,1.90E+01,6.71E+00
2352,-143.747,-124.994,4.03E-01,8.37E+00,1.84E+01,6.75E+00
2353,-143.746,-118.731,4.47E-01,8.39E+00,1.85E+01,6.35E+00
2354,-131.245,-124.994,5.56E-01,9.69E+00,1.91E+01,7.15E+00
2355,-131.247,-118.73,6.17E-01,9.96E+00,1.94E+01,6.84E+00
2356,-137.495,-143.746,3.10E-01,8.05E+00,1.74E+01,7.15E+00
2357,-137.495,-137.495,3.69E-01,8.58E+00,1.78E+01,7.30E+00
2358,-143.745,-143.745,2.60E-01,7.60E+00,1.70E+01,7.15E+00
2359,-143.746,-137.495,3.09E-01,8.04E+00,1.76E+01,7.15E+00
2360,-131.244,-143.746,3.58E-01,8.29E+00,1.78E+01,7.02E+00
2361,-131.244,-137.495,4.26E-01,8.93E+00,1.82E+01,7.26E+00
2362,131.245,149.996,3.27E-01,1.09E+01,1.06E+01,1.31E+01
2363,137.495,149.996,2.90E-01,1.04E+01,1.02E+01,1.28E+01
2364,143.745,149.995,2.53E-01,9.67E+00,9.82E+00,1.22E+01
2365,149.995,149.995,2.17E-01,1.24E+01,6.29E+00,1.64E+01
2366,149.995,143.745,2.53E-01,9.65E+00,9.85E+00,1.22E+01
2367,149.996,137.495,2.90E-01,1.04E+01,1.03E+01,1.28E+01
2368,149.996,131.245,3.28E-01,1.09E+01,1.06E+01,1.31E+01
2369,149.997,124.994,3.64E-01,1.13E+01,1.09E+01,1.32E+01
2370,149.998,118.744,3.99E-01,1.14E+01,1.10E+01,1.30E+01
2371,149.999,112.494,4.32E-01,1.15E+01,1.10E+01,1.28E+01
2372,150,106.244,4.62E-01,1.15E+01,1.10E+01,1.24E+01
2373,150.001,99.9945,4.90E-01,1.13E+01,1.09E+01,1.20E+01
2374,150.002,93.328,5.17E-01,1.11E+01,1.07E+01,1.15E+01
2375,150.003,86.6616,5.42E-01,1.08E+01,1.05E+01,1.10E+01
2376,150.004,79.9952,5.64E-01,1.04E+01,1.02E+01,1.06E+01
2377,150.005,73.3289,5.84E-01,1.01E+01,9.94E+00,1.03E+01
2378,150.006,66.6626,6.02E-01,9.71E+00,9.69E+00,1.02E+01
2379,150.007,59.9962,6.18E-01,9.34E+00,9.44E+00,1.01E+01
2380,150.008,53.3299,6.33E-01,8.99E+00,9.21E+00,1.02E+01
2381,150.009,46.6636,6.45E-01,8.66E+00,9.00E+00,1.02E+01
2382,150.009,39.9973,6.56E-01,8.35E+00,8.81E+00,1.03E+01
2383,150.01,33.331,6.66E-01,8.06E+00,8.64E+00,1.05E+01
2384,150.01,26.6647,6.74E-01,7.80E+00,8.49E+00,1.06E+01
2385,150.011,19.9984,6.80E-01,7.56E+00,8.36E+00,1.07E+01
2386,150.011,13.332,6.85E-01,7.35E+00,8.26E+00,1.08E+01
2387,150.011,6.6657,6.88E-01,7.17E+00,8.17E+00,1.10E+01
2388,150.012,-0.000642153,6.89E-01,7.03E+00,8.11E+00,1.11E+01
2389,150.012,-6.66699,6.89E-01,6.90E+00,8.07E+00,1.12E+01
2390,150.012,-13.3333,6.87E-01,6.81E+00,8.04E+00,1.13E+01
2391,150.012,-19.9997,6.83E-01,6.75E+00,8.04E+00,1.14E+01
2392,150.012,-26.6661,6.76E-01,6.72E+00,8.06E+00,1.15E+01
2393,150.011,-33.3324,6.68E-01,6.71E+00,8.09E+00,1.16E+01
2394,150.011,-39.9987,6.59E-01,6.74E+00,8.14E+00,1.16E+01
2395,150.01,-46.6651,6.47E-01,6.80E+00,8.21E+00,1.17E+01
2396,150.01,-53.3313,6.34E-01,6.91E+00,8.31E+00,1.17E+01
2397,150.009,-59.9977,6.19E-01,7.05E+00,8.42E+00,1.18E+01
2398,150.009,-66.664,6.03E-01,7.23E+00,8.55E+00,1.18E+01
2399,150.008,-73.3302,5.85E-01,7.45E+00,8.70E+00,1.18E+01
2400,150.007,-79.9966,5.65E-01,7.70E+00,8.87E+00,1.17E+01
2401,150.006,-86.6629,5.45E-01,7.98E+00,9.04E+00,1.17E+01
2402,150.005,-93.3293,5.22E-01,8.28E+00,9.23E+00,1.16E+01
2403,150.005,-99.9957,4.97E-01,8.56E+00,9.41E+00,1.15E+01
2404,150.004,-106.246,4.73E-01,8.83E+00,9.54E+00,1.14E+01
2405,150.003,-112.495,4.46E-01,9.06E+00,9.65E+00,1.14E+01
2406,150.002,-118.745,4.17E-01,9.26E+00,9.72E+00,1.14E+01
2407,150.001,-124.996,3.85E-01,9.40E+00,9.75E+00,1.14E+01
2408,150.001,-131.246,3.51E-01,9.46E+00,9.71E+00,1.15E+01
2409,150,-137.496,3.14E-01,9.43E+00,9.58E+00,1.16E+01
2410,150,-143.747,2.74E-01,9.33E+00,9.34E+00,1.17E+01
2411,149.999,-149.997,2.32E-01,9.22E+00,9.03E+00,1.19E+01
2412,143.748,-149.998,2.95E-01,1.34E+01,5.32E+00,2.01E+01
2413,137.497,-149.999,3.48E-01,1.30E+01,5.42E+00,2.12E+01
2414,131.246,-150,3.92E-01,1.28E+01,5.33E+00,2.18E+01
2415,143.763,-0.000558814,8.65E-01,8.36E+00,9.10E+00,9.22E+00
2416,137.514,-0.000606903,1.05E+00,9.45E+00,9.81E+00,8.75E+00
2417,131.264,-0.000627956,1.23E+00,1.04E+01,1.03E+01,8.44E+00
2418,143.754,79.9946,6.87E-01,7.82E+00,1.54E+01,2.50E+00
2419,137.503,79.994,8.14E-01,9.16E+00,1.63E+01,2.92E+00
2420,131.252,79.9934,9.42E-01,1.02E+01,1.71E+01,3.37E+00
2421,143.747,118.744,4.74E-01,7.00E+00,1.76E+01,4.62E+00
2422,137.496,118.743,5.53E-01,8.26E+00,1.84E+01,5.40E+00
2423,131.245,118.743,6.33E-01,9.17E+00,1.90E+01,5.82E+00
2424,143.745,137.494,3.40E-01,5.33E+00,1.68E+01,3.90E+00
2425,137.494,137.494,3.93E-01,6.54E+00,1.72E+01,4.74E+00
2426,131.244,137.495,4.47E-01,7.31E+00,1.77E+01,5.22E+00
2427,137.494,143.745,3.40E-01,5.34E+00,1.68E+01,3.91E+00
2428,143.745,143.745,2.95E-01,4.22E+00,1.65E+01,3.15E+00
2429,131.244,143.745,3.85E-01,6.09E+00,1.72E+01,4.38E+00
2430,137.495,124.994,5.01E-01,7.86E+00,1.81E+01,5.42E+00
2431,137.495,131.244,4.47E-01,7.32E+00,1.77E+01,5.22E+00
2432,143.746,124.994,4.31E-01,6.61E+00,1.75E+01,4.61E+00
2433,143.746,131.244,3.85E-01,6.08E+00,1.72E+01,4.38E+00
2434,131.244,124.993,5.73E-01,8.72E+00,1.87E+01,5.86E+00
2435,131.244,131.244,5.10E-01,8.12E+00,1.82E+01,5.68E+00
2436,143.75,99.7874,5.91E-01,7.66E+00,1.70E+01,3.72E+00
2437,137.499,99.7868,6.94E-01,8.95E+00,1.79E+01,4.44E+00
2438,131.248,99.7862,7.99E-01,9.91E+00,1.88E+01,4.94E+00
2439,137.498,106.158,6.50E-01,8.80E+00,1.82E+01,4.86E+00
2440,137.497,112.493,6.03E-01,8.58E+00,1.84E+01,5.19E+00
2441,143.742,106.173,5.54E-01,7.51E+00,1.73E+01,4.12E+00
2442,143.748,112.494,5.15E-01,7.29E+00,1.75E+01,4.44E+00
2443,131.254,106.172,7.46E-01,9.74E+00,1.90E+01,5.33E+00
2444,131.246,112.493,6.91E-01,9.50E+00,1.91E+01,5.63E+00
2445,137.502,86.6603,7.77E-01,9.12E+00,1.69E+01,3.43E+00
2446,137.5,93.2417,7.37E-01,9.05E+00,1.74E+01,3.96E+00
2447,143.752,86.6609,6.57E-01,7.79E+00,1.60E+01,2.85E+00
2448,143.758,93.2564,6.25E-01,7.75E+00,1.65E+01,3.28E+00
2449,131.251,86.6597,8.97E-01,1.02E+01,1.78E+01,3.92E+00
2450,131.243,93.2552,8.50E-01,1.01E+01,1.83E+01,4.46E+00
2451,143.76,39.9971,8.14E-01,7.90E+00,1.17E+01,4.55E+00
2452,137.51,39.9967,9.76E-01,9.21E+00,1.25E+01,3.86E+00
2453,131.26,39.9964,1.14E+00,1.03E+01,1.30E+01,3.41E+00
2454,143.757,59.9958,7.60E-01,7.84E+00,1.35E+01,2.72E+00
2455,137.507,59.9953,9.07E-01,9.20E+00,1.43E+01,2.35E+00
2456,131.256,59.9948,1.06E+00,1.03E+01,1.50E+01,2.31E+00
2457,137.506,66.6615,8.79E-01,9.19E+00,1.49E+01,2.30E+00
2458,137.504,73.3277,8.48E-01,9.18E+00,1.56E+01,2.51E+00
2459,143.756,66.662,7.38E-01,7.84E+00,1.41E+01,2.40E+00
2460,143.755,73.3283,7.14E-01,7.84E+00,1.47E+01,2.33E+00
2461,131.255,66.6609,1.02E+00,1.03E+01,1.57E+01,2.48E+00
2462,131.253,73.3271,9.83E-01,1.03E+01,1.64E+01,2.86E+00
2463,137.509,46.6629,9.56E-01,9.20E+00,1.30E+01,3.20E+00
2464,137.508,53.3291,9.32E-01,9.20E+00,1.36E+01,2.68E+00
2465,143.759,46.6633,7.98E-01,7.87E+00,1.23E+01,3.85E+00
2466,143.758,53.3295,7.80E-01,7.85E+00,1.29E+01,3.22E+00
2467,131.259,46.6626,1.12E+00,1.03E+01,1.37E+01,2.82E+00
2468,131.258,53.3287,1.09E+00,1.03E+01,1.43E+01,2.43E+00
2469,143.762,19.9983,8.49E-01,8.06E+00,1.03E+01,6.82E+00
2470,137.512,19.9981,1.02E+00,9.29E+00,1.10E+01,6.19E+00
2471,131.263,19.998,1.20E+00,1.04E+01,1.15E+01,5.73E+00
2472,137.512,26.6643,1.01E+00,9.25E+00,1.14E+01,5.37E+00
2473,137.511,33.3306,9.94E-01,9.23E+00,1.19E+01,4.59E+00
2474,143.761,26.6646,8.39E-01,7.99E+00,1.07E+01,6.05E+00
2475,143.76,33.3308,8.27E-01,7.94E+00,1.12E+01,5.28E+00
2476,131.262,26.6642,1.18E+00,1.04E+01,1.20E+01,4.90E+00
2477,131.261,33.3303,1.16E+00,1.03E+01,1.25E+01,4.12E+00
2478,137.513,6.66566,1.04E+00,9.39E+00,1.02E+01,7.88E+00
2479,137.513,13.3319,1.03E+00,9.33E+00,1.05E+01,7.02E+00
2480,143.763,6.66574,8.61E-01,8.25E+00,9.46E+00,8.41E+00
2481,143.762,13.332,8.56E-01,8.15E+00,9.85E+00,7.61E+00
2482,131.264,6.6656,1.22E+00,1.04E+01,1.07E+01,7.51E+00
2483,131.264,13.3318,1.21E+00,1.04E+01,1.11E+01,6.60E+00
2484,143.758,-73.3298,7.39E-01,1.17E+01,6.30E+00,1.79E+01
2485,137.508,-73.3294,8.94E-01,1.23E+01,7.01E+00,1.83E+01
2486,131.257,-73.3291,1.05E+00,1.29E+01,7.56E+00,1.88E+01
2487,143.762,-33.3321,8.43E-01,9.24E+00,7.67E+00,1.34E+01
2488,137.513,-33.332,1.02E+00,9.99E+00,8.44E+00,1.33E+01
2489,131.264,-33.3319,1.21E+00,1.06E+01,9.01E+00,1.35E+01
2490,143.763,-13.3331,8.64E-01,8.64E+00,8.46E+00,1.09E+01
2491,137.514,-13.3331,1.05E+00,9.60E+00,9.20E+00,1.06E+01
2492,131.265,-13.3331,1.23E+00,1.04E+01,9.74E+00,1.04E+01
2493,137.514,-6.66686,1.05E+00,9.52E+00,9.49E+00,9.65E+00
2494,143.763,-6.66685,8.65E-01,8.50E+00,8.76E+00,1.00E+01
2495,131.265,-6.66686,1.23E+00,1.04E+01,1.00E+01,9.41E+00
2496,137.513,-26.6657,1.03E+00,9.83E+00,8.68E+00,1.24E+01
2497,137.514,-19.9995,1.04E+00,9.70E+00,8.94E+00,1.15E+01
2498,143.763,-26.6658,8.53E-01,9.01E+00,7.92E+00,1.25E+01
2499,143.763,-19.9995,8.59E-01,8.81E+00,8.18E+00,1.17E+01
2500,131.264,-26.6656,1.22E+00,1.05E+01,9.25E+00,1.24E+01
2501,131.264,-19.9994,1.23E+00,1.05E+01,9.49E+00,1.14E+01
2502,143.76,-53.331,8.01E-01,1.02E+01,6.96E+00,1.58E+01
2503,137.511,-53.3308,9.71E-01,1.09E+01,7.71E+00,1.60E+01
2504,131.261,-53.3306,1.14E+00,1.14E+01,8.28E+00,1.63E+01
2505,137.512,-46.6645,9.91E-01,1.05E+01,7.95E+00,1.51E+01
2506,137.512,-39.9983,1.01E+00,1.02E+01,8.20E+00,1.43E+01
2507,143.761,-46.6646,8.17E-01,9.84E+00,7.19E+00,1.50E+01
2508,143.762,-39.9984,8.32E-01,9.51E+00,7.43E+00,1.42E+01
2509,131.262,-46.6643,1.17E+00,1.11E+01,8.53E+00,1.54E+01
2510,131.263,-39.9982,1.19E+00,1.08E+01,8.77E+00,1.45E+01
2511,137.509,-66.6632,9.22E-01,1.18E+01,7.24E+00,1.75E+01
2512,137.51,-59.997,9.48E-01,1.13E+01,7.47E+00,1.68E+01
2513,143.759,-66.6635,7.62E-01,1.12E+01,6.51E+00,1.72E+01
2514,143.76,-59.9973,7.82E-01,1.07E+01,6.73E+00,1.65E+01
2515,131.258,-66.6629,1.08E+00,1.24E+01,7.79E+00,1.80E+01
2516,131.26,-59.9968,1.11E+00,1.18E+01,8.03E+00,1.72E+01
2517,143.747,-112.464,5.64E-01,1.48E+01,5.43E+00,2.06E+01
2518,137.501,-112.443,6.76E-01,1.51E+01,6.04E+00,2.12E+01
2519,131.255,-112.464,7.83E-01,1.53E+01,6.50E+00,2.18E+01
2520,143.765,-93.2325,6.60E-01,1.35E+01,5.77E+00,1.96E+01
2521,137.504,-93.2031,7.96E-01,1.41E+01,6.43E+00,2.02E+01
2522,131.243,-93.2318,9.28E-01,1.46E+01,6.94E+00,2.08E+01
2523,137.505,-86.6218,8.31E-01,1.35E+01,6.61E+00,1.96E+01
2524,137.506,-79.9957,8.64E-01,1.29E+01,6.80E+00,1.90E+01
2525,143.76,-86.6356,6.88E-01,1.29E+01,5.92E+00,1.91E+01
2526,143.757,-79.9961,7.15E-01,1.23E+01,6.10E+00,1.85E+01
2527,131.251,-86.635,9.71E-01,1.41E+01,7.13E+00,2.03E+01
2528,131.256,-79.9954,1.01E+00,1.35E+01,7.34E+00,1.96E+01
2529,137.502,-106.097,7.19E-01,1.49E+01,6.16E+00,2.09E+01
2530,137.503,-99.6923,7.59E-01,1.45E+01,6.29E+00,2.06E+01
2531,143.744,-106.135,5.98E-01,1.45E+01,5.53E+00,2.04E+01
2532,143.755,-99.7279,6.30E-01,1.40E+01,5.64E+00,2.01E+01
2533,131.26,-106.135,8.34E-01,1.53E+01,6.63E+00,2.16E+01
2534,131.251,-99.7274,8.82E-01,1.50E+01,6.78E+00,2.13E+01
2535,143.75,-131.246,4.44E-01,1.48E+01,5.35E+00,2.05E+01
2536,137.498,-131.246,5.30E-01,1.46E+01,5.83E+00,2.10E+01
2537,131.247,-131.247,6.07E-01,1.45E+01,6.14E+00,2.15E+01
2538,137.499,-124.996,5.82E-01,1.49E+01,5.88E+00,2.12E+01
2539,137.5,-118.725,6.31E-01,1.51E+01,5.95E+00,2.12E+01
2540,143.75,-124.995,4.87E-01,1.50E+01,5.35E+00,2.07E+01
2541,143.749,-118.732,5.27E-01,1.50E+01,5.37E+00,2.07E+01
2542,131.248,-124.996,6.70E-01,1.49E+01,6.26E+00,2.17E+01
2543,131.251,-118.732,7.28E-01,1.52E+01,6.38E+00,2.18E+01
2544,137.497,-143.748,4.13E-01,1.36E+01,5.66E+00,2.08E+01
2545,137.498,-137.497,4.73E-01,1.41E+01,5.77E+00,2.08E+01
2546,143.748,-143.747,3.48E-01,1.39E+01,5.38E+00,2.00E+01
2547,143.749,-137.496,3.98E-01,1.44E+01,5.38E+00,2.02E+01
2548,131.246,-143.749,4.68E-01,1.35E+01,5.74E+00,2.15E+01
2549,131.247,-137.497,5.39E-01,1.40E+01,5.98E+00,2.14E+01
2550,149.999,-157.498,1.77E-01,9.08E+00,8.76E+00,1.23E+01
2551,149.999,-164.999,1.21E-01,8.58E+00,8.44E+00,1.28E+01
2552,149.999,-172.5,6.69E-02,7.29E+00,7.74E+00,1.35E+01
2553,149.999,-180.001,2.10E-02,4.84E+00,7.07E+00,1.53E+01
2554,150,-187.5,0.00E+00,3.30E+00,6.90E+00,1.69E+01
2555,143.75,-187.5,0.00E+00,3.13E+00,3.03E+00,3.04E+01
2556,137.5,-187.5,0.00E+00,2.46E+00,4.22E+00,3.10E+01
2557,131.25,-187.5,0.00E+00,1.75E+00,4.41E+00,3.14E+01
2558,125,-187.5,0.00E+00,1.27E+00,4.41E+00,3.17E+01
2559,118.75,-187.5,0.00E+00,1.28E+00,4.33E+00,3.19E+01
2560,112.5,-187.5,0.00E+00,1.78E+00,4.19E+00,3.19E+01
2561,106.25,-187.5,0.00E+00,2.52E+00,4.01E+00,3.18E+01
2562,100,-187.5,0.00E+00,3.39E+00,3.81E+00,3.17E+01
2563,93.3333,-187.5,0.00E+00,4.31E+00,3.57E+00,3.16E+01
2564,86.6667,-187.5,0.00E+00,5.18E+00,3.34E+00,3.14E+01
2565,80,-187.5,0.00E+00,6.06E+00,3.10E+00,3.12E+01
2566,73.3333,-187.5,0.00E+00,6.94E+00,2.85E+00,3.10E+01
2567,66.6667,-187.5,0.00E+00,7.71E+00,2.58E+00,3.07E+01
2568,60,-187.5,0.00E+00,8.47E+00,2.28E+00,3.05E+01
2569,53.3333,-187.5,0.00E+00,9.20E+00,1.98E+00,3.02E+01
2570,46.6667,-187.5,0.00E+00,9.83E+00,1.67E+00,2.98E+01
2571,40,-187.5,0.00E+00,1.04E+01,1.33E+00,2.94E+01
2572,33.3333,-187.5,0.00E+00,1.10E+01,9.73E-01,2.91E+01
2573,26.6667,-187.5,0.00E+00,1.15E+01,6.23E-01,2.86E+01
2574,20,-187.5,0.00E+00,1.19E+01,2.89E-01,2.81E+01
2575,13.3333,-187.5,0.00E+00,1.23E+01,2.89E-01,2.76E+01
2576,6.66667,-187.5,0.00E+00,1.26E+01,6.53E-01,2.71E+01
2577,0,-187.5,0.00E+00,1.29E+01,1.11E+00,2.65E+01
2578,-6.66667,-187.5,0.00E+00,1.32E+01,1.61E+00,2.59E+01
2579,-13.3333,-187.5,0.00E+00,1.34E+01,2.09E+00,2.53E+01
2580,-20,-187.5,0.00E+00,1.35E+01,2.61E+00,2.47E+01
2581,-26.6667,-187.5,0.00E+00,1.37E+01,3.18E+00,2.40E+01
2582,-33.3333,-187.5,0.00E+00,1.38E+01,3.75E+00,2.33E+01
2583,-40,-187.5,0.00E+00,1.38E+01,4.34E+00,2.25E+01
2584,-46.6667,-187.5,0.00E+00,1.38E+01,4.93E+00,2.17E+01
2585,-53.3333,-187.5,0.00E+00,1.38E+01,5.57E+00,2.09E+01
2586,-60,-187.5,0.00E+00,1.37E+01,6.26E+00,2.01E+01
2587,-66.6667,-187.5,0.00E+00,1.35E+01,6.94E+00,1.92E+01
2588,-73.3333,-187.5,0.00E+00,1.33E+01,7.68E+00,1.82E+01
2589,-80,-187.5,0.00E+00,1.30E+01,8.47E+00,1.72E+01
2590,-86.6667,-187.5,0.00E+00,1.26E+01,9.26E+00,1.61E+01
2591,-93.3333,-187.5,0.00E+00,1.21E+01,1.01E+01,1.50E+01
2592,-100,-187.5,0.00E+00,1.15E+01,1.09E+01,1.38E+01
2593,-106.25,-187.5,0.00E+00,1.08E+01,1.18E+01,1.25E+01
2594,-112.5,-187.5,0.00E+00,9.95E+00,1.26E+01,1.12E+01
2595,-118.75,-187.5,0.00E+00,8.98E+00,1.35E+01,9.91E+00
2596,-125,-187.5,0.00E+00,7.84E+00,1.42E+01,8.56E+00
2597,-131.25,-187.5,0.00E+00,6.56E+00,1.50E+01,7.20E+00
2598,-137.5,-187.5,0.00E+00,5.21E+00,1.57E+01,5.84E+00
2599,-143.75,-187.5,0.00E+00,3.93E+00,1.63E+01,4.48E+00
2600,-150,-187.5,0.00E+00,2.79E+00,1.68E+01,3.21E+00
2601,-149.998,-179.999,9.74E-03,1.93E+00,1.65E+01,2.70E+00
2602,-149.997,-172.498,3.56E-02,2.18E+00,1.60E+01,2.87E+00
2603,-149.996,-164.997,7.35E-02,4.15E+00,1.58E+01,4.29E+00
2604,-149.996,-157.497,1.19E-01,5.60E+00,1.59E+01,5.47E+00
2605,2.14E-05,-180.004,4.33E-02,9.40E+00,2.49E+00,2.34E+01
2606,0.00013722,-172.507,1.52E-01,3.32E+00,4.76E+00,1.80E+01
2607,0.000195251,-165.009,3.04E-01,1.82E+00,6.37E+00,1.43E+01
2608,0.000249342,-157.51,4.85E-01,4.18E+00,7.60E+00,1.19E+01
2609,79.999,-180.003,3.98E-02,3.38E+00,1.96E+00,2.86E+01
2610,79.9983,-172.505,1.38E-01,2.75E+00,1.49E+00,2.42E+01
2611,79.9975,-165.006,2.73E-01,6.21E+00,2.94E+00,2.15E+01
2612,79.9968,-157.507,4.29E-01,8.62E+00,4.32E+00,2.01E+01
2613,118.749,-180.003,3.43E-02,3.25E+00,2.90E+00,2.94E+01
2614,118.747,-172.504,1.17E-01,7.03E+00,1.63E+00,2.55E+01
2615,118.746,-165.003,2.24E-01,9.85E+00,2.62E+00,2.33E+01
2616,118.746,-157.503,3.42E-01,1.15E+01,4.06E+00,2.24E+01
2617,124.997,-172.503,1.12E-01,7.63E+00,1.70E+00,2.54E+01
2618,131.247,-172.503,1.06E-01,8.17E+00,1.82E+00,2.53E+01
2619,137.497,-172.502,9.91E-02,8.68E+00,2.18E+00,2.49E+01
2620,143.748,-172.501,8.80E-02,9.84E+00,3.16E+00,2.36E+01
2621,131.248,-180.002,3.21E-02,4.23E+00,2.84E+00,2.90E+01
2622,124.999,-180.002,3.33E-02,3.62E+00,2.92E+00,2.93E+01
2623,137.498,-180.002,3.08E-02,4.90E+00,2.73E+00,2.86E+01
2624,143.749,-180.002,2.86E-02,5.89E+00,2.63E+00,2.76E+01
2625,131.246,-157.501,2.96E-01,1.18E+01,4.54E+00,2.24E+01
2626,131.247,-165.002,1.99E-01,1.05E+01,3.19E+00,2.34E+01
2627,124.996,-157.502,3.21E-01,1.17E+01,4.25E+00,2.25E+01
2628,124.996,-165.003,2.12E-01,1.02E+01,2.81E+00,2.34E+01
2629,143.748,-157.499,2.27E-01,1.27E+01,5.11E+00,2.07E+01
2630,137.497,-157.5,2.66E-01,1.21E+01,4.88E+00,2.18E+01
2631,143.748,-165,1.57E-01,1.17E+01,4.52E+00,2.17E+01
2632,137.497,-165.001,1.81E-01,1.08E+01,3.82E+00,2.29E+01
2633,99.7924,-180.003,3.72E-02,3.11E+00,2.49E+00,2.92E+01
2634,99.7914,-172.504,1.29E-01,4.89E+00,1.48E+00,2.51E+01
2635,99.7905,-165.005,2.51E-01,8.25E+00,2.56E+00,2.27E+01
2636,99.7897,-157.505,3.91E-01,1.04E+01,3.96E+00,2.15E+01
2637,106.163,-172.504,1.25E-01,5.66E+00,1.52E+00,2.53E+01
2638,112.498,-172.504,1.21E-01,6.37E+00,1.57E+00,2.55E+01
2639,106.178,-179.994,3.64E-02,3.08E+00,2.66E+00,2.94E+01
2640,112.499,-180.003,3.53E-02,3.11E+00,2.80E+00,2.95E+01
2641,106.162,-165.005,2.43E-01,8.88E+00,2.51E+00,2.30E+01
2642,112.497,-165.004,2.34E-01,9.42E+00,2.53E+00,2.32E+01
2643,106.175,-157.513,3.76E-01,1.09E+01,3.92E+00,2.19E+01
2644,112.496,-157.503,3.60E-01,1.12E+01,3.96E+00,2.21E+01
2645,86.6647,-172.505,1.35E-01,3.37E+00,1.45E+00,2.45E+01
2646,93.2462,-172.505,1.32E-01,4.11E+00,1.45E+00,2.48E+01
2647,86.6656,-180.003,3.90E-02,3.20E+00,2.13E+00,2.89E+01
2648,93.2613,-180.011,3.81E-02,3.14E+00,2.30E+00,2.91E+01
2649,86.6639,-165.006,2.66E-01,6.90E+00,2.76E+00,2.19E+01
2650,93.2454,-165.006,2.59E-01,7.57E+00,2.65E+00,2.23E+01
2651,86.6632,-157.506,4.17E-01,9.24E+00,4.16E+00,2.06E+01
2652,93.2588,-157.498,4.05E-01,9.81E+00,4.05E+00,2.10E+01
2653,39.9995,-180.004,4.31E-02,7.05E+00,1.51E+00,2.65E+01
2654,39.9992,-172.506,1.51E-01,2.49E+00,2.64E+00,2.15E+01
2655,39.9989,-165.008,3.01E-01,2.87E+00,4.35E+00,1.83E+01
2656,39.9986,-157.51,4.78E-01,5.59E+00,5.70E+00,1.64E+01
2657,59.9993,-180.004,4.18E-02,5.21E+00,1.63E+00,2.77E+01
2658,59.9987,-172.506,1.46E-01,2.39E+00,1.88E+00,2.30E+01
2659,59.9982,-165.008,2.90E-01,4.33E+00,3.57E+00,2.00E+01
2660,59.9977,-157.509,4.59E-01,6.90E+00,4.94E+00,1.84E+01
2661,66.6652,-172.506,1.44E-01,2.37E+00,1.69E+00,2.34E+01
2662,73.3318,-172.506,1.41E-01,2.44E+00,1.57E+00,2.38E+01
2663,66.6659,-180.004,4.12E-02,4.50E+00,1.70E+00,2.80E+01
2664,73.3325,-180.004,4.05E-02,3.84E+00,1.82E+00,2.83E+01
2665,66.6646,-165.007,2.85E-01,4.93E+00,3.33E+00,2.05E+01
2666,73.3311,-165.007,2.79E-01,5.54E+00,3.13E+00,2.10E+01
2667,66.6641,-157.508,4.50E-01,7.44E+00,4.71E+00,1.89E+01
2668,73.3305,-157.508,4.40E-01,7.97E+00,4.53E+00,1.95E+01
2669,46.6657,-172.506,1.50E-01,2.45E+00,2.35E+00,2.20E+01
2670,53.3322,-172.506,1.48E-01,2.46E+00,2.12E+00,2.25E+01
2671,46.6661,-180.004,4.27E-02,6.48E+00,1.54E+00,2.69E+01
2672,53.3327,-180.004,4.23E-02,5.91E+00,1.59E+00,2.74E+01
2673,46.6653,-165.008,2.98E-01,3.31E+00,4.07E+00,1.89E+01
2674,53.3318,-165.008,2.94E-01,3.78E+00,3.83E+00,1.94E+01
2675,46.665,-157.509,4.73E-01,5.98E+00,5.43E+00,1.71E+01
2676,53.3314,-157.509,4.66E-01,6.35E+00,5.21E+00,1.77E+01
2677,19.9998,-180.004,4.36E-02,8.44E+00,1.48E+00,2.51E+01
2678,19.9997,-172.507,1.53E-01,2.61E+00,3.59E+00,1.98E+01
2679,19.9995,-165.009,3.06E-01,1.88E+00,5.26E+00,1.63E+01
2680,19.9994,-157.51,4.87E-01,4.73E+00,6.56E+00,1.42E+01
2681,26.6662,-172.507,1.53E-01,2.56E+00,3.25E+00,2.04E+01
2682,33.3327,-172.507,1.52E-01,2.56E+00,2.96E+00,2.10E+01
2683,26.6664,-180.004,4.35E-02,8.02E+00,1.47E+00,2.56E+01
2684,33.333,-180.004,4.34E-02,7.60E+00,1.50E+00,2.61E+01
2685,26.666,-165.009,3.05E-01,2.15E+00,4.94E+00,1.70E+01
2686,33.3325,-165.008,3.04E-01,2.46E+00,4.67E+00,1.77E+01
2687,26.6658,-157.51,4.86E-01,4.97E+00,6.26E+00,1.49E+01
2688,33.3322,-157.51,4.83E-01,5.19E+00,6.02E+00,1.57E+01
2689,6.66664,-172.507,1.53E-01,3.04E+00,4.34E+00,1.86E+01
2690,13.3332,-172.507,1.53E-01,2.81E+00,3.98E+00,1.92E+01
2691,6.6666,-180.004,4.35E-02,9.12E+00,2.04E+00,2.39E+01
2692,13.3332,-180.004,4.36E-02,8.84E+00,1.68E+00,2.46E+01
2693,6.66664,-165.009,3.06E-01,1.75E+00,5.96E+00,1.50E+01
2694,13.3331,-165.009,3.06E-01,1.71E+00,5.64E+00,1.57E+01
2695,6.66663,-157.51,4.87E-01,4.32E+00,7.23E+00,1.27E+01
2696,13.333,-157.51,4.88E-01,4.44E+00,6.93E+00,1.35E+01
2697,-73.3324,-180.003,3.63E-02,9.81E+00,8.84E+00,1.50E+01
2698,-73.3314,-172.504,1.26E-01,3.78E+00,1.08E+01,9.52E+00
2699,-73.3306,-165.005,2.50E-01,1.97E+00,1.22E+01,5.72E+00
2700,-73.3297,-157.506,3.95E-01,4.06E+00,1.33E+01,3.37E+00
2701,-33.3329,-180.004,4.13E-02,1.03E+01,5.04E+00,2.01E+01
2702,-33.3324,-172.506,1.45E-01,4.10E+00,7.17E+00,1.46E+01
2703,-33.332,-165.008,2.89E-01,1.88E+00,8.68E+00,1.07E+01
2704,-33.3316,-157.509,4.60E-01,3.67E+00,9.85E+00,8.08E+00
2705,-26.6658,-172.506,1.47E-01,4.03E+00,6.67E+00,1.53E+01
2706,-19.9994,-172.506,1.49E-01,3.88E+00,6.12E+00,1.60E+01
2707,-13.3329,-172.506,1.50E-01,3.71E+00,5.62E+00,1.66E+01
2708,-6.66637,-172.507,1.51E-01,3.57E+00,5.21E+00,1.74E+01
2709,-19.9997,-180.004,4.23E-02,1.00E+01,3.94E+00,2.15E+01
2710,-26.6663,-180.004,4.18E-02,1.02E+01,4.50E+00,2.08E+01
2711,-13.3331,-180.004,4.27E-02,9.85E+00,3.42E+00,2.21E+01
2712,-6.66654,-180.004,4.30E-02,9.68E+00,2.97E+00,2.28E+01
2713,-19.9989,-157.51,4.73E-01,3.80E+00,8.87E+00,9.61E+00
2714,-19.9991,-165.008,2.97E-01,1.90E+00,7.67E+00,1.22E+01
2715,-26.6652,-157.509,4.67E-01,3.71E+00,9.36E+00,8.86E+00
2716,-26.6655,-165.008,2.93E-01,1.90E+00,8.19E+00,1.15E+01
2717,-6.66612,-157.51,4.82E-01,4.01E+00,8.01E+00,1.12E+01
2718,-13.3326,-157.51,4.78E-01,3.92E+00,8.40E+00,1.04E+01
2719,-6.66624,-165.009,3.03E-01,1.85E+00,6.79E+00,1.36E+01
2720,-13.3327,-165.008,3.00E-01,1.88E+00,7.17E+00,1.28E+01
2721,-53.3326,-180.003,3.92E-02,1.03E+01,6.80E+00,1.77E+01
2722,-53.3319,-172.505,1.37E-01,4.09E+00,8.84E+00,1.21E+01
2723,-53.3313,-165.007,2.73E-01,1.93E+00,1.03E+01,8.24E+00
2724,-53.3307,-157.507,4.33E-01,3.76E+00,1.15E+01,5.61E+00
2725,-46.6654,-172.506,1.40E-01,4.12E+00,8.25E+00,1.30E+01
2726,-39.9989,-172.506,1.42E-01,4.12E+00,7.70E+00,1.38E+01
2727,-46.666,-180.003,3.99E-02,1.03E+01,6.18E+00,1.85E+01
2728,-39.9995,-180.004,4.07E-02,1.03E+01,5.61E+00,1.93E+01
2729,-46.6648,-165.007,2.79E-01,1.91E+00,9.72E+00,9.04E+00
2730,-39.9984,-165.007,2.84E-01,1.86E+00,9.19E+00,9.87E+00
2731,-46.6643,-157.508,4.43E-01,3.71E+00,1.09E+01,6.41E+00
2732,-39.998,-157.509,4.52E-01,3.66E+00,1.04E+01,7.28E+00
2733,-66.6649,-172.505,1.30E-01,3.93E+00,1.01E+01,1.04E+01
2734,-59.9984,-172.505,1.34E-01,4.04E+00,9.48E+00,1.13E+01
2735,-66.6658,-180.003,3.73E-02,1.00E+01,8.13E+00,1.60E+01
2736,-59.9992,-180.003,3.83E-02,1.02E+01,7.47E+00,1.69E+01
2737,-66.6641,-165.006,2.58E-01,1.95E+00,1.15E+01,6.56E+00
2738,-59.9977,-165.006,2.66E-01,1.92E+00,1.09E+01,7.44E+00
2739,-66.6634,-157.506,4.09E-01,3.93E+00,1.27E+01,4.07E+00
2740,-59.9971,-157.507,4.21E-01,3.80E+00,1.21E+01,4.88E+00
2741,-112.455,-179.993,2.67E-02,6.89E+00,1.34E+01,8.41E+00
2742,-112.432,-172.498,9.19E-02,2.48E+00,1.47E+01,4.04E+00
2743,-112.431,-165.006,1.81E-01,2.62E+00,1.57E+01,2.76E+00
2744,-112.451,-157.509,2.85E-01,5.23E+00,1.67E+01,3.78E+00
2745,-93.229,-180.016,3.21E-02,8.71E+00,1.11E+01,1.19E+01
2746,-93.1963,-172.508,1.11E-01,3.09E+00,1.28E+01,6.67E+00
2747,-93.1952,-164.999,2.20E-01,2.07E+00,1.41E+01,3.44E+00
2748,-93.2258,-157.489,3.47E-01,4.58E+00,1.52E+01,2.48E+00
2749,-86.6115,-172.506,1.17E-01,3.35E+00,1.21E+01,7.62E+00
2750,-79.9979,-172.504,1.22E-01,3.60E+00,1.15E+01,8.59E+00
2751,-86.6279,-180.007,3.37E-02,9.15E+00,1.03E+01,1.30E+01
2752,-79.999,-180.003,3.51E-02,9.54E+00,9.58E+00,1.40E+01
2753,-86.6105,-165.002,2.31E-01,2.01E+00,1.35E+01,4.11E+00
2754,-79.997,-165.005,2.41E-01,1.97E+00,1.29E+01,4.91E+00
2755,-86.6249,-157.499,3.64E-01,4.38E+00,1.46E+01,2.53E+00
2756,-79.9962,-157.505,3.81E-01,4.19E+00,1.40E+01,2.86E+00
2757,-106.086,-172.498,9.90E-02,2.66E+00,1.41E+01,4.83E+00
2758,-99.6684,-172.503,1.06E-01,2.87E+00,1.35E+01,5.74E+00
2759,-106.131,-179.991,2.88E-02,7.60E+00,1.26E+01,9.59E+00
2760,-99.7086,-180.003,3.05E-02,8.21E+00,1.19E+01,1.08E+01
2761,-106.085,-165.006,1.95E-01,2.35E+00,1.53E+01,2.76E+00
2762,-99.6673,-165.003,2.08E-01,2.17E+00,1.47E+01,2.98E+00
2763,-106.127,-157.513,3.07E-01,5.00E+00,1.63E+01,3.20E+00
2764,-99.7053,-157.501,3.28E-01,4.79E+00,1.58E+01,2.71E+00
2765,-143.747,-172.499,4.62E-02,1.99E+00,1.61E+01,2.91E+00
2766,-137.497,-172.5,5.65E-02,1.90E+00,1.61E+01,2.90E+00
2767,-131.247,-172.5,6.63E-02,2.01E+00,1.59E+01,2.94E+00
2768,-124.997,-172.501,7.55E-02,2.17E+00,1.56E+01,3.11E+00
2769,-118.723,-172.5,8.40E-02,2.34E+00,1.52E+01,3.47E+00
2770,-131.248,-180,1.91E-02,4.16E+00,1.53E+01,5.07E+00
2771,-143.748,-180,1.30E-02,2.41E+00,1.62E+01,3.36E+00
2772,-137.498,-180,1.61E-02,3.16E+00,1.58E+01,4.15E+00
2773,-124.999,-180.001,2.18E-02,5.17E+00,1.47E+01,6.11E+00
2774,-118.735,-179.998,2.44E-02,6.09E+00,1.41E+01,7.24E+00
2775,-131.245,-157.498,2.08E-01,5.74E+00,1.71E+01,5.48E+00
2776,-131.246,-164.999,1.32E-01,3.53E+00,1.65E+01,3.87E+00
2777,-137.495,-157.498,1.79E-01,5.77E+00,1.68E+01,5.84E+00
2778,-143.746,-157.497,1.49E-01,5.74E+00,1.63E+01,5.96E+00
2779,-137.496,-164.999,1.13E-01,3.82E+00,1.65E+01,4.27E+00
2780,-143.746,-164.998,9.35E-02,4.07E+00,1.62E+01,4.47E+00
2781,-118.731,-157.503,2.61E-01,5.45E+00,1.70E+01,4.37E+00
2782,-124.995,-157.499,2.35E-01,5.63E+00,1.71E+01,4.98E+00
2783,-118.722,-165.002,1.66E-01,2.92E+00,1.61E+01,2.99E+00
2784,-124.996,-165,1.50E-01,3.23E+00,1.64E+01,3.41E+00
2785,149.996,157.497,1.71E-01,1.48E+01,3.02E+00,2.18E+01
2786,149.996,164.999,1.20E-01,1.34E+01,2.79E+00,2.34E+01
2787,149.997,172.5,6.67E-02,1.19E+01,1.89E+00,2.53E+01
2788,149.998,180.001,2.05E-02,9.48E+00,2.15E+00,2.80E+01
2789,150,187.5,0.00E+00,7.89E+00,2.98E+00,2.97E+01
2790,143.75,187.5,0.00E+00,6.75E+00,3.32E+00,3.10E+01
2791,137.5,187.5,0.00E+00,5.55E+00,3.57E+00,3.20E+01
2792,131.25,187.5,0.00E+00,4.37E+00,3.80E+00,3.27E+01
2793,125,187.5,0.00E+00,3.25E+00,4.01E+00,3.33E+01
2794,118.75,187.5,0.00E+00,2.21E+00,4.18E+00,3.37E+01
2795,112.5,187.5,0.00E+00,1.45E+00,4.30E+00,3.41E+01
2796,106.25,187.5,0.00E+00,1.23E+00,4.37E+00,3.37E+01
2797,100,187.5,0.00E+00,1.65E+00,4.28E+00,3.30E+01
2798,93.3333,187.5,0.00E+00,2.65E+00,4.12E+00,3.30E+01
2799,86.6667,187.5,0.00E+00,3.87E+00,3.99E+00,3.33E+01
2800,80,187.5,0.00E+00,4.89E+00,3.86E+00,3.32E+01
2801,73.3333,187.5,0.00E+00,5.77E+00,3.74E+00,3.28E+01
2802,66.6667,187.5,0.00E+00,6.59E+00,3.57E+00,3.25E+01
2803,60,187.5,0.00E+00,7.36E+00,3.32E+00,3.22E+01
2804,53.3333,187.5,0.00E+00,8.08E+00,3.02E+00,3.18E+01
2805,46.6667,187.5,0.00E+00,8.76E+00,2.70E+00,3.14E+01
2806,40,187.5,0.00E+00,9.38E+00,2.36E+00,3.10E+01
2807,33.3333,187.5,0.00E+00,9.96E+00,2.02E+00,3.05E+01
2808,26.6667,187.5,0.00E+00,1.05E+01,1.65E+00,3.00E+01
2809,20,187.5,0.00E+00,1.10E+01,1.28E+00,2.95E+01
2810,13.3333,187.5,0.00E+00,1.14E+01,8.82E-01,2.90E+01
2811,6.66667,187.5,0.00E+00,1.18E+01,4.78E-01,2.84E+01
2812,0,187.5,0.00E+00,1.21E+01,2.57E-01,2.78E+01
2813,-6.66667,187.5,0.00E+00,1.24E+01,4.60E-01,2.72E+01
2814,-13.3333,187.5,0.00E+00,1.26E+01,9.23E-01,2.65E+01
2815,-20,187.5,0.00E+00,1.28E+01,1.42E+00,2.58E+01
2816,-26.6667,187.5,0.00E+00,1.29E+01,1.95E+00,2.51E+01
2817,-33.3333,187.5,0.00E+00,1.29E+01,2.49E+00,2.43E+01
2818,-40,187.5,0.00E+00,1.30E+01,3.07E+00,2.35E+01
2819,-46.6667,187.5,0.00E+00,1.30E+01,3.67E+00,2.26E+01
2820,-53.3333,187.5,0.00E+00,1.29E+01,4.30E+00,2.17E+01
2821,-60,187.5,0.00E+00,1.29E+01,4.95E+00,2.08E+01
2822,-66.6667,187.5,0.00E+00,1.27E+01,5.63E+00,1.98E+01
2823,-73.3333,187.5,0.00E+00,1.25E+01,6.33E+00,1.89E+01
2824,-80,187.5,0.00E+00,1.21E+01,7.06E+00,1.79E+01
2825,-86.6667,187.5,0.00E+00,1.18E+01,7.82E+00,1.71E+01
2826,-93.3333,187.5,0.00E+00,1.15E+01,8.65E+00,1.62E+01
2827,-100,187.5,0.00E+00,1.13E+01,9.49E+00,1.53E+01
2828,-106.25,187.5,0.00E+00,1.08E+01,1.04E+01,1.39E+01
2829,-112.5,187.5,0.00E+00,9.92E+00,1.12E+01,1.21E+01
2830,-118.75,187.5,0.00E+00,9.00E+00,1.18E+01,1.09E+01
2831,-125,187.5,0.00E+00,7.91E+00,1.25E+01,9.56E+00
2832,-131.25,187.5,0.00E+00,6.87E+00,1.31E+01,8.29E+00
2833,-137.5,187.5,0.00E+00,6.15E+00,1.36E+01,7.25E+00
2834,-143.75,187.5,0.00E+00,5.67E+00,1.42E+01,6.41E+00
2835,-150,187.5,0.00E+00,8.35E+00,8.30E+00,1.42E+01
2836,-149.998,180,1.31E-02,7.82E+00,7.89E+00,1.37E+01
2837,-149.997,172.499,4.80E-02,6.57E+00,7.48E+00,1.27E+01
2838,-149.996,164.999,9.85E-02,6.05E+00,7.73E+00,1.22E+01
2839,-149.996,157.498,1.59E-01,6.42E+00,8.12E+00,1.35E+01
2840,-0.000217499,180.004,4.25E-02,8.54E+00,1.50E+00,2.47E+01
2841,-0.000320136,172.507,1.52E-01,2.61E+00,3.69E+00,1.94E+01
2842,-0.00045157,165.009,3.06E-01,1.93E+00,5.45E+00,1.59E+01
2843,-0.000556452,157.51,4.88E-01,4.92E+00,6.92E+00,1.36E+01
2844,79.9988,180.003,3.96E-02,3.70E+00,2.49E+00,3.01E+01
2845,79.9977,172.505,1.38E-01,4.90E+00,1.58E+00,2.52E+01
2846,79.9967,165.006,2.70E-01,9.09E+00,2.90E+00,2.20E+01
2847,79.9959,157.505,4.16E-01,1.24E+01,4.66E+00,1.98E+01
2848,118.748,180.002,3.20E-02,5.01E+00,2.77E+00,3.12E+01
2849,118.747,172.503,1.08E-01,9.73E+00,1.79E+00,2.71E+01
2850,118.746,165.002,2.05E-01,1.30E+01,2.96E+00,2.44E+01
2851,118.745,157.5,3.05E-01,1.56E+01,4.28E+00,2.27E+01
2852,124.997,172.502,1.01E-01,1.03E+01,1.79E+00,2.70E+01
2853,131.247,172.502,9.35E-02,1.09E+01,1.80E+00,2.69E+01
2854,137.497,172.501,8.50E-02,1.14E+01,1.81E+00,2.66E+01
2855,143.747,172.5,7.60E-02,1.18E+01,1.84E+00,2.61E+01
2856,131.248,180.002,2.80E-02,6.83E+00,2.55E+00,3.05E+01
2857,124.998,180.002,3.01E-02,5.91E+00,2.67E+00,3.09E+01
2858,137.498,180.001,2.56E-02,7.78E+00,2.43E+00,2.99E+01
2859,143.748,180.001,2.31E-02,8.68E+00,2.31E+00,2.91E+01
2860,131.245,157.499,2.55E-01,1.56E+01,3.94E+00,2.31E+01
2861,131.246,165,1.74E-01,1.36E+01,2.91E+00,2.47E+01
2862,124.995,157.499,2.81E-01,1.57E+01,4.16E+00,2.30E+01
2863,124.996,165.001,1.90E-01,1.34E+01,2.95E+00,2.46E+01
2864,143.745,157.497,1.99E-01,1.51E+01,3.19E+00,2.25E+01
2865,137.495,157.498,2.27E-01,1.54E+01,3.61E+00,2.30E+01
2866,143.746,164.999,1.39E-01,1.37E+01,2.79E+00,2.41E+01
2867,137.496,165,1.57E-01,1.37E+01,2.85E+00,2.45E+01
2868,99.7921,180.003,3.68E-02,3.44E+00,2.79E+00,3.04E+01
2869,99.791,172.504,1.26E-01,7.52E+00,1.69E+00,2.63E+01
2870,99.7899,165.004,2.42E-01,1.15E+01,2.94E+00,2.35E+01
2871,99.7889,157.503,3.68E-01,1.46E+01,4.34E+00,2.16E+01
2872,106.162,172.504,1.21E-01,8.34E+00,1.70E+00,2.67E+01
2873,112.497,172.503,1.15E-01,9.08E+00,1.75E+00,2.70E+01
2874,106.178,179.994,3.54E-02,3.66E+00,2.85E+00,3.11E+01
2875,112.498,180.002,3.37E-02,4.21E+00,2.82E+00,3.14E+01
2876,106.161,165.003,2.31E-01,1.22E+01,2.90E+00,2.40E+01
2877,112.496,165.003,2.18E-01,1.26E+01,2.91E+00,2.42E+01
2878,106.174,157.51,3.49E-01,1.50E+01,4.34E+00,2.20E+01
2879,112.495,157.501,3.28E-01,1.53E+01,4.33E+00,2.23E+01
2880,86.6642,172.505,1.35E-01,5.76E+00,1.62E+00,2.54E+01
2881,93.2458,172.504,1.31E-01,6.65E+00,1.68E+00,2.58E+01
2882,86.6654,180.003,3.89E-02,3.65E+00,2.58E+00,3.03E+01
2883,93.261,180.011,3.79E-02,3.50E+00,2.67E+00,3.02E+01
2884,86.6632,165.005,2.62E-01,9.89E+00,2.87E+00,2.25E+01
2885,93.2447,165.004,2.53E-01,1.07E+01,2.91E+00,2.30E+01
2886,86.6623,157.505,4.02E-01,1.31E+01,4.51E+00,2.03E+01
2887,93.2578,157.496,3.86E-01,1.39E+01,4.39E+00,2.10E+01
2888,39.9993,180.004,4.24E-02,5.79E+00,1.65E+00,2.79E+01
2889,39.9987,172.506,1.50E-01,2.58E+00,1.94E+00,2.27E+01
2890,39.9982,165.008,2.99E-01,4.82E+00,3.83E+00,1.92E+01
2891,39.9977,157.509,4.72E-01,8.11E+00,5.53E+00,1.68E+01
2892,59.999,180.004,4.13E-02,4.01E+00,2.07E+00,2.91E+01
2893,59.9982,172.506,1.46E-01,2.83E+00,1.58E+00,2.40E+01
2894,59.9975,165.007,2.88E-01,6.85E+00,3.26E+00,2.06E+01
2895,59.9968,157.507,4.50E-01,1.02E+01,5.03E+00,1.83E+01
2896,66.6647,172.506,1.43E-01,3.34E+00,1.57E+00,2.44E+01
2897,73.3312,172.505,1.41E-01,4.09E+00,1.57E+00,2.48E+01
2898,66.6656,180.004,4.08E-02,3.75E+00,2.25E+00,2.95E+01
2899,73.3322,180.004,4.03E-02,3.70E+00,2.40E+00,2.98E+01
2900,66.6639,165.007,2.82E-01,7.59E+00,3.12E+00,2.11E+01
2901,73.3303,165.006,2.76E-01,8.34E+00,2.99E+00,2.15E+01
2902,66.6631,157.507,4.40E-01,1.09E+01,4.90E+00,1.88E+01
2903,73.3295,157.506,4.29E-01,1.16E+01,4.78E+00,1.93E+01
2904,46.6652,172.506,1.49E-01,2.60E+00,1.76E+00,2.31E+01
2905,53.3317,172.506,1.48E-01,2.64E+00,1.64E+00,2.36E+01
2906,46.6659,180.004,4.21E-02,5.17E+00,1.75E+00,2.83E+01
2907,53.3325,180.004,4.18E-02,4.53E+00,1.89E+00,2.87E+01
2908,46.6646,165.008,2.96E-01,5.46E+00,3.62E+00,1.96E+01
2909,53.3311,165.007,2.92E-01,6.14E+00,3.43E+00,2.01E+01
2910,46.6641,157.509,4.66E-01,8.78E+00,5.35E+00,1.73E+01
2911,53.3304,157.508,4.58E-01,9.47E+00,5.18E+00,1.78E+01
2912,19.9995,180.004,4.28E-02,7.38E+00,1.49E+00,2.64E+01
2913,19.9992,172.507,1.53E-01,2.56E+00,2.71E+00,2.12E+01
2914,19.9989,165.009,3.05E-01,3.14E+00,4.57E+00,1.76E+01
2915,19.9986,157.51,4.85E-01,6.34E+00,6.16E+00,1.53E+01
2916,26.6657,172.507,1.52E-01,2.56E+00,2.43E+00,2.17E+01
2917,33.3322,172.507,1.51E-01,2.57E+00,2.17E+00,2.22E+01
2918,26.6661,180.004,4.28E-02,6.90E+00,1.53E+00,2.69E+01
2919,33.3327,180.004,4.26E-02,6.36E+00,1.58E+00,2.74E+01
2920,26.6653,165.008,3.04E-01,3.65E+00,4.31E+00,1.82E+01
2921,33.3318,165.008,3.02E-01,4.21E+00,4.06E+00,1.87E+01
2922,26.665,157.51,4.82E-01,6.89E+00,5.94E+00,1.58E+01
2923,33.3313,157.509,4.77E-01,7.48E+00,5.73E+00,1.63E+01
2924,6.66619,172.507,1.52E-01,2.55E+00,3.34E+00,2.00E+01
2925,13.3327,172.507,1.53E-01,2.55E+00,3.02E+00,2.06E+01
2926,6.66637,180.004,4.27E-02,8.20E+00,1.42E+00,2.53E+01
2927,13.333,180.004,4.28E-02,7.81E+00,1.45E+00,2.59E+01
2928,6.666,165.009,3.06E-01,2.24E+00,5.14E+00,1.65E+01
2929,13.3324,165.009,3.06E-01,2.66E+00,4.85E+00,1.71E+01
2930,6.66583,157.51,4.88E-01,5.35E+00,6.65E+00,1.42E+01
2931,13.3322,157.51,4.87E-01,5.82E+00,6.40E+00,1.47E+01
2932,-73.3326,180.003,3.47E-02,9.33E+00,7.32E+00,1.60E+01
2933,-73.3318,172.505,1.24E-01,3.93E+00,8.98E+00,1.11E+01
2934,-73.3312,165.006,2.52E-01,1.63E+00,1.02E+01,8.02E+00
2935,-73.3307,157.507,4.06E-01,2.47E+00,1.11E+01,6.30E+00
2936,-33.3331,180.004,4.02E-02,9.50E+00,3.69E+00,2.12E+01
2937,-33.3329,172.506,1.44E-01,3.63E+00,5.72E+00,1.60E+01
2938,-33.3327,165.008,2.92E-01,1.71E+00,7.23E+00,1.26E+01
2939,-33.3325,157.51,4.69E-01,3.36E+00,8.45E+00,1.05E+01
2940,-26.6663,172.506,1.46E-01,3.47E+00,5.27E+00,1.68E+01
2941,-19.9999,172.506,1.48E-01,3.29E+00,4.84E+00,1.75E+01
2942,-13.3333,172.507,1.50E-01,3.06E+00,4.44E+00,1.82E+01
2943,-6.66682,172.507,1.51E-01,2.81E+00,4.05E+00,1.88E+01
2944,-20,180.004,4.14E-02,9.25E+00,2.69E+00,2.27E+01
2945,-26.6665,180.004,4.08E-02,9.39E+00,3.18E+00,2.20E+01
2946,-13.3334,180.004,4.19E-02,9.06E+00,2.23E+00,2.34E+01
2947,-6.66677,180.004,4.22E-02,8.82E+00,1.79E+00,2.41E+01
2948,-19.9997,157.51,4.80E-01,3.88E+00,7.78E+00,1.18E+01
2949,-19.9998,165.009,2.99E-01,1.75E+00,6.46E+00,1.40E+01
2950,-26.6661,157.51,4.75E-01,3.61E+00,8.10E+00,1.11E+01
2951,-26.6662,165.008,2.96E-01,1.73E+00,6.84E+00,1.33E+01
2952,-6.66693,157.51,4.87E-01,4.53E+00,7.19E+00,1.30E+01
2953,-13.3334,157.51,4.84E-01,4.19E+00,7.48E+00,1.24E+01
2954,-6.66688,165.009,3.04E-01,1.80E+00,5.77E+00,1.53E+01
2955,-13.3333,165.009,3.02E-01,1.77E+00,6.10E+00,1.47E+01
2956,-53.3329,180.003,3.78E-02,9.60E+00,5.39E+00,1.87E+01
2957,-53.3324,172.506,1.36E-01,3.91E+00,7.23E+00,1.37E+01
2958,-53.332,165.007,2.74E-01,1.66E+00,8.59E+00,1.04E+01
2959,-53.3316,157.509,4.42E-01,2.80E+00,9.64E+00,8.44E+00
2960,-46.6658,172.506,1.39E-01,3.84E+00,6.70E+00,1.45E+01
2961,-39.9994,172.506,1.42E-01,3.75E+00,6.20E+00,1.53E+01
2962,-46.6662,180.003,3.87E-02,9.60E+00,4.80E+00,1.96E+01
2963,-39.9997,180.004,3.95E-02,9.56E+00,4.23E+00,2.04E+01
2964,-46.6655,165.008,2.81E-01,1.68E+00,8.11E+00,1.12E+01
2965,-39.9991,165.008,2.87E-01,1.69E+00,7.66E+00,1.19E+01
2966,-46.6652,157.509,4.52E-01,2.96E+00,9.21E+00,9.13E+00
2967,-39.9989,157.509,4.61E-01,3.15E+00,8.81E+00,9.81E+00
2968,-66.6653,172.505,1.28E-01,3.96E+00,8.38E+00,1.20E+01
2969,-59.9989,172.505,1.32E-01,3.95E+00,7.79E+00,1.29E+01
2970,-66.666,180.003,3.58E-02,9.49E+00,6.65E+00,1.69E+01
2971,-59.9995,180.003,3.68E-02,9.57E+00,6.01E+00,1.78E+01
2972,-66.6648,165.006,2.60E-01,1.64E+00,9.63E+00,8.85E+00
2973,-59.9984,165.007,2.68E-01,1.65E+00,9.10E+00,9.65E+00
2974,-66.6643,157.508,4.19E-01,2.55E+00,1.06E+01,7.03E+00
2975,-59.998,157.508,4.31E-01,2.66E+00,1.01E+01,7.75E+00
2976,-112.455,179.994,2.56E-02,7.19E+00,1.17E+01,9.73E+00
2977,-112.433,172.498,9.19E-02,2.63E+00,1.26E+01,5.68E+00
2978,-112.432,165.006,1.87E-01,1.47E+00,1.34E+01,3.30E+00
2979,-112.452,157.51,3.04E-01,2.74E+00,1.39E+01,2.43E+00
2980,-93.2292,180.016,3.05E-02,8.50E+00,9.39E+00,1.33E+01
2981,-93.1967,172.508,1.10E-01,3.43E+00,1.07E+01,8.54E+00
2982,-93.1958,165,2.23E-01,1.48E+00,1.19E+01,5.52E+00
2983,-93.2267,157.491,3.60E-01,2.36E+00,1.27E+01,3.93E+00
2984,-86.6119,172.506,1.15E-01,3.63E+00,1.02E+01,9.36E+00
2985,-79.9984,172.504,1.20E-01,3.81E+00,9.57E+00,1.02E+01
2986,-86.6281,180.008,3.21E-02,8.78E+00,8.68E+00,1.42E+01
2987,-79.9992,180.003,3.35E-02,9.04E+00,8.00E+00,1.50E+01
2988,-86.6111,165.003,2.33E-01,1.54E+00,1.13E+01,6.31E+00
2989,-79.9977,165.005,2.43E-01,1.59E+00,1.07E+01,7.16E+00
2990,-86.6257,157.5,3.77E-01,2.37E+00,1.21E+01,4.72E+00
2991,-79.997,157.506,3.92E-01,2.40E+00,1.16E+01,5.53E+00
2992,-106.087,172.498,9.83E-02,3.01E+00,1.20E+01,6.68E+00
2993,-99.6688,172.503,1.04E-01,3.26E+00,1.14E+01,7.63E+00
2994,-106.131,179.99,2.74E-02,7.90E+00,1.10E+01,1.12E+01
2995,-99.7088,180.003,2.90E-02,8.30E+00,1.01E+01,1.24E+01
2996,-106.086,165.007,2.00E-01,1.51E+00,1.30E+01,4.02E+00
2997,-99.668,165.003,2.12E-01,1.50E+00,1.25E+01,4.79E+00
2998,-106.128,157.515,3.24E-01,2.57E+00,1.36E+01,2.78E+00
2999,-99.7062,157.503,3.43E-01,2.45E+00,1.32E+01,3.28E+00
3000,-143.747,172.5,5.29E-02,1.90E+00,1.37E+01,3.20E+00
3001,-137.498,172.5,6.10E-02,1.73E+00,1.38E+01,3.13E+00
3002,-131.248,172.501,6.94E-02,1.76E+00,1.36E+01,3.39E+00
3003,-124.998,172.501,7.76E-02,1.96E+00,1.34E+01,3.91E+00
3004,-118.724,172.5,8.51E-02,2.27E+00,1.31E+01,4.69E+00
3005,-131.249,180.001,1.90E-02,4.76E+00,1.32E+01,6.39E+00
3006,-143.749,180,1.41E-02,4.30E+00,1.40E+01,5.28E+00
3007,-137.499,180,1.64E-02,4.32E+00,1.37E+01,5.67E+00
3008,-124.999,180.001,2.15E-02,5.58E+00,1.28E+01,7.38E+00
3009,-118.735,179.999,2.36E-02,6.46E+00,1.23E+01,8.50E+00
3010,-131.246,157.501,2.34E-01,3.40E+00,1.41E+01,2.82E+00
3011,-131.247,165.001,1.43E-01,1.87E+00,1.40E+01,2.45E+00
3012,-137.496,157.5,2.08E-01,3.56E+00,1.38E+01,3.15E+00
3013,-143.746,157.499,1.82E-01,3.67E+00,1.28E+01,3.21E+00
3014,-137.497,165,1.27E-01,2.01E+00,1.39E+01,2.45E+00
3015,-143.747,165,1.11E-01,1.81E+00,1.33E+01,2.32E+00
3016,-118.732,157.505,2.82E-01,2.99E+00,1.41E+01,2.32E+00
3017,-124.996,157.501,2.59E-01,3.21E+00,1.42E+01,2.48E+00
3018,-118.723,165.003,1.74E-01,1.53E+00,1.37E+01,2.76E+00
3019,-124.997,165.001,1.59E-01,1.67E+00,1.39E+01,2.48E+00
3020,-157.5,187.5,0.00E+00,1.09E+01,2.06E+00,2.25E+01
3021,-165,187.5,0.00E+00,1.04E+01,1.66E+00,2.19E+01
3022,-172.5,187.5,0.00E+00,1.02E+01,1.19E+00,1.99E+01
3023,-180,187.5,0.00E+00,9.38E+00,8.09E-01,1.59E+01
3024,-187.5,187.5,0.00E+00,8.65E+00,6.61E-01,1.32E+01
3025,-187.5,180,0.00E+00,8.84E+00,7.83E-01,1.56E+01
3026,-187.5,172.5,0.00E+00,8.35E+00,1.06E+00,1.98E+01
3027,-187.5,165,0.00E+00,6.83E+00,1.51E+00,2.28E+01
3028,-187.5,157.5,0.00E+00,5.05E+00,2.20E+00,2.53E+01
3029,-187.5,150,0.00E+00,3.43E+00,3.08E+00,2.87E+01
3030,-187.5,143.75,0.00E+00,2.73E+00,4.09E+00,3.10E+01
3031,-187.5,137.5,0.00E+00,2.51E+00,4.68E+00,3.11E+01
3032,-187.5,131.25,0.00E+00,1.97E+00,4.68E+00,3.13E+01
3033,-187.5,125,0.00E+00,1.38E+00,4.44E+00,3.15E+01
3034,-187.5,118.75,0.00E+00,1.18E+00,4.12E+00,3.17E+01
3035,-187.5,112.5,0.00E+00,1.53E+00,3.92E+00,3.18E+01
3036,-187.5,106.25,0.00E+00,2.22E+00,3.86E+00,3.17E+01
3037,-187.5,100,0.00E+00,2.87E+00,3.78E+00,3.09E+01
3038,-187.5,93.3333,0.00E+00,3.88E+00,3.59E+00,3.07E+01
3039,-187.5,86.6667,0.00E+00,5.15E+00,3.40E+00,3.11E+01
3040,-187.5,80,0.00E+00,6.19E+00,3.23E+00,3.12E+01
3041,-187.5,73.3333,0.00E+00,7.08E+00,3.05E+00,3.10E+01
3042,-187.5,66.6667,0.00E+00,7.86E+00,2.84E+00,3.08E+01
3043,-187.5,60,0.00E+00,8.61E+00,2.56E+00,3.05E+01
3044,-187.5,53.3333,0.00E+00,9.30E+00,2.22E+00,3.02E+01
3045,-187.5,46.6667,0.00E+00,9.95E+00,1.87E+00,2.99E+01
3046,-187.5,40,0.00E+00,1.05E+01,1.51E+00,2.95E+01
3047,-187.5,33.3333,0.00E+00,1.11E+01,1.14E+00,2.91E+01
3048,-187.5,26.6667,0.00E+00,1.16E+01,7.55E-01,2.87E+01
3049,-187.5,20,0.00E+00,1.20E+01,3.69E-01,2.82E+01
3050,-187.5,13.3333,0.00E+00,1.24E+01,2.51E-01,2.77E+01
3051,-187.5,6.66667,0.00E+00,1.27E+01,5.47E-01,2.72E+01
3052,-187.5,-5.33E-14,0.00E+00,1.30E+01,1.01E+00,2.66E+01
3053,-187.5,-6.66667,0.00E+00,1.32E+01,1.49E+00,2.60E+01
3054,-187.5,-13.3333,0.00E+00,1.35E+01,2.00E+00,2.54E+01
3055,-187.5,-20,0.00E+00,1.36E+01,2.54E+00,2.48E+01
3056,-187.5,-26.6667,0.00E+00,1.38E+01,3.09E+00,2.41E+01
3057,-187.5,-33.3333,0.00E+00,1.38E+01,3.67E+00,2.34E+01
3058,-187.5,-40,0.00E+00,1.39E+01,4.27E+00,2.26E+01
3059,-187.5,-46.6667,0.00E+00,1.39E+01,4.90E+00,2.19E+01
3060,-187.5,-53.3333,0.00E+00,1.39E+01,5.56E+00,2.10E+01
3061,-187.5,-60,0.00E+00,1.38E+01,6.24E+00,2.02E+01
3062,-187.5,-66.6667,0.00E+00,1.36E+01,6.95E+00,1.92E+01
3063,-187.5,-73.3333,0.00E+00,1.33E+01,7.70E+00,1.83E+01
3064,-187.5,-80,0.00E+00,1.29E+01,8.49E+00,1.74E+01
3065,-187.5,-86.6667,0.00E+00,1.24E+01,9.30E+00,1.65E+01
3066,-187.5,-93.3333,0.00E+00,1.18E+01,1.02E+01,1.57E+01
3067,-187.5,-100,0.00E+00,1.15E+01,1.11E+01,1.50E+01
3068,-187.5,-106.25,0.00E+00,1.08E+01,1.21E+01,1.35E+01
3069,-187.5,-112.5,0.00E+00,9.82E+00,1.31E+01,1.17E+01
3070,-187.5,-118.75,0.00E+00,8.94E+00,1.38E+01,1.02E+01
3071,-187.5,-125,0.00E+00,8.05E+00,1.45E+01,8.52E+00
3072,-187.5,-131.25,0.00E+00,7.13E+00,1.52E+01,6.77E+00
3073,-187.5,-137.5,0.00E+00,6.09E+00,1.58E+01,5.02E+00
3074,-187.5,-143.75,0.00E+00,4.78E+00,1.64E+01,3.45E+00
3075,-187.5,-150,0.00E+00,3.37E+00,1.66E+01,2.40E+00
3076,-187.5,-157.5,0.00E+00,2.12E+00,1.65E+01,1.87E+00
3077,-187.5,-165,0.00E+00,1.35E+00,1.63E+01,1.57E+00
3078,-187.5,-172.5,0.00E+00,1.14E+00,1.56E+01,1.34E+00
3079,-187.5,-180,0.00E+00,9.53E-01,1.37E+01,1.01E+00
3080,-187.5,-187.5,0.00E+00,7.96E-01,1.23E+01,7.99E-01
3081,-180,-187.5,0.00E+00,9.73E-01,1.40E+01,1.03E+00
3082,-172.5,-187.5,0.00E+00,1.22E+00,1.64E+01,1.40E+00
3083,-165,-187.5,0.00E+00,1.42E+00,1.71E+01,1.68E+00
3084,-157.5,-187.5,0.00E+00,1.90E+00,1.71E+01,2.21E+00
3085,-180.004,-1.27E-05,4.22E-02,9.42E+00,2.38E+00,2.34E+01
3086,-172.507,9.75E-05,1.51E-01,3.32E+00,4.69E+00,1.80E+01
3087,-165.009,0.000169377,3.03E-01,1.83E+00,6.32E+00,1.43E+01
3088,-157.51,0.000229743,4.83E-01,4.19E+00,7.58E+00,1.19E+01
3089,-180.017,93.2214,3.73E-02,3.02E+00,2.29E+00,2.83E+01
3090,-172.51,93.1878,1.31E-01,4.13E+00,1.47E+00,2.45E+01
3091,-164.999,93.1939,2.57E-01,7.45E+00,2.67E+00,2.23E+01
3092,-157.492,93.2265,4.01E-01,9.75E+00,3.87E+00,2.10E+01
3093,-179.973,137.648,2.61E-02,4.50E+00,2.98E+00,2.91E+01
3094,-172.497,137.74,8.79E-02,7.89E+00,1.74E+00,2.58E+01
3095,-165.024,137.697,1.66E-01,9.95E+00,3.18E+00,2.40E+01
3096,-157.529,137.602,2.50E-01,1.10E+01,4.64E+00,2.33E+01
3097,-180.025,165.147,1.17E-02,7.24E+00,1.51E+00,2.22E+01
3098,-172.503,165.242,3.62E-02,7.82E+00,1.97E+00,2.17E+01
3099,-164.978,165.197,6.19E-02,8.52E+00,2.63E+00,2.19E+01
3100,-157.472,165.103,8.36E-02,9.79E+00,2.71E+00,2.22E+01
3101,-172.501,172.595,2.04E-02,8.28E+00,1.66E+00,2.02E+01
3102,-172.499,179.999,6.61E-03,9.38E+00,1.30E+00,1.97E+01
3103,-180.008,172.56,6.75E-03,8.10E+00,1.29E+00,1.97E+01
3104,-179.999,179.999,2.10E-03,8.92E+00,9.82E-01,1.71E+01
3105,-157.489,172.542,4.29E-02,1.05E+01,1.61E+00,2.19E+01
3106,-164.991,172.58,3.34E-02,9.35E+00,1.75E+00,2.13E+01
3107,-157.498,180,1.26E-02,1.09E+01,1.63E+00,2.23E+01
3108,-164.999,180,1.04E-02,1.01E+01,1.48E+00,2.16E+01
3109,-172.492,144.398,7.77E-02,7.94E+00,1.80E+00,2.54E+01
3110,-172.501,151.121,6.59E-02,7.78E+00,2.01E+00,2.43E+01
3111,-172.509,158.148,5.17E-02,7.67E+00,2.08E+00,2.31E+01
3112,-180.002,150.921,2.01E-02,5.29E+00,2.06E+00,2.69E+01
3113,-179.953,144.202,2.34E-02,4.79E+00,2.59E+00,2.87E+01
3114,-180.045,157.95,1.62E-02,6.21E+00,1.72E+00,2.44E+01
3115,-157.497,150.825,1.75E-01,8.92E+00,5.00E+00,2.33E+01
3116,-164.999,151.028,1.21E-01,8.66E+00,3.61E+00,2.32E+01
3117,-157.551,144.126,2.15E-01,1.02E+01,5.09E+00,2.30E+01
3118,-165.023,144.326,1.45E-01,9.45E+00,3.36E+00,2.36E+01
3119,-157.45,157.875,1.29E-01,8.81E+00,4.00E+00,2.33E+01
3120,-164.978,158.076,9.18E-02,8.23E+00,3.38E+00,2.28E+01
3121,-179.997,118.725,3.22E-02,3.11E+00,2.63E+00,2.94E+01
3122,-172.502,118.707,1.11E-01,6.69E+00,1.59E+00,2.57E+01
3123,-165.006,118.715,2.14E-01,9.48E+00,2.72E+00,2.36E+01
3124,-157.506,118.73,3.29E-01,1.14E+01,3.86E+00,2.27E+01
3125,-172.503,124.981,1.04E-01,7.17E+00,1.69E+00,2.58E+01
3126,-172.499,131.344,9.66E-02,7.60E+00,1.76E+00,2.59E+01
3127,-180,124.988,3.04E-02,3.48E+00,2.82E+00,2.93E+01
3128,-179.991,131.31,2.84E-02,4.02E+00,2.99E+00,2.92E+01
3129,-165.004,124.983,2.00E-01,9.83E+00,2.89E+00,2.39E+01
3130,-165.01,131.328,1.84E-01,1.00E+01,3.07E+00,2.41E+01
3131,-157.504,124.989,3.06E-01,1.16E+01,4.02E+00,2.30E+01
3132,-157.511,131.29,2.79E-01,1.15E+01,4.30E+00,2.33E+01
3133,-172.508,99.6403,1.27E-01,4.88E+00,1.46E+00,2.50E+01
3134,-172.501,106.061,1.22E-01,5.58E+00,1.48E+00,2.54E+01
3135,-172.499,112.391,1.17E-01,6.19E+00,1.53E+00,2.56E+01
3136,-179.994,106.113,3.51E-02,2.96E+00,2.48E+00,2.92E+01
3137,-180.007,99.689,3.63E-02,2.90E+00,2.42E+00,2.87E+01
3138,-179.995,112.428,3.37E-02,2.98E+00,2.51E+00,2.94E+01
3139,-157.513,106.13,3.68E-01,1.07E+01,3.75E+00,2.19E+01
3140,-165.004,106.077,2.38E-01,8.68E+00,2.56E+00,2.31E+01
3141,-157.503,99.6989,3.85E-01,1.03E+01,3.77E+00,2.15E+01
3142,-165.004,99.6514,2.48E-01,8.14E+00,2.59E+00,2.28E+01
3143,-157.509,112.438,3.50E-01,1.11E+01,3.77E+00,2.22E+01
3144,-165.007,112.402,2.27E-01,9.09E+00,2.61E+00,2.33E+01
3145,-180.004,46.6661,4.16E-02,6.56E+00,1.56E+00,2.69E+01
3146,-172.506,46.6657,1.48E-01,2.38E+00,2.23E+00,2.20E+01
3147,-165.008,46.6653,2.96E-01,3.21E+00,3.99E+00,1.89E+01
3148,-157.51,46.665,4.71E-01,5.94E+00,5.38E+00,1.69E+01
3149,-180.004,73.3324,3.96E-02,3.91E+00,1.91E+00,2.83E+01
3150,-172.506,73.3317,1.40E-01,2.34E+00,1.49E+00,2.37E+01
3151,-165.007,73.331,2.78E-01,5.40E+00,3.02E+00,2.09E+01
3152,-157.508,73.3304,4.38E-01,7.84E+00,4.47E+00,1.93E+01
3153,-172.505,79.9982,1.37E-01,2.66E+00,1.46E+00,2.40E+01
3154,-172.507,86.6075,1.34E-01,3.34E+00,1.47E+00,2.42E+01
3155,-180.003,79.999,3.90E-02,3.46E+00,2.03E+00,2.84E+01
3156,-180.009,86.6247,3.83E-02,3.26E+00,2.15E+00,2.84E+01
3157,-165.006,79.9974,2.72E-01,6.03E+00,2.84E+00,2.13E+01
3158,-165.003,86.6093,2.65E-01,6.73E+00,2.72E+00,2.17E+01
3159,-157.507,79.9968,4.27E-01,8.43E+00,4.25E+00,1.98E+01
3160,-157.5,86.6253,4.15E-01,9.07E+00,4.03E+00,2.04E+01
3161,-172.506,53.3322,1.46E-01,2.35E+00,1.97E+00,2.25E+01
3162,-172.506,59.9987,1.45E-01,2.32E+00,1.75E+00,2.29E+01
3163,-172.506,66.6652,1.42E-01,2.30E+00,1.58E+00,2.33E+01
3164,-180.004,59.9993,4.07E-02,5.29E+00,1.69E+00,2.76E+01
3165,-180.004,53.3327,4.12E-02,5.95E+00,1.61E+00,2.73E+01
3166,-180.004,66.6658,4.02E-02,4.59E+00,1.79E+00,2.80E+01
3167,-157.509,59.9977,4.57E-01,6.81E+00,4.89E+00,1.82E+01
3168,-165.008,59.9982,2.88E-01,4.22E+00,3.47E+00,1.99E+01
3169,-157.509,53.3314,4.65E-01,6.35E+00,5.13E+00,1.76E+01
3170,-165.008,53.3318,2.93E-01,3.69E+00,3.73E+00,1.94E+01
3171,-157.508,66.6641,4.48E-01,7.31E+00,4.67E+00,1.88E+01
3172,-165.007,66.6646,2.83E-01,4.80E+00,3.24E+00,2.04E+01
3173,-180.004,26.6663,4.24E-02,8.07E+00,1.47E+00,2.56E+01
3174,-172.507,26.6662,1.51E-01,2.48E+00,3.16E+00,2.04E+01
3175,-165.009,26.666,3.03E-01,2.08E+00,4.88E+00,1.70E+01
3176,-157.51,26.6658,4.84E-01,4.97E+00,6.22E+00,1.49E+01
3177,-172.507,33.3327,1.51E-01,2.44E+00,2.83E+00,2.10E+01
3178,-172.506,39.9992,1.49E-01,2.41E+00,2.52E+00,2.15E+01
3179,-180.004,33.3329,4.22E-02,7.61E+00,1.49E+00,2.61E+01
3180,-180.004,39.9995,4.20E-02,7.11E+00,1.52E+00,2.65E+01
3181,-165.009,33.3324,3.02E-01,2.40E+00,4.57E+00,1.77E+01
3182,-165.008,39.9989,2.99E-01,2.78E+00,4.27E+00,1.83E+01
3183,-157.51,33.3322,4.81E-01,5.25E+00,5.92E+00,1.56E+01
3184,-157.51,39.9986,4.77E-01,5.57E+00,5.65E+00,1.63E+01
3185,-172.507,6.66661,1.51E-01,3.08E+00,4.27E+00,1.86E+01
3186,-172.507,13.3331,1.52E-01,2.81E+00,3.88E+00,1.93E+01
3187,-172.507,19.9996,1.52E-01,2.59E+00,3.50E+00,1.99E+01
3188,-180.004,13.3332,4.25E-02,8.83E+00,1.59E+00,2.46E+01
3189,-180.004,6.66657,4.24E-02,9.14E+00,1.94E+00,2.40E+01
3190,-180.004,19.9997,4.25E-02,8.47E+00,1.46E+00,2.51E+01
3191,-157.51,13.333,4.86E-01,4.52E+00,6.86E+00,1.34E+01
3192,-165.009,13.3331,3.04E-01,1.80E+00,5.56E+00,1.57E+01
3193,-157.51,6.66662,4.85E-01,4.34E+00,7.21E+00,1.27E+01
3194,-165.009,6.66662,3.04E-01,1.82E+00,5.93E+00,1.50E+01
3195,-157.51,19.9994,4.86E-01,4.73E+00,6.53E+00,1.41E+01
3196,-165.009,19.9995,3.04E-01,1.86E+00,5.21E+00,1.64E+01
3197,-180.016,-93.229,3.09E-02,8.50E+00,1.11E+01,1.24E+01
3198,-172.508,-93.1963,1.10E-01,3.00E+00,1.28E+01,6.86E+00
3199,-164.998,-93.1952,2.18E-01,2.02E+00,1.41E+01,3.49E+00
3200,-157.489,-93.2258,3.45E-01,4.51E+00,1.53E+01,2.50E+00
3201,-180.003,-46.6661,3.89E-02,1.03E+01,6.16E+00,1.86E+01
3202,-172.506,-46.6655,1.38E-01,4.12E+00,8.26E+00,1.30E+01
3203,-165.007,-46.6649,2.77E-01,1.97E+00,9.77E+00,9.11E+00
3204,-157.508,-46.6644,4.41E-01,3.78E+00,1.10E+01,6.47E+00
3205,-180.004,-19.9998,4.12E-02,1.00E+01,3.86E+00,2.15E+01
3206,-172.506,-19.9994,1.47E-01,3.85E+00,6.08E+00,1.60E+01
3207,-165.008,-19.9991,2.95E-01,1.90E+00,7.65E+00,1.22E+01
3208,-157.51,-19.9989,4.71E-01,3.87E+00,8.86E+00,9.61E+00
3209,-172.506,-13.333,1.48E-01,3.70E+00,5.59E+00,1.67E+01
3210,-172.507,-6.6664,1.50E-01,3.53E+00,5.12E+00,1.74E+01
3211,-180.004,-13.3331,4.16E-02,9.86E+00,3.35E+00,2.22E+01
3212,-180.004,-6.66658,4.19E-02,9.66E+00,2.85E+00,2.28E+01
3213,-165.008,-13.3328,2.98E-01,1.88E+00,7.18E+00,1.29E+01
3214,-165.009,-6.66626,3.01E-01,1.86E+00,6.74E+00,1.36E+01
3215,-157.51,-13.3325,4.76E-01,3.96E+00,8.41E+00,1.04E+01
3216,-157.51,-6.66614,4.80E-01,4.06E+00,7.98E+00,1.12E+01
3217,-172.506,-39.9989,1.41E-01,4.11E+00,7.68E+00,1.38E+01
3218,-172.506,-33.3325,1.43E-01,4.06E+00,7.12E+00,1.46E+01
3219,-172.506,-26.6659,1.45E-01,3.97E+00,6.59E+00,1.53E+01
3220,-180.004,-33.333,4.02E-02,1.02E+01,4.96E+00,2.01E+01
3221,-180.004,-39.9995,3.96E-02,1.03E+01,5.55E+00,1.94E+01
3222,-180.004,-26.6663,4.07E-02,1.02E+01,4.40E+00,2.08E+01
3223,-157.509,-33.3316,4.58E-01,3.77E+00,9.85E+00,8.06E+00
3224,-165.008,-33.3321,2.87E-01,1.94E+00,8.66E+00,1.07E+01
3225,-157.508,-39.998,4.50E-01,3.76E+00,1.04E+01,7.27E+00
3226,-165.007,-39.9984,2.82E-01,1.95E+00,9.20E+00,9.91E+00
3227,-157.509,-26.6652,4.65E-01,3.81E+00,9.34E+00,8.84E+00
3228,-165.008,-26.6655,2.92E-01,1.92E+00,8.14E+00,1.14E+01
3229,-180.003,-66.6659,3.63E-02,1.01E+01,8.14E+00,1.60E+01
3230,-172.505,-66.665,1.29E-01,3.96E+00,1.01E+01,1.04E+01
3231,-165.006,-66.6642,2.57E-01,2.02E+00,1.16E+01,6.59E+00
3232,-157.506,-66.6634,4.07E-01,3.98E+00,1.28E+01,4.10E+00
3233,-172.505,-59.9984,1.32E-01,4.05E+00,9.49E+00,1.13E+01
3234,-172.505,-53.332,1.35E-01,4.11E+00,8.86E+00,1.22E+01
3235,-180.003,-59.9993,3.73E-02,1.02E+01,7.45E+00,1.69E+01
3236,-180.003,-53.3327,3.81E-02,1.03E+01,6.79E+00,1.78E+01
3237,-165.006,-59.9977,2.64E-01,2.00E+00,1.10E+01,7.45E+00
3238,-165.007,-53.3314,2.71E-01,1.98E+00,1.04E+01,8.29E+00
3239,-157.507,-59.997,4.20E-01,3.89E+00,1.21E+01,4.87E+00
3240,-157.507,-53.3308,4.31E-01,3.82E+00,1.15E+01,5.67E+00
3241,-172.506,-86.6115,1.15E-01,3.29E+00,1.21E+01,7.69E+00
3242,-172.504,-79.9979,1.20E-01,3.61E+00,1.15E+01,8.55E+00
3243,-172.504,-73.3315,1.25E-01,3.83E+00,1.08E+01,9.48E+00
3244,-180.003,-79.999,3.40E-02,9.43E+00,9.60E+00,1.41E+01
3245,-180.007,-86.6279,3.26E-02,8.97E+00,1.03E+01,1.32E+01
3246,-180.003,-73.3325,3.52E-02,9.82E+00,8.86E+00,1.50E+01
3247,-157.505,-79.9961,3.79E-01,4.23E+00,1.40E+01,2.84E+00
3248,-165.005,-79.997,2.39E-01,2.03E+00,1.29E+01,4.87E+00
3249,-157.499,-86.6248,3.63E-01,4.36E+00,1.46E+01,2.50E+00
3250,-165.002,-86.6105,2.29E-01,2.00E+00,1.35E+01,4.09E+00
3251,-157.505,-73.3298,3.94E-01,4.10E+00,1.34E+01,3.41E+00
3252,-165.005,-73.3306,2.49E-01,2.03E+00,1.22E+01,5.73E+00
3253,-179.977,-137.6,1.56E-02,3.71E+00,1.59E+01,3.70E+00
3254,-172.491,-137.669,5.54E-02,2.06E+00,1.61E+01,2.80E+00
3255,-165.008,-137.668,1.11E-01,4.04E+00,1.65E+01,3.96E+00
3256,-157.521,-137.598,1.77E-01,6.06E+00,1.70E+01,5.34E+00
3257,-179.993,-112.455,2.55E-02,6.73E+00,1.36E+01,8.89E+00
3258,-172.498,-112.432,8.98E-02,2.44E+00,1.48E+01,4.38E+00
3259,-165.005,-112.431,1.79E-01,2.69E+00,1.58E+01,2.76E+00
3260,-157.509,-112.451,2.83E-01,5.23E+00,1.67E+01,3.74E+00
3261,-172.498,-106.086,9.69E-02,2.63E+00,1.41E+01,5.17E+00
3262,-172.503,-99.6684,1.04E-01,2.83E+00,1.34E+01,6.00E+00
3263,-179.991,-106.131,2.74E-02,7.60E+00,1.28E+01,1.03E+01
3264,-180.003,-99.7086,2.93E-02,8.18E+00,1.19E+01,1.15E+01
3265,-165.006,-106.085,1.93E-01,2.40E+00,1.54E+01,2.80E+00
3266,-165.003,-99.6673,2.06E-01,2.19E+00,1.48E+01,3.06E+00
3267,-157.512,-106.127,3.05E-01,4.96E+00,1.64E+01,3.22E+00
3268,-157.501,-99.7053,3.26E-01,4.72E+00,1.59E+01,2.77E+00
3269,-172.496,-131.318,6.50E-02,2.16E+00,1.59E+01,2.84E+00
3270,-172.501,-124.997,7.40E-02,2.22E+00,1.56E+01,3.15E+00
3271,-172.5,-118.723,8.22E-02,2.32E+00,1.52E+01,3.67E+00
3272,-180.001,-124.998,2.09E-02,5.20E+00,1.49E+01,6.23E+00
3273,-179.991,-131.29,1.84E-02,4.47E+00,1.54E+01,4.87E+00
3274,-179.998,-118.735,2.33E-02,5.96E+00,1.43E+01,7.58E+00
3275,-157.499,-124.995,2.34E-01,5.77E+00,1.72E+01,4.74E+00
3276,-165,-124.996,1.48E-01,3.47E+00,1.63E+01,3.16E+00
3277,-157.507,-131.287,2.06E-01,5.96E+00,1.72E+01,5.11E+00
3278,-165.003,-131.317,1.30E-01,3.82E+00,1.65E+01,3.53E+00
3279,-157.503,-118.731,2.59E-01,5.52E+00,1.70E+01,4.25E+00
3280,-165.002,-118.722,1.64E-01,3.08E+00,1.61E+01,2.88E+00
3281,-180.039,-157.789,5.97E-03,1.60E+00,1.61E+01,2.15E+00
3282,-172.51,-157.89,2.31E-02,1.97E+00,1.53E+01,3.07E+00
3283,-164.985,-157.89,4.93E-02,3.61E+00,1.50E+01,4.21E+00
3284,-157.456,-157.786,8.18E-02,4.92E+00,1.54E+01,4.85E+00
3285,-172.504,-150.949,3.41E-02,1.95E+00,1.59E+01,3.17E+00
3286,-172.49,-144.219,4.50E-02,1.95E+00,1.62E+01,2.99E+00
3287,-180.006,-150.803,9.26E-03,2.12E+00,1.63E+01,2.41E+00
3288,-179.963,-144.081,1.26E-02,2.87E+00,1.63E+01,2.86E+00
3289,-164.993,-150.948,7.04E-02,3.99E+00,1.57E+01,4.51E+00
3290,-165.007,-144.218,9.13E-02,4.10E+00,1.62E+01,4.37E+00
3291,-157.49,-150.801,1.15E-01,5.63E+00,1.58E+01,5.33E+00
3292,-157.534,-144.079,1.47E-01,5.96E+00,1.65E+01,5.46E+00
3293,-172.498,-179.999,8.44E-04,1.06E+00,1.54E+01,1.48E+00
3294,-172.498,-172.498,5.06E-03,1.20E+00,1.44E+01,1.91E+00
3295,-172.505,-165.139,1.29E-02,1.72E+00,1.47E+01,2.59E+00
3296,-179.999,-172.499,8.90E-04,1.02E+00,1.49E+01,1.45E+00
3297,-179.999,-179.999,-1.18E-05,9.58E-01,1.43E+01,1.13E+00
3298,-180.013,-165.082,3.03E-03,1.23E+00,1.56E+01,1.84E+00
3299,-157.497,-172.498,2.35E-02,2.15E+00,1.58E+01,2.78E+00
3300,-164.997,-172.498,1.30E-02,1.76E+00,1.51E+01,2.50E+00
3301,-157.498,-179.999,6.12E-03,1.58E+00,1.66E+01,2.20E+00
3302,-164.998,-179.999,3.01E-03,1.29E+00,1.64E+01,1.85E+00
3303,-157.483,-165.08,5.00E-02,3.74E+00,1.53E+01,3.98E+00
3304,-164.99,-165.139,2.92E-02,2.84E+00,1.46E+01,3.46E+00
3305,157.5,187.5,0.00E+00,8.97E+00,2.48E+00,2.80E+01
3306,165,187.5,0.00E+00,9.87E+00,1.87E+00,2.57E+01
3307,172.5,187.5,0.00E+00,1.05E+01,1.29E+00,2.28E+01
3308,180,187.5,0.00E+00,1.01E+01,8.96E-01,1.82E+01
3309,187.5,187.5,0.00E+00,9.52E+00,7.42E-01,1.53E+01
3310,187.5,180,0.00E+00,1.01E+01,8.93E-01,1.82E+01
3311,187.5,172.5,0.00E+00,1.04E+01,1.26E+00,2.27E+01
3312,187.5,165,0.00E+00,9.83E+00,1.79E+00,2.56E+01
3313,187.5,157.5,0.00E+00,9.08E+00,2.35E+00,2.79E+01
3314,187.5,150,0.00E+00,8.05E+00,2.83E+00,2.96E+01
3315,187.5,143.75,0.00E+00,6.85E+00,3.27E+00,3.09E+01
3316,187.5,137.5,0.00E+00,5.62E+00,3.61E+00,3.18E+01
3317,187.5,131.25,0.00E+00,4.41E+00,3.79E+00,3.24E+01
3318,187.5,125,0.00E+00,3.24E+00,3.91E+00,3.30E+01
3319,187.5,118.75,0.00E+00,2.17E+00,4.03E+00,3.33E+01
3320,187.5,112.5,0.00E+00,1.40E+00,4.15E+00,3.34E+01
3321,187.5,106.25,0.00E+00,1.35E+00,4.22E+00,3.35E+01
3322,187.5,100,0.00E+00,2.01E+00,4.22E+00,3.34E+01
3323,187.5,93.3333,0.00E+00,2.92E+00,4.13E+00,3.33E+01
3324,187.5,86.6667,0.00E+00,3.86E+00,4.02E+00,3.31E+01
3325,187.5,80,0.00E+00,4.79E+00,3.88E+00,3.29E+01
3326,187.5,73.3333,0.00E+00,5.67E+00,3.71E+00,3.26E+01
3327,187.5,66.6667,0.00E+00,6.49E+00,3.48E+00,3.23E+01
3328,187.5,60,0.00E+00,7.26E+00,3.22E+00,3.20E+01
3329,187.5,53.3333,0.00E+00,7.98E+00,2.94E+00,3.16E+01
3330,187.5,46.6667,0.00E+00,8.66E+00,2.65E+00,3.12E+01
3331,187.5,40,0.00E+00,9.28E+00,2.33E+00,3.08E+01
3332,187.5,33.3333,0.00E+00,9.85E+00,1.99E+00,3.04E+01
3333,187.5,26.6667,0.00E+00,1.04E+01,1.63E+00,2.99E+01
3334,187.5,20,0.00E+00,1.08E+01,1.25E+00,2.95E+01
3335,187.5,13.3333,0.00E+00,1.13E+01,8.60E-01,2.89E+01
3336,187.5,6.66667,0.00E+00,1.16E+01,4.57E-01,2.84E+01
3337,187.5,5.33E-14,0.00E+00,1.20E+01,2.63E-01,2.78E+01
3338,187.5,-6.66667,0.00E+00,1.22E+01,4.95E-01,2.72E+01
3339,187.5,-13.3333,0.00E+00,1.24E+01,9.64E-01,2.65E+01
3340,187.5,-20,0.00E+00,1.26E+01,1.47E+00,2.58E+01
3341,187.5,-26.6667,0.00E+00,1.27E+01,2.00E+00,2.51E+01
3342,187.5,-33.3333,0.00E+00,1.28E+01,2.55E+00,2.43E+01
3343,187.5,-40,0.00E+00,1.28E+01,3.13E+00,2.35E+01
3344,187.5,-46.6667,0.00E+00,1.28E+01,3.74E+00,2.27E+01
3345,187.5,-53.3333,0.00E+00,1.28E+01,4.37E+00,2.19E+01
3346,187.5,-60,0.00E+00,1.27E+01,5.02E+00,2.10E+01
3347,187.5,-66.6667,0.00E+00,1.25E+01,5.69E+00,2.01E+01
3348,187.5,-73.3333,0.00E+00,1.24E+01,6.39E+00,1.91E+01
3349,187.5,-80,0.00E+00,1.21E+01,7.11E+00,1.81E+01
3350,187.5,-86.6667,0.00E+00,1.18E+01,7.85E+00,1.71E+01
3351,187.5,-93.3333,0.00E+00,1.15E+01,8.60E+00,1.60E+01
3352,187.5,-100,0.00E+00,1.11E+01,9.35E+00,1.49E+01
3353,187.5,-106.25,0.00E+00,1.06E+01,1.01E+01,1.37E+01
3354,187.5,-112.5,0.00E+00,9.94E+00,1.08E+01,1.25E+01
3355,187.5,-118.75,0.00E+00,9.22E+00,1.16E+01,1.13E+01
3356,187.5,-125,0.00E+00,8.40E+00,1.23E+01,9.87E+00
3357,187.5,-131.25,0.00E+00,7.46E+00,1.29E+01,8.38E+00
3358,187.5,-137.5,0.00E+00,6.33E+00,1.35E+01,6.82E+00
3359,187.5,-143.75,0.00E+00,5.01E+00,1.40E+01,5.30E+00
3360,187.5,-150,0.00E+00,3.56E+00,1.44E+01,3.79E+00
3361,187.5,-157.5,0.00E+00,2.18E+00,1.46E+01,2.45E+00
3362,187.5,-165,0.00E+00,1.29E+00,1.45E+01,1.65E+00
3363,187.5,-172.5,0.00E+00,1.01E+00,1.41E+01,1.28E+00
3364,187.5,-180,0.00E+00,8.53E-01,1.24E+01,9.31E-01
3365,187.5,-187.5,0.00E+00,7.16E-01,1.10E+01,7.20E-01
3366,180,-187.5,0.00E+00,8.49E-01,1.24E+01,9.32E-01
3367,172.5,-187.5,0.00E+00,9.90E-01,1.40E+01,1.29E+00
3368,165,-187.5,0.00E+00,1.24E+00,1.40E+01,1.73E+00
3369,157.5,-187.5,0.00E+00,2.33E+00,1.28E+01,2.84E+00
3370,180.004,-0.000200522,4.36E-02,8.45E+00,1.53E+00,2.47E+01
3371,172.507,-0.000300504,1.54E-01,2.60E+00,3.72E+00,1.95E+01
3372,165.009,-0.000444294,3.07E-01,1.93E+00,5.47E+00,1.60E+01
3373,157.51,-0.000533437,4.90E-01,4.93E+00,6.93E+00,1.36E+01
3374,180.018,93.2212,3.84E-02,3.49E+00,2.70E+00,3.05E+01
3375,172.509,93.1875,1.31E-01,6.43E+00,1.63E+00,2.59E+01
3376,164.999,93.1932,2.53E-01,1.05E+01,2.83E+00,2.29E+01
3377,157.49,93.2257,3.86E-01,1.37E+01,4.49E+00,2.09E+01
3378,179.972,137.648,2.66E-02,7.82E+00,2.45E+00,2.98E+01
3379,172.496,137.739,8.58E-02,1.14E+01,1.82E+00,2.65E+01
3380,165.023,137.696,1.57E-01,1.37E+01,2.87E+00,2.45E+01
3381,157.526,137.6,2.27E-01,1.54E+01,3.63E+00,2.30E+01
3382,180.025,165.147,1.35E-02,1.03E+01,1.80E+00,2.45E+01
3383,172.503,165.242,4.05E-02,1.09E+01,2.25E+00,2.29E+01
3384,164.978,165.196,6.93E-02,1.16E+01,2.79E+00,2.23E+01
3385,157.472,165.102,9.60E-02,1.27E+01,2.87E+00,2.26E+01
3386,172.501,172.595,2.45E-02,1.01E+01,2.11E+00,2.20E+01
3387,172.499,179.999,8.27E-03,1.01E+01,1.59E+00,2.22E+01
3388,180.009,172.56,8.46E-03,1.01E+01,1.59E+00,2.22E+01
3389,179.999,179.999,2.81E-03,1.00E+01,1.18E+00,1.95E+01
3390,157.489,172.542,5.43E-02,1.17E+01,2.04E+00,2.42E+01
3391,164.991,172.58,4.03E-02,1.10E+01,2.22E+00,2.30E+01
3392,157.498,180,1.71E-02,1.01E+01,1.98E+00,2.66E+01
3393,164.999,180,1.31E-02,1.03E+01,1.81E+00,2.46E+01
3394,172.491,144.397,7.62E-02,1.18E+01,1.81E+00,2.60E+01
3395,172.5,151.12,6.58E-02,1.19E+01,1.88E+00,2.51E+01
3396,172.508,158.148,5.40E-02,1.16E+01,2.06E+00,2.40E+01
3397,180.002,150.92,2.09E-02,9.56E+00,2.08E+00,2.79E+01
3398,179.952,144.202,2.41E-02,8.76E+00,2.28E+00,2.90E+01
3399,180.044,157.95,1.74E-02,1.01E+01,1.93E+00,2.64E+01
3400,157.496,150.823,1.68E-01,1.47E+01,3.02E+00,2.17E+01
3401,164.998,151.027,1.18E-01,1.33E+01,2.77E+00,2.32E+01
3402,157.549,144.124,1.98E-01,1.51E+01,3.21E+00,2.25E+01
3403,165.021,144.325,1.38E-01,1.36E+01,2.76E+00,2.40E+01
3404,157.45,157.873,1.34E-01,1.38E+01,3.10E+00,2.17E+01
3405,164.977,158.075,9.50E-02,1.26E+01,2.87E+00,2.25E+01
3406,179.997,118.725,3.30E-02,4.92E+00,2.68E+00,3.09E+01
3407,172.502,118.707,1.10E-01,9.63E+00,1.75E+00,2.69E+01
3408,165.005,118.715,2.06E-01,1.30E+01,2.90E+00,2.44E+01
3409,157.503,118.729,3.06E-01,1.55E+01,4.23E+00,2.27E+01
3410,172.502,124.981,1.02E-01,1.03E+01,1.78E+00,2.69E+01
3411,172.499,131.343,9.44E-02,1.09E+01,1.82E+00,2.68E+01
3412,180,124.988,3.10E-02,5.87E+00,2.60E+00,3.07E+01
3413,179.99,131.309,2.89E-02,6.85E+00,2.54E+00,3.03E+01
3414,165.002,124.982,1.91E-01,1.33E+01,2.93E+00,2.45E+01
3415,165.008,131.327,1.74E-01,1.36E+01,2.94E+00,2.46E+01
3416,157.501,124.988,2.82E-01,1.56E+01,4.10E+00,2.29E+01
3417,157.509,131.288,2.55E-01,1.56E+01,3.92E+00,2.30E+01
3418,172.507,99.6399,1.27E-01,7.28E+00,1.67E+00,2.63E+01
3419,172.501,106.061,1.22E-01,8.11E+00,1.70E+00,2.66E+01
3420,172.498,112.39,1.16E-01,8.90E+00,1.73E+00,2.68E+01
3421,179.993,106.113,3.62E-02,3.63E+00,2.79E+00,3.09E+01
3422,180.007,99.6889,3.73E-02,3.50E+00,2.78E+00,3.07E+01
3423,179.994,112.428,3.47E-02,4.10E+00,2.75E+00,3.09E+01
3424,157.511,106.129,3.49E-01,1.49E+01,4.36E+00,2.19E+01
3425,165.003,106.076,2.32E-01,1.19E+01,2.83E+00,2.38E+01
3426,157.501,99.698,3.69E-01,1.44E+01,4.42E+00,2.14E+01
3427,165.003,99.6508,2.43E-01,1.13E+01,2.82E+00,2.34E+01
3428,157.508,112.437,3.29E-01,1.53E+01,4.31E+00,2.23E+01
3429,165.005,112.401,2.19E-01,1.25E+01,2.87E+00,2.41E+01
3430,180.004,46.6659,4.32E-02,5.14E+00,1.73E+00,2.82E+01
3431,172.506,46.6653,1.51E-01,2.59E+00,1.77E+00,2.31E+01
3432,165.008,46.6647,2.98E-01,5.40E+00,3.62E+00,1.96E+01
3433,157.509,46.6641,4.67E-01,8.70E+00,5.32E+00,1.72E+01
3434,180.003,73.3322,4.12E-02,3.59E+00,2.35E+00,2.97E+01
3435,172.505,73.3313,1.42E-01,3.97E+00,1.55E+00,2.48E+01
3436,165.006,73.3304,2.77E-01,8.26E+00,3.01E+00,2.15E+01
3437,157.506,73.3296,4.29E-01,1.16E+01,4.75E+00,1.93E+01
3438,172.505,79.9978,1.39E-01,4.77E+00,1.57E+00,2.52E+01
3439,172.506,86.6071,1.35E-01,5.60E+00,1.60E+00,2.56E+01
3440,180.003,79.9988,4.04E-02,3.55E+00,2.49E+00,3.00E+01
3441,180.009,86.6245,3.95E-02,3.52E+00,2.61E+00,3.03E+01
3442,165.006,79.9968,2.70E-01,9.03E+00,2.91E+00,2.20E+01
3443,165.003,86.6087,2.62E-01,9.79E+00,2.85E+00,2.25E+01
3444,157.505,79.996,4.16E-01,1.23E+01,4.65E+00,1.98E+01
3445,157.499,86.6245,4.02E-01,1.30E+01,4.56E+00,2.04E+01
3446,172.506,53.3318,1.49E-01,2.62E+00,1.65E+00,2.35E+01
3447,172.506,59.9983,1.47E-01,2.78E+00,1.58E+00,2.40E+01
3448,172.506,66.6648,1.45E-01,3.25E+00,1.55E+00,2.44E+01
3449,180.004,59.9991,4.24E-02,3.95E+00,2.01E+00,2.90E+01
3450,180.004,53.3325,4.28E-02,4.50E+00,1.85E+00,2.86E+01
3451,180.004,66.6656,4.18E-02,3.67E+00,2.18E+00,2.94E+01
3452,157.507,59.9968,4.51E-01,1.01E+01,5.00E+00,1.82E+01
3453,165.007,59.9975,2.89E-01,6.76E+00,3.26E+00,2.06E+01
3454,157.508,53.3305,4.59E-01,9.38E+00,5.15E+00,1.77E+01
3455,165.007,53.3311,2.94E-01,6.06E+00,3.43E+00,2.01E+01
3456,157.507,66.6632,4.41E-01,1.08E+01,4.86E+00,1.88E+01
3457,165.007,66.6639,2.83E-01,7.50E+00,3.12E+00,2.10E+01
3458,180.004,26.6661,4.39E-02,6.84E+00,1.54E+00,2.69E+01
3459,172.507,26.6658,1.54E-01,2.56E+00,2.44E+00,2.17E+01
3460,165.008,26.6653,3.06E-01,3.62E+00,4.31E+00,1.81E+01
3461,157.51,26.665,4.83E-01,6.85E+00,5.93E+00,1.57E+01
3462,172.506,33.3323,1.53E-01,2.57E+00,2.18E+00,2.22E+01
3463,172.506,39.9988,1.52E-01,2.58E+00,1.95E+00,2.26E+01
3464,180.004,33.3327,4.37E-02,6.32E+00,1.58E+00,2.73E+01
3465,180.004,39.9993,4.35E-02,5.75E+00,1.65E+00,2.78E+01
3466,165.008,33.3318,3.04E-01,4.17E+00,4.06E+00,1.86E+01
3467,165.008,39.9982,3.01E-01,4.76E+00,3.83E+00,1.91E+01
3468,157.509,33.3314,4.79E-01,7.43E+00,5.71E+00,1.62E+01
3469,157.509,39.9977,4.74E-01,8.05E+00,5.51E+00,1.67E+01
3470,172.507,6.66621,1.54E-01,2.55E+00,3.37E+00,2.01E+01
3471,172.507,13.3327,1.54E-01,2.55E+00,3.04E+00,2.06E+01
3472,172.507,19.9992,1.54E-01,2.56E+00,2.73E+00,2.12E+01
3473,180.004,13.333,4.39E-02,7.74E+00,1.46E+00,2.59E+01
3474,180.004,6.66638,4.38E-02,8.12E+00,1.44E+00,2.53E+01
3475,180.004,19.9996,4.40E-02,7.32E+00,1.50E+00,2.64E+01
3476,157.51,13.3322,4.89E-01,5.81E+00,6.41E+00,1.47E+01
3477,165.009,13.3325,3.08E-01,2.65E+00,4.86E+00,1.71E+01
3478,157.51,6.66586,4.90E-01,5.35E+00,6.66E+00,1.42E+01
3479,165.009,6.666,3.08E-01,2.24E+00,5.16E+00,1.65E+01
3480,157.51,19.9986,4.87E-01,6.31E+00,6.16E+00,1.52E+01
3481,165.009,19.9989,3.07E-01,3.12E+00,4.58E+00,1.76E+01
3482,180.016,-93.2292,3.20E-02,8.48E+00,9.48E+00,1.33E+01
3483,172.508,-93.1967,1.13E-01,3.37E+00,1.09E+01,8.73E+00
3484,165,-93.1959,2.27E-01,1.51E+00,1.20E+01,5.83E+00
3485,157.491,-93.2267,3.65E-01,2.53E+00,1.28E+01,4.33E+00
3486,180.003,-46.6663,3.98E-02,9.47E+00,4.89E+00,1.97E+01
3487,172.506,-46.6659,1.41E-01,3.77E+00,6.79E+00,1.47E+01
3488,165.008,-46.6656,2.83E-01,1.65E+00,8.20E+00,1.13E+01
3489,157.509,-46.6653,4.55E-01,3.01E+00,9.29E+00,9.22E+00
3490,180.004,-20,4.25E-02,9.15E+00,2.75E+00,2.28E+01
3491,172.506,-19.9998,1.50E-01,3.23E+00,4.90E+00,1.76E+01
3492,165.009,-19.9998,3.01E-01,1.72E+00,6.51E+00,1.41E+01
3493,157.51,-19.9997,4.82E-01,3.91E+00,7.82E+00,1.18E+01
3494,172.507,-13.3334,1.52E-01,3.02E+00,4.49E+00,1.82E+01
3495,172.507,-6.6668,1.53E-01,2.77E+00,4.10E+00,1.89E+01
3496,180.004,-13.3333,4.30E-02,8.96E+00,2.28E+00,2.34E+01
3497,180.004,-6.66677,4.34E-02,8.73E+00,1.84E+00,2.41E+01
3498,165.009,-13.3334,3.04E-01,1.74E+00,6.15E+00,1.47E+01
3499,165.009,-6.66688,3.06E-01,1.78E+00,5.80E+00,1.54E+01
3500,157.51,-13.3333,4.86E-01,4.21E+00,7.51E+00,1.24E+01
3501,157.51,-6.66691,4.89E-01,4.55E+00,7.22E+00,1.30E+01
3502,172.506,-39.9994,1.43E-01,3.68E+00,6.28E+00,1.54E+01
3503,172.506,-33.3329,1.46E-01,3.57E+00,5.79E+00,1.61E+01
3504,172.506,-26.6663,1.48E-01,3.42E+00,5.33E+00,1.69E+01
3505,180.004,-33.3332,4.13E-02,9.39E+00,3.77E+00,2.13E+01
3506,180.004,-39.9997,4.06E-02,9.45E+00,4.32E+00,2.05E+01
3507,180.004,-26.6665,4.20E-02,9.29E+00,3.25E+00,2.20E+01
3508,157.51,-33.3325,4.71E-01,3.41E+00,8.51E+00,1.05E+01
3509,165.008,-33.3328,2.94E-01,1.69E+00,7.31E+00,1.27E+01
3510,157.509,-39.9989,4.63E-01,3.19E+00,8.88E+00,9.89E+00
3511,165.008,-39.9991,2.89E-01,1.67E+00,7.74E+00,1.20E+01
3512,157.51,-26.666,4.77E-01,3.64E+00,8.15E+00,1.12E+01
3513,165.008,-26.6662,2.98E-01,1.70E+00,6.90E+00,1.34E+01
3514,180.003,-66.6661,3.69E-02,9.33E+00,6.74E+00,1.72E+01
3515,172.505,-66.6654,1.30E-01,3.85E+00,8.48E+00,1.23E+01
3516,165.006,-66.6649,2.63E-01,1.60E+00,9.75E+00,9.07E+00
3517,157.508,-66.6644,4.22E-01,2.61E+00,1.07E+01,7.18E+00
3518,172.505,-59.9989,1.34E-01,3.85E+00,7.89E+00,1.31E+01
3519,172.506,-53.3325,1.37E-01,3.83E+00,7.33E+00,1.39E+01
3520,180.003,-59.9995,3.80E-02,9.42E+00,6.10E+00,1.81E+01
3521,180.003,-53.3329,3.89E-02,9.46E+00,5.48E+00,1.89E+01
3522,165.007,-59.9984,2.70E-01,1.62E+00,9.21E+00,9.83E+00
3523,165.007,-53.3321,2.77E-01,1.64E+00,8.69E+00,1.06E+01
3524,157.508,-59.998,4.34E-01,2.71E+00,1.02E+01,7.87E+00
3525,157.509,-53.3317,4.45E-01,2.85E+00,9.73E+00,8.55E+00
3526,172.506,-86.6119,1.18E-01,3.56E+00,1.03E+01,9.64E+00
3527,172.504,-79.9984,1.22E-01,3.72E+00,9.70E+00,1.06E+01
3528,172.505,-73.3319,1.26E-01,3.80E+00,9.08E+00,1.14E+01
3529,180.003,-79.9992,3.47E-02,9.02E+00,8.09E+00,1.53E+01
3530,180.008,-86.6281,3.34E-02,8.77E+00,8.78E+00,1.43E+01
3531,180.003,-73.3327,3.59E-02,9.21E+00,7.41E+00,1.63E+01
3532,157.506,-79.9971,3.96E-01,2.50E+00,1.17E+01,5.77E+00
3533,165.005,-79.9977,2.46E-01,1.57E+00,1.09E+01,7.48E+00
3534,157.5,-86.6258,3.81E-01,2.49E+00,1.23E+01,5.05E+00
3535,165.003,-86.6112,2.37E-01,1.54E+00,1.14E+01,6.66E+00
3536,157.507,-73.3308,4.10E-01,2.54E+00,1.12E+01,6.48E+00
3537,165.006,-73.3313,2.55E-01,1.59E+00,1.03E+01,8.29E+00
3538,179.977,-137.601,1.83E-02,4.06E+00,1.36E+01,4.99E+00
3539,172.491,-137.67,6.45E-02,1.73E+00,1.38E+01,2.74E+00
3540,165.01,-137.669,1.31E-01,2.62E+00,1.40E+01,2.66E+00
3541,157.523,-137.598,2.15E-01,3.96E+00,1.41E+01,3.11E+00
3542,179.994,-112.455,2.74E-02,7.14E+00,1.15E+01,9.97E+00
3543,172.499,-112.433,9.58E-02,2.53E+00,1.26E+01,5.82E+00
3544,165.007,-112.432,1.93E-01,1.49E+00,1.34E+01,3.48E+00
3545,157.511,-112.452,3.11E-01,2.87E+00,1.40E+01,2.57E+00
3546,172.499,-106.087,1.02E-01,2.86E+00,1.21E+01,6.80E+00
3547,172.504,-99.6688,1.08E-01,3.14E+00,1.15E+01,7.79E+00
3548,179.991,-106.131,2.91E-02,7.68E+00,1.09E+01,1.11E+01
3549,180.003,-99.7088,3.06E-02,8.13E+00,1.02E+01,1.22E+01
3550,165.008,-106.086,2.05E-01,1.48E+00,1.30E+01,4.22E+00
3551,165.004,-99.668,2.16E-01,1.50E+00,1.25E+01,5.01E+00
3552,157.515,-106.128,3.30E-01,2.72E+00,1.37E+01,3.04E+00
3553,157.503,-99.7062,3.48E-01,2.60E+00,1.33E+01,3.65E+00
3554,172.497,-131.319,7.35E-02,1.85E+00,1.37E+01,3.25E+00
3555,172.501,-124.998,8.17E-02,2.00E+00,1.34E+01,3.99E+00
3556,172.501,-118.724,8.91E-02,2.23E+00,1.31E+01,4.87E+00
3557,180.001,-124.999,2.33E-02,5.79E+00,1.27E+01,7.57E+00
3558,179.992,-131.291,2.09E-02,4.98E+00,1.32E+01,6.28E+00
3559,179.999,-118.735,2.54E-02,6.51E+00,1.21E+01,8.80E+00
3560,157.501,-124.996,2.67E-01,3.33E+00,1.43E+01,2.33E+00
3561,165.001,-124.997,1.65E-01,1.83E+00,1.40E+01,2.49E+00
3562,157.509,-131.288,2.42E-01,3.63E+00,1.43E+01,2.63E+00
3563,165.005,-131.318,1.49E-01,2.19E+00,1.41E+01,2.42E+00
3564,157.505,-118.732,2.90E-01,3.08E+00,1.42E+01,2.31E+00
3565,165.003,-118.723,1.80E-01,1.59E+00,1.37E+01,2.87E+00
3566,180.039,-157.789,7.91E-03,1.59E+00,1.40E+01,2.29E+00
3567,172.511,-157.891,3.05E-02,2.04E+00,1.30E+01,2.85E+00
3568,164.987,-157.89,6.66E-02,3.80E+00,1.25E+01,4.05E+00
3569,157.458,-157.788,1.15E-01,4.78E+00,1.23E+01,4.63E+00
3570,172.504,-150.95,4.29E-02,1.73E+00,1.36E+01,2.63E+00
3571,172.491,-144.22,5.43E-02,1.63E+00,1.38E+01,2.52E+00
3572,180.007,-150.804,1.17E-02,2.15E+00,1.41E+01,2.94E+00
3573,179.963,-144.082,1.53E-02,3.03E+00,1.39E+01,3.84E+00
3574,164.994,-150.949,9.01E-02,3.53E+00,1.32E+01,3.68E+00
3575,165.008,-144.219,1.12E-01,3.08E+00,1.37E+01,3.15E+00
3576,157.492,-150.802,1.52E-01,4.59E+00,1.29E+01,4.24E+00
3577,157.536,-144.08,1.85E-01,4.28E+00,1.36E+01,3.69E+00
3578,172.499,-179.999,1.26E-03,1.01E+00,1.30E+01,1.47E+00
3579,172.498,-172.498,7.32E-03,1.51E+00,1.20E+01,2.13E+00
3580,172.505,-165.14,1.80E-02,2.10E+00,1.24E+01,2.77E+00
3581,179.999,-172.499,1.21E-03,9.91E-01,1.32E+01,1.44E+00
3582,179.999,-179.999,-2.63E-05,8.48E-01,1.26E+01,1.06E+00
3583,180.013,-165.082,4.18E-03,1.26E+00,1.37E+01,1.87E+00
3584,157.498,-172.499,3.88E-02,3.43E+00,1.17E+01,4.06E+00
3585,164.998,-172.498,1.97E-02,2.53E+00,1.18E+01,3.17E+00
3586,157.499,-180,1.04E-02,2.44E+00,1.22E+01,3.16E+00
3587,164.999,-179.999,4.66E-03,1.46E+00,1.31E+01,2.12E+00
3588,157.484,-165.081,7.60E-02,4.55E+00,1.19E+01,4.72E+00
3589,164.991,-165.14,4.20E-02,3.62E+00,1.18E+01,4.00E+00
