NodeID,Y,Z,Displacement,Stress_L1,Stress_L2,Stress_L4
2,99.9953,-99.9953,7.58E-01,2.29E+01,9.95E+00,3.55E+01
3,99.9966,-93.3274,8.51E-01,2.35E+01,1.04E+01,3.58E+01
4,99.9982,-86.6601,9.36E-01,2.37E+01,1.09E+01,3.58E+01
5,100,-79.993,1.01E+00,2.35E+01,1.13E+01,3.53E+01
6,100.002,-73.3264,1.08E+00,2.28E+01,1.17E+01,3.44E+01
7,100.005,-66.6602,1.15E+00,2.18E+01,1.22E+01,3.31E+01
8,100.007,-59.994,1.21E+00,2.07E+01,1.27E+01,3.16E+01
9,100.01,-53.3281,1.26E+00,1.96E+01,1.32E+01,3.00E+01
10,100.012,-46.6623,1.30E+00,1.86E+01,1.37E+01,2.81E+01
11,100.014,-39.9964,1.34E+00,1.79E+01,1.42E+01,2.62E+01
12,100.016,-33.3304,1.38E+00,1.74E+01,1.47E+01,2.42E+01
13,100.017,-26.6646,1.40E+00,1.71E+01,1.52E+01,2.20E+01
14,100.018,-19.9985,1.42E+00,1.70E+01,1.57E+01,1.98E+01
15,100.019,-13.3325,1.43E+00,1.70E+01,1.61E+01,1.76E+01
16,100.019,-6.66652,1.43E+00,1.71E+01,1.67E+01,1.54E+01
17,100.019,-0.000554728,1.43E+00,1.73E+01,1.72E+01,1.33E+01
18,100.018,6.66536,1.41E+00,1.74E+01,1.79E+01,1.13E+01
19,100.017,13.3312,1.39E+00,1.75E+01,1.87E+01,9.45E+00
20,100.016,19.997,1.37E+00,1.76E+01,1.97E+01,7.69E+00
21,100.014,26.6628,1.34E+00,1.76E+01,2.08E+01,6.10E+00
22,100.012,33.3285,1.30E+00,1.77E+01,2.20E+01,4.77E+00
23,100.01,39.9942,1.26E+00,1.77E+01,2.33E+01,3.94E+00
24,100.008,46.6599,1.21E+00,1.77E+01,2.47E+01,3.80E+00
25,100.005,53.3256,1.16E+00,1.77E+01,2.62E+01,4.38E+00
26,100.003,59.9914,1.10E+00,1.77E+01,2.77E+01,5.41E+00
27,100,66.6575,1.04E+00,1.76E+01,2.91E+01,6.60E+00
28,99.9981,73.3237,9.71E-01,1.74E+01,3.03E+01,7.81E+00
29,99.996,79.9902,8.96E-01,1.72E+01,3.11E+01,8.92E+00
30,99.9944,86.6572,8.16E-01,1.69E+01,3.14E+01,9.86E+00
31,99.9931,93.3245,7.29E-01,1.65E+01,3.12E+01,1.06E+01
32,99.9923,99.9923,6.36E-01,1.59E+01,3.06E+01,1.10E+01
33,93.3245,99.993,7.29E-01,1.65E+01,3.13E+01,1.06E+01
34,86.6572,99.9943,8.16E-01,1.69E+01,3.15E+01,9.85E+00
35,79.9902,99.996,8.96E-01,1.72E+01,3.12E+01,8.91E+00
36,73.3236,99.998,9.71E-01,1.74E+01,3.05E+01,7.80E+00
37,66.6574,100,1.04E+00,1.75E+01,2.93E+01,6.60E+00
38,59.9913,100.003,1.10E+00,1.76E+01,2.80E+01,5.40E+00
39,53.3255,100.005,1.16E+00,1.77E+01,2.65E+01,4.38E+00
40,46.6597,100.008,1.21E+00,1.77E+01,2.50E+01,3.81E+00
41,39.994,100.01,1.26E+00,1.76E+01,2.35E+01,3.95E+00
42,33.3283,100.012,1.30E+00,1.76E+01,2.22E+01,4.80E+00
43,26.6626,100.014,1.34E+00,1.75E+01,2.09E+01,6.13E+00
44,19.9969,100.016,1.37E+00,1.74E+01,1.99E+01,7.73E+00
45,13.3311,100.017,1.39E+00,1.73E+01,1.89E+01,9.49E+00
46,6.66522,100.018,1.41E+00,1.72E+01,1.81E+01,1.14E+01
47,-0.000688511,100.019,1.43E+00,1.71E+01,1.74E+01,1.34E+01
48,-6.66666,100.019,1.43E+00,1.70E+01,1.68E+01,1.54E+01
49,-13.3326,100.019,1.43E+00,1.69E+01,1.63E+01,1.76E+01
50,-19.9987,100.019,1.42E+00,1.68E+01,1.58E+01,1.98E+01
51,-26.6647,100.018,1.40E+00,1.69E+01,1.53E+01,2.20E+01
52,-33.3306,100.016,1.38E+00,1.72E+01,1.48E+01,2.41E+01
53,-39.9965,100.014,1.34E+00,1.77E+01,1.43E+01,2.61E+01
54,-46.6624,100.012,1.30E+00,1.85E+01,1.38E+01,2.81E+01
55,-53.3282,100.01,1.26E+00,1.94E+01,1.33E+01,2.99E+01
56,-59.9941,100.007,1.21E+00,2.05E+01,1.27E+01,3.15E+01
57,-66.6602,100.005,1.15E+00,2.17E+01,1.23E+01,3.31E+01
58,-73.3264,100.003,1.09E+00,2.27E+01,1.18E+01,3.43E+01
59,-79.9931,100,1.02E+00,2.34E+01,1.13E+01,3.53E+01
60,-86.6601,99.9982,9.37E-01,2.37E+01,1.09E+01,3.58E+01
61,-93.3274,99.9966,8.52E-01,2.35E+01,1.04E+01,3.58E+01
62,-99.9953,99.9953,7.58E-01,2.29E+01,9.99E+00,3.55E+01
63,-99.9965,93.3274,8.52E-01,2.35E+01,1.04E+01,3.58E+01
64,-99.9982,86.66,9.37E-01,2.37E+01,1.09E+01,3.58E+01
65,-100,79.993,1.02E+00,2.35E+01,1.13E+01,3.54E+01
66,-100.002,73.3264,1.09E+00,2.28E+01,1.18E+01,3.44E+01
67,-100.005,66.6601,1.15E+00,2.18E+01,1.22E+01,3.32E+01
68,-100.007,59.994,1.21E+00,2.07E+01,1.27E+01,3.16E+01
69,-100.01,53.3281,1.26E+00,1.96E+01,1.32E+01,2.99E+01
70,-100.012,46.6623,1.30E+00,1.86E+01,1.37E+01,2.81E+01
71,-100.014,39.9964,1.34E+00,1.78E+01,1.42E+01,2.61E+01
72,-100.016,33.3305,1.38E+00,1.73E+01,1.47E+01,2.41E+01
73,-100.018,26.6645,1.40E+00,1.70E+01,1.52E+01,2.19E+01
74,-100.019,19.9986,1.42E+00,1.70E+01,1.57E+01,1.97E+01
75,-100.019,13.3325,1.43E+00,1.70E+01,1.61E+01,1.75E+01
76,-100.019,6.66654,1.43E+00,1.71E+01,1.66E+01,1.53E+01
77,-100.019,0.000571017,1.43E+00,1.72E+01,1.72E+01,1.33E+01
78,-100.018,-6.66534,1.41E+00,1.74E+01,1.79E+01,1.13E+01
79,-100.017,-13.3312,1.40E+00,1.74E+01,1.88E+01,9.43E+00
80,-100.016,-19.997,1.37E+00,1.75E+01,1.97E+01,7.68E+00
81,-100.014,-26.6627,1.34E+00,1.76E+01,2.08E+01,6.10E+00
82,-100.012,-33.3284,1.30E+00,1.77E+01,2.20E+01,4.79E+00
83,-100.01,-39.9941,1.26E+00,1.77E+01,2.34E+01,3.95E+00
84,-100.008,-46.6598,1.21E+00,1.77E+01,2.49E+01,3.82E+00
85,-100.005,-53.3255,1.16E+00,1.77E+01,2.64E+01,4.39E+00
86,-100.003,-59.9913,1.10E+00,1.77E+01,2.79E+01,5.41E+00
87,-100,-66.6574,1.04E+00,1.76E+01,2.93E+01,6.61E+00
88,-99.9979,-73.3236,9.71E-01,1.74E+01,3.05E+01,7.81E+00
89,-99.9959,-79.9902,8.97E-01,1.72E+01,3.13E+01,8.92E+00
90,-99.9942,-86.6571,8.16E-01,1.69E+01,3.16E+01,9.86E+00
91,-99.993,-93.3244,7.29E-01,1.65E+01,3.13E+01,1.06E+01
92,-99.9922,-99.9922,6.36E-01,1.59E+01,3.07E+01,1.10E+01
93,-93.3244,-99.993,7.29E-01,1.65E+01,3.13E+01,1.06E+01
94,-86.6572,-99.9943,8.16E-01,1.69E+01,3.15E+01,9.86E+00
95,-79.9902,-99.996,8.97E-01,1.72E+01,3.11E+01,8.93E+00
96,-73.3236,-99.9981,9.71E-01,1.74E+01,3.03E+01,7.82E+00
97,-66.6575,-100,1.04E+00,1.76E+01,2.91E+01,6.62E+00
98,-59.9914,-100.003,1.10E+00,1.77E+01,2.77E+01,5.42E+00
99,-53.3256,-100.005,1.16E+00,1.78E+01,2.62E+01,4.39E+00
100,-46.6599,-100.008,1.21E+00,1.78E+01,2.47E+01,3.81E+00
101,-39.9942,-100.01,1.26E+00,1.78E+01,2.32E+01,3.92E+00
102,-33.3285,-100.012,1.30E+00,1.77E+01,2.19E+01,4.75E+00
103,-26.6629,-100.014,1.34E+00,1.77E+01,2.07E+01,6.06E+00
104,-19.9971,-100.016,1.37E+00,1.76E+01,1.96E+01,7.64E+00
105,-13.3313,-100.017,1.39E+00,1.76E+01,1.86E+01,9.38E+00
106,-6.66547,-100.018,1.41E+00,1.75E+01,1.78E+01,1.13E+01
107,0.000441677,-100.019,1.43E+00,1.74E+01,1.71E+01,1.32E+01
108,6.66641,-100.019,1.43E+00,1.73E+01,1.66E+01,1.53E+01
109,13.3324,-100.019,1.43E+00,1.72E+01,1.60E+01,1.75E+01
110,19.9984,-100.019,1.42E+00,1.72E+01,1.56E+01,1.97E+01
111,26.6644,-100.017,1.40E+00,1.73E+01,1.51E+01,2.19E+01
112,33.3304,-100.016,1.38E+00,1.75E+01,1.46E+01,2.41E+01
113,39.9963,-100.014,1.34E+00,1.80E+01,1.41E+01,2.62E+01
114,46.6621,-100.012,1.30E+00,1.88E+01,1.36E+01,2.82E+01
115,53.328,-100.01,1.26E+00,1.98E+01,1.31E+01,3.00E+01
116,59.9939,-100.007,1.21E+00,2.09E+01,1.26E+01,3.17E+01
117,66.66,-100.005,1.15E+00,2.20E+01,1.22E+01,3.32E+01
118,73.3263,-100.002,1.09E+00,2.29E+01,1.17E+01,3.45E+01
119,79.993,-100,1.01E+00,2.36E+01,1.13E+01,3.54E+01
120,86.66,-99.9982,9.37E-01,2.38E+01,1.08E+01,3.58E+01
121,93.3274,-99.9965,8.51E-01,2.35E+01,1.04E+01,3.58E+01
122,-93.3534,0.000624848,1.68E+00,1.88E+01,1.82E+01,1.30E+01
123,-86.6877,0.000669906,1.95E+00,2.04E+01,1.91E+01,1.29E+01
124,-80.0217,0.000701254,2.21E+00,2.20E+01,2.01E+01,1.28E+01
125,-73.3556,0.000712287,2.48E+00,2.38E+01,2.12E+01,1.27E+01
126,-66.6896,0.000691608,2.76E+00,2.59E+01,2.23E+01,1.25E+01
127,-60.0235,0.000625231,3.04E+00,2.85E+01,2.38E+01,1.23E+01
128,-53.3575,0.000487979,3.34E+00,3.16E+01,2.55E+01,1.20E+01
129,-46.6917,0.000248729,3.64E+00,3.58E+01,2.78E+01,1.17E+01
130,-40.0261,-0.000152643,3.96E+00,4.14E+01,3.10E+01,1.16E+01
131,-33.3609,-0.000793335,4.30E+00,4.93E+01,3.56E+01,1.21E+01
132,-26.6964,-0.00182497,4.65E+00,6.12E+01,4.28E+01,1.40E+01
133,-20.0326,-0.00340354,5.04E+00,8.09E+01,5.52E+01,1.82E+01
134,-13.3695,-0.00578858,5.45E+00,1.20E+02,8.12E+01,2.60E+01
135,-6.69922,-0.00724537,5.85E+00,1.91E+02,1.29E+02,5.46E+01
136,0.000338223,-9.62E-05,6.08E+00,2.35E+02,1.59E+02,7.81E+01
137,6.6996,0.00715237,5.85E+00,1.91E+02,1.29E+02,5.45E+01
138,13.3695,0.00580876,5.44E+00,1.20E+02,8.10E+01,2.62E+01
139,20.0325,0.00348379,5.03E+00,8.14E+01,5.52E+01,1.85E+01
140,26.6961,0.00193573,4.65E+00,6.17E+01,4.28E+01,1.42E+01
141,33.3606,0.000916017,4.29E+00,4.97E+01,3.56E+01,1.22E+01
142,40.0258,0.000275649,3.95E+00,4.17E+01,3.10E+01,1.17E+01
143,46.6914,-0.000132561,3.63E+00,3.60E+01,2.79E+01,1.18E+01
144,53.3572,-0.000382081,3.33E+00,3.18E+01,2.56E+01,1.21E+01
145,60.0232,-0.000531862,3.04E+00,2.86E+01,2.38E+01,1.24E+01
146,66.6893,-0.000611513,2.75E+00,2.60E+01,2.24E+01,1.27E+01
147,73.3554,-0.000645578,2.48E+00,2.39E+01,2.12E+01,1.28E+01
148,80.0215,-0.000647605,2.21E+00,2.21E+01,2.01E+01,1.29E+01
149,86.6875,-0.000628643,1.94E+00,2.04E+01,1.91E+01,1.30E+01
150,93.3533,-0.000594436,1.68E+00,1.89E+01,1.82E+01,1.31E+01
151,0.00698562,6.6984,5.85E+00,1.93E+02,1.31E+02,5.45E+01
152,0.00544516,13.3687,5.44E+00,1.22E+02,8.38E+01,2.59E+01
153,0.00322565,20.0322,5.03E+00,8.10E+01,5.65E+01,1.82E+01
154,0.00164282,26.6961,4.65E+00,6.09E+01,4.35E+01,1.42E+01
155,0.000601367,33.3607,4.29E+00,4.89E+01,3.61E+01,1.24E+01
156,-4.53E-05,40.0259,3.96E+00,4.10E+01,3.14E+01,1.20E+01
157,-0.00044884,46.6915,3.64E+00,3.54E+01,2.81E+01,1.21E+01
158,-0.000685758,53.3573,3.33E+00,3.14E+01,2.58E+01,1.23E+01
159,-0.000817803,60.0233,3.04E+00,2.82E+01,2.40E+01,1.26E+01
160,-0.000876407,66.6894,2.76E+00,2.57E+01,2.25E+01,1.28E+01
161,-0.000887337,73.3555,2.48E+00,2.36E+01,2.13E+01,1.29E+01
162,-0.000864861,80.0216,2.21E+00,2.19E+01,2.02E+01,1.30E+01
163,-0.000820161,86.6875,1.94E+00,2.02E+01,1.93E+01,1.30E+01
164,-0.00076199,93.3534,1.68E+00,1.87E+01,1.83E+01,1.31E+01
165,-53.3584,6.66698,3.35E+00,3.02E+01,2.55E+01,1.71E+01
166,-53.3571,13.3337,3.33E+00,2.83E+01,2.56E+01,2.38E+01
167,-53.3539,20.0003,3.27E+00,2.71E+01,2.52E+01,3.12E+01
168,-53.3492,26.6663,3.18E+00,2.73E+01,2.43E+01,3.82E+01
169,-53.3439,33.332,3.06E+00,2.90E+01,2.29E+01,4.40E+01
170,-53.3388,39.9978,2.92E+00,3.13E+01,2.15E+01,4.81E+01
171,-53.3345,46.6641,2.77E+00,3.28E+01,2.02E+01,5.00E+01
172,-53.3314,53.3313,2.61E+00,3.28E+01,1.92E+01,4.94E+01
173,-53.3294,59.9993,2.43E+00,3.11E+01,1.83E+01,4.68E+01
174,-53.3283,66.6679,2.25E+00,2.87E+01,1.76E+01,4.32E+01
175,-53.3278,73.3366,2.06E+00,2.62E+01,1.68E+01,3.96E+01
176,-53.3276,80.0053,1.87E+00,2.40E+01,1.61E+01,3.64E+01
177,-53.3277,86.6738,1.67E+00,2.22E+01,1.52E+01,3.37E+01
178,-53.3279,93.342,1.47E+00,2.07E+01,1.43E+01,3.15E+01
179,-60.003,46.6628,2.57E+00,3.00E+01,1.93E+01,4.56E+01
180,-66.6718,46.6621,2.37E+00,2.70E+01,1.85E+01,4.12E+01
181,-73.3403,46.6618,2.17E+00,2.45E+01,1.76E+01,3.73E+01
182,-80.0088,46.6617,1.96E+00,2.26E+01,1.67E+01,3.41E+01
183,-86.6769,46.6618,1.74E+00,2.10E+01,1.58E+01,3.15E+01
184,-93.3447,46.662,1.52E+00,1.97E+01,1.48E+01,2.95E+01
185,-73.3442,39.9961,2.26E+00,2.29E+01,1.85E+01,3.43E+01
186,-73.348,33.3305,2.34E+00,2.17E+01,1.93E+01,3.09E+01
187,-73.3514,26.6648,2.41E+00,2.13E+01,1.99E+01,2.72E+01
188,-73.354,19.9988,2.45E+00,2.16E+01,2.03E+01,2.33E+01
189,-73.3557,13.3328,2.48E+00,2.23E+01,2.06E+01,1.94E+01
190,-73.3562,6.66668,2.49E+00,2.31E+01,2.08E+01,1.58E+01
191,-66.6843,26.6651,2.66E+00,2.28E+01,2.12E+01,2.98E+01
192,-60.0169,26.6656,2.92E+00,2.47E+01,2.27E+01,3.33E+01
193,-66.6804,33.3308,2.58E+00,2.35E+01,2.04E+01,3.42E+01
194,-66.676,39.9964,2.48E+00,2.51E+01,1.95E+01,3.80E+01
195,-60.0123,33.3313,2.82E+00,2.58E+01,2.17E+01,3.85E+01
196,-60.0075,39.9969,2.71E+00,2.79E+01,2.05E+01,4.26E+01
197,-66.6896,13.333,2.76E+00,2.39E+01,2.20E+01,2.04E+01
198,-60.0233,13.3333,3.04E+00,2.59E+01,2.36E+01,2.18E+01
199,-66.6875,19.9991,2.72E+00,2.30E+01,2.17E+01,2.51E+01
200,-60.0208,19.9996,2.99E+00,2.48E+01,2.33E+01,2.76E+01
201,-66.6903,6.66675,2.77E+00,2.50E+01,2.21E+01,1.61E+01
202,-60.0243,6.66685,3.06E+00,2.73E+01,2.36E+01,1.65E+01
203,-93.3514,26.6645,1.65E+00,1.81E+01,1.63E+01,2.26E+01
204,-86.685,26.6645,1.90E+00,1.91E+01,1.75E+01,2.37E+01
205,-80.0183,26.6646,2.15E+00,2.01E+01,1.86E+01,2.52E+01
206,-86.6827,33.3303,1.86E+00,1.93E+01,1.70E+01,2.65E+01
207,-86.68,39.9961,1.80E+00,2.00E+01,1.64E+01,2.91E+01
208,-93.3495,33.3304,1.62E+00,1.83E+01,1.58E+01,2.51E+01
209,-93.3472,39.9962,1.57E+00,1.89E+01,1.53E+01,2.74E+01
210,-80.0155,33.3304,2.10E+00,2.04E+01,1.81E+01,2.84E+01
211,-80.0123,39.9961,2.03E+00,2.12E+01,1.75E+01,3.14E+01
212,-93.3536,13.3325,1.69E+00,1.83E+01,1.72E+01,1.77E+01
213,-86.6878,13.3326,1.95E+00,1.96E+01,1.82E+01,1.81E+01
214,-80.0218,13.3326,2.21E+00,2.09E+01,1.94E+01,1.87E+01
215,-86.6868,19.9986,1.93E+00,1.92E+01,1.79E+01,2.09E+01
216,-93.3528,19.9985,1.67E+00,1.81E+01,1.68E+01,2.02E+01
217,-80.0205,19.9987,2.19E+00,2.04E+01,1.91E+01,2.19E+01
218,-86.6881,6.66659,1.95E+00,2.00E+01,1.86E+01,1.54E+01
219,-93.3538,6.66656,1.69E+00,1.86E+01,1.76E+01,1.53E+01
220,-80.0222,6.66663,2.22E+00,2.15E+01,1.97E+01,1.56E+01
221,-59.9941,73.3332,1.95E+00,2.76E+01,1.60E+01,4.12E+01
222,-66.661,73.3305,1.82E+00,2.84E+01,1.52E+01,4.18E+01
223,-73.3285,73.3285,1.69E+00,2.82E+01,1.45E+01,4.13E+01
224,-79.9966,73.3272,1.55E+00,2.72E+01,1.39E+01,3.99E+01
225,-86.6651,73.3265,1.41E+00,2.58E+01,1.32E+01,3.80E+01
226,-93.3337,73.3263,1.25E+00,2.43E+01,1.25E+01,3.61E+01
227,-73.3304,66.6609,1.83E+00,2.84E+01,1.52E+01,4.18E+01
228,-73.3332,59.994,1.95E+00,2.78E+01,1.60E+01,4.13E+01
229,-73.3365,53.3277,2.06E+00,2.63E+01,1.68E+01,3.97E+01
230,-66.6648,59.9949,2.12E+00,2.98E+01,1.67E+01,4.41E+01
231,-59.9967,59.9966,2.28E+00,3.11E+01,1.74E+01,4.62E+01
232,-66.6625,66.6624,1.98E+00,2.96E+01,1.59E+01,4.35E+01
233,-59.995,66.6647,2.12E+00,2.97E+01,1.67E+01,4.41E+01
234,-66.6679,53.3282,2.25E+00,2.88E+01,1.75E+01,4.33E+01
235,-59.9994,53.3293,2.43E+00,3.12E+01,1.83E+01,4.68E+01
236,-93.3391,59.9937,1.40E+00,2.21E+01,1.36E+01,3.34E+01
237,-86.6706,59.9935,1.59E+00,2.37E+01,1.45E+01,3.56E+01
238,-80.0019,59.9936,1.77E+00,2.57E+01,1.53E+01,3.83E+01
239,-86.6677,66.6598,1.50E+00,2.50E+01,1.38E+01,3.71E+01
240,-93.3363,66.6598,1.33E+00,2.33E+01,1.31E+01,3.50E+01
241,-79.999,66.6601,1.67E+00,2.68E+01,1.45E+01,3.95E+01
242,-86.6738,53.3276,1.67E+00,2.23E+01,1.51E+01,3.37E+01
243,-93.3419,53.3278,1.47E+00,2.08E+01,1.42E+01,3.16E+01
244,-80.0052,53.3275,1.87E+00,2.41E+01,1.60E+01,3.64E+01
245,-73.3263,93.3338,1.25E+00,2.41E+01,1.26E+01,3.60E+01
246,-73.3265,86.6651,1.41E+00,2.57E+01,1.32E+01,3.80E+01
247,-73.3272,79.9966,1.55E+00,2.71E+01,1.39E+01,3.98E+01
248,-66.6599,86.6677,1.50E+00,2.49E+01,1.39E+01,3.70E+01
249,-59.9936,86.6706,1.59E+00,2.36E+01,1.45E+01,3.56E+01
250,-66.66,93.3364,1.33E+00,2.32E+01,1.31E+01,3.49E+01
251,-59.9938,93.3392,1.40E+00,2.20E+01,1.37E+01,3.33E+01
252,-66.6602,79.999,1.67E+00,2.67E+01,1.46E+01,3.95E+01
253,-59.9937,80.0019,1.77E+00,2.55E+01,1.53E+01,3.82E+01
254,-93.3296,86.6605,1.07E+00,2.48E+01,1.15E+01,3.69E+01
255,-86.6615,86.6615,1.19E+00,2.56E+01,1.21E+01,3.78E+01
256,-79.9938,86.663,1.30E+00,2.59E+01,1.26E+01,3.82E+01
257,-86.6605,93.3297,1.07E+00,2.47E+01,1.15E+01,3.68E+01
258,-93.3283,93.3283,9.64E-01,2.43E+01,1.10E+01,3.65E+01
259,-79.9932,93.3316,1.16E+00,2.47E+01,1.20E+01,3.67E+01
260,-86.663,79.9937,1.30E+00,2.60E+01,1.26E+01,3.82E+01
261,-93.3315,79.9931,1.16E+00,2.48E+01,1.20E+01,3.68E+01
262,-79.9949,79.9948,1.43E+00,2.69E+01,1.32E+01,3.93E+01
263,-6.66737,46.6925,3.66E+00,3.35E+01,2.82E+01,1.86E+01
264,-13.3346,46.6908,3.63E+00,3.11E+01,2.84E+01,2.74E+01
265,-20.0015,46.6867,3.55E+00,2.98E+01,2.77E+01,3.67E+01
266,-26.6677,46.6812,3.44E+00,3.05E+01,2.62E+01,4.49E+01
267,-33.3334,46.6754,3.30E+00,3.26E+01,2.44E+01,5.08E+01
268,-39.9996,46.6703,3.14E+00,3.46E+01,2.27E+01,5.36E+01
269,-46.6667,46.6665,2.96E+00,3.47E+01,2.13E+01,5.31E+01
270,-26.6693,40.0129,3.70E+00,3.49E+01,2.83E+01,5.33E+01
271,-26.672,33.3445,3.96E+00,3.99E+01,3.08E+01,6.25E+01
272,-26.6765,26.6763,4.20E+00,4.37E+01,3.44E+01,6.88E+01
273,-26.6836,20.0085,4.42E+00,4.57E+01,3.91E+01,6.60E+01
274,-26.6918,13.3398,4.59E+00,4.89E+01,4.32E+01,5.04E+01
275,-26.6972,6.66899,4.67E+00,5.57E+01,4.43E+01,2.77E+01
276,-20.0087,26.6834,4.42E+00,4.54E+01,3.93E+01,6.61E+01
277,-13.3399,26.6916,4.58E+00,4.86E+01,4.37E+01,5.08E+01
278,-6.66915,26.6969,4.67E+00,5.54E+01,4.49E+01,2.84E+01
279,-13.3372,33.3583,4.26E+00,4.09E+01,3.65E+01,3.97E+01
280,-13.3356,40.0246,3.94E+00,3.53E+01,3.18E+01,3.22E+01
281,-20.0051,33.3516,4.13E+00,3.91E+01,3.42E+01,5.44E+01
282,-20.0029,40.0193,3.84E+00,3.38E+01,3.05E+01,4.42E+01
283,-6.66817,33.3618,4.31E+00,4.53E+01,3.68E+01,2.33E+01
284,-6.66767,40.027,3.98E+00,3.84E+01,3.17E+01,2.04E+01
285,-13.3655,6.67626,5.43E+00,1.00E+02,8.46E+01,3.75E+01
286,-13.3536,13.3534,5.22E+00,7.46E+01,7.16E+01,6.44E+01
287,-13.3447,20.024,4.91E+00,5.90E+01,5.52E+01,6.35E+01
288,-20.0241,13.3446,4.92E+00,5.90E+01,5.47E+01,6.34E+01
289,-20.0324,6.67117,5.05E+00,7.11E+01,5.83E+01,3.53E+01
290,-20.0149,20.0147,4.69E+00,5.15E+01,4.67E+01,7.29E+01
291,-6.67644,13.365,5.42E+00,1.01E+02,8.63E+01,3.76E+01
292,-6.68802,6.68748,5.75E+00,1.53E+02,1.20E+02,3.55E+01
293,-6.6713,20.032,5.04E+00,7.13E+01,5.93E+01,3.57E+01
294,-46.6812,26.6674,3.44E+00,3.08E+01,2.60E+01,4.47E+01
295,-40.013,26.6691,3.70E+00,3.53E+01,2.81E+01,5.31E+01
296,-33.3445,26.6718,3.96E+00,4.01E+01,3.07E+01,6.24E+01
297,-40.0069,33.3353,3.53E+00,3.70E+01,2.58E+01,5.79E+01
298,-40.0024,40.0023,3.34E+00,3.70E+01,2.40E+01,5.76E+01
299,-46.6754,33.3333,3.30E+00,3.29E+01,2.43E+01,5.07E+01
300,-46.6704,39.9994,3.14E+00,3.47E+01,2.26E+01,5.36E+01
301,-33.339,33.3388,3.75E+00,3.98E+01,2.79E+01,6.30E+01
302,-33.3355,40.0068,3.53E+00,3.68E+01,2.59E+01,5.79E+01
303,-46.691,13.3344,3.63E+00,3.15E+01,2.81E+01,2.69E+01
304,-40.0247,13.3354,3.94E+00,3.57E+01,3.15E+01,3.16E+01
305,-33.3584,13.3371,4.26E+00,4.13E+01,3.62E+01,3.91E+01
306,-40.0194,20.0027,3.84E+00,3.42E+01,3.03E+01,4.38E+01
307,-46.6868,20.0013,3.55E+00,3.01E+01,2.75E+01,3.64E+01
308,-33.3517,20.0049,4.13E+00,3.95E+01,3.39E+01,5.41E+01
309,-40.0272,6.66747,3.98E+00,3.89E+01,3.14E+01,1.97E+01
310,-46.6927,6.66717,3.66E+00,3.39E+01,2.80E+01,1.81E+01
311,-33.362,6.66799,4.32E+00,4.58E+01,3.64E+01,2.26E+01
312,-26.6647,93.3514,1.65E+00,1.80E+01,1.64E+01,2.27E+01
313,-26.6647,86.685,1.90E+00,1.89E+01,1.76E+01,2.38E+01
314,-26.6648,80.0183,2.15E+00,2.00E+01,1.87E+01,2.53E+01
315,-26.665,73.3514,2.40E+00,2.11E+01,2.00E+01,2.73E+01
316,-26.6653,66.6842,2.66E+00,2.26E+01,2.14E+01,3.00E+01
317,-26.6658,60.0168,2.92E+00,2.45E+01,2.28E+01,3.35E+01
318,-26.6666,53.3492,3.18E+00,2.70E+01,2.44E+01,3.84E+01
319,-19.999,73.354,2.45E+00,2.14E+01,2.04E+01,2.35E+01
320,-13.3329,73.3556,2.48E+00,2.21E+01,2.07E+01,1.96E+01
321,-6.66686,73.3561,2.49E+00,2.29E+01,2.10E+01,1.61E+01
322,-13.3328,80.0217,2.21E+00,2.07E+01,1.95E+01,1.88E+01
323,-13.3327,86.6877,1.95E+00,1.94E+01,1.84E+01,1.82E+01
324,-13.3326,93.3535,1.69E+00,1.82E+01,1.73E+01,1.78E+01
325,-19.9987,86.6867,1.93E+00,1.91E+01,1.80E+01,2.10E+01
326,-19.9988,80.0204,2.19E+00,2.02E+01,1.92E+01,2.21E+01
327,-19.9987,93.3527,1.67E+00,1.80E+01,1.69E+01,2.03E+01
328,-6.66674,86.688,1.95E+00,1.98E+01,1.88E+01,1.55E+01
329,-6.66679,80.022,2.22E+00,2.13E+01,1.98E+01,1.58E+01
330,-6.6667,93.3537,1.69E+00,1.84E+01,1.78E+01,1.54E+01
331,-13.3339,53.357,3.33E+00,2.80E+01,2.58E+01,2.43E+01
332,-13.3334,60.0232,3.04E+00,2.56E+01,2.38E+01,2.22E+01
333,-13.3331,66.6894,2.76E+00,2.37E+01,2.21E+01,2.07E+01
334,-19.9998,60.0207,2.99E+00,2.45E+01,2.35E+01,2.79E+01
335,-20.0005,53.3538,3.27E+00,2.68E+01,2.54E+01,3.15E+01
336,-19.9993,66.6874,2.72E+00,2.28E+01,2.19E+01,2.53E+01
337,-6.66704,60.0241,3.05E+00,2.70E+01,2.38E+01,1.69E+01
338,-6.66718,53.3582,3.35E+00,2.98E+01,2.57E+01,1.76E+01
339,-6.66694,66.6901,2.77E+00,2.48E+01,2.23E+01,1.64E+01
340,-46.662,73.3404,2.17E+00,2.44E+01,1.77E+01,3.72E+01
341,-39.9963,73.3443,2.26E+00,2.27E+01,1.86E+01,3.43E+01
342,-33.3307,73.3481,2.34E+00,2.16E+01,1.94E+01,3.10E+01
343,-39.9962,80.0123,2.03E+00,2.11E+01,1.75E+01,3.14E+01
344,-39.9962,86.68,1.80E+00,1.98E+01,1.65E+01,2.91E+01
345,-39.9963,93.3473,1.57E+00,1.87E+01,1.54E+01,2.74E+01
346,-46.662,86.6769,1.74E+00,2.09E+01,1.58E+01,3.15E+01
347,-46.6619,80.0088,1.95E+00,2.24E+01,1.68E+01,3.40E+01
348,-46.6621,93.3447,1.52E+00,1.96E+01,1.48E+01,2.95E+01
349,-33.3305,86.6827,1.86E+00,1.92E+01,1.71E+01,2.66E+01
350,-33.3305,80.0155,2.10E+00,2.02E+01,1.82E+01,2.85E+01
351,-33.3305,93.3495,1.62E+00,1.82E+01,1.59E+01,2.51E+01
352,-39.998,53.3388,2.92E+00,3.11E+01,2.16E+01,4.81E+01
353,-39.9971,60.0075,2.71E+00,2.77E+01,2.06E+01,4.26E+01
354,-39.9966,66.676,2.48E+00,2.49E+01,1.96E+01,3.80E+01
355,-46.663,60.003,2.57E+00,2.98E+01,1.94E+01,4.55E+01
356,-46.6643,53.3345,2.77E+00,3.27E+01,2.03E+01,4.99E+01
357,-46.6623,66.6717,2.37E+00,2.69E+01,1.86E+01,4.11E+01
358,-33.3315,60.0122,2.82E+00,2.56E+01,2.18E+01,3.85E+01
359,-33.3322,53.3439,3.06E+00,2.87E+01,2.31E+01,4.41E+01
360,-33.331,66.6803,2.58E+00,2.33E+01,2.06E+01,3.43E+01
361,93.3396,46.6591,1.42E+00,1.94E+01,2.62E+01,4.16E+00
362,86.6713,46.6583,1.62E+00,2.10E+01,2.80E+01,4.58E+00
363,80.0025,46.6576,1.82E+00,2.25E+01,3.01E+01,5.02E+00
364,73.3336,46.657,2.01E+00,2.39E+01,3.27E+01,5.47E+00
365,66.6645,46.6566,2.21E+00,2.52E+01,3.57E+01,5.92E+00
366,59.9955,46.6566,2.40E+00,2.65E+01,3.91E+01,6.36E+00
367,53.3267,46.6572,2.58E+00,2.79E+01,4.23E+01,6.77E+00
368,46.6586,46.6587,2.76E+00,2.92E+01,4.44E+01,7.09E+00
369,39.9915,46.6616,2.93E+00,3.07E+01,4.46E+01,7.29E+00
370,33.3256,46.6659,3.09E+00,3.23E+01,4.25E+01,7.31E+00
371,26.6604,46.6713,3.24E+00,3.38E+01,3.89E+01,7.12E+00
372,19.9957,46.6772,3.37E+00,3.51E+01,3.48E+01,6.89E+00
373,13.331,46.683,3.49E+00,3.60E+01,3.13E+01,7.05E+00
374,6.66567,46.688,3.58E+00,3.62E+01,2.90E+01,8.41E+00
375,53.3303,39.991,2.73E+00,2.91E+01,4.07E+01,6.63E+00
376,53.3349,33.3255,2.87E+00,3.03E+01,3.77E+01,6.37E+00
377,53.3401,26.6606,3.00E+00,3.14E+01,3.42E+01,6.12E+00
378,53.3454,19.9959,3.11E+00,3.22E+01,3.08E+01,6.14E+00
379,53.3504,13.3309,3.21E+00,3.26E+01,2.81E+01,6.83E+00
380,53.3545,6.66558,3.28E+00,3.26E+01,2.63E+01,8.66E+00
381,80.006,39.9922,1.90E+00,2.28E+01,2.81E+01,4.51E+00
382,80.0095,33.3269,1.98E+00,2.29E+01,2.61E+01,4.54E+00
383,80.0128,26.6616,2.04E+00,2.30E+01,2.43E+01,5.25E+00
384,80.0157,19.9963,2.10E+00,2.30E+01,2.29E+01,6.56E+00
385,80.0183,13.3308,2.15E+00,2.28E+01,2.17E+01,8.32E+00
386,80.0202,6.66515,2.18E+00,2.25E+01,2.08E+01,1.04E+01
387,86.6802,26.662,1.81E+00,2.12E+01,2.30E+01,5.42E+00
388,93.3473,26.6624,1.57E+00,1.95E+01,2.18E+01,5.68E+00
389,86.6774,33.3274,1.75E+00,2.12E+01,2.45E+01,4.47E+00
390,86.6744,39.9928,1.69E+00,2.12E+01,2.62E+01,4.19E+00
391,93.345,33.3279,1.53E+00,1.95E+01,2.32E+01,4.53E+00
392,93.3424,39.9935,1.47E+00,1.95E+01,2.46E+01,3.98E+00
393,86.6848,13.3309,1.89E+00,2.10E+01,2.06E+01,8.65E+00
394,93.3511,13.331,1.64E+00,1.92E+01,1.97E+01,9.00E+00
395,86.6827,19.9965,1.86E+00,2.12E+01,2.17E+01,6.86E+00
396,93.3494,19.9967,1.61E+00,1.94E+01,2.07E+01,7.22E+00
397,86.6864,6.66519,1.92E+00,2.08E+01,1.98E+01,1.07E+01
398,93.3525,6.66527,1.67E+00,1.91E+01,1.89E+01,1.10E+01
399,60.0087,26.6607,2.76E+00,2.90E+01,3.07E+01,5.50E+00
400,66.677,26.661,2.52E+00,2.69E+01,2.80E+01,5.23E+00
401,73.345,26.6613,2.28E+00,2.49E+01,2.60E+01,5.18E+00
402,66.6727,33.326,2.42E+00,2.65E+01,3.06E+01,5.08E+00
403,66.6685,39.9911,2.32E+00,2.59E+01,3.32E+01,5.40E+00
404,60.0039,33.3257,2.65E+00,2.84E+01,3.37E+01,5.61E+00
405,59.9994,39.9909,2.53E+00,2.75E+01,3.67E+01,5.97E+00
406,73.3412,33.3264,2.20E+00,2.47E+01,2.81E+01,4.74E+00
407,73.3374,39.9916,2.11E+00,2.44E+01,3.04E+01,4.91E+00
408,66.6875,6.66519,2.72E+00,2.67E+01,2.30E+01,9.72E+00
409,66.6846,13.3307,2.67E+00,2.70E+01,2.42E+01,7.53E+00
410,66.6811,19.9959,2.60E+00,2.70E+01,2.59E+01,6.03E+00
411,60.0176,13.3307,2.94E+00,2.96E+01,2.59E+01,7.10E+00
412,60.021,6.66533,3.00E+00,2.93E+01,2.45E+01,9.22E+00
413,60.0133,19.9958,2.85E+00,2.94E+01,2.80E+01,5.92E+00
414,73.3515,13.3307,2.41E+00,2.48E+01,2.28E+01,7.95E+00
415,73.3539,6.66514,2.45E+00,2.45E+01,2.18E+01,1.01E+01
416,73.3485,19.9961,2.35E+00,2.49E+01,2.42E+01,6.27E+00
417,26.6611,40.0024,3.47E+00,3.68E+01,4.42E+01,8.62E+00
418,26.6627,33.3339,3.71E+00,4.02E+01,4.97E+01,1.05E+01
419,26.6661,26.6663,3.94E+00,4.45E+01,5.32E+01,1.25E+01
420,26.6721,20.0003,4.16E+00,4.98E+01,5.22E+01,1.42E+01
421,26.6804,13.3355,4.37E+00,5.59E+01,4.73E+01,1.51E+01
422,26.6895,6.67002,4.54E+00,6.12E+01,4.30E+01,1.36E+01
423,33.3338,26.663,3.71E+00,4.04E+01,4.96E+01,1.06E+01
424,40.0024,26.6614,3.47E+00,3.70E+01,4.41E+01,8.70E+00
425,46.6713,26.6608,3.24E+00,3.40E+01,3.87E+01,7.18E+00
426,39.9971,33.3269,3.30E+00,3.47E+01,4.70E+01,8.46E+00
427,39.9935,39.9937,3.12E+00,3.26E+01,4.71E+01,7.94E+00
428,33.3292,33.3294,3.51E+00,3.73E+01,5.01E+01,9.58E+00
429,33.3267,39.9972,3.30E+00,3.46E+01,4.71E+01,8.43E+00
430,46.6659,33.3258,3.09E+00,3.24E+01,4.23E+01,7.34E+00
431,46.6616,39.9917,2.93E+00,3.08E+01,4.45E+01,7.31E+00
432,33.348,13.3333,4.06E+00,4.74E+01,4.04E+01,1.08E+01
433,40.0155,13.332,3.77E+00,4.12E+01,3.50E+01,8.18E+00
434,46.683,13.3313,3.49E+00,3.64E+01,3.10E+01,7.03E+00
435,40.0088,19.9967,3.63E+00,3.92E+01,3.95E+01,8.55E+00
436,33.3403,19.9979,3.90E+00,4.39E+01,4.57E+01,1.10E+01
437,46.6772,19.9961,3.37E+00,3.54E+01,3.46E+01,6.94E+00
438,40.0216,6.66676,3.88E+00,4.23E+01,3.20E+01,8.41E+00
439,33.3554,6.66798,4.20E+00,5.00E+01,3.65E+01,9.87E+00
440,46.688,6.66603,3.58E+00,3.68E+01,2.87E+01,8.25E+00
441,6.66968,26.6895,4.54E+00,6.03E+01,4.36E+01,1.31E+01
442,13.3351,26.6805,4.37E+00,5.53E+01,4.76E+01,1.47E+01
443,20,26.6722,4.16E+00,4.95E+01,5.23E+01,1.41E+01
444,13.3329,33.348,4.07E+00,4.68E+01,4.07E+01,1.05E+01
445,13.3317,40.0155,3.77E+00,4.07E+01,3.53E+01,8.07E+00
446,6.66761,33.3554,4.20E+00,4.92E+01,3.69E+01,9.72E+00
447,6.66639,40.0216,3.88E+00,4.16E+01,3.23E+01,8.48E+00
448,19.9975,33.3403,3.90E+00,4.36E+01,4.59E+01,1.09E+01
449,19.9963,40.0088,3.63E+00,3.89E+01,3.97E+01,8.43E+00
450,6.68015,13.3593,5.26E+00,1.13E+02,6.97E+01,3.53E+01
451,13.3469,13.347,4.98E+00,8.74E+01,6.08E+01,2.99E+01
452,20.0132,13.3394,4.67E+00,6.82E+01,5.49E+01,2.14E+01
453,13.3392,20.0134,4.67E+00,6.77E+01,5.52E+01,2.10E+01
454,6.67337,20.0241,4.89E+00,7.83E+01,5.34E+01,2.02E+01
455,20.0048,20.005,4.42E+00,5.75E+01,5.62E+01,1.78E+01
456,13.3596,6.68043,5.26E+00,1.12E+02,6.82E+01,3.59E+01
457,6.69233,6.69195,5.63E+00,1.66E+02,1.01E+02,5.97E+01
458,20.0242,6.67365,4.89E+00,7.92E+01,5.25E+01,2.10E+01
459,53.3246,93.3367,1.35E+00,1.93E+01,2.81E+01,4.92E+00
460,53.3238,86.668,1.54E+00,2.07E+01,3.00E+01,5.40E+00
461,53.3231,79.9991,1.73E+00,2.21E+01,3.23E+01,5.82E+00
462,53.3226,73.3301,1.91E+00,2.33E+01,3.49E+01,6.18E+00
463,53.3225,66.6611,2.09E+00,2.44E+01,3.77E+01,6.47E+00
464,53.323,59.9924,2.26E+00,2.55E+01,4.03E+01,6.67E+00
465,53.3243,53.3244,2.42E+00,2.66E+01,4.21E+01,6.78E+00
466,59.9889,73.3272,1.80E+00,2.26E+01,3.63E+01,6.86E+00
467,66.6559,73.325,1.67E+00,2.19E+01,3.69E+01,7.44E+00
468,73.3235,73.3235,1.55E+00,2.12E+01,3.65E+01,7.88E+00
469,79.9917,73.3228,1.41E+00,2.05E+01,3.53E+01,8.15E+00
470,86.6603,73.3227,1.27E+00,1.96E+01,3.37E+01,8.25E+00
471,93.3292,73.323,1.12E+00,1.86E+01,3.20E+01,8.14E+00
472,73.3228,79.9917,1.41E+00,2.05E+01,3.54E+01,8.15E+00
473,73.3226,86.6603,1.27E+00,1.96E+01,3.38E+01,8.25E+00
474,73.323,93.3291,1.12E+00,1.86E+01,3.21E+01,8.14E+00
475,66.6559,86.6625,1.37E+00,2.01E+01,3.30E+01,7.37E+00
476,59.9897,86.6651,1.46E+00,2.04E+01,3.17E+01,6.39E+00
477,66.6557,79.9936,1.52E+00,2.10E+01,3.50E+01,7.48E+00
478,59.9891,79.9961,1.63E+00,2.16E+01,3.40E+01,6.68E+00
479,66.6565,93.3314,1.21E+00,1.89E+01,3.11E+01,7.08E+00
480,59.9905,93.334,1.28E+00,1.91E+01,2.97E+01,5.96E+00
481,86.6587,79.9899,1.17E+00,1.91E+01,3.39E+01,8.97E+00
482,86.6576,86.6576,1.06E+00,1.85E+01,3.35E+01,9.51E+00
483,86.6571,93.3258,9.39E-01,1.78E+01,3.26E+01,9.82E+00
484,79.9899,86.6586,1.17E+00,1.91E+01,3.40E+01,8.98E+00
485,79.9905,79.9905,1.29E+00,1.98E+01,3.49E+01,8.66E+00
486,79.9898,93.3272,1.03E+00,1.83E+01,3.27E+01,9.07E+00
487,93.3258,86.6571,9.39E-01,1.78E+01,3.25E+01,9.82E+00
488,93.3273,79.9898,1.03E+00,1.83E+01,3.25E+01,9.07E+00
489,93.3249,93.3249,8.37E-01,1.72E+01,3.21E+01,1.03E+01
490,73.3301,53.3228,1.91E+00,2.33E+01,3.47E+01,6.17E+00
491,73.3272,59.9891,1.80E+00,2.26E+01,3.62E+01,6.86E+00
492,73.325,66.656,1.67E+00,2.19E+01,3.68E+01,7.44E+00
493,66.6585,59.9894,1.96E+00,2.36E+01,3.84E+01,6.92E+00
494,59.9904,59.9904,2.11E+00,2.45E+01,4.00E+01,6.86E+00
495,66.6611,53.3227,2.09E+00,2.44E+01,3.76E+01,6.46E+00
496,59.9924,53.3231,2.26E+00,2.55E+01,4.02E+01,6.67E+00
497,66.6568,66.6568,1.82E+00,2.28E+01,3.81E+01,7.25E+00
498,59.9893,66.6585,1.96E+00,2.36E+01,3.85E+01,6.92E+00
499,93.3341,59.9906,1.28E+00,1.92E+01,2.95E+01,5.96E+00
500,86.6652,59.9898,1.46E+00,2.05E+01,3.15E+01,6.38E+00
501,79.9962,59.9893,1.63E+00,2.16E+01,3.38E+01,6.68E+00
502,86.6682,53.324,1.54E+00,2.08E+01,2.98E+01,5.39E+00
503,93.3368,53.3247,1.35E+00,1.93E+01,2.79E+01,4.91E+00
504,79.9992,53.3233,1.73E+00,2.21E+01,3.21E+01,5.81E+00
505,86.6626,66.656,1.37E+00,2.01E+01,3.29E+01,7.36E+00
506,93.3315,66.6566,1.21E+00,1.89E+01,3.09E+01,7.08E+00
507,79.9937,66.6558,1.52E+00,2.11E+01,3.49E+01,7.48E+00
508,26.6622,93.3473,1.57E+00,1.94E+01,2.20E+01,5.71E+00
509,26.6618,86.6801,1.81E+00,2.11E+01,2.32E+01,5.45E+00
510,26.6614,80.0127,2.04E+00,2.29E+01,2.45E+01,5.29E+00
511,26.661,73.345,2.28E+00,2.47E+01,2.62E+01,5.21E+00
512,26.6607,66.6769,2.52E+00,2.67E+01,2.83E+01,5.26E+00
513,26.6604,60.0086,2.76E+00,2.88E+01,3.09E+01,5.51E+00
514,26.6603,53.34,3.00E+00,3.12E+01,3.44E+01,6.10E+00
515,33.3262,73.3412,2.20E+00,2.46E+01,2.83E+01,4.76E+00
516,39.9914,73.3373,2.11E+00,2.43E+01,3.06E+01,4.91E+00
517,46.6568,73.3335,2.02E+00,2.38E+01,3.29E+01,5.47E+00
518,39.992,80.0059,1.90E+00,2.27E+01,2.83E+01,4.52E+00
519,39.9927,86.6743,1.69E+00,2.11E+01,2.64E+01,4.21E+00
520,39.9933,93.3423,1.47E+00,1.94E+01,2.48E+01,4.00E+00
521,33.3272,86.6773,1.75E+00,2.11E+01,2.47E+01,4.49E+00
522,33.3267,80.0094,1.98E+00,2.29E+01,2.63E+01,4.56E+00
523,33.3278,93.3449,1.53E+00,1.94E+01,2.34E+01,4.55E+00
524,46.6582,86.6711,1.62E+00,2.10E+01,2.82E+01,4.59E+00
525,46.6574,80.0024,1.82E+00,2.24E+01,3.03E+01,5.03E+00
526,46.6589,93.3395,1.42E+00,1.94E+01,2.65E+01,4.17E+00
527,33.3254,60.0038,2.65E+00,2.82E+01,3.40E+01,5.60E+00
528,39.9906,59.9993,2.53E+00,2.74E+01,3.69E+01,5.96E+00
529,46.6564,59.9954,2.40E+00,2.65E+01,3.92E+01,6.36E+00
530,39.9909,66.6684,2.32E+00,2.58E+01,3.34E+01,5.39E+00
531,33.3257,66.6726,2.43E+00,2.64E+01,3.08E+01,5.09E+00
532,46.6564,66.6645,2.21E+00,2.52E+01,3.59E+01,5.92E+00
533,39.9907,53.3303,2.73E+00,2.90E+01,4.08E+01,6.61E+00
534,33.3252,53.3349,2.87E+00,3.02E+01,3.79E+01,6.34E+00
535,46.657,53.3268,2.58E+00,2.78E+01,4.23E+01,6.76E+00
536,6.66488,73.3539,2.45E+00,2.42E+01,2.20E+01,1.02E+01
537,13.3304,73.3515,2.41E+00,2.46E+01,2.30E+01,8.03E+00
538,19.9958,73.3485,2.35E+00,2.47E+01,2.44E+01,6.33E+00
539,13.3305,80.0183,2.15E+00,2.26E+01,2.18E+01,8.38E+00
540,13.3307,86.6848,1.89E+00,2.08E+01,2.08E+01,8.70E+00
541,13.3309,93.3511,1.64E+00,1.91E+01,1.98E+01,9.05E+00
542,6.66499,86.6865,1.92E+00,2.06E+01,1.99E+01,1.08E+01
543,6.66492,80.0202,2.19E+00,2.23E+01,2.09E+01,1.05E+01
544,6.6651,93.3525,1.67E+00,1.89E+01,1.90E+01,1.10E+01
545,19.9963,86.6827,1.86E+00,2.10E+01,2.19E+01,6.91E+00
546,19.996,80.0157,2.10E+00,2.28E+01,2.30E+01,6.61E+00
547,19.9966,93.3494,1.61E+00,1.92E+01,2.08E+01,7.26E+00
548,13.3306,53.3503,3.21E+00,3.23E+01,2.83E+01,6.92E+00
549,13.3304,60.0176,2.94E+00,2.93E+01,2.61E+01,7.21E+00
550,13.3304,66.6846,2.67E+00,2.67E+01,2.44E+01,7.63E+00
551,6.66502,60.021,3.00E+00,2.90E+01,2.47E+01,9.38E+00
552,6.66525,53.3545,3.28E+00,3.22E+01,2.65E+01,8.85E+00
553,6.66491,66.6875,2.72E+00,2.64E+01,2.32E+01,9.86E+00
554,19.9955,60.0133,2.85E+00,2.92E+01,2.82E+01,5.97E+00
555,19.9955,53.3453,3.11E+00,3.19E+01,3.11E+01,6.15E+00
556,19.9956,66.681,2.60E+00,2.68E+01,2.61E+01,6.09E+00
557,0.000474453,-93.3534,1.68E+00,1.90E+01,1.81E+01,1.30E+01
558,0.000493221,-86.6876,1.94E+00,2.06E+01,1.90E+01,1.29E+01
559,0.000500879,-80.0216,2.21E+00,2.23E+01,2.00E+01,1.28E+01
560,0.000489385,-73.3555,2.48E+00,2.41E+01,2.11E+01,1.26E+01
561,0.000448512,-66.6895,2.76E+00,2.63E+01,2.23E+01,1.24E+01
562,0.000365429,-60.0233,3.04E+00,2.89E+01,2.37E+01,1.22E+01
563,0.000216555,-53.3573,3.33E+00,3.22E+01,2.55E+01,1.18E+01
564,-2.58E-05,-46.6915,3.64E+00,3.64E+01,2.78E+01,1.15E+01
565,-0.000417347,-40.0258,3.96E+00,4.22E+01,3.10E+01,1.14E+01
566,-0.00102453,-33.3606,4.29E+00,5.03E+01,3.56E+01,1.20E+01
567,-0.00198371,-26.696,4.65E+00,6.25E+01,4.30E+01,1.39E+01
568,-0.00341752,-20.0321,5.03E+00,8.27E+01,5.60E+01,1.82E+01
569,-0.00538998,-13.3685,5.44E+00,1.23E+02,8.34E+01,2.63E+01
570,-0.00656441,-6.69837,5.84E+00,1.92E+02,1.31E+02,5.47E+01
571,-6.66574,-53.3545,3.29E+00,3.28E+01,2.63E+01,8.50E+00
572,-13.331,-53.3504,3.21E+00,3.27E+01,2.80E+01,6.78E+00
573,-19.996,-53.3454,3.11E+00,3.22E+01,3.08E+01,6.16E+00
574,-26.6607,-53.3401,3.00E+00,3.14E+01,3.42E+01,6.16E+00
575,-33.3255,-53.3349,2.87E+00,3.03E+01,3.77E+01,6.42E+00
576,-39.9909,-53.3303,2.73E+00,2.91E+01,4.07E+01,6.67E+00
577,-46.6572,-53.3266,2.58E+00,2.78E+01,4.23E+01,6.81E+00
578,-53.3243,-53.3242,2.42E+00,2.66E+01,4.21E+01,6.82E+00
579,-59.9924,-53.3229,2.26E+00,2.55E+01,4.04E+01,6.71E+00
580,-66.6611,-53.3224,2.09E+00,2.44E+01,3.77E+01,6.50E+00
581,-73.33,-53.3226,1.91E+00,2.33E+01,3.49E+01,6.21E+00
582,-79.9991,-53.3231,1.73E+00,2.21E+01,3.23E+01,5.85E+00
583,-86.6681,-53.3238,1.54E+00,2.08E+01,3.00E+01,5.42E+00
584,-93.3367,-53.3246,1.35E+00,1.93E+01,2.80E+01,4.93E+00
585,-46.6566,-59.9954,2.40E+00,2.65E+01,3.91E+01,6.41E+00
586,-46.6566,-66.6645,2.21E+00,2.52E+01,3.57E+01,5.96E+00
587,-46.6571,-73.3336,2.02E+00,2.39E+01,3.27E+01,5.50E+00
588,-46.6577,-80.0026,1.82E+00,2.25E+01,3.01E+01,5.04E+00
589,-46.6584,-86.6713,1.62E+00,2.10E+01,2.80E+01,4.60E+00
590,-46.6591,-93.3396,1.42E+00,1.95E+01,2.62E+01,4.17E+00
591,-19.9959,-60.0134,2.86E+00,2.95E+01,2.79E+01,5.91E+00
592,-19.996,-66.6812,2.60E+00,2.71E+01,2.58E+01,5.99E+00
593,-19.9962,-73.3486,2.35E+00,2.50E+01,2.41E+01,6.23E+00
594,-19.9964,-80.0158,2.10E+00,2.30E+01,2.28E+01,6.51E+00
595,-19.9966,-86.6828,1.86E+00,2.12E+01,2.16E+01,6.81E+00
596,-19.9968,-93.3495,1.61E+00,1.95E+01,2.06E+01,7.17E+00
597,-13.3308,-73.3516,2.41E+00,2.49E+01,2.27E+01,7.86E+00
598,-6.66529,-73.354,2.45E+00,2.46E+01,2.17E+01,9.99E+00
599,-13.3308,-66.6848,2.67E+00,2.71E+01,2.41E+01,7.44E+00
600,-13.3308,-60.0177,2.94E+00,2.97E+01,2.58E+01,7.02E+00
601,-6.66535,-66.6876,2.72E+00,2.68E+01,2.29E+01,9.57E+00
602,-6.66548,-60.0211,3.00E+00,2.95E+01,2.44E+01,9.05E+00
603,-13.331,-86.6849,1.90E+00,2.11E+01,2.05E+01,8.58E+00
604,-6.66533,-86.6866,1.93E+00,2.09E+01,1.97E+01,1.06E+01
605,-13.3309,-80.0184,2.15E+00,2.29E+01,2.16E+01,8.24E+00
606,-6.66529,-80.0203,2.19E+00,2.27E+01,2.07E+01,1.03E+01
607,-13.3311,-93.3512,1.64E+00,1.93E+01,1.96E+01,8.94E+00
608,-6.66539,-93.3525,1.67E+00,1.92E+01,1.88E+01,1.09E+01
609,-39.9916,-73.3374,2.11E+00,2.44E+01,3.03E+01,4.93E+00
610,-33.3264,-73.3413,2.20E+00,2.47E+01,2.80E+01,4.75E+00
611,-26.6614,-73.3451,2.28E+00,2.49E+01,2.59E+01,5.17E+00
612,-33.326,-66.6728,2.43E+00,2.65E+01,3.05E+01,5.11E+00
613,-33.3257,-60.0039,2.65E+00,2.83E+01,3.37E+01,5.65E+00
614,-39.9911,-66.6685,2.32E+00,2.59E+01,3.32E+01,5.43E+00
615,-39.9909,-59.9994,2.53E+00,2.75E+01,3.67E+01,6.01E+00
616,-26.6611,-66.6771,2.52E+00,2.69E+01,2.80E+01,5.24E+00
617,-26.6608,-60.0087,2.76E+00,2.90E+01,3.07E+01,5.53E+00
618,-33.328,-93.345,1.53E+00,1.96E+01,2.31E+01,4.51E+00
619,-33.3275,-86.6775,1.75E+00,2.13E+01,2.44E+01,4.46E+00
620,-33.3269,-80.0095,1.98E+00,2.30E+01,2.60E+01,4.55E+00
621,-39.9929,-86.6745,1.69E+00,2.12E+01,2.61E+01,4.20E+00
622,-39.9935,-93.3424,1.48E+00,1.95E+01,2.46E+01,3.98E+00
623,-39.9922,-80.0061,1.90E+00,2.28E+01,2.80E+01,4.53E+00
624,-26.6621,-86.6803,1.81E+00,2.13E+01,2.29E+01,5.39E+00
625,-26.6625,-93.3474,1.57E+00,1.95E+01,2.18E+01,5.65E+00
626,-26.6617,-80.0128,2.05E+00,2.31E+01,2.43E+01,5.23E+00
627,-73.3271,-59.9889,1.80E+00,2.26E+01,3.63E+01,6.89E+00
628,-73.3249,-66.6559,1.68E+00,2.19E+01,3.69E+01,7.47E+00
629,-73.3234,-73.3234,1.55E+00,2.12E+01,3.65E+01,7.90E+00
630,-73.3227,-79.9917,1.41E+00,2.05E+01,3.54E+01,8.17E+00
631,-73.3226,-86.6603,1.27E+00,1.97E+01,3.38E+01,8.27E+00
632,-73.323,-93.3291,1.12E+00,1.87E+01,3.20E+01,8.16E+00
633,-66.6559,-73.3249,1.68E+00,2.19E+01,3.68E+01,7.47E+00
634,-59.989,-73.3271,1.80E+00,2.26E+01,3.62E+01,6.89E+00
635,-53.3227,-73.3301,1.91E+00,2.33E+01,3.47E+01,6.20E+00
636,-59.9893,-66.6585,1.96E+00,2.36E+01,3.85E+01,6.96E+00
637,-59.9904,-59.9903,2.11E+00,2.45E+01,4.00E+01,6.90E+00
638,-66.6568,-66.6568,1.82E+00,2.28E+01,3.82E+01,7.29E+00
639,-66.6585,-59.9892,1.96E+00,2.36E+01,3.85E+01,6.96E+00
640,-53.3226,-66.6611,2.09E+00,2.44E+01,3.76E+01,6.50E+00
641,-53.323,-59.9924,2.26E+00,2.55E+01,4.03E+01,6.71E+00
642,-59.9906,-93.3341,1.28E+00,1.92E+01,2.95E+01,5.98E+00
643,-59.9898,-86.6652,1.46E+00,2.05E+01,3.15E+01,6.40E+00
644,-59.9892,-79.9961,1.63E+00,2.16E+01,3.38E+01,6.70E+00
645,-66.656,-86.6626,1.37E+00,2.01E+01,3.29E+01,7.39E+00
646,-66.6566,-93.3315,1.21E+00,1.90E+01,3.09E+01,7.10E+00
647,-66.6557,-79.9936,1.53E+00,2.11E+01,3.50E+01,7.50E+00
648,-53.3239,-86.6682,1.54E+00,2.08E+01,2.98E+01,5.42E+00
649,-53.3247,-93.3368,1.35E+00,1.94E+01,2.79E+01,4.93E+00
650,-53.3232,-79.9992,1.73E+00,2.21E+01,3.21E+01,5.84E+00
651,-93.329,-73.3229,1.12E+00,1.86E+01,3.21E+01,8.16E+00
652,-86.6603,-73.3226,1.27E+00,1.96E+01,3.39E+01,8.27E+00
653,-79.9916,-73.3227,1.41E+00,2.05E+01,3.54E+01,8.17E+00
654,-86.6625,-66.6559,1.37E+00,2.01E+01,3.30E+01,7.39E+00
655,-86.6651,-59.9897,1.46E+00,2.05E+01,3.17E+01,6.41E+00
656,-93.3313,-66.6566,1.21E+00,1.89E+01,3.11E+01,7.10E+00
657,-93.3339,-59.9904,1.28E+00,1.92E+01,2.97E+01,5.98E+00
658,-79.9935,-66.6557,1.53E+00,2.11E+01,3.51E+01,7.51E+00
659,-79.9961,-59.9891,1.63E+00,2.16E+01,3.40E+01,6.71E+00
660,-86.6571,-93.3257,9.39E-01,1.78E+01,3.26E+01,9.83E+00
661,-86.6575,-86.6576,1.06E+00,1.85E+01,3.35E+01,9.52E+00
662,-86.6586,-79.9898,1.17E+00,1.91E+01,3.40E+01,8.99E+00
663,-93.3257,-86.6571,9.39E-01,1.78E+01,3.27E+01,9.83E+00
664,-93.3248,-93.3248,8.37E-01,1.73E+01,3.21E+01,1.03E+01
665,-93.3271,-79.9898,1.04E+00,1.83E+01,3.27E+01,9.08E+00
666,-79.9898,-86.6586,1.17E+00,1.91E+01,3.40E+01,8.99E+00
667,-79.9898,-93.3272,1.04E+00,1.83E+01,3.26E+01,9.09E+00
668,-79.9904,-79.9904,1.29E+00,1.98E+01,3.50E+01,8.68E+00
669,-46.6882,-6.66585,3.58E+00,3.64E+01,2.87E+01,8.25E+00
670,-46.6831,-13.3311,3.49E+00,3.61E+01,3.10E+01,7.05E+00
671,-46.6773,-19.9958,3.37E+00,3.51E+01,3.46E+01,6.95E+00
672,-46.6713,-26.6605,3.24E+00,3.38E+01,3.88E+01,7.19E+00
673,-46.6659,-33.3255,3.09E+00,3.22E+01,4.25E+01,7.37E+00
674,-46.6616,-39.9915,2.93E+00,3.07E+01,4.46E+01,7.35E+00
675,-46.6587,-46.6586,2.76E+00,2.92E+01,4.45E+01,7.14E+00
676,-40.0024,-26.6611,3.48E+00,3.67E+01,4.42E+01,8.70E+00
677,-33.3338,-26.6627,3.71E+00,4.01E+01,4.97E+01,1.06E+01
678,-26.6663,-26.666,3.94E+00,4.43E+01,5.32E+01,1.25E+01
679,-20.0003,-26.672,4.17E+00,4.96E+01,5.22E+01,1.43E+01
680,-13.3355,-26.6804,4.37E+00,5.58E+01,4.74E+01,1.52E+01
681,-6.67009,-26.6895,4.54E+00,6.14E+01,4.32E+01,1.38E+01
682,-26.6722,-19.9999,4.17E+00,4.93E+01,5.23E+01,1.42E+01
683,-26.6806,-13.3351,4.37E+00,5.52E+01,4.75E+01,1.49E+01
684,-26.6897,-6.6698,4.54E+00,6.04E+01,4.31E+01,1.35E+01
685,-33.348,-13.3329,4.07E+00,4.68E+01,4.04E+01,1.07E+01
686,-40.0156,-13.3317,3.78E+00,4.07E+01,3.50E+01,8.16E+00
687,-33.3403,-19.9975,3.90E+00,4.35E+01,4.58E+01,1.10E+01
688,-40.0088,-19.9964,3.64E+00,3.89E+01,3.96E+01,8.53E+00
689,-33.3555,-6.66777,4.21E+00,4.94E+01,3.65E+01,9.84E+00
690,-40.0218,-6.66657,3.89E+00,4.18E+01,3.20E+01,8.41E+00
691,-6.68023,-13.3591,5.26E+00,1.13E+02,6.95E+01,3.62E+01
692,-13.347,-13.3468,4.98E+00,8.71E+01,6.08E+01,3.01E+01
693,-20.0133,-13.3391,4.68E+00,6.75E+01,5.50E+01,2.12E+01
694,-13.3394,-20.0132,4.68E+00,6.80E+01,5.51E+01,2.15E+01
695,-6.67365,-20.024,4.89E+00,7.94E+01,5.31E+01,2.13E+01
696,-20.005,-20.0047,4.43E+00,5.73E+01,5.63E+01,1.79E+01
697,-13.3595,-6.68025,5.26E+00,1.12E+02,6.84E+01,3.57E+01
698,-6.69214,-6.69185,5.63E+00,1.66E+02,1.01E+02,5.99E+01
699,-20.0242,-6.67343,4.89E+00,7.82E+01,5.26E+01,2.08E+01
700,-26.6608,-46.6713,3.24E+00,3.40E+01,3.86E+01,7.24E+00
701,-26.6615,-40.0024,3.48E+00,3.69E+01,4.41E+01,8.77E+00
702,-26.663,-33.3337,3.71E+00,4.02E+01,4.96E+01,1.06E+01
703,-33.3269,-39.9971,3.30E+00,3.46E+01,4.70E+01,8.52E+00
704,-39.9936,-39.9935,3.12E+00,3.25E+01,4.71E+01,8.00E+00
705,-33.3258,-46.6659,3.09E+00,3.23E+01,4.23E+01,7.40E+00
706,-39.9917,-46.6615,2.93E+00,3.07E+01,4.45E+01,7.36E+00
707,-33.3293,-33.3291,3.51E+00,3.72E+01,5.01E+01,9.64E+00
708,-39.9972,-33.3266,3.30E+00,3.45E+01,4.71E+01,8.50E+00
709,-13.3314,-46.6831,3.49E+00,3.65E+01,3.10E+01,7.04E+00
710,-13.3321,-40.0156,3.77E+00,4.12E+01,3.50E+01,8.27E+00
711,-13.3333,-33.3479,4.07E+00,4.74E+01,4.04E+01,1.09E+01
712,-19.9967,-40.0088,3.64E+00,3.92E+01,3.95E+01,8.64E+00
713,-19.9962,-46.6772,3.37E+00,3.54E+01,3.45E+01,7.00E+00
714,-19.9979,-33.3402,3.90E+00,4.38E+01,4.57E+01,1.11E+01
715,-6.66689,-40.0216,3.88E+00,4.25E+01,3.20E+01,8.39E+00
716,-6.66617,-46.6881,3.58E+00,3.70E+01,2.87E+01,8.13E+00
717,-6.66808,-33.3554,4.20E+00,5.02E+01,3.66E+01,9.99E+00
718,-73.354,-6.66505,2.45E+00,2.44E+01,2.18E+01,1.01E+01
719,-73.3516,-13.3305,2.41E+00,2.47E+01,2.28E+01,7.93E+00
720,-73.3486,-19.9959,2.35E+00,2.48E+01,2.42E+01,6.28E+00
721,-73.345,-26.6611,2.28E+00,2.48E+01,2.60E+01,5.19E+00
722,-73.3412,-33.3262,2.20E+00,2.46E+01,2.82E+01,4.77E+00
723,-73.3373,-39.9914,2.11E+00,2.43E+01,3.05E+01,4.94E+00
724,-73.3335,-46.6569,2.02E+00,2.38E+01,3.28E+01,5.50E+00
725,-66.677,-26.6608,2.52E+00,2.67E+01,2.81E+01,5.25E+00
726,-60.0087,-26.6605,2.76E+00,2.89E+01,3.08E+01,5.53E+00
727,-53.34,-26.6604,3.00E+00,3.12E+01,3.43E+01,6.14E+00
728,-66.6848,-13.3305,2.67E+00,2.68E+01,2.42E+01,7.52E+00
729,-60.0177,-13.3305,2.94E+00,2.94E+01,2.59E+01,7.11E+00
730,-53.3504,-13.3307,3.21E+00,3.24E+01,2.81E+01,6.85E+00
731,-60.0212,-6.6652,3.00E+00,2.91E+01,2.45E+01,9.18E+00
732,-66.6877,-6.66508,2.72E+00,2.65E+01,2.30E+01,9.68E+00
733,-53.3546,-6.66543,3.29E+00,3.23E+01,2.63E+01,8.64E+00
734,-60.0134,-19.9956,2.86E+00,2.92E+01,2.80E+01,5.94E+00
735,-66.6812,-19.9957,2.60E+00,2.69E+01,2.59E+01,6.04E+00
736,-53.3454,-19.9956,3.11E+00,3.19E+01,3.09E+01,6.16E+00
737,-59.9954,-46.6564,2.40E+00,2.65E+01,3.92E+01,6.40E+00
738,-59.9993,-39.9906,2.53E+00,2.74E+01,3.69E+01,6.01E+00
739,-60.0039,-33.3254,2.65E+00,2.82E+01,3.39E+01,5.64E+00
740,-66.6684,-39.9909,2.32E+00,2.58E+01,3.34E+01,5.43E+00
741,-66.6645,-46.6564,2.21E+00,2.52E+01,3.59E+01,5.96E+00
742,-66.6727,-33.3257,2.43E+00,2.64E+01,3.07E+01,5.11E+00
743,-53.3303,-39.9907,2.73E+00,2.90E+01,4.08E+01,6.66E+00
744,-53.3267,-46.657,2.58E+00,2.78E+01,4.24E+01,6.81E+00
745,-53.3348,-33.3252,2.87E+00,3.02E+01,3.78E+01,6.40E+00
746,-93.3473,-26.6623,1.57E+00,1.94E+01,2.19E+01,5.68E+00
747,-86.6803,-26.6619,1.81E+00,2.12E+01,2.30E+01,5.42E+00
748,-80.0128,-26.6615,2.05E+00,2.29E+01,2.44E+01,5.26E+00
749,-86.6828,-19.9964,1.86E+00,2.11E+01,2.17E+01,6.85E+00
750,-86.685,-13.3308,1.90E+00,2.09E+01,2.06E+01,8.62E+00
751,-86.6866,-6.66514,1.93E+00,2.07E+01,1.98E+01,1.07E+01
752,-93.3512,-13.331,1.64E+00,1.92E+01,1.97E+01,8.98E+00
753,-93.3494,-19.9967,1.61E+00,1.93E+01,2.07E+01,7.21E+00
754,-93.3526,-6.66523,1.67E+00,1.90E+01,1.89E+01,1.09E+01
755,-80.0184,-13.3307,2.15E+00,2.27E+01,2.17E+01,8.29E+00
756,-80.0158,-19.9961,2.10E+00,2.29E+01,2.29E+01,6.55E+00
757,-80.0204,-6.66508,2.19E+00,2.25E+01,2.07E+01,1.04E+01
758,-86.6712,-46.6582,1.62E+00,2.10E+01,2.81E+01,4.60E+00
759,-86.6744,-39.9927,1.69E+00,2.11E+01,2.63E+01,4.21E+00
760,-86.6774,-33.3273,1.75E+00,2.12E+01,2.46E+01,4.48E+00
761,-93.3423,-39.9934,1.48E+00,1.95E+01,2.47E+01,4.00E+00
762,-93.3395,-46.659,1.42E+00,1.94E+01,2.64E+01,4.18E+00
763,-93.3449,-33.3278,1.53E+00,1.95E+01,2.32E+01,4.54E+00
764,-80.006,-39.992,1.90E+00,2.27E+01,2.82E+01,4.54E+00
765,-80.0024,-46.6575,1.82E+00,2.24E+01,3.03E+01,5.05E+00
766,-80.0095,-33.3267,1.98E+00,2.29E+01,2.62E+01,4.56E+00
767,93.3418,-53.3278,1.46E+00,2.09E+01,1.42E+01,3.16E+01
768,86.6736,-53.3275,1.67E+00,2.24E+01,1.51E+01,3.38E+01
769,80.0051,-53.3275,1.86E+00,2.41E+01,1.60E+01,3.65E+01
770,73.3364,-53.3277,2.06E+00,2.63E+01,1.68E+01,3.97E+01
771,66.6677,-53.3282,2.25E+00,2.88E+01,1.76E+01,4.33E+01
772,59.9992,-53.3293,2.43E+00,3.12E+01,1.83E+01,4.68E+01
773,53.3312,-53.3313,2.60E+00,3.28E+01,1.92E+01,4.94E+01
774,46.664,-53.3344,2.76E+00,3.29E+01,2.02E+01,5.00E+01
775,39.9976,-53.3386,2.92E+00,3.14E+01,2.15E+01,4.82E+01
776,33.3318,-53.3436,3.06E+00,2.92E+01,2.29E+01,4.41E+01
777,26.6661,-53.3489,3.17E+00,2.76E+01,2.42E+01,3.83E+01
778,20,-53.3535,3.27E+00,2.75E+01,2.51E+01,3.12E+01
779,13.3335,-53.3568,3.33E+00,2.88E+01,2.55E+01,2.38E+01
780,6.66673,-53.3581,3.35E+00,3.07E+01,2.54E+01,1.70E+01
781,53.3292,-59.9993,2.43E+00,3.13E+01,1.83E+01,4.68E+01
782,53.3281,-66.6678,2.25E+00,2.89E+01,1.75E+01,4.33E+01
783,53.3275,-73.3364,2.06E+00,2.65E+01,1.68E+01,3.98E+01
784,53.3274,-80.0051,1.87E+00,2.43E+01,1.59E+01,3.65E+01
785,53.3274,-86.6736,1.67E+00,2.25E+01,1.51E+01,3.38E+01
786,53.3277,-93.3417,1.46E+00,2.10E+01,1.41E+01,3.17E+01
787,59.9939,-73.3331,1.94E+00,2.79E+01,1.59E+01,4.13E+01
788,66.6608,-73.3304,1.82E+00,2.85E+01,1.52E+01,4.18E+01
789,73.3284,-73.3284,1.69E+00,2.82E+01,1.45E+01,4.13E+01
790,79.9965,-73.3272,1.55E+00,2.72E+01,1.39E+01,3.98E+01
791,86.6651,-73.3265,1.40E+00,2.58E+01,1.32E+01,3.80E+01
792,93.3337,-73.3263,1.25E+00,2.42E+01,1.25E+01,3.61E+01
793,73.3304,-66.6609,1.82E+00,2.84E+01,1.52E+01,4.18E+01
794,73.3331,-59.994,1.94E+00,2.77E+01,1.60E+01,4.13E+01
795,59.9948,-66.6647,2.11E+00,2.98E+01,1.66E+01,4.41E+01
796,59.9965,-59.9966,2.27E+00,3.11E+01,1.74E+01,4.62E+01
797,66.6623,-66.6624,1.97E+00,2.96E+01,1.59E+01,4.35E+01
798,66.6646,-59.9949,2.11E+00,2.98E+01,1.67E+01,4.41E+01
799,86.6676,-66.6599,1.50E+00,2.50E+01,1.38E+01,3.71E+01
800,86.6705,-59.9935,1.59E+00,2.37E+01,1.45E+01,3.56E+01
801,79.9989,-66.6602,1.66E+00,2.68E+01,1.45E+01,3.95E+01
802,80.0018,-59.9936,1.77E+00,2.56E+01,1.53E+01,3.83E+01
803,93.3363,-66.6599,1.33E+00,2.33E+01,1.31E+01,3.49E+01
804,93.339,-59.9937,1.40E+00,2.21E+01,1.36E+01,3.34E+01
805,73.3262,-93.3337,1.25E+00,2.44E+01,1.25E+01,3.62E+01
806,73.3264,-86.6651,1.40E+00,2.59E+01,1.32E+01,3.81E+01
807,73.3271,-79.9965,1.55E+00,2.73E+01,1.38E+01,3.99E+01
808,66.6597,-86.6676,1.50E+00,2.51E+01,1.38E+01,3.72E+01
809,59.9934,-86.6705,1.59E+00,2.39E+01,1.44E+01,3.57E+01
810,66.6598,-93.3362,1.33E+00,2.34E+01,1.30E+01,3.50E+01
811,59.9936,-93.3389,1.40E+00,2.23E+01,1.36E+01,3.35E+01
812,66.66,-79.9989,1.66E+00,2.69E+01,1.45E+01,3.96E+01
813,59.9935,-80.0018,1.77E+00,2.58E+01,1.52E+01,3.84E+01
814,93.3297,-86.6605,1.07E+00,2.48E+01,1.15E+01,3.68E+01
815,86.6615,-86.6615,1.19E+00,2.56E+01,1.21E+01,3.77E+01
816,79.9937,-86.663,1.30E+00,2.61E+01,1.26E+01,3.82E+01
817,86.6605,-93.3296,1.07E+00,2.48E+01,1.15E+01,3.69E+01
818,93.3283,-93.3283,9.63E-01,2.43E+01,1.10E+01,3.65E+01
819,79.9931,-93.3314,1.16E+00,2.49E+01,1.20E+01,3.68E+01
820,86.663,-79.9937,1.30E+00,2.60E+01,1.26E+01,3.82E+01
821,93.3315,-79.9932,1.16E+00,2.48E+01,1.20E+01,3.67E+01
822,79.9948,-79.9948,1.43E+00,2.69E+01,1.32E+01,3.93E+01
823,26.6654,-60.0166,2.91E+00,2.50E+01,2.26E+01,3.34E+01
824,26.6649,-66.684,2.66E+00,2.31E+01,2.11E+01,2.99E+01
825,26.6646,-73.3511,2.40E+00,2.16E+01,1.98E+01,2.73E+01
826,26.6644,-80.0181,2.15E+00,2.04E+01,1.85E+01,2.53E+01
827,26.6643,-86.6848,1.90E+00,1.93E+01,1.74E+01,2.38E+01
828,26.6643,-93.3512,1.65E+00,1.83E+01,1.62E+01,2.27E+01
829,33.3303,-73.3478,2.34E+00,2.20E+01,1.92E+01,3.10E+01
830,39.996,-73.344,2.26E+00,2.31E+01,1.84E+01,3.44E+01
831,46.6616,-73.3401,2.16E+00,2.47E+01,1.76E+01,3.74E+01
832,39.9962,-66.6758,2.48E+00,2.53E+01,1.95E+01,3.81E+01
833,39.9967,-60.0073,2.70E+00,2.80E+01,2.05E+01,4.28E+01
834,33.3306,-66.6801,2.58E+00,2.37E+01,2.04E+01,3.43E+01
835,33.3311,-60.012,2.82E+00,2.61E+01,2.16E+01,3.86E+01
836,46.6619,-66.6716,2.37E+00,2.72E+01,1.85E+01,4.12E+01
837,46.6626,-60.0029,2.57E+00,3.01E+01,1.93E+01,4.56E+01
838,39.9961,-93.3471,1.57E+00,1.91E+01,1.52E+01,2.75E+01
839,39.9959,-86.6798,1.80E+00,2.02E+01,1.63E+01,2.92E+01
840,39.9959,-80.0121,2.03E+00,2.15E+01,1.74E+01,3.15E+01
841,33.3302,-86.6825,1.86E+00,1.95E+01,1.69E+01,2.66E+01
842,33.3302,-93.3493,1.62E+00,1.85E+01,1.58E+01,2.52E+01
843,33.3302,-80.0153,2.10E+00,2.06E+01,1.80E+01,2.85E+01
844,46.6617,-86.6767,1.74E+00,2.12E+01,1.57E+01,3.16E+01
845,46.6618,-93.3445,1.52E+00,1.99E+01,1.47E+01,2.97E+01
846,46.6616,-80.0086,1.95E+00,2.27E+01,1.67E+01,3.42E+01
847,6.66647,-73.356,2.49E+00,2.34E+01,2.07E+01,1.58E+01
848,13.3326,-73.3554,2.48E+00,2.26E+01,2.05E+01,1.94E+01
849,19.9986,-73.3538,2.45E+00,2.19E+01,2.02E+01,2.33E+01
850,13.3327,-66.6893,2.75E+00,2.43E+01,2.19E+01,2.04E+01
851,13.333,-60.0231,3.04E+00,2.63E+01,2.35E+01,2.18E+01
852,6.66652,-66.6901,2.77E+00,2.54E+01,2.20E+01,1.61E+01
853,6.66661,-60.024,3.05E+00,2.77E+01,2.35E+01,1.64E+01
854,19.9989,-66.6872,2.72E+00,2.33E+01,2.16E+01,2.51E+01
855,19.9994,-60.0205,2.99E+00,2.52E+01,2.32E+01,2.77E+01
856,13.3324,-93.3534,1.69E+00,1.85E+01,1.71E+01,1.77E+01
857,13.3324,-86.6876,1.95E+00,1.98E+01,1.82E+01,1.81E+01
858,13.3325,-80.0216,2.21E+00,2.11E+01,1.93E+01,1.87E+01
859,6.66642,-86.688,1.95E+00,2.02E+01,1.86E+01,1.54E+01
860,6.66641,-93.3537,1.69E+00,1.88E+01,1.76E+01,1.53E+01
861,6.66644,-80.022,2.22E+00,2.17E+01,1.96E+01,1.56E+01
862,19.9984,-86.6866,1.93E+00,1.95E+01,1.78E+01,2.09E+01
863,19.9984,-93.3526,1.67E+00,1.84E+01,1.67E+01,2.02E+01
864,19.9985,-80.0203,2.19E+00,2.06E+01,1.90E+01,2.20E+01
865,53.3581,-6.66691,3.35E+00,3.03E+01,2.56E+01,1.74E+01
866,53.3568,-13.3336,3.32E+00,2.83E+01,2.56E+01,2.42E+01
867,53.3535,-20.0002,3.26E+00,2.70E+01,2.53E+01,3.16E+01
868,53.3489,-26.6663,3.17E+00,2.72E+01,2.44E+01,3.85E+01
869,53.3437,-33.332,3.05E+00,2.89E+01,2.30E+01,4.42E+01
870,53.3386,-39.9978,2.92E+00,3.12E+01,2.16E+01,4.82E+01
871,53.3343,-46.6642,2.76E+00,3.28E+01,2.03E+01,5.00E+01
872,60.0166,-26.6656,2.91E+00,2.47E+01,2.27E+01,3.37E+01
873,66.684,-26.6651,2.66E+00,2.28E+01,2.13E+01,3.01E+01
874,73.3512,-26.6648,2.40E+00,2.14E+01,1.99E+01,2.74E+01
875,80.0181,-26.6646,2.15E+00,2.02E+01,1.87E+01,2.54E+01
876,86.6848,-26.6645,1.90E+00,1.91E+01,1.75E+01,2.39E+01
877,93.3512,-26.6645,1.65E+00,1.81E+01,1.63E+01,2.28E+01
878,73.3538,-19.9988,2.45E+00,2.16E+01,2.03E+01,2.35E+01
879,73.3554,-13.3327,2.48E+00,2.23E+01,2.06E+01,1.96E+01
880,73.3559,-6.66663,2.49E+00,2.32E+01,2.08E+01,1.60E+01
881,66.6892,-13.3329,2.75E+00,2.39E+01,2.20E+01,2.07E+01
882,60.023,-13.3332,3.03E+00,2.59E+01,2.36E+01,2.21E+01
883,66.6872,-19.9991,2.72E+00,2.30E+01,2.18E+01,2.54E+01
884,60.0204,-19.9996,2.99E+00,2.48E+01,2.34E+01,2.80E+01
885,66.6899,-6.6667,2.77E+00,2.51E+01,2.21E+01,1.63E+01
886,60.024,-6.66678,3.05E+00,2.74E+01,2.37E+01,1.68E+01
887,93.3534,-13.3325,1.69E+00,1.84E+01,1.72E+01,1.78E+01
888,86.6875,-13.3325,1.95E+00,1.96E+01,1.83E+01,1.82E+01
889,80.0215,-13.3326,2.21E+00,2.09E+01,1.94E+01,1.88E+01
890,86.6865,-19.9985,1.93E+00,1.93E+01,1.79E+01,2.11E+01
891,93.3526,-19.9985,1.67E+00,1.82E+01,1.68E+01,2.03E+01
892,80.0202,-19.9986,2.19E+00,2.04E+01,1.91E+01,2.21E+01
893,86.6879,-6.66656,1.95E+00,2.01E+01,1.87E+01,1.55E+01
894,93.3536,-6.66653,1.69E+00,1.86E+01,1.76E+01,1.54E+01
895,80.0219,-6.66659,2.22E+00,2.15E+01,1.97E+01,1.57E+01
896,73.3402,-46.6618,2.16E+00,2.45E+01,1.77E+01,3.73E+01
897,73.3441,-39.9961,2.25E+00,2.29E+01,1.85E+01,3.44E+01
898,73.3478,-33.3305,2.34E+00,2.18E+01,1.93E+01,3.11E+01
899,66.6758,-39.9964,2.48E+00,2.51E+01,1.96E+01,3.81E+01
900,60.0072,-39.9969,2.70E+00,2.78E+01,2.06E+01,4.28E+01
901,66.6715,-46.6622,2.37E+00,2.70E+01,1.86E+01,4.12E+01
902,60.0028,-46.6628,2.57E+00,2.99E+01,1.94E+01,4.56E+01
903,66.6801,-33.3308,2.58E+00,2.35E+01,2.05E+01,3.44E+01
904,60.012,-33.3312,2.82E+00,2.58E+01,2.17E+01,3.87E+01
905,93.3471,-39.9962,1.57E+00,1.89E+01,1.53E+01,2.75E+01
906,86.6798,-39.9961,1.80E+00,2.00E+01,1.64E+01,2.92E+01
907,80.0121,-39.9961,2.03E+00,2.13E+01,1.75E+01,3.15E+01
908,86.6768,-46.6618,1.74E+00,2.10E+01,1.58E+01,3.16E+01
909,93.3446,-46.662,1.52E+00,1.98E+01,1.48E+01,2.96E+01
910,80.0086,-46.6618,1.95E+00,2.26E+01,1.68E+01,3.42E+01
911,86.6825,-33.3303,1.85E+00,1.94E+01,1.70E+01,2.66E+01
912,93.3494,-33.3303,1.61E+00,1.84E+01,1.58E+01,2.52E+01
913,80.0153,-33.3303,2.09E+00,2.05E+01,1.81E+01,2.86E+01
914,6.66887,-26.6967,4.66E+00,5.69E+01,4.44E+01,2.73E+01
915,13.3397,-26.6914,4.58E+00,4.95E+01,4.33E+01,5.01E+01
916,20.0084,-26.6833,4.41E+00,4.56E+01,3.91E+01,6.59E+01
917,26.6762,-26.6762,4.19E+00,4.35E+01,3.44E+01,6.89E+01
918,33.3443,-26.6717,3.95E+00,3.99E+01,3.08E+01,6.26E+01
919,40.0126,-26.6691,3.69E+00,3.50E+01,2.82E+01,5.35E+01
920,46.6809,-26.6674,3.43E+00,3.06E+01,2.62E+01,4.51E+01
921,26.6833,-20.0085,4.41E+00,4.52E+01,3.92E+01,6.64E+01
922,26.6915,-13.3397,4.58E+00,4.84E+01,4.33E+01,5.12E+01
923,26.6969,-6.66893,4.66E+00,5.56E+01,4.43E+01,2.83E+01
924,20.024,-13.3445,4.91E+00,5.83E+01,5.48E+01,6.41E+01
925,13.3536,-13.3533,5.21E+00,7.40E+01,7.15E+01,6.47E+01
926,6.67655,-13.3648,5.42E+00,1.01E+02,8.59E+01,3.72E+01
927,13.3446,-20.0238,4.91E+00,5.93E+01,5.49E+01,6.30E+01
928,20.0147,-20.0146,4.68E+00,5.11E+01,4.66E+01,7.31E+01
929,6.67117,-20.0318,5.04E+00,7.26E+01,5.88E+01,3.47E+01
930,13.3655,-6.67625,5.42E+00,9.92E+01,8.45E+01,3.80E+01
931,20.0322,-6.67112,5.04E+00,7.07E+01,5.84E+01,3.60E+01
932,6.68836,-6.68748,5.74E+00,1.53E+02,1.20E+02,3.55E+01
933,46.6906,-13.3343,3.62E+00,3.15E+01,2.82E+01,2.74E+01
934,40.0244,-13.3353,3.93E+00,3.56E+01,3.16E+01,3.23E+01
935,33.3581,-13.337,4.25E+00,4.10E+01,3.63E+01,3.99E+01
936,40.0191,-20.0026,3.83E+00,3.40E+01,3.04E+01,4.44E+01
937,46.6864,-20.0012,3.55E+00,3.00E+01,2.76E+01,3.69E+01
938,33.3514,-20.0049,4.12E+00,3.92E+01,3.40E+01,5.46E+01
939,40.0269,-6.66739,3.97E+00,3.90E+01,3.14E+01,2.01E+01
940,46.6924,-6.66709,3.65E+00,3.40E+01,2.80E+01,1.84E+01
941,33.3617,-6.66791,4.31E+00,4.58E+01,3.64E+01,2.31E+01
942,26.6672,-46.681,3.43E+00,3.10E+01,2.60E+01,4.48E+01
943,26.6689,-40.0127,3.69E+00,3.53E+01,2.81E+01,5.32E+01
944,26.6716,-33.3443,3.95E+00,4.01E+01,3.07E+01,6.24E+01
945,13.3342,-46.6906,3.62E+00,3.21E+01,2.80E+01,2.68E+01
946,13.3352,-40.0244,3.93E+00,3.63E+01,3.14E+01,3.16E+01
947,13.3369,-33.358,4.25E+00,4.19E+01,3.61E+01,3.90E+01
948,6.66724,-40.0269,3.97E+00,3.97E+01,3.13E+01,1.95E+01
949,6.66692,-46.6924,3.65E+00,3.45E+01,2.79E+01,1.79E+01
950,6.66779,-33.3616,4.31E+00,4.68E+01,3.64E+01,2.23E+01
951,20.0025,-40.0191,3.83E+00,3.45E+01,3.02E+01,4.38E+01
952,20.001,-46.6865,3.55E+00,3.05E+01,2.74E+01,3.64E+01
953,20.0048,-33.3514,4.12E+00,3.97E+01,3.39E+01,5.40E+01
954,39.9993,-46.6702,3.13E+00,3.47E+01,2.26E+01,5.37E+01
955,40.0021,-40.0022,3.33E+00,3.69E+01,2.40E+01,5.76E+01
956,40.0066,-33.3353,3.52E+00,3.68E+01,2.59E+01,5.80E+01
957,33.3351,-40.0067,3.52E+00,3.70E+01,2.58E+01,5.79E+01
958,33.3331,-46.6752,3.29E+00,3.30E+01,2.42E+01,5.08E+01
959,33.3387,-33.3387,3.74E+00,3.97E+01,2.79E+01,6.30E+01
960,46.6701,-39.9994,3.13E+00,3.46E+01,2.26E+01,5.37E+01
961,46.6664,-46.6665,2.95E+00,3.47E+01,2.13E+01,5.31E+01
962,46.6751,-33.3332,3.29E+00,3.28E+01,2.43E+01,5.09E+01
1302,-99.992,-106.244,5.45E-01,1.51E+01,2.99E+01,1.11E+01
1303,-99.9922,-112.495,4.49E-01,1.39E+01,2.91E+01,1.07E+01
1304,-99.9928,-118.747,3.51E-01,1.21E+01,2.82E+01,9.73E+00
1305,-99.9937,-124.999,2.55E-01,9.51E+00,2.72E+01,7.96E+00
1306,-93.327,-125,2.91E-01,9.17E+00,2.69E+01,6.80E+00
1307,-86.6605,-125.001,3.23E-01,8.76E+00,2.62E+01,5.56E+00
1308,-79.994,-125.003,3.52E-01,8.34E+00,2.53E+01,4.51E+00
1309,-73.3277,-125.004,3.79E-01,7.95E+00,2.42E+01,3.94E+00
1310,-66.6615,-125.006,4.02E-01,7.60E+00,2.29E+01,4.03E+00
1311,-59.9953,-125.007,4.23E-01,7.31E+00,2.17E+01,4.77E+00
1312,-53.3291,-125.008,4.41E-01,7.08E+00,2.04E+01,5.98E+00
1313,-46.663,-125.009,4.58E-01,6.92E+00,1.92E+01,7.43E+00
1314,-39.9968,-125.01,4.72E-01,6.83E+00,1.80E+01,8.96E+00
1315,-33.3306,-125.011,4.85E-01,6.81E+00,1.69E+01,1.05E+01
1316,-26.6645,-125.012,4.96E-01,6.85E+00,1.58E+01,1.21E+01
1317,-19.9983,-125.012,5.05E-01,6.95E+00,1.48E+01,1.36E+01
1318,-13.3321,-125.013,5.13E-01,7.10E+00,1.39E+01,1.52E+01
1319,-6.66593,-125.013,5.19E-01,7.31E+00,1.30E+01,1.67E+01
1320,0.000272722,-125.013,5.23E-01,7.58E+00,1.23E+01,1.82E+01
1321,6.66649,-125.013,5.25E-01,7.90E+00,1.15E+01,1.97E+01
1322,13.3327,-125.013,5.25E-01,8.28E+00,1.09E+01,2.12E+01
1323,19.9989,-125.013,5.23E-01,8.73E+00,1.03E+01,2.27E+01
1324,26.6652,-125.013,5.19E-01,9.27E+00,9.69E+00,2.42E+01
1325,33.3314,-125.012,5.13E-01,9.91E+00,9.15E+00,2.56E+01
1326,39.9976,-125.012,5.05E-01,1.07E+01,8.64E+00,2.69E+01
1327,46.6638,-125.011,4.95E-01,1.16E+01,8.17E+00,2.82E+01
1328,53.33,-125.01,4.83E-01,1.26E+01,7.73E+00,2.95E+01
1329,59.9962,-125.009,4.69E-01,1.37E+01,7.34E+00,3.07E+01
1330,66.6624,-125.008,4.53E-01,1.48E+01,7.00E+00,3.18E+01
1331,73.3286,-125.007,4.35E-01,1.59E+01,6.73E+00,3.28E+01
1332,79.995,-125.006,4.15E-01,1.70E+01,6.53E+00,3.38E+01
1333,86.6614,-125.005,3.92E-01,1.79E+01,6.41E+00,3.46E+01
1334,93.328,-125.003,3.66E-01,1.85E+01,6.36E+00,3.52E+01
1335,99.9948,-125.002,3.36E-01,1.87E+01,6.39E+00,3.56E+01
1336,99.9943,-118.75,4.50E-01,2.02E+01,7.77E+00,3.50E+01
1337,99.9943,-112.499,5.59E-01,2.13E+01,8.74E+00,3.49E+01
1338,99.9946,-106.247,6.62E-01,2.21E+01,9.42E+00,3.51E+01
1339,0.000316181,-118.765,7.35E-01,1.11E+01,1.38E+01,1.59E+01
1340,0.000364796,-112.517,9.58E-01,1.37E+01,1.51E+01,1.45E+01
1341,0.000403783,-106.268,1.19E+00,1.57E+01,1.62E+01,1.37E+01
1342,-53.3282,-118.758,6.15E-01,1.08E+01,2.19E+01,4.04E+00
1343,-53.3273,-112.507,7.95E-01,1.37E+01,2.34E+01,3.56E+00
1344,-53.3264,-106.257,9.78E-01,1.59E+01,2.47E+01,3.86E+00
1345,-79.9929,-118.752,4.87E-01,1.17E+01,2.68E+01,6.16E+00
1346,-79.9918,-112.5,6.25E-01,1.41E+01,2.83E+01,7.55E+00
1347,-79.9909,-106.248,7.63E-01,1.59E+01,2.97E+01,8.45E+00
1348,-86.6584,-112.498,5.72E-01,1.41E+01,2.90E+01,8.81E+00
1349,-93.3251,-112.497,5.13E-01,1.41E+01,2.93E+01,9.90E+00
1350,-86.6593,-118.75,4.46E-01,1.19E+01,2.76E+01,7.49E+00
1351,-93.3259,-118.748,4.01E-01,1.21E+01,2.81E+01,8.73E+00
1352,-86.6576,-106.246,6.96E-01,1.57E+01,3.02E+01,9.56E+00
1353,-93.3245,-106.245,6.23E-01,1.55E+01,3.03E+01,1.05E+01
1354,-66.6604,-118.755,5.58E-01,1.12E+01,2.45E+01,3.96E+00
1355,-66.6594,-112.504,7.19E-01,1.39E+01,2.60E+01,4.95E+00
1356,-66.6584,-106.252,8.80E-01,1.60E+01,2.75E+01,5.91E+00
1357,-73.3256,-112.502,6.74E-01,1.40E+01,2.72E+01,6.22E+00
1358,-73.3265,-118.753,5.25E-01,1.14E+01,2.57E+01,4.90E+00
1359,-73.3245,-106.25,8.24E-01,1.59E+01,2.87E+01,7.20E+00
1360,-59.9933,-112.506,7.59E-01,1.38E+01,2.47E+01,3.97E+00
1361,-59.9943,-118.756,5.88E-01,1.10E+01,2.32E+01,3.63E+00
1362,-59.9923,-106.254,9.31E-01,1.59E+01,2.62E+01,4.72E+00
1363,-26.6641,-118.763,6.95E-01,1.06E+01,1.73E+01,9.44E+00
1364,-26.6636,-112.514,9.04E-01,1.35E+01,1.85E+01,7.76E+00
1365,-26.6633,-106.264,1.12E+00,1.57E+01,1.96E+01,6.70E+00
1366,-39.9961,-118.761,6.60E-01,1.06E+01,1.95E+01,6.38E+00
1367,-39.9955,-112.511,8.57E-01,1.35E+01,2.08E+01,4.89E+00
1368,-39.9948,-106.261,1.06E+00,1.58E+01,2.20E+01,4.16E+00
1369,-46.6613,-112.509,8.28E-01,1.36E+01,2.21E+01,3.91E+00
1370,-46.6621,-118.759,6.39E-01,1.07E+01,2.07E+01,5.04E+00
1371,-46.6606,-106.259,1.02E+00,1.59E+01,2.33E+01,3.63E+00
1372,-33.3296,-112.512,8.82E-01,1.35E+01,1.96E+01,6.24E+00
1373,-33.3301,-118.762,6.79E-01,1.06E+01,1.83E+01,7.88E+00
1374,-33.3291,-106.262,1.09E+00,1.58E+01,2.08E+01,5.27E+00
1375,-13.3319,-118.764,7.20E-01,1.08E+01,1.54E+01,1.26E+01
1376,-13.3316,-112.516,9.39E-01,1.35E+01,1.66E+01,1.10E+01
1377,-13.3315,-106.267,1.16E+00,1.57E+01,1.77E+01,1.00E+01
1378,-19.9977,-112.515,9.23E-01,1.35E+01,1.75E+01,9.37E+00
1379,-19.998,-118.764,7.09E-01,1.07E+01,1.63E+01,1.10E+01
1380,-19.9974,-106.265,1.14E+00,1.57E+01,1.86E+01,8.31E+00
1381,-6.66565,-112.516,9.51E-01,1.36E+01,1.58E+01,1.27E+01
1382,-6.66578,-118.765,7.29E-01,1.09E+01,1.46E+01,1.43E+01
1383,-6.66555,-106.267,1.18E+00,1.57E+01,1.69E+01,1.18E+01
1384,46.6633,-118.762,6.89E-01,1.43E+01,9.87E+00,2.70E+01
1385,46.6628,-112.512,8.92E-01,1.62E+01,1.13E+01,2.68E+01
1386,46.6624,-106.262,1.10E+00,1.76E+01,1.25E+01,2.72E+01
1387,19.9988,-118.765,7.34E-01,1.19E+01,1.19E+01,2.08E+01
1388,19.9986,-112.516,9.57E-01,1.42E+01,1.33E+01,1.99E+01
1389,19.9985,-106.268,1.19E+00,1.58E+01,1.45E+01,1.96E+01
1390,13.3325,-112.517,9.62E-01,1.39E+01,1.38E+01,1.81E+01
1391,6.66643,-112.517,9.62E-01,1.38E+01,1.44E+01,1.63E+01
1392,13.3326,-118.765,7.38E-01,1.16E+01,1.25E+01,1.92E+01
1393,6.66645,-118.765,7.38E-01,1.13E+01,1.31E+01,1.75E+01
1394,13.3324,-106.268,1.19E+00,1.57E+01,1.50E+01,1.76E+01
1395,6.66641,-106.268,1.19E+00,1.57E+01,1.55E+01,1.56E+01
1396,33.331,-118.764,7.18E-01,1.29E+01,1.08E+01,2.40E+01
1397,33.3308,-112.515,9.33E-01,1.49E+01,1.23E+01,2.34E+01
1398,33.3305,-106.266,1.15E+00,1.64E+01,1.35E+01,2.35E+01
1399,26.6647,-112.516,9.47E-01,1.45E+01,1.28E+01,2.17E+01
1400,26.6649,-118.765,7.28E-01,1.23E+01,1.14E+01,2.24E+01
1401,26.6645,-106.267,1.17E+00,1.60E+01,1.40E+01,2.16E+01
1402,39.9968,-112.514,9.14E-01,1.55E+01,1.18E+01,2.51E+01
1403,39.9972,-118.763,7.05E-01,1.35E+01,1.03E+01,2.56E+01
1404,39.9965,-106.264,1.13E+00,1.69E+01,1.30E+01,2.54E+01
1405,73.3278,-118.757,5.98E-01,1.84E+01,8.40E+00,3.21E+01
1406,73.3272,-112.506,7.63E-01,2.01E+01,9.74E+00,3.24E+01
1407,73.3267,-106.254,9.26E-01,2.16E+01,1.08E+01,3.32E+01
1408,59.9955,-118.759,6.49E-01,1.63E+01,9.04E+00,2.97E+01
1409,59.9949,-112.509,8.35E-01,1.81E+01,1.04E+01,2.98E+01
1410,59.9944,-106.258,1.02E+00,1.95E+01,1.16E+01,3.05E+01
1411,53.3288,-112.511,8.65E-01,1.71E+01,1.09E+01,2.83E+01
1412,53.3294,-118.761,6.71E-01,1.52E+01,9.43E+00,2.84E+01
1413,53.3284,-106.26,1.06E+00,1.85E+01,1.21E+01,2.89E+01
1414,66.661,-112.507,8.01E-01,1.91E+01,1.01E+01,3.11E+01
1415,66.6616,-118.758,6.25E-01,1.73E+01,8.69E+00,3.10E+01
1416,66.6604,-106.256,9.76E-01,2.06E+01,1.12E+01,3.19E+01
1417,86.6607,-118.753,5.33E-01,2.00E+01,7.99E+00,3.41E+01
1418,86.6602,-112.502,6.73E-01,2.15E+01,9.19E+00,3.43E+01
1419,86.6599,-106.25,8.08E-01,2.27E+01,1.01E+01,3.49E+01
1420,79.9936,-112.504,7.21E-01,2.09E+01,9.45E+00,3.34E+01
1421,79.9942,-118.755,5.68E-01,1.93E+01,8.17E+00,3.32E+01
1422,79.9932,-106.252,8.70E-01,2.23E+01,1.05E+01,3.42E+01
1423,93.3271,-112.5,6.19E-01,2.16E+01,8.96E+00,3.48E+01
1424,93.3274,-118.752,4.94E-01,2.03E+01,7.86E+00,3.47E+01
1425,93.3271,-106.248,7.39E-01,2.26E+01,9.77E+00,3.52E+01
1426,99.992,106.244,5.44E-01,1.51E+01,2.99E+01,1.11E+01
1427,99.9922,112.495,4.49E-01,1.39E+01,2.91E+01,1.07E+01
1428,99.9928,118.747,3.51E-01,1.21E+01,2.82E+01,9.71E+00
1429,99.9937,124.999,2.54E-01,9.49E+00,2.72E+01,7.92E+00
1430,93.327,125,2.90E-01,9.15E+00,2.70E+01,6.76E+00
1431,86.6605,125.001,3.22E-01,8.74E+00,2.64E+01,5.52E+00
1432,79.994,125.003,3.52E-01,8.31E+00,2.55E+01,4.47E+00
1433,73.3277,125.004,3.78E-01,7.91E+00,2.44E+01,3.93E+00
1434,66.6614,125.005,4.01E-01,7.54E+00,2.32E+01,4.07E+00
1435,59.9952,125.007,4.22E-01,7.23E+00,2.19E+01,4.86E+00
1436,53.329,125.008,4.40E-01,6.98E+00,2.07E+01,6.11E+00
1437,46.6629,125.009,4.57E-01,6.80E+00,1.95E+01,7.59E+00
1438,39.9967,125.01,4.71E-01,6.67E+00,1.83E+01,9.15E+00
1439,33.3306,125.011,4.84E-01,6.61E+00,1.72E+01,1.07E+01
1440,26.6644,125.011,4.95E-01,6.61E+00,1.61E+01,1.23E+01
1441,19.9982,125.012,5.04E-01,6.67E+00,1.51E+01,1.39E+01
1442,13.332,125.013,5.11E-01,6.78E+00,1.42E+01,1.54E+01
1443,6.66585,125.013,5.17E-01,6.95E+00,1.33E+01,1.70E+01
1444,-0.000354644,125.013,5.21E-01,7.18E+00,1.25E+01,1.85E+01
1445,-6.66657,125.013,5.24E-01,7.47E+00,1.18E+01,2.00E+01
1446,-13.3328,125.013,5.24E-01,7.82E+00,1.11E+01,2.15E+01
1447,-19.999,125.013,5.22E-01,8.25E+00,1.05E+01,2.29E+01
1448,-26.6653,125.013,5.18E-01,8.77E+00,9.87E+00,2.43E+01
1449,-33.3314,125.013,5.12E-01,9.41E+00,9.31E+00,2.57E+01
1450,-39.9977,125.012,5.03E-01,1.02E+01,8.78E+00,2.71E+01
1451,-46.6639,125.011,4.93E-01,1.11E+01,8.29E+00,2.83E+01
1452,-53.33,125.01,4.81E-01,1.21E+01,7.83E+00,2.95E+01
1453,-59.9962,125.009,4.67E-01,1.32E+01,7.42E+00,3.07E+01
1454,-66.6625,125.008,4.52E-01,1.44E+01,7.07E+00,3.17E+01
1455,-73.3287,125.007,4.34E-01,1.55E+01,6.78E+00,3.28E+01
1456,-79.995,125.006,4.14E-01,1.66E+01,6.57E+00,3.37E+01
1457,-86.6615,125.005,3.91E-01,1.76E+01,6.44E+00,3.45E+01
1458,-93.328,125.003,3.65E-01,1.82E+01,6.39E+00,3.51E+01
1459,-99.9948,125.002,3.35E-01,1.85E+01,6.42E+00,3.55E+01
1460,-99.9943,118.75,4.49E-01,2.00E+01,7.81E+00,3.50E+01
1461,-99.9943,112.499,5.59E-01,2.11E+01,8.78E+00,3.49E+01
1462,-99.9946,106.247,6.62E-01,2.20E+01,9.46E+00,3.51E+01
1463,-0.000450532,118.765,7.33E-01,1.07E+01,1.41E+01,1.61E+01
1464,-0.000535852,112.517,9.57E-01,1.33E+01,1.53E+01,1.46E+01
1465,-0.000613764,106.268,1.19E+00,1.54E+01,1.64E+01,1.38E+01
1466,53.3281,118.758,6.14E-01,1.07E+01,2.23E+01,4.11E+00
1467,53.3272,112.507,7.95E-01,1.36E+01,2.37E+01,3.58E+00
1468,53.3263,106.256,9.77E-01,1.58E+01,2.50E+01,3.86E+00
1469,79.9928,118.751,4.87E-01,1.16E+01,2.70E+01,6.11E+00
1470,79.9918,112.5,6.25E-01,1.41E+01,2.84E+01,7.52E+00
1471,79.9909,106.248,7.62E-01,1.58E+01,2.98E+01,8.42E+00
1472,86.6583,112.498,5.71E-01,1.41E+01,2.91E+01,8.78E+00
1473,93.3251,112.497,5.12E-01,1.41E+01,2.93E+01,9.87E+00
1474,86.6593,118.75,4.46E-01,1.19E+01,2.78E+01,7.44E+00
1475,93.3259,118.748,4.01E-01,1.20E+01,2.82E+01,8.69E+00
1476,86.6576,106.246,6.95E-01,1.57E+01,3.03E+01,9.54E+00
1477,93.3246,106.245,6.23E-01,1.55E+01,3.03E+01,1.05E+01
1478,66.6603,118.755,5.57E-01,1.11E+01,2.48E+01,3.94E+00
1479,66.6593,112.504,7.18E-01,1.38E+01,2.63E+01,4.92E+00
1480,66.6583,106.252,8.80E-01,1.59E+01,2.78E+01,5.88E+00
1481,73.3255,112.502,6.74E-01,1.40E+01,2.75E+01,6.18E+00
1482,73.3265,118.753,5.24E-01,1.14E+01,2.60E+01,4.85E+00
1483,73.3245,106.25,8.24E-01,1.59E+01,2.89E+01,7.17E+00
1484,59.9932,112.505,7.58E-01,1.37E+01,2.50E+01,3.95E+00
1485,59.9942,118.756,5.87E-01,1.09E+01,2.35E+01,3.66E+00
1486,59.9923,106.254,9.31E-01,1.59E+01,2.64E+01,4.70E+00
1487,26.6639,118.763,6.94E-01,1.04E+01,1.76E+01,9.62E+00
1488,26.6635,112.513,9.04E-01,1.33E+01,1.88E+01,7.89E+00
1489,26.663,106.264,1.12E+00,1.56E+01,1.99E+01,6.80E+00
1490,39.996,118.76,6.59E-01,1.05E+01,1.98E+01,6.52E+00
1491,39.9953,112.511,8.56E-01,1.34E+01,2.11E+01,4.98E+00
1492,39.9947,106.26,1.06E+00,1.57E+01,2.23E+01,4.21E+00
1493,46.6613,112.509,8.27E-01,1.35E+01,2.24E+01,3.97E+00
1494,46.662,118.759,6.38E-01,1.06E+01,2.10E+01,5.15E+00
1495,46.6605,106.258,1.02E+00,1.58E+01,2.36E+01,3.66E+00
1496,33.3294,112.512,8.81E-01,1.33E+01,1.99E+01,6.35E+00
1497,33.33,118.762,6.78E-01,1.04E+01,1.87E+01,8.04E+00
1498,33.3289,106.262,1.09E+00,1.56E+01,2.11E+01,5.35E+00
1499,13.3318,118.764,7.19E-01,1.05E+01,1.57E+01,1.28E+01
1500,13.3315,112.515,9.38E-01,1.32E+01,1.69E+01,1.12E+01
1501,13.3313,106.266,1.16E+00,1.54E+01,1.79E+01,1.02E+01
1502,19.9975,112.515,9.22E-01,1.32E+01,1.78E+01,9.51E+00
1503,19.9978,118.763,7.08E-01,1.04E+01,1.66E+01,1.12E+01
1504,19.9972,106.265,1.14E+00,1.55E+01,1.89E+01,8.43E+00
1505,6.6655,112.516,9.49E-01,1.33E+01,1.61E+01,1.29E+01
1506,6.66567,118.765,7.28E-01,1.06E+01,1.48E+01,1.45E+01
1507,6.66536,106.267,1.18E+00,1.54E+01,1.71E+01,1.20E+01
1508,-46.6634,118.762,6.88E-01,1.39E+01,1.00E+01,2.70E+01
1509,-46.663,112.512,8.91E-01,1.58E+01,1.14E+01,2.67E+01
1510,-46.6627,106.263,1.10E+00,1.73E+01,1.27E+01,2.71E+01
1511,-19.9989,118.765,7.33E-01,1.15E+01,1.21E+01,2.10E+01
1512,-19.9988,112.516,9.56E-01,1.38E+01,1.35E+01,2.00E+01
1513,-19.9987,106.268,1.19E+00,1.55E+01,1.47E+01,1.97E+01
1514,-13.3328,112.517,9.61E-01,1.36E+01,1.40E+01,1.82E+01
1515,-6.66658,112.517,9.61E-01,1.34E+01,1.47E+01,1.64E+01
1516,-13.3327,118.765,7.36E-01,1.11E+01,1.27E+01,1.94E+01
1517,-6.66658,118.765,7.36E-01,1.09E+01,1.34E+01,1.77E+01
1518,-13.3326,106.268,1.19E+00,1.54E+01,1.52E+01,1.77E+01
1519,-6.66662,106.268,1.19E+00,1.54E+01,1.58E+01,1.57E+01
1520,-33.3311,118.764,7.17E-01,1.24E+01,1.10E+01,2.41E+01
1521,-33.3309,112.515,9.32E-01,1.45E+01,1.24E+01,2.35E+01
1522,-33.3307,106.266,1.15E+00,1.60E+01,1.37E+01,2.35E+01
1523,-26.6648,112.516,9.46E-01,1.41E+01,1.29E+01,2.18E+01
1524,-26.665,118.765,7.26E-01,1.19E+01,1.16E+01,2.26E+01
1525,-26.6647,106.267,1.17E+00,1.57E+01,1.42E+01,2.16E+01
1526,-39.997,112.514,9.14E-01,1.51E+01,1.19E+01,2.51E+01
1527,-39.9973,118.763,7.04E-01,1.31E+01,1.05E+01,2.56E+01
1528,-39.9967,106.264,1.13E+00,1.65E+01,1.32E+01,2.54E+01
1529,-73.3279,118.757,5.97E-01,1.80E+01,8.47E+00,3.21E+01
1530,-73.3273,112.506,7.63E-01,1.98E+01,9.81E+00,3.23E+01
1531,-73.3268,106.254,9.26E-01,2.13E+01,1.09E+01,3.31E+01
1532,-59.9956,118.76,6.49E-01,1.59E+01,9.14E+00,2.97E+01
1533,-59.995,112.509,8.35E-01,1.77E+01,1.05E+01,2.97E+01
1534,-59.9945,106.259,1.02E+00,1.92E+01,1.17E+01,3.03E+01
1535,-53.3291,112.511,8.65E-01,1.67E+01,1.10E+01,2.82E+01
1536,-53.3296,118.761,6.70E-01,1.48E+01,9.56E+00,2.84E+01
1537,-53.3286,106.261,1.06E+00,1.82E+01,1.22E+01,2.88E+01
1538,-66.661,112.508,8.01E-01,1.88E+01,1.02E+01,3.10E+01
1539,-66.6618,118.758,6.24E-01,1.69E+01,8.78E+00,3.09E+01
1540,-66.6606,106.256,9.77E-01,2.03E+01,1.13E+01,3.18E+01
1541,-86.6608,118.754,5.32E-01,1.97E+01,8.04E+00,3.40E+01
1542,-86.6603,112.502,6.73E-01,2.12E+01,9.24E+00,3.42E+01
1543,-86.66,106.25,8.08E-01,2.25E+01,1.02E+01,3.48E+01
1544,-79.9936,112.504,7.20E-01,2.07E+01,9.50E+00,3.33E+01
1545,-79.9942,118.755,5.67E-01,1.90E+01,8.23E+00,3.31E+01
1546,-79.9932,106.252,8.70E-01,2.21E+01,1.05E+01,3.41E+01
1547,-93.3271,112.5,6.19E-01,2.14E+01,9.00E+00,3.47E+01
1548,-93.3274,118.752,4.93E-01,2.01E+01,7.90E+00,3.46E+01
1549,-93.327,106.248,7.39E-01,2.25E+01,9.81E+00,3.52E+01
1550,106.244,124.997,2.17E-01,9.67E+00,2.70E+01,8.80E+00
1551,112.494,124.996,1.78E-01,9.60E+00,2.64E+01,9.25E+00
1552,118.745,124.996,1.38E-01,9.12E+00,2.53E+01,9.14E+00
1553,124.995,124.995,9.73E-02,8.03E+00,2.43E+01,8.36E+00
1554,124.996,118.745,1.38E-01,9.12E+00,2.53E+01,9.15E+00
1555,124.996,112.494,1.78E-01,9.60E+00,2.63E+01,9.26E+00
1556,124.997,106.244,2.18E-01,9.67E+00,2.70E+01,8.82E+00
1557,124.999,99.9937,2.54E-01,9.49E+00,2.71E+01,7.95E+00
1558,125,93.327,2.90E-01,9.15E+00,2.69E+01,6.79E+00
1559,125.001,86.6605,3.23E-01,8.74E+00,2.63E+01,5.55E+00
1560,125.003,79.994,3.52E-01,8.31E+00,2.53E+01,4.49E+00
1561,125.004,73.3277,3.78E-01,7.91E+00,2.42E+01,3.93E+00
1562,125.005,66.6615,4.02E-01,7.55E+00,2.30E+01,4.04E+00
1563,125.007,59.9952,4.23E-01,7.25E+00,2.18E+01,4.80E+00
1564,125.008,53.3291,4.41E-01,7.02E+00,2.05E+01,6.03E+00
1565,125.009,46.6629,4.57E-01,6.85E+00,1.93E+01,7.49E+00
1566,125.01,39.9967,4.72E-01,6.75E+00,1.82E+01,9.05E+00
1567,125.011,33.3306,4.85E-01,6.71E+00,1.71E+01,1.06E+01
1568,125.011,26.6644,4.95E-01,6.73E+00,1.60E+01,1.22E+01
1569,125.012,19.9982,5.05E-01,6.81E+00,1.50E+01,1.38E+01
1570,125.013,13.3321,5.12E-01,6.95E+00,1.41E+01,1.53E+01
1571,125.013,6.66588,5.18E-01,7.14E+00,1.32E+01,1.68E+01
1572,125.013,-0.000327562,5.22E-01,7.39E+00,1.24E+01,1.84E+01
1573,125.013,-6.66654,5.25E-01,7.70E+00,1.17E+01,1.99E+01
1574,125.013,-13.3327,5.25E-01,8.06E+00,1.10E+01,2.14E+01
1575,125.013,-19.999,5.23E-01,8.51E+00,1.04E+01,2.28E+01
1576,125.013,-26.6652,5.19E-01,9.04E+00,9.81E+00,2.43E+01
1577,125.012,-33.3314,5.12E-01,9.68E+00,9.26E+00,2.57E+01
1578,125.012,-39.9976,5.04E-01,1.04E+01,8.74E+00,2.70E+01
1579,125.011,-46.6639,4.94E-01,1.13E+01,8.25E+00,2.83E+01
1580,125.01,-53.33,4.82E-01,1.23E+01,7.80E+00,2.95E+01
1581,125.009,-59.9962,4.68E-01,1.34E+01,7.39E+00,3.07E+01
1582,125.008,-66.6625,4.52E-01,1.46E+01,7.04E+00,3.18E+01
1583,125.007,-73.3286,4.35E-01,1.57E+01,6.76E+00,3.28E+01
1584,125.006,-79.995,4.15E-01,1.68E+01,6.55E+00,3.37E+01
1585,125.005,-86.6615,3.92E-01,1.77E+01,6.42E+00,3.45E+01
1586,125.003,-93.328,3.66E-01,1.83E+01,6.37E+00,3.52E+01
1587,125.002,-99.9948,3.36E-01,1.86E+01,6.39E+00,3.55E+01
1588,125.001,-106.245,3.03E-01,1.84E+01,6.46E+00,3.56E+01
1589,124.999,-112.496,2.66E-01,1.76E+01,6.54E+00,3.54E+01
1590,124.998,-118.746,2.23E-01,1.65E+01,6.51E+00,3.50E+01
1591,124.997,-124.997,1.75E-01,1.52E+01,6.20E+00,3.48E+01
1592,118.746,-124.998,2.23E-01,1.65E+01,6.50E+00,3.50E+01
1593,112.496,-124.999,2.66E-01,1.77E+01,6.53E+00,3.54E+01
1594,106.245,-125.001,3.03E-01,1.85E+01,6.46E+00,3.56E+01
1595,118.765,-0.000397236,7.34E-01,1.09E+01,1.40E+01,1.60E+01
1596,112.517,-0.000457461,9.58E-01,1.35E+01,1.52E+01,1.46E+01
1597,106.268,-0.00051173,1.19E+00,1.55E+01,1.63E+01,1.38E+01
1598,118.755,66.6604,5.58E-01,1.12E+01,2.46E+01,3.95E+00
1599,112.504,66.6593,7.19E-01,1.39E+01,2.61E+01,4.94E+00
1600,106.252,66.6583,8.80E-01,1.59E+01,2.76E+01,5.90E+00
1601,118.747,99.7864,3.53E-01,1.21E+01,2.81E+01,9.72E+00
1602,112.495,99.7858,4.51E-01,1.39E+01,2.90E+01,1.07E+01
1603,106.244,99.7856,5.47E-01,1.51E+01,2.99E+01,1.11E+01
1604,112.494,106.158,3.86E-01,1.35E+01,2.84E+01,1.11E+01
1605,112.494,112.494,3.17E-01,1.28E+01,2.76E+01,1.11E+01
1606,112.494,118.745,2.48E-01,1.16E+01,2.69E+01,1.06E+01
1607,118.745,112.494,2.48E-01,1.16E+01,2.69E+01,1.06E+01
1608,118.739,106.172,3.02E-01,1.20E+01,2.77E+01,1.04E+01
1609,118.745,118.745,1.93E-01,1.07E+01,2.59E+01,1.02E+01
1610,106.243,112.494,3.85E-01,1.35E+01,2.84E+01,1.11E+01
1611,106.25,106.172,4.67E-01,1.45E+01,2.92E+01,1.13E+01
1612,106.243,118.746,3.01E-01,1.20E+01,2.77E+01,1.04E+01
1613,118.75,86.6593,4.46E-01,1.19E+01,2.77E+01,7.48E+00
1614,112.498,86.6584,5.72E-01,1.41E+01,2.90E+01,8.81E+00
1615,106.246,86.6576,6.95E-01,1.57E+01,3.02E+01,9.55E+00
1616,112.497,93.2401,5.13E-01,1.41E+01,2.92E+01,9.89E+00
1617,118.755,93.2551,4.01E-01,1.20E+01,2.81E+01,8.71E+00
1618,106.238,93.2537,6.24E-01,1.55E+01,3.03E+01,1.05E+01
1619,112.502,73.3255,6.74E-01,1.40E+01,2.73E+01,6.21E+00
1620,112.5,79.9918,6.25E-01,1.41E+01,2.83E+01,7.54E+00
1621,118.753,73.3266,5.25E-01,1.14E+01,2.58E+01,4.88E+00
1622,118.752,79.9929,4.87E-01,1.16E+01,2.69E+01,6.14E+00
1623,106.25,73.3245,8.24E-01,1.59E+01,2.88E+01,7.19E+00
1624,106.248,79.9909,7.62E-01,1.59E+01,2.97E+01,8.44E+00
1625,118.762,33.33,6.79E-01,1.05E+01,1.85E+01,7.96E+00
1626,112.512,33.3295,8.82E-01,1.34E+01,1.98E+01,6.29E+00
1627,106.262,33.329,1.09E+00,1.57E+01,2.09E+01,5.31E+00
1628,118.758,53.3281,6.15E-01,1.08E+01,2.21E+01,4.07E+00
1629,112.507,53.3273,7.95E-01,1.36E+01,2.35E+01,3.57E+00
1630,106.257,53.3264,9.78E-01,1.59E+01,2.48E+01,3.86E+00
1631,112.506,59.9933,7.59E-01,1.37E+01,2.48E+01,3.96E+00
1632,118.756,59.9942,5.88E-01,1.10E+01,2.34E+01,3.64E+00
1633,106.254,59.9923,9.31E-01,1.59E+01,2.62E+01,4.71E+00
1634,112.511,39.9954,8.56E-01,1.34E+01,2.09E+01,4.93E+00
1635,112.509,46.6613,8.27E-01,1.35E+01,2.22E+01,3.93E+00
1636,118.761,39.9961,6.60E-01,1.05E+01,1.97E+01,6.45E+00
1637,118.759,46.6621,6.39E-01,1.06E+01,2.08E+01,5.09E+00
1638,106.261,39.9948,1.06E+00,1.58E+01,2.21E+01,4.18E+00
1639,106.259,46.6606,1.02E+00,1.58E+01,2.34E+01,3.64E+00
1640,118.763,19.9979,7.08E-01,1.05E+01,1.65E+01,1.11E+01
1641,112.515,19.9976,9.23E-01,1.34E+01,1.77E+01,9.45E+00
1642,106.265,19.9973,1.14E+00,1.56E+01,1.87E+01,8.38E+00
1643,112.513,26.6635,9.04E-01,1.34E+01,1.87E+01,7.83E+00
1644,118.763,26.664,6.95E-01,1.05E+01,1.75E+01,9.53E+00
1645,106.264,26.6631,1.12E+00,1.57E+01,1.98E+01,6.76E+00
1646,112.516,6.66558,9.50E-01,1.34E+01,1.60E+01,1.28E+01
1647,112.515,13.3316,9.38E-01,1.34E+01,1.68E+01,1.11E+01
1648,118.765,6.66572,7.28E-01,1.07E+01,1.47E+01,1.44E+01
1649,118.764,13.3318,7.20E-01,1.06E+01,1.56E+01,1.27E+01
1650,106.267,6.66546,1.18E+00,1.56E+01,1.70E+01,1.19E+01
1651,106.266,13.3314,1.16E+00,1.56E+01,1.78E+01,1.01E+01
1652,118.76,-59.9955,6.49E-01,1.61E+01,9.09E+00,2.97E+01
1653,112.509,-59.9949,8.35E-01,1.79E+01,1.05E+01,2.97E+01
1654,106.258,-59.9945,1.02E+00,1.94E+01,1.17E+01,3.04E+01
1655,118.764,-26.665,7.27E-01,1.21E+01,1.15E+01,2.25E+01
1656,112.516,-26.6648,9.46E-01,1.43E+01,1.29E+01,2.18E+01
1657,106.267,-26.6647,1.17E+00,1.59E+01,1.41E+01,2.16E+01
1658,118.765,-13.3326,7.37E-01,1.14E+01,1.26E+01,1.93E+01
1659,112.517,-13.3326,9.61E-01,1.38E+01,1.39E+01,1.82E+01
1660,106.268,-13.3325,1.19E+00,1.56E+01,1.51E+01,1.77E+01
1661,112.517,-6.6665,9.61E-01,1.36E+01,1.45E+01,1.64E+01
1662,118.765,-6.66651,7.37E-01,1.11E+01,1.33E+01,1.76E+01
1663,106.268,-6.6665,1.19E+00,1.55E+01,1.56E+01,1.57E+01
1664,112.516,-19.9987,9.56E-01,1.40E+01,1.34E+01,2.00E+01
1665,118.765,-19.9988,7.34E-01,1.17E+01,1.20E+01,2.09E+01
1666,106.268,-19.9986,1.19E+00,1.57E+01,1.46E+01,1.97E+01
1667,118.763,-39.9972,7.04E-01,1.33E+01,1.04E+01,2.56E+01
1668,112.514,-39.9969,9.13E-01,1.53E+01,1.19E+01,2.52E+01
1669,106.264,-39.9966,1.13E+00,1.67E+01,1.31E+01,2.54E+01
1670,112.515,-33.3309,9.32E-01,1.47E+01,1.23E+01,2.35E+01
1671,118.764,-33.3312,7.17E-01,1.26E+01,1.09E+01,2.41E+01
1672,106.266,-33.3307,1.15E+00,1.62E+01,1.36E+01,2.36E+01
1673,112.511,-53.329,8.65E-01,1.69E+01,1.09E+01,2.83E+01
1674,112.512,-46.6628,8.91E-01,1.60E+01,1.14E+01,2.68E+01
1675,118.761,-53.3294,6.70E-01,1.50E+01,9.50E+00,2.84E+01
1676,118.762,-46.6634,6.89E-01,1.41E+01,9.95E+00,2.71E+01
1677,106.26,-53.3284,1.06E+00,1.84E+01,1.21E+01,2.88E+01
1678,106.262,-46.6626,1.10E+00,1.75E+01,1.26E+01,2.72E+01
1679,118.76,-93.2475,4.94E-01,2.02E+01,7.87E+00,3.46E+01
1680,112.5,-93.2268,6.20E-01,2.15E+01,8.97E+00,3.47E+01
1681,106.24,-93.2471,7.40E-01,2.26E+01,9.78E+00,3.52E+01
1682,118.757,-73.3279,5.98E-01,1.82E+01,8.44E+00,3.21E+01
1683,112.506,-73.3272,7.63E-01,1.99E+01,9.77E+00,3.23E+01
1684,106.254,-73.3267,9.26E-01,2.14E+01,1.08E+01,3.31E+01
1685,112.507,-66.661,8.01E-01,1.90E+01,1.01E+01,3.11E+01
1686,118.758,-66.6616,6.25E-01,1.71E+01,8.74E+00,3.10E+01
1687,106.256,-66.6605,9.76E-01,2.04E+01,1.12E+01,3.18E+01
1688,112.502,-86.63,6.73E-01,2.13E+01,9.21E+00,3.42E+01
1689,112.504,-79.9936,7.20E-01,2.08E+01,9.47E+00,3.34E+01
1690,118.756,-86.6406,5.33E-01,1.98E+01,8.01E+00,3.40E+01
1691,118.755,-79.9942,5.67E-01,1.91E+01,8.19E+00,3.32E+01
1692,106.247,-86.6399,8.08E-01,2.26E+01,1.01E+01,3.49E+01
1693,106.252,-79.9932,8.70E-01,2.22E+01,1.05E+01,3.42E+01
1694,118.741,-106.165,4.03E-01,1.96E+01,7.69E+00,3.49E+01
1695,112.497,-106.145,4.97E-01,2.05E+01,8.49E+00,3.47E+01
1696,106.254,-106.166,5.83E-01,2.13E+01,9.02E+00,3.49E+01
1697,112.499,-99.7233,5.61E-01,2.12E+01,8.75E+00,3.49E+01
1698,118.751,-99.7468,4.51E-01,2.01E+01,7.78E+00,3.49E+01
1699,106.247,-99.7471,6.65E-01,2.21E+01,9.43E+00,3.51E+01
1700,112.496,-118.748,3.49E-01,1.86E+01,7.52E+00,3.47E+01
1701,112.496,-112.466,4.26E-01,1.96E+01,8.12E+00,3.46E+01
1702,118.747,-118.747,2.89E-01,1.75E+01,7.19E+00,3.46E+01
1703,118.745,-112.476,3.49E-01,1.86E+01,7.53E+00,3.47E+01
1704,106.245,-118.749,4.02E-01,1.96E+01,7.68E+00,3.50E+01
1705,106.248,-112.477,4.96E-01,2.05E+01,8.48E+00,3.48E+01
1706,-106.245,125.001,3.02E-01,1.83E+01,6.49E+00,3.56E+01
1707,-112.496,124.999,2.65E-01,1.76E+01,6.57E+00,3.54E+01
1708,-118.746,124.998,2.23E-01,1.65E+01,6.56E+00,3.51E+01
1709,-124.997,124.997,1.75E-01,1.52E+01,6.26E+00,3.48E+01
1710,-124.998,118.746,2.23E-01,1.65E+01,6.55E+00,3.51E+01
1711,-124.999,112.496,2.65E-01,1.77E+01,6.57E+00,3.55E+01
1712,-125.001,106.245,3.03E-01,1.84E+01,6.49E+00,3.57E+01
1713,-125.002,99.9947,3.35E-01,1.87E+01,6.41E+00,3.56E+01
1714,-125.003,93.328,3.65E-01,1.84E+01,6.39E+00,3.52E+01
1715,-125.005,86.6614,3.91E-01,1.78E+01,6.44E+00,3.46E+01
1716,-125.006,79.995,4.14E-01,1.68E+01,6.57E+00,3.37E+01
1717,-125.007,73.3287,4.34E-01,1.57E+01,6.78E+00,3.28E+01
1718,-125.008,66.6624,4.52E-01,1.46E+01,7.05E+00,3.18E+01
1719,-125.009,59.9962,4.68E-01,1.34E+01,7.40E+00,3.06E+01
1720,-125.01,53.33,4.82E-01,1.23E+01,7.80E+00,2.95E+01
1721,-125.011,46.6638,4.94E-01,1.13E+01,8.24E+00,2.83E+01
1722,-125.012,39.9976,5.04E-01,1.04E+01,8.73E+00,2.70E+01
1723,-125.013,33.3314,5.12E-01,9.63E+00,9.24E+00,2.56E+01
1724,-125.013,26.6652,5.18E-01,9.00E+00,9.79E+00,2.42E+01
1725,-125.013,19.999,5.22E-01,8.47E+00,1.04E+01,2.28E+01
1726,-125.013,13.3327,5.24E-01,8.03E+00,1.10E+01,2.13E+01
1727,-125.013,6.66652,5.24E-01,7.67E+00,1.17E+01,1.98E+01
1728,-125.013,0.000305723,5.22E-01,7.37E+00,1.24E+01,1.83E+01
1729,-125.013,-6.6659,5.18E-01,7.13E+00,1.32E+01,1.68E+01
1730,-125.013,-13.3321,5.12E-01,6.95E+00,1.40E+01,1.53E+01
1731,-125.012,-19.9983,5.04E-01,6.81E+00,1.50E+01,1.38E+01
1732,-125.011,-26.6645,4.95E-01,6.74E+00,1.60E+01,1.22E+01
1733,-125.011,-33.3306,4.84E-01,6.73E+00,1.70E+01,1.07E+01
1734,-125.01,-39.9967,4.71E-01,6.77E+00,1.82E+01,9.09E+00
1735,-125.009,-46.6629,4.57E-01,6.88E+00,1.94E+01,7.54E+00
1736,-125.008,-53.329,4.40E-01,7.06E+00,2.06E+01,6.07E+00
1737,-125.007,-59.9952,4.22E-01,7.30E+00,2.19E+01,4.84E+00
1738,-125.005,-66.6615,4.01E-01,7.60E+00,2.31E+01,4.06E+00
1739,-125.004,-73.3277,3.78E-01,7.95E+00,2.44E+01,3.93E+00
1740,-125.003,-79.994,3.52E-01,8.35E+00,2.55E+01,4.48E+00
1741,-125.001,-86.6605,3.22E-01,8.77E+00,2.64E+01,5.52E+00
1742,-125,-93.3269,2.90E-01,9.18E+00,2.70E+01,6.76E+00
1743,-124.999,-99.9937,2.54E-01,9.51E+00,2.73E+01,7.92E+00
1744,-124.997,-106.244,2.17E-01,9.69E+00,2.71E+01,8.79E+00
1745,-124.996,-112.494,1.78E-01,9.61E+00,2.65E+01,9.25E+00
1746,-124.996,-118.745,1.38E-01,9.13E+00,2.54E+01,9.14E+00
1747,-124.995,-124.995,9.75E-02,8.04E+00,2.44E+01,8.37E+00
1748,-118.745,-124.996,1.38E-01,9.13E+00,2.54E+01,9.15E+00
1749,-112.494,-124.996,1.79E-01,9.62E+00,2.64E+01,9.27E+00
1750,-106.244,-124.997,2.18E-01,9.69E+00,2.70E+01,8.83E+00
1751,-118.765,0.000382952,7.34E-01,1.09E+01,1.39E+01,1.60E+01
1752,-112.517,0.000451503,9.58E-01,1.35E+01,1.52E+01,1.45E+01
1753,-106.268,0.000513322,1.19E+00,1.55E+01,1.63E+01,1.37E+01
1754,-118.758,66.6617,6.25E-01,1.71E+01,8.76E+00,3.09E+01
1755,-112.507,66.661,8.01E-01,1.90E+01,1.01E+01,3.11E+01
1756,-106.256,66.6605,9.77E-01,2.04E+01,1.13E+01,3.19E+01
1757,-118.75,99.7879,4.51E-01,2.02E+01,7.81E+00,3.50E+01
1758,-112.499,99.7878,5.61E-01,2.12E+01,8.77E+00,3.49E+01
1759,-106.247,99.7882,6.65E-01,2.21E+01,9.46E+00,3.52E+01
1760,-112.497,106.16,4.97E-01,2.05E+01,8.52E+00,3.48E+01
1761,-112.496,112.496,4.25E-01,1.95E+01,8.15E+00,3.46E+01
1762,-112.496,118.748,3.48E-01,1.86E+01,7.57E+00,3.48E+01
1763,-118.748,112.496,3.48E-01,1.86E+01,7.57E+00,3.48E+01
1764,-118.742,106.174,4.02E-01,1.96E+01,7.72E+00,3.50E+01
1765,-118.747,118.747,2.89E-01,1.75E+01,7.25E+00,3.47E+01
1766,-106.245,112.497,4.96E-01,2.04E+01,8.52E+00,3.48E+01
1767,-106.253,106.175,5.83E-01,2.13E+01,9.06E+00,3.49E+01
1768,-106.245,118.749,4.02E-01,1.95E+01,7.73E+00,3.50E+01
1769,-118.753,86.6607,5.33E-01,1.99E+01,8.03E+00,3.40E+01
1770,-112.502,86.6602,6.73E-01,2.14E+01,9.23E+00,3.43E+01
1771,-106.25,86.66,8.08E-01,2.26E+01,1.01E+01,3.49E+01
1772,-112.5,93.2421,6.20E-01,2.15E+01,9.00E+00,3.48E+01
1773,-118.759,93.2565,4.94E-01,2.02E+01,7.90E+00,3.47E+01
1774,-106.241,93.2562,7.40E-01,2.26E+01,9.81E+00,3.52E+01
1775,-112.506,73.3272,7.63E-01,2.00E+01,9.79E+00,3.23E+01
1776,-112.504,79.9936,7.21E-01,2.08E+01,9.49E+00,3.34E+01
1777,-118.757,73.3279,5.98E-01,1.82E+01,8.46E+00,3.21E+01
1778,-118.755,79.9942,5.67E-01,1.91E+01,8.22E+00,3.32E+01
1779,-106.254,73.3267,9.27E-01,2.14E+01,1.09E+01,3.32E+01
1780,-106.252,79.9932,8.71E-01,2.22E+01,1.05E+01,3.42E+01
1781,-118.764,33.3311,7.18E-01,1.26E+01,1.09E+01,2.40E+01
1782,-112.515,33.3309,9.33E-01,1.47E+01,1.24E+01,2.34E+01
1783,-106.266,33.3306,1.15E+00,1.62E+01,1.36E+01,2.35E+01
1784,-118.761,53.3294,6.70E-01,1.50E+01,9.52E+00,2.84E+01
1785,-112.511,53.3289,8.65E-01,1.69E+01,1.09E+01,2.83E+01
1786,-106.261,53.3285,1.06E+00,1.83E+01,1.21E+01,2.88E+01
1787,-112.509,59.995,8.35E-01,1.79E+01,1.05E+01,2.97E+01
1788,-118.76,59.9955,6.49E-01,1.60E+01,9.11E+00,2.97E+01
1789,-106.258,59.9945,1.02E+00,1.94E+01,1.17E+01,3.04E+01
1790,-112.514,39.9969,9.14E-01,1.53E+01,1.19E+01,2.51E+01
1791,-112.512,46.6629,8.92E-01,1.60E+01,1.14E+01,2.67E+01
1792,-118.763,39.9972,7.05E-01,1.33E+01,1.04E+01,2.56E+01
1793,-118.762,46.6633,6.89E-01,1.41E+01,9.96E+00,2.70E+01
1794,-106.264,39.9966,1.13E+00,1.67E+01,1.31E+01,2.54E+01
1795,-106.262,46.6625,1.10E+00,1.74E+01,1.26E+01,2.71E+01
1796,-118.765,19.9988,7.34E-01,1.17E+01,1.20E+01,2.09E+01
1797,-112.516,19.9987,9.57E-01,1.39E+01,1.34E+01,1.99E+01
1798,-106.268,19.9986,1.19E+00,1.56E+01,1.46E+01,1.96E+01
1799,-112.516,26.6648,9.47E-01,1.42E+01,1.29E+01,2.17E+01
1800,-118.765,26.665,7.27E-01,1.21E+01,1.15E+01,2.25E+01
1801,-106.267,26.6646,1.17E+00,1.58E+01,1.41E+01,2.16E+01
1802,-112.517,6.66652,9.62E-01,1.36E+01,1.45E+01,1.63E+01
1803,-112.517,13.3326,9.62E-01,1.37E+01,1.39E+01,1.81E+01
1804,-118.765,6.66652,7.37E-01,1.11E+01,1.32E+01,1.76E+01
1805,-118.765,13.3327,7.37E-01,1.13E+01,1.26E+01,1.92E+01
1806,-106.268,6.66652,1.20E+00,1.55E+01,1.56E+01,1.56E+01
1807,-106.268,13.3326,1.19E+00,1.55E+01,1.51E+01,1.76E+01
1808,-118.756,-59.9942,5.87E-01,1.10E+01,2.35E+01,3.65E+00
1809,-112.506,-59.9932,7.59E-01,1.38E+01,2.49E+01,3.96E+00
1810,-106.254,-59.9923,9.31E-01,1.59E+01,2.64E+01,4.71E+00
1811,-118.763,-26.664,6.94E-01,1.05E+01,1.75E+01,9.55E+00
1812,-112.513,-26.6636,9.04E-01,1.34E+01,1.87E+01,7.84E+00
1813,-106.264,-26.6631,1.12E+00,1.56E+01,1.98E+01,6.76E+00
1814,-118.764,-13.3318,7.19E-01,1.06E+01,1.56E+01,1.27E+01
1815,-112.516,-13.3316,9.38E-01,1.34E+01,1.68E+01,1.11E+01
1816,-106.267,-13.3314,1.16E+00,1.56E+01,1.78E+01,1.01E+01
1817,-112.516,-6.66556,9.50E-01,1.34E+01,1.59E+01,1.28E+01
1818,-118.765,-6.66572,7.28E-01,1.07E+01,1.47E+01,1.44E+01
1819,-106.267,-6.66544,1.18E+00,1.55E+01,1.70E+01,1.19E+01
1820,-112.515,-19.9976,9.23E-01,1.34E+01,1.77E+01,9.45E+00
1821,-118.764,-19.9979,7.08E-01,1.05E+01,1.65E+01,1.11E+01
1822,-106.265,-19.9973,1.14E+00,1.56E+01,1.87E+01,8.37E+00
1823,-118.761,-39.996,6.60E-01,1.06E+01,1.97E+01,6.48E+00
1824,-112.511,-39.9954,8.56E-01,1.35E+01,2.10E+01,4.96E+00
1825,-106.261,-39.9947,1.06E+00,1.58E+01,2.22E+01,4.20E+00
1826,-112.512,-33.3295,8.82E-01,1.34E+01,1.98E+01,6.31E+00
1827,-118.762,-33.3301,6.78E-01,1.05E+01,1.85E+01,7.98E+00
1828,-106.262,-33.329,1.09E+00,1.57E+01,2.09E+01,5.32E+00
1829,-112.507,-53.3273,7.95E-01,1.36E+01,2.36E+01,3.58E+00
1830,-112.509,-46.6612,8.27E-01,1.35E+01,2.23E+01,3.96E+00
1831,-118.758,-53.3281,6.14E-01,1.08E+01,2.22E+01,4.10E+00
1832,-118.759,-46.6621,6.38E-01,1.07E+01,2.09E+01,5.12E+00
1833,-106.256,-53.3263,9.78E-01,1.59E+01,2.49E+01,3.87E+00
1834,-106.259,-46.6606,1.02E+00,1.58E+01,2.35E+01,3.66E+00
1835,-118.756,-93.246,4.01E-01,1.21E+01,2.83E+01,8.68E+00
1836,-112.497,-93.2248,5.14E-01,1.41E+01,2.94E+01,9.86E+00
1837,-106.237,-93.2446,6.24E-01,1.55E+01,3.04E+01,1.04E+01
1838,-118.753,-73.3265,5.24E-01,1.14E+01,2.60E+01,4.86E+00
1839,-112.502,-73.3254,6.74E-01,1.40E+01,2.75E+01,6.19E+00
1840,-106.25,-73.3244,8.24E-01,1.59E+01,2.89E+01,7.18E+00
1841,-112.504,-66.6592,7.18E-01,1.39E+01,2.62E+01,4.93E+00
1842,-118.755,-66.6603,5.58E-01,1.12E+01,2.47E+01,3.95E+00
1843,-106.252,-66.6582,8.80E-01,1.59E+01,2.77E+01,5.89E+00
1844,-112.498,-86.6281,5.72E-01,1.41E+01,2.91E+01,8.78E+00
1845,-112.5,-79.9918,6.25E-01,1.41E+01,2.85E+01,7.52E+00
1846,-118.753,-86.6392,4.46E-01,1.19E+01,2.78E+01,7.45E+00
1847,-118.751,-79.9928,4.87E-01,1.17E+01,2.70E+01,6.12E+00
1848,-106.243,-86.6375,6.96E-01,1.57E+01,3.04E+01,9.54E+00
1849,-106.248,-79.9909,7.62E-01,1.59E+01,2.99E+01,8.43E+00
1850,-118.737,-106.163,3.02E-01,1.20E+01,2.78E+01,1.04E+01
1851,-112.494,-106.143,3.86E-01,1.35E+01,2.85E+01,1.11E+01
1852,-106.252,-106.163,4.67E-01,1.45E+01,2.93E+01,1.13E+01
1853,-112.495,-99.7211,4.51E-01,1.39E+01,2.92E+01,1.07E+01
1854,-118.747,-99.7452,3.53E-01,1.21E+01,2.83E+01,9.69E+00
1855,-106.244,-99.7444,5.48E-01,1.51E+01,3.00E+01,1.11E+01
1856,-112.494,-118.745,2.48E-01,1.16E+01,2.70E+01,1.06E+01
1857,-112.494,-112.464,3.18E-01,1.28E+01,2.77E+01,1.11E+01
1858,-118.745,-118.745,1.93E-01,1.07E+01,2.60E+01,1.02E+01
1859,-118.742,-112.474,2.48E-01,1.16E+01,2.70E+01,1.06E+01
1860,-106.243,-118.746,3.01E-01,1.20E+01,2.78E+01,1.04E+01
1861,-106.246,-112.474,3.85E-01,1.35E+01,2.85E+01,1.11E+01
1862,124.997,-131.249,1.23E-01,1.42E+01,5.31E+00,3.54E+01
1863,124.997,-137.5,6.88E-02,1.33E+01,3.48E+00,3.72E+01
1864,124.998,-143.751,2.18E-02,1.09E+01,3.12E+00,4.06E+01
1865,125,-150,0.00E+00,9.13E+00,3.94E+00,4.29E+01
1866,118.75,-150,0.00E+00,7.42E+00,4.78E+00,4.55E+01
1867,112.5,-150,0.00E+00,5.62E+00,5.40E+00,4.73E+01
1868,106.25,-150,0.00E+00,3.83E+00,5.81E+00,4.86E+01
1869,100,-150,0.00E+00,2.34E+00,5.98E+00,4.93E+01
1870,93.3333,-150,0.00E+00,2.01E+00,5.98E+00,4.97E+01
1871,86.6667,-150,0.00E+00,3.12E+00,5.85E+00,4.98E+01
1872,80,-150,0.00E+00,4.86E+00,5.61E+00,4.97E+01
1873,73.3333,-150,0.00E+00,6.66E+00,5.28E+00,4.95E+01
1874,66.6667,-150,0.00E+00,8.43E+00,4.89E+00,4.91E+01
1875,60,-150,0.00E+00,1.01E+01,4.44E+00,4.87E+01
1876,53.3333,-150,0.00E+00,1.17E+01,3.95E+00,4.82E+01
1877,46.6667,-150,0.00E+00,1.32E+01,3.41E+00,4.76E+01
1878,40,-150,0.00E+00,1.45E+01,2.83E+00,4.70E+01
1879,33.3333,-150,0.00E+00,1.58E+01,2.21E+00,4.63E+01
1880,26.6667,-150,0.00E+00,1.68E+01,1.54E+00,4.55E+01
1881,20,-150,0.00E+00,1.78E+01,8.37E-01,4.46E+01
1882,13.3333,-150,0.00E+00,1.86E+01,4.62E-01,4.37E+01
1883,6.66667,-150,0.00E+00,1.93E+01,8.59E-01,4.26E+01
1884,0,-150,0.00E+00,1.99E+01,1.73E+00,4.15E+01
1885,-6.66667,-150,0.00E+00,2.04E+01,2.67E+00,4.03E+01
1886,-13.3333,-150,0.00E+00,2.08E+01,3.67E+00,3.91E+01
1887,-20,-150,0.00E+00,2.11E+01,4.73E+00,3.78E+01
1888,-26.6667,-150,0.00E+00,2.13E+01,5.85E+00,3.64E+01
1889,-33.3333,-150,0.00E+00,2.14E+01,7.02E+00,3.49E+01
1890,-40,-150,0.00E+00,2.14E+01,8.26E+00,3.34E+01
1891,-46.6667,-150,0.00E+00,2.12E+01,9.57E+00,3.18E+01
1892,-53.3333,-150,0.00E+00,2.09E+01,1.10E+01,3.00E+01
1893,-60,-150,0.00E+00,2.04E+01,1.24E+01,2.82E+01
1894,-66.6667,-150,0.00E+00,1.97E+01,1.39E+01,2.61E+01
1895,-73.3333,-150,0.00E+00,1.88E+01,1.55E+01,2.40E+01
1896,-80,-150,0.00E+00,1.76E+01,1.72E+01,2.16E+01
1897,-86.6667,-150,0.00E+00,1.61E+01,1.89E+01,1.91E+01
1898,-93.3333,-150,0.00E+00,1.42E+01,2.07E+01,1.64E+01
1899,-100,-150,0.00E+00,1.21E+01,2.23E+01,1.35E+01
1900,-106.25,-150,0.00E+00,9.72E+00,2.38E+01,1.06E+01
1901,-112.5,-150,0.00E+00,7.29E+00,2.51E+01,7.87E+00
1902,-118.75,-150,0.00E+00,4.97E+00,2.61E+01,5.43E+00
1903,-125,-150,0.00E+00,3.13E+00,2.67E+01,3.65E+00
1904,-124.998,-143.749,7.68E-03,2.55E+00,2.59E+01,3.64E+00
1905,-124.996,-137.497,2.87E-02,3.48E+00,2.47E+01,4.77E+00
1906,-124.996,-131.246,5.99E-02,6.16E+00,2.41E+01,6.85E+00
1907,-3.55E-05,-143.755,4.77E-02,1.42E+01,4.04E+00,3.64E+01
1908,0.000133415,-137.509,1.66E-01,4.40E+00,7.77E+00,2.77E+01
1909,0.000210805,-131.261,3.30E-01,3.00E+00,1.03E+01,2.19E+01
1910,66.6653,-143.754,4.32E-02,5.25E+00,3.12E+00,4.49E+01
1911,66.6643,-137.507,1.48E-01,5.45E+00,2.52E+00,3.80E+01
1912,66.6633,-131.258,2.90E-01,1.11E+01,4.88E+00,3.39E+01
1913,99.7917,-143.753,3.51E-02,6.07E+00,3.90E+00,4.58E+01
1914,99.7903,-137.504,1.17E-01,1.23E+01,2.58E+00,4.02E+01
1915,99.7891,-131.253,2.23E-01,1.64E+01,4.45E+00,3.71E+01
1916,106.162,-137.503,1.08E-01,1.32E+01,2.67E+00,4.00E+01
1917,112.497,-137.502,9.72E-02,1.37E+01,2.82E+00,3.95E+01
1918,118.747,-137.501,8.42E-02,1.38E+01,3.09E+00,3.86E+01
1919,112.498,-143.752,2.98E-02,8.79E+00,3.58E+00,4.43E+01
1920,106.177,-143.746,3.28E-02,7.43E+00,3.79E+00,4.52E+01
1921,118.748,-143.752,2.62E-02,9.98E+00,3.34E+00,4.28E+01
1922,112.496,-131.251,1.80E-01,1.63E+01,4.89E+00,3.68E+01
1923,106.175,-131.259,2.03E-01,1.66E+01,4.64E+00,3.71E+01
1924,118.746,-131.25,1.53E-01,1.55E+01,5.16E+00,3.62E+01
1925,86.6649,-143.754,3.91E-02,4.97E+00,3.80E+00,4.59E+01
1926,86.6636,-137.505,1.32E-01,9.85E+00,2.47E+00,3.98E+01
1927,86.6624,-131.255,2.55E-01,1.48E+01,4.36E+00,3.63E+01
1928,93.2451,-137.504,1.25E-01,1.12E+01,2.52E+00,4.01E+01
1929,93.2606,-143.76,3.72E-02,5.19E+00,3.90E+00,4.60E+01
1930,93.258,-131.247,2.40E-01,1.57E+01,4.36E+00,3.68E+01
1931,73.3307,-137.506,1.44E-01,6.91E+00,2.45E+00,3.87E+01
1932,79.9971,-137.506,1.38E-01,8.40E+00,2.44E+00,3.93E+01
1933,73.3318,-143.754,4.20E-02,5.13E+00,3.37E+00,4.54E+01
1934,79.9984,-143.754,4.06E-02,5.03E+00,3.61E+00,4.57E+01
1935,73.3296,-131.257,2.80E-01,1.24E+01,4.62E+00,3.48E+01
1936,79.9959,-131.256,2.68E-01,1.36E+01,4.45E+00,3.56E+01
1937,33.3326,-143.755,4.73E-02,1.02E+01,2.52E+00,4.15E+01
1938,33.3322,-137.508,1.64E-01,3.85E+00,4.34E+00,3.36E+01
1939,33.3318,-131.261,3.25E-01,5.61E+00,7.05E+00,2.85E+01
1940,53.3322,-143.755,4.53E-02,6.50E+00,2.75E+00,4.37E+01
1941,53.3314,-137.507,1.56E-01,3.75E+00,2.97E+00,3.64E+01
1942,53.3307,-131.259,3.07E-01,8.59E+00,5.60E+00,3.19E+01
1943,59.9978,-137.507,1.53E-01,4.27E+00,2.69E+00,3.72E+01
1944,59.9988,-143.755,4.43E-02,5.58E+00,2.91E+00,4.44E+01
1945,59.997,-131.259,2.99E-01,9.80E+00,5.21E+00,3.29E+01
1946,39.9986,-137.508,1.62E-01,3.79E+00,3.82E+00,3.46E+01
1947,46.665,-137.508,1.59E-01,3.74E+00,3.35E+00,3.55E+01
1948,39.9992,-143.755,4.68E-02,9.06E+00,2.57E+00,4.23E+01
1949,46.6657,-143.755,4.61E-02,7.81E+00,2.64E+00,4.31E+01
1950,39.9981,-131.26,3.20E-01,6.48E+00,6.52E+00,2.97E+01
1951,46.6644,-131.26,3.14E-01,7.48E+00,6.04E+00,3.09E+01
1952,19.9996,-143.755,4.80E-02,1.21E+01,2.45E+00,3.97E+01
1953,19.9994,-137.509,1.67E-01,3.98E+00,5.55E+00,3.14E+01
1954,19.9991,-131.261,3.31E-01,4.19E+00,8.21E+00,2.60E+01
1955,26.6658,-137.508,1.66E-01,3.92E+00,4.92E+00,3.25E+01
1956,26.6661,-143.755,4.77E-02,1.12E+01,2.48E+00,4.06E+01
1957,26.6655,-131.261,3.28E-01,4.85E+00,7.61E+00,2.73E+01
1958,6.66655,-137.509,1.67E-01,4.16E+00,6.97E+00,2.90E+01
1959,13.333,-137.509,1.67E-01,4.05E+00,6.23E+00,3.02E+01
1960,6.6665,-143.755,4.79E-02,1.36E+01,3.19E+00,3.76E+01
1961,13.333,-143.755,4.80E-02,1.29E+01,2.61E+00,3.86E+01
1962,6.66652,-131.261,3.31E-01,3.21E+00,9.56E+00,2.33E+01
1963,13.3328,-131.261,3.31E-01,3.64E+00,8.86E+00,2.47E+01
1964,-59.9988,-143.754,3.98E-02,1.48E+01,1.44E+01,2.29E+01
1965,-59.9975,-137.506,1.37E-01,5.23E+00,1.76E+01,1.41E+01
1966,-59.9963,-131.257,2.69E-01,3.27E+00,1.98E+01,8.17E+00
1967,-26.6662,-143.755,4.55E-02,1.55E+01,8.03E+00,3.12E+01
1968,-26.6655,-137.508,1.58E-01,5.58E+00,1.16E+01,2.23E+01
1969,-26.665,-131.26,3.13E-01,3.07E+00,1.40E+01,1.62E+01
1970,-13.3331,-143.755,4.69E-02,1.50E+01,5.92E+00,3.39E+01
1971,-13.3326,-137.508,1.63E-01,5.10E+00,9.55E+00,2.51E+01
1972,-13.3323,-131.261,3.23E-01,3.00E+00,1.20E+01,1.91E+01
1973,-6.66625,-137.508,1.65E-01,4.76E+00,8.63E+00,2.64E+01
1974,-6.66655,-143.755,4.73E-02,1.46E+01,4.95E+00,3.52E+01
1975,-6.66607,-131.261,3.27E-01,2.97E+00,1.11E+01,2.05E+01
1976,-19.9991,-137.508,1.61E-01,5.38E+00,1.05E+01,2.37E+01
1977,-19.9996,-143.755,4.62E-02,1.53E+01,6.95E+00,3.26E+01
1978,-19.9987,-131.26,3.19E-01,3.04E+00,1.30E+01,1.76E+01
1979,-39.9992,-143.754,4.37E-02,1.56E+01,1.04E+01,2.82E+01
1980,-39.9983,-137.507,1.51E-01,5.72E+00,1.38E+01,1.92E+01
1981,-39.9975,-131.259,2.99E-01,3.14E+00,1.62E+01,1.30E+01
1982,-33.332,-137.507,1.55E-01,5.69E+00,1.27E+01,2.08E+01
1983,-33.3328,-143.755,4.47E-02,1.56E+01,9.18E+00,2.97E+01
1984,-33.3313,-131.259,3.07E-01,3.11E+00,1.50E+01,1.46E+01
1985,-53.3311,-137.506,1.42E-01,5.49E+00,1.63E+01,1.59E+01
1986,-46.6646,-137.507,1.47E-01,5.66E+00,1.50E+01,1.76E+01
1987,-53.3322,-143.754,4.12E-02,1.52E+01,1.30E+01,2.48E+01
1988,-46.6658,-143.754,4.25E-02,1.55E+01,1.17E+01,2.65E+01
1989,-53.33,-131.257,2.80E-01,3.22E+00,1.86E+01,9.79E+00
1990,-46.6638,-131.258,2.90E-01,3.18E+00,1.73E+01,1.14E+01
1991,-93.2516,-143.76,2.79E-02,9.46E+00,2.18E+01,1.20E+01
1992,-93.2295,-137.502,9.52E-02,3.75E+00,2.39E+01,5.66E+00
1993,-93.2484,-131.243,1.86E-01,5.13E+00,2.55E+01,4.69E+00
1994,-73.3318,-143.753,3.60E-02,1.33E+01,1.73E+01,1.89E+01
1995,-73.3303,-137.504,1.23E-01,4.56E+00,2.03E+01,1.04E+01
1996,-73.3289,-131.255,2.42E-01,3.59E+00,2.24E+01,5.35E+00
1997,-66.6638,-137.505,1.30E-01,4.91E+00,1.89E+01,1.23E+01
1998,-66.6653,-143.753,3.80E-02,1.42E+01,1.58E+01,2.10E+01
1999,-66.6626,-131.256,2.56E-01,3.38E+00,2.11E+01,6.63E+00
2000,-86.6331,-137.503,1.06E-01,4.00E+00,2.28E+01,6.91E+00
2001,-79.9968,-137.504,1.15E-01,4.26E+00,2.16E+01,8.56E+00
2002,-86.6449,-143.755,3.10E-02,1.10E+01,2.04E+01,1.44E+01
2003,-79.9984,-143.753,3.37E-02,1.23E+01,1.89E+01,1.67E+01
2004,-86.6417,-131.249,2.07E-01,4.50E+00,2.46E+01,4.33E+00
2005,-79.9953,-131.254,2.25E-01,3.97E+00,2.36E+01,4.54E+00
2006,-106.168,-143.741,2.06E-02,5.95E+00,2.43E+01,7.47E+00
2007,-106.146,-137.5,7.06E-02,3.25E+00,2.53E+01,4.63E+00
2008,-106.165,-131.258,1.39E-01,6.32E+00,2.62E+01,6.39E+00
2009,-99.7253,-137.501,8.35E-02,3.49E+00,2.47E+01,4.92E+00
2010,-99.7506,-143.751,2.45E-02,7.73E+00,2.32E+01,9.60E+00
2011,-99.7474,-131.25,1.64E-01,5.77E+00,2.60E+01,5.48E+00
2012,-118.746,-137.498,4.27E-02,3.38E+00,2.53E+01,4.86E+00
2013,-112.466,-137.499,5.69E-02,3.20E+00,2.55E+01,4.68E+00
2014,-118.748,-143.749,1.20E-02,3.26E+00,2.58E+01,4.50E+00
2015,-112.478,-143.747,1.64E-02,4.38E+00,2.52E+01,5.75E+00
2016,-118.745,-131.247,8.64E-02,6.69E+00,2.52E+01,7.29E+00
2017,-112.475,-131.251,1.13E-01,6.67E+00,2.60E+01,7.07E+00
2018,124.996,131.246,5.97E-02,6.14E+00,2.40E+01,6.83E+00
2019,124.996,137.498,2.84E-02,3.46E+00,2.46E+01,4.74E+00
2020,124.998,143.749,7.54E-03,2.57E+00,2.59E+01,3.65E+00
2021,125,150,0.00E+00,3.20E+00,2.67E+01,3.70E+00
2022,118.75,150,0.00E+00,5.07E+00,2.61E+01,5.53E+00
2023,112.5,150,0.00E+00,7.41E+00,2.51E+01,8.01E+00
2024,106.25,150,0.00E+00,9.84E+00,2.39E+01,1.08E+01
2025,100,150,0.00E+00,1.22E+01,2.24E+01,1.37E+01
2026,93.3333,150,0.00E+00,1.43E+01,2.08E+01,1.66E+01
2027,86.6667,150,0.00E+00,1.62E+01,1.91E+01,1.93E+01
2028,80,150,0.00E+00,1.77E+01,1.74E+01,2.19E+01
2029,73.3333,150,0.00E+00,1.89E+01,1.57E+01,2.43E+01
2030,66.6667,150,0.00E+00,1.98E+01,1.41E+01,2.64E+01
2031,60,150,0.00E+00,2.05E+01,1.26E+01,2.85E+01
2032,53.3333,150,0.00E+00,2.10E+01,1.11E+01,3.04E+01
2033,46.6667,150,0.00E+00,2.13E+01,9.73E+00,3.21E+01
2034,40,150,0.00E+00,2.15E+01,8.41E+00,3.37E+01
2035,33.3333,150,0.00E+00,2.15E+01,7.16E+00,3.53E+01
2036,26.6667,150,0.00E+00,2.15E+01,5.97E+00,3.67E+01
2037,20,150,0.00E+00,2.13E+01,4.84E+00,3.81E+01
2038,13.3333,150,0.00E+00,2.10E+01,3.76E+00,3.94E+01
2039,6.66667,150,0.00E+00,2.06E+01,2.74E+00,4.06E+01
2040,0,150,0.00E+00,2.02E+01,1.78E+00,4.18E+01
2041,-6.66667,150,0.00E+00,1.96E+01,8.83E-01,4.28E+01
2042,-13.3333,150,0.00E+00,1.89E+01,4.67E-01,4.38E+01
2043,-20,150,0.00E+00,1.81E+01,8.49E-01,4.47E+01
2044,-26.6667,150,0.00E+00,1.72E+01,1.58E+00,4.56E+01
2045,-33.3333,150,0.00E+00,1.61E+01,2.27E+00,4.63E+01
2046,-40,150,0.00E+00,1.49E+01,2.91E+00,4.70E+01
2047,-46.6667,150,0.00E+00,1.36E+01,3.51E+00,4.76E+01
2048,-53.3333,150,0.00E+00,1.21E+01,4.05E+00,4.81E+01
2049,-60,150,0.00E+00,1.06E+01,4.56E+00,4.86E+01
2050,-66.6667,150,0.00E+00,8.88E+00,5.01E+00,4.90E+01
2051,-73.3333,150,0.00E+00,7.11E+00,5.41E+00,4.93E+01
2052,-80,150,0.00E+00,5.29E+00,5.74E+00,4.95E+01
2053,-86.6667,150,0.00E+00,3.49E+00,5.98E+00,4.96E+01
2054,-93.3333,150,0.00E+00,2.14E+00,6.10E+00,4.95E+01
2055,-100,150,0.00E+00,2.15E+00,6.09E+00,4.92E+01
2056,-106.25,150,0.00E+00,3.52E+00,5.92E+00,4.84E+01
2057,-112.5,150,0.00E+00,5.33E+00,5.56E+00,4.72E+01
2058,-118.75,150,0.00E+00,7.21E+00,4.92E+00,4.54E+01
2059,-125,150,0.00E+00,9.15E+00,3.96E+00,4.28E+01
2060,-124.998,143.751,2.17E-02,1.09E+01,3.18E+00,4.06E+01
2061,-124.997,137.5,6.86E-02,1.32E+01,3.58E+00,3.72E+01
2062,-124.997,131.249,1.22E-01,1.42E+01,5.39E+00,3.54E+01
2063,6.02E-05,143.755,4.67E-02,1.44E+01,4.10E+00,3.66E+01
2064,-0.000119493,137.509,1.64E-01,4.70E+00,7.91E+00,2.80E+01
2065,-0.000246737,131.261,3.28E-01,2.93E+00,1.05E+01,2.22E+01
2066,66.6654,143.753,3.72E-02,1.42E+01,1.60E+01,2.12E+01
2067,66.6639,137.505,1.29E-01,4.93E+00,1.91E+01,1.24E+01
2068,66.6626,131.256,2.55E-01,3.37E+00,2.13E+01,6.74E+00
2069,99.7917,143.751,2.39E-02,7.78E+00,2.32E+01,9.73E+00
2070,99.79,137.501,8.26E-02,3.47E+00,2.48E+01,4.92E+00
2071,99.7885,131.25,1.63E-01,5.75E+00,2.61E+01,5.44E+00
2072,106.161,137.5,6.99E-02,3.24E+00,2.53E+01,4.62E+00
2073,112.496,137.499,5.63E-02,3.18E+00,2.55E+01,4.66E+00
2074,118.746,137.498,4.23E-02,3.36E+00,2.53E+01,4.83E+00
2075,112.498,143.75,1.60E-02,4.44E+00,2.52E+01,5.82E+00
2076,106.177,143.743,2.01E-02,6.01E+00,2.44E+01,7.57E+00
2077,118.748,143.749,1.17E-02,3.31E+00,2.58E+01,4.55E+00
2078,112.495,131.248,1.13E-01,6.65E+00,2.59E+01,7.04E+00
2079,106.174,131.256,1.38E-01,6.30E+00,2.62E+01,6.35E+00
2080,118.745,131.247,8.61E-02,6.66E+00,2.52E+01,7.26E+00
2081,86.665,143.752,3.03E-02,1.10E+01,2.05E+01,1.45E+01
2082,86.6633,137.503,1.05E-01,3.98E+00,2.29E+01,6.98E+00
2083,86.6618,131.252,2.06E-01,4.49E+00,2.48E+01,4.33E+00
2084,93.2448,137.502,9.43E-02,3.73E+00,2.39E+01,5.69E+00
2085,93.2606,143.758,2.72E-02,9.50E+00,2.19E+01,1.21E+01
2086,93.2574,131.245,1.86E-01,5.11E+00,2.56E+01,4.67E+00
2087,73.3304,137.504,1.22E-01,4.56E+00,2.04E+01,1.05E+01
2088,79.9968,137.504,1.14E-01,4.25E+00,2.17E+01,8.66E+00
2089,73.3319,143.753,3.52E-02,1.34E+01,1.75E+01,1.91E+01
2090,79.9984,143.753,3.29E-02,1.23E+01,1.90E+01,1.69E+01
2091,73.329,131.255,2.41E-01,3.58E+00,2.26E+01,5.42E+00
2092,79.9953,131.253,2.25E-01,3.96E+00,2.37E+01,4.58E+00
2093,33.3327,143.755,4.38E-02,1.58E+01,9.32E+00,3.00E+01
2094,33.3319,137.507,1.54E-01,5.87E+00,1.29E+01,2.10E+01
2095,33.3312,131.259,3.05E-01,3.12E+00,1.53E+01,1.49E+01
2096,53.3323,143.754,4.04E-02,1.53E+01,1.31E+01,2.51E+01
2097,53.3311,137.506,1.41E-01,5.56E+00,1.65E+01,1.61E+01
2098,53.33,131.257,2.79E-01,3.22E+00,1.88E+01,9.97E+00
2099,59.9975,137.506,1.36E-01,5.28E+00,1.78E+01,1.43E+01
2100,59.9988,143.754,3.89E-02,1.48E+01,1.45E+01,2.32E+01
2101,59.9963,131.256,2.68E-01,3.27E+00,2.01E+01,8.32E+00
2102,39.9983,137.507,1.50E-01,5.86E+00,1.40E+01,1.95E+01
2103,46.6647,137.507,1.46E-01,5.76E+00,1.52E+01,1.78E+01
2104,39.9992,143.754,4.28E-02,1.57E+01,1.05E+01,2.84E+01
2105,46.6658,143.754,4.17E-02,1.56E+01,1.18E+01,2.68E+01
2106,39.9975,131.259,2.98E-01,3.15E+00,1.64E+01,1.33E+01
2107,46.6637,131.258,2.89E-01,3.18E+00,1.76E+01,1.16E+01
2108,19.9997,143.755,4.53E-02,1.55E+01,7.07E+00,3.29E+01
2109,19.9991,137.508,1.59E-01,5.63E+00,1.07E+01,2.40E+01
2110,19.9986,131.26,3.18E-01,3.04E+00,1.32E+01,1.79E+01
2111,26.6655,137.508,1.57E-01,5.79E+00,1.18E+01,2.25E+01
2112,26.6662,143.755,4.46E-02,1.57E+01,8.16E+00,3.15E+01
2113,26.6649,131.26,3.12E-01,3.08E+00,1.42E+01,1.64E+01
2114,6.66629,137.508,1.63E-01,5.08E+00,8.79E+00,2.67E+01
2115,13.3327,137.508,1.62E-01,5.39E+00,9.72E+00,2.54E+01
2116,6.66659,143.755,4.63E-02,1.49E+01,5.03E+00,3.55E+01
2117,13.3331,143.755,4.59E-02,1.52E+01,6.02E+00,3.42E+01
2118,6.66605,131.261,3.26E-01,2.96E+00,1.14E+01,2.08E+01
2119,13.3323,131.261,3.22E-01,3.00E+00,1.23E+01,1.94E+01
2120,-59.9988,143.755,4.32E-02,5.78E+00,2.94E+00,4.43E+01
2121,-59.9978,137.507,1.51E-01,3.95E+00,2.67E+00,3.73E+01
2122,-59.997,131.259,2.98E-01,9.24E+00,5.24E+00,3.30E+01
2123,-26.6661,143.755,4.66E-02,1.16E+01,2.49E+00,4.08E+01
2124,-26.6658,137.508,1.64E-01,3.87E+00,4.97E+00,3.27E+01
2125,-26.6655,131.261,3.27E-01,4.30E+00,7.74E+00,2.75E+01
2126,-13.333,143.755,4.69E-02,1.32E+01,2.63E+00,3.88E+01
2127,-13.3329,137.509,1.65E-01,4.05E+00,6.33E+00,3.05E+01
2128,-13.3328,131.261,3.30E-01,3.20E+00,9.04E+00,2.50E+01
2129,-6.66651,137.509,1.65E-01,4.31E+00,7.09E+00,2.93E+01
2130,-6.66646,143.755,4.69E-02,1.39E+01,3.23E+00,3.78E+01
2131,-6.66654,131.261,3.30E-01,2.96E+00,9.76E+00,2.36E+01
2132,-19.9994,137.509,1.65E-01,3.94E+00,5.62E+00,3.16E+01
2133,-19.9995,143.755,4.69E-02,1.25E+01,2.46E+00,3.98E+01
2134,-19.9992,131.261,3.29E-01,3.68E+00,8.37E+00,2.63E+01
2135,-39.9992,143.755,4.57E-02,9.51E+00,2.58E+00,4.24E+01
2136,-39.9986,137.508,1.60E-01,3.74E+00,3.83E+00,3.48E+01
2137,-39.9981,131.26,3.18E-01,5.91E+00,6.62E+00,2.99E+01
2138,-33.3323,137.508,1.63E-01,3.80E+00,4.37E+00,3.38E+01
2139,-33.3327,143.755,4.62E-02,1.06E+01,2.53E+00,4.16E+01
2140,-33.3319,131.261,3.23E-01,5.05E+00,7.16E+00,2.87E+01
2141,-53.3315,137.507,1.55E-01,3.66E+00,2.95E+00,3.65E+01
2142,-46.665,137.508,1.58E-01,3.69E+00,3.35E+00,3.57E+01
2143,-53.3322,143.755,4.42E-02,6.92E+00,2.77E+00,4.37E+01
2144,-46.6657,143.755,4.50E-02,8.26E+00,2.65E+00,4.31E+01
2145,-53.3307,131.259,3.06E-01,8.02E+00,5.65E+00,3.20E+01
2146,-46.6644,131.26,3.13E-01,6.91E+00,6.11E+00,3.10E+01
2147,-93.2515,143.761,3.62E-02,5.06E+00,3.98E+00,4.58E+01
2148,-93.2298,137.504,1.24E-01,1.08E+01,2.52E+00,4.00E+01
2149,-93.249,131.246,2.39E-01,1.54E+01,4.35E+00,3.67E+01
2150,-73.3318,143.754,4.09E-02,5.11E+00,3.43E+00,4.52E+01
2151,-73.3306,137.506,1.42E-01,6.39E+00,2.44E+00,3.87E+01
2152,-73.3296,131.257,2.79E-01,1.19E+01,4.63E+00,3.48E+01
2153,-66.6642,137.507,1.47E-01,4.93E+00,2.51E+00,3.80E+01
2154,-66.6652,143.754,4.21E-02,5.24E+00,3.17E+00,4.48E+01
2155,-66.6632,131.258,2.89E-01,1.05E+01,4.90E+00,3.39E+01
2156,-86.6334,137.505,1.31E-01,9.42E+00,2.48E+00,3.97E+01
2157,-79.9971,137.506,1.37E-01,7.91E+00,2.44E+00,3.92E+01
2158,-86.6448,143.756,3.80E-02,4.94E+00,3.88E+00,4.58E+01
2159,-79.9984,143.754,3.96E-02,5.01E+00,3.68E+00,4.56E+01
2160,-86.6423,131.253,2.54E-01,1.44E+01,4.35E+00,3.62E+01
2161,-79.996,131.256,2.67E-01,1.32E+01,4.45E+00,3.55E+01
2162,-106.168,143.744,3.19E-02,7.16E+00,3.86E+00,4.51E+01
2163,-106.147,137.503,1.07E-01,1.30E+01,2.67E+00,3.99E+01
2164,-106.166,131.261,2.02E-01,1.64E+01,4.64E+00,3.71E+01
2165,-99.7256,137.504,1.16E-01,1.20E+01,2.58E+00,4.01E+01
2166,-99.7506,143.753,3.42E-02,5.82E+00,3.98E+00,4.56E+01
2167,-99.748,131.253,2.22E-01,1.61E+01,4.45E+00,3.70E+01
2168,-118.747,137.501,8.37E-02,1.37E+01,3.13E+00,3.85E+01
2169,-112.467,137.502,9.64E-02,1.36E+01,2.82E+00,3.94E+01
2170,-118.748,143.752,2.57E-02,9.83E+00,3.41E+00,4.27E+01
2171,-112.478,143.749,2.91E-02,8.58E+00,3.65E+00,4.42E+01
2172,-118.746,131.25,1.53E-01,1.55E+01,5.22E+00,3.63E+01
2173,-112.476,131.254,1.79E-01,1.62E+01,4.91E+00,3.68E+01
2174,-131.25,150,0.00E+00,1.10E+01,2.79E+00,3.91E+01
2175,-137.5,150,0.00E+00,1.24E+01,1.80E+00,3.43E+01
2176,-143.75,150,0.00E+00,1.27E+01,1.22E+00,2.70E+01
2177,-150,150,0.00E+00,1.24E+01,1.02E+00,2.24E+01
2178,-150,143.75,0.00E+00,1.28E+01,1.22E+00,2.70E+01
2179,-150,137.5,0.00E+00,1.24E+01,1.83E+00,3.43E+01
2180,-150,131.25,0.00E+00,1.09E+01,2.85E+00,3.93E+01
2181,-150,125,0.00E+00,9.15E+00,3.98E+00,4.29E+01
2182,-150,118.75,0.00E+00,7.31E+00,4.88E+00,4.55E+01
2183,-150,112.5,0.00E+00,5.45E+00,5.52E+00,4.74E+01
2184,-150,106.25,0.00E+00,3.65E+00,5.90E+00,4.86E+01
2185,-150,100,0.00E+00,2.22E+00,6.06E+00,4.93E+01
2186,-150,93.3333,0.00E+00,2.09E+00,6.07E+00,4.97E+01
2187,-150,86.6667,0.00E+00,3.37E+00,5.95E+00,4.98E+01
2188,-150,80,0.00E+00,5.16E+00,5.71E+00,4.97E+01
2189,-150,73.3333,0.00E+00,6.99E+00,5.39E+00,4.94E+01
2190,-150,66.6667,0.00E+00,8.76E+00,4.99E+00,4.91E+01
2191,-150,60,0.00E+00,1.05E+01,4.54E+00,4.87E+01
2192,-150,53.3333,0.00E+00,1.20E+01,4.05E+00,4.82E+01
2193,-150,46.6667,0.00E+00,1.35E+01,3.51E+00,4.77E+01
2194,-150,40,0.00E+00,1.48E+01,2.93E+00,4.71E+01
2195,-150,33.3333,0.00E+00,1.61E+01,2.30E+00,4.64E+01
2196,-150,26.6667,0.00E+00,1.71E+01,1.62E+00,4.56E+01
2197,-150,20,0.00E+00,1.81E+01,9.06E-01,4.47E+01
2198,-150,13.3333,0.00E+00,1.89E+01,4.60E-01,4.38E+01
2199,-150,6.66667,0.00E+00,1.95E+01,7.98E-01,4.28E+01
2200,-150,-5.33E-14,0.00E+00,2.01E+01,1.68E+00,4.17E+01
2201,-150,-6.66667,0.00E+00,2.06E+01,2.63E+00,4.06E+01
2202,-150,-13.3333,0.00E+00,2.10E+01,3.64E+00,3.93E+01
2203,-150,-20,0.00E+00,2.13E+01,4.71E+00,3.80E+01
2204,-150,-26.6667,0.00E+00,2.15E+01,5.84E+00,3.67E+01
2205,-150,-33.3333,0.00E+00,2.15E+01,7.02E+00,3.52E+01
2206,-150,-40,0.00E+00,2.15E+01,8.27E+00,3.37E+01
2207,-150,-46.6667,0.00E+00,2.13E+01,9.59E+00,3.20E+01
2208,-150,-53.3333,0.00E+00,2.10E+01,1.10E+01,3.03E+01
2209,-150,-60,0.00E+00,2.05E+01,1.25E+01,2.84E+01
2210,-150,-66.6667,0.00E+00,1.98E+01,1.40E+01,2.64E+01
2211,-150,-73.3333,0.00E+00,1.89E+01,1.56E+01,2.42E+01
2212,-150,-80,0.00E+00,1.77E+01,1.73E+01,2.19E+01
2213,-150,-86.6667,0.00E+00,1.62E+01,1.90E+01,1.93E+01
2214,-150,-93.3333,0.00E+00,1.43E+01,2.08E+01,1.66E+01
2215,-150,-100,0.00E+00,1.22E+01,2.24E+01,1.37E+01
2216,-150,-106.25,0.00E+00,9.85E+00,2.39E+01,1.08E+01
2217,-150,-112.5,0.00E+00,7.42E+00,2.52E+01,8.02E+00
2218,-150,-118.75,0.00E+00,5.08E+00,2.62E+01,5.55E+00
2219,-150,-125,0.00E+00,3.21E+00,2.68E+01,3.72E+00
2220,-150,-131.25,0.00E+00,2.20E+00,2.67E+01,2.73E+00
2221,-150,-137.5,0.00E+00,1.87E+00,2.57E+01,2.23E+00
2222,-150,-143.75,0.00E+00,1.54E+00,2.24E+01,1.66E+00
2223,-150,-150,0.00E+00,1.28E+00,1.98E+01,1.29E+00
2224,-143.75,-150,0.00E+00,1.54E+00,2.23E+01,1.65E+00
2225,-137.5,-150,0.00E+00,1.87E+00,2.57E+01,2.23E+00
2226,-131.25,-150,0.00E+00,2.16E+00,2.66E+01,2.71E+00
2227,-143.755,-7.00E-05,4.67E-02,1.43E+01,3.99E+00,3.66E+01
2228,-137.509,9.87E-05,1.65E-01,4.55E+00,7.78E+00,2.79E+01
2229,-131.261,0.000211698,3.29E-01,2.95E+00,1.04E+01,2.21E+01
2230,-143.754,79.9984,3.97E-02,5.06E+00,3.67E+00,4.57E+01
2231,-137.506,79.9971,1.37E-01,8.15E+00,2.45E+00,3.93E+01
2232,-131.256,79.9959,2.67E-01,1.34E+01,4.46E+00,3.56E+01
2233,-143.752,118.748,2.56E-02,9.93E+00,3.39E+00,4.28E+01
2234,-137.501,118.747,8.36E-02,1.38E+01,3.11E+00,3.86E+01
2235,-131.25,118.746,1.53E-01,1.55E+01,5.21E+00,3.63E+01
2236,-143.75,137.499,1.01E-02,1.18E+01,2.49E+00,3.37E+01
2237,-137.499,137.499,3.02E-02,1.14E+01,3.55E+00,3.37E+01
2238,-131.248,137.499,5.06E-02,1.23E+01,3.89E+00,3.54E+01
2239,-137.499,143.75,1.02E-02,1.18E+01,2.48E+00,3.36E+01
2240,-143.749,143.749,3.30E-03,1.23E+01,1.73E+00,2.92E+01
2241,-131.248,143.75,1.66E-02,1.16E+01,2.89E+00,3.76E+01
2242,-137.5,124.997,6.84E-02,1.33E+01,3.53E+00,3.72E+01
2243,-137.499,131.248,5.04E-02,1.23E+01,3.85E+00,3.54E+01
2244,-143.751,124.998,2.14E-02,1.09E+01,3.16E+00,4.07E+01
2245,-143.75,131.248,1.63E-02,1.16E+01,2.90E+00,3.77E+01
2246,-131.249,124.997,1.22E-01,1.43E+01,5.37E+00,3.54E+01
2247,-131.248,131.248,8.76E-02,1.29E+01,5.09E+00,3.48E+01
2248,-143.753,99.7917,3.43E-02,5.95E+00,3.96E+00,4.58E+01
2249,-137.504,99.7902,1.16E-01,1.22E+01,2.59E+00,4.02E+01
2250,-131.253,99.7891,2.22E-01,1.63E+01,4.46E+00,3.71E+01
2251,-137.503,106.162,1.07E-01,1.31E+01,2.68E+00,4.00E+01
2252,-137.502,112.497,9.63E-02,1.37E+01,2.83E+00,3.95E+01
2253,-143.746,106.177,3.20E-02,7.30E+00,3.85E+00,4.52E+01
2254,-143.752,112.498,2.91E-02,8.70E+00,3.64E+00,4.43E+01
2255,-131.259,106.175,2.02E-01,1.65E+01,4.65E+00,3.71E+01
2256,-131.251,112.496,1.79E-01,1.63E+01,4.92E+00,3.69E+01
2257,-137.505,86.6635,1.31E-01,9.65E+00,2.49E+00,3.98E+01
2258,-137.504,93.245,1.24E-01,1.10E+01,2.53E+00,4.01E+01
2259,-143.754,86.6649,3.81E-02,4.99E+00,3.87E+00,4.59E+01
2260,-143.76,93.2606,3.63E-02,5.15E+00,3.97E+00,4.60E+01
2261,-131.255,86.6624,2.54E-01,1.46E+01,4.36E+00,3.63E+01
2262,-131.247,93.258,2.39E-01,1.56E+01,4.36E+00,3.68E+01
2263,-143.755,39.9992,4.58E-02,9.37E+00,2.58E+00,4.24E+01
2264,-137.508,39.9986,1.61E-01,3.76E+00,3.79E+00,3.47E+01
2265,-131.26,39.9981,3.19E-01,6.16E+00,6.57E+00,2.98E+01
2266,-143.755,59.9988,4.33E-02,5.73E+00,2.93E+00,4.43E+01
2267,-137.507,59.9978,1.51E-01,4.08E+00,2.67E+00,3.73E+01
2268,-131.259,59.997,2.98E-01,9.49E+00,5.23E+00,3.30E+01
2269,-137.507,66.6642,1.47E-01,5.17E+00,2.51E+00,3.80E+01
2270,-137.506,73.3307,1.42E-01,6.63E+00,2.45E+00,3.87E+01
2271,-143.754,66.6653,4.23E-02,5.29E+00,3.16E+00,4.49E+01
2272,-143.754,73.3318,4.10E-02,5.16E+00,3.42E+00,4.53E+01
2273,-131.258,66.6633,2.89E-01,1.08E+01,4.90E+00,3.39E+01
2274,-131.257,73.3296,2.79E-01,1.21E+01,4.64E+00,3.48E+01
2275,-137.508,46.665,1.58E-01,3.71E+00,3.33E+00,3.56E+01
2276,-137.507,53.3314,1.55E-01,3.70E+00,2.94E+00,3.65E+01
2277,-143.755,46.6657,4.51E-02,8.12E+00,2.65E+00,4.31E+01
2278,-143.755,53.3322,4.43E-02,6.78E+00,2.76E+00,4.38E+01
2279,-131.26,46.6644,3.13E-01,7.16E+00,6.08E+00,3.09E+01
2280,-131.259,53.3307,3.06E-01,8.27E+00,5.63E+00,3.20E+01
2281,-143.755,19.9995,4.70E-02,1.24E+01,2.45E+00,3.98E+01
2282,-137.509,19.9994,1.65E-01,3.95E+00,5.54E+00,3.15E+01
2283,-131.261,19.9992,3.29E-01,3.91E+00,8.27E+00,2.61E+01
2284,-137.509,26.6658,1.64E-01,3.89E+00,4.90E+00,3.26E+01
2285,-137.508,33.3322,1.63E-01,3.83E+00,4.32E+00,3.37E+01
2286,-143.755,26.6661,4.67E-02,1.15E+01,2.48E+00,4.07E+01
2287,-143.755,33.3326,4.63E-02,1.05E+01,2.52E+00,4.16E+01
2288,-131.261,26.6655,3.27E-01,4.54E+00,7.66E+00,2.74E+01
2289,-131.261,33.3318,3.24E-01,5.29E+00,7.10E+00,2.86E+01
2290,-137.509,6.66651,1.65E-01,4.21E+00,6.97E+00,2.91E+01
2291,-137.509,13.3329,1.66E-01,4.03E+00,6.23E+00,3.04E+01
2292,-143.755,6.66646,4.69E-02,1.38E+01,3.13E+00,3.77E+01
2293,-143.755,13.333,4.70E-02,1.31E+01,2.58E+00,3.88E+01
2294,-131.261,6.66652,3.30E-01,3.05E+00,9.63E+00,2.35E+01
2295,-131.261,13.3328,3.30E-01,3.38E+00,8.92E+00,2.48E+01
2296,-143.753,-73.3318,3.52E-02,1.34E+01,1.74E+01,1.91E+01
2297,-137.504,-73.3303,1.22E-01,4.55E+00,2.03E+01,1.05E+01
2298,-131.255,-73.3289,2.41E-01,3.60E+00,2.25E+01,5.41E+00
2299,-143.755,-33.3327,4.38E-02,1.57E+01,9.17E+00,2.99E+01
2300,-137.507,-33.3319,1.54E-01,5.76E+00,1.27E+01,2.09E+01
2301,-131.259,-33.3312,3.06E-01,3.12E+00,1.52E+01,1.48E+01
2302,-143.755,-13.3331,4.59E-02,1.52E+01,5.89E+00,3.41E+01
2303,-137.508,-13.3327,1.62E-01,5.25E+00,9.58E+00,2.53E+01
2304,-131.261,-13.3323,3.22E-01,3.00E+00,1.21E+01,1.93E+01
2305,-137.508,-6.66629,1.63E-01,4.92E+00,8.65E+00,2.66E+01
2306,-143.755,-6.66659,4.64E-02,1.48E+01,4.91E+00,3.54E+01
2307,-131.261,-6.66607,3.26E-01,2.97E+00,1.12E+01,2.07E+01
2308,-137.508,-26.6655,1.57E-01,5.67E+00,1.16E+01,2.24E+01
2309,-137.508,-19.9991,1.59E-01,5.50E+00,1.06E+01,2.39E+01
2310,-143.755,-26.6661,4.46E-02,1.56E+01,8.02E+00,3.14E+01
2311,-143.755,-19.9997,4.53E-02,1.54E+01,6.93E+00,3.28E+01
2312,-131.26,-26.6649,3.12E-01,3.08E+00,1.41E+01,1.63E+01
2313,-131.26,-19.9987,3.18E-01,3.04E+00,1.31E+01,1.78E+01
2314,-143.754,-53.3323,4.04E-02,1.52E+01,1.30E+01,2.50E+01
2315,-137.506,-53.3311,1.41E-01,5.50E+00,1.64E+01,1.60E+01
2316,-131.257,-53.33,2.79E-01,3.22E+00,1.87E+01,9.91E+00
2317,-137.507,-46.6646,1.46E-01,5.69E+00,1.51E+01,1.77E+01
2318,-137.507,-39.9983,1.50E-01,5.77E+00,1.39E+01,1.94E+01
2319,-143.754,-46.6657,4.17E-02,1.55E+01,1.17E+01,2.67E+01
2320,-143.754,-39.9992,4.28E-02,1.57E+01,1.04E+01,2.84E+01
2321,-131.258,-46.6637,2.89E-01,3.19E+00,1.75E+01,1.16E+01
2322,-131.259,-39.9975,2.98E-01,3.15E+00,1.63E+01,1.32E+01
2323,-137.505,-66.6639,1.29E-01,4.90E+00,1.90E+01,1.24E+01
2324,-137.506,-59.9975,1.36E-01,5.23E+00,1.77E+01,1.42E+01
2325,-143.753,-66.6653,3.72E-02,1.42E+01,1.59E+01,2.12E+01
2326,-143.754,-59.9988,3.89E-02,1.48E+01,1.44E+01,2.31E+01
2327,-131.256,-66.6626,2.55E-01,3.39E+00,2.13E+01,6.71E+00
2328,-131.257,-59.9963,2.68E-01,3.28E+00,2.00E+01,8.27E+00
2329,-143.745,-112.467,1.60E-02,4.45E+00,2.53E+01,5.84E+00
2330,-137.499,-112.444,5.65E-02,3.19E+00,2.56E+01,4.67E+00
2331,-131.253,-112.464,1.13E-01,6.66E+00,2.60E+01,7.04E+00
2332,-143.762,-93.2352,2.72E-02,9.52E+00,2.19E+01,1.21E+01
2333,-137.502,-93.2044,9.45E-02,3.74E+00,2.40E+01,5.69E+00
2334,-131.241,-93.2319,1.86E-01,5.14E+00,2.56E+01,4.67E+00
2335,-137.503,-86.623,1.05E-01,3.99E+00,2.29E+01,6.97E+00
2336,-137.504,-79.9968,1.14E-01,4.25E+00,2.17E+01,8.64E+00
2337,-143.756,-86.6382,3.03E-02,1.10E+01,2.05E+01,1.45E+01
2338,-143.753,-79.9984,3.29E-02,1.23E+01,1.89E+01,1.68E+01
2339,-131.248,-86.635,2.06E-01,4.52E+00,2.48E+01,4.33E+00
2340,-131.253,-79.9953,2.25E-01,3.98E+00,2.37E+01,4.57E+00
2341,-137.5,-106.098,7.01E-02,3.25E+00,2.54E+01,4.63E+00
2342,-137.501,-99.6937,8.28E-02,3.48E+00,2.48E+01,4.93E+00
2343,-143.741,-106.138,2.02E-02,6.02E+00,2.44E+01,7.58E+00
2344,-143.752,-99.7308,2.39E-02,7.80E+00,2.33E+01,9.74E+00
2345,-131.258,-106.135,1.39E-01,6.31E+00,2.63E+01,6.35E+00
2346,-131.249,-99.7276,1.63E-01,5.76E+00,2.61E+01,5.45E+00
2347,-143.748,-131.248,3.85E-03,2.09E+00,2.55E+01,3.00E+00
2348,-137.497,-131.247,1.60E-02,3.05E+00,2.37E+01,4.11E+00
2349,-131.246,-131.246,3.56E-02,4.92E+00,2.32E+01,5.70E+00
2350,-137.498,-124.996,2.85E-02,3.46E+00,2.47E+01,4.75E+00
2351,-137.498,-118.726,4.24E-02,3.37E+00,2.54E+01,4.84E+00
2352,-143.749,-124.998,7.56E-03,2.58E+00,2.60E+01,3.66E+00
2353,-143.747,-118.735,1.18E-02,3.32E+00,2.59E+01,4.56E+00
2354,-131.246,-124.996,5.98E-02,6.15E+00,2.41E+01,6.84E+00
2355,-131.249,-118.732,8.62E-02,6.67E+00,2.53E+01,7.27E+00
2356,-137.498,-143.748,1.14E-03,1.73E+00,2.43E+01,2.35E+00
2357,-137.497,-137.497,6.39E-03,2.13E+00,2.30E+01,3.06E+00
2358,-143.748,-143.748,2.12E-06,1.55E+00,2.29E+01,1.82E+00
2359,-143.748,-137.498,1.17E-03,1.73E+00,2.43E+01,2.35E+00
2360,-131.248,-143.748,3.86E-03,2.09E+00,2.55E+01,3.00E+00
2361,-131.247,-137.497,1.60E-02,3.06E+00,2.36E+01,4.12E+00
2362,131.25,150,0.00E+00,2.19E+00,2.66E+01,2.72E+00
2363,137.5,150,0.00E+00,1.87E+00,2.56E+01,2.22E+00
2364,143.75,150,0.00E+00,1.54E+00,2.23E+01,1.65E+00
2365,150,150,0.00E+00,1.28E+00,1.97E+01,1.29E+00
2366,150,143.75,0.00E+00,1.54E+00,2.23E+01,1.65E+00
2367,150,137.5,0.00E+00,1.86E+00,2.56E+01,2.22E+00
2368,150,131.25,0.00E+00,2.16E+00,2.65E+01,2.71E+00
2369,150,125,0.00E+00,3.12E+00,2.66E+01,3.64E+00
2370,150,118.75,0.00E+00,4.95E+00,2.60E+01,5.41E+00
2371,150,112.5,0.00E+00,7.28E+00,2.50E+01,7.85E+00
2372,150,106.25,0.00E+00,9.70E+00,2.38E+01,1.06E+01
2373,150,100,0.00E+00,1.20E+01,2.23E+01,1.35E+01
2374,150,93.3333,0.00E+00,1.42E+01,2.07E+01,1.63E+01
2375,150,86.6667,0.00E+00,1.60E+01,1.90E+01,1.91E+01
2376,150,80,0.00E+00,1.76E+01,1.73E+01,2.16E+01
2377,150,73.3333,0.00E+00,1.88E+01,1.56E+01,2.40E+01
2378,150,66.6667,0.00E+00,1.97E+01,1.41E+01,2.62E+01
2379,150,60,0.00E+00,2.04E+01,1.25E+01,2.82E+01
2380,150,53.3333,0.00E+00,2.09E+01,1.11E+01,3.01E+01
2381,150,46.6667,0.00E+00,2.12E+01,9.71E+00,3.18E+01
2382,150,40,0.00E+00,2.14E+01,8.40E+00,3.35E+01
2383,150,33.3333,0.00E+00,2.14E+01,7.16E+00,3.50E+01
2384,150,26.6667,0.00E+00,2.13E+01,5.99E+00,3.65E+01
2385,150,20,0.00E+00,2.11E+01,4.87E+00,3.79E+01
2386,150,13.3333,0.00E+00,2.08E+01,3.80E+00,3.92E+01
2387,150,6.66667,0.00E+00,2.04E+01,2.79E+00,4.04E+01
2388,150,5.33E-14,0.00E+00,2.00E+01,1.83E+00,4.16E+01
2389,150,-6.66667,0.00E+00,1.94E+01,9.48E-01,4.27E+01
2390,150,-13.3333,0.00E+00,1.87E+01,4.71E-01,4.37E+01
2391,150,-20,0.00E+00,1.78E+01,7.79E-01,4.46E+01
2392,150,-26.6667,0.00E+00,1.69E+01,1.49E+00,4.55E+01
2393,150,-33.3333,0.00E+00,1.58E+01,2.18E+00,4.63E+01
2394,150,-40,0.00E+00,1.46E+01,2.81E+00,4.69E+01
2395,150,-46.6667,0.00E+00,1.33E+01,3.40E+00,4.76E+01
2396,150,-53.3333,0.00E+00,1.18E+01,3.95E+00,4.81E+01
2397,150,-60,0.00E+00,1.02E+01,4.45E+00,4.86E+01
2398,150,-66.6667,0.00E+00,8.55E+00,4.91E+00,4.90E+01
2399,150,-73.3333,0.00E+00,6.79E+00,5.31E+00,4.93E+01
2400,150,-80,0.00E+00,4.98E+00,5.64E+00,4.95E+01
2401,150,-86.6667,0.00E+00,3.23E+00,5.88E+00,4.96E+01
2402,150,-93.3333,0.00E+00,2.04E+00,6.01E+00,4.95E+01
2403,150,-100,0.00E+00,2.26E+00,6.01E+00,4.91E+01
2404,150,-106.25,0.00E+00,3.71E+00,5.84E+00,4.84E+01
2405,150,-112.5,0.00E+00,5.50E+00,5.45E+00,4.72E+01
2406,150,-118.75,0.00E+00,7.33E+00,4.82E+00,4.53E+01
2407,150,-125,0.00E+00,9.14E+00,3.91E+00,4.27E+01
2408,150,-131.25,0.00E+00,1.08E+01,2.78E+00,3.91E+01
2409,150,-137.5,0.00E+00,1.23E+01,1.80E+00,3.43E+01
2410,150,-143.75,0.00E+00,1.27E+01,1.22E+00,2.70E+01
2411,150,-150,0.00E+00,1.23E+01,1.02E+00,2.24E+01
2412,143.75,-150,0.00E+00,1.27E+01,1.22E+00,2.70E+01
2413,137.5,-150,0.00E+00,1.23E+01,1.83E+00,3.43E+01
2414,131.25,-150,0.00E+00,1.08E+01,2.85E+00,3.93E+01
2415,143.755,2.62E-05,4.76E-02,1.42E+01,4.15E+00,3.65E+01
2416,137.509,-0.000153832,1.66E-01,4.52E+00,7.90E+00,2.79E+01
2417,131.261,-0.000242643,3.29E-01,2.95E+00,1.05E+01,2.21E+01
2418,143.753,79.9984,3.37E-02,1.23E+01,1.89E+01,1.67E+01
2419,137.504,79.9968,1.15E-01,4.26E+00,2.16E+01,8.58E+00
2420,131.254,79.9953,2.25E-01,3.95E+00,2.36E+01,4.54E+00
2421,143.749,118.748,1.20E-02,3.26E+00,2.57E+01,4.49E+00
2422,137.498,118.746,4.26E-02,3.38E+00,2.52E+01,4.85E+00
2423,131.247,118.745,8.63E-02,6.67E+00,2.51E+01,7.28E+00
2424,143.748,137.498,1.13E-03,1.73E+00,2.42E+01,2.34E+00
2425,137.497,137.497,6.37E-03,2.12E+00,2.29E+01,3.05E+00
2426,131.247,137.497,1.60E-02,3.04E+00,2.36E+01,4.10E+00
2427,137.498,143.748,1.16E-03,1.72E+00,2.42E+01,2.34E+00
2428,143.748,143.748,5.26E-07,1.54E+00,2.28E+01,1.82E+00
2429,131.248,143.748,3.83E-03,2.08E+00,2.54E+01,2.99E+00
2430,137.498,124.996,2.86E-02,3.47E+00,2.46E+01,4.76E+00
2431,137.497,131.247,1.60E-02,3.05E+00,2.35E+01,4.11E+00
2432,143.749,124.998,7.66E-03,2.54E+00,2.58E+01,3.63E+00
2433,143.748,131.248,3.85E-03,2.08E+00,2.54E+01,2.99E+00
2434,131.246,124.996,5.98E-02,6.15E+00,2.40E+01,6.84E+00
2435,131.246,131.246,3.55E-02,4.91E+00,2.31E+01,5.69E+00
2436,143.751,99.7917,2.44E-02,7.72E+00,2.32E+01,9.59E+00
2437,137.501,99.79,8.33E-02,3.48E+00,2.47E+01,4.91E+00
2438,131.25,99.7885,1.63E-01,5.75E+00,2.60E+01,5.48E+00
2439,137.5,106.161,7.05E-02,3.25E+00,2.52E+01,4.62E+00
2440,137.499,112.496,5.68E-02,3.19E+00,2.54E+01,4.68E+00
2441,143.743,106.177,2.06E-02,5.94E+00,2.43E+01,7.45E+00
2442,143.75,112.498,1.64E-02,4.37E+00,2.52E+01,5.74E+00
2443,131.256,106.174,1.39E-01,6.30E+00,2.61E+01,6.38E+00
2444,131.248,112.495,1.13E-01,6.66E+00,2.59E+01,7.07E+00
2445,137.503,86.6632,1.06E-01,3.99E+00,2.28E+01,6.92E+00
2446,137.502,93.2448,9.51E-02,3.74E+00,2.39E+01,5.65E+00
2447,143.752,86.6649,3.10E-02,1.10E+01,2.04E+01,1.44E+01
2448,143.758,93.2606,2.79E-02,9.45E+00,2.19E+01,1.20E+01
2449,131.252,86.6618,2.07E-01,4.48E+00,2.46E+01,4.32E+00
2450,131.245,93.2574,1.86E-01,5.11E+00,2.55E+01,4.68E+00
2451,143.754,39.9992,4.37E-02,1.56E+01,1.05E+01,2.82E+01
2452,137.507,39.9983,1.51E-01,5.80E+00,1.40E+01,1.93E+01
2453,131.259,39.9975,2.99E-01,3.14E+00,1.63E+01,1.31E+01
2454,143.754,59.9988,3.98E-02,1.48E+01,1.45E+01,2.30E+01
2455,137.506,59.9975,1.37E-01,5.27E+00,1.77E+01,1.42E+01
2456,131.257,59.9963,2.69E-01,3.26E+00,1.99E+01,8.21E+00
2457,137.505,66.6639,1.30E-01,4.93E+00,1.90E+01,1.23E+01
2458,137.504,73.3303,1.23E-01,4.57E+00,2.03E+01,1.04E+01
2459,143.753,66.6653,3.80E-02,1.42E+01,1.59E+01,2.10E+01
2460,143.753,73.3318,3.60E-02,1.33E+01,1.74E+01,1.89E+01
2461,131.256,66.6626,2.56E-01,3.36E+00,2.12E+01,6.66E+00
2462,131.255,73.329,2.42E-01,3.57E+00,2.24E+01,5.36E+00
2463,137.507,46.6647,1.47E-01,5.72E+00,1.52E+01,1.77E+01
2464,137.506,53.3311,1.42E-01,5.54E+00,1.64E+01,1.59E+01
2465,143.754,46.6657,4.26E-02,1.55E+01,1.18E+01,2.66E+01
2466,143.754,53.3323,4.13E-02,1.52E+01,1.31E+01,2.49E+01
2467,131.258,46.6638,2.90E-01,3.17E+00,1.75E+01,1.15E+01
2468,131.257,53.33,2.80E-01,3.21E+00,1.87E+01,9.85E+00
2469,143.755,19.9996,4.62E-02,1.54E+01,7.09E+00,3.27E+01
2470,137.508,19.9991,1.61E-01,5.50E+00,1.07E+01,2.38E+01
2471,131.26,19.9986,3.19E-01,3.03E+00,1.31E+01,1.78E+01
2472,137.508,26.6655,1.58E-01,5.68E+00,1.17E+01,2.24E+01
2473,137.507,33.3319,1.55E-01,5.78E+00,1.28E+01,2.09E+01
2474,143.755,26.6662,4.55E-02,1.56E+01,8.18E+00,3.13E+01
2475,143.755,33.3327,4.47E-02,1.57E+01,9.32E+00,2.98E+01
2476,131.26,26.6649,3.13E-01,3.07E+00,1.41E+01,1.63E+01
2477,131.259,33.3312,3.06E-01,3.11E+00,1.52E+01,1.47E+01
2478,137.508,6.66626,1.64E-01,4.90E+00,8.77E+00,2.66E+01
2479,137.508,13.3327,1.63E-01,5.24E+00,9.70E+00,2.52E+01
2480,143.755,6.66656,4.73E-02,1.47E+01,5.08E+00,3.53E+01
2481,143.755,13.3331,4.68E-02,1.51E+01,6.06E+00,3.40E+01
2482,131.261,6.66606,3.27E-01,2.96E+00,1.13E+01,2.07E+01
2483,131.261,13.3323,3.23E-01,2.99E+00,1.22E+01,1.92E+01
2484,143.754,-73.3318,4.19E-02,5.08E+00,3.38E+00,4.53E+01
2485,137.506,-73.3307,1.43E-01,6.66E+00,2.44E+00,3.87E+01
2486,131.257,-73.3296,2.80E-01,1.21E+01,4.63E+00,3.48E+01
2487,143.755,-33.3326,4.72E-02,1.03E+01,2.53E+00,4.15E+01
2488,137.508,-33.3322,1.64E-01,3.83E+00,4.40E+00,3.37E+01
2489,131.261,-33.3318,3.24E-01,5.36E+00,7.13E+00,2.87E+01
2490,143.755,-13.333,4.79E-02,1.30E+01,2.67E+00,3.87E+01
2491,137.509,-13.3329,1.67E-01,4.04E+00,6.34E+00,3.04E+01
2492,131.261,-13.3328,3.31E-01,3.43E+00,8.98E+00,2.48E+01
2493,137.509,-6.66654,1.66E-01,4.20E+00,7.09E+00,2.92E+01
2494,143.755,-6.66649,4.79E-02,1.37E+01,3.29E+00,3.76E+01
2495,131.261,-6.66653,3.31E-01,3.07E+00,9.69E+00,2.35E+01
2496,137.508,-26.6658,1.65E-01,3.90E+00,4.99E+00,3.26E+01
2497,137.509,-19.9994,1.66E-01,3.96E+00,5.64E+00,3.15E+01
2498,143.755,-26.666,4.76E-02,1.13E+01,2.49E+00,4.07E+01
2499,143.755,-19.9996,4.79E-02,1.22E+01,2.46E+00,3.97E+01
2500,131.261,-26.6654,3.28E-01,4.61E+00,7.70E+00,2.74E+01
2501,131.261,-19.9992,3.30E-01,3.97E+00,8.32E+00,2.62E+01
2502,143.755,-53.3322,4.51E-02,6.63E+00,2.75E+00,4.37E+01
2503,137.507,-53.3314,1.56E-01,3.70E+00,2.98E+00,3.65E+01
2504,131.259,-53.3307,3.07E-01,8.34E+00,5.64E+00,3.20E+01
2505,137.508,-46.665,1.59E-01,3.72E+00,3.38E+00,3.56E+01
2506,137.508,-39.9986,1.62E-01,3.77E+00,3.86E+00,3.47E+01
2507,143.755,-46.6656,4.60E-02,7.95E+00,2.65E+00,4.31E+01
2508,143.755,-39.9992,4.67E-02,9.20E+00,2.58E+00,4.23E+01
2509,131.26,-46.6643,3.14E-01,7.23E+00,6.09E+00,3.09E+01
2510,131.26,-39.9981,3.20E-01,6.23E+00,6.59E+00,2.98E+01
2511,137.507,-66.6642,1.48E-01,5.21E+00,2.51E+00,3.80E+01
2512,137.507,-59.9979,1.52E-01,4.11E+00,2.69E+00,3.73E+01
2513,143.754,-66.6652,4.31E-02,5.20E+00,3.13E+00,4.48E+01
2514,143.755,-59.9988,4.42E-02,5.61E+00,2.91E+00,4.43E+01
2515,131.258,-66.6632,2.90E-01,1.08E+01,4.89E+00,3.39E+01
2516,131.259,-59.997,2.99E-01,9.54E+00,5.23E+00,3.30E+01
2517,143.747,-112.467,2.99E-02,8.67E+00,3.60E+00,4.42E+01
2518,137.502,-112.445,9.73E-02,1.36E+01,2.81E+00,3.94E+01
2519,131.256,-112.465,1.80E-01,1.62E+01,4.89E+00,3.68E+01
2520,143.764,-93.2352,3.71E-02,5.10E+00,3.92E+00,4.59E+01
2521,137.504,-93.2048,1.25E-01,1.10E+01,2.51E+00,4.00E+01
2522,131.244,-93.2326,2.40E-01,1.55E+01,4.35E+00,3.67E+01
2523,137.505,-86.6233,1.32E-01,9.63E+00,2.46E+00,3.97E+01
2524,137.506,-79.9971,1.38E-01,8.16E+00,2.43E+00,3.93E+01
2525,143.757,-86.6382,3.89E-02,4.91E+00,3.81E+00,4.58E+01
2526,143.754,-79.9984,4.05E-02,4.98E+00,3.62E+00,4.56E+01
2527,131.252,-86.6356,2.55E-01,1.46E+01,4.35E+00,3.62E+01
2528,131.256,-79.996,2.68E-01,1.34E+01,4.45E+00,3.56E+01
2529,137.503,-106.099,1.08E-01,1.31E+01,2.66E+00,3.99E+01
2530,137.504,-99.6941,1.17E-01,1.22E+01,2.57E+00,4.01E+01
2531,143.744,-106.138,3.28E-02,7.29E+00,3.81E+00,4.51E+01
2532,143.754,-99.7308,3.51E-02,5.93E+00,3.92E+00,4.57E+01
2533,131.261,-106.136,2.03E-01,1.65E+01,4.63E+00,3.71E+01
2534,131.252,-99.7282,2.23E-01,1.62E+01,4.44E+00,3.70E+01
2535,143.75,-131.248,1.67E-02,1.15E+01,2.87E+00,3.76E+01
2536,137.499,-131.248,5.08E-02,1.22E+01,3.86E+00,3.53E+01
2537,131.248,-131.248,8.78E-02,1.29E+01,5.04E+00,3.48E+01
2538,137.5,-124.997,6.90E-02,1.32E+01,3.53E+00,3.72E+01
2539,137.501,-118.727,8.44E-02,1.37E+01,3.11E+00,3.85E+01
2540,143.751,-124.998,2.21E-02,1.09E+01,3.13E+00,4.05E+01
2541,143.75,-118.735,2.64E-02,9.89E+00,3.36E+00,4.27E+01
2542,131.249,-124.997,1.23E-01,1.42E+01,5.33E+00,3.54E+01
2543,131.252,-118.733,1.53E-01,1.55E+01,5.18E+00,3.62E+01
2544,137.499,-143.75,1.01E-02,1.17E+01,2.49E+00,3.36E+01
2545,137.499,-137.499,3.03E-02,1.14E+01,3.55E+00,3.36E+01
2546,143.749,-143.749,3.32E-03,1.22E+01,1.73E+00,2.92E+01
2547,143.75,-137.499,1.03E-02,1.17E+01,2.48E+00,3.36E+01
2548,131.248,-143.75,1.64E-02,1.15E+01,2.88E+00,3.77E+01
2549,131.248,-137.499,5.06E-02,1.23E+01,3.83E+00,3.53E+01
