NodeID,Y,Z,Displacement,Stress_L1,Stress_L2,Stress_L4
2,99.9966,-99.9965,1.61E+00,1.57E+01,7.94E+00,2.28E+01
3,99.9976,-93.3293,1.71E+00,1.59E+01,8.20E+00,2.30E+01
4,99.9989,-86.6624,1.80E+00,1.58E+01,8.48E+00,2.30E+01
5,100.001,-79.9957,1.88E+00,1.54E+01,8.79E+00,2.26E+01
6,100.002,-73.3292,1.97E+00,1.48E+01,9.12E+00,2.19E+01
7,100.004,-66.663,2.04E+00,1.41E+01,9.45E+00,2.10E+01
8,100.006,-59.9969,2.11E+00,1.34E+01,9.79E+00,1.99E+01
9,100.008,-53.3307,2.18E+00,1.27E+01,1.01E+01,1.87E+01
10,100.011,-46.6647,2.24E+00,1.22E+01,1.04E+01,1.73E+01
11,100.012,-39.9986,2.29E+00,1.20E+01,1.07E+01,1.59E+01
12,100.014,-33.3323,2.33E+00,1.19E+01,1.09E+01,1.44E+01
13,100.015,-26.6661,2.36E+00,1.21E+01,1.11E+01,1.28E+01
14,100.016,-19.9998,2.39E+00,1.24E+01,1.12E+01,1.12E+01
15,100.017,-13.3334,2.40E+00,1.27E+01,1.12E+01,9.71E+00
16,100.017,-6.66707,2.40E+00,1.30E+01,1.13E+01,8.31E+00
17,100.016,-0.000789005,2.39E+00,1.33E+01,1.15E+01,7.06E+00
18,100.015,6.66541,2.38E+00,1.35E+01,1.17E+01,5.96E+00
19,100.014,13.3315,2.35E+00,1.36E+01,1.21E+01,5.00E+00
20,100.013,19.9975,2.32E+00,1.37E+01,1.25E+01,4.18E+00
21,100.011,26.6635,2.27E+00,1.37E+01,1.31E+01,3.51E+00
22,100.009,33.3294,2.23E+00,1.37E+01,1.38E+01,3.00E+00
23,100.007,39.9952,2.17E+00,1.37E+01,1.46E+01,2.68E+00
24,100.005,46.6611,2.11E+00,1.36E+01,1.55E+01,2.57E+00
25,100.003,53.3269,2.05E+00,1.34E+01,1.64E+01,2.65E+00
26,100.001,59.9929,1.98E+00,1.32E+01,1.74E+01,2.85E+00
27,99.9991,66.659,1.91E+00,1.30E+01,1.83E+01,3.12E+00
28,99.9972,73.3252,1.83E+00,1.27E+01,1.92E+01,3.40E+00
29,99.9956,79.9916,1.75E+00,1.24E+01,1.98E+01,3.67E+00
30,99.9943,86.6583,1.66E+00,1.21E+01,2.02E+01,3.90E+00
31,99.9932,93.3253,1.57E+00,1.18E+01,2.03E+01,4.08E+00
32,99.9925,99.9925,1.48E+00,1.15E+01,2.01E+01,4.22E+00
33,93.3253,99.9932,1.57E+00,1.18E+01,2.03E+01,4.09E+00
34,86.6583,99.9942,1.66E+00,1.21E+01,2.02E+01,3.91E+00
35,79.9916,99.9956,1.75E+00,1.24E+01,1.99E+01,3.68E+00
36,73.3251,99.9972,1.83E+00,1.27E+01,1.93E+01,3.42E+00
37,66.6589,99.999,1.91E+00,1.30E+01,1.84E+01,3.13E+00
38,59.9928,100.001,1.98E+00,1.32E+01,1.75E+01,2.86E+00
39,53.3268,100.003,2.05E+00,1.34E+01,1.65E+01,2.65E+00
40,46.661,100.005,2.11E+00,1.35E+01,1.56E+01,2.57E+00
41,39.9951,100.007,2.17E+00,1.36E+01,1.46E+01,2.68E+00
42,33.3292,100.009,2.23E+00,1.37E+01,1.38E+01,3.00E+00
43,26.6633,100.011,2.27E+00,1.37E+01,1.31E+01,3.52E+00
44,19.9974,100.013,2.31E+00,1.36E+01,1.25E+01,4.20E+00
45,13.3314,100.014,2.35E+00,1.35E+01,1.21E+01,5.03E+00
46,6.66525,100.015,2.38E+00,1.34E+01,1.17E+01,5.99E+00
47,-0.00093919,100.016,2.39E+00,1.32E+01,1.15E+01,7.09E+00
48,-6.66721,100.017,2.40E+00,1.29E+01,1.13E+01,8.33E+00
49,-13.3335,100.017,2.40E+00,1.26E+01,1.13E+01,9.71E+00
50,-19.9999,100.016,2.39E+00,1.23E+01,1.12E+01,1.12E+01
51,-26.6663,100.015,2.36E+00,1.20E+01,1.11E+01,1.28E+01
52,-33.3325,100.014,2.33E+00,1.19E+01,1.09E+01,1.44E+01
53,-39.9987,100.012,2.29E+00,1.19E+01,1.07E+01,1.59E+01
54,-46.6649,100.011,2.24E+00,1.22E+01,1.04E+01,1.73E+01
55,-53.3309,100.009,2.18E+00,1.27E+01,1.01E+01,1.87E+01
56,-59.997,100.006,2.11E+00,1.33E+01,9.78E+00,1.99E+01
57,-66.6631,100.004,2.04E+00,1.41E+01,9.43E+00,2.10E+01
58,-73.3293,100.002,1.96E+00,1.48E+01,9.08E+00,2.19E+01
59,-79.9958,100.001,1.88E+00,1.54E+01,8.74E+00,2.26E+01
60,-86.6625,99.9989,1.79E+00,1.57E+01,8.42E+00,2.29E+01
61,-93.3293,99.9976,1.70E+00,1.58E+01,8.11E+00,2.30E+01
62,-99.9965,99.9966,1.60E+00,1.57E+01,7.84E+00,2.27E+01
63,-99.9975,93.3293,1.70E+00,1.58E+01,8.11E+00,2.30E+01
64,-99.9988,86.6623,1.80E+00,1.56E+01,8.41E+00,2.30E+01
65,-100,79.9956,1.88E+00,1.52E+01,8.74E+00,2.26E+01
66,-100.002,73.3291,1.97E+00,1.46E+01,9.07E+00,2.19E+01
67,-100.004,66.6628,2.04E+00,1.38E+01,9.42E+00,2.10E+01
68,-100.006,59.9967,2.12E+00,1.30E+01,9.77E+00,1.98E+01
69,-100.009,53.3305,2.18E+00,1.24E+01,1.01E+01,1.86E+01
70,-100.011,46.6644,2.24E+00,1.19E+01,1.04E+01,1.72E+01
71,-100.013,39.9983,2.29E+00,1.16E+01,1.07E+01,1.58E+01
72,-100.014,33.3321,2.33E+00,1.16E+01,1.09E+01,1.42E+01
73,-100.015,26.6658,2.37E+00,1.17E+01,1.11E+01,1.27E+01
74,-100.016,19.9994,2.39E+00,1.20E+01,1.12E+01,1.11E+01
75,-100.017,13.333,2.40E+00,1.24E+01,1.12E+01,9.58E+00
76,-100.017,6.66671,2.40E+00,1.27E+01,1.13E+01,8.21E+00
77,-100.017,0.000435798,2.39E+00,1.30E+01,1.15E+01,6.98E+00
78,-100.016,-6.66576,2.37E+00,1.32E+01,1.17E+01,5.89E+00
79,-100.015,-13.3318,2.34E+00,1.33E+01,1.21E+01,4.94E+00
80,-100.013,-19.9979,2.31E+00,1.34E+01,1.25E+01,4.12E+00
81,-100.012,-26.6638,2.27E+00,1.35E+01,1.31E+01,3.45E+00
82,-100.01,-33.3296,2.22E+00,1.35E+01,1.38E+01,2.96E+00
83,-100.008,-39.9955,2.16E+00,1.35E+01,1.47E+01,2.66E+00
84,-100.006,-46.6614,2.10E+00,1.34E+01,1.56E+01,2.58E+00
85,-100.003,-53.3272,2.04E+00,1.33E+01,1.65E+01,2.70E+00
86,-100.001,-59.9931,1.97E+00,1.31E+01,1.75E+01,2.95E+00
87,-99.9993,-66.6592,1.90E+00,1.29E+01,1.85E+01,3.26E+00
88,-99.9975,-73.3254,1.82E+00,1.27E+01,1.93E+01,3.59E+00
89,-99.9959,-79.9919,1.74E+00,1.24E+01,1.99E+01,3.90E+00
90,-99.9945,-86.6586,1.65E+00,1.22E+01,2.03E+01,4.17E+00
91,-99.9935,-93.3255,1.56E+00,1.19E+01,2.04E+01,4.40E+00
92,-99.9927,-99.9928,1.47E+00,1.16E+01,2.01E+01,4.57E+00
93,-93.3255,-99.9935,1.56E+00,1.19E+01,2.03E+01,4.39E+00
94,-86.6586,-99.9945,1.65E+00,1.22E+01,2.02E+01,4.16E+00
95,-79.9919,-99.9959,1.74E+00,1.25E+01,1.98E+01,3.88E+00
96,-73.3254,-99.9975,1.82E+00,1.27E+01,1.92E+01,3.57E+00
97,-66.6593,-99.9993,1.90E+00,1.30E+01,1.83E+01,3.25E+00
98,-59.9932,-100.001,1.97E+00,1.32E+01,1.74E+01,2.94E+00
99,-53.3272,-100.003,2.04E+00,1.33E+01,1.64E+01,2.70E+00
100,-46.6615,-100.006,2.11E+00,1.34E+01,1.55E+01,2.58E+00
101,-39.9956,-100.008,2.16E+00,1.35E+01,1.46E+01,2.66E+00
102,-33.3297,-100.01,2.22E+00,1.36E+01,1.38E+01,2.95E+00
103,-26.6639,-100.012,2.27E+00,1.36E+01,1.31E+01,3.44E+00
104,-19.998,-100.013,2.31E+00,1.35E+01,1.25E+01,4.10E+00
105,-13.3319,-100.015,2.35E+00,1.34E+01,1.21E+01,4.91E+00
106,-6.66588,-100.016,2.37E+00,1.33E+01,1.17E+01,5.86E+00
107,0.000314381,-100.016,2.39E+00,1.31E+01,1.15E+01,6.95E+00
108,6.66659,-100.017,2.40E+00,1.28E+01,1.13E+01,8.19E+00
109,13.3329,-100.017,2.40E+00,1.25E+01,1.12E+01,9.58E+00
110,19.9993,-100.016,2.39E+00,1.21E+01,1.12E+01,1.11E+01
111,26.6656,-100.015,2.37E+00,1.18E+01,1.11E+01,1.27E+01
112,33.3319,-100.014,2.33E+00,1.17E+01,1.09E+01,1.43E+01
113,39.9981,-100.012,2.29E+00,1.17E+01,1.07E+01,1.58E+01
114,46.6643,-100.01,2.24E+00,1.19E+01,1.04E+01,1.73E+01
115,53.3304,-100.008,2.18E+00,1.24E+01,1.01E+01,1.86E+01
116,59.9965,-100.006,2.12E+00,1.31E+01,9.79E+00,1.99E+01
117,66.6627,-100.004,2.05E+00,1.38E+01,9.45E+00,2.10E+01
118,73.329,-100.002,1.97E+00,1.45E+01,9.12E+00,2.19E+01
119,79.9955,-100,1.89E+00,1.52E+01,8.80E+00,2.26E+01
120,86.6623,-99.9988,1.80E+00,1.56E+01,8.49E+00,2.30E+01
121,93.3293,-99.9975,1.71E+00,1.58E+01,8.20E+00,2.30E+01
122,-93.3502,0.000424554,2.60E+00,1.38E+01,1.19E+01,6.90E+00
123,-86.6839,0.000397673,2.80E+00,1.47E+01,1.25E+01,6.81E+00
124,-80.0176,0.000349723,3.01E+00,1.58E+01,1.30E+01,6.68E+00
125,-73.3512,0.00027368,3.23E+00,1.71E+01,1.37E+01,6.53E+00
126,-66.6851,0.000159204,3.45E+00,1.87E+01,1.46E+01,6.36E+00
127,-60.0189,-6.91E-06,3.68E+00,2.06E+01,1.56E+01,6.19E+00
128,-53.3528,-0.000245255,3.92E+00,2.31E+01,1.69E+01,6.07E+00
129,-46.687,-0.000581886,4.17E+00,2.63E+01,1.86E+01,6.10E+00
130,-40.0213,-0.00105882,4.43E+00,3.06E+01,2.10E+01,6.45E+00
131,-33.3558,-0.00172649,4.70E+00,3.66E+01,2.44E+01,7.36E+00
132,-26.6908,-0.00266034,4.99E+00,4.54E+01,2.98E+01,9.12E+00
133,-20.026,-0.00389603,5.29E+00,5.95E+01,3.89E+01,1.23E+01
134,-13.3608,-0.00538464,5.61E+00,8.57E+01,5.69E+01,2.04E+01
135,-6.68972,-0.00568177,5.90E+00,1.31E+02,8.79E+01,4.45E+01
136,-8.56E-05,-0.000244903,6.06E+00,1.58E+02,1.07E+02,6.23E+01
137,6.68941,0.00523509,5.90E+00,1.31E+02,8.78E+01,4.43E+01
138,13.3604,0.00498642,5.60E+00,8.59E+01,5.68E+01,2.03E+01
139,20.0255,0.00352602,5.29E+00,5.98E+01,3.88E+01,1.23E+01
140,26.6902,0.00230673,4.98E+00,4.58E+01,2.97E+01,9.17E+00
141,33.3552,0.00138021,4.70E+00,3.70E+01,2.44E+01,7.41E+00
142,40.0207,0.00071388,4.42E+00,3.10E+01,2.09E+01,6.53E+00
143,46.6864,0.000234516,4.17E+00,2.67E+01,1.86E+01,6.21E+00
144,53.3523,-0.000105949,3.92E+00,2.34E+01,1.69E+01,6.22E+00
145,60.0184,-0.000348467,3.68E+00,2.10E+01,1.56E+01,6.35E+00
146,66.6846,-0.000517903,3.45E+00,1.90E+01,1.45E+01,6.53E+00
147,73.3508,-0.000634271,3.23E+00,1.74E+01,1.37E+01,6.70E+00
148,80.0172,-0.000710519,3.01E+00,1.61E+01,1.30E+01,6.84E+00
149,86.6835,-0.000756989,2.80E+00,1.50E+01,1.24E+01,6.95E+00
150,93.3499,-0.000780697,2.60E+00,1.41E+01,1.19E+01,7.02E+00
151,0.00505839,6.68879,5.90E+00,1.32E+02,8.88E+01,4.45E+01
152,0.00470607,13.3599,5.60E+00,8.69E+01,5.83E+01,2.03E+01
153,0.00332565,20.0253,5.29E+00,5.97E+01,3.96E+01,1.21E+01
154,0.00209386,26.6902,4.98E+00,4.54E+01,3.01E+01,9.04E+00
155,0.00115389,33.3553,4.70E+00,3.65E+01,2.47E+01,7.39E+00
156,0.000479257,40.0207,4.43E+00,3.06E+01,2.11E+01,6.59E+00
157,-3.12E-06,46.6864,4.17E+00,2.63E+01,1.87E+01,6.32E+00
158,-0.000341965,53.3523,3.92E+00,2.31E+01,1.70E+01,6.34E+00
159,-0.000579304,60.0184,3.68E+00,2.07E+01,1.56E+01,6.47E+00
160,-0.000740743,66.6846,3.45E+00,1.88E+01,1.46E+01,6.64E+00
161,-0.000846756,73.3509,3.23E+00,1.73E+01,1.38E+01,6.79E+00
162,-0.000910542,80.0172,3.02E+00,1.60E+01,1.31E+01,6.91E+00
163,-0.000942538,86.6836,2.80E+00,1.49E+01,1.25E+01,7.00E+00
164,-0.000950809,93.3499,2.60E+00,1.40E+01,1.19E+01,7.06E+00
165,-53.3538,6.66692,3.94E+00,2.21E+01,1.72E+01,9.14E+00
166,-53.3532,13.3344,3.93E+00,2.06E+01,1.75E+01,1.38E+01
167,-53.3511,20.0017,3.89E+00,1.92E+01,1.74E+01,1.92E+01
168,-53.348,26.6687,3.81E+00,1.87E+01,1.68E+01,2.44E+01
169,-53.3443,33.3352,3.71E+00,1.93E+01,1.59E+01,2.86E+01
170,-53.3408,40.0016,3.59E+00,2.03E+01,1.48E+01,3.14E+01
171,-53.3377,46.6681,3.45E+00,2.11E+01,1.39E+01,3.27E+01
172,-53.3354,53.3351,3.31E+00,2.10E+01,1.32E+01,3.24E+01
173,-53.3337,60.0024,3.16E+00,2.00E+01,1.26E+01,3.08E+01
174,-53.3326,66.6701,3.00E+00,1.86E+01,1.22E+01,2.85E+01
175,-53.3319,73.3379,2.84E+00,1.70E+01,1.18E+01,2.60E+01
176,-53.3315,80.0057,2.68E+00,1.56E+01,1.14E+01,2.38E+01
177,-53.3312,86.6734,2.51E+00,1.44E+01,1.10E+01,2.18E+01
178,-53.331,93.3411,2.35E+00,1.34E+01,1.05E+01,2.01E+01
179,-60.0053,46.6668,3.29E+00,1.94E+01,1.33E+01,2.99E+01
180,-66.6731,46.666,3.12E+00,1.75E+01,1.28E+01,2.70E+01
181,-73.3407,46.6654,2.94E+00,1.59E+01,1.23E+01,2.43E+01
182,-80.0084,46.665,2.77E+00,1.45E+01,1.18E+01,2.20E+01
183,-86.676,46.6648,2.59E+00,1.34E+01,1.14E+01,2.01E+01
184,-93.3433,46.6646,2.42E+00,1.26E+01,1.09E+01,1.85E+01
185,-73.3436,39.9993,3.03E+00,1.50E+01,1.29E+01,2.21E+01
186,-73.3464,33.3331,3.11E+00,1.45E+01,1.34E+01,1.95E+01
187,-73.3488,26.6668,3.17E+00,1.46E+01,1.37E+01,1.67E+01
188,-73.3507,20.0002,3.22E+00,1.51E+01,1.39E+01,1.37E+01
189,-73.3517,13.3335,3.24E+00,1.58E+01,1.38E+01,1.09E+01
190,-73.3519,6.66679,3.25E+00,1.66E+01,1.37E+01,8.46E+00
191,-66.6821,26.6672,3.38E+00,1.56E+01,1.46E+01,1.86E+01
192,-60.0151,26.6679,3.59E+00,1.70E+01,1.56E+01,2.11E+01
193,-66.6793,33.3336,3.31E+00,1.57E+01,1.41E+01,2.19E+01
194,-66.6762,39.9998,3.22E+00,1.64E+01,1.35E+01,2.47E+01
195,-60.0119,33.3343,3.51E+00,1.73E+01,1.50E+01,2.49E+01
196,-60.0085,40.0006,3.40E+00,1.82E+01,1.41E+01,2.79E+01
197,-66.6856,13.3337,3.47E+00,1.71E+01,1.48E+01,1.16E+01
198,-60.0193,13.334,3.70E+00,1.87E+01,1.60E+01,1.25E+01
199,-66.6842,20.0005,3.44E+00,1.62E+01,1.48E+01,1.50E+01
200,-60.0177,20.001,3.66E+00,1.76E+01,1.60E+01,1.68E+01
201,-66.6858,6.66682,3.47E+00,1.80E+01,1.46E+01,8.59E+00
202,-60.0197,6.66686,3.70E+00,1.98E+01,1.57E+01,8.80E+00
203,-93.3489,26.6659,2.56E+00,1.23E+01,1.16E+01,1.33E+01
204,-86.6823,26.6661,2.76E+00,1.29E+01,1.22E+01,1.42E+01
205,-80.0156,26.6664,2.97E+00,1.37E+01,1.29E+01,1.53E+01
206,-86.6805,33.3324,2.72E+00,1.28E+01,1.20E+01,1.63E+01
207,-86.6784,39.9986,2.66E+00,1.29E+01,1.17E+01,1.82E+01
208,-93.3473,33.3322,2.53E+00,1.21E+01,1.15E+01,1.51E+01
209,-93.3454,39.9984,2.48E+00,1.22E+01,1.12E+01,1.69E+01
210,-80.0135,33.3327,2.91E+00,1.35E+01,1.27E+01,1.77E+01
211,-80.0111,39.9989,2.85E+00,1.38E+01,1.23E+01,2.00E+01
212,-93.3506,13.3331,2.60E+00,1.30E+01,1.18E+01,9.81E+00
213,-86.6843,13.3332,2.81E+00,1.38E+01,1.23E+01,1.01E+01
214,-80.018,13.3333,3.03E+00,1.48E+01,1.30E+01,1.04E+01
215,-86.6836,19.9997,2.80E+00,1.33E+01,1.23E+01,1.21E+01
216,-93.35,19.9995,2.59E+00,1.26E+01,1.17E+01,1.15E+01
217,-80.0172,19.9999,3.01E+00,1.41E+01,1.30E+01,1.28E+01
218,-86.6844,6.66675,2.81E+00,1.43E+01,1.24E+01,8.31E+00
219,-93.3506,6.66673,2.61E+00,1.35E+01,1.18E+01,8.26E+00
220,-80.0181,6.66677,3.03E+00,1.54E+01,1.30E+01,8.38E+00
221,-59.9983,73.3354,2.73E+00,1.79E+01,1.12E+01,2.71E+01
222,-66.6649,73.3333,2.62E+00,1.83E+01,1.07E+01,2.75E+01
223,-73.3318,73.3317,2.50E+00,1.82E+01,1.03E+01,2.71E+01
224,-79.9992,73.3306,2.37E+00,1.76E+01,9.98E+00,2.61E+01
225,-86.6668,73.3298,2.24E+00,1.67E+01,9.67E+00,2.48E+01
226,-93.3345,73.3294,2.10E+00,1.56E+01,9.37E+00,2.33E+01
227,-73.3334,66.6647,2.62E+00,1.83E+01,1.07E+01,2.75E+01
228,-73.3355,59.998,2.73E+00,1.79E+01,1.12E+01,2.71E+01
229,-73.338,53.3316,2.84E+00,1.70E+01,1.17E+01,2.60E+01
230,-66.668,59.9989,2.88E+00,1.91E+01,1.16E+01,2.90E+01
231,-60.0006,60.0004,3.02E+00,2.00E+01,1.20E+01,3.04E+01
232,-66.6662,66.6659,2.75E+00,1.90E+01,1.11E+01,2.86E+01
233,-59.9992,66.6677,2.88E+00,1.91E+01,1.16E+01,2.90E+01
234,-66.6703,53.3323,3.00E+00,1.86E+01,1.21E+01,2.84E+01
235,-60.0027,53.3334,3.16E+00,2.00E+01,1.26E+01,3.07E+01
236,-93.3387,59.9968,2.27E+00,1.40E+01,1.01E+01,2.13E+01
237,-86.671,59.997,2.43E+00,1.51E+01,1.05E+01,2.31E+01
238,-80.0032,59.9973,2.58E+00,1.65E+01,1.09E+01,2.50E+01
239,-86.6688,66.6633,2.34E+00,1.60E+01,1.01E+01,2.41E+01
240,-93.3365,66.663,2.19E+00,1.48E+01,9.75E+00,2.25E+01
241,-80.001,66.6638,2.48E+00,1.72E+01,1.04E+01,2.59E+01
242,-86.6735,53.3308,2.52E+00,1.42E+01,1.09E+01,2.17E+01
243,-93.341,53.3306,2.35E+00,1.32E+01,1.05E+01,2.00E+01
244,-80.0057,53.3311,2.68E+00,1.55E+01,1.13E+01,2.37E+01
245,-73.3295,93.3345,2.10E+00,1.57E+01,9.38E+00,2.33E+01
246,-73.33,86.6668,2.24E+00,1.67E+01,9.68E+00,2.48E+01
247,-73.3307,79.9991,2.37E+00,1.76E+01,9.98E+00,2.61E+01
248,-66.6636,86.6687,2.34E+00,1.61E+01,1.01E+01,2.42E+01
249,-59.9973,86.671,2.43E+00,1.53E+01,1.05E+01,2.31E+01
250,-66.6633,93.3366,2.19E+00,1.50E+01,9.76E+00,2.25E+01
251,-59.9971,93.3388,2.27E+00,1.42E+01,1.02E+01,2.14E+01
252,-66.6641,80.001,2.48E+00,1.73E+01,1.04E+01,2.59E+01
253,-59.9977,80.0032,2.58E+00,1.65E+01,1.09E+01,2.51E+01
254,-93.3312,86.6629,1.91E+00,1.63E+01,8.68E+00,2.39E+01
255,-86.6639,86.6638,2.03E+00,1.68E+01,8.98E+00,2.46E+01
256,-79.9968,86.6651,2.13E+00,1.70E+01,9.31E+00,2.49E+01
257,-86.663,93.3313,1.91E+00,1.64E+01,8.69E+00,2.39E+01
258,-93.3301,93.3301,1.81E+00,1.62E+01,8.38E+00,2.36E+01
259,-79.9961,93.3327,2.01E+00,1.62E+01,9.02E+00,2.38E+01
260,-86.6652,79.9967,2.14E+00,1.69E+01,9.30E+00,2.50E+01
261,-93.3327,79.996,2.01E+00,1.61E+01,9.01E+00,2.38E+01
262,-79.9978,79.9977,2.25E+00,1.75E+01,9.62E+00,2.58E+01
263,-6.66759,46.6875,4.19E+00,2.50E+01,1.92E+01,1.01E+01
264,-13.3355,46.6866,4.17E+00,2.29E+01,1.96E+01,1.62E+01
265,-20.0032,46.684,4.12E+00,2.13E+01,1.94E+01,2.30E+01
266,-26.6704,46.6804,4.02E+00,2.09E+01,1.83E+01,2.89E+01
267,-33.3369,46.6764,3.90E+00,2.15E+01,1.70E+01,3.31E+01
268,-40.0035,46.6728,3.76E+00,2.23E+01,1.57E+01,3.50E+01
269,-46.6705,46.6701,3.61E+00,2.22E+01,1.47E+01,3.47E+01
270,-26.672,40.0128,4.24E+00,2.35E+01,2.01E+01,3.42E+01
271,-26.6743,33.3451,4.45E+00,2.63E+01,2.23E+01,3.96E+01
272,-26.6778,26.6773,4.65E+00,2.88E+01,2.54E+01,4.30E+01
273,-26.6828,20.009,4.82E+00,3.10E+01,2.90E+01,4.04E+01
274,-26.6882,13.3395,4.95E+00,3.50E+01,3.19E+01,2.97E+01
275,-26.6916,6.66833,5.01E+00,4.12E+01,3.20E+01,1.51E+01
276,-20.0096,26.6823,4.82E+00,3.09E+01,2.91E+01,4.05E+01
277,-13.34,26.6877,4.95E+00,3.50E+01,3.22E+01,2.99E+01
278,-6.66887,26.691,5.01E+00,4.12E+01,3.24E+01,1.54E+01
279,-13.3377,33.3543,4.69E+00,2.99E+01,2.63E+01,2.37E+01
280,-13.3364,40.0205,4.43E+00,2.60E+01,2.24E+01,1.92E+01
281,-20.0066,33.35,4.59E+00,2.71E+01,2.48E+01,3.39E+01
282,-20.0046,40.0171,4.35E+00,2.39E+01,2.17E+01,2.77E+01
283,-6.66812,33.3564,4.72E+00,3.39E+01,2.60E+01,1.28E+01
284,-6.66776,40.0218,4.45E+00,2.88E+01,2.20E+01,1.11E+01
285,-13.358,6.67381,5.60E+00,7.13E+01,6.13E+01,2.03E+01
286,-13.3501,13.3496,5.45E+00,5.29E+01,5.30E+01,3.41E+01
287,-13.3438,20.02,5.21E+00,4.19E+01,4.11E+01,3.60E+01
288,-20.0206,13.3433,5.21E+00,4.17E+01,4.09E+01,3.60E+01
289,-20.0259,6.67002,5.31E+00,5.19E+01,4.28E+01,1.86E+01
290,-20.0142,20.0137,5.04E+00,3.52E+01,3.50E+01,4.35E+01
291,-6.67437,13.3572,5.60E+00,7.20E+01,6.22E+01,2.03E+01
292,-6.68222,6.68144,5.83E+00,1.06E+02,8.41E+01,2.65E+01
293,-6.67054,20.0252,5.30E+00,5.22E+01,4.33E+01,1.86E+01
294,-46.6808,26.6698,4.02E+00,2.09E+01,1.83E+01,2.87E+01
295,-40.0133,26.6714,4.24E+00,2.36E+01,2.00E+01,3.40E+01
296,-33.3456,26.6737,4.45E+00,2.64E+01,2.23E+01,3.96E+01
297,-40.0091,33.3383,4.10E+00,2.40E+01,1.82E+01,3.73E+01
298,-40.0058,40.0054,3.94E+00,2.37E+01,1.68E+01,3.74E+01
299,-46.6768,33.3365,3.90E+00,2.16E+01,1.69E+01,3.29E+01
300,-46.6732,40.0031,3.76E+00,2.23E+01,1.56E+01,3.50E+01
301,-33.3416,33.3411,4.28E+00,2.57E+01,2.00E+01,4.03E+01
302,-33.3388,40.0087,4.10E+00,2.39E+01,1.83E+01,3.74E+01
303,-46.6871,13.335,4.18E+00,2.30E+01,1.95E+01,1.58E+01
304,-40.021,13.3359,4.43E+00,2.60E+01,2.23E+01,1.88E+01
305,-33.3548,13.3372,4.69E+00,2.99E+01,2.61E+01,2.33E+01
306,-40.0176,20.004,4.35E+00,2.40E+01,2.16E+01,2.74E+01
307,-46.6845,20.0027,4.12E+00,2.13E+01,1.92E+01,2.27E+01
308,-33.3504,20.006,4.59E+00,2.72E+01,2.47E+01,3.37E+01
309,-40.0224,6.6672,4.45E+00,2.88E+01,2.18E+01,1.07E+01
310,-46.688,6.66701,4.19E+00,2.50E+01,1.91E+01,9.73E+00
311,-33.3569,6.66756,4.73E+00,3.40E+01,2.58E+01,1.24E+01
312,-26.6664,93.3488,2.56E+00,1.25E+01,1.16E+01,1.35E+01
313,-26.6666,86.6821,2.76E+00,1.31E+01,1.23E+01,1.44E+01
314,-26.6669,80.0154,2.97E+00,1.38E+01,1.30E+01,1.55E+01
315,-26.6673,73.3486,3.17E+00,1.47E+01,1.38E+01,1.69E+01
316,-26.6678,66.6818,3.38E+00,1.57E+01,1.47E+01,1.88E+01
317,-26.6684,60.0148,3.59E+00,1.70E+01,1.57E+01,2.13E+01
318,-26.6692,53.3476,3.81E+00,1.87E+01,1.69E+01,2.46E+01
319,-20.0007,73.3504,3.22E+00,1.52E+01,1.39E+01,1.40E+01
320,-13.334,73.3514,3.24E+00,1.59E+01,1.38E+01,1.12E+01
321,-6.66736,73.3516,3.25E+00,1.67E+01,1.37E+01,8.76E+00
322,-13.3338,80.0177,3.02E+00,1.49E+01,1.30E+01,1.07E+01
323,-13.3337,86.6841,2.81E+00,1.40E+01,1.24E+01,1.03E+01
324,-13.3336,93.3504,2.60E+00,1.33E+01,1.18E+01,9.99E+00
325,-20.0002,86.6834,2.80E+00,1.35E+01,1.23E+01,1.23E+01
326,-20.0004,80.0169,3.00E+00,1.43E+01,1.31E+01,1.31E+01
327,-20,93.3498,2.59E+00,1.28E+01,1.17E+01,1.17E+01
328,-6.66729,86.6841,2.81E+00,1.45E+01,1.24E+01,8.53E+00
329,-6.66733,80.0178,3.03E+00,1.55E+01,1.30E+01,8.64E+00
330,-6.66725,93.3504,2.61E+00,1.36E+01,1.18E+01,8.43E+00
331,-13.3349,53.3528,3.93E+00,2.06E+01,1.76E+01,1.42E+01
332,-13.3345,60.0189,3.69E+00,1.87E+01,1.60E+01,1.28E+01
333,-13.3342,66.6852,3.46E+00,1.72E+01,1.48E+01,1.19E+01
334,-20.0016,60.0173,3.66E+00,1.76E+01,1.61E+01,1.71E+01
335,-20.0023,53.3507,3.88E+00,1.92E+01,1.75E+01,1.95E+01
336,-20.0011,66.6839,3.43E+00,1.63E+01,1.49E+01,1.53E+01
337,-6.66744,60.0193,3.70E+00,1.99E+01,1.58E+01,9.16E+00
338,-6.6675,53.3533,3.94E+00,2.21E+01,1.73E+01,9.53E+00
339,-6.6674,66.6854,3.47E+00,1.81E+01,1.47E+01,8.93E+00
340,-46.6659,73.3406,2.94E+00,1.60E+01,1.24E+01,2.44E+01
341,-39.9998,73.3435,3.03E+00,1.51E+01,1.29E+01,2.22E+01
342,-33.3336,73.3462,3.11E+00,1.46E+01,1.34E+01,1.97E+01
343,-39.9994,80.0109,2.85E+00,1.40E+01,1.23E+01,2.01E+01
344,-39.9991,86.6783,2.66E+00,1.31E+01,1.18E+01,1.84E+01
345,-39.9989,93.3454,2.47E+00,1.25E+01,1.12E+01,1.70E+01
346,-46.6652,86.6759,2.59E+00,1.36E+01,1.14E+01,2.02E+01
347,-46.6655,80.0083,2.77E+00,1.47E+01,1.19E+01,2.21E+01
348,-46.665,93.3433,2.41E+00,1.28E+01,1.09E+01,1.86E+01
349,-33.3329,86.6804,2.72E+00,1.30E+01,1.21E+01,1.64E+01
350,-33.3332,80.0134,2.91E+00,1.37E+01,1.27E+01,1.79E+01
351,-33.3327,93.3473,2.52E+00,1.24E+01,1.15E+01,1.53E+01
352,-40.002,53.3405,3.59E+00,2.03E+01,1.49E+01,3.15E+01
353,-40.001,60.0082,3.40E+00,1.83E+01,1.42E+01,2.80E+01
354,-40.0003,66.6759,3.22E+00,1.65E+01,1.35E+01,2.49E+01
355,-46.6673,60.0051,3.29E+00,1.94E+01,1.33E+01,3.00E+01
356,-46.6686,53.3374,3.45E+00,2.11E+01,1.39E+01,3.28E+01
357,-46.6664,66.6729,3.12E+00,1.76E+01,1.28E+01,2.70E+01
358,-33.3348,60.0116,3.51E+00,1.73E+01,1.50E+01,2.50E+01
359,-33.3357,53.344,3.71E+00,1.92E+01,1.59E+01,2.87E+01
360,-33.3341,66.679,3.31E+00,1.58E+01,1.42E+01,2.21E+01
361,93.3375,46.6608,2.28E+00,1.43E+01,1.64E+01,2.71E+00
362,86.6697,46.6605,2.44E+00,1.50E+01,1.76E+01,2.90E+00
363,80.0017,46.6603,2.60E+00,1.57E+01,1.91E+01,3.14E+00
364,73.3337,46.6602,2.76E+00,1.65E+01,2.08E+01,3.44E+00
365,66.6656,46.6602,2.92E+00,1.73E+01,2.27E+01,3.79E+00
366,59.9976,46.6606,3.07E+00,1.81E+01,2.47E+01,4.20E+00
367,53.3299,46.6613,3.23E+00,1.90E+01,2.66E+01,4.62E+00
368,46.6626,46.6627,3.38E+00,2.00E+01,2.78E+01,5.03E+00
369,39.9958,46.6648,3.52E+00,2.11E+01,2.79E+01,5.37E+00
370,33.3296,46.6679,3.66E+00,2.23E+01,2.67E+01,5.59E+00
371,26.664,46.6716,3.80E+00,2.36E+01,2.46E+01,5.61E+00
372,19.9985,46.6758,3.92E+00,2.48E+01,2.22E+01,5.44E+00
373,13.3329,46.68,4.02E+00,2.59E+01,2.02E+01,5.14E+00
374,6.66683,46.6837,4.11E+00,2.65E+01,1.89E+01,5.06E+00
375,53.3325,39.995,3.36E+00,2.00E+01,2.57E+01,4.76E+00
376,53.3357,33.3292,3.48E+00,2.09E+01,2.40E+01,4.78E+00
377,53.3393,26.6637,3.60E+00,2.19E+01,2.18E+01,4.69E+00
378,53.3432,19.9982,3.71E+00,2.27E+01,1.98E+01,4.51E+00
379,53.3468,13.3326,3.80E+00,2.34E+01,1.81E+01,4.41E+00
380,53.35,6.66652,3.87E+00,2.37E+01,1.71E+01,4.74E+00
381,80.0044,39.9946,2.68E+00,1.61E+01,1.77E+01,3.04E+00
382,80.007,33.3289,2.76E+00,1.63E+01,1.65E+01,3.06E+00
383,80.0097,26.6632,2.83E+00,1.65E+01,1.54E+01,3.28E+00
384,80.0121,19.9975,2.89E+00,1.66E+01,1.44E+01,3.73E+00
385,80.0142,13.3316,2.95E+00,1.66E+01,1.37E+01,4.46E+00
386,80.016,6.66554,2.99E+00,1.64E+01,1.33E+01,5.48E+00
387,86.677,26.6633,2.64E+00,1.55E+01,1.44E+01,3.32E+00
388,93.3442,26.6634,2.46E+00,1.46E+01,1.37E+01,3.40E+00
389,86.6746,33.329,2.58E+00,1.54E+01,1.54E+01,2.98E+00
390,86.6722,39.9948,2.51E+00,1.52E+01,1.65E+01,2.85E+00
391,93.3421,33.3292,2.40E+00,1.45E+01,1.45E+01,2.97E+00
392,93.3398,39.995,2.34E+00,1.44E+01,1.54E+01,2.74E+00
393,86.681,13.3315,2.74E+00,1.55E+01,1.31E+01,4.67E+00
394,93.3477,13.3315,2.55E+00,1.45E+01,1.25E+01,4.85E+00
395,86.6791,19.9975,2.70E+00,1.55E+01,1.37E+01,3.88E+00
396,93.3461,19.9975,2.51E+00,1.46E+01,1.30E+01,4.04E+00
397,86.6825,6.66546,2.78E+00,1.53E+01,1.27E+01,5.68E+00
398,93.349,6.66542,2.58E+00,1.43E+01,1.22E+01,5.84E+00
399,60.0071,26.6634,3.41E+00,2.03E+01,1.96E+01,3.98E+00
400,66.6747,26.6633,3.21E+00,1.89E+01,1.79E+01,3.54E+00
401,73.3422,26.6632,3.02E+00,1.76E+01,1.65E+01,3.33E+00
402,66.6716,33.3288,3.12E+00,1.84E+01,1.95E+01,3.59E+00
403,66.6685,39.9944,3.02E+00,1.79E+01,2.12E+01,3.70E+00
404,60.0036,33.3289,3.30E+00,1.96E+01,2.15E+01,4.10E+00
405,60.0004,39.9946,3.19E+00,1.89E+01,2.33E+01,4.19E+00
406,73.3393,33.3288,2.94E+00,1.73E+01,1.78E+01,3.25E+00
407,73.3364,39.9944,2.85E+00,1.70E+01,1.93E+01,3.32E+00
408,66.6829,6.66584,3.42E+00,1.94E+01,1.48E+01,4.99E+00
409,66.6806,13.3319,3.36E+00,1.94E+01,1.54E+01,4.09E+00
410,66.6778,19.9977,3.29E+00,1.92E+01,1.65E+01,3.66E+00
411,60.0137,13.3322,3.58E+00,2.12E+01,1.66E+01,4.09E+00
412,60.0164,6.66612,3.64E+00,2.13E+01,1.58E+01,4.78E+00
413,60.0105,19.9979,3.50E+00,2.08E+01,1.79E+01,3.92E+00
414,73.3474,13.3317,3.15E+00,1.79E+01,1.45E+01,4.25E+00
415,73.3494,6.66566,3.20E+00,1.78E+01,1.40E+01,5.24E+00
416,73.345,19.9975,3.09E+00,1.78E+01,1.53E+01,3.63E+00
417,26.6649,40.0039,3.99E+00,2.57E+01,2.77E+01,6.85E+00
418,26.6665,33.3364,4.19E+00,2.83E+01,3.07E+01,8.29E+00
419,26.6693,26.6694,4.38E+00,3.16E+01,3.25E+01,9.82E+00
420,26.6736,20.0033,4.56E+00,3.57E+01,3.20E+01,1.13E+01
421,26.6794,13.3375,4.74E+00,4.05E+01,2.97E+01,1.23E+01
422,26.6856,6.67103,4.88E+00,4.50E+01,2.83E+01,1.14E+01
423,33.3363,26.6667,4.19E+00,2.84E+01,3.06E+01,8.34E+00
424,40.0038,26.6651,3.99E+00,2.59E+01,2.76E+01,6.92E+00
425,46.6716,26.6642,3.80E+00,2.37E+01,2.45E+01,5.67E+00
426,40.0001,33.331,3.84E+00,2.41E+01,2.92E+01,6.55E+00
427,39.9975,39.9976,3.69E+00,2.25E+01,2.93E+01,6.00E+00
428,33.3329,33.3331,4.02E+00,2.60E+01,3.09E+01,7.48E+00
429,33.3308,40.0002,3.84E+00,2.40E+01,2.93E+01,6.52E+00
430,46.6678,33.3298,3.66E+00,2.24E+01,2.67E+01,5.62E+00
431,46.6647,39.9959,3.52E+00,2.11E+01,2.79E+01,5.39E+00
432,33.3462,13.3354,4.49E+00,3.43E+01,2.57E+01,8.97E+00
433,40.013,13.3341,4.25E+00,2.97E+01,2.25E+01,6.69E+00
434,46.6799,13.3332,4.02E+00,2.62E+01,2.00E+01,5.22E+00
435,40.0083,19.9996,4.13E+00,2.78E+01,2.50E+01,6.99E+00
436,33.3408,20.001,4.35E+00,3.12E+01,2.85E+01,8.93E+00
437,46.6757,19.9988,3.92E+00,2.50E+01,2.21E+01,5.52E+00
438,40.0175,6.66792,4.36E+00,3.10E+01,2.10E+01,6.04E+00
439,33.3514,6.66915,4.61E+00,3.67E+01,2.41E+01,7.99E+00
440,46.6837,6.66709,4.11E+00,2.69E+01,1.88E+01,5.07E+00
441,6.6708,26.6856,4.88E+00,4.45E+01,2.86E+01,1.11E+01
442,13.3373,26.6795,4.74E+00,4.02E+01,2.99E+01,1.20E+01
443,20.0031,26.6737,4.56E+00,3.55E+01,3.20E+01,1.12E+01
444,13.3352,33.3462,4.49E+00,3.39E+01,2.59E+01,8.77E+00
445,13.3338,40.0131,4.25E+00,2.94E+01,2.27E+01,6.54E+00
446,6.66891,33.3514,4.61E+00,3.62E+01,2.43E+01,7.75E+00
447,6.66766,40.0175,4.36E+00,3.06E+01,2.12E+01,5.93E+00
448,20.0008,33.3409,4.35E+00,3.10E+01,2.86E+01,8.81E+00
449,19.9994,40.0083,4.13E+00,2.76E+01,2.52E+01,6.88E+00
450,6.67863,13.3544,5.46E+00,8.09E+01,4.60E+01,2.83E+01
451,13.3464,13.3465,5.23E+00,6.35E+01,3.81E+01,2.33E+01
452,20.0128,13.3409,4.99E+00,4.96E+01,3.40E+01,1.69E+01
453,13.3408,20.0129,4.99E+00,4.94E+01,3.42E+01,1.67E+01
454,6.67379,20.02,5.17E+00,5.75E+01,3.51E+01,1.68E+01
455,20.0069,20.007,4.78E+00,4.16E+01,3.41E+01,1.40E+01
456,13.3545,6.67883,5.46E+00,8.08E+01,4.52E+01,2.85E+01
457,6.68605,6.68589,5.73E+00,1.16E+02,6.73E+01,4.61E+01
458,20.02,6.67399,5.17E+00,5.79E+01,3.45E+01,1.73E+01
459,53.3265,93.3352,2.20E+00,1.40E+01,1.76E+01,2.84E+00
460,53.3262,86.6672,2.36E+00,1.47E+01,1.89E+01,3.05E+00
461,53.326,79.9992,2.51E+00,1.53E+01,2.05E+01,3.29E+00
462,53.326,73.3311,2.66E+00,1.60E+01,2.22E+01,3.56E+00
463,53.3263,66.6632,2.81E+00,1.67E+01,2.39E+01,3.84E+00
464,53.3269,59.9955,2.95E+00,1.74E+01,2.55E+01,4.13E+00
465,53.328,53.3281,3.09E+00,1.82E+01,2.65E+01,4.40E+00
466,59.9923,73.329,2.55E+00,1.55E+01,2.31E+01,3.65E+00
467,66.659,73.3273,2.44E+00,1.50E+01,2.34E+01,3.70E+00
468,73.3261,73.3262,2.33E+00,1.45E+01,2.32E+01,3.71E+00
469,79.9936,73.3254,2.21E+00,1.41E+01,2.25E+01,3.68E+00
470,86.6613,73.3251,2.08E+00,1.36E+01,2.15E+01,3.61E+00
471,93.3292,73.325,1.96E+00,1.32E+01,2.03E+01,3.52E+00
472,73.3254,79.9936,2.21E+00,1.41E+01,2.25E+01,3.68E+00
473,73.325,86.6613,2.08E+00,1.36E+01,2.15E+01,3.62E+00
474,73.325,93.3292,1.96E+00,1.32E+01,2.04E+01,3.53E+00
475,66.6585,86.663,2.18E+00,1.40E+01,2.10E+01,3.45E+00
476,59.9922,86.665,2.27E+00,1.44E+01,2.01E+01,3.25E+00
477,66.6586,79.9951,2.31E+00,1.45E+01,2.23E+01,3.59E+00
478,59.9922,79.9969,2.41E+00,1.49E+01,2.15E+01,3.45E+00
479,66.6586,93.331,2.05E+00,1.35E+01,1.96E+01,3.30E+00
480,59.9925,93.333,2.13E+00,1.38E+01,1.87E+01,3.05E+00
481,86.66,79.9919,1.98E+00,1.32E+01,2.17E+01,3.75E+00
482,86.6591,86.6591,1.88E+00,1.29E+01,2.15E+01,3.85E+00
483,86.6585,93.3265,1.77E+00,1.25E+01,2.10E+01,3.90E+00
484,79.9919,86.66,1.98E+00,1.32E+01,2.17E+01,3.76E+00
485,79.9925,79.9926,2.10E+00,1.36E+01,2.23E+01,3.74E+00
486,79.9916,93.3277,1.87E+00,1.28E+01,2.09E+01,3.74E+00
487,93.3266,86.6586,1.77E+00,1.25E+01,2.10E+01,3.90E+00
488,93.3277,79.9916,1.87E+00,1.28E+01,2.08E+01,3.73E+00
489,93.3258,93.3258,1.67E+00,1.22E+01,2.08E+01,4.02E+00
490,73.3311,53.3261,2.66E+00,1.60E+01,2.21E+01,3.56E+00
491,73.329,59.9924,2.55E+00,1.55E+01,2.30E+01,3.65E+00
492,73.3273,66.6591,2.44E+00,1.50E+01,2.34E+01,3.70E+00
493,66.6613,59.9929,2.69E+00,1.61E+01,2.44E+01,3.84E+00
494,59.9938,59.9939,2.82E+00,1.67E+01,2.53E+01,4.00E+00
495,66.6632,53.3264,2.81E+00,1.67E+01,2.38E+01,3.84E+00
496,59.9954,53.327,2.95E+00,1.74E+01,2.54E+01,4.13E+00
497,66.6599,66.66,2.57E+00,1.55E+01,2.42E+01,3.79E+00
498,59.9929,66.6613,2.69E+00,1.61E+01,2.44E+01,3.84E+00
499,93.333,59.9926,2.13E+00,1.38E+01,1.86E+01,3.04E+00
500,86.665,59.9924,2.27E+00,1.44E+01,2.00E+01,3.24E+00
501,79.997,59.9923,2.41E+00,1.49E+01,2.15E+01,3.45E+00
502,86.6673,53.3263,2.36E+00,1.47E+01,1.88E+01,3.04E+00
503,93.3353,53.3266,2.20E+00,1.41E+01,1.75E+01,2.83E+00
504,79.9992,53.3262,2.51E+00,1.54E+01,2.04E+01,3.29E+00
505,86.663,66.6586,2.18E+00,1.40E+01,2.09E+01,3.44E+00
506,93.331,66.6587,2.05E+00,1.35E+01,1.95E+01,3.28E+00
507,79.9951,66.6587,2.31E+00,1.45E+01,2.22E+01,3.58E+00
508,26.6632,93.3441,2.46E+00,1.45E+01,1.38E+01,3.42E+00
509,26.6631,86.6769,2.64E+00,1.54E+01,1.45E+01,3.33E+00
510,26.663,80.0096,2.83E+00,1.64E+01,1.54E+01,3.29E+00
511,26.663,73.3422,3.02E+00,1.75E+01,1.66E+01,3.34E+00
512,26.6631,66.6747,3.21E+00,1.87E+01,1.80E+01,3.54E+00
513,26.6632,60.0071,3.41E+00,2.02E+01,1.97E+01,3.95E+00
514,26.6635,53.3394,3.60E+00,2.18E+01,2.19E+01,4.64E+00
515,33.3286,73.3393,2.94E+00,1.72E+01,1.79E+01,3.25E+00
516,39.9943,73.3364,2.85E+00,1.69E+01,1.94E+01,3.31E+00
517,46.66,73.3336,2.76E+00,1.65E+01,2.09E+01,3.43E+00
518,39.9944,80.0043,2.68E+00,1.60E+01,1.79E+01,3.04E+00
519,39.9946,86.6721,2.51E+00,1.52E+01,1.66E+01,2.86E+00
520,39.9948,93.3398,2.34E+00,1.44E+01,1.55E+01,2.74E+00
521,33.3289,86.6746,2.58E+00,1.53E+01,1.55E+01,2.99E+00
522,33.3287,80.007,2.76E+00,1.62E+01,1.66E+01,3.07E+00
523,33.329,93.342,2.40E+00,1.45E+01,1.46E+01,2.97E+00
524,46.6604,86.6696,2.44E+00,1.49E+01,1.78E+01,2.90E+00
525,46.6602,80.0017,2.60E+00,1.57E+01,1.92E+01,3.14E+00
526,46.6607,93.3375,2.28E+00,1.42E+01,1.66E+01,2.71E+00
527,33.3287,60.0037,3.30E+00,1.95E+01,2.16E+01,4.08E+00
528,39.9944,60.0004,3.19E+00,1.88E+01,2.34E+01,4.17E+00
529,46.6604,59.9977,3.07E+00,1.81E+01,2.48E+01,4.19E+00
530,39.9942,66.6684,3.02E+00,1.78E+01,2.13E+01,3.69E+00
531,33.3286,66.6715,3.12E+00,1.83E+01,1.96E+01,3.58E+00
532,46.6601,66.6656,2.92E+00,1.73E+01,2.28E+01,3.79E+00
533,39.9949,53.3325,3.36E+00,1.99E+01,2.58E+01,4.74E+00
534,33.329,53.3357,3.48E+00,2.08E+01,2.41E+01,4.75E+00
535,46.6612,53.33,3.23E+00,1.90E+01,2.67E+01,4.61E+00
536,6.66544,73.3494,3.20E+00,1.76E+01,1.40E+01,5.32E+00
537,13.3315,73.3474,3.15E+00,1.77E+01,1.46E+01,4.29E+00
538,19.9973,73.345,3.09E+00,1.77E+01,1.54E+01,3.66E+00
539,13.3314,80.0142,2.95E+00,1.64E+01,1.38E+01,4.50E+00
540,13.3313,86.681,2.74E+00,1.53E+01,1.31E+01,4.71E+00
541,13.3313,93.3477,2.55E+00,1.44E+01,1.26E+01,4.88E+00
542,6.66527,86.6825,2.78E+00,1.52E+01,1.27E+01,5.73E+00
543,6.66533,80.016,2.99E+00,1.63E+01,1.33E+01,5.54E+00
544,6.66525,93.349,2.58E+00,1.42E+01,1.22E+01,5.88E+00
545,19.9973,86.6791,2.70E+00,1.54E+01,1.37E+01,3.91E+00
546,19.9973,80.0121,2.89E+00,1.65E+01,1.45E+01,3.76E+00
547,19.9973,93.346,2.51E+00,1.45E+01,1.31E+01,4.06E+00
548,13.3323,53.3469,3.80E+00,2.32E+01,1.82E+01,4.39E+00
549,13.3319,60.0137,3.58E+00,2.10E+01,1.67E+01,4.11E+00
550,13.3317,66.6806,3.36E+00,1.92E+01,1.55E+01,4.13E+00
551,6.66588,60.0165,3.64E+00,2.11E+01,1.59E+01,4.86E+00
552,6.66627,53.3501,3.87E+00,2.34E+01,1.72E+01,4.79E+00
553,6.66562,66.683,3.42E+00,1.91E+01,1.49E+01,5.07E+00
554,19.9976,60.0105,3.50E+00,2.07E+01,1.80E+01,3.91E+00
555,19.998,53.3432,3.71E+00,2.26E+01,1.99E+01,4.46E+00
556,19.9974,66.6778,3.29E+00,1.90E+01,1.66E+01,3.67E+00
557,0.000290886,-93.3501,2.60E+00,1.39E+01,1.19E+01,6.87E+00
558,0.00025042,-86.6838,2.80E+00,1.49E+01,1.25E+01,6.76E+00
559,0.000190173,-80.0174,3.01E+00,1.60E+01,1.30E+01,6.63E+00
560,0.000102882,-73.3511,3.23E+00,1.73E+01,1.37E+01,6.46E+00
561,-2.11E-05,-66.6849,3.45E+00,1.89E+01,1.45E+01,6.28E+00
562,-0.000194033,-60.0187,3.68E+00,2.09E+01,1.56E+01,6.10E+00
563,-0.000435292,-53.3526,3.92E+00,2.34E+01,1.69E+01,5.98E+00
564,-0.000768545,-46.6867,4.17E+00,2.67E+01,1.86E+01,6.03E+00
565,-0.00123303,-40.021,4.43E+00,3.11E+01,2.10E+01,6.42E+00
566,-0.00187279,-33.3555,4.70E+00,3.71E+01,2.45E+01,7.37E+00
567,-0.00275515,-26.6905,4.98E+00,4.61E+01,2.99E+01,9.17E+00
568,-0.00389836,-20.0256,5.28E+00,6.04E+01,3.94E+01,1.24E+01
569,-0.00515194,-13.3602,5.60E+00,8.72E+01,5.81E+01,2.07E+01
570,-0.00533975,-6.68918,5.90E+00,1.32E+02,8.87E+01,4.46E+01
571,-6.66706,-53.3504,3.87E+00,2.37E+01,1.71E+01,4.68E+00
572,-13.3331,-53.3472,3.80E+00,2.33E+01,1.81E+01,4.47E+00
573,-19.9987,-53.3435,3.71E+00,2.26E+01,1.98E+01,4.63E+00
574,-26.6642,-53.3397,3.60E+00,2.17E+01,2.19E+01,4.83E+00
575,-33.3297,-53.3361,3.48E+00,2.07E+01,2.40E+01,4.94E+00
576,-39.9955,-53.3328,3.36E+00,1.98E+01,2.57E+01,4.93E+00
577,-46.6617,-53.3302,3.23E+00,1.88E+01,2.67E+01,4.79E+00
578,-53.3285,-53.3284,3.09E+00,1.80E+01,2.66E+01,4.57E+00
579,-59.9959,-53.3272,2.95E+00,1.72E+01,2.55E+01,4.29E+00
580,-66.6636,-53.3266,2.80E+00,1.65E+01,2.40E+01,3.99E+00
581,-73.3315,-53.3264,2.65E+00,1.59E+01,2.22E+01,3.69E+00
582,-79.9995,-53.3264,2.50E+00,1.52E+01,2.05E+01,3.40E+00
583,-86.6676,-53.3266,2.35E+00,1.46E+01,1.90E+01,3.14E+00
584,-93.3355,-53.3268,2.20E+00,1.39E+01,1.76E+01,2.90E+00
585,-46.661,-59.998,3.07E+00,1.80E+01,2.48E+01,4.35E+00
586,-46.6607,-66.666,2.91E+00,1.72E+01,2.27E+01,3.93E+00
587,-46.6606,-73.334,2.75E+00,1.64E+01,2.08E+01,3.54E+00
588,-46.6607,-80.002,2.59E+00,1.56E+01,1.91E+01,3.22E+00
589,-46.6609,-86.67,2.43E+00,1.49E+01,1.77E+01,2.95E+00
590,-46.6612,-93.3378,2.27E+00,1.42E+01,1.65E+01,2.74E+00
591,-19.9984,-60.0109,3.50E+00,2.07E+01,1.79E+01,3.97E+00
592,-19.9982,-66.6782,3.29E+00,1.90E+01,1.65E+01,3.65E+00
593,-19.998,-73.3453,3.09E+00,1.76E+01,1.54E+01,3.57E+00
594,-19.998,-80.0124,2.89E+00,1.64E+01,1.44E+01,3.64E+00
595,-19.9979,-86.6795,2.70E+00,1.54E+01,1.37E+01,3.78E+00
596,-19.9979,-93.3463,2.50E+00,1.44E+01,1.31E+01,3.94E+00
597,-13.3322,-73.3477,3.15E+00,1.77E+01,1.45E+01,4.12E+00
598,-6.66619,-73.3497,3.20E+00,1.76E+01,1.40E+01,5.06E+00
599,-13.3324,-66.681,3.36E+00,1.92E+01,1.54E+01,4.00E+00
600,-13.3327,-60.0141,3.58E+00,2.11E+01,1.66E+01,4.07E+00
601,-6.66639,-66.6833,3.42E+00,1.92E+01,1.48E+01,4.82E+00
602,-6.66666,-60.0168,3.64E+00,2.12E+01,1.58E+01,4.65E+00
603,-13.332,-86.6813,2.74E+00,1.53E+01,1.31E+01,4.54E+00
604,-6.66596,-86.6828,2.78E+00,1.52E+01,1.27E+01,5.52E+00
605,-13.3321,-80.0145,2.94E+00,1.64E+01,1.37E+01,4.32E+00
606,-6.66605,-80.0163,2.99E+00,1.63E+01,1.33E+01,5.30E+00
607,-13.3319,-93.3479,2.54E+00,1.43E+01,1.25E+01,4.74E+00
608,-6.66591,-93.3492,2.57E+00,1.42E+01,1.22E+01,5.71E+00
609,-39.9949,-73.3368,2.85E+00,1.68E+01,1.93E+01,3.40E+00
610,-33.3293,-73.3397,2.94E+00,1.72E+01,1.78E+01,3.30E+00
611,-26.6637,-73.3426,3.02E+00,1.75E+01,1.65E+01,3.33E+00
612,-33.3292,-66.672,3.12E+00,1.83E+01,1.95E+01,3.68E+00
613,-33.3294,-60.004,3.30E+00,1.95E+01,2.16E+01,4.23E+00
614,-39.9949,-66.6689,3.02E+00,1.77E+01,2.12E+01,3.81E+00
615,-39.995,-60.0008,3.19E+00,1.87E+01,2.34E+01,4.33E+00
616,-26.6638,-66.6751,3.21E+00,1.87E+01,1.79E+01,3.59E+00
617,-26.6639,-60.0075,3.40E+00,2.01E+01,1.97E+01,4.08E+00
618,-33.3296,-93.3423,2.40E+00,1.44E+01,1.45E+01,2.93E+00
619,-33.3294,-86.675,2.58E+00,1.52E+01,1.54E+01,2.96E+00
620,-33.3293,-80.0074,2.76E+00,1.62E+01,1.65E+01,3.07E+00
621,-39.9952,-86.6725,2.51E+00,1.51E+01,1.65E+01,2.87E+00
622,-39.9954,-93.3401,2.34E+00,1.43E+01,1.54E+01,2.74E+00
623,-39.995,-80.0047,2.68E+00,1.59E+01,1.78E+01,3.09E+00
624,-26.6638,-86.6773,2.64E+00,1.53E+01,1.45E+01,3.26E+00
625,-26.6638,-93.3444,2.45E+00,1.44E+01,1.37E+01,3.34E+00
626,-26.6637,-80.01,2.83E+00,1.63E+01,1.54E+01,3.24E+00
627,-73.3293,-59.9927,2.55E+00,1.54E+01,2.31E+01,3.80E+00
628,-73.3277,-66.6594,2.43E+00,1.49E+01,2.35E+01,3.86E+00
629,-73.3265,-73.3264,2.32E+00,1.45E+01,2.33E+01,3.88E+00
630,-73.3257,-79.9939,2.20E+00,1.40E+01,2.25E+01,3.85E+00
631,-73.3253,-86.6616,2.08E+00,1.36E+01,2.15E+01,3.79E+00
632,-73.3253,-93.3295,1.95E+00,1.32E+01,2.03E+01,3.69E+00
633,-66.6595,-73.3276,2.43E+00,1.49E+01,2.34E+01,3.86E+00
634,-59.9928,-73.3293,2.55E+00,1.54E+01,2.30E+01,3.80E+00
635,-53.3265,-73.3315,2.65E+00,1.59E+01,2.21E+01,3.69E+00
636,-59.9933,-66.6616,2.68E+00,1.60E+01,2.44E+01,3.99E+00
637,-59.9943,-59.9942,2.82E+00,1.66E+01,2.53E+01,4.16E+00
638,-66.6603,-66.6603,2.56E+00,1.54E+01,2.43E+01,3.95E+00
639,-66.6617,-59.9932,2.68E+00,1.60E+01,2.45E+01,4.00E+00
640,-53.3267,-66.6636,2.80E+00,1.66E+01,2.39E+01,3.99E+00
641,-53.3273,-59.9958,2.95E+00,1.73E+01,2.55E+01,4.29E+00
642,-59.9929,-93.3333,2.12E+00,1.37E+01,1.86E+01,3.14E+00
643,-59.9927,-86.6653,2.26E+00,1.43E+01,2.00E+01,3.36E+00
644,-59.9926,-79.9973,2.41E+00,1.49E+01,2.15E+01,3.58E+00
645,-66.6589,-86.6633,2.17E+00,1.40E+01,2.09E+01,3.59E+00
646,-66.659,-93.3313,2.04E+00,1.35E+01,1.96E+01,3.42E+00
647,-66.659,-79.9954,2.30E+00,1.44E+01,2.22E+01,3.74E+00
648,-53.3267,-86.6676,2.35E+00,1.46E+01,1.88E+01,3.14E+00
649,-53.3269,-93.3355,2.20E+00,1.40E+01,1.75E+01,2.90E+00
650,-53.3265,-79.9995,2.50E+00,1.53E+01,2.04E+01,3.40E+00
651,-93.3295,-73.3252,1.95E+00,1.31E+01,2.05E+01,3.71E+00
652,-86.6616,-73.3253,2.08E+00,1.36E+01,2.16E+01,3.80E+00
653,-79.9939,-73.3257,2.20E+00,1.40E+01,2.26E+01,3.86E+00
654,-86.6633,-66.6589,2.17E+00,1.39E+01,2.10E+01,3.60E+00
655,-86.6653,-59.9926,2.26E+00,1.43E+01,2.01E+01,3.37E+00
656,-93.3313,-66.659,2.04E+00,1.34E+01,1.97E+01,3.43E+00
657,-93.3333,-59.9928,2.12E+00,1.37E+01,1.87E+01,3.15E+00
658,-79.9954,-66.659,2.30E+00,1.44E+01,2.23E+01,3.75E+00
659,-79.9973,-59.9925,2.41E+00,1.48E+01,2.16E+01,3.59E+00
660,-86.6588,-93.3268,1.76E+00,1.25E+01,2.10E+01,4.14E+00
661,-86.6594,-86.6594,1.87E+00,1.29E+01,2.16E+01,4.07E+00
662,-86.6603,-79.9922,1.97E+00,1.32E+01,2.18E+01,3.96E+00
663,-93.3268,-86.6588,1.76E+00,1.25E+01,2.10E+01,4.15E+00
664,-93.326,-93.326,1.66E+00,1.22E+01,2.08E+01,4.29E+00
665,-93.328,-79.9919,1.86E+00,1.28E+01,2.09E+01,3.95E+00
666,-79.9922,-86.6603,1.97E+00,1.32E+01,2.17E+01,3.95E+00
667,-79.9919,-93.328,1.86E+00,1.28E+01,2.08E+01,3.94E+00
668,-79.9929,-79.9928,2.09E+00,1.36E+01,2.24E+01,3.93E+00
669,-46.6843,-6.66741,4.11E+00,2.65E+01,1.88E+01,5.08E+00
670,-46.6805,-13.3334,4.02E+00,2.58E+01,2.01E+01,5.28E+00
671,-46.6763,-19.999,3.92E+00,2.46E+01,2.22E+01,5.62E+00
672,-46.6721,-26.6645,3.80E+00,2.34E+01,2.47E+01,5.80E+00
673,-46.6683,-33.3301,3.66E+00,2.21E+01,2.68E+01,5.78E+00
674,-46.6653,-39.9962,3.52E+00,2.09E+01,2.80E+01,5.56E+00
675,-46.6631,-46.663,3.38E+00,1.98E+01,2.79E+01,5.21E+00
676,-40.0044,-26.6654,3.99E+00,2.55E+01,2.77E+01,7.06E+00
677,-33.3368,-26.667,4.19E+00,2.81E+01,3.07E+01,8.50E+00
678,-26.6699,-26.6697,4.38E+00,3.13E+01,3.25E+01,1.00E+01
679,-20.0038,-26.6741,4.57E+00,3.54E+01,3.20E+01,1.15E+01
680,-13.338,-26.6798,4.74E+00,4.03E+01,2.98E+01,1.25E+01
681,-6.67151,-26.686,4.88E+00,4.49E+01,2.85E+01,1.17E+01
682,-26.6742,-20.0035,4.57E+00,3.53E+01,3.21E+01,1.14E+01
683,-26.68,-13.3378,4.74E+00,4.00E+01,2.99E+01,1.23E+01
684,-26.6862,-6.67133,4.89E+00,4.44E+01,2.84E+01,1.14E+01
685,-33.3467,-13.3357,4.49E+00,3.38E+01,2.59E+01,9.03E+00
686,-40.0136,-13.3343,4.26E+00,2.92E+01,2.26E+01,6.76E+00
687,-33.3414,-20.0013,4.35E+00,3.08E+01,2.86E+01,9.04E+00
688,-40.0088,-19.9999,4.13E+00,2.74E+01,2.52E+01,7.10E+00
689,-33.3519,-6.66946,4.62E+00,3.62E+01,2.41E+01,8.03E+00
690,-40.018,-6.66823,4.36E+00,3.05E+01,2.11E+01,6.08E+00
691,-6.67916,-13.3546,5.46E+00,8.11E+01,4.59E+01,2.88E+01
692,-13.3469,-13.3467,5.23E+00,6.33E+01,3.82E+01,2.35E+01
693,-20.0134,-13.3412,4.99E+00,4.92E+01,3.41E+01,1.69E+01
694,-13.3414,-20.0132,4.99E+00,4.94E+01,3.42E+01,1.71E+01
695,-6.67443,-20.0203,5.17E+00,5.79E+01,3.50E+01,1.75E+01
696,-20.0075,-20.0073,4.78E+00,4.13E+01,3.42E+01,1.42E+01
697,-13.355,-6.67916,5.46E+00,8.03E+01,4.53E+01,2.85E+01
698,-6.68646,-6.68624,5.74E+00,1.16E+02,6.73E+01,4.63E+01
699,-20.0206,-6.6743,5.17E+00,5.74E+01,3.46E+01,1.73E+01
700,-26.6647,-46.672,3.80E+00,2.35E+01,2.46E+01,5.85E+00
701,-26.6657,-40.0042,3.99E+00,2.56E+01,2.77E+01,7.11E+00
702,-26.6672,-33.3367,4.19E+00,2.82E+01,3.07E+01,8.55E+00
703,-33.3315,-40.0005,3.84E+00,2.38E+01,2.93E+01,6.75E+00
704,-39.998,-39.9979,3.69E+00,2.23E+01,2.94E+01,6.20E+00
705,-33.3303,-46.6682,3.66E+00,2.22E+01,2.67E+01,5.80E+00
706,-39.9964,-46.6652,3.52E+00,2.09E+01,2.79E+01,5.57E+00
707,-33.3335,-33.3334,4.02E+00,2.58E+01,3.09E+01,7.69E+00
708,-40.0007,-33.3313,3.84E+00,2.38E+01,2.93E+01,6.73E+00
709,-13.3337,-46.6804,4.02E+00,2.60E+01,2.01E+01,5.36E+00
710,-13.3346,-40.0134,4.26E+00,2.95E+01,2.26E+01,6.90E+00
711,-13.3359,-33.3465,4.49E+00,3.41E+01,2.58E+01,9.21E+00
712,-20.0001,-40.0087,4.13E+00,2.76E+01,2.51E+01,7.20E+00
713,-19.9993,-46.6762,3.92E+00,2.48E+01,2.21E+01,5.70E+00
714,-20.0015,-33.3412,4.35E+00,3.10E+01,2.86E+01,9.14E+00
715,-6.66845,-40.0178,4.36E+00,3.10E+01,2.11E+01,6.18E+00
716,-6.66763,-46.6841,4.11E+00,2.68E+01,1.88E+01,5.10E+00
717,-6.66967,-33.3517,4.62E+00,3.67E+01,2.42E+01,8.21E+00
718,-73.3498,-6.66601,3.20E+00,1.74E+01,1.40E+01,5.12E+00
719,-73.3478,-13.332,3.15E+00,1.76E+01,1.45E+01,4.16E+00
720,-73.3454,-19.9979,3.09E+00,1.75E+01,1.54E+01,3.59E+00
721,-73.3426,-26.6636,3.02E+00,1.73E+01,1.66E+01,3.33E+00
722,-73.3397,-33.3291,2.94E+00,1.71E+01,1.79E+01,3.30E+00
723,-73.3368,-39.9947,2.85E+00,1.68E+01,1.94E+01,3.39E+00
724,-73.334,-46.6605,2.75E+00,1.63E+01,2.09E+01,3.54E+00
725,-66.6752,-26.6636,3.21E+00,1.86E+01,1.80E+01,3.58E+00
726,-60.0075,-26.6637,3.40E+00,2.00E+01,1.97E+01,4.05E+00
727,-53.3398,-26.664,3.60E+00,2.16E+01,2.20E+01,4.79E+00
728,-66.6811,-13.3322,3.36E+00,1.91E+01,1.55E+01,4.03E+00
729,-60.0142,-13.3325,3.58E+00,2.08E+01,1.67E+01,4.08E+00
730,-53.3473,-13.3329,3.80E+00,2.30E+01,1.82E+01,4.44E+00
731,-60.0169,-6.66646,3.64E+00,2.09E+01,1.58E+01,4.70E+00
732,-66.6834,-6.66619,3.42E+00,1.90E+01,1.48E+01,4.88E+00
733,-53.3505,-6.66685,3.87E+00,2.34E+01,1.71E+01,4.70E+00
734,-60.011,-19.9982,3.50E+00,2.05E+01,1.80E+01,3.95E+00
735,-66.6783,-19.998,3.29E+00,1.89E+01,1.66E+01,3.66E+00
736,-53.3436,-19.9985,3.71E+00,2.24E+01,1.99E+01,4.58E+00
737,-59.9981,-46.6609,3.07E+00,1.79E+01,2.49E+01,4.35E+00
738,-60.0009,-39.9948,3.19E+00,1.87E+01,2.35E+01,4.32E+00
739,-60.0041,-33.3292,3.30E+00,1.94E+01,2.16E+01,4.21E+00
740,-66.6689,-39.9947,3.02E+00,1.77E+01,2.13E+01,3.80E+00
741,-66.6661,-46.6605,2.91E+00,1.71E+01,2.28E+01,3.92E+00
742,-66.672,-33.3291,3.12E+00,1.82E+01,1.96E+01,3.67E+00
743,-53.3329,-39.9953,3.36E+00,1.97E+01,2.58E+01,4.92E+00
744,-53.3303,-46.6616,3.23E+00,1.88E+01,2.67E+01,4.79E+00
745,-53.3361,-33.3295,3.48E+00,2.07E+01,2.41E+01,4.92E+00
746,-93.3444,-26.6637,2.45E+00,1.43E+01,1.38E+01,3.35E+00
747,-86.6773,-26.6636,2.64E+00,1.52E+01,1.45E+01,3.27E+00
748,-80.01,-26.6636,2.83E+00,1.62E+01,1.54E+01,3.25E+00
749,-86.6795,-19.9978,2.70E+00,1.52E+01,1.37E+01,3.81E+00
750,-86.6814,-13.3318,2.74E+00,1.52E+01,1.31E+01,4.57E+00
751,-86.6829,-6.66582,2.78E+00,1.50E+01,1.27E+01,5.57E+00
752,-93.348,-13.3318,2.54E+00,1.42E+01,1.26E+01,4.77E+00
753,-93.3463,-19.9978,2.50E+00,1.43E+01,1.31E+01,3.97E+00
754,-93.3493,-6.66577,2.57E+00,1.40E+01,1.22E+01,5.75E+00
755,-80.0146,-13.3319,2.94E+00,1.63E+01,1.38E+01,4.36E+00
756,-80.0125,-19.9978,2.89E+00,1.63E+01,1.45E+01,3.67E+00
757,-80.0163,-6.66589,2.99E+00,1.61E+01,1.33E+01,5.36E+00
758,-86.67,-46.6608,2.43E+00,1.48E+01,1.78E+01,2.95E+00
759,-86.6725,-39.995,2.51E+00,1.50E+01,1.66E+01,2.87E+00
760,-86.675,-33.3293,2.58E+00,1.52E+01,1.55E+01,2.96E+00
761,-93.3401,-39.9953,2.34E+00,1.42E+01,1.55E+01,2.74E+00
762,-93.3378,-46.6611,2.27E+00,1.41E+01,1.66E+01,2.74E+00
763,-93.3423,-33.3295,2.40E+00,1.43E+01,1.46E+01,2.94E+00
764,-80.0047,-39.9949,2.68E+00,1.59E+01,1.79E+01,3.09E+00
765,-80.002,-46.6606,2.59E+00,1.56E+01,1.92E+01,3.22E+00
766,-80.0074,-33.3292,2.76E+00,1.61E+01,1.66E+01,3.07E+00
767,93.341,-53.3308,2.35E+00,1.35E+01,1.06E+01,2.01E+01
768,86.6733,-53.331,2.51E+00,1.44E+01,1.10E+01,2.18E+01
769,80.0056,-53.3313,2.68E+00,1.56E+01,1.14E+01,2.38E+01
770,73.3378,-53.3318,2.84E+00,1.70E+01,1.18E+01,2.61E+01
771,66.67,-53.3325,3.00E+00,1.86E+01,1.22E+01,2.85E+01
772,60.0023,-53.3336,3.16E+00,2.00E+01,1.27E+01,3.08E+01
773,53.3349,-53.3352,3.31E+00,2.10E+01,1.32E+01,3.24E+01
774,46.668,-53.3375,3.45E+00,2.10E+01,1.39E+01,3.28E+01
775,40.0014,-53.3406,3.58E+00,2.03E+01,1.48E+01,3.15E+01
776,33.335,-53.3441,3.70E+00,1.93E+01,1.59E+01,2.86E+01
777,26.6685,-53.3477,3.81E+00,1.88E+01,1.68E+01,2.44E+01
778,20.0016,-53.3508,3.88E+00,1.94E+01,1.74E+01,1.92E+01
779,13.3342,-53.3529,3.93E+00,2.09E+01,1.75E+01,1.37E+01
780,6.66674,-53.3535,3.94E+00,2.24E+01,1.71E+01,9.05E+00
781,53.3333,-60.0025,3.16E+00,2.00E+01,1.26E+01,3.08E+01
782,53.3322,-66.6702,3.00E+00,1.85E+01,1.22E+01,2.85E+01
783,53.3314,-73.3378,2.84E+00,1.69E+01,1.18E+01,2.60E+01
784,53.331,-80.0056,2.68E+00,1.55E+01,1.14E+01,2.38E+01
785,53.3307,-86.6733,2.52E+00,1.42E+01,1.10E+01,2.18E+01
786,53.3305,-93.3409,2.35E+00,1.32E+01,1.05E+01,2.01E+01
787,59.9978,-73.3354,2.73E+00,1.78E+01,1.12E+01,2.71E+01
788,66.6646,-73.3333,2.62E+00,1.83E+01,1.08E+01,2.75E+01
789,73.3316,-73.3318,2.50E+00,1.82E+01,1.04E+01,2.72E+01
790,79.9991,-73.3307,2.37E+00,1.76E+01,1.00E+01,2.62E+01
791,86.6667,-73.3299,2.24E+00,1.67E+01,9.72E+00,2.49E+01
792,93.3345,-73.3295,2.11E+00,1.58E+01,9.42E+00,2.34E+01
793,73.3332,-66.6648,2.62E+00,1.83E+01,1.08E+01,2.75E+01
794,73.3353,-59.9981,2.73E+00,1.79E+01,1.13E+01,2.72E+01
795,59.9988,-66.6678,2.88E+00,1.91E+01,1.16E+01,2.90E+01
796,60.0003,-60.0005,3.02E+00,1.99E+01,1.21E+01,3.04E+01
797,66.6658,-66.6661,2.75E+00,1.90E+01,1.12E+01,2.87E+01
798,66.6676,-59.9991,2.88E+00,1.91E+01,1.16E+01,2.91E+01
799,86.6687,-66.6635,2.34E+00,1.61E+01,1.01E+01,2.42E+01
800,86.6709,-59.9972,2.43E+00,1.53E+01,1.05E+01,2.32E+01
801,80.0009,-66.664,2.48E+00,1.73E+01,1.04E+01,2.60E+01
802,80.0031,-59.9975,2.58E+00,1.66E+01,1.09E+01,2.51E+01
803,93.3365,-66.6632,2.19E+00,1.50E+01,9.79E+00,2.25E+01
804,93.3387,-59.997,2.27E+00,1.42E+01,1.02E+01,2.14E+01
805,73.3293,-93.3344,2.11E+00,1.56E+01,9.42E+00,2.34E+01
806,73.3298,-86.6667,2.24E+00,1.66E+01,9.72E+00,2.48E+01
807,73.3305,-79.9991,2.37E+00,1.76E+01,1.00E+01,2.62E+01
808,66.6632,-86.6687,2.34E+00,1.60E+01,1.01E+01,2.42E+01
809,59.9968,-86.6709,2.43E+00,1.51E+01,1.05E+01,2.31E+01
810,66.6629,-93.3364,2.20E+00,1.48E+01,9.79E+00,2.25E+01
811,59.9966,-93.3386,2.28E+00,1.40E+01,1.02E+01,2.14E+01
812,66.6637,-80.0009,2.48E+00,1.72E+01,1.04E+01,2.59E+01
813,59.9972,-80.0031,2.58E+00,1.64E+01,1.09E+01,2.51E+01
814,93.3313,-86.663,1.92E+00,1.64E+01,8.75E+00,2.40E+01
815,86.6638,-86.6639,2.03E+00,1.68E+01,9.04E+00,2.47E+01
816,79.9966,-86.6651,2.14E+00,1.69E+01,9.36E+00,2.50E+01
817,86.6629,-93.3312,1.92E+00,1.63E+01,8.75E+00,2.40E+01
818,93.3301,-93.3301,1.81E+00,1.62E+01,8.46E+00,2.37E+01
819,79.9959,-93.3326,2.02E+00,1.61E+01,9.07E+00,2.39E+01
820,86.6651,-79.9968,2.14E+00,1.70E+01,9.36E+00,2.50E+01
821,93.3327,-79.9961,2.01E+00,1.62E+01,9.07E+00,2.39E+01
822,79.9977,-79.9977,2.26E+00,1.75E+01,9.67E+00,2.58E+01
823,26.6677,-60.0148,3.59E+00,1.71E+01,1.56E+01,2.11E+01
824,26.667,-66.6818,3.38E+00,1.58E+01,1.46E+01,1.86E+01
825,26.6666,-73.3486,3.17E+00,1.47E+01,1.37E+01,1.67E+01
826,26.6662,-80.0154,2.97E+00,1.38E+01,1.29E+01,1.53E+01
827,26.666,-86.6821,2.76E+00,1.30E+01,1.22E+01,1.42E+01
828,26.6658,-93.3487,2.56E+00,1.24E+01,1.16E+01,1.33E+01
829,33.3329,-73.3462,3.11E+00,1.46E+01,1.34E+01,1.96E+01
830,39.9991,-73.3434,3.03E+00,1.50E+01,1.29E+01,2.22E+01
831,46.6653,-73.3406,2.94E+00,1.59E+01,1.23E+01,2.43E+01
832,39.9997,-66.676,3.22E+00,1.65E+01,1.35E+01,2.48E+01
833,40.0004,-60.0083,3.40E+00,1.83E+01,1.41E+01,2.79E+01
834,33.3335,-66.679,3.31E+00,1.58E+01,1.41E+01,2.19E+01
835,33.3341,-60.0116,3.51E+00,1.74E+01,1.50E+01,2.49E+01
836,46.6659,-66.6729,3.11E+00,1.75E+01,1.28E+01,2.70E+01
837,46.6667,-60.0052,3.28E+00,1.93E+01,1.33E+01,2.99E+01
838,39.9983,-93.3453,2.48E+00,1.23E+01,1.12E+01,1.69E+01
839,39.9985,-86.6782,2.66E+00,1.30E+01,1.17E+01,1.83E+01
840,39.9988,-80.0109,2.85E+00,1.39E+01,1.23E+01,2.00E+01
841,33.3323,-86.6803,2.72E+00,1.28E+01,1.20E+01,1.63E+01
842,33.3321,-93.3472,2.53E+00,1.22E+01,1.15E+01,1.52E+01
843,33.3326,-80.0133,2.91E+00,1.36E+01,1.27E+01,1.77E+01
844,46.6646,-86.6758,2.59E+00,1.35E+01,1.14E+01,2.01E+01
845,46.6644,-93.3431,2.42E+00,1.26E+01,1.09E+01,1.86E+01
846,46.6649,-80.0082,2.77E+00,1.46E+01,1.19E+01,2.20E+01
847,6.66663,-73.3517,3.25E+00,1.68E+01,1.37E+01,8.41E+00
848,13.3333,-73.3515,3.24E+00,1.60E+01,1.38E+01,1.09E+01
849,20,-73.3504,3.22E+00,1.52E+01,1.38E+01,1.37E+01
850,13.3335,-66.6853,3.46E+00,1.73E+01,1.48E+01,1.15E+01
851,13.3338,-60.0191,3.69E+00,1.89E+01,1.59E+01,1.24E+01
852,6.66665,-66.6856,3.47E+00,1.83E+01,1.46E+01,8.52E+00
853,6.66668,-60.0195,3.70E+00,2.01E+01,1.57E+01,8.72E+00
854,20.0004,-66.684,3.43E+00,1.64E+01,1.48E+01,1.50E+01
855,20.0009,-60.0174,3.66E+00,1.77E+01,1.60E+01,1.67E+01
856,13.333,-93.3504,2.60E+00,1.32E+01,1.18E+01,9.79E+00
857,13.333,-86.6842,2.81E+00,1.40E+01,1.23E+01,1.01E+01
858,13.3332,-80.0178,3.02E+00,1.49E+01,1.30E+01,1.04E+01
859,6.6666,-86.6843,2.81E+00,1.45E+01,1.24E+01,8.28E+00
860,6.66659,-93.3505,2.61E+00,1.36E+01,1.18E+01,8.23E+00
861,6.66661,-80.018,3.03E+00,1.55E+01,1.30E+01,8.33E+00
862,19.9995,-86.6835,2.80E+00,1.35E+01,1.23E+01,1.21E+01
863,19.9994,-93.3498,2.59E+00,1.27E+01,1.17E+01,1.15E+01
864,19.9997,-80.017,3.00E+00,1.43E+01,1.30E+01,1.28E+01
865,53.3532,-6.66728,3.94E+00,2.24E+01,1.72E+01,9.41E+00
866,53.3526,-13.3347,3.93E+00,2.08E+01,1.75E+01,1.42E+01
867,53.3506,-20.0021,3.88E+00,1.93E+01,1.75E+01,1.96E+01
868,53.3475,-26.669,3.80E+00,1.88E+01,1.69E+01,2.47E+01
869,53.3439,-33.3355,3.70E+00,1.93E+01,1.59E+01,2.88E+01
870,53.3404,-40.0018,3.58E+00,2.03E+01,1.49E+01,3.16E+01
871,53.3373,-46.6684,3.45E+00,2.10E+01,1.40E+01,3.28E+01
872,60.0146,-26.6682,3.59E+00,1.71E+01,1.57E+01,2.14E+01
873,66.6816,-26.6676,3.38E+00,1.58E+01,1.46E+01,1.89E+01
874,73.3485,-26.6671,3.17E+00,1.48E+01,1.37E+01,1.70E+01
875,80.0153,-26.6667,2.97E+00,1.39E+01,1.30E+01,1.55E+01
876,86.682,-26.6665,2.76E+00,1.32E+01,1.23E+01,1.44E+01
877,93.3487,-26.6663,2.56E+00,1.26E+01,1.16E+01,1.35E+01
878,73.3503,-20.0005,3.22E+00,1.53E+01,1.39E+01,1.40E+01
879,73.3513,-13.3338,3.24E+00,1.61E+01,1.38E+01,1.12E+01
880,73.3515,-6.66716,3.25E+00,1.69E+01,1.37E+01,8.69E+00
881,66.6851,-13.334,3.46E+00,1.73E+01,1.48E+01,1.19E+01
882,60.0188,-13.3343,3.69E+00,1.89E+01,1.60E+01,1.28E+01
883,66.6838,-20.0009,3.43E+00,1.64E+01,1.48E+01,1.53E+01
884,60.0172,-20.0014,3.65E+00,1.77E+01,1.60E+01,1.71E+01
885,66.6853,-6.66718,3.47E+00,1.83E+01,1.46E+01,8.83E+00
886,60.0192,-6.66722,3.70E+00,2.01E+01,1.57E+01,9.05E+00
887,93.3503,-13.3334,2.60E+00,1.34E+01,1.18E+01,9.97E+00
888,86.684,-13.3335,2.81E+00,1.41E+01,1.23E+01,1.03E+01
889,80.0176,-13.3336,3.02E+00,1.50E+01,1.30E+01,1.07E+01
890,86.6833,-20,2.79E+00,1.36E+01,1.23E+01,1.23E+01
891,93.3497,-19.9999,2.59E+00,1.30E+01,1.17E+01,1.17E+01
892,80.0168,-20.0002,3.00E+00,1.44E+01,1.30E+01,1.30E+01
893,86.6841,-6.66711,2.81E+00,1.46E+01,1.24E+01,8.49E+00
894,93.3504,-6.66709,2.61E+00,1.38E+01,1.18E+01,8.40E+00
895,80.0178,-6.66713,3.03E+00,1.57E+01,1.30E+01,8.58E+00
896,73.3405,-46.6657,2.94E+00,1.60E+01,1.24E+01,2.45E+01
897,73.3434,-39.9996,3.03E+00,1.51E+01,1.29E+01,2.23E+01
898,73.3461,-33.3334,3.11E+00,1.47E+01,1.34E+01,1.98E+01
899,66.6758,-40.0001,3.22E+00,1.65E+01,1.36E+01,2.49E+01
900,60.0081,-40.0008,3.40E+00,1.83E+01,1.42E+01,2.81E+01
901,66.6728,-46.6663,3.11E+00,1.76E+01,1.29E+01,2.71E+01
902,60.005,-46.6671,3.28E+00,1.94E+01,1.34E+01,3.00E+01
903,66.6788,-33.3339,3.31E+00,1.59E+01,1.42E+01,2.21E+01
904,60.0114,-33.3346,3.50E+00,1.74E+01,1.50E+01,2.51E+01
905,93.3453,-39.9987,2.47E+00,1.25E+01,1.12E+01,1.70E+01
906,86.6781,-39.9989,2.66E+00,1.32E+01,1.18E+01,1.84E+01
907,80.0108,-39.9992,2.85E+00,1.41E+01,1.23E+01,2.02E+01
908,86.6758,-46.665,2.59E+00,1.37E+01,1.14E+01,2.02E+01
909,93.3432,-46.6649,2.42E+00,1.29E+01,1.09E+01,1.87E+01
910,80.0082,-46.6653,2.77E+00,1.47E+01,1.19E+01,2.22E+01
911,86.6803,-33.3327,2.72E+00,1.30E+01,1.21E+01,1.65E+01
912,93.3472,-33.3325,2.52E+00,1.24E+01,1.15E+01,1.53E+01
913,80.0132,-33.333,2.91E+00,1.38E+01,1.27E+01,1.79E+01
914,6.66825,-26.6912,5.01E+00,4.18E+01,3.22E+01,1.49E+01
915,13.3394,-26.6879,4.95E+00,3.53E+01,3.20E+01,2.95E+01
916,20.009,-26.6825,4.82E+00,3.09E+01,2.90E+01,4.04E+01
917,26.6772,-26.6776,4.64E+00,2.86E+01,2.54E+01,4.30E+01
918,33.345,-26.6741,4.44E+00,2.62E+01,2.23E+01,3.98E+01
919,40.0127,-26.6718,4.23E+00,2.34E+01,2.00E+01,3.43E+01
920,46.6802,-26.6702,4.02E+00,2.09E+01,1.83E+01,2.90E+01
921,26.6822,-20.0094,4.82E+00,3.07E+01,2.91E+01,4.07E+01
922,26.6876,-13.3398,4.95E+00,3.47E+01,3.19E+01,3.02E+01
923,26.691,-6.6687,5.01E+00,4.12E+01,3.20E+01,1.54E+01
924,20.02,-13.3436,5.21E+00,4.13E+01,4.09E+01,3.64E+01
925,13.3497,-13.3499,5.44E+00,5.26E+01,5.29E+01,3.42E+01
926,6.67396,-13.3575,5.59E+00,7.21E+01,6.20E+01,2.03E+01
927,13.3433,-20.0202,5.21E+00,4.19E+01,4.10E+01,3.58E+01
928,20.0137,-20.014,5.03E+00,3.50E+01,3.49E+01,4.36E+01
929,6.67001,-20.0255,5.30E+00,5.27E+01,4.31E+01,1.83E+01
930,13.3576,-6.67421,5.59E+00,7.09E+01,6.12E+01,2.04E+01
931,20.0253,-6.6704,5.30E+00,5.17E+01,4.27E+01,1.89E+01
932,6.6819,-6.68184,5.83E+00,1.06E+02,8.39E+01,2.64E+01
933,46.6865,-13.3353,4.17E+00,2.31E+01,1.95E+01,1.62E+01
934,40.0204,-13.3362,4.42E+00,2.61E+01,2.23E+01,1.92E+01
935,33.3542,-13.3376,4.68E+00,2.98E+01,2.62E+01,2.38E+01
936,40.017,-20.0044,4.35E+00,2.39E+01,2.16E+01,2.78E+01
937,46.6839,-20.003,4.11E+00,2.13E+01,1.93E+01,2.31E+01
938,33.3498,-20.0064,4.58E+00,2.70E+01,2.47E+01,3.41E+01
939,40.0218,-6.66755,4.45E+00,2.90E+01,2.18E+01,1.10E+01
940,46.6874,-6.66737,4.19E+00,2.52E+01,1.91E+01,1.00E+01
941,33.3563,-6.66792,4.72E+00,3.41E+01,2.58E+01,1.27E+01
942,26.6697,-46.6805,4.02E+00,2.10E+01,1.82E+01,2.87E+01
943,26.6713,-40.013,4.23E+00,2.36E+01,2.00E+01,3.40E+01
944,26.6736,-33.3453,4.44E+00,2.63E+01,2.23E+01,3.96E+01
945,13.3348,-46.6868,4.17E+00,2.33E+01,1.95E+01,1.57E+01
946,13.3357,-40.0207,4.42E+00,2.64E+01,2.22E+01,1.87E+01
947,13.3371,-33.3544,4.68E+00,3.03E+01,2.61E+01,2.32E+01
948,6.66705,-40.0221,4.45E+00,2.93E+01,2.18E+01,1.06E+01
949,6.66685,-46.6877,4.19E+00,2.54E+01,1.91E+01,9.62E+00
950,6.66744,-33.3566,4.72E+00,3.45E+01,2.58E+01,1.22E+01
951,20.0039,-40.0173,4.35E+00,2.41E+01,2.15E+01,2.74E+01
952,20.0025,-46.6842,4.11E+00,2.15E+01,1.92E+01,2.26E+01
953,20.0059,-33.3501,4.59E+00,2.73E+01,2.47E+01,3.36E+01
954,40.003,-46.673,3.76E+00,2.23E+01,1.57E+01,3.50E+01
955,40.0053,-40.0056,3.93E+00,2.36E+01,1.68E+01,3.74E+01
956,40.0086,-33.3386,4.09E+00,2.38E+01,1.83E+01,3.75E+01
957,33.3382,-40.0089,4.09E+00,2.39E+01,1.82E+01,3.74E+01
958,33.3363,-46.6766,3.90E+00,2.16E+01,1.69E+01,3.30E+01
959,33.341,-33.3414,4.28E+00,2.55E+01,2.00E+01,4.03E+01
960,46.6727,-40.0034,3.76E+00,2.23E+01,1.57E+01,3.50E+01
961,46.6699,-46.6703,3.61E+00,2.22E+01,1.47E+01,3.47E+01
962,46.6762,-33.3367,3.90E+00,2.15E+01,1.70E+01,3.31E+01
1302,-99.9923,-106.244,1.37E+00,1.13E+01,1.97E+01,4.69E+00
1303,-99.9921,-112.494,1.28E+00,1.10E+01,1.91E+01,4.76E+00
1304,-99.9922,-118.745,1.18E+00,1.07E+01,1.85E+01,4.78E+00
1305,-99.9923,-124.997,1.08E+00,1.03E+01,1.78E+01,4.74E+00
1306,-93.3257,-124.998,1.14E+00,1.04E+01,1.74E+01,4.31E+00
1307,-86.6594,-124.999,1.20E+00,1.05E+01,1.69E+01,3.85E+00
1308,-79.9931,-125.001,1.26E+00,1.06E+01,1.63E+01,3.37E+00
1309,-73.3268,-125.002,1.31E+00,1.07E+01,1.56E+01,2.90E+00
1310,-66.6608,-125.004,1.36E+00,1.07E+01,1.49E+01,2.50E+00
1311,-59.9947,-125.005,1.40E+00,1.08E+01,1.42E+01,2.23E+00
1312,-53.3286,-125.007,1.45E+00,1.08E+01,1.35E+01,2.17E+00
1313,-46.6626,-125.008,1.49E+00,1.08E+01,1.29E+01,2.35E+00
1314,-39.9965,-125.01,1.52E+00,1.08E+01,1.23E+01,2.74E+00
1315,-33.3304,-125.011,1.55E+00,1.08E+01,1.18E+01,3.28E+00
1316,-26.6644,-125.012,1.58E+00,1.07E+01,1.13E+01,3.93E+00
1317,-19.9982,-125.013,1.61E+00,1.07E+01,1.09E+01,4.66E+00
1318,-13.3321,-125.014,1.63E+00,1.06E+01,1.05E+01,5.44E+00
1319,-6.6659,-125.015,1.64E+00,1.06E+01,1.02E+01,6.27E+00
1320,0.000331186,-125.015,1.65E+00,1.05E+01,9.96E+00,7.15E+00
1321,6.66659,-125.015,1.66E+00,1.04E+01,9.73E+00,8.08E+00
1322,13.3329,-125.015,1.66E+00,1.03E+01,9.54E+00,9.06E+00
1323,19.9992,-125.015,1.65E+00,1.02E+01,9.37E+00,1.01E+01
1324,26.6655,-125.014,1.64E+00,1.01E+01,9.20E+00,1.11E+01
1325,33.3318,-125.014,1.63E+00,1.00E+01,9.03E+00,1.22E+01
1326,39.998,-125.013,1.61E+00,1.01E+01,8.85E+00,1.32E+01
1327,46.6643,-125.012,1.58E+00,1.02E+01,8.65E+00,1.42E+01
1328,53.3304,-125.01,1.55E+00,1.04E+01,8.44E+00,1.51E+01
1329,59.9966,-125.009,1.51E+00,1.07E+01,8.22E+00,1.60E+01
1330,66.6628,-125.008,1.47E+00,1.12E+01,8.00E+00,1.69E+01
1331,73.329,-125.006,1.43E+00,1.16E+01,7.79E+00,1.77E+01
1332,79.9953,-125.004,1.38E+00,1.21E+01,7.57E+00,1.85E+01
1333,86.6617,-125.003,1.33E+00,1.27E+01,7.37E+00,1.91E+01
1334,93.3282,-125.001,1.27E+00,1.31E+01,7.17E+00,1.97E+01
1335,99.9949,-125,1.21E+00,1.35E+01,6.98E+00,2.01E+01
1336,99.9951,-118.749,1.32E+00,1.41E+01,7.24E+00,2.09E+01
1337,99.9954,-112.498,1.42E+00,1.48E+01,7.47E+00,2.16E+01
1338,99.9959,-106.247,1.52E+00,1.53E+01,7.70E+00,2.22E+01
1339,0.000331598,-118.765,1.83E+00,1.11E+01,1.03E+01,7.09E+00
1340,0.000331138,-112.516,2.02E+00,1.17E+01,1.07E+01,7.05E+00
1341,0.00032524,-106.266,2.20E+00,1.24E+01,1.11E+01,7.00E+00
1342,-53.3282,-118.756,1.60E+00,1.15E+01,1.41E+01,2.26E+00
1343,-53.3279,-112.505,1.75E+00,1.21E+01,1.48E+01,2.38E+00
1344,-53.3276,-106.254,1.89E+00,1.27E+01,1.55E+01,2.52E+00
1345,-79.9926,-118.75,1.38E+00,1.11E+01,1.70E+01,3.55E+00
1346,-79.9923,-112.498,1.50E+00,1.16E+01,1.79E+01,3.69E+00
1347,-79.992,-106.247,1.62E+00,1.20E+01,1.88E+01,3.80E+00
1348,-86.6587,-112.497,1.43E+00,1.14E+01,1.85E+01,4.09E+00
1349,-93.3253,-112.495,1.36E+00,1.12E+01,1.89E+01,4.45E+00
1350,-86.659,-118.748,1.32E+00,1.10E+01,1.77E+01,3.99E+00
1351,-93.3254,-118.747,1.25E+00,1.09E+01,1.81E+01,4.41E+00
1352,-86.6586,-106.246,1.54E+00,1.18E+01,1.93E+01,4.14E+00
1353,-93.3253,-106.244,1.46E+00,1.16E+01,1.96E+01,4.44E+00
1354,-66.6604,-118.753,1.50E+00,1.13E+01,1.56E+01,2.70E+00
1355,-66.66,-112.502,1.63E+00,1.19E+01,1.64E+01,2.89E+00
1356,-66.6596,-106.251,1.77E+00,1.24E+01,1.73E+01,3.07E+00
1357,-73.3261,-112.5,1.57E+00,1.18E+01,1.72E+01,3.28E+00
1358,-73.3264,-118.751,1.44E+00,1.13E+01,1.63E+01,3.10E+00
1359,-73.3257,-106.249,1.69E+00,1.23E+01,1.81E+01,3.43E+00
1360,-59.9939,-112.504,1.69E+00,1.20E+01,1.56E+01,2.56E+00
1361,-59.9943,-118.755,1.55E+00,1.14E+01,1.48E+01,2.39E+00
1362,-59.9935,-106.253,1.83E+00,1.26E+01,1.64E+01,2.75E+00
1363,-26.6643,-118.762,1.75E+00,1.14E+01,1.17E+01,3.79E+00
1364,-26.6642,-112.512,1.92E+00,1.21E+01,1.21E+01,3.66E+00
1365,-26.664,-106.262,2.09E+00,1.28E+01,1.26E+01,3.55E+00
1366,-39.9963,-118.759,1.68E+00,1.15E+01,1.28E+01,2.66E+00
1367,-39.9961,-112.509,1.84E+00,1.21E+01,1.33E+01,2.63E+00
1368,-39.9958,-106.258,2.00E+00,1.28E+01,1.39E+01,2.62E+00
1369,-46.6619,-112.507,1.80E+00,1.21E+01,1.40E+01,2.39E+00
1370,-46.6622,-118.758,1.64E+00,1.15E+01,1.34E+01,2.35E+00
1371,-46.6616,-106.256,1.95E+00,1.28E+01,1.47E+01,2.47E+00
1372,-33.3302,-112.511,1.89E+00,1.21E+01,1.27E+01,3.07E+00
1373,-33.3303,-118.761,1.72E+00,1.15E+01,1.22E+01,3.16E+00
1374,-33.33,-106.26,2.05E+00,1.28E+01,1.32E+01,3.00E+00
1375,-13.332,-118.764,1.80E+00,1.13E+01,1.09E+01,5.30E+00
1376,-13.332,-112.514,1.98E+00,1.20E+01,1.13E+01,5.18E+00
1377,-13.332,-106.265,2.16E+00,1.27E+01,1.16E+01,5.05E+00
1378,-19.9981,-112.513,1.96E+00,1.21E+01,1.17E+01,4.38E+00
1379,-19.9982,-118.763,1.78E+00,1.14E+01,1.13E+01,4.51E+00
1380,-19.998,-106.263,2.13E+00,1.28E+01,1.21E+01,4.24E+00
1381,-6.66584,-112.515,2.00E+00,1.19E+01,1.09E+01,6.07E+00
1382,-6.66586,-118.765,1.82E+00,1.12E+01,1.06E+01,6.17E+00
1383,-6.66585,-106.265,2.19E+00,1.25E+01,1.13E+01,5.97E+00
1384,46.6642,-118.762,1.75E+00,1.06E+01,9.09E+00,1.47E+01
1385,46.6642,-112.511,1.91E+00,1.10E+01,9.53E+00,1.54E+01
1386,46.6642,-106.261,2.08E+00,1.14E+01,9.97E+00,1.63E+01
1387,19.9992,-118.765,1.84E+00,1.06E+01,9.79E+00,1.03E+01
1388,19.9992,-112.516,2.02E+00,1.11E+01,1.02E+01,1.05E+01
1389,19.9992,-106.266,2.20E+00,1.16E+01,1.07E+01,1.07E+01
1390,13.3329,-112.516,2.03E+00,1.13E+01,1.04E+01,9.26E+00
1391,6.66658,-112.516,2.03E+00,1.15E+01,1.05E+01,8.11E+00
1392,13.3329,-118.766,1.84E+00,1.08E+01,9.94E+00,9.14E+00
1393,6.66659,-118.766,1.84E+00,1.09E+01,1.01E+01,8.09E+00
1394,13.3329,-106.266,2.21E+00,1.19E+01,1.08E+01,9.40E+00
1395,6.66658,-106.266,2.21E+00,1.21E+01,1.09E+01,8.15E+00
1396,33.3317,-118.764,1.80E+00,1.04E+01,9.48E+00,1.25E+01
1397,33.3318,-112.514,1.98E+00,1.08E+01,9.93E+00,1.30E+01
1398,33.3318,-106.264,2.16E+00,1.12E+01,1.04E+01,1.36E+01
1399,26.6655,-112.515,2.00E+00,1.09E+01,1.01E+01,1.17E+01
1400,26.6655,-118.765,1.82E+00,1.05E+01,9.64E+00,1.14E+01
1401,26.6655,-106.265,2.18E+00,1.14E+01,1.06E+01,1.22E+01
1402,39.998,-112.513,1.95E+00,1.08E+01,9.75E+00,1.42E+01
1403,39.998,-118.763,1.78E+00,1.04E+01,9.30E+00,1.37E+01
1404,39.9981,-106.263,2.12E+00,1.12E+01,1.02E+01,1.49E+01
1405,73.3289,-118.755,1.57E+00,1.22E+01,8.15E+00,1.86E+01
1406,73.3289,-112.504,1.70E+00,1.29E+01,8.50E+00,1.95E+01
1407,73.3289,-106.253,1.84E+00,1.36E+01,8.82E+00,2.07E+01
1408,59.9965,-118.758,1.67E+00,1.12E+01,8.63E+00,1.68E+01
1409,59.9965,-112.508,1.82E+00,1.17E+01,9.03E+00,1.76E+01
1410,59.9965,-106.257,1.97E+00,1.23E+01,9.41E+00,1.87E+01
1411,53.3304,-112.51,1.87E+00,1.13E+01,9.29E+00,1.66E+01
1412,53.3304,-118.76,1.71E+00,1.08E+01,8.87E+00,1.58E+01
1413,53.3304,-106.259,2.03E+00,1.18E+01,9.70E+00,1.75E+01
1414,66.6626,-112.506,1.76E+00,1.22E+01,8.76E+00,1.86E+01
1415,66.6627,-118.757,1.62E+00,1.17E+01,8.39E+00,1.77E+01
1416,66.6626,-106.255,1.91E+00,1.29E+01,9.12E+00,1.97E+01
1417,86.6617,-118.752,1.45E+00,1.33E+01,7.68E+00,2.00E+01
1418,86.6618,-112.501,1.57E+00,1.40E+01,7.97E+00,2.10E+01
1419,86.6619,-106.25,1.69E+00,1.48E+01,8.23E+00,2.20E+01
1420,79.9952,-112.502,1.64E+00,1.35E+01,8.23E+00,2.03E+01
1421,79.9952,-118.754,1.51E+00,1.28E+01,7.92E+00,1.93E+01
1422,79.9953,-106.251,1.77E+00,1.43E+01,8.52E+00,2.14E+01
1423,93.3285,-112.499,1.50E+00,1.45E+01,7.71E+00,2.14E+01
1424,93.3283,-118.75,1.39E+00,1.38E+01,7.45E+00,2.05E+01
1425,93.3288,-106.248,1.61E+00,1.52E+01,7.96E+00,2.23E+01
1426,99.9921,106.243,1.39E+00,1.12E+01,1.97E+01,4.29E+00
1427,99.992,112.494,1.29E+00,1.08E+01,1.91E+01,4.30E+00
1428,99.992,118.745,1.20E+00,1.04E+01,1.84E+01,4.25E+00
1429,99.9922,124.996,1.10E+00,9.97E+00,1.77E+01,4.12E+00
1430,93.3256,124.998,1.16E+00,1.02E+01,1.74E+01,3.84E+00
1431,86.6592,124.999,1.22E+00,1.04E+01,1.69E+01,3.50E+00
1432,79.9929,125,1.28E+00,1.05E+01,1.63E+01,3.12E+00
1433,73.3266,125.002,1.33E+00,1.06E+01,1.56E+01,2.74E+00
1434,66.6605,125.003,1.38E+00,1.07E+01,1.49E+01,2.42E+00
1435,59.9943,125.005,1.42E+00,1.08E+01,1.41E+01,2.22E+00
1436,53.3282,125.007,1.46E+00,1.08E+01,1.35E+01,2.21E+00
1437,46.6622,125.008,1.50E+00,1.09E+01,1.28E+01,2.41E+00
1438,39.9961,125.009,1.53E+00,1.09E+01,1.22E+01,2.81E+00
1439,33.33,125.011,1.56E+00,1.09E+01,1.17E+01,3.34E+00
1440,26.6639,125.012,1.59E+00,1.09E+01,1.13E+01,3.97E+00
1441,19.9978,125.013,1.61E+00,1.08E+01,1.09E+01,4.68E+00
1442,13.3316,125.014,1.63E+00,1.08E+01,1.05E+01,5.44E+00
1443,6.66541,125.014,1.65E+00,1.07E+01,1.02E+01,6.25E+00
1444,-0.000816645,125.015,1.66E+00,1.07E+01,9.96E+00,7.11E+00
1445,-6.66708,125.015,1.66E+00,1.06E+01,9.74E+00,8.02E+00
1446,-13.3333,125.015,1.66E+00,1.05E+01,9.55E+00,8.97E+00
1447,-19.9997,125.015,1.65E+00,1.04E+01,9.38E+00,9.96E+00
1448,-26.666,125.014,1.64E+00,1.04E+01,9.22E+00,1.10E+01
1449,-33.3322,125.014,1.62E+00,1.04E+01,9.05E+00,1.20E+01
1450,-39.9985,125.013,1.60E+00,1.05E+01,8.86E+00,1.30E+01
1451,-46.6647,125.012,1.57E+00,1.06E+01,8.66E+00,1.40E+01
1452,-53.3309,125.011,1.53E+00,1.09E+01,8.44E+00,1.49E+01
1453,-59.9971,125.009,1.50E+00,1.13E+01,8.21E+00,1.58E+01
1454,-66.6633,125.008,1.45E+00,1.18E+01,7.97E+00,1.67E+01
1455,-73.3294,125.006,1.41E+00,1.23E+01,7.74E+00,1.75E+01
1456,-79.9957,125.005,1.36E+00,1.28E+01,7.51E+00,1.82E+01
1457,-86.662,125.003,1.31E+00,1.33E+01,7.29E+00,1.89E+01
1458,-93.3284,125.002,1.25E+00,1.38E+01,7.08E+00,1.94E+01
1459,-99.995,125,1.19E+00,1.41E+01,6.88E+00,1.98E+01
1460,-99.9951,118.749,1.30E+00,1.45E+01,7.12E+00,2.07E+01
1461,-99.9953,112.498,1.40E+00,1.49E+01,7.36E+00,2.14E+01
1462,-99.9958,106.247,1.51E+00,1.54E+01,7.60E+00,2.21E+01
1463,-0.000853969,118.765,1.84E+00,1.13E+01,1.03E+01,7.10E+00
1464,-0.000888256,112.516,2.02E+00,1.19E+01,1.07E+01,7.10E+00
1465,-0.000917496,106.266,2.21E+00,1.25E+01,1.11E+01,7.10E+00
1466,53.3279,118.756,1.61E+00,1.15E+01,1.41E+01,2.27E+00
1467,53.3275,112.505,1.76E+00,1.21E+01,1.48E+01,2.37E+00
1468,53.3272,106.254,1.90E+00,1.28E+01,1.56E+01,2.50E+00
1469,79.9924,118.749,1.40E+00,1.11E+01,1.71E+01,3.32E+00
1470,79.992,112.498,1.52E+00,1.16E+01,1.80E+01,3.48E+00
1471,79.9917,106.247,1.63E+00,1.20E+01,1.89E+01,3.60E+00
1472,86.6585,112.497,1.45E+00,1.13E+01,1.85E+01,3.80E+00
1473,93.3251,112.495,1.37E+00,1.11E+01,1.89E+01,4.08E+00
1474,86.6588,118.748,1.33E+00,1.09E+01,1.77E+01,3.68E+00
1475,93.3253,118.746,1.27E+00,1.07E+01,1.82E+01,3.99E+00
1476,86.6583,106.245,1.56E+00,1.17E+01,1.94E+01,3.88E+00
1477,93.3251,106.244,1.47E+00,1.15E+01,1.97E+01,4.11E+00
1478,66.66,118.753,1.51E+00,1.13E+01,1.56E+01,2.61E+00
1479,66.6596,112.501,1.65E+00,1.19E+01,1.65E+01,2.79E+00
1480,66.6592,106.25,1.78E+00,1.25E+01,1.74E+01,2.97E+00
1481,73.3258,112.5,1.58E+00,1.18E+01,1.73E+01,3.13E+00
1482,73.3262,118.751,1.46E+00,1.12E+01,1.64E+01,2.95E+00
1483,73.3254,106.248,1.71E+00,1.22E+01,1.82E+01,3.29E+00
1484,59.9935,112.503,1.70E+00,1.20E+01,1.56E+01,2.52E+00
1485,59.9939,118.754,1.56E+00,1.14E+01,1.49E+01,2.36E+00
1486,59.9932,106.252,1.84E+00,1.26E+01,1.65E+01,2.69E+00
1487,26.6638,118.762,1.76E+00,1.15E+01,1.17E+01,3.84E+00
1488,26.6636,112.512,1.93E+00,1.22E+01,1.21E+01,3.72E+00
1489,26.6635,106.261,2.10E+00,1.29E+01,1.26E+01,3.62E+00
1490,39.9958,118.759,1.69E+00,1.16E+01,1.28E+01,2.72E+00
1491,39.9956,112.509,1.85E+00,1.22E+01,1.33E+01,2.67E+00
1492,39.9953,106.258,2.01E+00,1.29E+01,1.39E+01,2.66E+00
1493,46.6616,112.507,1.81E+00,1.22E+01,1.40E+01,2.41E+00
1494,46.6619,118.757,1.65E+00,1.15E+01,1.34E+01,2.39E+00
1495,46.6612,106.256,1.96E+00,1.29E+01,1.47E+01,2.47E+00
1496,33.3296,112.51,1.89E+00,1.22E+01,1.27E+01,3.12E+00
1497,33.3298,118.76,1.73E+00,1.16E+01,1.22E+01,3.22E+00
1498,33.3294,106.26,2.06E+00,1.29E+01,1.32E+01,3.05E+00
1499,13.3315,118.764,1.81E+00,1.15E+01,1.09E+01,5.33E+00
1500,13.3315,112.514,1.99E+00,1.21E+01,1.13E+01,5.24E+00
1501,13.3314,106.264,2.17E+00,1.28E+01,1.16E+01,5.14E+00
1502,19.9976,112.513,1.96E+00,1.22E+01,1.16E+01,4.44E+00
1503,19.9977,118.763,1.79E+00,1.15E+01,1.13E+01,4.55E+00
1504,19.9975,106.263,2.14E+00,1.29E+01,1.21E+01,4.32E+00
1505,6.66531,112.515,2.01E+00,1.20E+01,1.09E+01,6.13E+00
1506,6.66536,118.765,1.83E+00,1.14E+01,1.06E+01,6.18E+00
1507,6.66528,106.265,2.19E+00,1.27E+01,1.13E+01,6.07E+00
1508,-46.6647,118.762,1.74E+00,1.09E+01,9.10E+00,1.46E+01
1509,-46.6648,112.511,1.90E+00,1.13E+01,9.53E+00,1.54E+01
1510,-46.6648,106.261,2.07E+00,1.17E+01,9.98E+00,1.63E+01
1511,-19.9997,118.765,1.83E+00,1.09E+01,9.81E+00,1.02E+01
1512,-19.9997,112.516,2.02E+00,1.13E+01,1.02E+01,1.05E+01
1513,-19.9998,106.266,2.20E+00,1.18E+01,1.07E+01,1.08E+01
1514,-13.3335,112.516,2.02E+00,1.15E+01,1.04E+01,9.28E+00
1515,-6.66712,112.516,2.03E+00,1.17E+01,1.05E+01,8.15E+00
1516,-13.3334,118.766,1.84E+00,1.10E+01,9.96E+00,9.11E+00
1517,-6.6671,118.766,1.84E+00,1.11E+01,1.01E+01,8.07E+00
1518,-13.3334,106.266,2.21E+00,1.20E+01,1.08E+01,9.48E+00
1519,-6.66717,106.266,2.21E+00,1.23E+01,1.09E+01,8.24E+00
1520,-33.3322,118.764,1.80E+00,1.07E+01,9.50E+00,1.24E+01
1521,-33.3323,112.514,1.97E+00,1.11E+01,9.95E+00,1.30E+01
1522,-33.3324,106.264,2.15E+00,1.14E+01,1.04E+01,1.36E+01
1523,-26.666,112.515,2.00E+00,1.12E+01,1.01E+01,1.17E+01
1524,-26.6659,118.765,1.82E+00,1.08E+01,9.66E+00,1.13E+01
1525,-26.6661,106.265,2.18E+00,1.16E+01,1.06E+01,1.22E+01
1526,-39.9985,112.513,1.94E+00,1.11E+01,9.76E+00,1.42E+01
1527,-39.9985,118.763,1.77E+00,1.08E+01,9.31E+00,1.36E+01
1528,-39.9986,106.263,2.12E+00,1.15E+01,1.02E+01,1.50E+01
1529,-73.3293,118.755,1.55E+00,1.27E+01,8.10E+00,1.84E+01
1530,-73.3292,112.504,1.69E+00,1.33E+01,8.45E+00,1.94E+01
1531,-73.3292,106.253,1.83E+00,1.40E+01,8.77E+00,2.06E+01
1532,-59.997,118.759,1.65E+00,1.17E+01,8.61E+00,1.67E+01
1533,-59.997,112.508,1.81E+00,1.21E+01,9.01E+00,1.76E+01
1534,-59.997,106.257,1.96E+00,1.27E+01,9.40E+00,1.86E+01
1535,-53.3309,112.51,1.86E+00,1.16E+01,9.28E+00,1.65E+01
1536,-53.3309,118.76,1.70E+00,1.12E+01,8.86E+00,1.57E+01
1537,-53.3309,106.259,2.02E+00,1.21E+01,9.70E+00,1.75E+01
1538,-66.663,112.506,1.75E+00,1.27E+01,8.73E+00,1.86E+01
1539,-66.6632,118.757,1.60E+00,1.22E+01,8.36E+00,1.76E+01
1540,-66.6631,106.255,1.90E+00,1.33E+01,9.09E+00,1.97E+01
1541,-86.662,118.752,1.43E+00,1.38E+01,7.60E+00,1.98E+01
1542,-86.662,112.501,1.56E+00,1.44E+01,7.89E+00,2.08E+01
1543,-86.6621,106.25,1.68E+00,1.51E+01,8.16E+00,2.19E+01
1544,-79.9955,112.503,1.63E+00,1.39E+01,8.17E+00,2.02E+01
1545,-79.9956,118.754,1.49E+00,1.33E+01,7.85E+00,1.92E+01
1546,-79.9956,106.252,1.75E+00,1.46E+01,8.46E+00,2.13E+01
1547,-93.3286,112.5,1.48E+00,1.48E+01,7.62E+00,2.13E+01
1548,-93.3284,118.751,1.37E+00,1.42E+01,7.36E+00,2.03E+01
1549,-93.3288,106.248,1.59E+00,1.53E+01,7.87E+00,2.21E+01
1550,106.242,124.995,1.04E+00,9.75E+00,1.79E+01,4.34E+00
1551,112.493,124.995,9.70E-01,9.50E+00,1.79E+01,4.48E+00
1552,118.743,124.994,9.02E-01,9.18E+00,1.78E+01,4.57E+00
1553,124.993,124.993,8.32E-01,8.75E+00,1.75E+01,4.59E+00
1554,124.994,118.743,9.02E-01,9.17E+00,1.77E+01,4.59E+00
1555,124.995,112.493,9.70E-01,9.49E+00,1.79E+01,4.52E+00
1556,124.995,106.242,1.04E+00,9.75E+00,1.79E+01,4.36E+00
1557,124.996,99.9922,1.10E+00,9.98E+00,1.76E+01,4.13E+00
1558,124.998,93.3256,1.16E+00,1.02E+01,1.73E+01,3.82E+00
1559,124.999,86.6592,1.22E+00,1.04E+01,1.67E+01,3.47E+00
1560,125,79.9929,1.28E+00,1.05E+01,1.61E+01,3.09E+00
1561,125.002,73.3267,1.33E+00,1.06E+01,1.55E+01,2.72E+00
1562,125.004,66.6605,1.38E+00,1.07E+01,1.48E+01,2.41E+00
1563,125.005,59.9944,1.42E+00,1.08E+01,1.41E+01,2.22E+00
1564,125.007,53.3283,1.46E+00,1.09E+01,1.34E+01,2.21E+00
1565,125.008,46.6623,1.50E+00,1.09E+01,1.28E+01,2.41E+00
1566,125.009,39.9962,1.53E+00,1.09E+01,1.23E+01,2.80E+00
1567,125.011,33.3301,1.57E+00,1.09E+01,1.17E+01,3.33E+00
1568,125.012,26.664,1.59E+00,1.09E+01,1.13E+01,3.95E+00
1569,125.013,19.9979,1.61E+00,1.09E+01,1.09E+01,4.65E+00
1570,125.014,13.3317,1.63E+00,1.09E+01,1.05E+01,5.41E+00
1571,125.014,6.6655,1.65E+00,1.08E+01,1.02E+01,6.23E+00
1572,125.015,-0.000735549,1.66E+00,1.08E+01,9.94E+00,7.09E+00
1573,125.015,-6.66701,1.66E+00,1.07E+01,9.72E+00,8.01E+00
1574,125.015,-13.3333,1.66E+00,1.06E+01,9.53E+00,8.97E+00
1575,125.015,-19.9996,1.65E+00,1.06E+01,9.37E+00,9.97E+00
1576,125.014,-26.6659,1.64E+00,1.05E+01,9.20E+00,1.10E+01
1577,125.014,-33.3321,1.62E+00,1.05E+01,9.03E+00,1.20E+01
1578,125.013,-39.9984,1.60E+00,1.06E+01,8.85E+00,1.30E+01
1579,125.012,-46.6647,1.57E+00,1.07E+01,8.65E+00,1.40E+01
1580,125.01,-53.3308,1.54E+00,1.10E+01,8.43E+00,1.50E+01
1581,125.009,-59.997,1.50E+00,1.13E+01,8.21E+00,1.58E+01
1582,125.008,-66.6632,1.46E+00,1.18E+01,7.98E+00,1.67E+01
1583,125.006,-73.3293,1.41E+00,1.23E+01,7.75E+00,1.75E+01
1584,125.005,-79.9956,1.36E+00,1.28E+01,7.52E+00,1.82E+01
1585,125.003,-86.662,1.31E+00,1.34E+01,7.31E+00,1.88E+01
1586,125.002,-93.3283,1.26E+00,1.38E+01,7.10E+00,1.94E+01
1587,125,-99.995,1.20E+00,1.42E+01,6.90E+00,1.98E+01
1588,124.999,-106.245,1.14E+00,1.44E+01,6.72E+00,2.00E+01
1589,124.998,-112.495,1.07E+00,1.45E+01,6.56E+00,2.01E+01
1590,124.998,-118.746,1.01E+00,1.44E+01,6.41E+00,2.00E+01
1591,124.997,-124.996,9.37E-01,1.41E+01,6.26E+00,1.98E+01
1592,118.746,-124.997,1.01E+00,1.41E+01,6.46E+00,2.02E+01
1593,112.495,-124.998,1.09E+00,1.40E+01,6.64E+00,2.04E+01
1594,106.245,-124.999,1.15E+00,1.38E+01,6.81E+00,2.04E+01
1595,118.765,-0.000756046,1.84E+00,1.14E+01,1.03E+01,7.08E+00
1596,112.516,-0.000773427,2.02E+00,1.20E+01,1.07E+01,7.08E+00
1597,106.266,-0.000786325,2.21E+00,1.26E+01,1.11E+01,7.08E+00
1598,118.753,66.6601,1.51E+00,1.14E+01,1.55E+01,2.60E+00
1599,112.501,66.6597,1.64E+00,1.19E+01,1.63E+01,2.78E+00
1600,106.25,66.6593,1.78E+00,1.25E+01,1.73E+01,2.95E+00
1601,118.745,99.7856,1.20E+00,1.04E+01,1.84E+01,4.25E+00
1602,112.494,99.7856,1.30E+00,1.08E+01,1.91E+01,4.30E+00
1603,106.243,99.7857,1.39E+00,1.12E+01,1.96E+01,4.29E+00
1604,112.493,106.157,1.22E+00,1.06E+01,1.90E+01,4.46E+00
1605,112.493,112.493,1.14E+00,1.03E+01,1.88E+01,4.56E+00
1606,112.493,118.744,1.06E+00,9.91E+00,1.84E+01,4.57E+00
1607,118.744,112.493,1.06E+00,9.91E+00,1.84E+01,4.58E+00
1608,118.737,106.171,1.13E+00,1.02E+01,1.85E+01,4.45E+00
1609,118.743,118.743,9.80E-01,9.58E+00,1.81E+01,4.62E+00
1610,106.242,112.493,1.22E+00,1.06E+01,1.90E+01,4.46E+00
1611,106.25,106.172,1.30E+00,1.09E+01,1.94E+01,4.41E+00
1612,106.242,118.744,1.13E+00,1.02E+01,1.85E+01,4.45E+00
1613,118.748,86.6588,1.33E+00,1.09E+01,1.76E+01,3.65E+00
1614,112.497,86.6585,1.45E+00,1.13E+01,1.84E+01,3.78E+00
1615,106.245,86.6583,1.56E+00,1.18E+01,1.93E+01,3.86E+00
1616,112.495,93.2401,1.37E+00,1.11E+01,1.89E+01,4.07E+00
1617,118.753,93.2544,1.27E+00,1.07E+01,1.81E+01,3.98E+00
1618,106.238,93.2542,1.47E+00,1.15E+01,1.96E+01,4.10E+00
1619,112.5,73.3258,1.58E+00,1.18E+01,1.71E+01,3.11E+00
1620,112.498,79.9921,1.52E+00,1.16E+01,1.79E+01,3.45E+00
1621,118.751,73.3262,1.46E+00,1.12E+01,1.63E+01,2.93E+00
1622,118.749,79.9924,1.40E+00,1.11E+01,1.70E+01,3.29E+00
1623,106.248,73.3255,1.71E+00,1.23E+01,1.81E+01,3.26E+00
1624,106.247,79.9918,1.63E+00,1.20E+01,1.88E+01,3.58E+00
1625,118.761,33.3299,1.73E+00,1.16E+01,1.22E+01,3.20E+00
1626,112.51,33.3297,1.89E+00,1.23E+01,1.27E+01,3.12E+00
1627,106.26,33.3296,2.06E+00,1.30E+01,1.32E+01,3.05E+00
1628,118.756,53.328,1.61E+00,1.15E+01,1.41E+01,2.27E+00
1629,112.505,53.3276,1.76E+00,1.22E+01,1.47E+01,2.37E+00
1630,106.254,53.3273,1.90E+00,1.28E+01,1.55E+01,2.50E+00
1631,112.503,59.9936,1.70E+00,1.21E+01,1.55E+01,2.51E+00
1632,118.754,59.994,1.56E+00,1.15E+01,1.48E+01,2.36E+00
1633,106.252,59.9932,1.84E+00,1.26E+01,1.64E+01,2.67E+00
1634,112.509,39.9957,1.85E+00,1.23E+01,1.33E+01,2.67E+00
1635,112.507,46.6617,1.81E+00,1.22E+01,1.40E+01,2.42E+00
1636,118.759,39.996,1.69E+00,1.16E+01,1.28E+01,2.71E+00
1637,118.758,46.662,1.65E+00,1.16E+01,1.34E+01,2.39E+00
1638,106.258,39.9955,2.01E+00,1.30E+01,1.39E+01,2.66E+00
1639,106.256,46.6614,1.96E+00,1.29E+01,1.47E+01,2.48E+00
1640,118.763,19.9978,1.79E+00,1.16E+01,1.13E+01,4.53E+00
1641,112.513,19.9977,1.96E+00,1.23E+01,1.16E+01,4.42E+00
1642,106.263,19.9976,2.14E+00,1.30E+01,1.21E+01,4.30E+00
1643,112.512,26.6637,1.93E+00,1.23E+01,1.21E+01,3.71E+00
1644,118.762,26.6639,1.76E+00,1.16E+01,1.17E+01,3.82E+00
1645,106.262,26.6636,2.10E+00,1.30E+01,1.26E+01,3.61E+00
1646,112.515,6.66544,2.01E+00,1.21E+01,1.09E+01,6.11E+00
1647,112.514,13.3316,1.99E+00,1.22E+01,1.13E+01,5.22E+00
1648,118.765,6.66547,1.83E+00,1.15E+01,1.06E+01,6.16E+00
1649,118.764,13.3316,1.81E+00,1.15E+01,1.09E+01,5.31E+00
1650,106.265,6.66542,2.19E+00,1.28E+01,1.13E+01,6.04E+00
1651,106.264,13.3315,2.17E+00,1.29E+01,1.16E+01,5.12E+00
1652,118.759,-59.9969,1.66E+00,1.17E+01,8.62E+00,1.66E+01
1653,112.508,-59.9968,1.81E+00,1.21E+01,9.02E+00,1.76E+01
1654,106.257,-59.9968,1.96E+00,1.27E+01,9.40E+00,1.87E+01
1655,118.765,-26.6659,1.82E+00,1.09E+01,9.64E+00,1.13E+01
1656,112.515,-26.666,2.00E+00,1.13E+01,1.01E+01,1.18E+01
1657,106.265,-26.666,2.18E+00,1.17E+01,1.06E+01,1.22E+01
1658,118.766,-13.3333,1.84E+00,1.11E+01,9.94E+00,9.12E+00
1659,112.516,-13.3333,2.03E+00,1.16E+01,1.04E+01,9.29E+00
1660,106.266,-13.3333,2.21E+00,1.21E+01,1.08E+01,9.48E+00
1661,112.516,-6.667,2.03E+00,1.18E+01,1.05E+01,8.14E+00
1662,118.766,-6.667,1.84E+00,1.12E+01,1.01E+01,8.07E+00
1663,106.266,-6.66703,2.21E+00,1.24E+01,1.09E+01,8.23E+00
1664,112.516,-19.9996,2.02E+00,1.14E+01,1.02E+01,1.05E+01
1665,118.765,-19.9996,1.83E+00,1.10E+01,9.79E+00,1.02E+01
1666,106.266,-19.9997,2.20E+00,1.19E+01,1.07E+01,1.08E+01
1667,118.763,-39.9984,1.77E+00,1.09E+01,9.30E+00,1.36E+01
1668,112.513,-39.9984,1.94E+00,1.12E+01,9.75E+00,1.42E+01
1669,106.263,-39.9985,2.12E+00,1.16E+01,1.02E+01,1.50E+01
1670,112.514,-33.3323,1.97E+00,1.12E+01,9.94E+00,1.30E+01
1671,118.764,-33.3322,1.80E+00,1.08E+01,9.48E+00,1.25E+01
1672,106.264,-33.3323,2.15E+00,1.15E+01,1.04E+01,1.36E+01
1673,112.51,-53.3308,1.86E+00,1.17E+01,9.28E+00,1.65E+01
1674,112.511,-46.6645,1.90E+00,1.14E+01,9.53E+00,1.54E+01
1675,118.76,-53.3307,1.70E+00,1.13E+01,8.86E+00,1.57E+01
1676,118.762,-46.6646,1.74E+00,1.10E+01,9.09E+00,1.47E+01
1677,106.259,-53.3307,2.02E+00,1.21E+01,9.70E+00,1.75E+01
1678,106.261,-46.6647,2.07E+00,1.18E+01,9.97E+00,1.63E+01
1679,118.759,-93.2485,1.38E+00,1.43E+01,7.40E+00,2.03E+01
1680,112.5,-93.2283,1.49E+00,1.49E+01,7.68E+00,2.13E+01
1681,106.24,-93.2489,1.60E+00,1.54E+01,7.94E+00,2.22E+01
1682,118.755,-73.3292,1.56E+00,1.28E+01,8.12E+00,1.84E+01
1683,112.504,-73.3291,1.70E+00,1.33E+01,8.47E+00,1.94E+01
1684,106.253,-73.3291,1.83E+00,1.40E+01,8.80E+00,2.06E+01
1685,112.506,-66.6629,1.75E+00,1.27E+01,8.75E+00,1.85E+01
1686,118.757,-66.663,1.61E+00,1.22E+01,8.37E+00,1.75E+01
1687,106.255,-66.6629,1.90E+00,1.33E+01,9.10E+00,1.97E+01
1688,112.501,-86.6317,1.56E+00,1.45E+01,7.94E+00,2.08E+01
1689,112.503,-79.9955,1.63E+00,1.39E+01,8.20E+00,2.02E+01
1690,118.755,-86.6418,1.44E+00,1.39E+01,7.63E+00,1.98E+01
1691,118.754,-79.9955,1.50E+00,1.33E+01,7.87E+00,1.92E+01
1692,106.247,-86.642,1.68E+00,1.51E+01,8.21E+00,2.19E+01
1693,106.252,-79.9955,1.76E+00,1.46E+01,8.50E+00,2.14E+01
1694,118.74,-106.165,1.24E+00,1.47E+01,6.99E+00,2.08E+01
1695,112.497,-106.146,1.34E+00,1.50E+01,7.23E+00,2.15E+01
1696,106.255,-106.166,1.43E+00,1.52E+01,7.47E+00,2.20E+01
1697,112.498,-99.7244,1.42E+00,1.50E+01,7.45E+00,2.15E+01
1698,118.75,-99.7476,1.31E+00,1.46E+01,7.19E+00,2.07E+01
1699,106.247,-99.7483,1.52E+00,1.54E+01,7.69E+00,2.22E+01
1700,112.496,-118.747,1.17E+00,1.44E+01,6.84E+00,2.08E+01
1701,112.497,-112.466,1.26E+00,1.48E+01,7.03E+00,2.12E+01
1702,118.747,-118.746,1.09E+00,1.44E+01,6.64E+00,2.05E+01
1703,118.744,-112.476,1.17E+00,1.47E+01,6.81E+00,2.07E+01
1704,106.245,-118.748,1.25E+00,1.43E+01,7.04E+00,2.10E+01
1705,106.249,-112.477,1.34E+00,1.48E+01,7.25E+00,2.15E+01
1706,-106.245,124.999,1.13E+00,1.42E+01,6.68E+00,2.01E+01
1707,-112.495,124.998,1.06E+00,1.42E+01,6.48E+00,2.02E+01
1708,-118.746,124.997,9.95E-01,1.40E+01,6.26E+00,2.01E+01
1709,-124.996,124.997,9.23E-01,1.37E+01,6.03E+00,2.01E+01
1710,-124.997,118.746,1.00E+00,1.38E+01,6.25E+00,2.04E+01
1711,-124.998,112.495,1.07E+00,1.38E+01,6.45E+00,2.05E+01
1712,-124.999,106.245,1.14E+00,1.37E+01,6.65E+00,2.04E+01
1713,-125,99.995,1.20E+00,1.35E+01,6.85E+00,2.02E+01
1714,-125.001,93.3283,1.26E+00,1.32E+01,7.07E+00,1.97E+01
1715,-125.003,86.6618,1.32E+00,1.27E+01,7.29E+00,1.92E+01
1716,-125.004,79.9955,1.37E+00,1.22E+01,7.52E+00,1.85E+01
1717,-125.006,73.3292,1.42E+00,1.16E+01,7.75E+00,1.77E+01
1718,-125.008,66.663,1.47E+00,1.11E+01,7.98E+00,1.69E+01
1719,-125.009,59.9968,1.51E+00,1.07E+01,8.22E+00,1.60E+01
1720,-125.01,53.3306,1.55E+00,1.03E+01,8.44E+00,1.51E+01
1721,-125.012,46.6644,1.58E+00,1.01E+01,8.66E+00,1.42E+01
1722,-125.013,39.9981,1.60E+00,9.96E+00,8.86E+00,1.32E+01
1723,-125.014,33.3318,1.63E+00,9.92E+00,9.05E+00,1.21E+01
1724,-125.014,26.6656,1.64E+00,9.96E+00,9.22E+00,1.11E+01
1725,-125.015,19.9993,1.65E+00,1.01E+01,9.38E+00,1.01E+01
1726,-125.015,13.3329,1.66E+00,1.02E+01,9.56E+00,9.07E+00
1727,-125.015,6.66666,1.66E+00,1.03E+01,9.75E+00,8.10E+00
1728,-125.015,0.000397242,1.65E+00,1.04E+01,9.97E+00,7.17E+00
1729,-125.015,-6.66584,1.64E+00,1.05E+01,1.02E+01,6.29E+00
1730,-125.014,-13.332,1.62E+00,1.05E+01,1.06E+01,5.46E+00
1731,-125.013,-19.9982,1.60E+00,1.06E+01,1.09E+01,4.68E+00
1732,-125.012,-26.6643,1.58E+00,1.07E+01,1.13E+01,3.95E+00
1733,-125.011,-33.3304,1.55E+00,1.07E+01,1.18E+01,3.30E+00
1734,-125.01,-39.9965,1.52E+00,1.07E+01,1.24E+01,2.75E+00
1735,-125.008,-46.6625,1.48E+00,1.08E+01,1.29E+01,2.35E+00
1736,-125.007,-53.3285,1.45E+00,1.08E+01,1.36E+01,2.17E+00
1737,-125.005,-59.9946,1.40E+00,1.07E+01,1.43E+01,2.23E+00
1738,-125.004,-66.6608,1.36E+00,1.07E+01,1.50E+01,2.50E+00
1739,-125.002,-73.3268,1.31E+00,1.07E+01,1.57E+01,2.90E+00
1740,-125.001,-79.9931,1.26E+00,1.06E+01,1.64E+01,3.36E+00
1741,-124.999,-86.6594,1.20E+00,1.05E+01,1.70E+01,3.84E+00
1742,-124.998,-93.3258,1.14E+00,1.04E+01,1.76E+01,4.31E+00
1743,-124.997,-99.9924,1.08E+00,1.03E+01,1.80E+01,4.74E+00
1744,-124.996,-106.243,1.02E+00,1.02E+01,1.82E+01,5.11E+00
1745,-124.995,-112.493,9.52E-01,9.99E+00,1.82E+01,5.42E+00
1746,-124.994,-118.743,8.84E-01,9.81E+00,1.81E+01,5.68E+00
1747,-124.994,-124.994,8.13E-01,9.57E+00,1.78E+01,5.87E+00
1748,-118.743,-124.994,8.84E-01,9.81E+00,1.79E+01,5.67E+00
1749,-112.493,-124.995,9.53E-01,1.00E+01,1.80E+01,5.42E+00
1750,-106.242,-124.996,1.02E+00,1.02E+01,1.80E+01,5.11E+00
1751,-118.765,0.000413745,1.83E+00,1.10E+01,1.03E+01,7.11E+00
1752,-112.516,0.000427089,2.02E+00,1.16E+01,1.07E+01,7.07E+00
1753,-106.266,0.000434695,2.20E+00,1.23E+01,1.11E+01,7.03E+00
1754,-118.757,66.6629,1.61E+00,1.16E+01,8.37E+00,1.77E+01
1755,-112.506,66.6628,1.76E+00,1.23E+01,8.73E+00,1.86E+01
1756,-106.255,66.6628,1.90E+00,1.30E+01,9.08E+00,1.97E+01
1757,-118.749,99.7887,1.31E+00,1.41E+01,7.11E+00,2.09E+01
1758,-112.498,99.789,1.41E+00,1.47E+01,7.36E+00,2.16E+01
1759,-106.247,99.7894,1.51E+00,1.53E+01,7.59E+00,2.22E+01
1760,-112.497,106.161,1.33E+00,1.48E+01,7.12E+00,2.15E+01
1761,-112.496,112.496,1.25E+00,1.47E+01,6.90E+00,2.12E+01
1762,-112.496,118.747,1.16E+00,1.44E+01,6.69E+00,2.07E+01
1763,-118.747,112.496,1.16E+00,1.43E+01,6.68E+00,2.09E+01
1764,-118.741,106.175,1.24E+00,1.43E+01,6.89E+00,2.10E+01
1765,-118.746,118.746,1.08E+00,1.42E+01,6.47E+00,2.06E+01
1766,-106.246,112.497,1.33E+00,1.49E+01,7.12E+00,2.14E+01
1767,-106.253,106.176,1.42E+00,1.52E+01,7.35E+00,2.19E+01
1768,-106.245,118.748,1.23E+00,1.46E+01,6.91E+00,2.08E+01
1769,-118.752,86.6618,1.44E+00,1.34E+01,7.60E+00,2.00E+01
1770,-112.501,86.6618,1.56E+00,1.41E+01,7.88E+00,2.09E+01
1771,-106.25,86.662,1.68E+00,1.49E+01,8.15E+00,2.19E+01
1772,-112.499,93.2435,1.49E+00,1.45E+01,7.61E+00,2.14E+01
1773,-118.757,93.2575,1.38E+00,1.38E+01,7.35E+00,2.05E+01
1774,-106.241,93.2579,1.60E+00,1.52E+01,7.86E+00,2.22E+01
1775,-112.504,73.329,1.70E+00,1.29E+01,8.45E+00,1.95E+01
1776,-112.503,79.9953,1.63E+00,1.35E+01,8.17E+00,2.03E+01
1777,-118.755,73.3291,1.56E+00,1.22E+01,8.11E+00,1.85E+01
1778,-118.754,79.9954,1.50E+00,1.28E+01,7.85E+00,1.93E+01
1779,-106.253,73.329,1.83E+00,1.37E+01,8.77E+00,2.06E+01
1780,-106.251,79.9954,1.76E+00,1.43E+01,8.46E+00,2.14E+01
1781,-118.764,33.3319,1.80E+00,1.03E+01,9.49E+00,1.25E+01
1782,-112.514,33.3319,1.98E+00,1.07E+01,9.95E+00,1.30E+01
1783,-106.264,33.332,2.16E+00,1.11E+01,1.04E+01,1.35E+01
1784,-118.76,53.3305,1.71E+00,1.07E+01,8.87E+00,1.57E+01
1785,-112.51,53.3305,1.86E+00,1.12E+01,9.28E+00,1.65E+01
1786,-106.259,53.3305,2.02E+00,1.17E+01,9.69E+00,1.75E+01
1787,-112.508,59.9966,1.81E+00,1.17E+01,9.01E+00,1.76E+01
1788,-118.759,59.9967,1.66E+00,1.11E+01,8.62E+00,1.67E+01
1789,-106.257,59.9966,1.97E+00,1.23E+01,9.39E+00,1.86E+01
1790,-112.513,39.9981,1.95E+00,1.07E+01,9.76E+00,1.42E+01
1791,-112.511,46.6643,1.91E+00,1.09E+01,9.53E+00,1.54E+01
1792,-118.763,39.9981,1.78E+00,1.03E+01,9.31E+00,1.36E+01
1793,-118.762,46.6643,1.74E+00,1.05E+01,9.10E+00,1.47E+01
1794,-106.263,39.9982,2.12E+00,1.11E+01,1.02E+01,1.49E+01
1795,-106.261,46.6644,2.08E+00,1.13E+01,9.97E+00,1.62E+01
1796,-118.765,19.9993,1.83E+00,1.05E+01,9.80E+00,1.02E+01
1797,-112.516,19.9993,2.02E+00,1.10E+01,1.02E+01,1.05E+01
1798,-106.266,19.9993,2.20E+00,1.15E+01,1.07E+01,1.07E+01
1799,-112.515,26.6656,2.00E+00,1.08E+01,1.01E+01,1.17E+01
1800,-118.765,26.6656,1.82E+00,1.04E+01,9.66E+00,1.14E+01
1801,-106.265,26.6657,2.18E+00,1.13E+01,1.06E+01,1.21E+01
1802,-112.516,6.66668,2.02E+00,1.14E+01,1.05E+01,8.13E+00
1803,-112.516,13.333,2.02E+00,1.12E+01,1.04E+01,9.26E+00
1804,-118.766,6.66667,1.84E+00,1.08E+01,1.01E+01,8.10E+00
1805,-118.766,13.333,1.84E+00,1.07E+01,9.96E+00,9.14E+00
1806,-106.267,6.66669,2.21E+00,1.20E+01,1.09E+01,8.16E+00
1807,-106.267,13.333,2.21E+00,1.18E+01,1.08E+01,9.41E+00
1808,-118.754,-59.9942,1.55E+00,1.14E+01,1.49E+01,2.39E+00
1809,-112.504,-59.9939,1.69E+00,1.20E+01,1.57E+01,2.57E+00
1810,-106.252,-59.9935,1.83E+00,1.26E+01,1.65E+01,2.75E+00
1811,-118.762,-26.6642,1.75E+00,1.14E+01,1.17E+01,3.81E+00
1812,-112.512,-26.6641,1.92E+00,1.20E+01,1.22E+01,3.68E+00
1813,-106.262,-26.6639,2.09E+00,1.28E+01,1.26E+01,3.57E+00
1814,-118.764,-13.3319,1.80E+00,1.12E+01,1.09E+01,5.33E+00
1815,-112.514,-13.3319,1.98E+00,1.19E+01,1.13E+01,5.21E+00
1816,-106.265,-13.3318,2.16E+00,1.26E+01,1.17E+01,5.08E+00
1817,-112.515,-6.66575,2.00E+00,1.18E+01,1.10E+01,6.10E+00
1818,-118.765,-6.66578,1.82E+00,1.11E+01,1.06E+01,6.19E+00
1819,-106.266,-6.66574,2.19E+00,1.24E+01,1.13E+01,6.00E+00
1820,-112.513,-19.998,1.95E+00,1.20E+01,1.17E+01,4.40E+00
1821,-118.763,-19.9981,1.78E+00,1.13E+01,1.13E+01,4.53E+00
1822,-106.263,-19.9979,2.13E+00,1.27E+01,1.21E+01,4.27E+00
1823,-118.759,-39.9962,1.68E+00,1.14E+01,1.28E+01,2.67E+00
1824,-112.509,-39.996,1.84E+00,1.21E+01,1.34E+01,2.64E+00
1825,-106.258,-39.9957,2.00E+00,1.28E+01,1.39E+01,2.63E+00
1826,-112.51,-33.3301,1.88E+00,1.21E+01,1.27E+01,3.08E+00
1827,-118.761,-33.3303,1.72E+00,1.14E+01,1.22E+01,3.18E+00
1828,-106.26,-33.3299,2.05E+00,1.28E+01,1.32E+01,3.01E+00
1829,-112.505,-53.3279,1.74E+00,1.20E+01,1.48E+01,2.38E+00
1830,-112.507,-46.6619,1.80E+00,1.21E+01,1.41E+01,2.39E+00
1831,-118.756,-53.3282,1.60E+00,1.14E+01,1.42E+01,2.26E+00
1832,-118.758,-46.6623,1.64E+00,1.14E+01,1.35E+01,2.35E+00
1833,-106.254,-53.3275,1.89E+00,1.27E+01,1.56E+01,2.52E+00
1834,-106.256,-46.6617,1.95E+00,1.27E+01,1.47E+01,2.47E+00
1835,-118.755,-93.2456,1.25E+00,1.08E+01,1.83E+01,4.41E+00
1836,-112.496,-93.2251,1.36E+00,1.12E+01,1.91E+01,4.46E+00
1837,-106.236,-93.2454,1.46E+00,1.16E+01,1.98E+01,4.46E+00
1838,-118.751,-73.3264,1.44E+00,1.12E+01,1.65E+01,3.10E+00
1839,-112.5,-73.326,1.57E+00,1.18E+01,1.73E+01,3.29E+00
1840,-106.249,-73.3256,1.69E+00,1.22E+01,1.83E+01,3.45E+00
1841,-112.502,-66.6598,1.63E+00,1.19E+01,1.65E+01,2.89E+00
1842,-118.753,-66.6602,1.50E+00,1.13E+01,1.57E+01,2.70E+00
1843,-106.251,-66.6595,1.76E+00,1.24E+01,1.74E+01,3.08E+00
1844,-112.497,-86.6285,1.43E+00,1.14E+01,1.86E+01,4.10E+00
1845,-112.498,-79.9923,1.50E+00,1.16E+01,1.80E+01,3.70E+00
1846,-118.751,-86.6389,1.32E+00,1.10E+01,1.78E+01,4.00E+00
1847,-118.75,-79.9927,1.38E+00,1.11E+01,1.72E+01,3.55E+00
1848,-106.243,-86.6385,1.54E+00,1.18E+01,1.95E+01,4.16E+00
1849,-106.247,-79.992,1.62E+00,1.20E+01,1.90E+01,3.82E+00
1850,-118.736,-106.162,1.11E+00,1.05E+01,1.87E+01,5.10E+00
1851,-112.494,-106.143,1.20E+00,1.08E+01,1.92E+01,5.02E+00
1852,-106.252,-106.163,1.29E+00,1.11E+01,1.95E+01,4.89E+00
1853,-112.494,-99.7212,1.28E+00,1.10E+01,1.92E+01,4.77E+00
1854,-118.746,-99.7447,1.18E+00,1.07E+01,1.86E+01,4.79E+00
1855,-106.244,-99.7448,1.38E+00,1.13E+01,1.98E+01,4.70E+00
1856,-112.493,-118.744,1.04E+00,1.03E+01,1.85E+01,5.35E+00
1857,-112.493,-112.463,1.12E+00,1.06E+01,1.89E+01,5.21E+00
1858,-118.743,-118.743,9.63E-01,1.01E+01,1.83E+01,5.54E+00
1859,-118.741,-112.473,1.04E+00,1.03E+01,1.86E+01,5.35E+00
1860,-106.242,-118.745,1.11E+00,1.05E+01,1.86E+01,5.09E+00
1861,-106.246,-112.474,1.20E+00,1.08E+01,1.91E+01,5.02E+00
1862,124.996,-131.247,8.63E-01,1.37E+01,6.11E+00,1.96E+01
1863,124.996,-137.498,7.85E-01,1.33E+01,5.93E+00,1.93E+01
1864,124.996,-143.749,7.03E-01,1.28E+01,5.70E+00,1.91E+01
1865,124.996,-150,6.17E-01,1.22E+01,5.42E+00,1.90E+01
1866,118.745,-150.001,6.57E-01,1.20E+01,5.40E+00,1.89E+01
1867,112.495,-150.002,6.93E-01,1.17E+01,5.40E+00,1.87E+01
1868,106.245,-150.003,7.25E-01,1.15E+01,5.41E+00,1.84E+01
1869,99.9954,-150.004,7.54E-01,1.12E+01,5.47E+00,1.80E+01
1870,93.3289,-150.005,7.82E-01,1.08E+01,5.56E+00,1.75E+01
1871,86.6625,-150.006,8.08E-01,1.04E+01,5.66E+00,1.70E+01
1872,79.9962,-150.007,8.32E-01,9.92E+00,5.80E+00,1.64E+01
1873,73.3299,-150.008,8.54E-01,9.49E+00,5.97E+00,1.58E+01
1874,66.6636,-150.009,8.74E-01,9.13E+00,6.13E+00,1.52E+01
1875,59.9973,-150.01,8.92E-01,8.77E+00,6.32E+00,1.46E+01
1876,53.331,-150.01,9.07E-01,8.47E+00,6.52E+00,1.39E+01
1877,46.6647,-150.011,9.21E-01,8.24E+00,6.71E+00,1.32E+01
1878,39.9984,-150.011,9.32E-01,8.02E+00,6.92E+00,1.25E+01
1879,33.332,-150.012,9.41E-01,7.86E+00,7.14E+00,1.18E+01
1880,26.6657,-150.012,9.48E-01,7.77E+00,7.33E+00,1.10E+01
1881,19.9993,-150.012,9.52E-01,7.65E+00,7.57E+00,1.03E+01
1882,13.333,-150.013,9.53E-01,7.58E+00,7.80E+00,9.50E+00
1883,6.66663,-150.013,9.52E-01,7.55E+00,8.04E+00,8.73E+00
1884,0.000296647,-150.012,9.49E-01,7.48E+00,8.33E+00,8.02E+00
1885,-6.66603,-150.012,9.43E-01,7.44E+00,8.62E+00,7.30E+00
1886,-13.3323,-150.012,9.35E-01,7.44E+00,8.93E+00,6.55E+00
1887,-19.9986,-150.011,9.25E-01,7.39E+00,9.30E+00,5.86E+00
1888,-26.665,-150.011,9.13E-01,7.36E+00,9.71E+00,5.20E+00
1889,-33.3312,-150.01,8.99E-01,7.37E+00,1.01E+01,4.54E+00
1890,-39.9975,-150.01,8.83E-01,7.39E+00,1.05E+01,3.86E+00
1891,-46.6637,-150.009,8.66E-01,7.41E+00,1.10E+01,3.21E+00
1892,-53.3299,-150.008,8.46E-01,7.42E+00,1.15E+01,2.68E+00
1893,-59.9962,-150.007,8.25E-01,7.46E+00,1.20E+01,2.24E+00
1894,-66.6625,-150.006,8.02E-01,7.51E+00,1.25E+01,1.97E+00
1895,-73.3287,-150.005,7.76E-01,7.54E+00,1.31E+01,1.95E+00
1896,-79.995,-150.004,7.49E-01,7.61E+00,1.37E+01,2.19E+00
1897,-86.6614,-150.003,7.20E-01,7.66E+00,1.42E+01,2.63E+00
1898,-93.3277,-150.002,6.88E-01,7.70E+00,1.48E+01,3.12E+00
1899,-99.9941,-150.001,6.53E-01,7.76E+00,1.52E+01,3.67E+00
1900,-106.244,-150,6.19E-01,7.79E+00,1.56E+01,4.26E+00
1901,-112.494,-149.999,5.82E-01,7.80E+00,1.59E+01,4.78E+00
1902,-118.744,-149.998,5.43E-01,7.81E+00,1.61E+01,5.25E+00
1903,-124.994,-149.997,5.01E-01,7.79E+00,1.62E+01,5.70E+00
1904,-124.994,-143.746,5.82E-01,8.45E+00,1.66E+01,5.94E+00
1905,-124.993,-137.495,6.62E-01,8.92E+00,1.70E+01,6.02E+00
1906,-124.993,-131.245,7.39E-01,9.28E+00,1.74E+01,6.00E+00
1907,0.000307291,-143.763,1.12E+00,8.42E+00,8.78E+00,7.61E+00
1908,0.000318586,-137.514,1.30E+00,9.17E+00,9.19E+00,7.38E+00
1909,0.000326568,-131.264,1.47E+00,9.84E+00,9.58E+00,7.24E+00
1910,66.6633,-143.759,1.02E+00,9.73E+00,6.67E+00,1.54E+01
1911,66.6631,-137.508,1.17E+00,1.02E+01,7.15E+00,1.57E+01
1912,66.663,-131.258,1.32E+00,1.07E+01,7.59E+00,1.63E+01
1913,99.7887,-143.753,8.74E-01,1.18E+01,5.96E+00,1.83E+01
1914,99.7886,-137.502,9.91E-01,1.23E+01,6.36E+00,1.88E+01
1915,99.7885,-131.251,1.10E+00,1.29E+01,6.69E+00,1.94E+01
1916,106.16,-137.501,9.45E-01,1.26E+01,6.25E+00,1.92E+01
1917,112.495,-137.5,8.97E-01,1.29E+01,6.15E+00,1.94E+01
1918,118.745,-137.499,8.44E-01,1.31E+01,6.05E+00,1.95E+01
1919,112.495,-143.751,7.96E-01,1.23E+01,5.82E+00,1.90E+01
1920,106.174,-143.745,8.37E-01,1.21E+01,5.88E+00,1.88E+01
1921,118.745,-143.75,7.52E-01,1.26E+01,5.76E+00,1.91E+01
1922,112.495,-131.249,9.93E-01,1.34E+01,6.41E+00,1.99E+01
1923,106.174,-131.257,1.05E+00,1.32E+01,6.55E+00,1.98E+01
1924,118.746,-131.248,9.31E-01,1.36E+01,6.27E+00,1.98E+01
1925,86.6622,-143.755,9.41E-01,1.10E+01,6.18E+00,1.73E+01
1926,86.662,-137.505,1.07E+00,1.15E+01,6.62E+00,1.78E+01
1927,86.6618,-131.254,1.20E+00,1.21E+01,7.02E+00,1.84E+01
1928,93.2434,-137.503,1.03E+00,1.19E+01,6.48E+00,1.84E+01
1929,93.2578,-143.761,9.09E-01,1.14E+01,6.07E+00,1.79E+01
1930,93.2574,-131.246,1.15E+00,1.25E+01,6.85E+00,1.90E+01
1931,73.3294,-137.507,1.14E+00,1.06E+01,6.97E+00,1.65E+01
1932,79.9957,-137.506,1.11E+00,1.11E+01,6.79E+00,1.71E+01
1933,73.3296,-143.758,9.99E-01,1.01E+01,6.50E+00,1.60E+01
1934,79.9959,-143.757,9.71E-01,1.06E+01,6.33E+00,1.67E+01
1935,73.3292,-131.257,1.29E+00,1.11E+01,7.39E+00,1.70E+01
1936,79.9955,-131.255,1.25E+00,1.16E+01,7.20E+00,1.77E+01
1937,33.3319,-143.763,1.11E+00,8.61E+00,7.66E+00,1.16E+01
1938,33.3318,-137.513,1.28E+00,9.16E+00,8.13E+00,1.17E+01
1939,33.3318,-131.263,1.45E+00,9.62E+00,8.59E+00,1.19E+01
1940,53.3308,-143.761,1.07E+00,9.12E+00,7.06E+00,1.40E+01
1941,53.3307,-137.511,1.23E+00,9.60E+00,7.55E+00,1.42E+01
1942,53.3305,-131.261,1.39E+00,1.00E+01,8.00E+00,1.46E+01
1943,59.9969,-137.51,1.20E+00,9.88E+00,7.34E+00,1.50E+01
1944,59.9971,-143.76,1.05E+00,9.41E+00,6.86E+00,1.47E+01
1945,59.9968,-131.259,1.36E+00,1.03E+01,7.80E+00,1.55E+01
1946,39.9981,-137.512,1.27E+00,9.24E+00,7.94E+00,1.26E+01
1947,46.6644,-137.512,1.25E+00,9.38E+00,7.74E+00,1.34E+01
1948,39.9982,-143.762,1.10E+00,8.73E+00,7.45E+00,1.24E+01
1949,46.6645,-143.761,1.08E+00,8.89E+00,7.25E+00,1.32E+01
1950,39.9981,-131.263,1.44E+00,9.67E+00,8.40E+00,1.28E+01
1951,46.6643,-131.262,1.41E+00,9.80E+00,8.21E+00,1.37E+01
1952,19.9993,-143.763,1.12E+00,8.48E+00,8.06E+00,1.00E+01
1953,19.9992,-137.514,1.30E+00,9.11E+00,8.52E+00,9.93E+00
1954,19.9992,-131.264,1.48E+00,9.66E+00,8.95E+00,9.96E+00
1955,26.6655,-137.514,1.29E+00,9.12E+00,8.32E+00,1.08E+01
1956,26.6656,-143.763,1.12E+00,8.53E+00,7.85E+00,1.08E+01
1957,26.6655,-131.264,1.47E+00,9.62E+00,8.77E+00,1.09E+01
1958,6.66661,-137.514,1.30E+00,9.14E+00,8.95E+00,8.21E+00
1959,13.3329,-137.514,1.30E+00,9.13E+00,8.72E+00,9.06E+00
1960,6.66662,-143.763,1.12E+00,8.43E+00,8.52E+00,8.39E+00
1961,13.3329,-143.763,1.13E+00,8.45E+00,8.28E+00,9.19E+00
1962,6.6666,-131.265,1.48E+00,9.78E+00,9.34E+00,8.12E+00
1963,13.3329,-131.265,1.48E+00,9.72E+00,9.14E+00,9.03E+00
1964,-59.9958,-143.757,9.69E-01,8.50E+00,1.25E+01,2.03E+00
1965,-59.9954,-137.507,1.11E+00,9.34E+00,1.31E+01,2.01E+00
1966,-59.995,-131.256,1.26E+00,1.01E+01,1.36E+01,2.10E+00
1967,-26.6648,-143.761,1.08E+00,8.42E+00,1.02E+01,4.69E+00
1968,-26.6647,-137.512,1.24E+00,9.25E+00,1.06E+01,4.35E+00
1969,-26.6645,-131.262,1.41E+00,1.00E+01,1.09E+01,4.11E+00
1970,-13.3322,-143.762,1.10E+00,8.41E+00,9.39E+00,6.11E+00
1971,-13.3322,-137.513,1.28E+00,9.21E+00,9.80E+00,5.81E+00
1972,-13.3321,-131.264,1.45E+00,9.93E+00,1.02E+01,5.60E+00
1973,-6.66592,-137.514,1.29E+00,9.19E+00,9.48E+00,6.58E+00
1974,-6.66597,-143.763,1.11E+00,8.42E+00,9.07E+00,6.85E+00
1975,-6.6659,-131.264,1.46E+00,9.89E+00,9.86E+00,6.40E+00
1976,-19.9984,-137.512,1.26E+00,9.23E+00,1.02E+01,5.06E+00
1977,-19.9985,-143.762,1.09E+00,8.41E+00,9.76E+00,5.38E+00
1978,-19.9983,-131.263,1.43E+00,9.97E+00,1.05E+01,4.83E+00
1979,-39.9972,-143.76,1.04E+00,8.45E+00,1.10E+01,3.38E+00
1980,-39.997,-137.51,1.20E+00,9.30E+00,1.14E+01,3.08E+00
1981,-39.9967,-131.26,1.36E+00,1.01E+01,1.19E+01,2.87E+00
1982,-33.3309,-137.511,1.22E+00,9.28E+00,1.10E+01,3.69E+00
1983,-33.3311,-143.761,1.06E+00,8.44E+00,1.06E+01,4.03E+00
1984,-33.3307,-131.261,1.39E+00,1.00E+01,1.14E+01,3.45E+00
1985,-53.3294,-137.508,1.15E+00,9.33E+00,1.25E+01,2.17E+00
1986,-46.6631,-137.509,1.17E+00,9.32E+00,1.19E+01,2.55E+00
1987,-53.3296,-143.758,9.95E-01,8.47E+00,1.20E+01,2.32E+00
1988,-46.6635,-143.759,1.02E+00,8.46E+00,1.15E+01,2.79E+00
1989,-53.3289,-131.257,1.30E+00,1.01E+01,1.30E+01,2.13E+00
1990,-46.6629,-131.259,1.33E+00,1.01E+01,1.24E+01,2.41E+00
1991,-93.2472,-143.759,8.04E-01,8.62E+00,1.54E+01,3.58E+00
1992,-93.2264,-137.5,9.19E-01,9.33E+00,1.60E+01,3.91E+00
1993,-93.2462,-131.241,1.03E+00,9.93E+00,1.67E+01,4.15E+00
1994,-73.3282,-143.755,9.10E-01,8.55E+00,1.37E+01,2.16E+00
1995,-73.3277,-137.504,1.04E+00,9.36E+00,1.43E+01,2.42E+00
1996,-73.3273,-131.253,1.18E+00,1.01E+01,1.49E+01,2.67E+00
1997,-66.6615,-137.505,1.08E+00,9.36E+00,1.37E+01,2.11E+00
1998,-66.662,-143.756,9.41E-01,8.53E+00,1.31E+01,1.97E+00
1999,-66.6611,-131.255,1.22E+00,1.01E+01,1.42E+01,2.30E+00
2000,-86.6301,-137.501,9.63E-01,9.36E+00,1.55E+01,3.38E+00
2001,-79.994,-137.503,1.01E+00,9.36E+00,1.49E+01,2.87E+00
2002,-86.6407,-143.755,8.42E-01,8.61E+00,1.49E+01,3.04E+00
2003,-79.9945,-143.754,8.77E-01,8.59E+00,1.43E+01,2.54E+00
2004,-86.6397,-131.247,1.08E+00,9.99E+00,1.62E+01,3.65E+00
2005,-79.9935,-131.252,1.13E+00,1.00E+01,1.56E+01,3.14E+00
2006,-106.163,-143.74,7.22E-01,8.62E+00,1.62E+01,4.65E+00
2007,-106.143,-137.498,8.23E-01,9.25E+00,1.68E+01,4.90E+00
2008,-106.163,-131.256,9.22E-01,9.75E+00,1.74E+01,5.04E+00
2009,-99.7221,-137.499,8.72E-01,9.30E+00,1.65E+01,4.42E+00
2010,-99.7461,-143.75,7.64E-01,8.64E+00,1.59E+01,4.11E+00
2011,-99.7452,-131.248,9.78E-01,9.85E+00,1.71E+01,4.62E+00
2012,-118.743,-137.496,7.18E-01,9.06E+00,1.71E+01,5.72E+00
2013,-112.463,-137.497,7.72E-01,9.17E+00,1.70E+01,5.34E+00
2014,-118.743,-143.747,6.31E-01,8.53E+00,1.66E+01,5.57E+00
2015,-112.473,-143.745,6.78E-01,8.58E+00,1.65E+01,5.14E+00
2016,-118.743,-131.245,8.03E-01,9.48E+00,1.75E+01,5.74E+00
2017,-112.473,-131.249,8.64E-01,9.63E+00,1.75E+01,5.42E+00
2018,124.993,131.244,7.60E-01,8.17E+00,1.71E+01,4.48E+00
2019,124.993,137.495,6.88E-01,7.40E+00,1.66E+01,4.21E+00
2020,124.994,143.746,6.16E-01,6.38E+00,1.60E+01,3.65E+00
2021,124.994,149.996,5.47E-01,1.07E+01,1.02E+01,1.12E+01
2022,118.744,149.997,5.88E-01,1.09E+01,1.03E+01,1.11E+01
2023,112.494,149.998,6.27E-01,1.10E+01,1.03E+01,1.08E+01
2024,106.244,149.999,6.63E-01,1.12E+01,1.03E+01,1.05E+01
2025,99.9942,150,6.98E-01,1.13E+01,1.02E+01,1.01E+01
2026,93.3277,150.001,7.31E-01,1.10E+01,1.01E+01,9.68E+00
2027,86.6612,150.003,7.62E-01,1.07E+01,9.97E+00,9.28E+00
2028,79.9949,150.004,7.91E-01,1.05E+01,9.77E+00,8.95E+00
2029,73.3285,150.005,8.16E-01,1.02E+01,9.58E+00,8.65E+00
2030,66.6622,150.006,8.40E-01,9.91E+00,9.37E+00,8.45E+00
2031,59.9959,150.007,8.60E-01,9.65E+00,9.17E+00,8.34E+00
2032,53.3296,150.008,8.79E-01,9.40E+00,8.99E+00,8.31E+00
2033,46.6634,150.009,8.96E-01,9.16E+00,8.83E+00,8.32E+00
2034,39.9971,150.009,9.10E-01,8.92E+00,8.68E+00,8.37E+00
2035,33.3308,150.01,9.23E-01,8.69E+00,8.54E+00,8.43E+00
2036,26.6645,150.011,9.33E-01,8.49E+00,8.42E+00,8.50E+00
2037,19.9982,150.011,9.41E-01,8.29E+00,8.32E+00,8.58E+00
2038,13.3319,150.012,9.48E-01,8.12E+00,8.23E+00,8.67E+00
2039,6.66559,150.012,9.51E-01,7.97E+00,8.16E+00,8.75E+00
2040,-0.000743974,150.012,9.53E-01,7.85E+00,8.10E+00,8.83E+00
2041,-6.66709,150.012,9.52E-01,7.74E+00,8.06E+00,8.92E+00
2042,-13.3334,150.012,9.49E-01,7.66E+00,8.04E+00,9.00E+00
2043,-19.9998,150.012,9.43E-01,7.60E+00,8.03E+00,9.07E+00
2044,-26.6662,150.012,9.35E-01,7.55E+00,8.03E+00,9.15E+00
2045,-33.3324,150.012,9.24E-01,7.53E+00,8.05E+00,9.22E+00
2046,-39.9988,150.011,9.11E-01,7.54E+00,8.07E+00,9.29E+00
2047,-46.6651,150.011,8.95E-01,7.56E+00,8.11E+00,9.35E+00
2048,-53.3314,150.01,8.77E-01,7.62E+00,8.16E+00,9.41E+00
2049,-59.9977,150.01,8.57E-01,7.72E+00,8.24E+00,9.46E+00
2050,-66.664,150.009,8.35E-01,7.85E+00,8.33E+00,9.50E+00
2051,-73.3302,150.008,8.11E-01,8.03E+00,8.44E+00,9.54E+00
2052,-79.9965,150.007,7.85E-01,8.24E+00,8.58E+00,9.56E+00
2053,-86.6629,150.006,7.57E-01,8.46E+00,8.76E+00,9.56E+00
2054,-93.3292,150.005,7.27E-01,8.68E+00,8.91E+00,9.57E+00
2055,-99.9957,150.004,6.95E-01,8.89E+00,9.02E+00,9.62E+00
2056,-106.245,150.003,6.63E-01,9.09E+00,9.08E+00,9.72E+00
2057,-112.495,150.002,6.29E-01,9.27E+00,9.14E+00,9.85E+00
2058,-118.745,150.002,5.93E-01,9.39E+00,9.21E+00,1.00E+01
2059,-124.995,150.001,5.55E-01,9.43E+00,9.21E+00,1.02E+01
2060,-124.995,143.75,6.58E-01,1.38E+01,5.32E+00,1.83E+01
2061,-124.995,137.498,7.53E-01,1.36E+01,5.58E+00,1.90E+01
2062,-124.996,131.247,8.41E-01,1.36E+01,5.80E+00,1.96E+01
2063,-0.000724757,143.763,1.12E+00,8.71E+00,8.66E+00,7.47E+00
2064,-0.000751034,137.514,1.30E+00,9.44E+00,9.16E+00,7.26E+00
2065,-0.00078219,131.264,1.48E+00,1.01E+01,9.57E+00,7.15E+00
2066,66.6618,143.755,9.71E-01,8.25E+00,1.27E+01,2.11E+00
2067,66.6613,137.505,1.11E+00,9.21E+00,1.34E+01,2.10E+00
2068,66.6609,131.254,1.24E+00,1.00E+01,1.41E+01,2.23E+00
2069,99.7872,143.75,7.97E-01,7.83E+00,1.56E+01,2.96E+00
2070,99.7866,137.499,8.98E-01,8.73E+00,1.63E+01,3.50E+00
2071,99.7862,131.247,9.99E-01,9.42E+00,1.70E+01,3.88E+00
2072,106.158,137.497,8.49E-01,8.55E+00,1.65E+01,3.74E+00
2073,112.493,137.496,7.97E-01,8.25E+00,1.66E+01,3.98E+00
2074,118.743,137.496,7.43E-01,7.85E+00,1.67E+01,4.17E+00
2075,112.493,143.747,7.10E-01,7.17E+00,1.59E+01,3.54E+00
2076,106.173,143.741,7.55E-01,7.55E+00,1.58E+01,3.24E+00
2077,118.743,143.746,6.64E-01,6.78E+00,1.60E+01,3.69E+00
2078,112.493,131.245,8.84E-01,8.99E+00,1.73E+01,4.28E+00
2079,106.172,131.253,9.43E-01,9.23E+00,1.72E+01,4.11E+00
2080,118.743,131.245,8.23E-01,8.63E+00,1.73E+01,4.43E+00
2081,86.6607,143.752,8.75E-01,8.03E+00,1.45E+01,2.49E+00
2082,86.6602,137.501,9.89E-01,8.97E+00,1.54E+01,2.90E+00
2083,86.6597,131.25,1.11E+00,9.73E+00,1.62E+01,3.24E+00
2084,93.2416,137.5,9.45E-01,8.85E+00,1.59E+01,3.24E+00
2085,93.2562,143.757,8.37E-01,7.95E+00,1.51E+01,2.74E+00
2086,93.2552,131.242,1.05E+00,9.58E+00,1.67E+01,3.59E+00
2087,73.3276,137.504,1.07E+00,9.16E+00,1.40E+01,2.27E+00
2088,79.9938,137.502,1.03E+00,9.08E+00,1.47E+01,2.55E+00
2089,73.328,143.754,9.42E-01,8.20E+00,1.33E+01,2.10E+00
2090,79.9943,143.753,9.10E-01,8.13E+00,1.39E+01,2.25E+00
2091,73.3271,131.253,1.20E+00,9.94E+00,1.48E+01,2.50E+00
2092,79.9934,131.251,1.15E+00,9.85E+00,1.55E+01,2.86E+00
2093,33.3306,143.76,1.08E+00,8.42E+00,1.03E+01,4.19E+00
2094,33.3304,137.511,1.24E+00,9.34E+00,1.08E+01,3.79E+00
2095,33.3302,131.261,1.40E+00,1.01E+01,1.13E+01,3.52E+00
2096,53.3293,143.758,1.02E+00,8.33E+00,1.17E+01,2.63E+00
2097,53.3289,137.507,1.17E+00,9.28E+00,1.23E+01,2.33E+00
2098,53.3286,131.257,1.31E+00,1.01E+01,1.29E+01,2.22E+00
2099,59.9951,137.506,1.14E+00,9.25E+00,1.28E+01,2.12E+00
2100,59.9955,143.757,9.98E-01,8.29E+00,1.22E+01,2.29E+00
2101,59.9947,131.256,1.28E+00,1.01E+01,1.35E+01,2.12E+00
2102,39.9966,137.51,1.22E+00,9.32E+00,1.13E+01,3.21E+00
2103,46.6628,137.509,1.19E+00,9.31E+00,1.18E+01,2.72E+00
2104,39.9969,143.76,1.06E+00,8.39E+00,1.08E+01,3.61E+00
2105,46.6631,143.759,1.04E+00,8.36E+00,1.12E+01,3.08E+00
2106,39.9963,131.26,1.38E+00,1.01E+01,1.18E+01,2.96E+00
2107,46.6625,131.258,1.35E+00,1.01E+01,1.23E+01,2.51E+00
2108,19.9981,143.762,1.11E+00,8.51E+00,9.59E+00,5.45E+00
2109,19.998,137.512,1.27E+00,9.37E+00,1.01E+01,5.09E+00
2110,19.9979,131.263,1.44E+00,1.01E+01,1.05E+01,4.84E+00
2111,26.6642,137.512,1.26E+00,9.36E+00,1.04E+01,4.42E+00
2112,26.6644,143.761,1.09E+00,8.47E+00,9.95E+00,4.81E+00
2113,26.6641,131.262,1.42E+00,1.01E+01,1.09E+01,4.16E+00
2114,6.66552,137.513,1.29E+00,9.42E+00,9.43E+00,6.51E+00
2115,13.3318,137.513,1.28E+00,9.39E+00,9.73E+00,5.78E+00
2116,6.66558,143.763,1.12E+00,8.64E+00,8.94E+00,6.78E+00
2117,13.3319,143.762,1.11E+00,8.57E+00,9.25E+00,6.10E+00
2118,6.66547,131.264,1.47E+00,1.01E+01,9.84E+00,6.35E+00
2119,13.3317,131.263,1.46E+00,1.01E+01,1.01E+01,5.58E+00
2120,-59.9974,143.76,1.02E+00,1.03E+01,6.84E+00,1.40E+01
2121,-59.9973,137.51,1.18E+00,1.06E+01,7.34E+00,1.45E+01
2122,-59.9972,131.26,1.34E+00,1.09E+01,7.78E+00,1.51E+01
2123,-26.666,143.763,1.11E+00,9.09E+00,7.78E+00,1.04E+01
2124,-26.666,137.514,1.28E+00,9.57E+00,8.32E+00,1.05E+01
2125,-26.666,131.264,1.46E+00,1.00E+01,8.78E+00,1.07E+01
2126,-13.3333,143.763,1.12E+00,8.87E+00,8.18E+00,8.90E+00
2127,-13.3333,137.514,1.30E+00,9.49E+00,8.70E+00,8.84E+00
2128,-13.3333,131.265,1.48E+00,1.00E+01,9.14E+00,8.87E+00
2129,-6.66702,137.514,1.30E+00,9.46E+00,8.91E+00,8.04E+00
2130,-6.66702,143.763,1.13E+00,8.79E+00,8.41E+00,8.18E+00
2131,-6.66704,131.265,1.48E+00,1.01E+01,9.34E+00,8.00E+00
2132,-19.9997,137.514,1.29E+00,9.52E+00,8.50E+00,9.66E+00
2133,-19.9997,143.763,1.12E+00,8.97E+00,7.97E+00,9.64E+00
2134,-19.9996,131.264,1.47E+00,1.00E+01,8.95E+00,9.77E+00
2135,-39.9986,143.762,1.08E+00,9.40E+00,7.40E+00,1.19E+01
2136,-39.9986,137.512,1.25E+00,9.78E+00,7.94E+00,1.21E+01
2137,-39.9985,131.263,1.42E+00,1.01E+01,8.41E+00,1.25E+01
2138,-33.3323,137.513,1.27E+00,9.65E+00,8.13E+00,1.13E+01
2139,-33.3324,143.763,1.10E+00,9.23E+00,7.59E+00,1.11E+01
2140,-33.3323,131.263,1.44E+00,1.00E+01,8.60E+00,1.16E+01
2141,-53.3311,137.511,1.21E+00,1.02E+01,7.55E+00,1.37E+01
2142,-46.6648,137.512,1.23E+00,9.97E+00,7.75E+00,1.30E+01
2143,-53.3312,143.761,1.04E+00,9.91E+00,7.03E+00,1.33E+01
2144,-46.6649,143.761,1.06E+00,9.63E+00,7.22E+00,1.26E+01
2145,-53.3309,131.261,1.37E+00,1.06E+01,8.00E+00,1.43E+01
2146,-46.6648,131.262,1.40E+00,1.03E+01,8.21E+00,1.34E+01
2147,-93.249,143.763,8.64E-01,1.28E+01,6.00E+00,1.71E+01
2148,-93.2284,137.504,9.96E-01,1.31E+01,6.42E+00,1.78E+01
2149,-93.2486,131.245,1.13E+00,1.34E+01,6.77E+00,1.86E+01
2150,-73.3299,143.758,9.63E-01,1.12E+01,6.46E+00,1.53E+01
2151,-73.3297,137.507,1.11E+00,1.15E+01,6.93E+00,1.60E+01
2152,-73.3296,131.257,1.26E+00,1.19E+01,7.35E+00,1.67E+01
2153,-66.6635,137.509,1.15E+00,1.10E+01,7.13E+00,1.52E+01
2154,-66.6636,143.759,9.92E-01,1.07E+01,6.65E+00,1.46E+01
2155,-66.6633,131.258,1.30E+00,1.14E+01,7.56E+00,1.59E+01
2156,-86.6322,137.505,1.04E+00,1.26E+01,6.57E+00,1.73E+01
2157,-79.996,137.506,1.08E+00,1.21E+01,6.74E+00,1.66E+01
2158,-86.6425,143.759,8.99E-01,1.23E+01,6.14E+00,1.66E+01
2159,-79.9963,143.757,9.32E-01,1.17E+01,6.28E+00,1.60E+01
2160,-86.6421,131.251,1.17E+00,1.29E+01,6.94E+00,1.80E+01
2161,-79.9958,131.256,1.22E+00,1.24E+01,7.14E+00,1.74E+01
2162,-106.165,143.744,7.88E-01,1.36E+01,5.66E+00,1.78E+01
2163,-106.145,137.501,9.06E-01,1.37E+01,6.09E+00,1.86E+01
2164,-106.165,131.259,1.02E+00,1.39E+01,6.42E+00,1.93E+01
2165,-99.7241,137.503,9.53E-01,1.34E+01,6.26E+00,1.82E+01
2166,-99.7478,143.754,8.27E-01,1.32E+01,5.84E+00,1.75E+01
2167,-99.7475,131.251,1.07E+00,1.37E+01,6.60E+00,1.90E+01
2168,-118.745,137.499,8.07E-01,1.38E+01,5.73E+00,1.89E+01
2169,-112.465,137.5,8.58E-01,1.39E+01,5.91E+00,1.88E+01
2170,-118.745,143.75,7.04E-01,1.39E+01,5.39E+00,1.82E+01
2171,-112.475,143.748,7.47E-01,1.38E+01,5.50E+00,1.81E+01
2172,-118.745,131.248,9.04E-01,1.39E+01,6.03E+00,1.96E+01
2173,-112.475,131.252,9.63E-01,1.40E+01,6.23E+00,1.95E+01
2174,-131.245,150,5.15E-01,9.33E+00,9.16E+00,1.04E+01
2175,-137.496,149.999,4.72E-01,9.04E+00,8.99E+00,1.07E+01
2176,-143.746,149.999,4.29E-01,8.31E+00,8.60E+00,1.17E+01
2177,-149.996,149.998,3.87E-01,8.63E+00,7.15E+00,1.66E+01
2178,-149.997,143.747,4.50E-01,1.06E+01,5.73E+00,2.01E+01
2179,-149.998,137.496,5.06E-01,1.13E+01,5.29E+00,1.98E+01
2180,-149.999,131.246,5.56E-01,1.16E+01,5.14E+00,1.96E+01
2181,-150,124.996,6.01E-01,1.18E+01,5.08E+00,1.94E+01
2182,-150.001,118.745,6.41E-01,1.18E+01,5.06E+00,1.92E+01
2183,-150.002,112.495,6.78E-01,1.17E+01,5.08E+00,1.89E+01
2184,-150.003,106.245,7.12E-01,1.15E+01,5.15E+00,1.86E+01
2185,-150.004,99.9955,7.43E-01,1.12E+01,5.28E+00,1.82E+01
2186,-150.005,93.329,7.73E-01,1.07E+01,5.45E+00,1.75E+01
2187,-150.006,86.6626,8.01E-01,1.02E+01,5.62E+00,1.70E+01
2188,-150.007,79.9963,8.26E-01,9.81E+00,5.78E+00,1.64E+01
2189,-150.008,73.3299,8.49E-01,9.39E+00,5.94E+00,1.58E+01
2190,-150.009,66.6636,8.70E-01,8.99E+00,6.12E+00,1.52E+01
2191,-150.01,59.9973,8.88E-01,8.64E+00,6.31E+00,1.46E+01
2192,-150.01,53.331,9.05E-01,8.34E+00,6.51E+00,1.39E+01
2193,-150.011,46.6647,9.19E-01,8.10E+00,6.71E+00,1.32E+01
2194,-150.012,39.9984,9.30E-01,7.91E+00,6.92E+00,1.25E+01
2195,-150.012,33.332,9.39E-01,7.77E+00,7.13E+00,1.18E+01
2196,-150.012,26.6657,9.46E-01,7.66E+00,7.34E+00,1.10E+01
2197,-150.012,19.9993,9.50E-01,7.58E+00,7.57E+00,1.03E+01
2198,-150.013,13.333,9.52E-01,7.51E+00,7.80E+00,9.51E+00
2199,-150.013,6.66664,9.51E-01,7.46E+00,8.06E+00,8.77E+00
2200,-150.012,0.000301202,9.47E-01,7.43E+00,8.33E+00,8.04E+00
2201,-150.012,-6.66602,9.41E-01,7.40E+00,8.63E+00,7.32E+00
2202,-150.012,-13.3323,9.33E-01,7.38E+00,8.96E+00,6.60E+00
2203,-150.011,-19.9986,9.23E-01,7.37E+00,9.32E+00,5.90E+00
2204,-150.011,-26.6649,9.12E-01,7.36E+00,9.70E+00,5.22E+00
2205,-150.01,-33.3312,8.98E-01,7.36E+00,1.01E+01,4.54E+00
2206,-150.01,-39.9974,8.82E-01,7.38E+00,1.06E+01,3.88E+00
2207,-150.009,-46.6637,8.64E-01,7.40E+00,1.10E+01,3.27E+00
2208,-150.008,-53.3299,8.45E-01,7.42E+00,1.15E+01,2.72E+00
2209,-150.007,-59.9962,8.24E-01,7.46E+00,1.20E+01,2.26E+00
2210,-150.006,-66.6625,8.00E-01,7.50E+00,1.26E+01,1.99E+00
2211,-150.005,-73.3287,7.75E-01,7.55E+00,1.31E+01,1.96E+00
2212,-150.004,-79.995,7.48E-01,7.60E+00,1.37E+01,2.17E+00
2213,-150.003,-86.6614,7.18E-01,7.65E+00,1.43E+01,2.58E+00
2214,-150.002,-93.3277,6.86E-01,7.69E+00,1.49E+01,3.08E+00
2215,-150.001,-99.9942,6.52E-01,7.73E+00,1.54E+01,3.63E+00
2216,-150,-106.244,6.18E-01,7.76E+00,1.58E+01,4.20E+00
2217,-149.999,-112.494,5.81E-01,7.79E+00,1.61E+01,4.72E+00
2218,-149.998,-118.744,5.42E-01,7.80E+00,1.63E+01,5.16E+00
2219,-149.997,-124.994,5.00E-01,7.80E+00,1.65E+01,5.52E+00
2220,-149.997,-131.244,4.56E-01,7.76E+00,1.64E+01,5.82E+00
2221,-149.996,-137.495,4.10E-01,7.66E+00,1.62E+01,6.07E+00
2222,-149.996,-143.745,3.61E-01,7.51E+00,1.59E+01,6.08E+00
2223,-149.995,-149.995,3.11E-01,7.20E+00,1.54E+01,6.06E+00
2224,-143.745,-149.996,3.62E-01,7.37E+00,1.55E+01,6.60E+00
2225,-137.494,-149.996,4.11E-01,7.59E+00,1.58E+01,6.35E+00
2226,-131.244,-149.997,4.57E-01,7.72E+00,1.61E+01,6.06E+00
2227,-143.763,0.000327494,1.12E+00,8.33E+00,8.81E+00,7.65E+00
2228,-137.514,0.000352593,1.29E+00,9.08E+00,9.22E+00,7.41E+00
2229,-131.264,0.00037564,1.47E+00,9.75E+00,9.60E+00,7.26E+00
2230,-143.757,79.996,9.65E-01,1.04E+01,6.31E+00,1.67E+01
2231,-137.506,79.9958,1.10E+00,1.10E+01,6.75E+00,1.71E+01
2232,-131.255,79.9956,1.24E+00,1.16E+01,7.15E+00,1.78E+01
2233,-143.75,118.745,7.36E-01,1.23E+01,5.42E+00,1.95E+01
2234,-137.499,118.745,8.28E-01,1.28E+01,5.73E+00,1.98E+01
2235,-131.248,118.746,9.16E-01,1.33E+01,6.00E+00,2.01E+01
2236,-143.747,137.497,5.72E-01,1.17E+01,5.32E+00,1.98E+01
2237,-137.496,137.497,6.35E-01,1.24E+01,5.34E+00,1.94E+01
2238,-131.246,137.498,6.96E-01,1.31E+01,5.44E+00,1.91E+01
2239,-137.496,143.748,5.58E-01,1.27E+01,5.28E+00,1.86E+01
2240,-143.746,143.748,5.05E-01,1.13E+01,5.40E+00,1.96E+01
2241,-131.246,143.749,6.09E-01,1.34E+01,5.29E+00,1.84E+01
2242,-137.498,124.996,7.69E-01,1.28E+01,5.56E+00,1.99E+01
2243,-137.497,131.246,7.05E-01,1.26E+01,5.43E+00,1.98E+01
2244,-143.749,124.996,6.87E-01,1.23E+01,5.36E+00,1.97E+01
2245,-143.748,131.246,6.32E-01,1.21E+01,5.33E+00,1.98E+01
2246,-131.247,124.996,8.48E-01,1.33E+01,5.78E+00,2.00E+01
2247,-131.246,131.247,7.75E-01,1.31E+01,5.59E+00,1.96E+01
2248,-143.753,99.7889,8.63E-01,1.18E+01,5.88E+00,1.85E+01
2249,-137.502,99.7887,9.79E-01,1.23E+01,6.24E+00,1.90E+01
2250,-131.251,99.7886,1.09E+00,1.29E+01,6.57E+00,1.95E+01
2251,-137.501,106.16,9.32E-01,1.26E+01,6.11E+00,1.93E+01
2252,-137.5,112.495,8.82E-01,1.28E+01,5.93E+00,1.96E+01
2253,-143.745,106.174,8.24E-01,1.21E+01,5.73E+00,1.89E+01
2254,-143.751,112.495,7.82E-01,1.23E+01,5.55E+00,1.92E+01
2255,-131.257,106.174,1.04E+00,1.32E+01,6.39E+00,1.99E+01
2256,-131.249,112.495,9.78E-01,1.33E+01,6.21E+00,2.00E+01
2257,-137.505,86.6621,1.06E+00,1.15E+01,6.56E+00,1.78E+01
2258,-137.503,93.2436,1.02E+00,1.20E+01,6.39E+00,1.85E+01
2259,-143.755,86.6624,9.33E-01,1.09E+01,6.13E+00,1.73E+01
2260,-143.761,93.2579,8.99E-01,1.14E+01,5.99E+00,1.80E+01
2261,-131.254,86.662,1.19E+00,1.21E+01,6.95E+00,1.85E+01
2262,-131.245,93.2575,1.14E+00,1.25E+01,6.75E+00,1.90E+01
2263,-143.762,39.9983,1.10E+00,8.60E+00,7.46E+00,1.24E+01
2264,-137.512,39.9982,1.26E+00,9.12E+00,7.95E+00,1.26E+01
2265,-131.263,39.9981,1.43E+00,9.56E+00,8.41E+00,1.28E+01
2266,-143.76,59.9972,1.04E+00,9.28E+00,6.86E+00,1.47E+01
2267,-137.51,59.997,1.20E+00,9.77E+00,7.34E+00,1.50E+01
2268,-131.259,59.9969,1.35E+00,1.02E+01,7.79E+00,1.54E+01
2269,-137.508,66.6632,1.17E+00,1.01E+01,7.14E+00,1.57E+01
2270,-137.507,73.3295,1.14E+00,1.05E+01,6.95E+00,1.64E+01
2271,-143.759,66.6634,1.02E+00,9.63E+00,6.67E+00,1.54E+01
2272,-143.758,73.3297,9.93E-01,1.00E+01,6.48E+00,1.60E+01
2273,-131.258,66.6631,1.32E+00,1.06E+01,7.58E+00,1.62E+01
2274,-131.257,73.3293,1.28E+00,1.11E+01,7.36E+00,1.70E+01
2275,-137.512,46.6645,1.25E+00,9.26E+00,7.75E+00,1.34E+01
2276,-137.511,53.3307,1.22E+00,9.48E+00,7.55E+00,1.42E+01
2277,-143.761,46.6646,1.08E+00,8.76E+00,7.26E+00,1.32E+01
2278,-143.761,53.3309,1.06E+00,8.98E+00,7.06E+00,1.40E+01
2279,-131.262,46.6644,1.41E+00,9.69E+00,8.21E+00,1.37E+01
2280,-131.261,53.3306,1.38E+00,9.91E+00,8.01E+00,1.46E+01
2281,-143.763,19.9993,1.12E+00,8.37E+00,8.08E+00,1.00E+01
2282,-137.514,19.9993,1.30E+00,9.00E+00,8.53E+00,9.94E+00
2283,-131.264,19.9993,1.47E+00,9.55E+00,8.96E+00,9.97E+00
2284,-137.514,26.6656,1.29E+00,9.00E+00,8.34E+00,1.08E+01
2285,-137.513,33.3319,1.28E+00,9.04E+00,8.14E+00,1.17E+01
2286,-143.763,26.6656,1.12E+00,8.41E+00,7.87E+00,1.08E+01
2287,-143.763,33.332,1.11E+00,8.48E+00,7.67E+00,1.16E+01
2288,-131.264,26.6656,1.47E+00,9.51E+00,8.78E+00,1.09E+01
2289,-131.263,33.3319,1.45E+00,9.51E+00,8.60E+00,1.19E+01
2290,-137.514,6.66664,1.30E+00,9.05E+00,8.97E+00,8.23E+00
2291,-137.514,13.333,1.30E+00,9.02E+00,8.74E+00,9.08E+00
2292,-143.763,6.66664,1.12E+00,8.34E+00,8.54E+00,8.42E+00
2293,-143.763,13.333,1.12E+00,8.35E+00,8.30E+00,9.22E+00
2294,-131.265,6.66665,1.48E+00,9.68E+00,9.36E+00,8.13E+00
2295,-131.265,13.3329,1.48E+00,9.62E+00,9.15E+00,9.04E+00
2296,-143.755,-73.3282,9.09E-01,8.54E+00,1.37E+01,2.14E+00
2297,-137.504,-73.3277,1.04E+00,9.35E+00,1.43E+01,2.40E+00
2298,-131.253,-73.3273,1.18E+00,1.00E+01,1.50E+01,2.66E+00
2299,-143.761,-33.3309,1.06E+00,8.37E+00,1.06E+01,4.04E+00
2300,-137.511,-33.3307,1.22E+00,9.22E+00,1.10E+01,3.71E+00
2301,-131.261,-33.3306,1.39E+00,9.99E+00,1.14E+01,3.47E+00
2302,-143.762,-13.3322,1.10E+00,8.34E+00,9.42E+00,6.15E+00
2303,-137.513,-13.3321,1.27E+00,9.14E+00,9.82E+00,5.84E+00
2304,-131.263,-13.3321,1.45E+00,9.86E+00,1.02E+01,5.62E+00
2305,-137.514,-6.66589,1.29E+00,9.11E+00,9.50E+00,6.61E+00
2306,-143.763,-6.66595,1.11E+00,8.33E+00,9.10E+00,6.89E+00
2307,-131.264,-6.66585,1.46E+00,9.81E+00,9.88E+00,6.43E+00
2308,-137.512,-26.6645,1.24E+00,9.19E+00,1.06E+01,4.38E+00
2309,-137.512,-19.9984,1.26E+00,9.16E+00,1.02E+01,5.10E+00
2310,-143.761,-26.6647,1.08E+00,8.36E+00,1.02E+01,4.72E+00
2311,-143.762,-19.9985,1.09E+00,8.34E+00,9.78E+00,5.42E+00
2312,-131.262,-26.6644,1.41E+00,9.95E+00,1.10E+01,4.14E+00
2313,-131.263,-19.9983,1.43E+00,9.91E+00,1.06E+01,4.86E+00
2314,-143.758,-53.3296,9.94E-01,8.45E+00,1.20E+01,2.35E+00
2315,-137.508,-53.3292,1.14E+00,9.30E+00,1.25E+01,2.18E+00
2316,-131.257,-53.3289,1.30E+00,1.01E+01,1.30E+01,2.14E+00
2317,-137.509,-46.663,1.17E+00,9.27E+00,1.20E+01,2.56E+00
2318,-137.51,-39.9969,1.20E+00,9.25E+00,1.15E+01,3.09E+00
2319,-143.759,-46.6633,1.02E+00,8.42E+00,1.15E+01,2.82E+00
2320,-143.76,-39.9972,1.04E+00,8.39E+00,1.10E+01,3.40E+00
2321,-131.259,-46.6627,1.33E+00,1.00E+01,1.24E+01,2.42E+00
2322,-131.26,-39.9967,1.36E+00,1.00E+01,1.19E+01,2.88E+00
2323,-137.505,-66.6615,1.08E+00,9.34E+00,1.37E+01,2.10E+00
2324,-137.506,-59.9954,1.11E+00,9.32E+00,1.31E+01,2.01E+00
2325,-143.756,-66.662,9.40E-01,8.51E+00,1.32E+01,1.97E+00
2326,-143.757,-59.9958,9.68E-01,8.48E+00,1.26E+01,2.04E+00
2327,-131.255,-66.6611,1.22E+00,1.01E+01,1.43E+01,2.29E+00
2328,-131.256,-59.995,1.26E+00,1.01E+01,1.37E+01,2.10E+00
2329,-143.743,-112.462,6.77E-01,8.54E+00,1.67E+01,5.12E+00
2330,-137.497,-112.441,7.71E-01,9.14E+00,1.73E+01,5.32E+00
2331,-131.251,-112.462,8.63E-01,9.62E+00,1.78E+01,5.41E+00
2332,-143.761,-93.2309,8.03E-01,8.61E+00,1.55E+01,3.52E+00
2333,-137.5,-93.2014,9.18E-01,9.31E+00,1.62E+01,3.88E+00
2334,-131.239,-93.2299,1.03E+00,9.90E+00,1.69E+01,4.13E+00
2335,-137.501,-86.6201,9.63E-01,9.33E+00,1.56E+01,3.36E+00
2336,-137.503,-79.994,1.00E+00,9.34E+00,1.50E+01,2.85E+00
2337,-143.756,-86.6341,8.41E-01,8.59E+00,1.50E+01,3.01E+00
2338,-143.753,-79.9945,8.76E-01,8.57E+00,1.43E+01,2.52E+00
2339,-131.246,-86.6331,1.08E+00,9.97E+00,1.63E+01,3.63E+00
2340,-131.252,-79.9935,1.13E+00,1.00E+01,1.57E+01,3.13E+00
2341,-137.498,-106.095,8.23E-01,9.24E+00,1.70E+01,4.86E+00
2342,-137.499,-99.6906,8.72E-01,9.29E+00,1.66E+01,4.38E+00
2343,-143.74,-106.133,7.21E-01,8.60E+00,1.64E+01,4.60E+00
2344,-143.751,-99.7263,7.63E-01,8.63E+00,1.60E+01,4.04E+00
2345,-131.256,-106.133,9.22E-01,9.74E+00,1.76E+01,5.03E+00
2346,-131.247,-99.7254,9.78E-01,9.83E+00,1.73E+01,4.61E+00
2347,-143.746,-131.244,5.30E-01,8.31E+00,1.67E+01,6.20E+00
2348,-137.495,-131.244,6.02E-01,8.73E+00,1.70E+01,6.24E+00
2349,-131.244,-131.244,6.72E-01,9.04E+00,1.72E+01,6.17E+00
2350,-137.495,-124.994,6.61E-01,8.89E+00,1.72E+01,6.02E+00
2351,-137.496,-118.723,7.18E-01,9.02E+00,1.73E+01,5.72E+00
2352,-143.746,-124.994,5.82E-01,8.42E+00,1.69E+01,5.90E+00
2353,-143.745,-118.731,6.31E-01,8.48E+00,1.69E+01,5.55E+00
2354,-131.245,-124.994,7.39E-01,9.27E+00,1.75E+01,6.00E+00
2355,-131.247,-118.73,8.02E-01,9.46E+00,1.77E+01,5.74E+00
2356,-137.494,-143.745,4.77E-01,8.12E+00,1.61E+01,6.44E+00
2357,-137.494,-137.495,5.41E-01,8.49E+00,1.66E+01,6.39E+00
2358,-143.745,-143.745,4.20E-01,7.81E+00,1.59E+01,6.59E+00
2359,-143.745,-137.494,4.76E-01,8.10E+00,1.64E+01,6.47E+00
2360,-131.244,-143.746,5.31E-01,8.33E+00,1.64E+01,6.22E+00
2361,-131.244,-137.495,6.03E-01,8.74E+00,1.68E+01,6.25E+00
2362,131.244,149.996,5.04E-01,1.04E+01,1.00E+01,1.12E+01
2363,137.494,149.995,4.60E-01,9.90E+00,9.71E+00,1.10E+01
2364,143.745,149.995,4.15E-01,9.36E+00,9.41E+00,1.06E+01
2365,149.995,149.995,3.72E-01,1.19E+01,6.18E+00,1.45E+01
2366,149.995,143.745,4.15E-01,9.34E+00,9.40E+00,1.06E+01
2367,149.995,137.494,4.60E-01,9.89E+00,9.71E+00,1.10E+01
2368,149.996,131.244,5.04E-01,1.04E+01,1.00E+01,1.12E+01
2369,149.996,124.994,5.46E-01,1.07E+01,1.02E+01,1.12E+01
2370,149.997,118.744,5.87E-01,1.09E+01,1.04E+01,1.11E+01
2371,149.998,112.494,6.26E-01,1.10E+01,1.04E+01,1.09E+01
2372,149.999,106.244,6.63E-01,1.11E+01,1.04E+01,1.05E+01
2373,150,99.9941,6.97E-01,1.10E+01,1.03E+01,1.02E+01
2374,150.001,93.3277,7.30E-01,1.08E+01,1.02E+01,9.78E+00
2375,150.003,86.6613,7.61E-01,1.06E+01,9.98E+00,9.38E+00
2376,150.004,79.9949,7.89E-01,1.04E+01,9.78E+00,9.01E+00
2377,150.005,73.3286,8.15E-01,1.02E+01,9.57E+00,8.71E+00
2378,150.006,66.6623,8.39E-01,9.91E+00,9.37E+00,8.50E+00
2379,150.007,59.996,8.60E-01,9.64E+00,9.17E+00,8.38E+00
2380,150.008,53.3297,8.79E-01,9.39E+00,8.99E+00,8.33E+00
2381,150.009,46.6635,8.95E-01,9.14E+00,8.81E+00,8.33E+00
2382,150.009,39.9972,9.10E-01,8.91E+00,8.66E+00,8.36E+00
2383,150.01,33.3309,9.23E-01,8.69E+00,8.52E+00,8.41E+00
2384,150.011,26.6646,9.34E-01,8.49E+00,8.40E+00,8.48E+00
2385,150.011,19.9983,9.42E-01,8.31E+00,8.29E+00,8.56E+00
2386,150.012,13.3319,9.48E-01,8.16E+00,8.20E+00,8.65E+00
2387,150.012,6.66562,9.52E-01,8.02E+00,8.13E+00,8.73E+00
2388,150.012,-0.000720605,9.54E-01,7.90E+00,8.08E+00,8.82E+00
2389,150.012,-6.66707,9.54E-01,7.80E+00,8.05E+00,8.90E+00
2390,150.012,-13.3334,9.51E-01,7.73E+00,8.03E+00,8.98E+00
2391,150.012,-19.9998,9.45E-01,7.67E+00,8.02E+00,9.07E+00
2392,150.012,-26.6661,9.37E-01,7.63E+00,8.03E+00,9.15E+00
2393,150.012,-33.3324,9.26E-01,7.62E+00,8.05E+00,9.24E+00
2394,150.011,-39.9988,9.13E-01,7.63E+00,8.09E+00,9.32E+00
2395,150.011,-46.6651,8.97E-01,7.66E+00,8.14E+00,9.40E+00
2396,150.01,-53.3314,8.80E-01,7.72E+00,8.21E+00,9.47E+00
2397,150.01,-59.9977,8.60E-01,7.82E+00,8.29E+00,9.53E+00
2398,150.009,-66.664,8.38E-01,7.95E+00,8.39E+00,9.58E+00
2399,150.008,-73.3302,8.15E-01,8.11E+00,8.50E+00,9.62E+00
2400,150.007,-79.9965,7.89E-01,8.30E+00,8.63E+00,9.64E+00
2401,150.006,-86.6629,7.62E-01,8.51E+00,8.76E+00,9.66E+00
2402,150.005,-93.3291,7.33E-01,8.74E+00,8.90E+00,9.67E+00
2403,150.004,-99.9956,7.02E-01,8.95E+00,9.04E+00,9.68E+00
2404,150.003,-106.245,6.70E-01,9.16E+00,9.15E+00,9.71E+00
2405,150.003,-112.495,6.37E-01,9.34E+00,9.24E+00,9.77E+00
2406,150.002,-118.745,6.01E-01,9.49E+00,9.29E+00,9.87E+00
2407,150.001,-124.995,5.63E-01,9.59E+00,9.31E+00,9.99E+00
2408,150,-131.246,5.23E-01,9.64E+00,9.28E+00,1.01E+01
2409,150,-137.496,4.79E-01,9.62E+00,9.20E+00,1.02E+01
2410,149.999,-143.746,4.33E-01,9.55E+00,9.05E+00,1.03E+01
2411,149.999,-149.997,3.84E-01,9.45E+00,8.84E+00,1.04E+01
2412,143.748,-149.998,4.56E-01,1.33E+01,5.23E+00,1.74E+01
2413,137.497,-149.998,5.18E-01,1.29E+01,5.38E+00,1.82E+01
2414,131.246,-149.999,5.71E-01,1.25E+01,5.43E+00,1.87E+01
2415,143.763,-0.00068835,1.13E+00,8.80E+00,8.63E+00,7.44E+00
2416,137.514,-0.000703679,1.30E+00,9.52E+00,9.13E+00,7.24E+00
2417,131.264,-0.000717045,1.48E+00,1.02E+01,9.55E+00,7.14E+00
2418,143.753,79.9944,9.08E-01,8.10E+00,1.38E+01,2.26E+00
2419,137.502,79.9939,1.03E+00,9.08E+00,1.46E+01,2.55E+00
2420,131.251,79.9934,1.15E+00,9.86E+00,1.54E+01,2.84E+00
2421,143.746,118.743,6.64E-01,6.87E+00,1.60E+01,3.64E+00
2422,137.496,118.743,7.43E-01,7.89E+00,1.66E+01,4.18E+00
2423,131.245,118.743,8.23E-01,8.62E+00,1.72E+01,4.46E+00
2424,143.745,137.494,5.15E-01,5.24E+00,1.56E+01,3.02E+00
2425,137.494,137.494,5.72E-01,6.23E+00,1.59E+01,3.68E+00
2426,131.244,137.494,6.30E-01,6.89E+00,1.63E+01,4.05E+00
2427,137.494,143.745,5.15E-01,5.23E+00,1.56E+01,3.03E+00
2428,143.744,143.744,4.64E-01,4.31E+00,1.54E+01,2.41E+00
2429,131.244,143.745,5.65E-01,5.89E+00,1.58E+01,3.43E+00
2430,137.495,124.993,6.87E-01,7.45E+00,1.65E+01,4.19E+00
2431,137.494,131.244,6.30E-01,6.92E+00,1.63E+01,4.04E+00
2432,143.746,124.993,6.15E-01,6.44E+00,1.60E+01,3.61E+00
2433,143.745,131.244,5.65E-01,5.92E+00,1.58E+01,3.41E+00
2434,131.244,124.993,7.60E-01,8.18E+00,1.70E+01,4.49E+00
2435,131.244,131.244,6.96E-01,7.62E+00,1.67E+01,4.37E+00
2436,143.749,99.7871,7.96E-01,7.72E+00,1.53E+01,3.09E+00
2437,137.499,99.7866,8.97E-01,8.70E+00,1.61E+01,3.57E+00
2438,131.247,99.7862,9.98E-01,9.42E+00,1.69E+01,3.91E+00
2439,137.497,106.158,8.48E-01,8.50E+00,1.64E+01,3.85E+00
2440,137.496,112.493,7.97E-01,8.23E+00,1.66E+01,4.05E+00
2441,143.741,106.173,7.54E-01,7.51E+00,1.56E+01,3.34E+00
2442,143.747,112.493,7.10E-01,7.23E+00,1.59E+01,3.54E+00
2443,131.253,106.172,9.42E-01,9.21E+00,1.72E+01,4.16E+00
2444,131.245,112.493,8.84E-01,8.95E+00,1.73E+01,4.35E+00
2445,137.501,86.6602,9.88E-01,8.98E+00,1.51E+01,2.90E+00
2446,137.5,93.2415,9.44E-01,8.86E+00,1.57E+01,3.25E+00
2447,143.752,86.6607,8.73E-01,8.01E+00,1.44E+01,2.51E+00
2448,143.757,93.2562,8.36E-01,7.88E+00,1.49E+01,2.80E+00
2449,131.25,86.6597,1.10E+00,9.74E+00,1.60E+01,3.22E+00
2450,131.242,93.2552,1.05E+00,9.59E+00,1.65E+01,3.58E+00
2451,143.76,39.9969,1.06E+00,8.42E+00,1.08E+01,3.60E+00
2452,137.51,39.9967,1.22E+00,9.36E+00,1.13E+01,3.20E+00
2453,131.26,39.9965,1.38E+00,1.02E+01,1.18E+01,2.95E+00
2454,143.757,59.9956,9.97E-01,8.29E+00,1.22E+01,2.29E+00
2455,137.506,59.9952,1.14E+00,9.26E+00,1.28E+01,2.12E+00
2456,131.256,59.9948,1.28E+00,1.01E+01,1.35E+01,2.13E+00
2457,137.505,66.6614,1.10E+00,9.22E+00,1.34E+01,2.11E+00
2458,137.504,73.3276,1.07E+00,9.16E+00,1.40E+01,2.27E+00
2459,143.756,66.6619,9.70E-01,8.24E+00,1.27E+01,2.12E+00
2460,143.754,73.3281,9.41E-01,8.18E+00,1.33E+01,2.11E+00
2461,131.254,66.661,1.24E+00,1.00E+01,1.41E+01,2.24E+00
2462,131.253,73.3271,1.20E+00,9.95E+00,1.47E+01,2.50E+00
2463,137.509,46.6629,1.19E+00,9.33E+00,1.18E+01,2.71E+00
2464,137.508,53.3291,1.17E+00,9.30E+00,1.23E+01,2.33E+00
2465,143.759,46.6632,1.04E+00,8.37E+00,1.12E+01,3.07E+00
2466,143.758,53.3294,1.02E+00,8.33E+00,1.17E+01,2.63E+00
2467,131.258,46.6626,1.35E+00,1.02E+01,1.23E+01,2.51E+00
2468,131.257,53.3287,1.31E+00,1.01E+01,1.29E+01,2.22E+00
2469,143.762,19.9982,1.11E+00,8.58E+00,9.55E+00,5.42E+00
2470,137.512,19.9981,1.27E+00,9.43E+00,1.00E+01,5.06E+00
2471,131.263,19.998,1.44E+00,1.02E+01,1.05E+01,4.82E+00
2472,137.512,26.6643,1.26E+00,9.41E+00,1.04E+01,4.40E+00
2473,137.511,33.3305,1.24E+00,9.38E+00,1.08E+01,3.77E+00
2474,143.761,26.6645,1.09E+00,8.52E+00,9.92E+00,4.78E+00
2475,143.761,33.3307,1.08E+00,8.46E+00,1.03E+01,4.17E+00
2476,131.262,26.6642,1.42E+00,1.02E+01,1.09E+01,4.13E+00
2477,131.261,33.3303,1.40E+00,1.02E+01,1.13E+01,3.50E+00
2478,137.513,6.66558,1.29E+00,9.49E+00,9.40E+00,6.49E+00
2479,137.513,13.3318,1.29E+00,9.46E+00,9.70E+00,5.76E+00
2480,143.763,6.66562,1.12E+00,8.72E+00,8.91E+00,6.75E+00
2481,143.762,13.3319,1.12E+00,8.64E+00,9.21E+00,6.07E+00
2482,131.264,6.66554,1.47E+00,1.02E+01,9.81E+00,6.32E+00
2483,131.263,13.3318,1.46E+00,1.02E+01,1.01E+01,5.55E+00
2484,143.758,-73.3299,9.67E-01,1.12E+01,6.47E+00,1.53E+01
2485,137.507,-73.3297,1.12E+00,1.16E+01,6.94E+00,1.59E+01
2486,131.257,-73.3295,1.27E+00,1.19E+01,7.35E+00,1.66E+01
2487,143.763,-33.3323,1.10E+00,9.35E+00,7.58E+00,1.11E+01
2488,137.513,-33.3322,1.27E+00,9.77E+00,8.12E+00,1.14E+01
2489,131.263,-33.3322,1.45E+00,1.01E+01,8.58E+00,1.17E+01
2490,143.763,-13.3333,1.12E+00,8.98E+00,8.16E+00,8.88E+00
2491,137.514,-13.3333,1.30E+00,9.58E+00,8.68E+00,8.83E+00
2492,131.265,-13.3333,1.48E+00,1.01E+01,9.11E+00,8.87E+00
2493,137.514,-6.66697,1.30E+00,9.55E+00,8.89E+00,8.03E+00
2494,143.763,-6.66699,1.13E+00,8.88E+00,8.38E+00,8.15E+00
2495,131.265,-6.66698,1.48E+00,1.02E+01,9.32E+00,7.99E+00
2496,137.514,-26.6659,1.28E+00,9.68E+00,8.30E+00,1.05E+01
2497,137.514,-19.9996,1.29E+00,9.62E+00,8.49E+00,9.67E+00
2498,143.763,-26.6659,1.11E+00,9.20E+00,7.76E+00,1.04E+01
2499,143.763,-19.9997,1.12E+00,9.08E+00,7.95E+00,9.62E+00
2500,131.264,-26.6658,1.46E+00,1.01E+01,8.76E+00,1.07E+01
2501,131.264,-19.9996,1.47E+00,1.01E+01,8.93E+00,9.78E+00
2502,143.761,-53.3311,1.04E+00,1.01E+01,7.03E+00,1.33E+01
2503,137.511,-53.331,1.21E+00,1.04E+01,7.55E+00,1.38E+01
2504,131.261,-53.3309,1.37E+00,1.07E+01,7.99E+00,1.43E+01
2505,137.512,-46.6647,1.23E+00,1.01E+01,7.74E+00,1.30E+01
2506,137.512,-39.9985,1.25E+00,9.90E+00,7.94E+00,1.22E+01
2507,143.761,-46.6648,1.07E+00,9.76E+00,7.21E+00,1.26E+01
2508,143.762,-39.9986,1.08E+00,9.53E+00,7.40E+00,1.19E+01
2509,131.262,-46.6646,1.40E+00,1.04E+01,8.20E+00,1.35E+01
2510,131.263,-39.9985,1.43E+00,1.02E+01,8.40E+00,1.26E+01
2511,137.509,-66.6634,1.15E+00,1.11E+01,7.14E+00,1.53E+01
2512,137.51,-59.9973,1.18E+00,1.07E+01,7.34E+00,1.45E+01
2513,143.759,-66.6636,9.95E-01,1.08E+01,6.65E+00,1.47E+01
2514,143.76,-59.9974,1.02E+00,1.04E+01,6.84E+00,1.40E+01
2515,131.258,-66.6632,1.31E+00,1.14E+01,7.56E+00,1.59E+01
2516,131.259,-59.9971,1.34E+00,1.10E+01,7.78E+00,1.51E+01
2517,143.746,-112.464,7.55E-01,1.39E+01,5.56E+00,1.79E+01
2518,137.501,-112.443,8.68E-01,1.41E+01,5.94E+00,1.87E+01
2519,131.255,-112.464,9.74E-01,1.43E+01,6.27E+00,1.94E+01
2520,143.765,-93.2325,8.70E-01,1.28E+01,5.96E+00,1.69E+01
2521,137.504,-93.2033,1.00E+00,1.31E+01,6.38E+00,1.77E+01
2522,131.242,-93.2321,1.13E+00,1.34E+01,6.76E+00,1.85E+01
2523,137.505,-86.622,1.04E+00,1.26E+01,6.56E+00,1.72E+01
2524,137.506,-79.996,1.08E+00,1.21E+01,6.75E+00,1.66E+01
2525,143.759,-86.6357,9.04E-01,1.22E+01,6.12E+00,1.64E+01
2526,143.757,-79.9962,9.37E-01,1.17E+01,6.29E+00,1.59E+01
2527,131.25,-86.6353,1.18E+00,1.29E+01,6.95E+00,1.79E+01
2528,131.255,-79.9958,1.22E+00,1.24E+01,7.15E+00,1.73E+01
2529,137.502,-106.097,9.15E-01,1.39E+01,6.07E+00,1.84E+01
2530,137.503,-99.6925,9.60E-01,1.35E+01,6.22E+00,1.81E+01
2531,143.744,-106.135,7.96E-01,1.36E+01,5.68E+00,1.77E+01
2532,143.755,-99.728,8.34E-01,1.32E+01,5.82E+00,1.74E+01
2533,131.259,-106.135,1.03E+00,1.41E+01,6.42E+00,1.92E+01
2534,131.25,-99.7277,1.08E+00,1.38E+01,6.58E+00,1.89E+01
2535,143.749,-131.246,6.20E-01,1.42E+01,5.32E+00,1.80E+01
2536,137.498,-131.246,7.08E-01,1.40E+01,5.63E+00,1.86E+01
2537,131.247,-131.247,7.89E-01,1.38E+01,5.90E+00,1.91E+01
2538,137.499,-124.996,7.65E-01,1.42E+01,5.71E+00,1.87E+01
2539,137.5,-118.725,8.18E-01,1.42E+01,5.82E+00,1.88E+01
2540,143.75,-124.995,6.68E-01,1.42E+01,5.38E+00,1.81E+01
2541,143.749,-118.732,7.13E-01,1.42E+01,5.46E+00,1.81E+01
2542,131.248,-124.996,8.54E-01,1.41E+01,6.02E+00,1.93E+01
2543,131.251,-118.732,9.16E-01,1.43E+01,6.14E+00,1.94E+01
2544,137.497,-143.747,5.85E-01,1.33E+01,5.49E+00,1.82E+01
2545,137.498,-137.497,6.49E-01,1.37E+01,5.55E+00,1.84E+01
2546,143.748,-143.747,5.14E-01,1.37E+01,5.27E+00,1.75E+01
2547,143.749,-137.496,5.68E-01,1.40E+01,5.29E+00,1.77E+01
2548,131.246,-143.748,6.48E-01,1.31E+01,5.63E+00,1.88E+01
2549,131.247,-137.497,7.21E-01,1.35E+01,5.78E+00,1.89E+01
2550,149.999,-157.141,3.25E-01,9.35E+00,8.64E+00,1.06E+01
2551,149.999,-164.285,2.62E-01,9.14E+00,8.45E+00,1.09E+01
2552,149.999,-171.429,1.97E-01,8.69E+00,8.19E+00,1.12E+01
2553,149.999,-178.572,1.33E-01,7.80E+00,7.71E+00,1.15E+01
2554,149.999,-185.715,7.17E-02,6.06E+00,6.71E+00,1.19E+01
2555,149.999,-192.859,2.21E-02,4.06E+00,6.05E+00,1.45E+01
2556,150,-200,0.00E+00,3.20E+00,6.08E+00,1.69E+01
2557,143.75,-200,0.00E+00,1.11E+00,3.53E+00,2.82E+01
2558,137.5,-200,0.00E+00,1.12E+00,4.42E+00,2.83E+01
2559,131.25,-200,0.00E+00,1.26E+00,4.42E+00,2.84E+01
2560,125,-200,0.00E+00,1.63E+00,4.25E+00,2.85E+01
2561,118.75,-200,0.00E+00,2.17E+00,4.06E+00,2.84E+01
2562,112.5,-200,0.00E+00,2.78E+00,3.87E+00,2.83E+01
2563,106.25,-200,0.00E+00,3.42E+00,3.69E+00,2.81E+01
2564,100,-200,0.00E+00,4.14E+00,3.47E+00,2.80E+01
2565,93.3333,-200,0.00E+00,4.88E+00,3.21E+00,2.79E+01
2566,86.6667,-200,0.00E+00,5.57E+00,2.97E+00,2.78E+01
2567,80,-200,0.00E+00,6.27E+00,2.73E+00,2.76E+01
2568,73.3333,-200,0.00E+00,6.92E+00,2.52E+00,2.73E+01
2569,66.6667,-200,0.00E+00,7.53E+00,2.29E+00,2.71E+01
2570,60,-200,0.00E+00,8.15E+00,2.03E+00,2.69E+01
2571,53.3333,-200,0.00E+00,8.70E+00,1.77E+00,2.66E+01
2572,46.6667,-200,0.00E+00,9.20E+00,1.50E+00,2.63E+01
2573,40,-200,0.00E+00,9.70E+00,1.20E+00,2.60E+01
2574,33.3333,-200,0.00E+00,1.01E+01,9.07E-01,2.57E+01
2575,26.6667,-200,0.00E+00,1.05E+01,6.04E-01,2.53E+01
2576,20,-200,0.00E+00,1.09E+01,2.78E-01,2.49E+01
2577,13.3333,-200,0.00E+00,1.12E+01,1.93E-01,2.45E+01
2578,6.66667,-200,0.00E+00,1.14E+01,4.56E-01,2.40E+01
2579,0,-200,0.00E+00,1.17E+01,8.47E-01,2.36E+01
2580,-6.66667,-200,0.00E+00,1.19E+01,1.24E+00,2.31E+01
2581,-13.3333,-200,0.00E+00,1.21E+01,1.64E+00,2.26E+01
2582,-20,-200,0.00E+00,1.22E+01,2.09E+00,2.21E+01
2583,-26.6667,-200,0.00E+00,1.24E+01,2.54E+00,2.15E+01
2584,-33.3333,-200,0.00E+00,1.24E+01,3.00E+00,2.10E+01
2585,-40,-200,0.00E+00,1.25E+01,3.48E+00,2.03E+01
2586,-46.6667,-200,0.00E+00,1.25E+01,3.97E+00,1.97E+01
2587,-53.3333,-200,0.00E+00,1.25E+01,4.50E+00,1.91E+01
2588,-60,-200,0.00E+00,1.24E+01,5.03E+00,1.84E+01
2589,-66.6667,-200,0.00E+00,1.23E+01,5.58E+00,1.76E+01
2590,-73.3333,-200,0.00E+00,1.22E+01,6.18E+00,1.69E+01
2591,-80,-200,0.00E+00,1.20E+01,6.79E+00,1.61E+01
2592,-86.6667,-200,0.00E+00,1.17E+01,7.42E+00,1.53E+01
2593,-93.3333,-200,0.00E+00,1.14E+01,8.09E+00,1.44E+01
2594,-100,-200,0.00E+00,1.10E+01,8.76E+00,1.35E+01
2595,-106.25,-200,0.00E+00,1.05E+01,9.45E+00,1.25E+01
2596,-112.5,-200,0.00E+00,9.77E+00,1.02E+01,1.15E+01
2597,-118.75,-200,0.00E+00,9.02E+00,1.08E+01,1.06E+01
2598,-125,-200,0.00E+00,8.19E+00,1.15E+01,9.48E+00
2599,-131.25,-200,0.00E+00,7.28E+00,1.22E+01,8.35E+00
2600,-137.5,-200,0.00E+00,6.31E+00,1.28E+01,7.15E+00
2601,-143.75,-200,0.00E+00,5.30E+00,1.35E+01,5.90E+00
2602,-150,-200,0.00E+00,4.25E+00,1.40E+01,4.64E+00
2603,-149.999,-192.857,1.16E-02,2.66E+00,1.41E+01,3.43E+00
2604,-149.998,-185.713,4.16E-02,1.56E+00,1.41E+01,2.37E+00
2605,-149.997,-178.57,8.48E-02,3.01E+00,1.43E+01,3.17E+00
2606,-149.996,-171.427,1.37E-01,4.70E+00,1.45E+01,4.35E+00
2607,-149.996,-164.283,1.94E-01,5.90E+00,1.48E+01,5.19E+00
2608,-149.995,-157.139,2.52E-01,6.66E+00,1.50E+01,5.82E+00
2609,1.67E-05,-192.86,3.49E-02,8.85E+00,1.96E+00,2.10E+01
2610,0.00011575,-185.72,1.24E-01,3.91E+00,3.82E+00,1.66E+01
2611,0.000167876,-178.579,2.51E-01,1.65E+00,5.17E+00,1.35E+01
2612,0.000217118,-171.438,4.04E-01,2.64E+00,6.24E+00,1.12E+01
2613,0.000249534,-164.296,5.75E-01,4.69E+00,7.08E+00,9.69E+00
2614,0.000276626,-157.154,7.58E-01,6.25E+00,7.77E+00,8.68E+00
2615,79.9679,-192.866,3.26E-02,3.71E+00,1.73E+00,2.54E+01
2616,79.9359,-185.725,1.15E-01,1.92E+00,1.14E+00,2.17E+01
2617,79.913,-178.578,2.31E-01,4.06E+00,2.20E+00,1.92E+01
2618,79.9269,-171.431,3.68E-01,6.37E+00,3.37E+00,1.75E+01
2619,79.9499,-164.289,5.17E-01,7.96E+00,4.35E+00,1.67E+01
2620,79.973,-157.146,6.73E-01,9.08E+00,5.15E+00,1.64E+01
2621,118.717,-192.853,2.94E-02,2.64E+00,2.89E+00,2.63E+01
2622,118.685,-185.712,1.02E-01,4.80E+00,1.42E+00,2.28E+01
2623,118.662,-178.575,2.01E-01,7.53E+00,1.80E+00,2.06E+01
2624,118.676,-171.437,3.12E-01,9.25E+00,3.06E+00,1.94E+01
2625,118.699,-164.293,4.28E-01,1.04E+01,4.09E+00,1.89E+01
2626,118.722,-157.149,5.44E-01,1.13E+01,4.87E+00,1.88E+01
2627,124.962,-178.575,1.94E-01,7.98E+00,1.95E+00,2.06E+01
2628,131.247,-178.574,1.86E-01,8.42E+00,2.29E+00,2.07E+01
2629,137.497,-178.574,1.76E-01,9.02E+00,2.92E+00,2.04E+01
2630,143.748,-178.573,1.60E-01,1.03E+01,3.78E+00,1.93E+01
2631,131.248,-185.717,9.72E-02,6.02E+00,1.57E+00,2.26E+01
2632,131.249,-192.859,2.86E-02,2.89E+00,3.02E+00,2.62E+01
2633,124.97,-185.714,9.98E-02,5.42E+00,1.49E+00,2.27E+01
2634,124.984,-192.856,2.90E-02,2.72E+00,3.00E+00,2.63E+01
2635,143.748,-185.716,8.72E-02,8.09E+00,2.38E+00,2.12E+01
2636,137.498,-185.717,9.37E-02,6.68E+00,1.70E+00,2.23E+01
2637,143.749,-192.859,2.75E-02,3.93E+00,2.52E+00,2.53E+01
2638,137.499,-192.859,2.83E-02,3.18E+00,2.82E+00,2.59E+01
2639,131.246,-157.143,4.79E-01,1.19E+01,5.09E+00,1.88E+01
2640,131.246,-164.288,3.82E-01,1.10E+01,4.52E+00,1.91E+01
2641,131.246,-171.432,2.84E-01,9.94E+00,3.62E+00,1.96E+01
2642,124.975,-164.29,4.07E-01,1.07E+01,4.27E+00,1.91E+01
2643,124.985,-157.146,5.14E-01,1.15E+01,4.96E+00,1.90E+01
2644,124.965,-171.433,2.99E-01,9.57E+00,3.27E+00,1.96E+01
2645,143.748,-164.286,3.13E-01,1.24E+01,4.94E+00,1.77E+01
2646,137.497,-164.287,3.52E-01,1.16E+01,4.76E+00,1.87E+01
2647,143.748,-157.142,3.86E-01,1.29E+01,5.13E+00,1.74E+01
2648,137.497,-157.143,4.37E-01,1.23E+01,5.16E+00,1.83E+01
2649,143.748,-171.43,2.36E-01,1.16E+01,4.56E+00,1.83E+01
2650,137.497,-171.431,2.64E-01,1.06E+01,4.08E+00,1.93E+01
2651,86.4519,-178.58,2.26E-01,4.64E+00,2.04E+00,1.95E+01
2652,92.962,-178.578,2.22E-01,5.23E+00,1.92E+00,1.98E+01
2653,99.4333,-178.576,2.17E-01,5.83E+00,1.83E+00,2.00E+01
2654,105.878,-178.574,2.12E-01,6.44E+00,1.76E+00,2.03E+01
2655,112.285,-178.573,2.06E-01,7.01E+00,1.74E+00,2.05E+01
2656,99.5188,-185.718,1.09E-01,2.84E+00,1.23E+00,2.24E+01
2657,99.6539,-192.86,3.10E-02,2.64E+00,2.36E+00,2.59E+01
2658,93.0295,-185.73,1.11E-01,2.28E+00,1.17E+00,2.22E+01
2659,86.5017,-185.733,1.13E-01,1.98E+00,1.15E+00,2.20E+01
2660,93.1517,-192.879,3.14E-02,2.76E+00,2.13E+00,2.57E+01
2661,86.5822,-192.875,3.19E-02,3.13E+00,1.92E+00,2.56E+01
2662,112.334,-185.704,1.05E-01,4.15E+00,1.36E+00,2.27E+01
2663,105.946,-185.707,1.07E-01,3.50E+00,1.30E+00,2.26E+01
2664,112.415,-192.845,3.00E-02,2.62E+00,2.74E+00,2.62E+01
2665,106.068,-192.84,3.06E-02,2.61E+00,2.57E+00,2.60E+01
2666,99.6853,-157.148,6.17E-01,1.04E+01,4.82E+00,1.79E+01
2667,99.5805,-164.291,4.78E-01,9.38E+00,4.01E+00,1.80E+01
2668,99.481,-171.434,3.43E-01,7.95E+00,3.01E+00,1.86E+01
2669,93.079,-164.28,4.92E-01,8.92E+00,4.08E+00,1.76E+01
2670,86.538,-164.278,5.05E-01,8.46E+00,4.19E+00,1.72E+01
2671,93.176,-157.132,6.37E-01,9.98E+00,4.91E+00,1.74E+01
2672,86.6001,-157.138,6.56E-01,9.55E+00,5.01E+00,1.69E+01
2673,93.0004,-171.427,3.52E-01,7.43E+00,3.09E+00,1.83E+01
2674,86.4794,-171.425,3.60E-01,6.92E+00,3.20E+00,1.79E+01
2675,112.37,-164.305,4.46E-01,1.01E+01,4.00E+00,1.87E+01
2676,105.995,-164.303,4.63E-01,9.81E+00,3.97E+00,1.84E+01
2677,112.433,-157.157,5.71E-01,1.10E+01,4.81E+00,1.86E+01
2678,106.092,-157.164,5.94E-01,1.07E+01,4.79E+00,1.83E+01
2679,112.312,-171.442,3.23E-01,8.90E+00,2.95E+00,1.92E+01
2680,105.916,-171.441,3.33E-01,8.48E+00,2.94E+00,1.90E+01
2681,39.9996,-192.86,3.49E-02,6.94E+00,1.22E+00,2.36E+01
2682,39.9994,-185.72,1.24E-01,2.23E+00,2.04E+00,1.95E+01
2683,39.9991,-178.578,2.50E-01,1.56E+00,3.47E+00,1.66E+01
2684,39.9989,-171.438,4.01E-01,3.89E+00,4.61E+00,1.47E+01
2685,39.9987,-164.296,5.68E-01,5.71E+00,5.53E+00,1.35E+01
2686,39.9985,-157.154,7.47E-01,7.03E+00,6.29E+00,1.28E+01
2687,46.6656,-178.578,2.47E-01,1.76E+00,3.21E+00,1.71E+01
2688,53.3321,-178.578,2.45E-01,2.09E+00,3.00E+00,1.76E+01
2689,59.9986,-178.578,2.42E-01,2.52E+00,2.78E+00,1.80E+01
2690,66.6651,-178.578,2.39E-01,3.02E+00,2.55E+00,1.84E+01
2691,73.2962,-178.578,2.35E-01,3.52E+00,2.37E+00,1.88E+01
2692,59.999,-185.719,1.20E-01,1.94E+00,1.40E+00,2.07E+01
2693,59.9994,-192.86,3.40E-02,5.47E+00,1.35E+00,2.46E+01
2694,53.3325,-185.719,1.22E-01,1.96E+00,1.58E+00,2.03E+01
2695,46.6659,-185.72,1.23E-01,2.00E+00,1.78E+00,1.99E+01
2696,53.3328,-192.86,3.43E-02,6.00E+00,1.29E+00,2.43E+01
2697,46.6662,-192.86,3.46E-02,6.46E+00,1.24E+00,2.39E+01
2698,73.3046,-185.722,1.17E-01,1.91E+00,1.17E+00,2.14E+01
2699,66.6655,-185.719,1.19E-01,1.89E+00,1.25E+00,2.10E+01
2700,73.3183,-192.863,3.31E-02,4.32E+00,1.56E+00,2.51E+01
2701,66.666,-192.86,3.36E-02,4.88E+00,1.44E+00,2.48E+01
2702,59.9976,-157.152,7.17E-01,7.89E+00,5.67E+00,1.47E+01
2703,59.9979,-164.295,5.48E-01,6.67E+00,4.89E+00,1.52E+01
2704,59.9982,-171.437,3.87E-01,4.96E+00,3.94E+00,1.62E+01
2705,53.3315,-164.295,5.56E-01,6.31E+00,5.09E+00,1.47E+01
2706,46.6651,-164.296,5.63E-01,6.04E+00,5.27E+00,1.41E+01
2707,53.3312,-157.153,7.29E-01,7.56E+00,5.88E+00,1.41E+01
2708,46.6649,-157.153,7.39E-01,7.32E+00,6.05E+00,1.35E+01
2709,53.3318,-171.437,3.92E-01,4.57E+00,4.15E+00,1.57E+01
2710,46.6653,-171.438,3.97E-01,4.26E+00,4.34E+00,1.52E+01
2711,73.3093,-164.291,5.28E-01,7.51E+00,4.50E+00,1.62E+01
2712,66.6642,-164.294,5.38E-01,7.11E+00,4.66E+00,1.58E+01
2713,73.3194,-157.149,6.89E-01,8.65E+00,5.31E+00,1.58E+01
2714,66.6639,-157.152,7.04E-01,8.29E+00,5.47E+00,1.53E+01
2715,73.3,-171.434,3.75E-01,5.88E+00,3.54E+00,1.71E+01
2716,66.6646,-171.437,3.81E-01,5.45E+00,3.71E+00,1.67E+01
2717,6.66665,-178.579,2.52E-01,1.67E+00,4.82E+00,1.40E+01
2718,13.3332,-178.579,2.53E-01,1.61E+00,4.54E+00,1.46E+01
2719,19.9996,-178.579,2.53E-01,1.59E+00,4.25E+00,1.51E+01
2720,26.6661,-178.579,2.52E-01,1.61E+00,3.95E+00,1.56E+01
2721,33.3326,-178.578,2.51E-01,1.56E+00,3.72E+00,1.61E+01
2722,19.9998,-185.72,1.25E-01,3.20E+00,2.85E+00,1.81E+01
2723,19.9998,-192.86,3.52E-02,8.06E+00,1.18E+00,2.24E+01
2724,13.3332,-185.72,1.25E-01,3.46E+00,3.16E+00,1.77E+01
2725,6.66666,-185.72,1.25E-01,3.69E+00,3.46E+00,1.71E+01
2726,13.3332,-192.86,3.51E-02,8.35E+00,1.29E+00,2.20E+01
2727,6.66662,-192.86,3.50E-02,8.59E+00,1.58E+00,2.15E+01
2728,33.3328,-185.72,1.24E-01,2.57E+00,2.29E+00,1.91E+01
2729,26.6663,-185.72,1.25E-01,2.88E+00,2.55E+00,1.86E+01
2730,33.333,-192.86,3.50E-02,7.35E+00,1.20E+00,2.32E+01
2731,26.6664,-192.86,3.51E-02,7.69E+00,1.18E+00,2.28E+01
2732,19.9994,-157.155,7.61E-01,6.54E+00,6.97E+00,1.08E+01
2733,19.9995,-164.296,5.78E-01,5.09E+00,6.25E+00,1.16E+01
2734,19.9996,-171.438,4.06E-01,3.15E+00,5.36E+00,1.30E+01
2735,13.3331,-164.296,5.78E-01,4.94E+00,6.51E+00,1.10E+01
2736,6.66665,-164.296,5.77E-01,4.86E+00,6.74E+00,1.03E+01
2737,13.333,-157.155,7.62E-01,6.43E+00,7.22E+00,1.01E+01
2738,6.66664,-157.155,7.60E-01,6.39E+00,7.45E+00,9.32E+00
2739,13.3331,-171.438,4.06E-01,2.95E+00,5.64E+00,1.24E+01
2740,6.66665,-171.438,4.06E-01,2.84E+00,5.89E+00,1.17E+01
2741,33.3323,-164.296,5.73E-01,5.47E+00,5.76E+00,1.29E+01
2742,26.6659,-164.296,5.76E-01,5.32E+00,5.96E+00,1.22E+01
2743,33.3321,-157.154,7.53E-01,6.84E+00,6.52E+00,1.21E+01
2744,26.6658,-157.154,7.58E-01,6.73E+00,6.71E+00,1.14E+01
2745,33.3325,-171.438,4.03E-01,3.61E+00,4.85E+00,1.41E+01
2746,26.666,-171.438,4.05E-01,3.42E+00,5.06E+00,1.35E+01
2747,-73.3117,-192.864,2.98E-02,9.34E+00,7.13E+00,1.43E+01
2748,-73.29,-185.722,1.05E-01,4.40E+00,8.72E+00,9.74E+00
2749,-73.2744,-178.577,2.11E-01,1.76E+00,9.91E+00,6.44E+00
2750,-73.2834,-171.432,3.38E-01,2.43E+00,1.09E+01,4.14E+00
2751,-73.2985,-164.289,4.78E-01,4.56E+00,1.17E+01,2.70E+00
2752,-73.3136,-157.146,6.25E-01,6.23E+00,1.25E+01,2.03E+00
2753,-33.333,-192.86,3.34E-02,9.59E+00,4.06E+00,1.84E+01
2754,-33.3326,-185.719,1.19E-01,4.57E+00,5.82E+00,1.38E+01
2755,-33.3322,-178.578,2.39E-01,1.68E+00,7.09E+00,1.05E+01
2756,-33.3319,-171.437,3.85E-01,2.17E+00,8.11E+00,8.16E+00
2757,-33.3317,-164.295,5.47E-01,4.32E+00,8.92E+00,6.50E+00
2758,-33.3314,-157.153,7.19E-01,6.00E+00,9.57E+00,5.33E+00
2759,-26.6657,-178.578,2.43E-01,1.67E+00,6.67E+00,1.11E+01
2760,-19.9993,-178.578,2.45E-01,1.69E+00,6.25E+00,1.17E+01
2761,-13.3328,-178.578,2.48E-01,1.71E+00,5.85E+00,1.23E+01
2762,-6.66631,-178.578,2.50E-01,1.66E+00,5.51E+00,1.29E+01
2763,-19.9995,-185.719,1.21E-01,4.37E+00,4.95E+00,1.50E+01
2764,-19.9998,-192.86,3.41E-02,9.36E+00,3.16E+00,1.95E+01
2765,-26.666,-185.719,1.20E-01,4.49E+00,5.38E+00,1.44E+01
2766,-26.6663,-192.86,3.38E-02,9.51E+00,3.61E+00,1.89E+01
2767,-6.66642,-185.72,1.23E-01,4.09E+00,4.18E+00,1.61E+01
2768,-13.3329,-185.72,1.22E-01,4.23E+00,4.54E+00,1.55E+01
2769,-6.66657,-192.86,3.47E-02,9.04E+00,2.34E+00,2.05E+01
2770,-13.3333,-192.86,3.44E-02,9.18E+00,2.72E+00,2.00E+01
2771,-19.9988,-157.154,7.39E-01,6.08E+00,8.76E+00,6.61E+00
2772,-19.9989,-164.296,5.61E-01,4.44E+00,8.09E+00,7.73E+00
2773,-19.9991,-171.438,3.95E-01,2.32E+00,7.27E+00,9.37E+00
2774,-26.6652,-164.295,5.54E-01,4.35E+00,8.51E+00,7.15E+00
2775,-26.665,-157.153,7.30E-01,6.01E+00,9.17E+00,5.99E+00
2776,-26.6655,-171.437,3.90E-01,2.21E+00,7.70E+00,8.80E+00
2777,-6.66613,-164.296,5.71E-01,4.59E+00,7.40E+00,9.03E+00
2778,-13.3325,-164.296,5.67E-01,4.55E+00,7.69E+00,8.33E+00
2779,-6.66607,-157.154,7.53E-01,6.18E+00,8.08E+00,7.99E+00
2780,-13.3325,-157.154,7.47E-01,6.18E+00,8.37E+00,7.25E+00
2781,-6.66621,-171.438,4.02E-01,2.50E+00,6.57E+00,1.06E+01
2782,-13.3326,-171.438,3.98E-01,2.45E+00,6.87E+00,9.92E+00
2783,-66.6411,-178.577,2.17E-01,1.79E+00,9.38E+00,7.13E+00
2784,-59.9982,-178.577,2.23E-01,1.76E+00,8.90E+00,7.85E+00
2785,-53.3317,-178.577,2.27E-01,1.76E+00,8.40E+00,8.54E+00
2786,-46.6652,-178.577,2.32E-01,1.77E+00,7.92E+00,9.18E+00
2787,-39.9987,-178.578,2.36E-01,1.73E+00,7.50E+00,9.85E+00
2788,-53.3322,-185.719,1.13E-01,4.63E+00,7.18E+00,1.19E+01
2789,-53.3328,-192.86,3.19E-02,9.63E+00,5.50E+00,1.64E+01
2790,-59.9987,-185.719,1.11E-01,4.60E+00,7.68E+00,1.12E+01
2791,-66.6469,-185.72,1.08E-01,4.52E+00,8.18E+00,1.05E+01
2792,-59.9994,-192.86,3.13E-02,9.58E+00,6.02E+00,1.57E+01
2793,-66.6564,-192.862,3.06E-02,9.47E+00,6.55E+00,1.50E+01
2794,-39.9991,-185.719,1.17E-01,4.62E+00,6.25E+00,1.32E+01
2795,-46.6656,-185.719,1.15E-01,4.63E+00,6.69E+00,1.25E+01
2796,-39.9996,-192.86,3.29E-02,9.62E+00,4.52E+00,1.77E+01
2797,-46.6661,-192.86,3.24E-02,9.62E+00,4.99E+00,1.71E+01
2798,-53.3303,-157.151,6.79E-01,6.07E+00,1.09E+01,3.36E+00
2799,-53.3308,-164.294,5.17E-01,4.38E+00,1.02E+01,4.48E+00
2800,-53.3312,-171.436,3.65E-01,2.23E+00,9.40E+00,6.15E+00
2801,-59.9972,-164.293,5.05E-01,4.41E+00,1.07E+01,3.85E+00
2802,-66.6493,-164.29,4.92E-01,4.50E+00,1.12E+01,3.19E+00
2803,-59.9967,-157.15,6.62E-01,6.12E+00,1.14E+01,2.81E+00
2804,-66.6558,-157.147,6.45E-01,6.19E+00,1.19E+01,2.30E+00
2805,-59.9977,-171.436,3.57E-01,2.26E+00,9.90E+00,5.48E+00
2806,-66.6433,-171.433,3.48E-01,2.36E+00,1.04E+01,4.76E+00
2807,-39.9981,-164.295,5.38E-01,4.34E+00,9.30E+00,5.78E+00
2808,-46.6644,-164.294,5.28E-01,4.38E+00,9.70E+00,5.07E+00
2809,-39.9978,-157.152,7.07E-01,6.04E+00,9.96E+00,4.62E+00
2810,-46.664,-157.152,6.94E-01,6.08E+00,1.04E+01,3.92E+00
2811,-39.9984,-171.437,3.79E-01,2.18E+00,8.50E+00,7.45E+00
2812,-46.6647,-171.436,3.72E-01,2.23E+00,8.90E+00,6.75E+00
2813,-112.447,-192.849,2.33E-02,7.23E+00,1.09E+01,9.07E+00
2814,-112.399,-185.709,8.15E-02,2.85E+00,1.21E+01,4.96E+00
2815,-112.371,-178.57,1.63E-01,1.67E+00,1.30E+01,2.65E+00
2816,-112.378,-171.436,2.59E-01,3.39E+00,1.39E+01,2.37E+00
2817,-112.401,-164.298,3.64E-01,5.29E+00,1.46E+01,3.25E+00
2818,-112.447,-157.152,4.72E-01,6.73E+00,1.53E+01,4.15E+00
2819,-105.938,-178.569,1.73E-01,1.70E+00,1.25E+01,3.06E+00
2820,-99.4747,-178.572,1.82E-01,1.71E+00,1.20E+01,3.65E+00
2821,-92.9554,-178.578,1.90E-01,1.73E+00,1.15E+01,4.31E+00
2822,-86.4193,-178.58,1.98E-01,1.75E+00,1.10E+01,4.98E+00
2823,-79.8557,-178.58,2.05E-01,1.75E+00,1.04E+01,5.71E+00
2824,-93.0223,-185.723,9.49E-02,3.83E+00,1.04E+01,7.43E+00
2825,-93.1433,-192.873,2.70E-02,8.63E+00,8.94E+00,1.18E+01
2826,-99.5402,-185.712,9.10E-02,3.57E+00,1.10E+01,6.60E+00
2827,-105.981,-185.703,8.66E-02,3.23E+00,1.15E+01,5.75E+00
2828,-99.657,-192.853,2.60E-02,8.28E+00,9.57E+00,1.09E+01
2829,-106.082,-192.837,2.48E-02,7.80E+00,1.02E+01,9.99E+00
2830,-79.8894,-185.728,1.02E-01,4.25E+00,9.28E+00,8.99E+00
2831,-86.4717,-185.729,9.86E-02,4.05E+00,9.82E+00,8.21E+00
2832,-79.9434,-192.869,2.89E-02,9.15E+00,7.72E+00,1.35E+01
2833,-86.5647,-192.872,2.80E-02,8.91E+00,8.31E+00,1.27E+01
2834,-93.1616,-157.132,5.57E-01,6.47E+00,1.41E+01,2.53E+00
2835,-93.0563,-164.284,4.27E-01,4.88E+00,1.33E+01,2.07E+00
2836,-92.9859,-171.433,3.03E-01,2.82E+00,1.25E+01,2.50E+00
2837,-99.5657,-164.292,4.07E-01,5.00E+00,1.38E+01,2.32E+00
2838,-106.002,-164.3,3.86E-01,5.15E+00,1.42E+01,2.76E+00
2839,-99.6712,-157.148,5.30E-01,6.56E+00,1.46E+01,3.03E+00
2840,-106.092,-157.163,5.02E-01,6.66E+00,1.49E+01,3.62E+00
2841,-99.4997,-171.434,2.90E-01,2.99E+00,1.30E+01,2.26E+00
2842,-105.956,-171.439,2.75E-01,3.19E+00,1.35E+01,2.21E+00
2843,-79.9127,-164.286,4.62E-01,4.65E+00,1.23E+01,2.30E+00
2844,-86.5037,-164.283,4.45E-01,4.77E+00,1.27E+01,2.06E+00
2845,-79.9539,-157.143,6.04E-01,6.31E+00,1.30E+01,1.98E+00
2846,-86.579,-157.139,5.81E-01,6.41E+00,1.35E+01,2.17E+00
2847,-79.8736,-171.43,3.28E-01,2.53E+00,1.14E+01,3.51E+00
2848,-86.4445,-171.429,3.16E-01,2.68E+00,1.19E+01,2.91E+00
2849,-143.747,-178.57,9.99E-02,2.79E+00,1.43E+01,2.95E+00
2850,-137.497,-178.571,1.14E-01,2.46E+00,1.42E+01,2.69E+00
2851,-131.247,-178.572,1.28E-01,2.08E+00,1.41E+01,2.50E+00
2852,-124.997,-178.572,1.41E-01,1.79E+00,1.38E+01,2.40E+00
2853,-118.696,-178.573,1.52E-01,1.68E+00,1.34E+01,2.43E+00
2854,-131.248,-185.715,6.38E-02,1.89E+00,1.34E+01,3.12E+00
2855,-131.249,-192.858,1.82E-02,5.05E+00,1.26E+01,6.27E+00
2856,-137.498,-185.714,5.68E-02,1.76E+00,1.37E+01,2.75E+00
2857,-143.748,-185.714,4.94E-02,1.65E+00,1.39E+01,2.50E+00
2858,-137.499,-192.857,1.62E-02,4.24E+00,1.31E+01,5.28E+00
2859,-143.749,-192.857,1.39E-02,3.43E+00,1.36E+01,4.32E+00
2860,-118.705,-185.713,7.61E-02,2.46E+00,1.25E+01,4.24E+00
2861,-124.998,-185.715,7.02E-02,2.10E+00,1.30E+01,3.62E+00
2862,-118.726,-192.853,2.18E-02,6.57E+00,1.15E+01,8.17E+00
2863,-124.999,-192.858,2.01E-02,5.83E+00,1.20E+01,7.23E+00
2864,-131.244,-157.141,3.72E-01,6.84E+00,1.57E+01,5.63E+00
2865,-131.245,-164.285,2.86E-01,5.63E+00,1.53E+01,4.84E+00
2866,-131.246,-171.429,2.04E-01,4.07E+00,1.47E+01,3.64E+00
2867,-137.495,-164.284,2.57E-01,5.73E+00,1.52E+01,5.22E+00
2868,-143.745,-164.284,2.26E-01,5.88E+00,1.49E+01,5.39E+00
2869,-137.495,-157.14,3.34E-01,6.79E+00,1.56E+01,5.99E+00
2870,-143.745,-157.14,2.94E-01,6.73E+00,1.52E+01,6.26E+00
2871,-137.496,-171.428,1.83E-01,4.36E+00,1.48E+01,4.00E+00
2872,-143.746,-171.427,1.60E-01,4.63E+00,1.46E+01,4.26E+00
2873,-118.707,-164.289,3.40E-01,5.42E+00,1.50E+01,3.80E+00
2874,-124.995,-164.286,3.14E-01,5.54E+00,1.52E+01,4.37E+00
2875,-118.723,-157.146,4.41E-01,6.80E+00,1.56E+01,4.68E+00
2876,-124.994,-157.142,4.07E-01,6.84E+00,1.57E+01,5.21E+00
2877,-118.697,-171.431,2.42E-01,3.60E+00,1.42E+01,2.73E+00
2878,-124.996,-171.43,2.24E-01,3.82E+00,1.45E+01,3.20E+00
2879,149.995,157.139,3.20E-01,1.43E+01,3.26E+00,1.91E+01
2880,149.996,164.283,2.62E-01,1.32E+01,3.31E+00,2.00E+01
2881,149.996,171.428,1.99E-01,1.23E+01,2.93E+00,2.09E+01
2882,149.997,178.572,1.33E-01,1.11E+01,2.18E+00,2.20E+01
2883,149.997,185.715,7.03E-02,9.36E+00,1.45E+00,2.38E+01
2884,149.999,192.858,2.08E-02,6.56E+00,2.23E+00,2.64E+01
2885,150,200,0.00E+00,4.84E+00,3.26E+00,2.81E+01
2886,143.75,200,0.00E+00,3.94E+00,3.46E+00,2.89E+01
2887,137.5,200,0.00E+00,3.08E+00,3.60E+00,2.94E+01
2888,131.25,200,0.00E+00,2.26E+00,3.72E+00,2.99E+01
2889,125,200,0.00E+00,1.55E+00,3.82E+00,3.02E+01
2890,118.75,200,0.00E+00,1.16E+00,3.90E+00,3.04E+01
2891,112.5,200,0.00E+00,1.22E+00,3.99E+00,3.01E+01
2892,106.25,200,0.00E+00,1.58E+00,3.96E+00,2.92E+01
2893,100,200,0.00E+00,2.20E+00,3.73E+00,2.84E+01
2894,93.3333,200,0.00E+00,3.32E+00,3.46E+00,2.88E+01
2895,86.6667,200,0.00E+00,4.49E+00,3.30E+00,2.93E+01
2896,80,200,0.00E+00,5.27E+00,3.21E+00,2.91E+01
2897,73.3333,200,0.00E+00,5.98E+00,3.10E+00,2.89E+01
2898,66.6667,200,0.00E+00,6.65E+00,2.96E+00,2.87E+01
2899,60,200,0.00E+00,7.23E+00,2.82E+00,2.84E+01
2900,53.3333,200,0.00E+00,7.79E+00,2.62E+00,2.80E+01
2901,46.6667,200,0.00E+00,8.30E+00,2.36E+00,2.77E+01
2902,40,200,0.00E+00,8.79E+00,2.07E+00,2.73E+01
2903,33.3333,200,0.00E+00,9.24E+00,1.76E+00,2.69E+01
2904,26.6667,200,0.00E+00,9.65E+00,1.44E+00,2.65E+01
2905,20,200,0.00E+00,1.00E+01,1.12E+00,2.61E+01
2906,13.3333,200,0.00E+00,1.04E+01,7.83E-01,2.56E+01
2907,6.66667,200,0.00E+00,1.06E+01,4.41E-01,2.51E+01
2908,0,200,0.00E+00,1.09E+01,2.11E-01,2.46E+01
2909,-6.66667,200,0.00E+00,1.11E+01,3.36E-01,2.41E+01
2910,-13.3333,200,0.00E+00,1.13E+01,7.19E-01,2.35E+01
2911,-20,200,0.00E+00,1.14E+01,1.13E+00,2.29E+01
2912,-26.6667,200,0.00E+00,1.15E+01,1.57E+00,2.23E+01
2913,-33.3333,200,0.00E+00,1.16E+01,2.02E+00,2.16E+01
2914,-40,200,0.00E+00,1.17E+01,2.49E+00,2.09E+01
2915,-46.6667,200,0.00E+00,1.17E+01,2.99E+00,2.02E+01
2916,-53.3333,200,0.00E+00,1.16E+01,3.50E+00,1.95E+01
2917,-60,200,0.00E+00,1.15E+01,4.03E+00,1.88E+01
2918,-66.6667,200,0.00E+00,1.13E+01,4.58E+00,1.82E+01
2919,-73.3333,200,0.00E+00,1.11E+01,5.16E+00,1.75E+01
2920,-80,200,0.00E+00,1.09E+01,5.76E+00,1.69E+01
2921,-86.6667,200,0.00E+00,1.09E+01,6.40E+00,1.63E+01
2922,-93.3333,200,0.00E+00,1.07E+01,7.10E+00,1.55E+01
2923,-100,200,0.00E+00,1.04E+01,7.82E+00,1.43E+01
2924,-106.25,200,0.00E+00,9.89E+00,8.52E+00,1.30E+01
2925,-112.5,200,0.00E+00,9.23E+00,9.14E+00,1.18E+01
2926,-118.75,200,0.00E+00,8.50E+00,9.73E+00,1.07E+01
2927,-125,200,0.00E+00,7.71E+00,1.03E+01,9.64E+00
2928,-131.25,200,0.00E+00,7.04E+00,1.09E+01,8.62E+00
2929,-137.5,200,0.00E+00,6.61E+00,1.15E+01,7.81E+00
2930,-143.75,200,0.00E+00,6.21E+00,1.20E+01,7.04E+00
2931,-150,200,0.00E+00,7.38E+00,7.30E+00,1.38E+01
2932,-149.999,192.857,1.30E-02,7.15E+00,7.07E+00,1.33E+01
2933,-149.997,185.714,4.84E-02,6.51E+00,6.67E+00,1.24E+01
2934,-149.996,178.571,1.01E-01,5.77E+00,6.69E+00,1.14E+01
2935,-149.996,171.428,1.64E-01,5.78E+00,7.15E+00,1.07E+01
2936,-149.995,164.285,2.35E-01,6.50E+00,7.62E+00,1.08E+01
2937,-149.995,157.141,3.09E-01,7.02E+00,8.02E+00,1.20E+01
2938,-0.000175312,192.861,3.42E-02,8.03E+00,1.17E+00,2.21E+01
2939,-0.000262951,185.72,1.24E-01,3.05E+00,2.88E+00,1.77E+01
2940,-0.00038397,178.579,2.51E-01,1.55E+00,4.27E+00,1.47E+01
2941,-0.000508827,171.438,4.06E-01,3.27E+00,5.41E+00,1.26E+01
2942,-0.00062353,164.296,5.78E-01,5.23E+00,6.41E+00,1.13E+01
2943,-0.000710029,157.154,7.62E-01,6.72E+00,7.35E+00,1.04E+01
2944,79.9677,192.866,3.28E-02,3.08E+00,2.12E+00,2.67E+01
2945,79.9355,185.725,1.17E-01,2.78E+00,1.23E+00,2.26E+01
2946,79.9123,178.578,2.32E-01,6.09E+00,2.07E+00,1.99E+01
2947,79.926,171.43,3.66E-01,8.59E+00,3.25E+00,1.82E+01
2948,79.9489,164.287,5.09E-01,1.06E+01,4.35E+00,1.71E+01
2949,79.9718,157.144,6.52E-01,1.24E+01,5.48E+00,1.62E+01
2950,118.717,192.853,2.80E-02,3.17E+00,2.65E+00,2.82E+01
2951,118.685,185.711,9.74E-02,6.87E+00,1.47E+00,2.47E+01
2952,118.662,178.574,1.90E-01,9.74E+00,2.14E+00,2.24E+01
2953,118.675,171.435,2.92E-01,1.18E+01,3.18E+00,2.08E+01
2954,118.698,164.291,3.97E-01,1.33E+01,4.00E+00,1.98E+01
2955,118.721,157.147,4.97E-01,1.48E+01,4.66E+00,1.91E+01
2956,124.961,178.573,1.80E-01,1.01E+01,2.14E+00,2.25E+01
2957,131.247,178.573,1.69E-01,1.04E+01,2.12E+00,2.25E+01
2958,137.497,178.573,1.58E-01,1.07E+01,2.12E+00,2.25E+01
2959,143.747,178.572,1.46E-01,1.10E+01,2.13E+00,2.23E+01
2960,131.247,185.717,8.77E-02,7.97E+00,1.46E+00,2.46E+01
2961,131.249,192.859,2.54E-02,4.38E+00,2.55E+00,2.79E+01
2962,124.97,185.714,9.28E-02,7.45E+00,1.47E+00,2.47E+01
2963,124.984,192.856,2.68E-02,3.71E+00,2.61E+00,2.81E+01
2964,143.747,185.716,7.65E-02,8.94E+00,1.45E+00,2.42E+01
2965,137.497,185.716,8.23E-02,8.47E+00,1.45E+00,2.44E+01
2966,143.749,192.859,2.24E-02,5.83E+00,2.37E+00,2.71E+01
2967,137.499,192.859,2.40E-02,5.09E+00,2.47E+00,2.75E+01
2968,131.245,157.141,4.30E-01,1.48E+01,4.29E+00,1.97E+01
2969,131.245,164.285,3.47E-01,1.35E+01,3.86E+00,2.03E+01
2970,131.246,171.43,2.58E-01,1.22E+01,3.15E+00,2.12E+01
2971,124.974,164.289,3.73E-01,1.35E+01,3.96E+00,2.01E+01
2972,124.984,157.144,4.64E-01,1.49E+01,4.51E+00,1.94E+01
2973,124.965,171.432,2.76E-01,1.20E+01,3.20E+00,2.10E+01
2974,143.745,164.284,2.91E-01,1.34E+01,3.46E+00,2.03E+01
2975,137.495,164.284,3.20E-01,1.35E+01,3.68E+00,2.04E+01
2976,143.745,157.139,3.57E-01,1.44E+01,3.52E+00,1.95E+01
2977,137.495,157.14,3.94E-01,1.46E+01,3.97E+00,1.97E+01
2978,143.746,171.428,2.19E-01,1.24E+01,2.98E+00,2.12E+01
2979,137.496,171.429,2.39E-01,1.23E+01,3.06E+00,2.13E+01
2980,86.4513,178.579,2.27E-01,6.71E+00,2.12E+00,2.02E+01
2981,92.9615,178.578,2.22E-01,7.39E+00,2.14E+00,2.06E+01
2982,99.4328,178.576,2.15E-01,8.09E+00,2.10E+00,2.11E+01
2983,105.878,178.573,2.07E-01,8.73E+00,2.08E+00,2.17E+01
2984,112.284,178.572,1.99E-01,9.28E+00,2.10E+00,2.21E+01
2985,99.5184,185.718,1.09E-01,4.92E+00,1.34E+00,2.33E+01
2986,99.6537,192.86,3.12E-02,2.65E+00,2.45E+00,2.65E+01
2987,93.0291,185.73,1.12E-01,4.19E+00,1.32E+00,2.29E+01
2988,86.5013,185.733,1.15E-01,3.43E+00,1.28E+00,2.28E+01
2989,93.1515,192.879,3.19E-02,2.84E+00,2.28E+00,2.65E+01
2990,86.582,192.875,3.24E-02,3.02E+00,2.18E+00,2.68E+01
2991,112.334,185.703,1.02E-01,6.24E+00,1.43E+00,2.44E+01
2992,105.945,185.706,1.06E-01,5.60E+00,1.38E+00,2.39E+01
2993,112.415,192.844,2.92E-02,2.85E+00,2.66E+00,2.80E+01
2994,106.067,192.84,3.03E-02,2.68E+00,2.60E+00,2.72E+01
2995,99.6842,157.145,5.83E-01,1.43E+01,4.89E+00,1.80E+01
2996,99.5797,164.289,4.60E-01,1.25E+01,4.18E+00,1.88E+01
2997,99.4803,171.433,3.35E-01,1.05E+01,3.21E+00,1.97E+01
2998,93.0782,164.278,4.78E-01,1.19E+01,4.18E+00,1.82E+01
2999,86.5371,164.276,4.95E-01,1.12E+01,4.21E+00,1.76E+01
3000,93.1748,157.13,6.09E-01,1.37E+01,5.04E+00,1.74E+01
3001,86.5989,157.136,6.32E-01,1.30E+01,5.27E+00,1.67E+01
3002,92.9997,171.426,3.47E-01,9.85E+00,3.25E+00,1.91E+01
3003,86.4786,171.425,3.57E-01,9.20E+00,3.25E+00,1.86E+01
3004,112.37,164.303,4.20E-01,1.32E+01,4.03E+00,1.96E+01
3005,105.994,164.301,4.41E-01,1.30E+01,4.11E+00,1.93E+01
3006,112.432,157.155,5.28E-01,1.47E+01,4.76E+00,1.87E+01
3007,106.091,157.161,5.56E-01,1.46E+01,4.82E+00,1.84E+01
3008,112.311,171.441,3.08E-01,1.15E+01,3.16E+00,2.06E+01
3009,105.916,171.44,3.22E-01,1.11E+01,3.16E+00,2.02E+01
3010,39.9994,192.86,3.44E-02,5.91E+00,1.34E+00,2.48E+01
3011,39.999,185.72,1.24E-01,2.13E+00,1.37E+00,2.06E+01
3012,39.9985,178.579,2.50E-01,2.76E+00,2.82E+00,1.76E+01
3013,39.9981,171.437,4.00E-01,5.44E+00,4.11E+00,1.56E+01
3014,39.9977,164.295,5.65E-01,7.48E+00,5.22E+00,1.43E+01
3015,39.9974,157.153,7.37E-01,9.17E+00,6.31E+00,1.33E+01
3016,46.665,178.578,2.48E-01,3.25E+00,2.62E+00,1.81E+01
3017,53.3315,178.578,2.46E-01,3.77E+00,2.44E+00,1.85E+01
3018,59.9979,178.578,2.43E-01,4.32E+00,2.27E+00,1.89E+01
3019,66.6644,178.578,2.40E-01,4.91E+00,2.13E+00,1.93E+01
3020,73.2956,178.578,2.36E-01,5.50E+00,2.06E+00,1.96E+01
3021,59.9986,185.72,1.21E-01,2.16E+00,1.16E+00,2.17E+01
3022,59.9992,192.86,3.38E-02,4.37E+00,1.79E+00,2.59E+01
3023,53.3321,185.72,1.22E-01,2.14E+00,1.18E+00,2.14E+01
3024,46.6655,185.72,1.23E-01,2.14E+00,1.24E+00,2.10E+01
3025,53.3326,192.86,3.40E-02,4.91E+00,1.63E+00,2.56E+01
3026,46.666,192.86,3.42E-02,5.43E+00,1.46E+00,2.52E+01
3027,73.3042,185.722,1.18E-01,2.36E+00,1.18E+00,2.24E+01
3028,66.6651,185.719,1.20E-01,2.20E+00,1.15E+00,2.21E+01
3029,73.3181,192.863,3.32E-02,3.32E+00,2.03E+00,2.65E+01
3030,66.6658,192.86,3.35E-02,3.81E+00,1.92E+00,2.62E+01
3031,59.9963,157.151,7.03E-01,1.07E+01,5.91E+00,1.47E+01
3032,59.9968,164.294,5.43E-01,8.97E+00,4.78E+00,1.57E+01
3033,59.9974,171.436,3.87E-01,6.95E+00,3.61E+00,1.70E+01
3034,53.3305,164.294,5.51E-01,8.47E+00,4.92E+00,1.52E+01
3035,46.6641,164.295,5.59E-01,7.97E+00,5.06E+00,1.48E+01
3036,53.33,157.151,7.16E-01,1.02E+01,6.04E+00,1.42E+01
3037,46.6637,157.152,7.27E-01,9.67E+00,6.17E+00,1.38E+01
3038,53.331,171.436,3.92E-01,6.42E+00,3.76E+00,1.65E+01
3039,46.6645,171.437,3.96E-01,5.92E+00,3.93E+00,1.61E+01
3040,73.3083,164.29,5.21E-01,1.00E+01,4.51E+00,1.66E+01
3041,66.6632,164.293,5.33E-01,9.49E+00,4.65E+00,1.61E+01
3042,73.3182,157.147,6.71E-01,1.18E+01,5.65E+00,1.57E+01
3043,66.6626,157.15,6.88E-01,1.13E+01,5.78E+00,1.52E+01
3044,73.2991,171.433,3.74E-01,8.03E+00,3.34E+00,1.78E+01
3045,66.6637,171.436,3.81E-01,7.49E+00,3.47E+00,1.74E+01
3046,6.66611,178.579,2.52E-01,1.55E+00,4.00E+00,1.52E+01
3047,13.3326,178.579,2.53E-01,1.56E+00,3.74E+00,1.57E+01
3048,19.9991,178.579,2.53E-01,1.66E+00,3.49E+00,1.62E+01
3049,26.6656,178.579,2.52E-01,1.92E+00,3.26E+00,1.67E+01
3050,33.3321,178.579,2.51E-01,2.32E+00,3.03E+00,1.72E+01
3051,19.9994,185.72,1.25E-01,2.26E+00,2.03E+00,1.92E+01
3052,19.9996,192.861,3.46E-02,7.14E+00,1.18E+00,2.36E+01
3053,13.3328,185.72,1.24E-01,2.50E+00,2.30E+00,1.88E+01
3054,6.66628,185.72,1.24E-01,2.79E+00,2.59E+00,1.83E+01
3055,13.333,192.861,3.45E-02,7.47E+00,1.15E+00,2.31E+01
3056,6.66643,192.861,3.44E-02,7.77E+00,1.12E+00,2.26E+01
3057,33.3325,185.72,1.24E-01,2.14E+00,1.56E+00,2.01E+01
3058,26.6659,185.72,1.24E-01,2.15E+00,1.79E+00,1.97E+01
3059,33.3328,192.861,3.45E-02,6.36E+00,1.26E+00,2.44E+01
3060,26.6662,192.861,3.46E-02,6.77E+00,1.21E+00,2.40E+01
3061,19.9984,157.154,7.57E-01,7.81E+00,6.80E+00,1.19E+01
3062,19.9986,164.296,5.77E-01,6.20E+00,5.77E+00,1.29E+01
3063,19.9988,171.438,4.06E-01,4.19E+00,4.71E+00,1.42E+01
3064,13.3322,164.296,5.79E-01,5.84E+00,5.97E+00,1.24E+01
3065,6.66578,164.296,5.79E-01,5.52E+00,6.19E+00,1.18E+01
3066,13.332,157.154,7.61E-01,7.41E+00,6.97E+00,1.14E+01
3067,6.66566,157.154,7.62E-01,7.05E+00,7.16E+00,1.09E+01
3068,13.3324,171.438,4.07E-01,3.85E+00,4.93E+00,1.37E+01
3069,6.66594,171.438,4.07E-01,3.54E+00,5.17E+00,1.32E+01
3070,33.3314,164.295,5.70E-01,7.03E+00,5.40E+00,1.38E+01
3071,26.665,164.296,5.74E-01,6.60E+00,5.58E+00,1.33E+01
3072,33.331,157.153,7.45E-01,8.69E+00,6.47E+00,1.28E+01
3073,26.6647,157.153,7.52E-01,8.23E+00,6.63E+00,1.24E+01
3074,33.3317,171.437,4.03E-01,4.99E+00,4.30E+00,1.52E+01
3075,26.6653,171.437,4.05E-01,4.57E+00,4.50E+00,1.47E+01
3076,-73.3119,192.863,2.83E-02,8.49E+00,5.98E+00,1.50E+01
3077,-73.2904,185.722,1.02E-01,3.97E+00,7.36E+00,1.07E+01
3078,-73.2749,178.577,2.08E-01,1.49E+00,8.37E+00,7.71E+00
3079,-73.2841,171.432,3.37E-01,1.89E+00,9.18E+00,5.72E+00
3080,-73.2994,164.29,4.83E-01,3.57E+00,9.87E+00,4.60E+00
3081,-73.3148,157.147,6.42E-01,4.66E+00,1.04E+01,4.16E+00
3082,-33.3331,192.86,3.24E-02,8.79E+00,2.99E+00,1.91E+01
3083,-33.3329,185.72,1.17E-01,3.90E+00,4.63E+00,1.48E+01
3084,-33.3328,178.578,2.39E-01,1.54E+00,5.86E+00,1.17E+01
3085,-33.3327,171.437,3.87E-01,2.36E+00,6.85E+00,9.67E+00
3086,-33.3326,164.295,5.54E-01,4.22E+00,7.70E+00,8.37E+00
3087,-33.3325,157.154,7.34E-01,5.53E+00,8.45E+00,7.64E+00
3088,-26.6663,178.579,2.42E-01,1.54E+00,5.50E+00,1.24E+01
3089,-19.9999,178.579,2.45E-01,1.54E+00,5.17E+00,1.30E+01
3090,-13.3333,178.579,2.48E-01,1.54E+00,4.85E+00,1.36E+01
3091,-6.66686,178.579,2.50E-01,1.54E+00,4.55E+00,1.41E+01
3092,-19.9999,185.72,1.20E-01,3.64E+00,3.88E+00,1.60E+01
3093,-20,192.86,3.33E-02,8.58E+00,2.15E+00,2.04E+01
3094,-26.6664,185.72,1.19E-01,3.78E+00,4.24E+00,1.54E+01
3095,-26.6665,192.86,3.29E-02,8.70E+00,2.56E+00,1.97E+01
3096,-6.66679,185.72,1.23E-01,3.28E+00,3.20E+00,1.72E+01
3097,-13.3333,185.72,1.22E-01,3.47E+00,3.53E+00,1.66E+01
3098,-6.66676,192.86,3.40E-02,8.25E+00,1.39E+00,2.15E+01
3099,-13.3334,192.86,3.37E-02,8.43E+00,1.76E+00,2.10E+01
3100,-19.9998,157.154,7.51E-01,5.93E+00,7.97E+00,8.78E+00
3101,-19.9998,164.296,5.68E-01,4.55E+00,7.14E+00,9.58E+00
3102,-19.9999,171.437,3.97E-01,2.64E+00,6.23E+00,1.09E+01
3103,-26.6662,164.296,5.61E-01,4.37E+00,7.41E+00,8.98E+00
3104,-26.6661,157.154,7.44E-01,5.72E+00,8.20E+00,8.21E+00
3105,-26.6662,171.437,3.92E-01,2.49E+00,6.53E+00,1.03E+01
3106,-6.66701,164.296,5.76E-01,4.97E+00,6.64E+00,1.07E+01
3107,-13.3334,164.296,5.72E-01,4.74E+00,6.88E+00,1.02E+01
3108,-6.66706,157.154,7.61E-01,6.43E+00,7.55E+00,9.88E+00
3109,-13.3335,157.154,7.57E-01,6.16E+00,7.76E+00,9.34E+00
3110,-6.66694,171.438,4.04E-01,3.03E+00,5.67E+00,1.21E+01
3111,-13.3334,171.438,4.01E-01,2.82E+00,5.94E+00,1.15E+01
3112,-66.6416,178.577,2.14E-01,1.52E+00,7.92E+00,8.37E+00
3113,-59.9987,178.577,2.20E-01,1.54E+00,7.48E+00,9.05E+00
3114,-53.3322,178.578,2.25E-01,1.55E+00,7.04E+00,9.75E+00
3115,-46.6657,178.578,2.30E-01,1.54E+00,6.63E+00,1.04E+01
3116,-39.9993,178.578,2.35E-01,1.54E+00,6.23E+00,1.11E+01
3117,-53.3326,185.719,1.11E-01,4.12E+00,5.92E+00,1.27E+01
3118,-53.3329,192.86,3.06E-02,8.88E+00,4.40E+00,1.70E+01
3119,-59.9991,185.719,1.08E-01,4.13E+00,6.39E+00,1.20E+01
3120,-66.6473,185.72,1.05E-01,4.09E+00,6.87E+00,1.14E+01
3121,-59.9996,192.86,2.99E-02,8.81E+00,4.91E+00,1.63E+01
3122,-66.6566,192.862,2.91E-02,8.70E+00,5.43E+00,1.57E+01
3123,-39.9995,185.719,1.15E-01,4.00E+00,5.04E+00,1.41E+01
3124,-46.666,185.719,1.13E-01,4.08E+00,5.47E+00,1.34E+01
3125,-39.9998,192.86,3.18E-02,8.86E+00,3.44E+00,1.84E+01
3126,-46.6663,192.86,3.12E-02,8.89E+00,3.91E+00,1.77E+01
3127,-53.3315,157.152,6.95E-01,5.05E+00,9.30E+00,5.91E+00
3128,-53.3317,164.294,5.23E-01,3.85E+00,8.68E+00,6.53E+00
3129,-53.332,171.436,3.65E-01,2.06E+00,7.94E+00,7.75E+00
3130,-59.9981,164.294,5.11E-01,3.75E+00,9.05E+00,5.90E+00
3131,-66.6503,164.291,4.98E-01,3.66E+00,9.44E+00,5.26E+00
3132,-59.9979,157.152,6.79E-01,4.91E+00,9.64E+00,5.34E+00
3133,-66.657,157.149,6.61E-01,4.79E+00,1.00E+01,4.75E+00
3134,-59.9984,171.436,3.57E-01,1.99E+00,8.34E+00,7.09E+00
3135,-66.644,171.434,3.47E-01,1.93E+00,8.76E+00,6.40E+00
3136,-39.999,164.295,5.45E-01,4.08E+00,8.00E+00,7.76E+00
3137,-46.6653,164.295,5.35E-01,3.96E+00,8.33E+00,7.15E+00
3138,-39.9989,157.153,7.23E-01,5.35E+00,8.71E+00,7.06E+00
3139,-46.6652,157.153,7.10E-01,5.19E+00,8.99E+00,6.49E+00
3140,-39.9992,171.437,3.81E-01,2.24E+00,7.20E+00,9.05E+00
3141,-46.6655,171.436,3.73E-01,2.14E+00,7.56E+00,8.41E+00
3142,-112.447,192.849,2.17E-02,6.97E+00,9.65E+00,9.80E+00
3143,-112.399,185.71,7.84E-02,3.01E+00,1.06E+01,6.30E+00
3144,-112.371,178.571,1.60E-01,1.41E+00,1.13E+01,3.84E+00
3145,-112.379,171.437,2.60E-01,2.39E+00,1.20E+01,2.42E+00
3146,-112.402,164.3,3.73E-01,3.81E+00,1.25E+01,1.98E+00
3147,-112.449,157.154,4.97E-01,4.53E+00,1.28E+01,1.99E+00
3148,-105.938,178.569,1.70E-01,1.43E+00,1.09E+01,4.52E+00
3149,-99.4752,178.572,1.78E-01,1.45E+00,1.04E+01,5.21E+00
3150,-92.9559,178.578,1.86E-01,1.47E+00,9.85E+00,5.86E+00
3151,-86.4199,178.58,1.94E-01,1.47E+00,9.32E+00,6.48E+00
3152,-79.8562,178.58,2.01E-01,1.47E+00,8.83E+00,7.08E+00
3153,-93.0227,185.723,9.12E-02,3.71E+00,8.91E+00,8.87E+00
3154,-93.1434,192.873,2.51E-02,8.16E+00,7.74E+00,1.31E+01
3155,-99.5405,185.712,8.72E-02,3.56E+00,9.48E+00,8.10E+00
3156,-105.981,185.703,8.30E-02,3.30E+00,1.01E+01,7.21E+00
3157,-99.6571,192.853,2.41E-02,7.92E+00,8.40E+00,1.21E+01
3158,-106.082,192.837,2.30E-02,7.50E+00,9.06E+00,1.09E+01
3159,-79.8897,185.727,9.87E-02,3.86E+00,7.85E+00,1.01E+01
3160,-86.4721,185.729,9.51E-02,3.80E+00,8.36E+00,9.53E+00
3161,-79.9436,192.869,2.73E-02,8.33E+00,6.54E+00,1.44E+01
3162,-86.5649,192.872,2.63E-02,8.28E+00,7.11E+00,1.38E+01
3163,-93.1628,157.134,5.75E-01,4.42E+00,1.19E+01,2.46E+00
3164,-93.0573,164.285,4.33E-01,3.57E+00,1.13E+01,2.85E+00
3165,-92.9866,171.433,3.02E-01,2.04E+00,1.07E+01,3.90E+00
3166,-99.5667,164.293,4.14E-01,3.62E+00,1.18E+01,2.42E+00
3167,-106.003,164.301,3.94E-01,3.69E+00,1.21E+01,2.12E+00
3168,-99.6724,157.15,5.50E-01,4.42E+00,1.23E+01,2.13E+00
3169,-106.093,157.166,5.24E-01,4.45E+00,1.26E+01,1.97E+00
3170,-99.5004,171.435,2.89E-01,2.13E+00,1.11E+01,3.35E+00
3171,-105.957,171.439,2.75E-01,2.24E+00,1.16E+01,2.84E+00
3172,-79.9136,164.287,4.67E-01,3.52E+00,1.03E+01,3.94E+00
3173,-86.5046,164.285,4.51E-01,3.53E+00,1.08E+01,3.36E+00
3174,-79.9551,157.145,6.21E-01,4.55E+00,1.09E+01,3.54E+00
3175,-86.5802,157.14,5.99E-01,4.47E+00,1.14E+01,2.95E+00
3176,-79.8743,171.431,3.26E-01,1.92E+00,9.64E+00,5.08E+00
3177,-86.4452,171.43,3.15E-01,1.98E+00,1.01E+01,4.48E+00
3178,-143.747,178.572,1.07E-01,1.46E+00,1.22E+01,2.74E+00
3179,-137.497,178.572,1.18E-01,1.31E+00,1.23E+01,2.49E+00
3180,-131.247,178.573,1.29E-01,1.29E+00,1.22E+01,2.54E+00
3181,-124.997,178.573,1.40E-01,1.32E+00,1.20E+01,2.79E+00
3182,-118.696,178.573,1.51E-01,1.37E+00,1.17E+01,3.23E+00
3183,-131.248,185.715,6.22E-02,2.23E+00,1.16E+01,4.34E+00
3184,-131.249,192.858,1.69E-02,5.31E+00,1.11E+01,7.07E+00
3185,-137.498,185.715,5.64E-02,2.42E+00,1.19E+01,4.18E+00
3186,-143.748,185.715,5.11E-02,3.02E+00,1.20E+01,4.35E+00
3187,-137.499,192.858,1.51E-02,5.14E+00,1.16E+01,6.53E+00
3188,-143.749,192.858,1.36E-02,5.17E+00,1.19E+01,6.16E+00
3189,-118.705,185.713,7.34E-02,2.70E+00,1.10E+01,5.47E+00
3190,-124.998,185.716,6.80E-02,2.38E+00,1.14E+01,4.80E+00
3191,-118.726,192.854,2.02E-02,6.39E+00,1.02E+01,8.80E+00
3192,-124.999,192.858,1.86E-02,5.77E+00,1.07E+01,7.86E+00
3193,-131.245,157.143,4.05E-01,4.80E+00,1.31E+01,2.77E+00
3194,-131.246,164.286,3.04E-01,3.98E+00,1.30E+01,2.46E+00
3195,-131.246,171.43,2.11E-01,2.53E+00,1.26E+01,2.03E+00
3196,-137.496,164.286,2.79E-01,3.80E+00,1.28E+01,2.58E+00
3197,-143.746,164.285,2.55E-01,3.24E+00,1.22E+01,2.33E+00
3198,-137.495,157.142,3.72E-01,4.81E+00,1.28E+01,3.13E+00
3199,-143.745,157.142,3.39E-01,4.75E+00,1.19E+01,3.44E+00
3200,-137.496,171.429,1.93E-01,2.29E+00,1.26E+01,2.00E+00
3201,-143.746,171.429,1.77E-01,1.74E+00,1.23E+01,1.95E+00
3202,-118.708,164.291,3.52E-01,3.92E+00,1.27E+01,2.03E+00
3203,-124.996,164.287,3.28E-01,3.99E+00,1.29E+01,2.22E+00
3204,-118.725,157.149,4.68E-01,4.63E+00,1.31E+01,2.16E+00
3205,-124.995,157.144,4.37E-01,4.72E+00,1.32E+01,2.44E+00
3206,-118.698,171.432,2.45E-01,2.51E+00,1.23E+01,2.15E+00
3207,-124.996,171.43,2.28E-01,2.56E+00,1.25E+01,2.04E+00
3208,-157.143,200,0.00E+00,8.48E+00,2.40E+00,2.13E+01
3209,-164.286,200,0.00E+00,8.04E+00,2.22E+00,2.14E+01
3210,-171.429,200,0.00E+00,7.98E+00,1.85E+00,2.08E+01
3211,-178.571,200,0.00E+00,8.10E+00,1.38E+00,1.95E+01
3212,-185.714,200,0.00E+00,8.29E+00,9.67E-01,1.73E+01
3213,-192.857,200,0.00E+00,7.89E+00,6.87E-01,1.37E+01
3214,-200,200,0.00E+00,7.41E+00,5.68E-01,1.14E+01
3215,-200,192.857,0.00E+00,7.75E+00,6.82E-01,1.36E+01
3216,-200,185.714,0.00E+00,7.74E+00,9.47E-01,1.74E+01
3217,-200,178.571,0.00E+00,6.89E+00,1.35E+00,2.00E+01
3218,-200,171.429,0.00E+00,5.77E+00,1.84E+00,2.20E+01
3219,-200,164.286,0.00E+00,4.42E+00,2.32E+00,2.37E+01
3220,-200,157.143,0.00E+00,2.97E+00,2.84E+00,2.55E+01
3221,-200,150,0.00E+00,1.90E+00,3.42E+00,2.73E+01
3222,-200,143.75,0.00E+00,1.46E+00,3.80E+00,2.79E+01
3223,-200,137.5,0.00E+00,1.22E+00,3.91E+00,2.77E+01
3224,-200,131.25,0.00E+00,1.05E+00,3.88E+00,2.78E+01
3225,-200,125,0.00E+00,1.32E+00,3.85E+00,2.80E+01
3226,-200,118.75,0.00E+00,1.94E+00,3.80E+00,2.81E+01
3227,-200,112.5,0.00E+00,2.65E+00,3.70E+00,2.82E+01
3228,-200,106.25,0.00E+00,3.29E+00,3.61E+00,2.81E+01
3229,-200,100,0.00E+00,3.78E+00,3.49E+00,2.75E+01
3230,-200,93.3333,0.00E+00,4.54E+00,3.29E+00,2.73E+01
3231,-200,86.6667,0.00E+00,5.55E+00,3.08E+00,2.76E+01
3232,-200,80,0.00E+00,6.35E+00,2.88E+00,2.76E+01
3233,-200,73.3333,0.00E+00,7.01E+00,2.67E+00,2.73E+01
3234,-200,66.6667,0.00E+00,7.64E+00,2.44E+00,2.71E+01
3235,-200,60,0.00E+00,8.23E+00,2.20E+00,2.69E+01
3236,-200,53.3333,0.00E+00,8.78E+00,1.94E+00,2.66E+01
3237,-200,46.6667,0.00E+00,9.30E+00,1.65E+00,2.64E+01
3238,-200,40,0.00E+00,9.77E+00,1.35E+00,2.60E+01
3239,-200,33.3333,0.00E+00,1.02E+01,1.04E+00,2.57E+01
3240,-200,26.6667,0.00E+00,1.06E+01,7.14E-01,2.54E+01
3241,-200,20,0.00E+00,1.09E+01,3.80E-01,2.50E+01
3242,-200,13.3333,0.00E+00,1.12E+01,1.99E-01,2.46E+01
3243,-200,6.66667,0.00E+00,1.15E+01,3.70E-01,2.41E+01
3244,-200,-5.33E-14,0.00E+00,1.17E+01,7.49E-01,2.37E+01
3245,-200,-6.66667,0.00E+00,1.19E+01,1.15E+00,2.32E+01
3246,-200,-13.3333,0.00E+00,1.21E+01,1.57E+00,2.27E+01
3247,-200,-20,0.00E+00,1.23E+01,2.01E+00,2.22E+01
3248,-200,-26.6667,0.00E+00,1.24E+01,2.46E+00,2.16E+01
3249,-200,-33.3333,0.00E+00,1.25E+01,2.93E+00,2.10E+01
3250,-200,-40,0.00E+00,1.25E+01,3.42E+00,2.05E+01
3251,-200,-46.6667,0.00E+00,1.25E+01,3.92E+00,1.98E+01
3252,-200,-53.3333,0.00E+00,1.25E+01,4.45E+00,1.92E+01
3253,-200,-60,0.00E+00,1.24E+01,5.00E+00,1.85E+01
3254,-200,-66.6667,0.00E+00,1.23E+01,5.57E+00,1.78E+01
3255,-200,-73.3333,0.00E+00,1.21E+01,6.17E+00,1.71E+01
3256,-200,-80,0.00E+00,1.18E+01,6.79E+00,1.63E+01
3257,-200,-86.6667,0.00E+00,1.15E+01,7.45E+00,1.55E+01
3258,-200,-93.3333,0.00E+00,1.11E+01,8.15E+00,1.48E+01
3259,-200,-100,0.00E+00,1.09E+01,8.88E+00,1.43E+01
3260,-200,-106.25,0.00E+00,1.05E+01,9.68E+00,1.32E+01
3261,-200,-112.5,0.00E+00,9.90E+00,1.04E+01,1.17E+01
3262,-200,-118.75,0.00E+00,9.30E+00,1.10E+01,1.04E+01
3263,-200,-125,0.00E+00,8.73E+00,1.16E+01,9.15E+00
3264,-200,-131.25,0.00E+00,8.02E+00,1.23E+01,7.74E+00
3265,-200,-137.5,0.00E+00,7.05E+00,1.29E+01,6.17E+00
3266,-200,-143.75,0.00E+00,6.16E+00,1.33E+01,4.68E+00
3267,-200,-150,0.00E+00,4.90E+00,1.38E+01,3.29E+00
3268,-200,-157.143,0.00E+00,3.31E+00,1.40E+01,2.54E+00
3269,-200,-164.286,0.00E+00,2.12E+00,1.42E+01,2.19E+00
3270,-200,-171.429,0.00E+00,1.39E+00,1.44E+01,1.68E+00
3271,-200,-178.571,0.00E+00,1.10E+00,1.43E+01,1.35E+00
3272,-200,-185.714,0.00E+00,1.02E+00,1.38E+01,1.14E+00
3273,-200,-192.857,0.00E+00,8.35E-01,1.20E+01,8.63E-01
3274,-200,-200,0.00E+00,6.90E-01,1.06E+01,6.84E-01
3275,-192.857,-200,0.00E+00,8.47E-01,1.21E+01,8.71E-01
3276,-185.714,-200,0.00E+00,1.05E+00,1.42E+01,1.17E+00
3277,-178.571,-200,0.00E+00,1.18E+00,1.49E+01,1.38E+00
3278,-171.429,-200,0.00E+00,1.52E+00,1.52E+01,1.68E+00
3279,-164.286,-200,0.00E+00,2.23E+00,1.50E+01,2.32E+00
3280,-157.143,-200,0.00E+00,3.19E+00,1.46E+01,3.38E+00
3281,-192.86,-1.22E-05,3.41E-02,8.86E+00,1.86E+00,2.11E+01
3282,-185.72,7.73E-05,1.23E-01,3.85E+00,3.74E+00,1.66E+01
3283,-178.579,0.000137462,2.50E-01,1.59E+00,5.11E+00,1.34E+01
3284,-171.438,0.000187735,4.02E-01,2.64E+00,6.19E+00,1.12E+01
3285,-164.296,0.000229969,5.73E-01,4.68E+00,7.05E+00,9.70E+00
3286,-157.154,0.000266881,7.56E-01,6.24E+00,7.76E+00,8.69E+00
3287,-192.86,99.7926,3.01E-02,2.46E+00,2.31E+00,2.56E+01
3288,-185.718,99.7918,1.07E-01,2.82E+00,1.17E+00,2.23E+01
3289,-178.576,99.7911,2.13E-01,5.73E+00,1.82E+00,2.01E+01
3290,-171.434,99.7905,3.36E-01,7.79E+00,2.97E+00,1.88E+01
3291,-164.291,99.7899,4.69E-01,9.27E+00,3.93E+00,1.82E+01
3292,-157.148,99.7894,6.07E-01,1.04E+01,4.61E+00,1.80E+01
3293,-192.858,150.441,2.04E-02,3.81E+00,2.25E+00,2.56E+01
3294,-185.716,150.44,7.02E-02,6.71E+00,1.43E+00,2.28E+01
3295,-178.572,150.44,1.35E-01,8.21E+00,2.40E+00,2.12E+01
3296,-171.429,150.439,2.03E-01,8.99E+00,3.44E+00,2.03E+01
3297,-164.285,150.439,2.69E-01,9.36E+00,4.28E+00,1.98E+01
3298,-157.141,150.44,3.30E-01,9.46E+00,5.32E+00,2.02E+01
3299,-178.571,157.322,1.17E-01,7.92E+00,2.64E+00,2.08E+01
3300,-178.571,164.284,9.60E-02,7.57E+00,2.68E+00,2.02E+01
3301,-178.57,171.427,7.34E-02,7.25E+00,2.53E+00,1.94E+01
3302,-178.569,178.57,5.01E-02,7.15E+00,2.21E+00,1.86E+01
3303,-178.569,185.713,2.76E-02,7.54E+00,1.60E+00,1.85E+01
3304,-178.57,192.857,8.71E-03,7.99E+00,1.30E+00,1.90E+01
3305,-185.714,171.427,4.08E-02,6.99E+00,1.71E+00,2.01E+01
3306,-192.857,171.428,1.26E-02,6.32E+00,1.51E+00,2.13E+01
3307,-185.714,164.284,5.22E-02,7.02E+00,1.60E+00,2.12E+01
3308,-185.715,157.322,6.19E-02,6.91E+00,1.52E+00,2.21E+01
3309,-192.858,164.285,1.57E-02,5.52E+00,1.65E+00,2.28E+01
3310,-192.873,157.293,1.82E-02,4.60E+00,1.90E+00,2.42E+01
3311,-185.713,185.713,1.63E-02,6.89E+00,1.53E+00,1.75E+01
3312,-192.857,185.713,5.28E-03,7.22E+00,1.16E+00,1.72E+01
3313,-185.713,178.57,2.87E-02,6.85E+00,1.75E+00,1.88E+01
3314,-192.857,178.57,9.06E-03,6.89E+00,1.37E+00,1.95E+01
3315,-185.713,192.857,5.30E-03,7.65E+00,1.15E+00,1.71E+01
3316,-192.856,192.856,1.62E-03,7.61E+00,8.66E-01,1.48E+01
3317,-157.139,171.428,1.51E-01,9.72E+00,2.63E+00,1.95E+01
3318,-164.283,171.427,1.31E-01,8.75E+00,2.95E+00,1.94E+01
3319,-171.427,171.427,1.04E-01,7.79E+00,2.91E+00,1.92E+01
3320,-164.283,164.284,1.79E-01,8.50E+00,3.60E+00,1.95E+01
3321,-164.284,157.322,2.26E-01,8.66E+00,4.05E+00,1.97E+01
3322,-157.139,164.284,2.11E-01,9.55E+00,3.57E+00,1.96E+01
3323,-157.125,157.292,2.72E-01,9.06E+00,4.47E+00,2.01E+01
3324,-171.427,164.284,1.40E-01,7.91E+00,3.35E+00,1.96E+01
3325,-171.428,157.322,1.73E-01,8.39E+00,3.53E+00,2.01E+01
3326,-164.285,192.857,1.28E-02,8.56E+00,1.64E+00,2.07E+01
3327,-164.284,185.714,4.36E-02,9.11E+00,1.29E+00,1.98E+01
3328,-164.283,178.571,8.47E-02,9.01E+00,2.05E+00,1.95E+01
3329,-157.14,185.715,4.70E-02,9.51E+00,1.34E+00,2.01E+01
3330,-157.142,192.857,1.32E-02,8.92E+00,1.94E+00,2.08E+01
3331,-157.14,178.571,9.48E-02,9.70E+00,1.66E+00,1.97E+01
3332,-171.427,185.714,3.70E-02,8.41E+00,1.43E+00,1.93E+01
3333,-171.428,192.857,1.13E-02,8.27E+00,1.43E+00,2.02E+01
3334,-171.427,178.57,6.94E-02,8.04E+00,2.24E+00,1.91E+01
3335,-178.576,106.162,2.06E-01,6.27E+00,1.77E+00,2.04E+01
3336,-178.575,112.497,1.99E-01,6.79E+00,1.77E+00,2.07E+01
3337,-178.575,118.747,1.91E-01,7.30E+00,1.78E+00,2.09E+01
3338,-178.574,124.997,1.83E-01,7.75E+00,1.80E+00,2.11E+01
3339,-178.574,131.247,1.73E-01,8.12E+00,1.81E+00,2.13E+01
3340,-178.573,137.497,1.62E-01,8.35E+00,1.87E+00,2.14E+01
3341,-178.573,143.929,1.49E-01,8.38E+00,2.09E+00,2.13E+01
3342,-185.717,124.998,9.30E-02,5.17E+00,1.34E+00,2.30E+01
3343,-192.859,124.999,2.65E-02,2.48E+00,2.67E+00,2.61E+01
3344,-185.718,112.498,1.01E-01,3.99E+00,1.28E+00,2.28E+01
3345,-192.859,112.499,2.84E-02,2.50E+00,2.53E+00,2.61E+01
3346,-185.718,106.163,1.04E-01,3.40E+00,1.22E+00,2.26E+01
3347,-192.852,106.178,2.94E-02,2.50E+00,2.42E+00,2.60E+01
3348,-185.717,118.748,9.69E-02,4.60E+00,1.32E+00,2.29E+01
3349,-192.859,118.749,2.75E-02,2.47E+00,2.62E+00,2.61E+01
3350,-185.716,137.498,8.31E-02,6.12E+00,1.33E+00,2.32E+01
3351,-192.859,137.499,2.38E-02,2.96E+00,2.66E+00,2.61E+01
3352,-185.717,131.248,8.84E-02,5.69E+00,1.34E+00,2.31E+01
3353,-192.859,131.249,2.53E-02,2.63E+00,2.69E+00,2.60E+01
3354,-185.716,143.93,7.70E-02,6.45E+00,1.36E+00,2.32E+01
3355,-192.842,143.9,2.23E-02,3.33E+00,2.53E+00,2.62E+01
3356,-157.144,124.996,4.98E-01,1.13E+01,4.59E+00,1.93E+01
3357,-164.288,124.996,3.92E-01,1.05E+01,3.88E+00,1.94E+01
3358,-171.432,124.996,2.85E-01,9.45E+00,2.94E+00,2.00E+01
3359,-164.289,118.746,4.14E-01,1.04E+01,3.81E+00,1.92E+01
3360,-164.29,112.496,4.34E-01,1.01E+01,3.80E+00,1.90E+01
3361,-164.29,106.161,4.52E-01,9.73E+00,3.87E+00,1.86E+01
3362,-157.146,112.496,5.57E-01,1.10E+01,4.54E+00,1.88E+01
3363,-157.145,118.746,5.29E-01,1.12E+01,4.55E+00,1.91E+01
3364,-157.155,106.175,5.83E-01,1.08E+01,4.55E+00,1.85E+01
3365,-171.433,112.497,3.13E-01,8.76E+00,2.85E+00,1.95E+01
3366,-171.433,118.746,3.00E-01,9.15E+00,2.88E+00,1.98E+01
3367,-171.434,106.162,3.25E-01,8.29E+00,2.88E+00,1.92E+01
3368,-164.286,143.928,3.07E-01,1.01E+01,4.28E+00,1.98E+01
3369,-164.287,137.496,3.39E-01,1.05E+01,4.17E+00,1.97E+01
3370,-164.287,131.246,3.67E-01,1.06E+01,4.02E+00,1.96E+01
3371,-157.142,137.496,4.25E-01,1.10E+01,4.94E+00,1.96E+01
3372,-157.158,143.898,3.81E-01,1.05E+01,5.38E+00,1.98E+01
3373,-157.143,131.246,4.63E-01,1.12E+01,4.72E+00,1.95E+01
3374,-171.431,137.497,2.50E-01,9.65E+00,3.10E+00,2.03E+01
3375,-171.43,143.928,2.28E-01,9.44E+00,3.23E+00,2.03E+01
3376,-171.431,131.247,2.68E-01,9.63E+00,3.02E+00,2.02E+01
3377,-192.86,53.3328,3.35E-02,6.06E+00,1.31E+00,2.43E+01
3378,-185.719,53.3324,1.20E-01,2.00E+00,1.46E+00,2.02E+01
3379,-178.578,53.3321,2.43E-01,2.08E+00,2.90E+00,1.75E+01
3380,-171.437,53.3318,3.91E-01,4.48E+00,4.09E+00,1.57E+01
3381,-164.295,53.3315,5.53E-01,6.21E+00,5.05E+00,1.46E+01
3382,-157.153,53.3312,7.26E-01,7.45E+00,5.85E+00,1.41E+01
3383,-178.578,59.9986,2.40E-01,2.50E+00,2.68E+00,1.79E+01
3384,-178.578,66.665,2.37E-01,2.97E+00,2.47E+00,1.83E+01
3385,-178.577,73.3315,2.33E-01,3.46E+00,2.29E+00,1.87E+01
3386,-178.577,79.998,2.29E-01,3.98E+00,2.16E+00,1.90E+01
3387,-178.577,86.6645,2.24E-01,4.56E+00,2.05E+00,1.94E+01
3388,-178.576,93.246,2.19E-01,5.15E+00,1.93E+00,1.97E+01
3389,-185.719,73.332,1.16E-01,1.93E+00,1.15E+00,2.12E+01
3390,-192.86,73.3326,3.24E-02,4.36E+00,1.66E+00,2.51E+01
3391,-185.719,66.6655,1.18E-01,1.96E+00,1.19E+00,2.09E+01
3392,-185.719,59.999,1.19E-01,1.98E+00,1.29E+00,2.06E+01
3393,-192.86,66.666,3.28E-02,4.97E+00,1.50E+00,2.48E+01
3394,-192.86,59.9994,3.32E-02,5.53E+00,1.39E+00,2.46E+01
3395,-185.719,86.6651,1.12E-01,1.96E+00,1.16E+00,2.17E+01
3396,-192.86,86.6658,3.15E-02,3.10E+00,1.98E+00,2.53E+01
3397,-185.719,79.9986,1.14E-01,1.90E+00,1.15E+00,2.15E+01
3398,-192.86,79.9992,3.19E-02,3.73E+00,1.83E+00,2.53E+01
3399,-185.718,93.2467,1.10E-01,2.29E+00,1.16E+00,2.19E+01
3400,-192.868,93.2615,3.08E-02,2.61E+00,2.15E+00,2.53E+01
3401,-157.151,73.3303,6.85E-01,8.53E+00,5.28E+00,1.59E+01
3402,-164.294,73.3306,5.25E-01,7.36E+00,4.46E+00,1.62E+01
3403,-171.436,73.331,3.72E-01,5.72E+00,3.48E+00,1.71E+01
3404,-164.294,66.6642,5.35E-01,6.92E+00,4.65E+00,1.57E+01
3405,-164.295,59.9979,5.45E-01,6.54E+00,4.85E+00,1.52E+01
3406,-157.152,66.6639,7.00E-01,8.12E+00,5.46E+00,1.53E+01
3407,-157.152,59.9976,7.14E-01,7.76E+00,5.65E+00,1.47E+01
3408,-171.437,66.6646,3.79E-01,5.27E+00,3.68E+00,1.67E+01
3409,-171.437,59.9982,3.85E-01,4.86E+00,3.88E+00,1.62E+01
3410,-164.292,93.2448,4.85E-01,8.80E+00,3.98E+00,1.77E+01
3411,-164.293,86.6634,5.00E-01,8.32E+00,4.09E+00,1.72E+01
3412,-164.293,79.997,5.13E-01,7.83E+00,4.27E+00,1.67E+01
3413,-157.149,86.663,6.49E-01,9.43E+00,4.92E+00,1.69E+01
3414,-157.141,93.2585,6.29E-01,9.88E+00,4.74E+00,1.74E+01
3415,-157.15,79.9966,6.68E-01,8.98E+00,5.10E+00,1.64E+01
3416,-171.435,86.6639,3.56E-01,6.75E+00,3.16E+00,1.80E+01
3417,-171.435,93.2454,3.46E-01,7.28E+00,3.07E+00,1.84E+01
3418,-171.436,79.9975,3.64E-01,6.22E+00,3.30E+00,1.76E+01
3419,-192.86,26.6664,3.43E-02,7.75E+00,1.18E+00,2.29E+01
3420,-185.72,26.6663,1.24E-01,2.86E+00,2.45E+00,1.86E+01
3421,-178.579,26.6661,2.51E-01,1.51E+00,3.89E+00,1.56E+01
3422,-171.438,26.666,4.04E-01,3.33E+00,5.04E+00,1.36E+01
3423,-164.296,26.6659,5.74E-01,5.23E+00,5.95E+00,1.22E+01
3424,-157.154,26.6658,7.56E-01,6.63E+00,6.71E+00,1.14E+01
3425,-178.578,33.3326,2.50E-01,1.50E+00,3.63E+00,1.61E+01
3426,-178.578,39.9991,2.48E-01,1.52E+00,3.37E+00,1.66E+01
3427,-178.578,46.6656,2.46E-01,1.71E+00,3.13E+00,1.70E+01
3428,-185.72,39.9994,1.23E-01,2.23E+00,1.91E+00,1.94E+01
3429,-192.86,39.9996,3.40E-02,6.98E+00,1.23E+00,2.36E+01
3430,-185.72,33.3328,1.23E-01,2.55E+00,2.17E+00,1.90E+01
3431,-192.86,33.333,3.42E-02,7.39E+00,1.20E+00,2.32E+01
3432,-185.72,46.6659,1.22E-01,2.05E+00,1.67E+00,1.98E+01
3433,-192.86,46.6662,3.38E-02,6.54E+00,1.26E+00,2.39E+01
3434,-164.296,33.3323,5.71E-01,5.42E+00,5.71E+00,1.29E+01
3435,-164.296,39.9987,5.66E-01,5.65E+00,5.48E+00,1.35E+01
3436,-164.296,46.6651,5.61E-01,5.91E+00,5.26E+00,1.41E+01
3437,-171.438,39.9989,3.99E-01,3.83E+00,4.54E+00,1.47E+01
3438,-171.438,33.3324,4.02E-01,3.56E+00,4.78E+00,1.41E+01
3439,-171.438,46.6653,3.95E-01,4.14E+00,4.31E+00,1.52E+01
3440,-157.154,39.9985,7.45E-01,6.97E+00,6.27E+00,1.28E+01
3441,-157.154,33.3321,7.51E-01,6.78E+00,6.48E+00,1.21E+01
3442,-157.153,46.6649,7.36E-01,7.19E+00,6.05E+00,1.35E+01
3443,-178.579,6.66663,2.51E-01,1.57E+00,4.78E+00,1.40E+01
3444,-178.579,13.3331,2.51E-01,1.55E+00,4.47E+00,1.45E+01
3445,-178.579,19.9996,2.51E-01,1.53E+00,4.17E+00,1.51E+01
3446,-185.72,13.3332,1.24E-01,3.41E+00,3.06E+00,1.76E+01
3447,-192.86,13.3332,3.43E-02,8.37E+00,1.24E+00,2.20E+01
3448,-185.72,6.66662,1.23E-01,3.64E+00,3.39E+00,1.71E+01
3449,-192.86,6.66659,3.42E-02,8.63E+00,1.49E+00,2.16E+01
3450,-185.72,19.9997,1.24E-01,3.15E+00,2.75E+00,1.81E+01
3451,-192.86,19.9998,3.44E-02,8.08E+00,1.17E+00,2.24E+01
3452,-164.296,6.66663,5.75E-01,4.79E+00,6.75E+00,1.03E+01
3453,-164.296,13.333,5.76E-01,4.91E+00,6.47E+00,1.10E+01
3454,-164.296,19.9995,5.76E-01,5.06E+00,6.20E+00,1.16E+01
3455,-171.438,13.3331,4.05E-01,2.93E+00,5.58E+00,1.24E+01
3456,-171.438,6.66663,4.04E-01,2.77E+00,5.88E+00,1.18E+01
3457,-171.438,19.9995,4.05E-01,3.12E+00,5.30E+00,1.30E+01
3458,-157.155,13.333,7.60E-01,6.40E+00,7.20E+00,1.01E+01
3459,-157.155,6.66663,7.59E-01,6.31E+00,7.47E+00,9.37E+00
3460,-157.155,19.9994,7.59E-01,6.50E+00,6.95E+00,1.08E+01
3461,-192.859,-99.7926,2.50E-02,8.13E+00,9.57E+00,1.15E+01
3462,-185.717,-99.7916,8.93E-02,3.38E+00,1.09E+01,6.79E+00
3463,-178.574,-99.7908,1.80E-01,1.68E+00,1.20E+01,3.76E+00
3464,-171.432,-99.7899,2.87E-01,3.12E+00,1.30E+01,2.28E+00
3465,-164.289,-99.7892,4.05E-01,5.10E+00,1.39E+01,2.25E+00
3466,-157.145,-99.7884,5.28E-01,6.57E+00,1.47E+01,2.98E+00
3467,-192.86,-46.6663,3.17E-02,9.62E+00,4.94E+00,1.72E+01
3468,-185.719,-46.6657,1.14E-01,4.56E+00,6.67E+00,1.26E+01
3469,-178.577,-46.6653,2.31E-01,1.71E+00,7.94E+00,9.22E+00
3470,-171.436,-46.6649,3.71E-01,2.23E+00,8.95E+00,6.83E+00
3471,-164.294,-46.6645,5.27E-01,4.38E+00,9.76E+00,5.16E+00
3472,-157.152,-46.6641,6.92E-01,6.08E+00,1.04E+01,4.01E+00
3473,-178.578,-39.9988,2.35E-01,1.70E+00,7.48E+00,9.86E+00
3474,-178.578,-33.3324,2.38E-01,1.68E+00,7.04E+00,1.05E+01
3475,-178.578,-26.6658,2.41E-01,1.66E+00,6.62E+00,1.11E+01
3476,-178.578,-19.9993,2.44E-01,1.65E+00,6.21E+00,1.17E+01
3477,-178.578,-13.3329,2.46E-01,1.63E+00,5.83E+00,1.23E+01
3478,-178.578,-6.66634,2.48E-01,1.61E+00,5.46E+00,1.29E+01
3479,-185.719,-26.6661,1.19E-01,4.41E+00,5.31E+00,1.44E+01
3480,-192.86,-26.6665,3.30E-02,9.48E+00,3.52E+00,1.90E+01
3481,-185.719,-33.3327,1.17E-01,4.49E+00,5.74E+00,1.38E+01
3482,-185.719,-39.9992,1.16E-01,4.54E+00,6.20E+00,1.32E+01
3483,-192.86,-33.3331,3.26E-02,9.56E+00,3.98E+00,1.84E+01
3484,-192.86,-39.9996,3.22E-02,9.60E+00,4.45E+00,1.78E+01
3485,-185.72,-13.3331,1.21E-01,4.18E+00,4.49E+00,1.55E+01
3486,-192.86,-13.3332,3.37E-02,9.23E+00,2.66E+00,2.01E+01
3487,-185.719,-19.9995,1.20E-01,4.31E+00,4.89E+00,1.50E+01
3488,-192.86,-19.9998,3.34E-02,9.37E+00,3.08E+00,1.95E+01
3489,-185.72,-6.66645,1.22E-01,4.03E+00,4.10E+00,1.61E+01
3490,-192.86,-6.66659,3.39E-02,9.06E+00,2.25E+00,2.06E+01
3491,-157.153,-26.6651,7.29E-01,6.07E+00,9.15E+00,5.98E+00
3492,-164.295,-26.6654,5.53E-01,4.41E+00,8.47E+00,7.12E+00
3493,-171.437,-26.6656,3.89E-01,2.28E+00,7.65E+00,8.76E+00
3494,-164.295,-33.3318,5.45E-01,4.39E+00,8.88E+00,6.47E+00
3495,-164.295,-39.9981,5.36E-01,4.38E+00,9.31E+00,5.81E+00
3496,-157.153,-33.3315,7.18E-01,6.06E+00,9.56E+00,5.32E+00
3497,-157.152,-39.9977,7.06E-01,6.07E+00,9.98E+00,4.65E+00
3498,-171.437,-33.332,3.83E-01,2.24E+00,8.06E+00,8.13E+00
3499,-171.437,-39.9984,3.78E-01,2.23E+00,8.49E+00,7.48E+00
3500,-164.296,-6.66616,5.70E-01,4.60E+00,7.37E+00,9.05E+00
3501,-164.296,-13.3326,5.65E-01,4.52E+00,7.72E+00,8.41E+00
3502,-164.296,-19.9989,5.60E-01,4.46E+00,8.08E+00,7.76E+00
3503,-157.154,-13.3324,7.45E-01,6.14E+00,8.40E+00,7.32E+00
3504,-157.154,-6.66607,7.52E-01,6.19E+00,8.07E+00,8.00E+00
3505,-157.154,-19.9988,7.38E-01,6.10E+00,8.76E+00,6.65E+00
3506,-171.438,-13.3328,3.97E-01,2.42E+00,6.88E+00,1.00E+01
3507,-171.438,-6.66624,4.00E-01,2.52E+00,6.53E+00,1.06E+01
3508,-171.438,-19.9991,3.93E-01,2.34E+00,7.25E+00,9.38E+00
3509,-192.86,-73.3326,2.91E-02,9.24E+00,7.12E+00,1.44E+01
3510,-185.718,-73.3318,1.04E-01,4.27E+00,8.73E+00,9.81E+00
3511,-178.576,-73.3311,2.10E-01,1.71E+00,9.94E+00,6.48E+00
3512,-171.434,-73.3305,3.37E-01,2.46E+00,1.09E+01,4.18E+00
3513,-164.292,-73.3298,4.76E-01,4.58E+00,1.17E+01,2.73E+00
3514,-157.149,-73.3293,6.24E-01,6.26E+00,1.25E+01,2.05E+00
3515,-178.576,-66.6646,2.16E-01,1.72E+00,9.42E+00,7.18E+00
3516,-178.577,-59.9982,2.21E-01,1.72E+00,8.91E+00,7.88E+00
3517,-178.577,-53.3318,2.26E-01,1.72E+00,8.42E+00,8.56E+00
3518,-185.719,-59.9988,1.10E-01,4.50E+00,7.67E+00,1.12E+01
3519,-192.86,-59.9994,3.05E-02,9.53E+00,5.99E+00,1.59E+01
3520,-185.718,-66.6653,1.07E-01,4.41E+00,8.19E+00,1.05E+01
3521,-192.86,-66.666,2.98E-02,9.41E+00,6.54E+00,1.52E+01
3522,-185.719,-53.3323,1.12E-01,4.55E+00,7.16E+00,1.19E+01
3523,-192.86,-53.3329,3.11E-02,9.60E+00,5.46E+00,1.65E+01
3524,-164.292,-66.6635,4.91E-01,4.50E+00,1.12E+01,3.27E+00
3525,-164.293,-59.9972,5.04E-01,4.44E+00,1.07E+01,3.88E+00
3526,-164.294,-53.3309,5.16E-01,4.40E+00,1.02E+01,4.52E+00
3527,-171.435,-59.9977,3.55E-01,2.30E+00,9.91E+00,5.51E+00
3528,-171.435,-66.664,3.46E-01,2.37E+00,1.04E+01,4.84E+00
3529,-171.436,-53.3313,3.64E-01,2.25E+00,9.42E+00,6.18E+00
3530,-157.15,-59.9967,6.61E-01,6.14E+00,1.14E+01,2.84E+00
3531,-157.149,-66.6629,6.43E-01,6.19E+00,1.19E+01,2.36E+00
3532,-157.151,-53.3304,6.78E-01,6.10E+00,1.09E+01,3.40E+00
3533,-178.575,-93.2456,1.89E-01,1.69E+00,1.15E+01,4.41E+00
3534,-178.575,-86.6641,1.96E-01,1.70E+00,1.10E+01,5.09E+00
3535,-178.576,-79.9976,2.04E-01,1.70E+00,1.05E+01,5.79E+00
3536,-185.717,-86.6649,9.74E-02,3.86E+00,9.82E+00,8.31E+00
3537,-192.859,-86.6659,2.73E-02,8.70E+00,8.33E+00,1.29E+01
3538,-185.717,-93.2464,9.36E-02,3.62E+00,1.04E+01,7.55E+00
3539,-192.867,-93.2615,2.62E-02,8.36E+00,8.94E+00,1.21E+01
3540,-185.718,-79.9984,1.01E-01,4.08E+00,9.28E+00,9.08E+00
3541,-192.859,-79.9992,2.82E-02,9.01E+00,7.72E+00,1.37E+01
3542,-164.289,-93.2441,4.25E-01,4.93E+00,1.34E+01,2.06E+00
3543,-164.29,-86.6626,4.43E-01,4.78E+00,1.28E+01,2.07E+00
3544,-164.291,-79.9963,4.61E-01,4.67E+00,1.23E+01,2.30E+00
3545,-171.433,-86.6633,3.14E-01,2.74E+00,1.20E+01,3.00E+00
3546,-171.433,-93.2448,3.01E-01,2.93E+00,1.25E+01,2.56E+00
3547,-171.434,-79.9969,3.26E-01,2.58E+00,1.14E+01,3.55E+00
3548,-157.147,-86.6619,5.79E-01,6.40E+00,1.36E+01,2.13E+00
3549,-157.138,-93.2574,5.55E-01,6.47E+00,1.41E+01,2.50E+00
3550,-157.148,-79.9956,6.02E-01,6.33E+00,1.30E+01,1.96E+00
3551,-192.827,-143.971,1.38E-02,4.02E+00,1.36E+01,3.51E+00
3552,-185.698,-144.042,4.91E-02,1.68E+00,1.41E+01,2.41E+00
3553,-178.565,-144.069,9.91E-02,2.52E+00,1.44E+01,3.21E+00
3554,-171.429,-144.075,1.59E-01,4.39E+00,1.47E+01,4.52E+00
3555,-164.299,-144.062,2.24E-01,5.92E+00,1.50E+01,5.29E+00
3556,-157.172,-143.984,2.91E-01,7.01E+00,1.55E+01,5.51E+00
3557,-178.569,-137.629,1.14E-01,2.25E+00,1.44E+01,2.82E+00
3558,-178.572,-131.247,1.27E-01,2.07E+00,1.42E+01,2.48E+00
3559,-178.572,-124.997,1.39E-01,1.92E+00,1.38E+01,2.36E+00
3560,-178.573,-118.747,1.50E-01,1.78E+00,1.34E+01,2.49E+00
3561,-178.573,-112.497,1.61E-01,1.70E+00,1.30E+01,2.77E+00
3562,-178.574,-106.162,1.71E-01,1.68E+00,1.25E+01,3.20E+00
3563,-185.715,-124.998,6.91E-02,2.23E+00,1.30E+01,3.62E+00
3564,-192.858,-124.999,1.94E-02,6.24E+00,1.21E+01,7.02E+00
3565,-185.715,-131.248,6.30E-02,2.04E+00,1.35E+01,2.99E+00
3566,-185.709,-137.616,5.63E-02,1.83E+00,1.38E+01,2.59E+00
3567,-192.858,-131.249,1.77E-02,5.62E+00,1.27E+01,5.82E+00
3568,-192.846,-137.58,1.59E-02,4.80E+00,1.32E+01,4.59E+00
3569,-185.716,-112.498,7.98E-02,2.73E+00,1.20E+01,5.28E+00
3570,-192.858,-112.499,2.24E-02,7.25E+00,1.10E+01,9.34E+00
3571,-185.716,-118.748,7.47E-02,2.43E+00,1.25E+01,4.41E+00
3572,-192.858,-118.749,2.10E-02,6.73E+00,1.15E+01,8.16E+00
3573,-185.716,-106.163,8.47E-02,3.09E+00,1.15E+01,6.06E+00
3574,-192.851,-106.178,2.37E-02,7.79E+00,1.03E+01,1.06E+01
3575,-157.142,-124.995,4.06E-01,6.98E+00,1.59E+01,4.88E+00
3576,-164.286,-124.995,3.12E-01,5.82E+00,1.52E+01,4.01E+00
3577,-171.429,-124.996,2.22E-01,4.12E+00,1.46E+01,2.95E+00
3578,-164.285,-131.245,2.85E-01,5.96E+00,1.53E+01,4.45E+00
3579,-164.29,-137.622,2.55E-01,6.02E+00,1.52E+01,4.91E+00
3580,-157.141,-131.245,3.70E-01,7.06E+00,1.59E+01,5.19E+00
3581,-157.153,-137.583,3.32E-01,7.08E+00,1.57E+01,5.45E+00
3582,-171.429,-131.246,2.02E-01,4.28E+00,1.48E+01,3.46E+00
3583,-171.428,-137.631,1.81E-01,4.36E+00,1.48E+01,4.03E+00
3584,-164.288,-106.16,3.84E-01,5.25E+00,1.43E+01,2.63E+00
3585,-164.287,-112.495,3.61E-01,5.41E+00,1.47E+01,3.10E+00
3586,-164.286,-118.745,3.38E-01,5.62E+00,1.50E+01,3.58E+00
3587,-157.143,-112.495,4.71E-01,6.78E+00,1.54E+01,4.03E+00
3588,-157.152,-106.174,5.00E-01,6.68E+00,1.51E+01,3.51E+00
3589,-157.142,-118.745,4.39E-01,6.88E+00,1.57E+01,4.50E+00
3590,-171.431,-112.496,2.57E-01,3.59E+00,1.39E+01,2.30E+00
3591,-171.431,-106.161,2.73E-01,3.33E+00,1.35E+01,2.19E+00
3592,-171.43,-118.746,2.40E-01,3.87E+00,1.42E+01,2.56E+00
3593,-192.862,-171.461,3.76E-03,1.15E+00,1.40E+01,1.77E+00
3594,-185.718,-171.494,1.51E-02,1.46E+00,1.33E+01,2.34E+00
3595,-178.572,-171.521,3.32E-02,2.59E+00,1.28E+01,3.21E+00
3596,-171.425,-171.533,5.60E-02,3.55E+00,1.30E+01,3.92E+00
3597,-164.278,-171.518,8.18E-02,4.16E+00,1.37E+01,4.36E+00
3598,-157.13,-171.476,1.09E-01,4.52E+00,1.43E+01,4.42E+00
3599,-178.576,-164.537,4.95E-02,2.97E+00,1.34E+01,3.55E+00
3600,-178.569,-157.575,6.66E-02,3.00E+00,1.39E+01,3.65E+00
3601,-178.564,-150.788,8.33E-02,2.80E+00,1.43E+01,3.53E+00
3602,-185.718,-157.511,3.24E-02,1.47E+00,1.41E+01,2.48E+00
3603,-192.876,-157.4,8.87E-03,2.03E+00,1.41E+01,2.24E+00
3604,-185.726,-164.489,2.35E-02,1.52E+00,1.37E+01,2.51E+00
3605,-192.872,-164.409,6.25E-03,1.46E+00,1.40E+01,2.09E+00
3606,-185.704,-150.74,4.10E-02,1.52E+00,1.42E+01,2.41E+00
3607,-192.849,-150.636,1.14E-02,3.05E+00,1.40E+01,2.63E+00
3608,-164.27,-164.525,1.17E-01,4.97E+00,1.37E+01,5.08E+00
3609,-164.278,-157.558,1.54E-01,5.43E+00,1.40E+01,5.57E+00
3610,-164.292,-150.776,1.89E-01,5.70E+00,1.46E+01,5.62E+00
3611,-171.427,-157.585,1.08E-01,4.42E+00,1.39E+01,4.77E+00
3612,-171.424,-164.549,8.15E-02,4.16E+00,1.33E+01,4.47E+00
3613,-171.428,-150.799,1.34E-01,4.44E+00,1.44E+01,4.79E+00
3614,-157.122,-157.429,2.02E-01,6.23E+00,1.46E+01,5.59E+00
3615,-157.121,-164.434,1.55E-01,5.56E+00,1.45E+01,5.13E+00
3616,-157.148,-150.66,2.48E-01,6.70E+00,1.51E+01,5.65E+00
3617,-178.57,-192.856,1.66E-03,1.03E+00,1.43E+01,1.49E+00
3618,-178.569,-185.712,7.84E-03,1.23E+00,1.31E+01,1.92E+00
3619,-178.57,-178.61,1.87E-02,1.95E+00,1.26E+01,2.61E+00
3620,-185.712,-185.712,2.78E-03,9.24E-01,1.26E+01,1.42E+00
3621,-192.856,-185.713,3.80E-04,8.97E-01,1.31E+01,1.16E+00
3622,-185.713,-192.856,3.50E-04,9.10E-01,1.34E+01,1.18E+00
3623,-192.856,-192.856,-6.73E-05,8.40E-01,1.24E+01,9.37E-01
3624,-185.715,-178.599,7.87E-03,1.25E+00,1.28E+01,1.92E+00
3625,-192.859,-178.586,1.70E-03,1.01E+00,1.37E+01,1.46E+00
3626,-164.285,-192.856,6.22E-03,1.53E+00,1.47E+01,2.10E+00
3627,-164.284,-185.712,2.34E-02,1.52E+00,1.41E+01,2.38E+00
3628,-164.28,-178.608,4.96E-02,2.95E+00,1.39E+01,3.41E+00
3629,-171.427,-185.712,1.50E-02,1.45E+00,1.38E+01,2.29E+00
3630,-171.428,-192.856,3.72E-03,1.21E+00,1.47E+01,1.76E+00
3631,-171.425,-178.613,3.31E-02,2.58E+00,1.32E+01,3.16E+00
3632,-157.141,-185.713,3.25E-02,1.53E+00,1.42E+01,2.35E+00
3633,-157.142,-192.857,8.91E-03,2.01E+00,1.44E+01,2.66E+00
3634,-157.136,-178.592,6.71E-02,3.08E+00,1.42E+01,3.36E+00
3635,157.143,200,0.00E+00,5.79E+00,2.97E+00,2.71E+01
3636,164.286,200,0.00E+00,6.73E+00,2.61E+00,2.59E+01
3637,171.429,200,0.00E+00,7.59E+00,2.14E+00,2.44E+01
3638,178.571,200,0.00E+00,8.32E+00,1.58E+00,2.23E+01
3639,185.714,200,0.00E+00,8.89E+00,1.10E+00,1.96E+01
3640,192.857,200,0.00E+00,8.66E+00,7.67E-01,1.55E+01
3641,200,200,0.00E+00,8.19E+00,6.36E-01,1.30E+01
3642,200,192.857,0.00E+00,8.65E+00,7.65E-01,1.56E+01
3643,200,185.714,0.00E+00,8.87E+00,1.08E+00,1.96E+01
3644,200,178.571,0.00E+00,8.34E+00,1.55E+00,2.23E+01
3645,200,171.429,0.00E+00,7.63E+00,2.10E+00,2.43E+01
3646,200,164.286,0.00E+00,6.81E+00,2.57E+00,2.58E+01
3647,200,157.143,0.00E+00,5.89E+00,2.92E+00,2.70E+01
3648,200,150,0.00E+00,4.92E+00,3.19E+00,2.80E+01
3649,200,143.75,0.00E+00,3.95E+00,3.40E+00,2.86E+01
3650,200,137.5,0.00E+00,2.99E+00,3.53E+00,2.91E+01
3651,200,131.25,0.00E+00,2.10E+00,3.61E+00,2.94E+01
3652,200,125,0.00E+00,1.37E+00,3.67E+00,2.96E+01
3653,200,118.75,0.00E+00,1.11E+00,3.71E+00,2.97E+01
3654,200,112.5,0.00E+00,1.47E+00,3.71E+00,2.97E+01
3655,200,106.25,0.00E+00,2.17E+00,3.70E+00,2.97E+01
3656,200,100,0.00E+00,2.95E+00,3.65E+00,2.96E+01
3657,200,93.3333,0.00E+00,3.73E+00,3.55E+00,2.94E+01
3658,200,86.6667,0.00E+00,4.49E+00,3.44E+00,2.92E+01
3659,200,80,0.00E+00,5.22E+00,3.31E+00,2.90E+01
3660,200,73.3333,0.00E+00,5.90E+00,3.14E+00,2.88E+01
3661,200,66.6667,0.00E+00,6.54E+00,2.94E+00,2.85E+01
3662,200,60,0.00E+00,7.14E+00,2.73E+00,2.82E+01
3663,200,53.3333,0.00E+00,7.70E+00,2.49E+00,2.79E+01
3664,200,46.6667,0.00E+00,8.22E+00,2.24E+00,2.76E+01
3665,200,40,0.00E+00,8.70E+00,1.97E+00,2.72E+01
3666,200,33.3333,0.00E+00,9.15E+00,1.69E+00,2.69E+01
3667,200,26.6667,0.00E+00,9.55E+00,1.39E+00,2.65E+01
3668,200,20,0.00E+00,9.92E+00,1.08E+00,2.60E+01
3669,200,13.3333,0.00E+00,1.02E+01,7.59E-01,2.56E+01
3670,200,6.66667,0.00E+00,1.05E+01,4.22E-01,2.51E+01
3671,200,5.33E-14,0.00E+00,1.08E+01,2.13E-01,2.46E+01
3672,200,-6.66667,0.00E+00,1.10E+01,3.56E-01,2.41E+01
3673,200,-13.3333,0.00E+00,1.12E+01,7.40E-01,2.35E+01
3674,200,-20,0.00E+00,1.13E+01,1.15E+00,2.30E+01
3675,200,-26.6667,0.00E+00,1.14E+01,1.59E+00,2.23E+01
3676,200,-33.3333,0.00E+00,1.14E+01,2.04E+00,2.17E+01
3677,200,-40,0.00E+00,1.15E+01,2.52E+00,2.11E+01
3678,200,-46.6667,0.00E+00,1.15E+01,3.01E+00,2.04E+01
3679,200,-53.3333,0.00E+00,1.14E+01,3.52E+00,1.97E+01
3680,200,-60,0.00E+00,1.14E+01,4.05E+00,1.89E+01
3681,200,-66.6667,0.00E+00,1.13E+01,4.60E+00,1.82E+01
3682,200,-73.3333,0.00E+00,1.12E+01,5.17E+00,1.74E+01
3683,200,-80,0.00E+00,1.10E+01,5.75E+00,1.66E+01
3684,200,-86.6667,0.00E+00,1.08E+01,6.35E+00,1.58E+01
3685,200,-93.3333,0.00E+00,1.06E+01,6.97E+00,1.49E+01
3686,200,-100,0.00E+00,1.03E+01,7.58E+00,1.40E+01
3687,200,-106.25,0.00E+00,9.91E+00,8.20E+00,1.31E+01
3688,200,-112.5,0.00E+00,9.48E+00,8.82E+00,1.22E+01
3689,200,-118.75,0.00E+00,8.99E+00,9.43E+00,1.11E+01
3690,200,-125,0.00E+00,8.39E+00,1.00E+01,1.01E+01
3691,200,-131.25,0.00E+00,7.72E+00,1.06E+01,8.94E+00
3692,200,-137.5,0.00E+00,6.93E+00,1.12E+01,7.75E+00
3693,200,-143.75,0.00E+00,5.95E+00,1.17E+01,6.49E+00
3694,200,-150,0.00E+00,4.81E+00,1.23E+01,5.21E+00
3695,200,-157.143,0.00E+00,3.60E+00,1.27E+01,3.87E+00
3696,200,-164.286,0.00E+00,2.41E+00,1.30E+01,2.60E+00
3697,200,-171.429,0.00E+00,1.47E+00,1.31E+01,1.71E+00
3698,200,-178.571,0.00E+00,1.02E+00,1.30E+01,1.29E+00
3699,200,-185.714,0.00E+00,9.13E-01,1.25E+01,1.06E+00
3700,200,-192.857,0.00E+00,7.56E-01,1.08E+01,7.82E-01
3701,200,-200,0.00E+00,6.24E-01,9.56E+00,6.14E-01
3702,192.857,-200,0.00E+00,7.53E-01,1.08E+01,7.83E-01
3703,185.714,-200,0.00E+00,9.06E-01,1.24E+01,1.06E+00
3704,178.571,-200,0.00E+00,1.00E+00,1.28E+01,1.29E+00
3705,171.429,-200,0.00E+00,1.46E+00,1.26E+01,1.79E+00
3706,164.286,-200,0.00E+00,2.56E+00,1.20E+01,2.85E+00
3707,157.143,-200,0.00E+00,4.28E+00,1.05E+01,4.59E+00
3708,192.86,-0.000163042,3.50E-02,7.94E+00,1.19E+00,2.21E+01
3709,185.72,-0.000250517,1.25E-01,3.01E+00,2.91E+00,1.78E+01
3710,178.579,-0.000381266,2.53E-01,1.53E+00,4.28E+00,1.47E+01
3711,171.438,-0.000504862,4.07E-01,3.28E+00,5.43E+00,1.27E+01
3712,164.296,-0.000616259,5.79E-01,5.23E+00,6.42E+00,1.13E+01
3713,157.154,-0.000693647,7.64E-01,6.72E+00,7.35E+00,1.04E+01
3714,192.86,99.7925,3.12E-02,2.80E+00,2.48E+00,2.74E+01
3715,185.718,99.7915,1.09E-01,4.55E+00,1.32E+00,2.37E+01
3716,178.576,99.7906,2.13E-01,7.83E+00,1.95E+00,2.12E+01
3717,171.433,99.7898,3.33E-01,1.03E+01,3.14E+00,1.97E+01
3718,164.289,99.789,4.58E-01,1.22E+01,4.16E+00,1.86E+01
3719,157.145,99.7883,5.82E-01,1.40E+01,5.14E+00,1.79E+01
3720,192.859,150.441,2.12E-02,6.63E+00,2.19E+00,2.64E+01
3721,185.715,150.44,7.05E-02,9.40E+00,1.45E+00,2.37E+01
3722,178.572,150.439,1.32E-01,1.11E+01,2.19E+00,2.20E+01
3723,171.428,150.438,1.97E-01,1.22E+01,2.93E+00,2.08E+01
3724,164.283,150.438,2.60E-01,1.32E+01,3.29E+00,1.99E+01
3725,157.139,150.437,3.17E-01,1.42E+01,3.25E+00,1.91E+01
3726,178.571,157.321,1.17E-01,1.10E+01,2.31E+00,2.16E+01
3727,178.57,164.283,9.96E-02,1.06E+01,2.48E+00,2.10E+01
3728,178.57,171.426,7.94E-02,9.77E+00,2.60E+00,2.05E+01
3729,178.57,178.57,5.65E-02,8.98E+00,2.50E+00,2.01E+01
3730,178.57,185.713,3.23E-02,8.66E+00,1.93E+00,2.04E+01
3731,178.57,192.857,1.03E-02,8.50E+00,1.55E+00,2.15E+01
3732,185.714,171.427,4.44E-02,9.32E+00,1.79E+00,2.15E+01
3733,192.857,171.427,1.40E-02,8.35E+00,1.69E+00,2.33E+01
3734,185.714,164.283,5.45E-02,9.66E+00,1.60E+00,2.24E+01
3735,185.715,157.322,6.30E-02,9.66E+00,1.49E+00,2.31E+01
3736,192.858,164.284,1.69E-02,7.95E+00,1.84E+00,2.45E+01
3737,192.873,157.293,1.91E-02,7.35E+00,2.01E+00,2.55E+01
3738,185.713,185.713,1.92E-02,8.10E+00,1.79E+00,1.94E+01
3739,192.857,185.713,6.44E-03,8.41E+00,1.34E+00,1.93E+01
3740,185.713,178.57,3.25E-02,8.66E+00,1.94E+00,2.04E+01
3741,192.857,178.57,1.06E-02,8.50E+00,1.54E+00,2.15E+01
3742,185.713,192.857,6.29E-03,8.42E+00,1.35E+00,1.93E+01
3743,192.856,192.856,2.04E-03,8.48E+00,9.96E-01,1.68E+01
3744,157.139,171.427,1.73E-01,1.19E+01,2.98E+00,2.05E+01
3745,164.283,171.427,1.45E-01,1.12E+01,3.04E+00,2.01E+01
3746,171.426,171.426,1.14E-01,1.04E+01,2.98E+00,2.00E+01
3747,164.283,164.283,1.88E-01,1.20E+01,3.27E+00,1.96E+01
3748,164.283,157.321,2.26E-01,1.27E+01,3.29E+00,1.96E+01
3749,157.139,164.283,2.26E-01,1.28E+01,3.29E+00,1.96E+01
3750,157.124,157.291,2.74E-01,1.37E+01,3.30E+00,1.90E+01
3751,171.427,164.283,1.45E-01,1.12E+01,3.06E+00,2.01E+01
3752,171.427,157.321,1.73E-01,1.19E+01,2.99E+00,2.05E+01
3753,157.14,185.715,6.26E-02,9.65E+00,1.49E+00,2.32E+01
3754,164.283,185.714,5.40E-02,9.67E+00,1.59E+00,2.24E+01
3755,171.427,185.714,4.40E-02,9.33E+00,1.78E+00,2.15E+01
3756,164.283,178.57,9.93E-02,1.06E+01,2.47E+00,2.10E+01
3757,157.14,178.571,1.17E-01,1.10E+01,2.30E+00,2.16E+01
3758,171.426,178.57,7.92E-02,9.78E+00,2.60E+00,2.05E+01
3759,164.284,192.858,1.63E-02,7.91E+00,1.86E+00,2.46E+01
3760,157.141,192.858,1.87E-02,7.29E+00,2.05E+00,2.56E+01
3761,171.427,192.857,1.36E-02,8.33E+00,1.70E+00,2.33E+01
3762,178.575,106.162,2.06E-01,8.43E+00,1.96E+00,2.16E+01
3763,178.575,112.497,1.98E-01,9.00E+00,1.99E+00,2.19E+01
3764,178.574,118.747,1.90E-01,9.52E+00,2.02E+00,2.21E+01
3765,178.574,124.997,1.80E-01,1.00E+01,2.06E+00,2.23E+01
3766,178.573,131.247,1.70E-01,1.04E+01,2.09E+00,2.25E+01
3767,178.573,137.497,1.58E-01,1.08E+01,2.11E+00,2.25E+01
3768,178.572,143.928,1.46E-01,1.10E+01,2.13E+00,2.23E+01
3769,185.717,124.998,9.32E-02,7.25E+00,1.42E+00,2.44E+01
3770,192.859,124.999,2.73E-02,3.49E+00,2.52E+00,2.77E+01
3771,185.718,112.498,1.02E-01,5.92E+00,1.38E+00,2.42E+01
3772,192.859,112.499,2.95E-02,2.80E+00,2.54E+00,2.77E+01
3773,185.718,106.163,1.05E-01,5.24E+00,1.35E+00,2.39E+01
3774,192.852,106.178,3.05E-02,2.78E+00,2.53E+00,2.75E+01
3775,185.717,118.748,9.77E-02,6.60E+00,1.40E+00,2.43E+01
3776,192.859,118.749,2.85E-02,2.99E+00,2.54E+00,2.77E+01
3777,185.716,137.497,8.29E-02,8.44E+00,1.44E+00,2.43E+01
3778,192.859,137.499,2.46E-02,5.02E+00,2.42E+00,2.73E+01
3779,185.717,131.248,8.83E-02,7.86E+00,1.44E+00,2.44E+01
3780,192.859,131.249,2.60E-02,4.22E+00,2.47E+00,2.75E+01
3781,185.716,143.929,7.70E-02,8.97E+00,1.44E+00,2.41E+01
3782,192.841,143.9,2.31E-02,5.84E+00,2.33E+00,2.69E+01
3783,157.141,124.994,4.64E-01,1.49E+01,4.51E+00,1.95E+01
3784,164.286,124.995,3.73E-01,1.35E+01,3.90E+00,2.02E+01
3785,171.43,124.996,2.76E-01,1.20E+01,3.10E+00,2.11E+01
3786,164.287,118.745,3.97E-01,1.33E+01,3.97E+00,1.99E+01
3787,164.288,112.495,4.19E-01,1.30E+01,4.04E+00,1.95E+01
3788,164.288,106.16,4.39E-01,1.27E+01,4.10E+00,1.91E+01
3789,157.143,112.494,5.27E-01,1.46E+01,4.86E+00,1.88E+01
3790,157.142,118.744,4.97E-01,1.48E+01,4.70E+00,1.92E+01
3791,157.152,106.174,5.55E-01,1.44E+01,5.01E+00,1.84E+01
3792,171.432,112.496,3.07E-01,1.12E+01,3.11E+00,2.05E+01
3793,171.431,118.746,2.92E-01,1.16E+01,3.11E+00,2.08E+01
3794,171.432,106.161,3.21E-01,1.08E+01,3.12E+00,2.01E+01
3795,164.284,143.927,2.91E-01,1.34E+01,3.43E+00,2.03E+01
3796,164.284,137.495,3.20E-01,1.35E+01,3.63E+00,2.04E+01
3797,164.285,131.245,3.47E-01,1.36E+01,3.79E+00,2.04E+01
3798,157.14,137.495,3.94E-01,1.46E+01,3.93E+00,1.97E+01
3799,157.157,143.896,3.56E-01,1.44E+01,3.50E+00,1.95E+01
3800,157.141,131.244,4.30E-01,1.48E+01,4.26E+00,1.97E+01
3801,171.429,137.496,2.40E-01,1.23E+01,3.03E+00,2.13E+01
3802,171.428,143.928,2.19E-01,1.24E+01,2.95E+00,2.12E+01
3803,171.429,131.246,2.58E-01,1.22E+01,3.08E+00,2.12E+01
3804,192.86,53.3327,3.47E-02,4.89E+00,1.54E+00,2.55E+01
3805,185.72,53.3321,1.23E-01,2.12E+00,1.20E+00,2.13E+01
3806,178.578,53.3315,2.46E-01,3.68E+00,2.51E+00,1.85E+01
3807,171.436,53.331,3.92E-01,6.33E+00,3.79E+00,1.65E+01
3808,164.294,53.3305,5.51E-01,8.40E+00,4.90E+00,1.52E+01
3809,157.151,53.3301,7.15E-01,1.02E+01,5.99E+00,1.42E+01
3810,178.578,59.998,2.43E-01,4.21E+00,2.36E+00,1.89E+01
3811,178.578,66.6645,2.40E-01,4.77E+00,2.23E+00,1.93E+01
3812,178.577,73.331,2.36E-01,5.35E+00,2.13E+00,1.97E+01
3813,178.577,79.9975,2.31E-01,5.96E+00,2.05E+00,2.01E+01
3814,178.577,86.664,2.26E-01,6.58E+00,1.99E+00,2.05E+01
3815,178.576,93.2455,2.20E-01,7.21E+00,1.96E+00,2.09E+01
3816,185.719,73.3317,1.18E-01,2.26E+00,1.19E+00,2.24E+01
3817,192.86,73.3325,3.37E-02,3.28E+00,2.03E+00,2.64E+01
3818,185.719,66.6652,1.20E-01,2.15E+00,1.17E+00,2.21E+01
3819,185.72,59.9986,1.21E-01,2.13E+00,1.17E+00,2.17E+01
3820,192.86,66.6659,3.41E-02,3.78E+00,1.87E+00,2.61E+01
3821,192.86,59.9993,3.44E-02,4.34E+00,1.70E+00,2.58E+01
3822,185.719,86.6648,1.14E-01,3.20E+00,1.25E+00,2.31E+01
3823,192.86,86.6657,3.26E-02,2.87E+00,2.30E+00,2.70E+01
3824,185.719,79.9983,1.16E-01,2.62E+00,1.22E+00,2.28E+01
3825,192.86,79.9991,3.32E-02,2.98E+00,2.18E+00,2.67E+01
3826,185.719,93.2464,1.11E-01,3.86E+00,1.29E+00,2.34E+01
3827,192.867,93.2614,3.19E-02,2.82E+00,2.40E+00,2.72E+01
3828,157.149,73.3291,6.70E-01,1.19E+01,5.62E+00,1.58E+01
3829,164.292,73.3297,5.20E-01,1.00E+01,4.52E+00,1.66E+01
3830,171.435,73.3303,3.73E-01,7.96E+00,3.41E+00,1.79E+01
3831,164.293,66.6633,5.32E-01,9.48E+00,4.64E+00,1.62E+01
3832,164.294,59.9969,5.42E-01,8.93E+00,4.76E+00,1.57E+01
3833,157.15,66.6628,6.87E-01,1.13E+01,5.73E+00,1.52E+01
3834,157.151,59.9964,7.02E-01,1.07E+01,5.86E+00,1.47E+01
3835,171.436,66.6639,3.80E-01,7.40E+00,3.52E+00,1.74E+01
3836,171.436,59.9975,3.86E-01,6.85E+00,3.65E+00,1.70E+01
3837,164.29,93.244,4.76E-01,1.17E+01,4.24E+00,1.81E+01
3838,164.291,86.6625,4.92E-01,1.12E+01,4.33E+00,1.76E+01
3839,164.292,79.9961,5.07E-01,1.06E+01,4.42E+00,1.71E+01
3840,157.147,86.6618,6.30E-01,1.30E+01,5.39E+00,1.68E+01
3841,157.139,93.2574,6.07E-01,1.35E+01,5.27E+00,1.74E+01
3842,157.148,79.9955,6.51E-01,1.24E+01,5.50E+00,1.63E+01
3843,171.434,86.6632,3.55E-01,9.13E+00,3.24E+00,1.88E+01
3844,171.434,93.2447,3.45E-01,9.70E+00,3.18E+00,1.92E+01
3845,171.435,79.9968,3.64E-01,8.54E+00,3.32E+00,1.83E+01
3846,192.861,26.6663,3.53E-02,6.71E+00,1.21E+00,2.40E+01
3847,185.72,26.6659,1.25E-01,2.15E+00,1.82E+00,1.97E+01
3848,178.579,26.6656,2.53E-01,1.91E+00,3.27E+00,1.67E+01
3849,171.437,26.6653,4.06E-01,4.54E+00,4.50E+00,1.47E+01
3850,164.296,26.665,5.75E-01,6.56E+00,5.57E+00,1.33E+01
3851,157.153,26.6648,7.53E-01,8.20E+00,6.61E+00,1.24E+01
3852,178.579,33.3321,2.52E-01,2.29E+00,3.05E+00,1.72E+01
3853,178.579,39.9986,2.51E-01,2.72E+00,2.85E+00,1.76E+01
3854,178.578,46.6651,2.49E-01,3.18E+00,2.67E+00,1.80E+01
3855,185.72,39.999,1.25E-01,2.13E+00,1.42E+00,2.06E+01
3856,192.86,39.9995,3.51E-02,5.87E+00,1.32E+00,2.48E+01
3857,185.72,33.3325,1.25E-01,2.13E+00,1.60E+00,2.01E+01
3858,192.86,33.3329,3.53E-02,6.31E+00,1.26E+00,2.44E+01
3859,185.72,46.6656,1.24E-01,2.12E+00,1.28E+00,2.10E+01
3860,192.86,46.6661,3.50E-02,5.40E+00,1.41E+00,2.51E+01
3861,164.295,33.3314,5.71E-01,6.98E+00,5.39E+00,1.38E+01
3862,164.295,39.9978,5.65E-01,7.42E+00,5.21E+00,1.43E+01
3863,164.295,46.6642,5.59E-01,7.90E+00,5.05E+00,1.47E+01
3864,171.437,39.9982,4.01E-01,5.37E+00,4.12E+00,1.56E+01
3865,171.437,33.3317,4.04E-01,4.94E+00,4.30E+00,1.52E+01
3866,171.437,46.6646,3.97E-01,5.84E+00,3.95E+00,1.61E+01
3867,157.153,39.9974,7.37E-01,9.12E+00,6.28E+00,1.33E+01
3868,157.153,33.3311,7.46E-01,8.65E+00,6.44E+00,1.28E+01
3869,157.152,46.6638,7.27E-01,9.63E+00,6.13E+00,1.38E+01
3870,178.579,6.66611,2.53E-01,1.54E+00,4.01E+00,1.53E+01
3871,178.579,13.3326,2.54E-01,1.55E+00,3.75E+00,1.58E+01
3872,178.579,19.9991,2.54E-01,1.65E+00,3.50E+00,1.63E+01
3873,185.72,13.3328,1.26E-01,2.48E+00,2.32E+00,1.88E+01
3874,192.861,13.333,3.53E-02,7.41E+00,1.16E+00,2.31E+01
3875,185.72,6.6663,1.25E-01,2.75E+00,2.61E+00,1.83E+01
3876,192.861,6.66644,3.52E-02,7.69E+00,1.13E+00,2.26E+01
3877,185.72,19.9994,1.26E-01,2.25E+00,2.06E+00,1.93E+01
3878,192.861,19.9996,3.53E-02,7.08E+00,1.18E+00,2.36E+01
3879,164.296,6.66579,5.80E-01,5.51E+00,6.19E+00,1.18E+01
3880,164.296,13.3322,5.80E-01,5.83E+00,5.97E+00,1.24E+01
3881,164.296,19.9986,5.78E-01,6.18E+00,5.77E+00,1.29E+01
3882,171.438,13.3324,4.08E-01,3.84E+00,4.94E+00,1.37E+01
3883,171.438,6.66594,4.08E-01,3.55E+00,5.18E+00,1.32E+01
3884,171.438,19.9988,4.08E-01,4.18E+00,4.72E+00,1.42E+01
3885,157.154,13.332,7.62E-01,7.39E+00,6.97E+00,1.14E+01
3886,157.154,6.66568,7.64E-01,7.04E+00,7.16E+00,1.09E+01
3887,157.154,19.9984,7.58E-01,7.78E+00,6.78E+00,1.19E+01
3888,192.859,-99.7928,2.54E-02,7.78E+00,8.30E+00,1.18E+01
3889,185.717,-99.792,9.01E-02,3.43E+00,9.52E+00,7.84E+00
3890,178.575,-99.7913,1.82E-01,1.47E+00,1.04E+01,5.10E+00
3891,171.432,-99.7906,2.94E-01,2.27E+00,1.12E+01,3.43E+00
3892,164.29,-99.7901,4.19E-01,3.76E+00,1.18E+01,2.60E+00
3893,157.147,-99.7896,5.56E-01,4.58E+00,1.23E+01,2.37E+00
3894,192.86,-46.6664,3.20E-02,8.73E+00,3.95E+00,1.79E+01
3895,185.719,-46.6661,1.14E-01,3.94E+00,5.52E+00,1.36E+01
3896,178.578,-46.6658,2.32E-01,1.52E+00,6.68E+00,1.06E+01
3897,171.436,-46.6656,3.75E-01,2.21E+00,7.61E+00,8.54E+00
3898,164.295,-46.6655,5.37E-01,4.01E+00,8.40E+00,7.26E+00
3899,157.153,-46.6653,7.12E-01,5.23E+00,9.07E+00,6.57E+00
3900,178.578,-39.9993,2.36E-01,1.52E+00,6.27E+00,1.12E+01
3901,178.578,-33.3329,2.40E-01,1.53E+00,5.89E+00,1.18E+01
3902,178.579,-26.6664,2.44E-01,1.53E+00,5.54E+00,1.25E+01
3903,178.579,-19.9999,2.47E-01,1.53E+00,5.20E+00,1.30E+01
3904,178.579,-13.3334,2.49E-01,1.53E+00,4.87E+00,1.36E+01
3905,178.579,-6.66687,2.51E-01,1.53E+00,4.57E+00,1.42E+01
3906,185.72,-26.6665,1.20E-01,3.70E+00,4.28E+00,1.55E+01
3907,192.86,-26.6666,3.37E-02,8.58E+00,2.59E+00,1.98E+01
3908,185.72,-33.333,1.18E-01,3.81E+00,4.67E+00,1.49E+01
3909,185.719,-39.9995,1.16E-01,3.89E+00,5.09E+00,1.43E+01
3910,192.86,-33.3332,3.32E-02,8.66E+00,3.03E+00,1.92E+01
3911,192.86,-39.9998,3.26E-02,8.71E+00,3.48E+00,1.86E+01
3912,185.72,-13.3334,1.23E-01,3.41E+00,3.56E+00,1.67E+01
3913,192.86,-13.3333,3.45E-02,8.33E+00,1.79E+00,2.10E+01
3914,185.72,-19.9999,1.22E-01,3.57E+00,3.91E+00,1.61E+01
3915,192.86,-20,3.41E-02,8.47E+00,2.18E+00,2.04E+01
3916,185.72,-6.66678,1.24E-01,3.23E+00,3.22E+00,1.73E+01
3917,192.86,-6.66674,3.48E-02,8.16E+00,1.42E+00,2.16E+01
3918,157.154,-26.6662,7.45E-01,5.75E+00,8.23E+00,8.26E+00
3919,164.296,-26.6663,5.63E-01,4.40E+00,7.44E+00,9.05E+00
3920,171.437,-26.6663,3.94E-01,2.54E+00,6.57E+00,1.04E+01
3921,164.295,-33.3327,5.55E-01,4.26E+00,7.74E+00,8.45E+00
3922,164.295,-39.999,5.47E-01,4.12E+00,8.05E+00,7.86E+00
3923,157.154,-33.3326,7.36E-01,5.56E+00,8.49E+00,7.70E+00
3924,157.153,-39.9989,7.25E-01,5.39E+00,8.76E+00,7.14E+00
3925,171.437,-33.3328,3.89E-01,2.41E+00,6.89E+00,9.77E+00
3926,171.437,-39.9992,3.82E-01,2.30E+00,7.24E+00,9.16E+00
3927,164.296,-6.66702,5.77E-01,4.98E+00,6.65E+00,1.08E+01
3928,164.296,-13.3335,5.74E-01,4.76E+00,6.90E+00,1.02E+01
3929,164.296,-19.9998,5.69E-01,4.57E+00,7.16E+00,9.63E+00
3930,157.154,-13.3334,7.58E-01,6.18E+00,7.77E+00,9.37E+00
3931,157.154,-6.66705,7.62E-01,6.44E+00,7.56E+00,9.90E+00
3932,157.154,-19.9998,7.53E-01,5.95E+00,8.00E+00,8.82E+00
3933,171.438,-13.3335,4.02E-01,2.85E+00,5.96E+00,1.16E+01
3934,171.438,-6.66695,4.05E-01,3.05E+00,5.69E+00,1.21E+01
3935,171.437,-19.9999,3.99E-01,2.68E+00,6.26E+00,1.10E+01
3936,192.86,-73.3327,2.92E-02,8.54E+00,6.02E+00,1.50E+01
3937,185.718,-73.3322,1.04E-01,3.94E+00,7.44E+00,1.09E+01
3938,178.577,-73.3317,2.10E-01,1.51E+00,8.48E+00,7.96E+00
3939,171.435,-73.3312,3.40E-01,2.05E+00,9.32E+00,6.01E+00
3940,164.292,-73.3309,4.86E-01,3.70E+00,1.00E+01,4.86E+00
3941,157.15,-73.3305,6.45E-01,4.74E+00,1.06E+01,4.35E+00
3942,178.577,-66.6652,2.16E-01,1.51E+00,8.00E+00,8.64E+00
3943,178.577,-59.9988,2.22E-01,1.52E+00,7.54E+00,9.30E+00
3944,178.578,-53.3324,2.27E-01,1.52E+00,7.10E+00,9.95E+00
3945,185.719,-59.9991,1.09E-01,3.99E+00,6.44E+00,1.23E+01
3946,192.86,-59.9996,3.07E-02,8.69E+00,4.95E+00,1.65E+01
3947,185.719,-66.6656,1.07E-01,3.98E+00,6.93E+00,1.16E+01
3948,192.86,-66.6661,3.00E-02,8.63E+00,5.48E+00,1.58E+01
3949,185.719,-53.3327,1.12E-01,3.98E+00,5.97E+00,1.30E+01
3950,192.86,-53.333,3.14E-02,8.72E+00,4.44E+00,1.72E+01
3951,164.293,-66.6645,5.00E-01,3.75E+00,9.57E+00,5.46E+00
3952,164.294,-59.9982,5.14E-01,3.82E+00,9.15E+00,6.06E+00
3953,164.294,-53.3319,5.26E-01,3.91E+00,8.76E+00,6.66E+00
3954,171.436,-59.9984,3.59E-01,2.09E+00,8.43E+00,7.29E+00
3955,171.435,-66.6648,3.50E-01,2.06E+00,8.87E+00,6.66E+00
3956,171.436,-53.3321,3.67E-01,2.14E+00,8.01E+00,7.92E+00
3957,157.152,-59.9979,6.81E-01,4.95E+00,9.76E+00,5.46E+00
3958,157.151,-66.6642,6.64E-01,4.84E+00,1.02E+01,4.90E+00
3959,157.152,-53.3316,6.97E-01,5.08E+00,9.40E+00,6.01E+00
3960,178.575,-93.2461,1.90E-01,1.48E+00,9.95E+00,5.83E+00
3961,178.576,-86.6646,1.97E-01,1.49E+00,9.46E+00,6.55E+00
3962,178.576,-79.9982,2.04E-01,1.50E+00,8.97E+00,7.26E+00
3963,185.718,-86.6652,9.74E-02,3.75E+00,8.48E+00,9.40E+00
3964,192.859,-86.666,2.74E-02,8.24E+00,7.15E+00,1.35E+01
3965,185.718,-93.2468,9.38E-02,3.60E+00,9.00E+00,8.62E+00
3966,192.867,-93.2616,2.64E-02,8.03E+00,7.73E+00,1.26E+01
3967,185.718,-79.9987,1.01E-01,3.86E+00,7.96E+00,1.02E+01
3968,192.859,-79.9994,2.83E-02,8.41E+00,6.58E+00,1.43E+01
3969,164.29,-93.245,4.37E-01,3.70E+00,1.14E+01,3.10E+00
3970,164.291,-86.6636,4.55E-01,3.68E+00,1.09E+01,3.66E+00
3971,164.292,-79.9973,4.71E-01,3.68E+00,1.05E+01,4.26E+00
3972,171.434,-86.6641,3.18E-01,2.11E+00,1.03E+01,4.70E+00
3973,171.433,-93.2455,3.06E-01,2.18E+00,1.07E+01,4.05E+00
3974,171.434,-79.9977,3.29E-01,2.07E+00,9.79E+00,5.36E+00
3975,157.149,-86.6631,6.03E-01,4.61E+00,1.14E+01,3.28E+00
3976,157.14,-93.2586,5.80E-01,4.59E+00,1.19E+01,2.78E+00
3977,157.149,-79.9969,6.25E-01,4.67E+00,1.10E+01,3.80E+00
3978,192.827,-143.971,1.51E-02,4.05E+00,1.19E+01,4.81E+00
3979,185.699,-144.042,5.33E-02,1.59E+00,1.22E+01,2.54E+00
3980,178.566,-144.069,1.09E-01,2.01E+00,1.25E+01,2.33E+00
3981,171.429,-144.076,1.76E-01,3.69E+00,1.27E+01,3.10E+00
3982,164.3,-144.063,2.53E-01,4.78E+00,1.28E+01,3.65E+00
3983,157.174,-143.985,3.38E-01,5.22E+00,1.29E+01,3.59E+00
3984,178.57,-137.629,1.22E-01,1.70E+00,1.24E+01,2.17E+00
3985,178.573,-131.247,1.35E-01,1.50E+00,1.23E+01,2.26E+00
3986,178.573,-124.997,1.46E-01,1.42E+00,1.20E+01,2.58E+00
3987,178.574,-118.747,1.56E-01,1.41E+00,1.17E+01,3.09E+00
3988,178.574,-112.497,1.65E-01,1.43E+00,1.13E+01,3.71E+00
3989,178.575,-106.163,1.74E-01,1.44E+00,1.09E+01,4.40E+00
3990,185.716,-124.998,7.20E-02,2.28E+00,1.14E+01,4.56E+00
3991,192.858,-124.999,2.04E-02,6.13E+00,1.05E+01,8.00E+00
3992,185.716,-131.248,6.64E-02,1.98E+00,1.17E+01,3.78E+00
3993,185.709,-137.616,6.02E-02,1.76E+00,1.20E+01,3.08E+00
3994,192.858,-131.249,1.88E-02,5.54E+00,1.10E+01,6.97E+00
3995,192.846,-137.58,1.70E-02,4.87E+00,1.15E+01,5.90E+00
3996,185.717,-112.498,8.18E-02,2.92E+00,1.05E+01,6.19E+00
3997,192.859,-112.499,2.31E-02,7.08E+00,9.45E+00,9.94E+00
3998,185.716,-118.748,7.71E-02,2.62E+00,1.10E+01,5.38E+00
3999,192.859,-118.749,2.18E-02,6.65E+00,9.99E+00,9.00E+00
4000,185.717,-106.163,8.61E-02,3.20E+00,1.00E+01,7.02E+00
4001,192.851,-106.178,2.44E-02,7.46E+00,8.88E+00,1.09E+01
4002,157.144,-124.996,4.45E-01,4.82E+00,1.33E+01,2.31E+00
4003,164.287,-124.996,3.35E-01,4.23E+00,1.30E+01,2.23E+00
4004,171.43,-124.996,2.35E-01,2.95E+00,1.26E+01,2.05E+00
4005,164.286,-131.246,3.10E-01,4.41E+00,1.31E+01,2.63E+00
4006,164.292,-137.623,2.83E-01,4.60E+00,1.30E+01,3.11E+00
4007,157.143,-131.246,4.12E-01,4.95E+00,1.33E+01,2.68E+00
4008,157.156,-137.584,3.77E-01,5.09E+00,1.32E+01,3.12E+00
4009,171.43,-131.246,2.17E-01,3.18E+00,1.27E+01,2.22E+00
4010,171.429,-137.631,1.98E-01,3.43E+00,1.28E+01,2.60E+00
4011,164.289,-106.161,4.00E-01,3.84E+00,1.22E+01,2.21E+00
4012,164.288,-112.496,3.80E-01,3.94E+00,1.25E+01,1.99E+00
4013,164.288,-118.746,3.58E-01,4.08E+00,1.28E+01,2.00E+00
4014,157.145,-112.496,5.04E-01,4.65E+00,1.29E+01,1.97E+00
4015,157.154,-106.175,5.30E-01,4.60E+00,1.26E+01,2.08E+00
4016,157.145,-118.746,4.75E-01,4.73E+00,1.31E+01,2.05E+00
4017,171.431,-112.497,2.66E-01,2.55E+00,1.20E+01,2.40E+00
4018,171.432,-106.162,2.80E-01,2.40E+00,1.16E+01,2.87E+00
4019,171.431,-118.747,2.51E-01,2.74E+00,1.23E+01,2.11E+00
4020,192.862,-171.461,4.47E-03,1.14E+00,1.25E+01,1.73E+00
4021,185.719,-171.494,1.81E-02,1.56E+00,1.16E+01,2.29E+00
4022,178.572,-171.522,4.05E-02,2.95E+00,1.10E+01,3.36E+00
4023,171.426,-171.534,7.02E-02,4.05E+00,1.09E+01,4.26E+00
4024,164.279,-171.519,1.06E-01,4.80E+00,1.12E+01,4.80E+00
4025,157.133,-171.478,1.49E-01,5.13E+00,1.15E+01,4.88E+00
4026,178.576,-164.537,5.86E-02,2.98E+00,1.16E+01,3.37E+00
4027,178.571,-157.575,7.66E-02,2.76E+00,1.21E+01,3.08E+00
4028,178.565,-150.788,9.32E-02,2.40E+00,1.24E+01,2.67E+00
4029,185.719,-157.511,3.67E-02,1.36E+00,1.22E+01,2.21E+00
4030,192.876,-157.4,1.00E-02,2.21E+00,1.25E+01,2.88E+00
4031,185.726,-164.489,2.74E-02,1.43E+00,1.20E+01,2.29E+00
4032,192.873,-164.409,7.26E-03,1.53E+00,1.26E+01,2.18E+00
4033,185.704,-150.74,4.54E-02,1.45E+00,1.23E+01,2.25E+00
4034,192.849,-150.636,1.27E-02,3.12E+00,1.23E+01,3.79E+00
4035,164.272,-164.526,1.46E-01,5.10E+00,1.15E+01,4.80E+00
4036,164.279,-157.559,1.84E-01,5.10E+00,1.20E+01,4.55E+00
4037,164.294,-150.777,2.20E-01,4.96E+00,1.25E+01,4.15E+00
4038,171.427,-157.586,1.27E-01,4.20E+00,1.20E+01,4.03E+00
4039,171.426,-164.549,9.86E-02,4.27E+00,1.15E+01,4.29E+00
4040,171.429,-150.8,1.52E-01,3.97E+00,1.25E+01,3.60E+00
4041,157.124,-157.43,2.50E-01,5.44E+00,1.21E+01,4.49E+00
4042,157.124,-164.436,2.00E-01,5.42E+00,1.18E+01,4.79E+00
4043,157.151,-150.662,2.96E-01,5.35E+00,1.25E+01,4.07E+00
4044,178.57,-192.856,2.03E-03,9.46E-01,1.20E+01,1.45E+00
4045,178.57,-185.712,9.77E-03,1.48E+00,1.09E+01,2.07E+00
4046,178.571,-178.611,2.33E-02,2.46E+00,1.06E+01,2.89E+00
4047,185.713,-185.712,3.32E-03,9.49E-01,1.08E+01,1.45E+00
4048,192.856,-185.713,3.83E-04,8.03E-01,1.17E+01,1.11E+00
4049,185.713,-192.856,4.03E-04,7.96E-01,1.16E+01,1.11E+00
4050,192.856,-192.856,-1.03E-04,7.44E-01,1.11E+01,8.58E-01
4051,185.716,-178.599,9.54E-03,1.40E+00,1.11E+01,1.99E+00
4052,192.859,-178.586,1.99E-03,9.43E-01,1.23E+01,1.42E+00
4053,157.142,-185.714,4.97E-02,2.67E+00,1.06E+01,3.42E+00
4054,164.284,-185.714,3.27E-02,2.23E+00,1.09E+01,3.07E+00
4055,171.427,-185.713,1.96E-02,1.92E+00,1.10E+01,2.66E+00
4056,164.285,-192.857,8.59E-03,1.80E+00,1.14E+01,2.53E+00
4057,157.142,-192.857,1.38E-02,2.89E+00,1.04E+01,3.61E+00
4058,171.428,-192.856,4.75E-03,1.23E+00,1.20E+01,1.88E+00
4059,164.281,-178.609,6.72E-02,3.99E+00,1.10E+01,4.32E+00
4060,157.137,-178.594,9.69E-02,4.37E+00,1.12E+01,4.53E+00
4061,171.426,-178.614,4.27E-02,3.36E+00,1.07E+01,3.75E+00
