NodeID,Y,Z,Displacement,Stress_L1,Stress_L2,Stress_L4
2,99.9636,-99.9635,1.40E+00,9.78E+01,1.36E+02,6.18E+01
3,99.9678,-93.2892,1.60E+00,1.20E+02,1.10E+02,9.92E+01
4,99.9723,-86.6195,1.76E+00,1.16E+02,1.09E+02,9.92E+01
5,99.9786,-79.9522,1.91E+00,1.16E+02,1.09E+02,1.01E+02
6,99.9861,-73.2868,2.04E+00,1.14E+02,1.08E+02,1.01E+02
7,99.9943,-66.6231,2.15E+00,1.11E+02,1.06E+02,1.01E+02
8,100.003,-59.9602,2.26E+00,1.08E+02,1.05E+02,1.00E+02
9,100.011,-53.2979,2.34E+00,1.05E+02,1.02E+02,9.93E+01
10,100.019,-46.636,2.42E+00,1.03E+02,1.01E+02,9.82E+01
11,100.026,-39.9741,2.49E+00,1.00E+02,9.88E+01,9.71E+01
12,100.032,-33.3122,2.55E+00,9.84E+01,9.74E+01,9.61E+01
13,100.037,-26.6503,2.60E+00,9.69E+01,9.63E+01,9.53E+01
14,100.041,-19.9882,2.63E+00,9.60E+01,9.54E+01,9.45E+01
15,100.044,-13.326,2.66E+00,9.55E+01,9.49E+01,9.39E+01
16,100.046,-6.6638,2.68E+00,9.54E+01,9.46E+01,9.33E+01
17,100.047,-0.00150755,2.69E+00,9.57E+01,9.47E+01,9.28E+01
18,100.046,6.66078,2.69E+00,9.63E+01,9.50E+01,9.24E+01
19,100.044,13.323,2.67E+00,9.73E+01,9.57E+01,9.22E+01
20,100.041,19.9852,2.65E+00,9.87E+01,9.66E+01,9.20E+01
21,100.036,26.6472,2.62E+00,1.01E+02,9.80E+01,9.20E+01
22,100.03,33.3091,2.57E+00,1.03E+02,9.97E+01,9.21E+01
23,100.024,39.971,2.52E+00,1.05E+02,1.02E+02,9.25E+01
24,100.016,46.6328,2.45E+00,1.08E+02,1.04E+02,9.31E+01
25,100.007,53.2947,2.38E+00,1.11E+02,1.07E+02,9.39E+01
26,99.9979,59.9569,2.29E+00,1.14E+02,1.10E+02,9.49E+01
27,99.9884,66.6197,2.18E+00,1.17E+02,1.12E+02,9.61E+01
28,99.979,73.2835,2.06E+00,1.19E+02,1.14E+02,9.73E+01
29,99.9703,79.9487,1.92E+00,1.20E+02,1.15E+02,9.84E+01
30,99.963,86.6159,1.77E+00,1.18E+02,1.14E+02,9.91E+01
31,99.958,93.285,1.59E+00,1.13E+02,1.11E+02,9.97E+01
32,99.9571,99.9563,1.40E+00,1.40E+02,7.55E+01,1.42E+02
33,93.2851,99.9555,1.59E+00,1.16E+02,1.12E+02,1.02E+02
34,86.6151,99.9592,1.77E+00,1.21E+02,1.17E+02,1.02E+02
35,79.9472,99.9656,1.92E+00,1.22E+02,1.19E+02,1.02E+02
36,73.2816,99.974,2.06E+00,1.21E+02,1.18E+02,1.01E+02
37,66.6177,99.9835,2.18E+00,1.19E+02,1.17E+02,9.93E+01
38,59.9549,99.9934,2.29E+00,1.16E+02,1.14E+02,9.78E+01
39,53.2929,100.003,2.38E+00,1.13E+02,1.11E+02,9.64E+01
40,46.6312,100.013,2.46E+00,1.09E+02,1.08E+02,9.51E+01
41,39.9697,100.021,2.52E+00,1.06E+02,1.05E+02,9.41E+01
42,33.308,100.028,2.58E+00,1.03E+02,1.02E+02,9.34E+01
43,26.6462,100.035,2.62E+00,1.01E+02,1.00E+02,9.29E+01
44,19.9843,100.04,2.66E+00,9.86E+01,9.85E+01,9.27E+01
45,13.3221,100.044,2.68E+00,9.69E+01,9.72E+01,9.25E+01
46,6.65989,100.046,2.69E+00,9.56E+01,9.62E+01,9.25E+01
47,-0.00244712,100.048,2.70E+00,9.47E+01,9.55E+01,9.26E+01
48,-6.66482,100.048,2.69E+00,9.42E+01,9.51E+01,9.29E+01
49,-13.3271,100.046,2.67E+00,9.41E+01,9.51E+01,9.32E+01
50,-19.9895,100.044,2.64E+00,9.45E+01,9.53E+01,9.36E+01
51,-26.6517,100.04,2.60E+00,9.53E+01,9.58E+01,9.41E+01
52,-33.3137,100.035,2.55E+00,9.66E+01,9.67E+01,9.47E+01
53,-39.9757,100.029,2.49E+00,9.84E+01,9.78E+01,9.55E+01
54,-46.6376,100.022,2.42E+00,1.01E+02,9.93E+01,9.64E+01
55,-53.2994,100.014,2.34E+00,1.03E+02,1.01E+02,9.75E+01
56,-59.9616,100.005,2.25E+00,1.06E+02,1.03E+02,9.86E+01
57,-66.6242,99.9962,2.15E+00,1.10E+02,1.05E+02,9.98E+01
58,-73.2877,99.9875,2.04E+00,1.13E+02,1.07E+02,1.01E+02
59,-79.9527,99.9797,1.91E+00,1.15E+02,1.08E+02,1.01E+02
60,-86.6195,99.9731,1.76E+00,1.16E+02,1.09E+02,1.00E+02
61,-93.2884,99.9683,1.60E+00,1.14E+02,1.09E+02,1.00E+02
62,-99.9598,99.9657,1.43E+00,1.35E+02,7.85E+01,1.39E+02
63,-99.9643,93.2894,1.64E+00,1.63E+02,5.15E+01,1.86E+02
64,-99.9686,86.6186,1.81E+00,1.63E+02,5.17E+01,1.88E+02
65,-99.9753,79.9509,1.96E+00,1.62E+02,5.45E+01,1.86E+02
66,-99.9834,73.2856,2.09E+00,1.57E+02,5.73E+01,1.80E+02
67,-99.9924,66.6219,2.20E+00,1.51E+02,6.02E+01,1.73E+02
68,-100.002,59.9593,2.30E+00,1.43E+02,6.33E+01,1.64E+02
69,-100.011,53.2974,2.39E+00,1.35E+02,6.64E+01,1.55E+02
70,-100.019,46.6357,2.46E+00,1.28E+02,6.96E+01,1.46E+02
71,-100.027,39.974,2.53E+00,1.21E+02,7.29E+01,1.37E+02
72,-100.034,33.3122,2.59E+00,1.15E+02,7.63E+01,1.29E+02
73,-100.039,26.6502,2.63E+00,1.10E+02,7.99E+01,1.21E+02
74,-100.044,19.9881,2.67E+00,1.05E+02,8.35E+01,1.13E+02
75,-100.047,13.3259,2.69E+00,1.01E+02,8.73E+01,1.06E+02
76,-100.049,6.66352,2.71E+00,9.74E+01,9.14E+01,9.85E+01
77,-100.049,0.0011287,2.71E+00,9.45E+01,9.57E+01,9.13E+01
78,-100.048,-6.66124,2.70E+00,9.19E+01,1.00E+02,8.41E+01
79,-100.046,-13.3235,2.68E+00,8.96E+01,1.05E+02,7.71E+01
80,-100.042,-19.9856,2.66E+00,8.76E+01,1.11E+02,7.01E+01
81,-100.037,-26.6476,2.62E+00,8.57E+01,1.17E+02,6.31E+01
82,-100.031,-33.3093,2.57E+00,8.41E+01,1.24E+02,5.61E+01
83,-100.023,-39.9709,2.51E+00,8.26E+01,1.31E+02,4.92E+01
84,-100.015,-46.6324,2.44E+00,8.13E+01,1.40E+02,4.23E+01
85,-100.006,-53.2938,2.35E+00,8.00E+01,1.48E+02,3.56E+01
86,-99.9958,-59.9555,2.26E+00,7.87E+01,1.57E+02,2.92E+01
87,-99.9859,-66.6179,2.15E+00,7.72E+01,1.66E+02,2.35E+01
88,-99.9764,-73.2813,2.02E+00,7.56E+01,1.74E+02,1.90E+01
89,-99.9681,-79.9466,1.88E+00,7.33E+01,1.80E+02,1.64E+01
90,-99.9619,-86.6142,1.73E+00,6.99E+01,1.82E+02,1.56E+01
91,-99.9584,-93.2839,1.55E+00,6.25E+01,1.81E+02,1.44E+01
92,-99.9587,-99.9557,1.37E+00,8.62E+01,1.43E+02,5.50E+01
93,-93.2861,-99.9571,1.58E+00,1.19E+02,1.13E+02,9.52E+01
94,-86.6164,-99.9626,1.76E+00,1.21E+02,1.15E+02,9.59E+01
95,-79.9494,-99.9704,1.92E+00,1.21E+02,1.15E+02,9.52E+01
96,-73.2845,-99.9796,2.06E+00,1.19E+02,1.13E+02,9.38E+01
97,-66.6212,-99.9895,2.18E+00,1.16E+02,1.11E+02,9.26E+01
98,-59.9587,-99.9995,2.28E+00,1.13E+02,1.08E+02,9.16E+01
99,-53.2967,-100.009,2.37E+00,1.10E+02,1.05E+02,9.08E+01
100,-46.635,-100.018,2.45E+00,1.07E+02,1.02E+02,9.03E+01
101,-39.9732,-100.026,2.52E+00,1.04E+02,9.95E+01,9.00E+01
102,-33.3113,-100.033,2.57E+00,1.02E+02,9.76E+01,8.99E+01
103,-26.6494,-100.038,2.62E+00,1.00E+02,9.60E+01,9.01E+01
104,-19.9872,-100.043,2.65E+00,9.87E+01,9.49E+01,9.05E+01
105,-13.3249,-100.046,2.68E+00,9.75E+01,9.41E+01,9.09E+01
106,-6.66259,-100.048,2.69E+00,9.67E+01,9.36E+01,9.16E+01
107,-0.00018205,-100.048,2.70E+00,9.63E+01,9.35E+01,9.23E+01
108,6.66221,-100.048,2.69E+00,9.62E+01,9.37E+01,9.32E+01
109,13.3245,-100.045,2.68E+00,9.65E+01,9.42E+01,9.42E+01
110,19.9867,-100.042,2.65E+00,9.72E+01,9.50E+01,9.53E+01
111,26.6487,-100.038,2.61E+00,9.84E+01,9.61E+01,9.66E+01
112,33.3106,-100.032,2.56E+00,1.00E+02,9.75E+01,9.80E+01
113,39.9724,-100.025,2.51E+00,1.02E+02,9.93E+01,9.96E+01
114,46.634,-100.018,2.44E+00,1.05E+02,1.01E+02,1.01E+02
115,53.2958,-100.01,2.36E+00,1.08E+02,1.04E+02,1.03E+02
116,59.9579,-100.001,2.28E+00,1.11E+02,1.06E+02,1.05E+02
117,66.6208,-99.9922,2.18E+00,1.15E+02,1.09E+02,1.06E+02
118,73.2847,-99.9839,2.06E+00,1.17E+02,1.10E+02,1.06E+02
119,79.9504,-99.9766,1.93E+00,1.19E+02,1.11E+02,1.05E+02
120,86.6183,-99.9707,1.78E+00,1.19E+02,1.12E+02,1.02E+02
121,93.2887,-99.9668,1.61E+00,1.21E+02,1.11E+02,1.00E+02
122,-93.3855,0.00140877,3.29E+00,9.86E+01,9.92E+01,9.37E+01
123,-86.7212,0.00171861,3.88E+00,1.03E+02,1.03E+02,9.63E+01
124,-80.0559,0.00206215,4.48E+00,1.07E+02,1.07E+02,9.88E+01
125,-73.3901,0.00245416,5.09E+00,1.12E+02,1.11E+02,1.01E+02
126,-66.724,0.00288717,5.72E+00,1.18E+02,1.15E+02,1.04E+02
127,-60.0575,0.00337122,6.38E+00,1.25E+02,1.20E+02,1.06E+02
128,-53.3913,0.00387188,7.06E+00,1.34E+02,1.26E+02,1.08E+02
129,-46.7256,0.00438066,7.77E+00,1.45E+02,1.34E+02,1.10E+02
130,-40.0607,0.00473723,8.52E+00,1.61E+02,1.45E+02,1.13E+02
131,-33.3973,0.00490213,9.31E+00,1.84E+02,1.61E+02,1.16E+02
132,-26.7362,0.00438642,1.02E+01,2.22E+02,1.86E+02,1.20E+02
133,-20.0792,0.00266482,1.11E+01,2.87E+02,2.30E+02,1.34E+02
134,-13.4359,-0.00524766,1.22E+01,4.56E+02,3.39E+02,1.64E+02
135,-6.79523,-0.0219417,1.35E+01,8.41E+02,5.93E+02,1.87E+02
136,0.00289771,-0.00436705,1.43E+01,1.10E+03,7.77E+02,1.96E+02
137,6.79084,0.0167341,1.34E+01,8.51E+02,6.17E+02,2.08E+02
138,13.4204,0.00285617,1.21E+01,4.68E+02,3.60E+02,1.94E+02
139,20.0646,-0.00407238,1.10E+01,2.98E+02,2.47E+02,1.58E+02
140,26.7237,-0.00524296,1.01E+01,2.29E+02,1.98E+02,1.37E+02
141,33.3864,-0.00541519,9.21E+00,1.89E+02,1.69E+02,1.28E+02
142,40.0512,-0.0050693,8.43E+00,1.64E+02,1.51E+02,1.22E+02
143,46.7173,-0.00465179,7.69E+00,1.48E+02,1.38E+02,1.17E+02
144,53.384,-0.0041485,6.99E+00,1.36E+02,1.29E+02,1.13E+02
145,60.0511,-0.00367525,6.32E+00,1.27E+02,1.22E+02,1.09E+02
146,66.7182,-0.00320566,5.67E+00,1.19E+02,1.16E+02,1.06E+02
147,73.3852,-0.00277844,5.05E+00,1.13E+02,1.11E+02,1.03E+02
148,80.0517,-0.00238438,4.44E+00,1.08E+02,1.07E+02,9.99E+01
149,86.7175,-0.00203668,3.85E+00,1.04E+02,1.03E+02,9.68E+01
150,93.3826,-0.00173679,3.26E+00,9.95E+01,9.90E+01,9.38E+01
151,0.0116818,6.78591,1.34E+01,8.49E+02,6.12E+02,1.88E+02
152,-0.0101069,13.4243,1.21E+01,4.46E+02,3.63E+02,1.88E+02
153,-0.016571,20.0698,1.10E+01,2.75E+02,2.46E+02,1.61E+02
154,-0.0168834,26.7283,1.01E+01,2.14E+02,1.95E+02,1.40E+02
155,-0.0160443,33.3907,9.25E+00,1.79E+02,1.67E+02,1.29E+02
156,-0.0144525,40.0551,8.46E+00,1.57E+02,1.49E+02,1.22E+02
157,-0.0129119,46.7208,7.72E+00,1.42E+02,1.37E+02,1.17E+02
158,-0.0113017,53.3871,7.01E+00,1.31E+02,1.29E+02,1.13E+02
159,-0.00983306,60.0539,6.34E+00,1.23E+02,1.22E+02,1.09E+02
160,-0.00840643,66.7207,5.69E+00,1.16E+02,1.17E+02,1.06E+02
161,-0.00708244,73.3873,5.07E+00,1.11E+02,1.12E+02,1.02E+02
162,-0.00581483,80.0535,4.46E+00,1.06E+02,1.08E+02,9.91E+01
163,-0.00461559,86.7191,3.86E+00,1.01E+02,1.05E+02,9.59E+01
164,-0.003494,93.3839,3.27E+00,9.70E+01,1.01E+02,9.27E+01
165,-53.3899,6.65918,7.04E+00,1.35E+02,1.21E+02,1.27E+02
166,-53.3805,13.3142,6.96E+00,1.39E+02,1.17E+02,1.48E+02
167,-53.3641,19.9685,6.83E+00,1.49E+02,1.13E+02,1.72E+02
168,-53.3427,26.6223,6.63E+00,1.66E+02,1.08E+02,1.98E+02
169,-53.3189,33.2768,6.39E+00,1.89E+02,1.03E+02,2.27E+02
170,-53.2963,39.9342,6.11E+00,2.12E+02,9.77E+01,2.53E+02
171,-53.2786,46.5973,5.78E+00,2.27E+02,9.27E+01,2.68E+02
172,-53.269,53.268,5.42E+00,2.25E+02,8.87E+01,2.65E+02
173,-53.2671,59.9452,5.04E+00,2.10E+02,8.58E+01,2.47E+02
174,-53.2698,66.6253,4.62E+00,1.90E+02,8.32E+01,2.23E+02
175,-53.2748,73.3057,4.19E+00,1.72E+02,8.05E+01,2.02E+02
176,-53.2807,79.9853,3.75E+00,1.57E+02,7.74E+01,1.84E+02
177,-53.287,86.6632,3.29E+00,1.47E+02,7.41E+01,1.70E+02
178,-53.2934,93.3393,2.83E+00,1.41E+02,7.11E+01,1.57E+02
179,-59.9576,46.5986,5.34E+00,2.04E+02,8.99E+01,2.40E+02
180,-66.6378,46.6032,4.89E+00,1.81E+02,8.72E+01,2.14E+02
181,-73.3174,46.6093,4.42E+00,1.63E+02,8.41E+01,1.92E+02
182,-79.9957,46.6159,3.94E+00,1.50E+02,8.07E+01,1.76E+02
183,-86.6723,46.6227,3.45E+00,1.41E+02,7.71E+01,1.64E+02
184,-93.3468,46.6293,2.96E+00,1.34E+02,7.34E+01,1.54E+02
185,-73.3341,39.9507,4.59E+00,1.50E+02,8.80E+01,1.77E+02
186,-73.3501,33.293,4.75E+00,1.38E+02,9.17E+01,1.62E+02
187,-73.3643,26.6354,4.87E+00,1.29E+02,9.52E+01,1.48E+02
188,-73.376,19.9776,4.97E+00,1.22E+02,9.87E+01,1.35E+02
189,-73.3844,13.3194,5.04E+00,1.17E+02,1.02E+02,1.23E+02
190,-73.3892,6.66097,5.08E+00,1.14E+02,1.06E+02,1.12E+02
191,-66.6921,26.6312,5.45E+00,1.37E+02,9.94E+01,1.59E+02
192,-60.0183,26.6268,6.04E+00,1.48E+02,1.04E+02,1.75E+02
193,-66.6749,33.2875,5.29E+00,1.49E+02,9.57E+01,1.77E+02
194,-66.6563,39.9445,5.11E+00,1.64E+02,9.16E+01,1.95E+02
195,-59.9979,33.2821,5.84E+00,1.65E+02,9.96E+01,1.97E+02
196,-59.9767,39.9387,5.61E+00,1.85E+02,9.49E+01,2.20E+02
197,-66.717,13.3177,5.66E+00,1.23E+02,1.06E+02,1.29E+02
198,-60.0489,13.3159,6.30E+00,1.30E+02,1.11E+02,1.37E+02
199,-66.7065,19.9746,5.58E+00,1.28E+02,1.03E+02,1.44E+02
200,-60.0358,19.9716,6.19E+00,1.37E+02,1.08E+02,1.55E+02
201,-66.7229,6.66033,5.71E+00,1.20E+02,1.10E+02,1.16E+02
202,-60.0564,6.65972,6.36E+00,1.26E+02,1.15E+02,1.21E+02
203,-93.3728,26.6469,3.18E+00,1.13E+02,8.35E+01,1.26E+02
204,-86.7048,26.6433,3.74E+00,1.18E+02,8.73E+01,1.32E+02
205,-80.0352,26.6394,4.30E+00,1.22E+02,9.12E+01,1.39E+02
206,-86.6954,33.3031,3.66E+00,1.24E+02,8.38E+01,1.42E+02
207,-86.6844,39.9629,3.57E+00,1.32E+02,8.05E+01,1.53E+02
208,-93.3654,33.3078,3.12E+00,1.19E+02,8.00E+01,1.35E+02
209,-93.3567,39.9686,3.05E+00,1.26E+02,7.66E+01,1.44E+02
210,-80.0236,33.2982,4.20E+00,1.30E+02,8.77E+01,1.51E+02
211,-80.0102,39.9569,4.08E+00,1.39E+02,8.43E+01,1.63E+02
212,-93.3827,13.3244,3.27E+00,1.05E+02,9.09E+01,1.10E+02
213,-86.7175,13.3228,3.85E+00,1.08E+02,9.45E+01,1.14E+02
214,-80.0514,13.3211,4.44E+00,1.13E+02,9.83E+01,1.18E+02
215,-86.7122,19.9831,3.80E+00,1.12E+02,9.08E+01,1.23E+02
216,-93.3786,19.9857,3.23E+00,1.09E+02,8.71E+01,1.18E+02
217,-80.0446,19.9804,4.38E+00,1.17E+02,9.46E+01,1.28E+02
218,-86.7205,6.66228,3.87E+00,1.05E+02,9.84E+01,1.05E+02
219,-93.385,6.66292,3.28E+00,1.01E+02,9.49E+01,1.02E+02
220,-80.0552,6.66163,4.47E+00,1.10E+02,1.02E+02,1.08E+02
221,-59.9371,73.2915,3.97E+00,1.83E+02,7.62E+01,2.14E+02
222,-66.603,73.2804,3.71E+00,1.90E+02,7.22E+01,2.21E+02
223,-73.2732,73.2738,3.44E+00,1.90E+02,6.88E+01,2.20E+02
224,-79.9478,73.2719,3.14E+00,1.84E+02,6.60E+01,2.13E+02
225,-86.6254,73.274,2.81E+00,1.74E+02,6.34E+01,2.02E+02
226,-93.3044,73.2789,2.46E+00,1.65E+02,6.06E+01,1.91E+02
227,-73.2781,66.6012,3.72E+00,1.93E+02,7.20E+01,2.24E+02
228,-73.2877,59.9333,3.98E+00,1.88E+02,7.58E+01,2.19E+02
229,-73.3014,53.2697,4.21E+00,1.77E+02,8.00E+01,2.07E+02
230,-66.6098,59.9317,4.36E+00,2.03E+02,7.85E+01,2.36E+02
231,-59.9355,59.9351,4.71E+00,2.12E+02,8.16E+01,2.47E+02
232,-66.6037,66.6038,4.05E+00,2.00E+02,7.50E+01,2.33E+02
233,-59.9343,66.612,4.35E+00,1.99E+02,7.88E+01,2.33E+02
234,-66.6216,53.2651,4.64E+00,1.95E+02,8.26E+01,2.29E+02
235,-59.9432,53.2636,5.04E+00,2.14E+02,8.53E+01,2.51E+02
236,-93.325,59.9518,2.74E+00,1.50E+02,6.69E+01,1.74E+02
237,-86.6467,59.9445,3.17E+00,1.60E+02,7.02E+01,1.86E+02
238,-79.9673,59.9381,3.58E+00,1.73E+02,7.32E+01,2.01E+02
239,-86.635,66.6079,3.00E+00,1.69E+02,6.68E+01,1.96E+02
240,-93.3142,66.6144,2.61E+00,1.59E+02,6.37E+01,1.83E+02
241,-79.9558,66.6031,3.37E+00,1.81E+02,6.94E+01,2.10E+02
242,-86.6595,53.283,3.32E+00,1.50E+02,7.37E+01,1.75E+02
243,-93.3361,53.2902,2.86E+00,1.42E+02,7.01E+01,1.64E+02
244,-79.981,53.276,3.77E+00,1.62E+02,7.70E+01,1.89E+02
245,-73.2816,93.3084,2.43E+00,1.66E+02,6.13E+01,1.83E+02
246,-73.2762,86.6291,2.79E+00,1.73E+02,6.35E+01,1.98E+02
247,-73.273,79.9503,3.13E+00,1.82E+02,6.61E+01,2.11E+02
248,-66.6112,86.6392,2.98E+00,1.66E+02,6.69E+01,1.90E+02
249,-59.9484,86.6509,3.15E+00,1.57E+02,7.05E+01,1.80E+02
250,-66.6177,93.3182,2.58E+00,1.59E+02,6.45E+01,1.75E+02
251,-59.9551,93.3287,2.71E+00,1.50E+02,6.78E+01,1.66E+02
252,-66.606,79.9595,3.36E+00,1.78E+02,6.97E+01,2.06E+02
253,-59.9422,79.9715,3.56E+00,1.69E+02,7.35E+01,1.96E+02
254,-93.2908,86.6163,2.10E+00,1.69E+02,5.53E+01,1.95E+02
255,-86.6159,86.6171,2.35E+00,1.74E+02,5.76E+01,2.00E+02
256,-79.9443,86.6214,2.58E+00,1.76E+02,6.03E+01,2.01E+02
257,-86.6166,93.2937,2.08E+00,1.72E+02,5.59E+01,1.90E+02
258,-93.2885,93.2901,1.87E+00,1.68E+02,5.44E+01,1.90E+02
259,-79.9478,93.3,2.26E+00,1.72E+02,5.83E+01,1.88E+02
260,-86.6189,79.9437,2.59E+00,1.76E+02,6.03E+01,2.04E+02
261,-93.2963,79.9459,2.29E+00,1.68E+02,5.77E+01,1.95E+02
262,-79.9441,79.9449,2.87E+00,1.81E+02,6.30E+01,2.10E+02
263,-6.66732,46.7208,7.70E+00,1.43E+02,1.30E+02,1.41E+02
264,-13.3216,46.7109,7.61E+00,1.49E+02,1.25E+02,1.67E+02
265,-19.9751,46.6925,7.45E+00,1.62E+02,1.20E+02,1.97E+02
266,-26.6278,46.6681,7.21E+00,1.85E+02,1.15E+02,2.28E+02
267,-33.2814,46.6417,6.92E+00,2.13E+02,1.08E+02,2.60E+02
268,-39.9392,46.6183,6.58E+00,2.36E+02,1.02E+02,2.83E+02
269,-46.6047,46.6028,6.20E+00,2.41E+02,9.64E+01,2.86E+02
270,-26.6247,39.9881,7.82E+00,2.21E+02,1.20E+02,2.75E+02
271,-26.623,33.3053,8.42E+00,2.70E+02,1.26E+02,3.37E+02
272,-26.6298,26.6257,8.99E+00,3.09E+02,1.35E+02,3.88E+02
273,-26.6571,19.9612,9.49E+00,3.01E+02,1.46E+02,3.80E+02
274,-26.6991,13.3105,9.89E+00,2.58E+02,1.59E+02,3.03E+02
275,-26.7313,6.65856,1.01E+01,2.28E+02,1.71E+02,2.00E+02
276,-19.9717,26.6581,9.48E+00,2.91E+02,1.48E+02,3.76E+02
277,-13.3227,26.6995,9.86E+00,2.45E+02,1.64E+02,3.06E+02
278,-6.67064,26.7271,1.01E+01,2.17E+02,1.77E+02,2.18E+02
279,-13.3214,33.3718,9.08E+00,1.96E+02,1.46E+02,2.33E+02
280,-13.3213,40.0419,8.33E+00,1.67E+02,1.34E+02,1.92E+02
281,-19.9718,33.3402,8.80E+00,2.31E+02,1.36E+02,2.92E+02
282,-19.9732,40.0178,8.11E+00,1.88E+02,1.28E+02,2.33E+02
283,-6.66908,33.3905,9.23E+00,1.81E+02,1.54E+02,1.78E+02
284,-6.66811,40.0552,8.45E+00,1.58E+02,1.40E+02,1.55E+02
285,-13.4093,6.67025,1.21E+01,4.50E+02,2.98E+02,3.80E+02
286,-13.3496,13.3432,1.15E+01,3.95E+02,2.43E+02,5.02E+02
287,-13.3264,20.0218,1.07E+01,3.18E+02,1.94E+02,4.22E+02
288,-20.0224,13.3145,1.07E+01,3.33E+02,1.88E+02,4.19E+02
289,-20.0698,6.66081,1.11E+01,3.01E+02,2.08E+02,2.77E+02
290,-19.983,19.9779,1.01E+01,3.38E+02,1.67E+02,4.46E+02
291,-6.68312,13.4042,1.20E+01,4.28E+02,3.13E+02,4.05E+02
292,-6.72989,6.72051,1.30E+01,7.08E+02,4.65E+02,3.43E+02
293,-6.67376,20.0657,1.10E+01,2.82E+02,2.18E+02,3.00E+02
294,-46.6651,26.618,7.24E+00,1.92E+02,1.13E+02,2.32E+02
295,-39.9851,26.6145,7.84E+00,2.31E+02,1.18E+02,2.81E+02
296,-33.3041,26.614,8.43E+00,2.79E+02,1.25E+02,3.43E+02
297,-39.9582,33.2717,7.47E+00,2.59E+02,1.11E+02,3.13E+02
298,-39.9427,39.9401,7.05E+00,2.61E+02,1.06E+02,3.12E+02
299,-46.6386,33.2726,6.94E+00,2.21E+02,1.07E+02,2.66E+02
300,-46.6168,39.9331,6.59E+00,2.42E+02,1.01E+02,2.88E+02
301,-33.284,33.2806,7.97E+00,2.83E+02,1.17E+02,3.45E+02
302,-33.2792,39.9595,7.46E+00,2.52E+02,1.12E+02,3.07E+02
303,-46.7117,13.3126,7.65E+00,1.52E+02,1.23E+02,1.63E+02
304,-40.0424,13.3113,8.37E+00,1.72E+02,1.32E+02,1.87E+02
305,-33.3719,13.3103,9.11E+00,2.04E+02,1.43E+02,2.28E+02
306,-40.0158,19.9626,8.14E+00,1.96E+02,1.26E+02,2.34E+02
307,-46.691,19.9655,7.48E+00,1.67E+02,1.19E+02,1.96E+02
308,-33.3378,19.9605,8.82E+00,2.41E+02,1.34E+02,2.95E+02
309,-40.0585,6.65836,8.49E+00,1.62E+02,1.37E+02,1.46E+02
310,-46.7239,6.6587,7.75E+00,1.46E+02,1.28E+02,1.34E+02
311,-33.3942,6.65819,9.29E+00,1.87E+02,1.51E+02,1.65E+02
312,-26.6492,93.3733,3.16E+00,1.13E+02,8.46E+01,1.23E+02
313,-26.6465,86.7054,3.72E+00,1.16E+02,8.81E+01,1.30E+02
314,-26.6437,80.0362,4.28E+00,1.21E+02,9.19E+01,1.38E+02
315,-26.6407,73.3657,4.85E+00,1.26E+02,9.60E+01,1.47E+02
316,-26.6377,66.6938,5.43E+00,1.34E+02,1.00E+02,1.59E+02
317,-26.6345,60.0205,6.01E+00,1.45E+02,1.05E+02,1.74E+02
318,-26.6312,53.3454,6.61E+00,1.61E+02,1.10E+02,1.96E+02
319,-19.9826,73.3761,4.95E+00,1.20E+02,9.96E+01,1.35E+02
320,-13.3242,73.3834,5.02E+00,1.16E+02,1.03E+02,1.24E+02
321,-6.66567,73.3872,5.06E+00,1.13E+02,1.08E+02,1.13E+02
322,-13.325,80.0504,4.41E+00,1.11E+02,9.95E+01,1.18E+02
323,-13.3257,86.7167,3.82E+00,1.07E+02,9.58E+01,1.13E+02
324,-13.3264,93.382,3.24E+00,1.04E+02,9.22E+01,1.08E+02
325,-19.9862,86.7121,3.78E+00,1.11E+02,9.18E+01,1.21E+02
326,-19.9844,80.0446,4.36E+00,1.15E+02,9.56E+01,1.28E+02
327,-19.9879,93.3784,3.21E+00,1.08E+02,8.83E+01,1.15E+02
328,-6.66519,86.719,3.85E+00,1.04E+02,9.99E+01,1.04E+02
329,-6.66543,80.0534,4.45E+00,1.08E+02,1.04E+02,1.08E+02
330,-6.665,93.3838,3.27E+00,1.00E+02,9.63E+01,1.00E+02
331,-13.3221,53.3795,6.93E+00,1.37E+02,1.18E+02,1.51E+02
332,-13.3227,60.0479,6.27E+00,1.28E+02,1.13E+02,1.39E+02
333,-13.3234,66.7159,5.63E+00,1.21E+02,1.08E+02,1.31E+02
334,-19.9788,60.0364,6.16E+00,1.34E+02,1.09E+02,1.56E+02
335,-19.977,53.3651,6.80E+00,1.46E+02,1.14E+02,1.73E+02
336,-19.9807,66.7068,5.55E+00,1.26E+02,1.04E+02,1.44E+02
337,-6.66632,60.0538,6.33E+00,1.24E+02,1.17E+02,1.24E+02
338,-6.66678,53.3871,7.00E+00,1.32E+02,1.23E+02,1.31E+02
339,-6.66597,66.7206,5.68E+00,1.18E+02,1.12E+02,1.18E+02
340,-46.615,73.3216,4.40E+00,1.58E+02,8.46E+01,1.88E+02
341,-39.9565,73.3376,4.57E+00,1.46E+02,8.86E+01,1.73E+02
342,-33.2985,73.3526,4.72E+00,1.35E+02,9.23E+01,1.60E+02
343,-39.9616,80.0131,4.06E+00,1.36E+02,8.48E+01,1.60E+02
344,-39.9666,86.6868,3.54E+00,1.30E+02,8.10E+01,1.49E+02
345,-39.9714,93.3586,3.02E+00,1.26E+02,7.77E+01,1.39E+02
346,-46.6267,86.6754,3.43E+00,1.38E+02,7.76E+01,1.59E+02
347,-46.6209,79.9994,3.91E+00,1.46E+02,8.12E+01,1.72E+02
348,-46.6324,93.3493,2.93E+00,1.33E+02,7.43E+01,1.48E+02
349,-33.3066,86.6969,3.64E+00,1.22E+02,8.45E+01,1.39E+02
350,-33.3027,80.0256,4.18E+00,1.28E+02,8.83E+01,1.49E+02
351,-33.3103,93.3666,3.10E+00,1.19E+02,8.11E+01,1.31E+02
352,-39.9416,53.2998,6.10E+00,2.05E+02,9.89E+01,2.46E+02
353,-39.9461,59.9808,5.59E+00,1.78E+02,9.58E+01,2.15E+02
354,-39.9512,66.6602,5.09E+00,1.59E+02,9.23E+01,1.91E+02
355,-46.6046,59.9613,5.33E+00,1.97E+02,9.07E+01,2.34E+02
356,-46.602,53.2805,5.78E+00,2.22E+02,9.33E+01,2.63E+02
357,-46.6094,66.6421,4.87E+00,1.75E+02,8.79E+01,2.08E+02
358,-33.2899,60.0013,5.82E+00,1.60E+02,1.01E+02,1.94E+02
359,-33.2854,53.3226,6.37E+00,1.82E+02,1.05E+02,2.22E+02
360,-33.2943,66.6779,5.27E+00,1.45E+02,9.64E+01,1.74E+02
361,93.3423,46.6258,2.93E+00,8.49E+01,1.44E+02,4.39E+01
362,86.6665,46.6187,3.40E+00,9.24E+01,1.54E+02,4.21E+01
363,79.9886,46.6113,3.87E+00,9.86E+01,1.65E+02,4.10E+01
364,73.3088,46.6039,4.33E+00,1.05E+02,1.80E+02,3.95E+01
365,66.6275,46.5967,4.79E+00,1.11E+02,1.99E+02,3.70E+01
366,59.9454,46.5904,5.23E+00,1.16E+02,2.23E+02,3.37E+01
367,53.2639,46.5865,5.66E+00,1.22E+02,2.49E+02,3.00E+01
368,46.5857,46.5877,6.06E+00,1.27E+02,2.69E+02,2.80E+01
369,39.9151,46.5976,6.44E+00,1.33E+02,2.71E+02,3.03E+01
370,33.2531,46.6168,6.78E+00,1.38E+02,2.53E+02,3.80E+01
371,26.5975,46.642,7.08E+00,1.43E+02,2.23E+02,4.93E+01
372,19.9452,46.6688,7.33E+00,1.45E+02,1.92E+02,6.27E+01
373,13.2934,46.6929,7.53E+00,1.45E+02,1.67E+02,7.82E+01
374,6.64085,46.711,7.66E+00,1.44E+02,1.49E+02,9.61E+01
375,53.2812,39.925,5.97E+00,1.27E+02,2.33E+02,3.70E+01
376,53.303,33.268,6.25E+00,1.32E+02,2.10E+02,4.60E+01
377,53.3262,26.6136,6.50E+00,1.35E+02,1.87E+02,5.61E+01
378,53.3479,19.9599,6.70E+00,1.36E+02,1.66E+02,6.74E+01
379,53.3659,13.306,6.85E+00,1.36E+02,1.50E+02,8.04E+01
380,53.3783,6.65123,6.94E+00,1.36E+02,1.38E+02,9.54E+01
381,80.0028,39.9522,4.02E+00,1.00E+02,1.53E+02,4.85E+01
382,80.0161,33.2934,4.14E+00,1.02E+02,1.43E+02,5.63E+01
383,80.0279,26.6347,4.25E+00,1.03E+02,1.33E+02,6.44E+01
384,80.0376,19.9758,4.33E+00,1.04E+02,1.25E+02,7.29E+01
385,80.0449,13.3166,4.39E+00,1.05E+02,1.18E+02,8.16E+01
386,80.0497,6.65718,4.43E+00,1.06E+02,1.12E+02,9.06E+01
387,86.6989,26.6391,3.70E+00,9.64E+01,1.27E+02,6.44E+01
388,93.3684,26.6433,3.16E+00,9.00E+01,1.21E+02,6.46E+01
389,86.6895,33.299,3.62E+00,9.51E+01,1.35E+02,5.67E+01
390,86.6785,39.9588,3.52E+00,9.38E+01,1.44E+02,4.93E+01
391,93.3609,33.3042,3.09E+00,8.82E+01,1.28E+02,5.76E+01
392,93.3522,39.965,3.02E+00,8.65E+01,1.36E+02,5.07E+01
393,86.7124,13.3189,3.81E+00,9.95E+01,1.13E+02,8.02E+01
394,93.3788,13.321,3.24E+00,9.41E+01,1.09E+02,7.90E+01
395,86.7066,19.9791,3.76E+00,9.79E+01,1.20E+02,7.22E+01
396,93.3744,19.9822,3.20E+00,9.19E+01,1.15E+02,7.17E+01
397,86.7161,6.65848,3.84E+00,1.01E+02,1.08E+02,8.84E+01
398,93.3815,6.65968,3.26E+00,9.66E+01,1.04E+02,8.63E+01
399,60.0045,26.6194,5.93E+00,1.25E+02,1.66E+02,6.02E+01
400,66.6808,26.6248,5.36E+00,1.17E+02,1.52E+02,6.27E+01
401,73.3552,26.6299,4.80E+00,1.09E+02,1.41E+02,6.40E+01
402,66.6637,33.2812,5.20E+00,1.16E+02,1.66E+02,5.36E+01
403,66.6454,39.9382,5.01E+00,1.14E+02,1.82E+02,4.50E+01
404,59.9844,33.2747,5.73E+00,1.24E+02,1.85E+02,5.05E+01
405,59.9639,39.9312,5.49E+00,1.20E+02,2.05E+02,4.16E+01
406,73.3409,33.2875,4.67E+00,1.08E+02,1.53E+02,5.54E+01
407,73.3251,39.9453,4.52E+00,1.07E+02,1.66E+02,4.72E+01
408,66.7149,6.65434,5.65E+00,1.18E+02,1.22E+02,9.40E+01
409,66.7072,13.3116,5.59E+00,1.18E+02,1.30E+02,8.28E+01
410,66.6956,19.9684,5.49E+00,1.18E+02,1.40E+02,7.24E+01
411,60.037,13.3088,6.21E+00,1.26E+02,1.39E+02,8.22E+01
412,60.0467,6.65281,6.28E+00,1.26E+02,1.29E+02,9.50E+01
413,60.0225,19.9643,6.09E+00,1.26E+02,1.51E+02,7.07E+01
414,73.3765,13.3141,4.98E+00,1.11E+02,1.24E+02,8.25E+01
415,73.3826,6.6558,5.03E+00,1.12E+02,1.17E+02,9.24E+01
416,73.3672,19.9722,4.91E+00,1.10E+02,1.32E+02,7.30E+01
417,26.5916,39.9595,7.65E+00,1.55E+02,2.66E+02,4.10E+01
418,26.5892,33.2775,8.21E+00,1.70E+02,3.15E+02,3.25E+01
419,26.5978,26.6025,8.75E+00,1.88E+02,3.48E+02,3.02E+01
420,26.6257,19.9431,9.23E+00,2.08E+02,3.35E+02,3.79E+01
421,26.6659,13.2946,9.64E+00,2.24E+02,2.84E+02,5.33E+01
422,26.7031,6.64651,9.93E+00,2.31E+02,2.32E+02,8.15E+01
423,33.2782,26.5982,8.21E+00,1.72E+02,3.08E+02,3.40E+01
424,39.9625,26.602,7.65E+00,1.58E+02,2.57E+02,4.22E+01
425,46.6455,26.6076,7.07E+00,1.46E+02,2.16E+02,5.01E+01
426,39.9365,33.258,7.28E+00,1.50E+02,2.85E+02,3.28E+01
427,39.92,39.9228,6.88E+00,1.41E+02,2.90E+02,2.86E+01
428,33.257,33.2606,7.77E+00,1.60E+02,3.16E+02,2.87E+01
429,33.2506,39.9356,7.29E+00,1.48E+02,2.91E+02,3.14E+01
430,46.62,33.262,6.77E+00,1.41E+02,2.45E+02,3.98E+01
431,46.5988,39.9211,6.44E+00,1.34E+02,2.65E+02,3.18E+01
432,33.3444,13.2967,8.90E+00,1.90E+02,2.26E+02,6.29E+01
433,40.0201,13.2999,8.19E+00,1.67E+02,1.90E+02,7.12E+01
434,46.6937,13.3029,7.51E+00,1.49E+02,1.66E+02,7.69E+01
435,39.9923,19.9503,7.95E+00,1.64E+02,2.22E+02,5.50E+01
436,33.3103,19.9458,8.59E+00,1.84E+02,2.70E+02,4.58E+01
437,46.6714,19.9553,7.32E+00,1.49E+02,1.88E+02,6.23E+01
438,40.041,6.64816,8.36E+00,1.66E+02,1.66E+02,9.29E+01
439,33.3722,6.64702,9.12E+00,1.91E+02,1.91E+02,8.87E+01
440,46.7097,6.64969,7.63E+00,1.48E+02,1.49E+02,9.49E+01
441,6.63329,26.7037,9.95E+00,2.18E+02,2.33E+02,8.51E+01
442,13.2811,26.6644,9.65E+00,2.15E+02,2.91E+02,5.34E+01
443,19.9323,26.6256,9.24E+00,2.03E+02,3.43E+02,3.64E+01
444,13.2842,33.3428,8.92E+00,1.83E+02,2.30E+02,6.42E+01
445,13.2889,40.0189,8.21E+00,1.61E+02,1.91E+02,7.27E+01
446,6.63536,33.3731,9.14E+00,1.83E+02,1.91E+02,9.15E+01
447,6.63792,40.0422,8.38E+00,1.60E+02,1.65E+02,9.49E+01
448,19.9339,33.3078,8.61E+00,1.79E+02,2.79E+02,4.49E+01
449,19.939,39.9894,7.97E+00,1.60E+02,2.27E+02,5.51E+01
450,6.64843,13.3687,1.18E+01,4.16E+02,4.05E+02,7.61E+01
451,13.3043,13.3115,1.11E+01,3.41E+02,4.22E+02,5.99E+01
452,19.9834,13.2951,1.04E+01,2.73E+02,3.65E+02,4.97E+01
453,13.2825,19.9842,1.04E+01,2.64E+02,3.71E+02,4.78E+01
454,6.63472,20.034,1.08E+01,2.78E+02,3.02E+02,7.81E+01
455,19.9448,19.9507,9.85E+00,2.37E+02,3.86E+02,3.77E+01
456,13.367,6.66193,1.17E+01,4.37E+02,3.99E+02,7.64E+01
457,6.71095,6.71599,1.27E+01,6.83E+02,5.59E+02,9.95E+01
458,20.0333,6.64886,1.08E+01,2.97E+02,2.98E+02,7.53E+01
459,53.284,93.3273,2.83E+00,8.18E+01,1.58E+02,3.65E+01
460,53.2754,86.6492,3.27E+00,8.95E+01,1.69E+02,3.43E+01
461,53.2669,79.9694,3.71E+00,9.53E+01,1.83E+02,3.29E+01
462,53.2592,73.2886,4.13E+00,1.01E+02,2.00E+02,3.11E+01
463,53.2532,66.608,4.54E+00,1.06E+02,2.20E+02,2.86E+01
464,53.2506,59.9292,4.94E+00,1.10E+02,2.39E+02,2.65E+01
465,53.2534,53.2546,5.31E+00,1.16E+02,2.50E+02,2.65E+01
466,59.9234,73.2761,3.90E+00,9.74E+01,2.10E+02,2.47E+01
467,66.5919,73.2677,3.64E+00,9.41E+01,2.14E+02,2.02E+01
468,73.2648,73.264,3.37E+00,9.08E+01,2.10E+02,1.79E+01
469,79.9414,73.2648,3.06E+00,8.75E+01,2.01E+02,1.76E+01
470,86.6203,73.2689,2.74E+00,8.34E+01,1.89E+02,1.85E+01
471,93.3001,73.2753,2.41E+00,7.68E+01,1.77E+02,2.09E+01
472,73.2641,79.9387,3.07E+00,8.70E+01,2.04E+02,1.70E+01
473,73.2673,86.6163,2.75E+00,8.26E+01,1.94E+02,1.77E+01
474,73.2732,93.2952,2.41E+00,7.55E+01,1.82E+02,2.01E+01
475,66.6008,86.6251,2.94E+00,8.53E+01,1.88E+02,2.22E+01
476,59.9371,86.6365,3.12E+00,8.76E+01,1.80E+02,2.78E+01
477,66.5949,79.9456,3.30E+00,9.00E+01,2.02E+02,2.08E+01
478,59.9293,79.9561,3.52E+00,9.28E+01,1.94E+02,2.63E+01
479,66.6085,93.3049,2.57E+00,7.80E+01,1.76E+02,2.48E+01
480,59.9456,93.3158,2.71E+00,8.00E+01,1.68E+02,3.04E+01
481,86.6135,79.9372,2.53E+00,8.01E+01,1.92E+02,1.53E+01
482,86.6102,86.6087,2.29E+00,7.60E+01,1.90E+02,1.39E+01
483,86.6107,93.2832,2.03E+00,6.87E+01,1.84E+02,1.46E+01
484,79.9371,86.6107,2.53E+00,7.97E+01,1.94E+02,1.49E+01
485,79.9372,79.936,2.81E+00,8.39E+01,2.00E+02,1.52E+01
486,79.9405,93.2878,2.23E+00,7.26E+01,1.85E+02,1.67E+01
487,93.2861,86.6105,2.03E+00,6.93E+01,1.82E+02,1.50E+01
488,93.2919,79.9416,2.23E+00,7.36E+01,1.81E+02,1.73E+01
489,93.2835,93.282,1.81E+00,6.15E+01,1.79E+02,1.49E+01
490,73.2933,53.2641,4.13E+00,1.02E+02,1.94E+02,3.23E+01
491,73.2799,59.9269,3.90E+00,9.84E+01,2.05E+02,2.59E+01
492,73.2701,66.5934,3.64E+00,9.46E+01,2.11E+02,2.09E+01
493,66.5999,59.923,4.26E+00,1.02E+02,2.22E+02,2.44E+01
494,59.9227,59.9231,4.61E+00,1.06E+02,2.35E+02,2.41E+01
495,66.6118,53.2579,4.54E+00,1.07E+02,2.13E+02,2.99E+01
496,59.9311,53.254,4.93E+00,1.11E+02,2.34E+02,2.75E+01
497,66.5932,66.593,3.97E+00,9.82E+01,2.22E+02,2.11E+01
498,59.9206,66.5978,4.27E+00,1.02E+02,2.25E+02,2.35E+01
499,93.3207,59.9485,2.70E+00,8.14E+01,1.62E+02,3.12E+01
500,86.6414,59.9405,3.11E+00,8.87E+01,1.74E+02,2.88E+01
501,79.9609,59.9331,3.51E+00,9.39E+01,1.88E+02,2.75E+01
502,86.6539,53.2791,3.27E+00,9.08E+01,1.64E+02,3.52E+01
503,93.3317,53.2869,2.82E+00,8.33E+01,1.53E+02,3.74E+01
504,79.9743,53.2714,3.70E+00,9.66E+01,1.77E+02,3.40E+01
505,86.6299,66.6036,2.94E+00,8.63E+01,1.83E+02,2.31E+01
506,93.3099,66.6111,2.56E+00,7.93E+01,1.70E+02,2.56E+01
507,79.9495,66.5973,3.30E+00,9.08E+01,1.97E+02,2.18E+01
508,26.6413,93.367,3.16E+00,8.82E+01,1.24E+02,6.39E+01
509,26.6361,86.6974,3.71E+00,9.48E+01,1.29E+02,6.38E+01
510,26.6306,80.0261,4.26E+00,1.01E+02,1.36E+02,6.40E+01
511,26.6246,73.353,4.81E+00,1.08E+02,1.44E+02,6.37E+01
512,26.6183,66.6783,5.37E+00,1.15E+02,1.55E+02,6.25E+01
513,26.6115,60.0016,5.94E+00,1.23E+02,1.70E+02,5.99E+01
514,26.6045,53.3228,6.51E+00,1.32E+02,1.92E+02,5.56E+01
515,33.2819,73.3376,4.68E+00,1.07E+02,1.56E+02,5.50E+01
516,39.9395,73.3209,4.52E+00,1.05E+02,1.71E+02,4.65E+01
517,46.5983,73.3041,4.34E+00,1.03E+02,1.86E+02,3.85E+01
518,39.9475,79.9991,4.03E+00,9.89E+01,1.58E+02,4.78E+01
519,39.9553,86.6752,3.53E+00,9.24E+01,1.48E+02,4.85E+01
520,39.9626,93.3492,3.03E+00,8.50E+01,1.40E+02,4.99E+01
521,33.2957,86.687,3.63E+00,9.37E+01,1.38E+02,5.61E+01
522,33.289,80.0133,4.15E+00,1.00E+02,1.46E+02,5.58E+01
523,33.302,93.3588,3.10E+00,8.66E+01,1.31E+02,5.69E+01
524,46.615,86.6624,3.41E+00,9.11E+01,1.58E+02,4.12E+01
525,46.6066,79.9841,3.88E+00,9.73E+01,1.70E+02,4.02E+01
526,46.6232,93.3386,2.93E+00,8.34E+01,1.49E+02,4.31E+01
527,33.2667,59.9804,5.74E+00,1.21E+02,1.90E+02,4.97E+01
528,39.9238,59.9596,5.50E+00,1.19E+02,2.12E+02,4.03E+01
529,46.5845,59.9418,5.23E+00,1.15E+02,2.30E+02,3.22E+01
530,39.9315,66.641,5.02E+00,1.12E+02,1.88E+02,4.41E+01
531,33.2744,66.66,5.21E+00,1.14E+02,1.71E+02,5.30E+01
532,46.5906,66.623,4.79E+00,1.09E+02,2.06E+02,3.58E+01
533,39.9177,53.2778,5.98E+00,1.25E+02,2.41E+02,3.52E+01
534,33.2593,53.2991,6.26E+00,1.30E+02,2.18E+02,4.46E+01
535,46.5819,53.2623,5.66E+00,1.21E+02,2.54E+02,2.88E+01
536,6.65136,73.3838,5.05E+00,1.09E+02,1.18E+02,9.21E+01
537,13.3095,73.3766,5.00E+00,1.09E+02,1.25E+02,8.23E+01
538,19.9672,73.3662,4.92E+00,1.08E+02,1.33E+02,7.28E+01
539,13.313,80.0451,4.40E+00,1.03E+02,1.20E+02,8.11E+01
540,13.3162,86.7125,3.82E+00,9.75E+01,1.15E+02,7.96E+01
541,13.3193,93.3788,3.25E+00,9.21E+01,1.11E+02,7.82E+01
542,6.65589,86.7169,3.85E+00,9.92E+01,1.10E+02,8.77E+01
543,6.65368,80.0507,4.44E+00,1.04E+02,1.14E+02,9.00E+01
544,6.65795,93.3822,3.27E+00,9.44E+01,1.06E+02,8.55E+01
545,19.9763,86.7059,3.77E+00,9.61E+01,1.22E+02,7.16E+01
546,19.9719,80.0368,4.34E+00,1.02E+02,1.27E+02,7.25E+01
547,19.9804,93.3737,3.21E+00,9.01E+01,1.17E+02,7.11E+01
548,13.2978,53.3654,6.87E+00,1.33E+02,1.51E+02,8.12E+01
549,13.3019,60.0368,6.23E+00,1.23E+02,1.39E+02,8.26E+01
550,13.3058,66.7072,5.60E+00,1.15E+02,1.31E+02,8.28E+01
551,6.64635,60.0481,6.31E+00,1.23E+02,1.29E+02,9.53E+01
552,6.64362,53.3796,6.97E+00,1.32E+02,1.38E+02,9.61E+01
553,6.6489,66.7162,5.67E+00,1.16E+02,1.23E+02,9.39E+01
554,19.9569,60.0209,6.10E+00,1.24E+02,1.53E+02,7.08E+01
555,19.9511,53.3458,6.71E+00,1.33E+02,1.69E+02,6.78E+01
556,19.9622,66.6943,5.51E+00,1.15E+02,1.42E+02,7.24E+01
557,-0.000568462,-93.3846,3.28E+00,1.01E+02,9.69E+01,9.39E+01
558,-0.000932699,-86.72,3.86E+00,1.05E+02,1.01E+02,9.65E+01
559,-0.00125113,-80.0546,4.46E+00,1.10E+02,1.05E+02,9.90E+01
560,-0.00156884,-73.3886,5.07E+00,1.15E+02,1.09E+02,1.01E+02
561,-0.00189019,-66.7223,5.70E+00,1.21E+02,1.14E+02,1.04E+02
562,-0.00224691,-60.0557,6.35E+00,1.28E+02,1.19E+02,1.06E+02
563,-0.00263848,-53.3892,7.02E+00,1.37E+02,1.26E+02,1.08E+02
564,-0.00312537,-46.7232,7.73E+00,1.50E+02,1.34E+02,1.10E+02
565,-0.0036736,-40.058,8.47E+00,1.67E+02,1.46E+02,1.12E+02
566,-0.00447974,-33.394,9.26E+00,1.94E+02,1.62E+02,1.14E+02
567,-0.00561645,-26.7321,1.01E+01,2.36E+02,1.88E+02,1.19E+02
568,-0.00783873,-20.0734,1.11E+01,3.14E+02,2.33E+02,1.33E+02
569,-0.0135236,-13.4264,1.21E+01,4.95E+02,3.47E+02,1.70E+02
570,-0.0202706,-6.78651,1.34E+01,8.56E+02,6.05E+02,2.06E+02
571,-6.65801,-53.3844,6.98E+00,1.37E+02,1.33E+02,9.10E+01
572,-13.3126,-53.3723,6.88E+00,1.37E+02,1.44E+02,7.70E+01
573,-19.9662,-53.3543,6.73E+00,1.37E+02,1.60E+02,6.51E+01
574,-26.6192,-53.3319,6.53E+00,1.35E+02,1.80E+02,5.47E+01
575,-33.2724,-53.3076,6.28E+00,1.32E+02,2.04E+02,4.51E+01
576,-39.928,-53.2843,5.99E+00,1.27E+02,2.28E+02,3.64E+01
577,-46.5883,-53.2656,5.68E+00,1.21E+02,2.46E+02,2.94E+01
578,-53.2556,-53.2545,5.32E+00,1.16E+02,2.49E+02,2.58E+01
579,-59.9304,-53.2516,4.95E+00,1.11E+02,2.37E+02,2.63E+01
580,-66.6098,-53.2547,4.55E+00,1.06E+02,2.17E+02,2.88E+01
581,-73.2908,-53.2609,4.14E+00,1.01E+02,1.97E+02,3.15E+01
582,-79.9717,-53.2687,3.71E+00,9.64E+01,1.80E+02,3.35E+01
583,-86.6516,-53.2771,3.27E+00,9.11E+01,1.67E+02,3.47E+01
584,-93.3297,-53.2855,2.82E+00,8.56E+01,1.56E+02,3.53E+01
585,-46.5927,-59.9476,5.24E+00,1.16E+02,2.19E+02,3.33E+01
586,-46.5994,-66.6301,4.80E+00,1.11E+02,1.94E+02,3.69E+01
587,-46.6068,-73.3115,4.34E+00,1.05E+02,1.75E+02,3.95E+01
588,-46.6143,-79.9913,3.88E+00,9.94E+01,1.60E+02,4.12E+01
589,-46.6215,-86.6691,3.40E+00,9.33E+01,1.49E+02,4.23E+01
590,-46.6283,-93.3446,2.93E+00,8.60E+01,1.41E+02,4.42E+01
591,-19.97,-60.0283,6.11E+00,1.27E+02,1.46E+02,6.88E+01
592,-19.9735,-66.7007,5.51E+00,1.18E+02,1.35E+02,7.10E+01
593,-19.9767,-73.3716,4.92E+00,1.11E+02,1.28E+02,7.21E+01
594,-19.9796,-80.0413,4.34E+00,1.05E+02,1.22E+02,7.24E+01
595,-19.9824,-86.7098,3.77E+00,9.91E+01,1.17E+02,7.21E+01
596,-19.9849,-93.3769,3.21E+00,9.33E+01,1.12E+02,7.19E+01
597,-13.3186,-73.3807,5.00E+00,1.12E+02,1.20E+02,8.13E+01
598,-6.66021,-73.3865,5.05E+00,1.13E+02,1.14E+02,9.10E+01
599,-13.3167,-66.7122,5.61E+00,1.19E+02,1.27E+02,8.09E+01
600,-13.3147,-60.0427,6.24E+00,1.27E+02,1.34E+02,7.96E+01
601,-6.65948,-66.7195,5.67E+00,1.20E+02,1.20E+02,9.17E+01
602,-6.65873,-60.0521,6.31E+00,1.27E+02,1.26E+02,9.18E+01
603,-13.322,-86.7154,3.82E+00,1.01E+02,1.11E+02,8.00E+01
604,-6.66155,-86.7189,3.85E+00,1.03E+02,1.06E+02,8.81E+01
605,-13.3204,-80.0485,4.41E+00,1.06E+02,1.15E+02,8.09E+01
606,-6.66091,-80.053,4.44E+00,1.08E+02,1.10E+02,8.98E+01
607,-13.3235,-93.3812,3.25E+00,9.56E+01,1.06E+02,7.91E+01
608,-6.6621,-93.3837,3.27E+00,9.81E+01,1.01E+02,8.64E+01
609,-39.9489,-73.3285,4.53E+00,1.07E+02,1.61E+02,4.72E+01
610,-33.2916,-73.3448,4.68E+00,1.09E+02,1.48E+02,5.51E+01
611,-26.6343,-73.3594,4.82E+00,1.10E+02,1.37E+02,6.34E+01
612,-33.2856,-66.6681,5.22E+00,1.16E+02,1.61E+02,5.31E+01
613,-33.2792,-59.989,5.75E+00,1.24E+02,1.78E+02,4.99E+01
614,-39.9419,-66.649,5.02E+00,1.14E+02,1.77E+02,4.48E+01
615,-39.9347,-59.9674,5.51E+00,1.21E+02,1.99E+02,4.13E+01
616,-26.6297,-66.6857,5.38E+00,1.18E+02,1.47E+02,6.18E+01
617,-26.6247,-60.0099,5.95E+00,1.26E+02,1.60E+02,5.90E+01
618,-33.3069,-93.3635,3.10E+00,8.94E+01,1.25E+02,5.79E+01
619,-33.3022,-86.6926,3.62E+00,9.61E+01,1.31E+02,5.69E+01
620,-33.2971,-80.0197,4.15E+00,1.02E+02,1.38E+02,5.63E+01
621,-39.9619,-86.6815,3.52E+00,9.47E+01,1.40E+02,4.95E+01
622,-39.9676,-93.3546,3.02E+00,8.76E+01,1.32E+02,5.10E+01
623,-39.9556,-80.0061,4.03E+00,1.01E+02,1.49E+02,4.86E+01
624,-26.6425,-86.7021,3.71E+00,9.75E+01,1.23E+02,6.44E+01
625,-26.646,-93.371,3.16E+00,9.13E+01,1.18E+02,6.49E+01
626,-26.6385,-80.0316,4.26E+00,1.04E+02,1.30E+02,6.42E+01
627,-73.2774,-59.9243,3.90E+00,9.80E+01,2.09E+02,2.49E+01
628,-73.2683,-66.592,3.64E+00,9.46E+01,2.13E+02,2.01E+01
629,-73.2643,-73.2644,3.36E+00,9.13E+01,2.10E+02,1.76E+01
630,-73.2651,-79.941,3.06E+00,8.82E+01,2.00E+02,1.73E+01
631,-73.2694,-86.6202,2.74E+00,8.44E+01,1.88E+02,1.82E+01
632,-73.2759,-93.3002,2.40E+00,7.80E+01,1.76E+02,2.04E+01
633,-66.5939,-73.27,3.64E+00,9.51E+01,2.10E+02,2.06E+01
634,-59.9281,-73.2806,3.90E+00,9.89E+01,2.02E+02,2.58E+01
635,-53.2661,-73.295,4.13E+00,1.02E+02,1.89E+02,3.23E+01
636,-59.9238,-66.6004,4.27E+00,1.03E+02,2.20E+02,2.40E+01
637,-59.9239,-59.9232,4.62E+00,1.06E+02,2.34E+02,2.36E+01
638,-66.5935,-66.5932,3.97E+00,9.85E+01,2.21E+02,2.08E+01
639,-66.5987,-59.9211,4.27E+00,1.02E+02,2.24E+02,2.34E+01
640,-53.2595,-66.6132,4.55E+00,1.07E+02,2.10E+02,2.97E+01
641,-53.2551,-59.9321,4.95E+00,1.11E+02,2.32E+02,2.70E+01
642,-59.9502,-93.3221,2.70E+00,8.25E+01,1.59E+02,3.13E+01
643,-59.9423,-86.6428,3.11E+00,8.96E+01,1.71E+02,2.89E+01
644,-59.9346,-79.962,3.51E+00,9.46E+01,1.85E+02,2.74E+01
645,-66.6047,-86.6306,2.94E+00,8.72E+01,1.80E+02,2.30E+01
646,-66.6124,-93.3108,2.56E+00,8.04E+01,1.68E+02,2.54E+01
647,-66.5981,-79.9498,3.30E+00,9.15E+01,1.95E+02,2.16E+01
648,-53.2814,-86.656,3.27E+00,9.16E+01,1.60E+02,3.54E+01
649,-53.289,-93.3336,2.82E+00,8.43E+01,1.49E+02,3.76E+01
650,-53.2736,-79.9762,3.71E+00,9.73E+01,1.73E+02,3.41E+01
651,-93.2967,-73.2735,2.39E+00,8.00E+01,1.84E+02,1.84E+01
652,-86.6173,-73.2673,2.74E+00,8.40E+01,1.94E+02,1.75E+01
653,-79.9393,-73.2638,3.06E+00,8.77E+01,2.04E+02,1.69E+01
654,-86.6267,-66.6014,2.93E+00,8.67E+01,1.88E+02,2.22E+01
655,-86.6384,-59.9382,3.11E+00,8.91E+01,1.78E+02,2.81E+01
656,-93.3066,-66.6092,2.55E+00,8.22E+01,1.76E+02,2.31E+01
657,-93.3179,-59.9468,2.69E+00,8.40E+01,1.66E+02,2.89E+01
658,-79.9467,-66.5952,3.30E+00,9.08E+01,2.01E+02,2.10E+01
659,-79.9579,-59.9304,3.51E+00,9.37E+01,1.92E+02,2.67E+01
660,-86.6107,-93.2852,2.03E+00,7.17E+01,1.83E+02,1.46E+01
661,-86.6092,-86.6096,2.28E+00,7.79E+01,1.91E+02,1.40E+01
662,-86.6113,-79.9367,2.52E+00,8.12E+01,1.96E+02,1.47E+01
663,-93.2843,-86.6102,2.02E+00,7.40E+01,1.88E+02,1.45E+01
664,-93.2829,-93.2826,1.80E+00,6.73E+01,1.83E+02,1.39E+01
665,-93.289,-79.9403,2.21E+00,7.75E+01,1.88E+02,1.55E+01
666,-79.9374,-86.6129,2.52E+00,8.13E+01,1.91E+02,1.51E+01
667,-79.9418,-93.2914,2.23E+00,7.51E+01,1.81E+02,1.68E+01
668,-79.9363,-79.9366,2.80E+00,8.47E+01,2.00E+02,1.50E+01
669,-46.7168,-6.64927,7.71E+00,1.46E+02,1.45E+02,9.05E+01
670,-46.6991,-13.3014,7.57E+00,1.47E+02,1.61E+02,7.43E+01
671,-46.6747,-19.9525,7.37E+00,1.46E+02,1.85E+02,6.07E+01
672,-46.647,-26.6037,7.12E+00,1.43E+02,2.15E+02,4.86E+01
673,-46.6204,-33.2575,6.81E+00,1.38E+02,2.47E+02,3.78E+01
674,-46.5999,-39.9178,6.47E+00,1.32E+02,2.68E+02,2.98E+01
675,-46.5893,-46.5875,6.09E+00,1.26E+02,2.67E+02,2.72E+01
676,-39.9642,-26.5976,7.70E+00,1.55E+02,2.58E+02,4.02E+01
677,-33.2813,-26.5943,8.26E+00,1.68E+02,3.10E+02,3.20E+01
678,-26.6059,-26.6025,8.80E+00,1.85E+02,3.44E+02,3.04E+01
679,-19.9483,-26.6318,9.29E+00,2.03E+02,3.29E+02,3.86E+01
680,-13.3029,-26.6746,9.69E+00,2.21E+02,2.73E+02,5.13E+01
681,-6.65693,-26.7128,9.99E+00,2.33E+02,2.20E+02,7.13E+01
682,-26.6304,-19.9388,9.30E+00,2.00E+02,3.35E+02,3.69E+01
683,-26.6717,-13.291,9.71E+00,2.13E+02,2.79E+02,5.11E+01
684,-26.7124,-6.64552,1.00E+01,2.20E+02,2.20E+02,7.45E+01
685,-33.3502,-13.294,8.98E+00,1.84E+02,2.20E+02,5.98E+01
686,-40.0257,-13.2979,8.26E+00,1.62E+02,1.84E+02,6.82E+01
687,-33.3137,-19.9416,8.66E+00,1.77E+02,2.69E+02,4.37E+01
688,-39.9956,-19.9468,8.01E+00,1.60E+02,2.18E+02,5.31E+01
689,-33.3808,-6.64626,9.20E+00,1.85E+02,1.82E+02,8.20E+01
690,-40.0489,-6.64759,8.44E+00,1.62E+02,1.59E+02,8.73E+01
691,-6.67004,-13.3735,1.18E+01,4.34E+02,3.89E+02,8.82E+01
692,-13.3167,-13.3112,1.12E+01,3.27E+02,4.13E+02,6.78E+01
693,-19.9899,-13.2907,1.05E+01,2.57E+02,3.61E+02,5.04E+01
694,-13.3017,-19.9908,1.04E+01,2.65E+02,3.57E+02,5.38E+01
695,-6.65936,-20.0431,1.09E+01,2.98E+02,2.85E+02,6.94E+01
696,-19.955,-19.9506,9.91E+00,2.30E+02,3.81E+02,4.05E+01
697,-13.3765,-6.65875,1.18E+01,4.03E+02,3.90E+02,7.84E+01
698,-6.72375,-6.71524,1.28E+01,6.62E+02,5.45E+02,1.23E+02
699,-20.0428,-6.64727,1.09E+01,2.78E+02,2.86E+02,6.96E+01
700,-26.6132,-46.6515,7.11E+00,1.46E+02,2.08E+02,4.86E+01
701,-26.6071,-39.9682,7.68E+00,1.57E+02,2.50E+02,4.09E+01
702,-26.6022,-33.283,8.25E+00,1.70E+02,3.03E+02,3.33E+01
703,-33.261,-39.9402,7.32E+00,1.48E+02,2.81E+02,3.17E+01
704,-39.9249,-39.9227,6.91E+00,1.40E+02,2.88E+02,2.76E+01
705,-33.2658,-46.6243,6.81E+00,1.40E+02,2.39E+02,3.87E+01
706,-39.9233,-46.6014,6.46E+00,1.33E+02,2.62E+02,3.09E+01
707,-33.2633,-33.2606,7.81E+00,1.58E+02,3.13E+02,2.79E+01
708,-39.9385,-33.2544,7.32E+00,1.47E+02,2.87E+02,3.07E+01
709,-13.3103,-46.7011,7.55E+00,1.50E+02,1.59E+02,7.27E+01
710,-13.3079,-40.0282,8.24E+00,1.67E+02,1.81E+02,6.63E+01
711,-13.3053,-33.353,8.95E+00,1.90E+02,2.16E+02,5.81E+01
712,-19.9573,-39.9996,7.99E+00,1.64E+02,2.12E+02,5.24E+01
713,-19.962,-46.6783,7.36E+00,1.49E+02,1.80E+02,5.97E+01
714,-19.9524,-33.3174,8.64E+00,1.82E+02,2.61E+02,4.43E+01
715,-6.65685,-40.0489,8.40E+00,1.68E+02,1.59E+02,8.52E+01
716,-6.65735,-46.7167,7.67E+00,1.50E+02,1.44E+02,8.90E+01
717,-6.65657,-33.3811,9.17E+00,1.93E+02,1.82E+02,7.91E+01
718,-73.3871,-6.65593,5.07E+00,1.11E+02,1.16E+02,9.11E+01
719,-73.3803,-13.3139,5.02E+00,1.10E+02,1.22E+02,8.15E+01
720,-73.3701,-19.9716,4.94E+00,1.10E+02,1.31E+02,7.23E+01
721,-73.3569,-26.6288,4.83E+00,1.09E+02,1.41E+02,6.35E+01
722,-73.3414,-33.2857,4.69E+00,1.08E+02,1.53E+02,5.51E+01
723,-73.3243,-39.9428,4.53E+00,1.06E+02,1.67E+02,4.69E+01
724,-73.307,-46.6009,4.35E+00,1.04E+02,1.82E+02,3.90E+01
725,-66.6826,-26.6231,5.39E+00,1.16E+02,1.51E+02,6.20E+01
726,-60.0063,-26.617,5.96E+00,1.24E+02,1.65E+02,5.92E+01
727,-53.3278,-26.6105,6.54E+00,1.33E+02,1.85E+02,5.49E+01
728,-66.7115,-13.3111,5.63E+00,1.17E+02,1.28E+02,8.14E+01
729,-60.0416,-13.3081,6.26E+00,1.25E+02,1.36E+02,8.05E+01
730,-53.3709,-13.3049,6.91E+00,1.35E+02,1.46E+02,7.83E+01
731,-60.0525,-6.6527,6.34E+00,1.25E+02,1.27E+02,9.25E+01
732,-66.72,-6.65435,5.70E+00,1.18E+02,1.21E+02,9.21E+01
733,-53.3847,-6.65097,7.01E+00,1.34E+02,1.34E+02,9.21E+01
734,-60.0258,-19.9628,6.13E+00,1.25E+02,1.48E+02,6.95E+01
735,-66.6988,-19.9673,5.53E+00,1.17E+02,1.38E+02,7.14E+01
736,-53.3512,-19.9578,6.75E+00,1.35E+02,1.63E+02,6.60E+01
737,-59.944,-46.5868,5.25E+00,1.15E+02,2.26E+02,3.22E+01
738,-59.963,-39.9273,5.52E+00,1.19E+02,2.07E+02,4.04E+01
739,-59.9846,-33.2713,5.76E+00,1.22E+02,1.85E+02,4.96E+01
740,-66.6445,-39.935,5.03E+00,1.13E+02,1.84E+02,4.44E+01
741,-66.6257,-46.5932,4.80E+00,1.10E+02,2.02E+02,3.62E+01
742,-66.6641,-33.2787,5.23E+00,1.15E+02,1.66E+02,5.30E+01
743,-53.2807,-39.9209,6.00E+00,1.26E+02,2.36E+02,3.51E+01
744,-53.264,-46.5837,5.68E+00,1.20E+02,2.51E+02,2.83E+01
745,-53.3032,-33.2639,6.29E+00,1.30E+02,2.11E+02,4.45E+01
746,-93.3695,-26.6435,3.16E+00,9.10E+01,1.22E+02,6.37E+01
747,-86.7004,-26.639,3.72E+00,9.65E+01,1.27E+02,6.42E+01
748,-80.0295,-26.6341,4.27E+00,1.03E+02,1.33E+02,6.42E+01
749,-86.7089,-19.9792,3.78E+00,9.78E+01,1.20E+02,7.19E+01
750,-86.7153,-13.3191,3.83E+00,9.92E+01,1.13E+02,7.98E+01
751,-86.7194,-6.65879,3.87E+00,1.01E+02,1.08E+02,8.80E+01
752,-93.381,-13.3214,3.26E+00,9.43E+01,1.09E+02,7.85E+01
753,-93.3761,-19.9825,3.22E+00,9.25E+01,1.15E+02,7.11E+01
754,-93.3842,-6.66006,3.28E+00,9.63E+01,1.04E+02,8.61E+01
755,-80.0483,-13.3166,4.42E+00,1.05E+02,1.18E+02,8.09E+01
756,-80.0402,-19.9755,4.36E+00,1.03E+02,1.25E+02,7.24E+01
757,-80.0536,-6.65741,4.46E+00,1.06E+02,1.12E+02,8.97E+01
758,-86.6651,-46.6172,3.41E+00,9.27E+01,1.55E+02,4.18E+01
759,-86.6782,-39.9578,3.53E+00,9.41E+01,1.45E+02,4.91E+01
760,-86.6901,-33.2984,3.63E+00,9.53E+01,1.35E+02,5.65E+01
761,-93.3518,-39.9646,3.02E+00,8.83E+01,1.37E+02,4.92E+01
762,-93.3411,-46.625,2.92E+00,8.70E+01,1.47E+02,4.22E+01
763,-93.3614,-33.3041,3.10E+00,8.96E+01,1.29E+02,5.64E+01
764,-80.0023,-39.9505,4.03E+00,1.00E+02,1.54E+02,4.84E+01
765,-79.987,-46.6091,3.88E+00,9.85E+01,1.67E+02,4.08E+01
766,-80.0167,-33.2923,4.16E+00,1.01E+02,1.43E+02,5.62E+01
767,93.3364,-53.2916,2.82E+00,1.45E+02,6.98E+01,1.60E+02
768,86.6602,-53.2849,3.29E+00,1.51E+02,7.30E+01,1.73E+02
769,79.9822,-53.2785,3.74E+00,1.62E+02,7.65E+01,1.88E+02
770,73.3028,-53.2727,4.18E+00,1.76E+02,7.98E+01,2.06E+02
771,66.6227,-53.268,4.60E+00,1.94E+02,8.27E+01,2.27E+02
772,59.9431,-53.2657,5.01E+00,2.13E+02,8.55E+01,2.49E+02
773,53.2662,-53.2678,5.40E+00,2.29E+02,8.85E+01,2.67E+02
774,46.595,-53.277,5.75E+00,2.31E+02,9.23E+01,2.71E+02
775,39.9309,-53.2934,6.07E+00,2.18E+02,9.72E+01,2.57E+02
776,33.2723,-53.3148,6.35E+00,1.96E+02,1.03E+02,2.32E+02
777,26.6169,-53.3377,6.59E+00,1.73E+02,1.08E+02,2.03E+02
778,19.9627,-53.3589,6.78E+00,1.55E+02,1.12E+02,1.75E+02
779,13.3082,-53.3757,6.92E+00,1.44E+02,1.16E+02,1.50E+02
780,6.65294,-53.3862,7.00E+00,1.39E+02,1.20E+02,1.27E+02
781,53.2621,-59.9422,5.02E+00,2.18E+02,8.47E+01,2.53E+02
782,53.2635,-66.6205,4.61E+00,2.00E+02,8.16E+01,2.32E+02
783,53.268,-73.3,4.19E+00,1.82E+02,7.87E+01,2.11E+02
784,53.2743,-79.9794,3.75E+00,1.67E+02,7.55E+01,1.93E+02
785,53.2813,-86.6578,3.31E+00,1.55E+02,7.21E+01,1.78E+02
786,53.2887,-93.3345,2.84E+00,1.48E+02,6.89E+01,1.64E+02
787,59.9324,-73.2872,3.96E+00,1.92E+02,7.47E+01,2.22E+02
788,66.6008,-73.2782,3.71E+00,1.95E+02,7.11E+01,2.25E+02
789,73.2735,-73.2736,3.43E+00,1.92E+02,6.80E+01,2.21E+02
790,79.9497,-73.2732,3.12E+00,1.84E+02,6.53E+01,2.11E+02
791,86.628,-73.276,2.79E+00,1.75E+02,6.26E+01,1.99E+02
792,93.307,-73.281,2.43E+00,1.68E+02,6.04E+01,1.84E+02
793,73.2794,-66.6028,3.70E+00,1.93E+02,7.16E+01,2.23E+02
794,73.2896,-59.936,3.95E+00,1.87E+02,7.56E+01,2.17E+02
795,59.9308,-66.6095,4.34E+00,2.06E+02,7.77E+01,2.38E+02
796,59.9339,-59.935,4.69E+00,2.15E+02,8.12E+01,2.49E+02
797,66.6031,-66.6037,4.03E+00,2.03E+02,7.44E+01,2.34E+02
798,66.6105,-59.9335,4.33E+00,2.02E+02,7.83E+01,2.35E+02
799,86.6374,-66.6103,2.97E+00,1.69E+02,6.60E+01,1.93E+02
800,86.6484,-59.9468,3.14E+00,1.61E+02,6.95E+01,1.84E+02
801,79.9581,-66.6054,3.35E+00,1.80E+02,6.89E+01,2.08E+02
802,79.9693,-59.9407,3.56E+00,1.72E+02,7.27E+01,1.99E+02
803,93.3163,-66.6165,2.58E+00,1.61E+02,6.34E+01,1.78E+02
804,93.3263,-59.9535,2.71E+00,1.53E+02,6.66E+01,1.69E+02
805,73.2788,-93.3045,2.45E+00,1.71E+02,5.99E+01,1.89E+02
806,73.274,-86.6258,2.80E+00,1.78E+02,6.21E+01,2.03E+02
807,73.2719,-79.9483,3.12E+00,1.86E+02,6.49E+01,2.14E+02
808,66.6073,-86.6348,2.99E+00,1.73E+02,6.53E+01,1.98E+02
809,59.9433,-86.6457,3.16E+00,1.65E+02,6.86E+01,1.89E+02
810,66.6138,-93.3137,2.60E+00,1.65E+02,6.28E+01,1.83E+02
811,59.9506,-93.3239,2.73E+00,1.57E+02,6.58E+01,1.74E+02
812,66.6027,-79.9558,3.36E+00,1.84E+02,6.82E+01,2.12E+02
813,59.937,-79.9665,3.57E+00,1.77E+02,7.18E+01,2.04E+02
814,93.2934,-86.6172,2.08E+00,1.73E+02,5.52E+01,1.89E+02
815,86.6171,-86.6168,2.34E+00,1.76E+02,5.68E+01,1.98E+02
816,79.9439,-86.6197,2.58E+00,1.79E+02,5.93E+01,2.03E+02
817,86.6167,-93.292,2.08E+00,1.74E+02,5.52E+01,1.91E+02
818,93.2903,-93.2897,1.86E+00,1.72E+02,5.46E+01,1.84E+02
819,79.9463,-93.2971,2.28E+00,1.74E+02,5.74E+01,1.92E+02
820,86.6211,-79.9447,2.58E+00,1.77E+02,5.95E+01,2.01E+02
821,93.2992,-79.9477,2.26E+00,1.72E+02,5.76E+01,1.88E+02
822,79.9449,-79.9447,2.86E+00,1.83E+02,6.21E+01,2.10E+02
823,26.6219,-60.0139,6.00E+00,1.54E+02,1.03E+02,1.79E+02
824,26.6269,-66.6882,5.42E+00,1.42E+02,9.81E+01,1.62E+02
825,26.6317,-73.3609,4.85E+00,1.33E+02,9.38E+01,1.50E+02
826,26.6363,-80.0323,4.28E+00,1.26E+02,8.96E+01,1.41E+02
827,26.6407,-86.7022,3.72E+00,1.21E+02,8.56E+01,1.33E+02
828,26.6448,-93.3706,3.17E+00,1.18E+02,8.19E+01,1.26E+02
829,33.2895,-73.3468,4.72E+00,1.43E+02,9.02E+01,1.65E+02
830,39.9476,-73.3312,4.57E+00,1.55E+02,8.66E+01,1.80E+02
831,46.6068,-73.3152,4.39E+00,1.68E+02,8.27E+01,1.96E+02
832,39.9412,-66.6533,5.08E+00,1.70E+02,9.03E+01,2.00E+02
833,39.9353,-59.9738,5.58E+00,1.91E+02,9.38E+01,2.25E+02
834,33.2836,-66.6713,5.26E+00,1.55E+02,9.43E+01,1.80E+02
835,33.2778,-59.994,5.81E+00,1.72E+02,9.85E+01,2.02E+02
836,46.6007,-66.6357,4.86E+00,1.86E+02,8.60E+01,2.18E+02
837,46.5962,-59.9557,5.31E+00,2.09E+02,8.90E+01,2.44E+02
838,39.9666,-93.3545,3.03E+00,1.31E+02,7.52E+01,1.44E+02
839,39.9605,-86.682,3.55E+00,1.36E+02,7.88E+01,1.55E+02
840,39.9541,-80.0075,4.06E+00,1.44E+02,8.27E+01,1.66E+02
841,33.3006,-86.6928,3.64E+00,1.28E+02,8.22E+01,1.44E+02
842,33.3058,-93.3632,3.11E+00,1.24E+02,7.85E+01,1.35E+02
843,33.2952,-80.0207,4.18E+00,1.34E+02,8.62E+01,1.53E+02
844,46.6206,-86.6702,3.44E+00,1.45E+02,7.54E+01,1.66E+02
845,46.6275,-93.3448,2.94E+00,1.40E+02,7.20E+01,1.54E+02
846,46.6136,-79.9935,3.92E+00,1.55E+02,7.91E+01,1.79E+02
847,6.6571,-73.3869,5.06E+00,1.17E+02,1.05E+02,1.12E+02
848,13.3156,-73.3815,5.02E+00,1.20E+02,1.01E+02,1.24E+02
849,19.9738,-73.3727,4.95E+00,1.25E+02,9.73E+01,1.37E+02
850,13.3132,-66.7136,5.63E+00,1.26E+02,1.05E+02,1.30E+02
851,13.3107,-60.0449,6.26E+00,1.34E+02,1.10E+02,1.39E+02
852,6.65575,-66.7202,5.68E+00,1.23E+02,1.09E+02,1.16E+02
853,6.65436,-60.0532,6.33E+00,1.30E+02,1.15E+02,1.21E+02
854,19.9702,-66.7026,5.54E+00,1.32E+02,1.02E+02,1.46E+02
855,19.9665,-60.0314,6.15E+00,1.42E+02,1.07E+02,1.58E+02
856,13.3224,-93.3809,3.25E+00,1.08E+02,8.90E+01,1.10E+02
857,13.3202,-86.7154,3.83E+00,1.11E+02,9.28E+01,1.14E+02
858,13.318,-80.0489,4.42E+00,1.15E+02,9.68E+01,1.19E+02
859,6.6597,-86.7189,3.85E+00,1.08E+02,9.67E+01,1.05E+02
860,6.66096,-93.3836,3.27E+00,1.04E+02,9.28E+01,1.02E+02
861,6.65842,-80.0532,4.45E+00,1.12E+02,1.01E+02,1.09E+02
862,19.9806,-86.7098,3.78E+00,1.16E+02,8.92E+01,1.24E+02
863,19.9837,-93.3765,3.22E+00,1.13E+02,8.54E+01,1.18E+02
864,19.9773,-80.0418,4.36E+00,1.20E+02,9.31E+01,1.30E+02
865,53.3824,-6.65985,6.97E+00,1.37E+02,1.23E+02,1.32E+02
866,53.3736,-13.3153,6.89E+00,1.42E+02,1.18E+02,1.54E+02
867,53.3585,-19.9703,6.76E+00,1.52E+02,1.14E+02,1.77E+02
868,53.3388,-26.625,6.57E+00,1.68E+02,1.09E+02,2.02E+02
869,53.3169,-33.2802,6.34E+00,1.89E+02,1.05E+02,2.28E+02
870,53.2954,-39.9378,6.06E+00,2.11E+02,9.89E+01,2.51E+02
871,53.2775,-46.5998,5.75E+00,2.26E+02,9.33E+01,2.66E+02
872,60.0146,-26.6289,5.98E+00,1.51E+02,1.04E+02,1.79E+02
873,66.6886,-26.6328,5.40E+00,1.39E+02,9.95E+01,1.62E+02
874,73.3611,-26.6365,4.83E+00,1.31E+02,9.51E+01,1.50E+02
875,80.0322,-26.6402,4.26E+00,1.24E+02,9.09E+01,1.40E+02
876,86.702,-26.6437,3.70E+00,1.19E+02,8.69E+01,1.33E+02
877,93.3703,-26.6471,3.15E+00,1.16E+02,8.32E+01,1.25E+02
878,73.3718,-19.9784,4.93E+00,1.24E+02,9.88E+01,1.37E+02
879,73.3796,-13.32,4.99E+00,1.19E+02,1.03E+02,1.25E+02
880,73.3842,-6.66144,5.04E+00,1.16E+02,1.07E+02,1.14E+02
881,66.7115,-13.3184,5.61E+00,1.25E+02,1.07E+02,1.32E+02
882,60.0427,-13.3168,6.24E+00,1.32E+02,1.12E+02,1.41E+02
883,66.7018,-19.9757,5.52E+00,1.31E+02,1.03E+02,1.47E+02
884,60.0307,-19.973,6.13E+00,1.40E+02,1.08E+02,1.59E+02
885,66.7171,-6.66087,5.66E+00,1.21E+02,1.11E+02,1.19E+02
886,60.0497,-6.66033,6.30E+00,1.28E+02,1.17E+02,1.25E+02
887,93.3797,-13.3246,3.23E+00,1.07E+02,9.06E+01,1.09E+02
888,86.7139,-13.3231,3.81E+00,1.10E+02,9.44E+01,1.14E+02
889,80.0472,-13.3215,4.40E+00,1.14E+02,9.84E+01,1.19E+02
890,86.7089,-19.9835,3.77E+00,1.14E+02,9.06E+01,1.23E+02
891,93.3758,-19.9859,3.20E+00,1.11E+02,8.68E+01,1.17E+02
892,80.0409,-19.981,4.34E+00,1.18E+02,9.45E+01,1.30E+02
893,86.7168,-6.66259,3.84E+00,1.06E+02,9.85E+01,1.05E+02
894,93.382,-6.66318,3.26E+00,1.03E+02,9.47E+01,1.01E+02
895,80.0508,-6.66201,4.43E+00,1.11E+02,1.03E+02,1.10E+02
896,73.3178,-46.612,4.38E+00,1.64E+02,8.39E+01,1.92E+02
897,73.3333,-39.9529,4.55E+00,1.51E+02,8.77E+01,1.77E+02
898,73.348,-33.2945,4.70E+00,1.40E+02,9.14E+01,1.63E+02
899,66.6556,-39.9473,5.06E+00,1.65E+02,9.16E+01,1.96E+02
900,59.9762,-39.9421,5.57E+00,1.85E+02,9.54E+01,2.20E+02
901,66.6383,-46.6064,4.85E+00,1.80E+02,8.73E+01,2.13E+02
902,59.9578,-46.6019,5.30E+00,2.02E+02,9.04E+01,2.38E+02
903,66.6728,-33.2897,5.25E+00,1.51E+02,9.57E+01,1.79E+02
904,59.9958,-33.2849,5.79E+00,1.67E+02,1.00E+02,1.99E+02
905,93.3554,-39.9692,3.01E+00,1.29E+02,7.63E+01,1.42E+02
906,86.6832,-39.9639,3.53E+00,1.33E+02,7.99E+01,1.52E+02
907,80.0091,-39.9584,4.04E+00,1.41E+02,8.38E+01,1.63E+02
908,86.672,-46.6242,3.42E+00,1.42E+02,7.64E+01,1.63E+02
909,93.3463,-46.6303,2.93E+00,1.37E+02,7.30E+01,1.51E+02
910,79.9958,-46.618,3.90E+00,1.51E+02,8.02E+01,1.76E+02
911,86.6933,-33.3038,3.63E+00,1.26E+02,8.34E+01,1.42E+02
912,93.3635,-33.3081,3.09E+00,1.22E+02,7.97E+01,1.33E+02
913,80.0215,-33.2992,4.16E+00,1.32E+02,8.73E+01,1.52E+02
914,6.64866,-26.7234,1.01E+01,2.42E+02,1.73E+02,2.06E+02
915,13.3012,-26.6908,9.81E+00,2.68E+02,1.61E+02,3.11E+02
916,19.9542,-26.6512,9.41E+00,3.06E+02,1.49E+02,3.86E+02
917,26.6196,-26.6247,8.91E+00,3.13E+02,1.37E+02,3.92E+02
918,33.2987,-26.6171,8.35E+00,2.77E+02,1.28E+02,3.43E+02
919,39.9809,-26.6181,7.76E+00,2.30E+02,1.21E+02,2.83E+02
920,46.6611,-26.6212,7.17E+00,1.94E+02,1.15E+02,2.35E+02
921,26.6496,-19.9641,9.40E+00,2.99E+02,1.52E+02,3.84E+02
922,26.689,-13.3126,9.78E+00,2.58E+02,1.67E+02,3.17E+02
923,26.7183,-6.65984,1.00E+01,2.31E+02,1.80E+02,2.23E+02
924,20.0119,-13.317,1.06E+01,3.27E+02,1.99E+02,4.33E+02
925,13.3356,-13.3417,1.14E+01,3.94E+02,2.51E+02,5.16E+02
926,6.66416,-13.4004,1.20E+01,4.58E+02,3.10E+02,3.88E+02
927,13.3066,-20.015,1.06E+01,3.38E+02,1.94E+02,4.27E+02
928,19.9706,-19.9766,1.00E+01,3.42E+02,1.71E+02,4.53E+02
929,6.65075,-20.0605,1.10E+01,3.18E+02,2.12E+02,2.84E+02
930,13.396,-6.67307,1.19E+01,4.31E+02,3.20E+02,4.22E+02
931,20.0554,-6.66245,1.09E+01,2.99E+02,2.22E+02,3.08E+02
932,6.72055,-6.7205,1.29E+01,7.01E+02,4.80E+02,3.67E+02
933,46.704,-13.3139,7.57E+00,1.56E+02,1.26E+02,1.71E+02
934,40.0338,-13.3127,8.27E+00,1.76E+02,1.35E+02,1.98E+02
935,33.3625,-13.312,9.01E+00,2.08E+02,1.48E+02,2.42E+02
936,40.0094,-19.9652,8.06E+00,1.99E+02,1.29E+02,2.41E+02
937,46.685,-19.9676,7.40E+00,1.71E+02,1.21E+02,2.03E+02
938,33.3312,-19.9635,8.73E+00,2.42E+02,1.39E+02,3.01E+02
939,40.0487,-6.65919,8.40E+00,1.66E+02,1.41E+02,1.57E+02
940,46.7153,-6.65943,7.67E+00,1.49E+02,1.31E+02,1.42E+02
941,33.383,-6.65921,9.18E+00,1.91E+02,1.57E+02,1.81E+02
942,26.6121,-46.6597,7.18E+00,2.00E+02,1.13E+02,2.38E+02
943,26.6085,-39.9797,7.78E+00,2.38E+02,1.18E+02,2.87E+02
944,26.6085,-33.2993,8.36E+00,2.84E+02,1.26E+02,3.47E+02
945,13.3056,-46.7062,7.60E+00,1.59E+02,1.23E+02,1.66E+02
946,13.3033,-40.0358,8.31E+00,1.80E+02,1.32E+02,1.92E+02
947,13.3013,-33.3643,9.04E+00,2.14E+02,1.44E+02,2.36E+02
948,6.65022,-40.0534,8.44E+00,1.69E+02,1.38E+02,1.48E+02
949,6.65157,-46.7196,7.70E+00,1.52E+02,1.28E+02,1.36E+02
950,6.6492,-33.3879,9.22E+00,1.97E+02,1.52E+02,1.68E+02
951,19.9552,-40.0093,8.08E+00,2.05E+02,1.26E+02,2.41E+02
952,19.9589,-46.6851,7.42E+00,1.75E+02,1.18E+02,2.01E+02
953,19.9528,-33.331,8.75E+00,2.50E+02,1.35E+02,3.03E+02
954,39.93,-46.6142,6.55E+00,2.46E+02,1.01E+02,2.91E+02
955,39.9366,-39.9398,7.00E+00,2.64E+02,1.06E+02,3.14E+02
956,39.9544,-33.2747,7.41E+00,2.58E+02,1.13E+02,3.12E+02
957,33.2675,-39.9545,7.41E+00,2.64E+02,1.12E+02,3.16E+02
958,33.2681,-46.6345,6.89E+00,2.28E+02,1.07E+02,2.71E+02
959,33.2759,-33.28,7.91E+00,2.87E+02,1.19E+02,3.48E+02
960,46.6144,-39.9359,6.54E+00,2.41E+02,1.02E+02,2.87E+02
961,46.6002,-46.6027,6.16E+00,2.45E+02,9.67E+01,2.88E+02
962,46.6361,-33.2763,6.88E+00,2.20E+02,1.09E+02,2.66E+02
1301,-99.9617,-106.215,1.18E+00,1.18E+02,1.06E+02,1.00E+02
1302,-99.9652,-112.478,9.40E-01,9.30E+01,1.35E+02,6.66E+01
1303,-93.2952,-112.485,1.06E+00,1.14E+02,1.05E+02,9.75E+01
1304,-86.6291,-112.491,1.16E+00,1.08E+02,1.03E+02,9.52E+01
1305,-79.9642,-112.497,1.24E+00,1.06E+02,1.01E+02,9.51E+01
1306,-73.3,-112.504,1.31E+00,1.03E+02,9.89E+01,9.48E+01
1307,-66.6364,-112.51,1.37E+00,1.00E+02,9.66E+01,9.43E+01
1308,-59.9729,-112.516,1.42E+00,9.70E+01,9.43E+01,9.35E+01
1309,-53.3095,-112.521,1.47E+00,9.42E+01,9.22E+01,9.27E+01
1310,-46.6462,-112.525,1.51E+00,9.18E+01,9.05E+01,9.20E+01
1311,-39.9827,-112.529,1.54E+00,8.99E+01,8.90E+01,9.15E+01
1312,-33.3191,-112.533,1.57E+00,8.83E+01,8.77E+01,9.10E+01
1313,-26.6555,-112.536,1.59E+00,8.70E+01,8.68E+01,9.07E+01
1314,-19.9918,-112.538,1.61E+00,8.62E+01,8.62E+01,9.04E+01
1315,-13.3279,-112.539,1.62E+00,8.57E+01,8.58E+01,9.03E+01
1316,-6.66412,-112.54,1.63E+00,8.55E+01,8.57E+01,9.02E+01
1317,-0.000254072,-112.54,1.63E+00,8.56E+01,8.58E+01,9.02E+01
1318,6.6636,-112.539,1.63E+00,8.60E+01,8.61E+01,9.02E+01
1319,13.3274,-112.538,1.62E+00,8.67E+01,8.67E+01,9.04E+01
1320,19.9912,-112.536,1.61E+00,8.77E+01,8.75E+01,9.05E+01
1321,26.6549,-112.533,1.59E+00,8.90E+01,8.85E+01,9.08E+01
1322,33.3185,-112.53,1.57E+00,9.06E+01,8.99E+01,9.11E+01
1323,39.9819,-112.526,1.54E+00,9.25E+01,9.15E+01,9.15E+01
1324,46.6454,-112.522,1.51E+00,9.48E+01,9.33E+01,9.20E+01
1325,53.3087,-112.517,1.47E+00,9.74E+01,9.54E+01,9.24E+01
1326,59.9721,-112.512,1.43E+00,1.00E+02,9.77E+01,9.29E+01
1327,66.6357,-112.506,1.38E+00,1.03E+02,9.99E+01,9.32E+01
1328,73.2996,-112.5,1.32E+00,1.06E+02,1.02E+02,9.33E+01
1329,79.9642,-112.494,1.25E+00,1.09E+02,1.03E+02,9.31E+01
1330,86.6299,-112.489,1.18E+00,1.11E+02,1.04E+02,9.31E+01
1331,93.2973,-112.483,1.09E+00,1.12E+02,1.04E+02,9.46E+01
1332,99.9669,-112.478,9.72E-01,1.11E+02,1.02E+02,9.55E+01
1333,99.9629,-106.22,1.18E+00,6.73E+01,1.62E+02,2.17E+01
1334,4.09E-05,-106.295,2.16E+00,9.15E+01,8.94E+01,9.13E+01
1335,-53.303,-106.267,1.93E+00,1.36E+02,6.10E+01,1.41E+02
1336,-79.9564,-106.236,1.61E+00,1.66E+02,5.08E+01,1.70E+02
1337,-93.2901,-106.221,1.35E+00,1.73E+02,4.66E+01,1.75E+02
1338,-86.6223,-106.228,1.49E+00,1.70E+02,4.88E+01,1.75E+02
1339,-66.6286,-106.252,1.79E+00,1.52E+02,5.55E+01,1.56E+02
1340,-73.292,-106.244,1.71E+00,1.60E+02,5.31E+01,1.63E+02
1341,-59.9657,-106.26,1.87E+00,1.44E+02,5.81E+01,1.49E+02
1342,-26.6523,-106.288,2.11E+00,1.10E+02,7.38E+01,1.14E+02
1343,-39.9778,-106.28,2.04E+00,1.22E+02,6.71E+01,1.27E+02
1344,-46.6405,-106.274,1.99E+00,1.29E+02,6.39E+01,1.34E+02
1345,-33.315,-106.284,2.08E+00,1.15E+02,7.04E+01,1.20E+02
1346,-13.3262,-106.293,2.15E+00,9.97E+01,8.12E+01,1.02E+02
1347,-19.9893,-106.291,2.13E+00,1.04E+02,7.74E+01,1.08E+02
1348,-6.66309,-106.295,2.16E+00,9.54E+01,8.52E+01,9.68E+01
1349,46.6399,-106.27,1.97E+00,7.11E+01,1.30E+02,5.28E+01
1350,19.9892,-106.289,2.12E+00,8.14E+01,1.04E+02,7.50E+01
1351,6.66316,-106.294,2.16E+00,8.79E+01,9.39E+01,8.59E+01
1352,13.3262,-106.292,2.14E+00,8.45E+01,9.88E+01,8.04E+01
1353,33.3148,-106.281,2.06E+00,7.59E+01,1.16E+02,6.41E+01
1354,26.6521,-106.286,2.10E+00,7.86E+01,1.10E+02,6.96E+01
1355,39.9774,-106.276,2.02E+00,7.34E+01,1.22E+02,5.85E+01
1356,73.2918,-106.242,1.69E+00,6.43E+01,1.59E+02,2.81E+01
1357,59.9651,-106.256,1.85E+00,6.72E+01,1.45E+02,4.08E+01
1358,53.3024,-106.263,1.91E+00,6.90E+01,1.37E+02,4.69E+01
1359,66.6281,-106.249,1.77E+00,6.56E+01,1.52E+02,3.45E+01
1360,86.623,-106.229,1.48E+00,6.33E+01,1.66E+02,1.75E+01
1361,79.9566,-106.235,1.59E+00,6.34E+01,1.63E+02,2.21E+01
1362,93.2917,-106.224,1.35E+00,6.65E+01,1.66E+02,1.84E+01
1363,99.9589,106.216,1.21E+00,1.67E+02,4.23E+01,1.85E+02
1364,99.9628,112.477,9.78E-01,1.63E+02,3.90E+01,1.86E+02
1365,93.294,112.481,1.09E+00,1.65E+02,4.22E+01,1.88E+02
1366,86.6274,112.487,1.18E+00,1.65E+02,4.56E+01,1.86E+02
1367,79.962,112.493,1.27E+00,1.61E+02,4.85E+01,1.81E+02
1368,73.2977,112.5,1.34E+00,1.56E+02,5.11E+01,1.75E+02
1369,66.6339,112.506,1.40E+00,1.49E+02,5.38E+01,1.67E+02
1370,59.9705,112.512,1.45E+00,1.41E+02,5.66E+01,1.59E+02
1371,53.3072,112.518,1.49E+00,1.34E+02,5.95E+01,1.51E+02
1372,46.644,112.523,1.53E+00,1.26E+02,6.25E+01,1.42E+02
1373,39.9807,112.527,1.56E+00,1.19E+02,6.56E+01,1.34E+02
1374,33.3173,112.531,1.59E+00,1.12E+02,6.88E+01,1.26E+02
1375,26.6538,112.534,1.60E+00,1.06E+02,7.20E+01,1.19E+02
1376,19.9901,112.536,1.62E+00,1.01E+02,7.54E+01,1.12E+02
1377,13.3264,112.538,1.63E+00,9.55E+01,7.88E+01,1.05E+02
1378,6.66262,112.539,1.63E+00,9.09E+01,8.24E+01,9.81E+01
1379,-0.00121675,112.54,1.63E+00,8.66E+01,8.62E+01,9.15E+01
1380,-6.66508,112.539,1.62E+00,8.28E+01,9.01E+01,8.49E+01
1381,-13.3289,112.538,1.61E+00,7.92E+01,9.42E+01,7.85E+01
1382,-19.9928,112.537,1.60E+00,7.59E+01,9.87E+01,7.21E+01
1383,-26.6566,112.534,1.57E+00,7.29E+01,1.03E+02,6.57E+01
1384,-33.3203,112.531,1.55E+00,7.02E+01,1.09E+02,5.93E+01
1385,-39.9839,112.528,1.52E+00,6.76E+01,1.14E+02,5.30E+01
1386,-46.6476,112.523,1.48E+00,6.54E+01,1.20E+02,4.66E+01
1387,-53.3111,112.519,1.44E+00,6.34E+01,1.26E+02,4.03E+01
1388,-59.9747,112.513,1.39E+00,6.18E+01,1.33E+02,3.40E+01
1389,-66.6383,112.508,1.33E+00,6.03E+01,1.39E+02,2.80E+01
1390,-73.3021,112.502,1.27E+00,5.91E+01,1.45E+02,2.25E+01
1391,-79.9665,112.496,1.20E+00,5.77E+01,1.51E+02,1.80E+01
1392,-86.6317,112.49,1.12E+00,5.53E+01,1.56E+02,1.54E+01
1393,-93.2979,112.486,1.02E+00,4.95E+01,1.59E+02,1.40E+01
1394,-99.9655,112.482,9.24E-01,7.30E+01,1.29E+02,5.15E+01
1395,-99.96,106.224,1.19E+00,1.06E+02,1.03E+02,9.17E+01
1396,-0.00183773,106.294,2.16E+00,9.22E+01,9.01E+01,9.28E+01
1397,53.3,106.263,1.95E+00,1.43E+02,6.51E+01,1.53E+02
1398,79.9539,106.231,1.61E+00,1.71E+02,5.41E+01,1.84E+02
1399,93.2886,106.219,1.36E+00,1.71E+02,4.63E+01,1.89E+02
1400,86.6202,106.224,1.50E+00,1.72E+02,5.08E+01,1.88E+02
1401,66.6255,106.247,1.80E+00,1.59E+02,5.97E+01,1.71E+02
1402,73.2891,106.239,1.72E+00,1.66E+02,5.69E+01,1.78E+02
1403,59.9626,106.255,1.88E+00,1.51E+02,6.24E+01,1.62E+02
1404,26.65,106.286,2.12E+00,1.13E+02,7.68E+01,1.21E+02
1405,39.9752,106.276,2.05E+00,1.27E+02,7.08E+01,1.36E+02
1406,46.6376,106.27,2.00E+00,1.35E+02,6.80E+01,1.45E+02
1407,33.3127,106.281,2.09E+00,1.20E+02,7.37E+01,1.28E+02
1408,13.3243,106.292,2.15E+00,1.02E+02,8.31E+01,1.06E+02
1409,19.9872,106.289,2.14E+00,1.07E+02,7.99E+01,1.13E+02
1410,6.66125,106.294,2.16E+00,9.68E+01,8.65E+01,9.95E+01
1411,-46.6427,106.273,1.95E+00,6.93E+01,1.24E+02,4.83E+01
1412,-19.9911,106.29,2.11E+00,8.07E+01,1.02E+02,7.34E+01
1413,-6.66495,106.294,2.15E+00,8.81E+01,9.38E+01,8.63E+01
1414,-13.328,106.293,2.14E+00,8.43E+01,9.79E+01,7.98E+01
1415,-33.317,106.283,2.05E+00,7.45E+01,1.12E+02,6.08E+01
1416,-26.6542,106.287,2.08E+00,7.75E+01,1.07E+02,6.71E+01
1417,-39.9799,106.278,2.00E+00,7.18E+01,1.18E+02,5.45E+01
1418,-73.2947,106.244,1.65E+00,6.18E+01,1.50E+02,2.43E+01
1419,-59.9682,106.259,1.82E+00,6.51E+01,1.37E+02,3.59E+01
1420,-53.3054,106.266,1.89E+00,6.71E+01,1.30E+02,4.20E+01
1421,-66.6312,106.252,1.74E+00,6.34E+01,1.44E+02,2.99E+01
1422,-86.6251,106.231,1.44E+00,5.96E+01,1.61E+02,1.61E+01
1423,-79.9592,106.237,1.55E+00,6.06E+01,1.56E+02,1.95E+01
1424,-93.2922,106.226,1.32E+00,5.77E+01,1.63E+02,1.45E+01
1425,-106.219,112.48,8.21E-01,9.80E+01,9.56E+01,9.38E+01
1426,-112.473,112.478,7.00E-01,1.15E+02,6.63E+01,1.34E+02
1427,-112.478,106.22,8.70E-01,1.47E+02,4.10E+01,1.75E+02
1428,-112.482,99.9662,9.97E-01,1.54E+02,4.27E+01,1.80E+02
1429,-112.485,93.2975,1.10E+00,1.56E+02,4.49E+01,1.80E+02
1430,-112.491,86.6304,1.19E+00,1.54E+02,4.58E+01,1.77E+02
1431,-112.497,79.9647,1.27E+00,1.50E+02,4.71E+01,1.73E+02
1432,-112.503,73.3005,1.33E+00,1.45E+02,4.96E+01,1.67E+02
1433,-112.509,66.6368,1.39E+00,1.38E+02,5.26E+01,1.59E+02
1434,-112.515,59.9734,1.44E+00,1.31E+02,5.56E+01,1.52E+02
1435,-112.52,53.31,1.48E+00,1.24E+02,5.88E+01,1.44E+02
1436,-112.525,46.6466,1.52E+00,1.17E+02,6.21E+01,1.36E+02
1437,-112.529,39.9832,1.55E+00,1.11E+02,6.54E+01,1.29E+02
1438,-112.532,33.3196,1.58E+00,1.05E+02,6.89E+01,1.22E+02
1439,-112.535,26.656,1.60E+00,1.00E+02,7.25E+01,1.15E+02
1440,-112.538,19.9922,1.62E+00,9.57E+01,7.62E+01,1.08E+02
1441,-112.539,13.3284,1.63E+00,9.16E+01,8.01E+01,1.02E+02
1442,-112.54,6.66454,1.64E+00,8.79E+01,8.41E+01,9.54E+01
1443,-112.54,0.000638829,1.64E+00,8.45E+01,8.84E+01,8.91E+01
1444,-112.54,-6.66325,1.64E+00,8.15E+01,9.29E+01,8.28E+01
1445,-112.539,-13.3271,1.63E+00,7.87E+01,9.77E+01,7.65E+01
1446,-112.537,-19.9909,1.61E+00,7.62E+01,1.03E+02,7.02E+01
1447,-112.534,-26.6546,1.59E+00,7.39E+01,1.09E+02,6.39E+01
1448,-112.531,-33.3181,1.57E+00,7.19E+01,1.15E+02,5.75E+01
1449,-112.527,-39.9815,1.54E+00,7.00E+01,1.21E+02,5.11E+01
1450,-112.522,-46.6449,1.50E+00,6.84E+01,1.28E+02,4.46E+01
1451,-112.517,-53.3081,1.46E+00,6.70E+01,1.36E+02,3.80E+01
1452,-112.511,-59.9714,1.41E+00,6.58E+01,1.44E+02,3.15E+01
1453,-112.504,-66.6347,1.35E+00,6.48E+01,1.52E+02,2.54E+01
1454,-112.498,-73.2982,1.29E+00,6.40E+01,1.59E+02,2.04E+01
1455,-112.491,-79.9624,1.21E+00,6.30E+01,1.65E+02,1.74E+01
1456,-112.484,-86.6275,1.12E+00,6.16E+01,1.70E+02,1.72E+01
1457,-112.479,-93.2939,1.02E+00,5.92E+01,1.73E+02,1.99E+01
1458,-112.476,-99.9623,9.10E-01,5.77E+01,1.72E+02,2.60E+01
1459,-112.474,-106.216,7.89E-01,5.93E+01,1.66E+02,3.36E+01
1460,-112.472,-112.472,6.41E-01,5.98E+01,1.58E+02,3.91E+01
1461,-106.218,-112.473,7.98E-01,6.49E+01,1.62E+02,3.54E+01
1462,-106.295,0.000882578,2.17E+00,9.02E+01,9.22E+01,8.94E+01
1463,-106.259,59.9664,1.87E+00,1.37E+02,5.95E+01,1.57E+02
1464,-106.23,86.6235,1.52E+00,1.59E+02,4.81E+01,1.82E+02
1465,-106.22,99.7573,1.24E+00,1.56E+02,4.91E+01,1.80E+02
1466,-106.218,106.164,1.05E+00,1.51E+02,4.44E+01,1.74E+02
1467,-106.224,93.2351,1.39E+00,1.60E+02,4.88E+01,1.83E+02
1468,-106.244,73.2928,1.72E+00,1.51E+02,5.35E+01,1.72E+02
1469,-106.237,79.9573,1.62E+00,1.56E+02,5.05E+01,1.78E+02
1470,-106.252,66.6293,1.80E+00,1.44E+02,5.65E+01,1.65E+02
1471,-106.284,33.316,2.08E+00,1.11E+02,7.27E+01,1.25E+02
1472,-106.273,46.6413,1.99E+00,1.23E+02,6.59E+01,1.40E+02
1473,-106.266,53.3038,1.94E+00,1.30E+02,6.27E+01,1.48E+02
1474,-106.279,39.9787,2.04E+00,1.17E+02,6.93E+01,1.32E+02
1475,-106.291,19.9902,2.14E+00,1.01E+02,8.00E+01,1.10E+02
1476,-106.288,26.6532,2.11E+00,1.06E+02,7.63E+01,1.17E+02
1477,-106.294,13.3272,2.16E+00,9.69E+01,8.39E+01,1.03E+02
1478,-106.295,6.66405,2.17E+00,9.33E+01,8.79E+01,9.61E+01
1479,-106.262,-53.3011,1.91E+00,7.40E+01,1.42E+02,3.60E+01
1480,-106.286,-26.6512,2.10E+00,8.04E+01,1.13E+02,6.28E+01
1481,-106.293,-13.3253,2.15E+00,8.48E+01,1.02E+02,7.60E+01
1482,-106.295,-6.66226,2.17E+00,8.73E+01,9.68E+01,8.27E+01
1483,-106.29,-19.9883,2.13E+00,8.25E+01,1.07E+02,6.94E+01
1484,-106.276,-39.9764,2.02E+00,7.68E+01,1.26E+02,4.94E+01
1485,-106.282,-33.3138,2.07E+00,7.85E+01,1.19E+02,5.61E+01
1486,-106.27,-46.6388,1.97E+00,7.53E+01,1.34E+02,4.27E+01
1487,-106.23,-79.954,1.56E+00,6.87E+01,1.72E+02,1.70E+01
1488,-106.246,-66.6263,1.76E+00,7.16E+01,1.58E+02,2.39E+01
1489,-106.254,-59.9636,1.84E+00,7.28E+01,1.50E+02,2.97E+01
1490,-106.238,-73.2896,1.66E+00,7.04E+01,1.66E+02,1.93E+01
1491,-106.218,-93.2311,1.30E+00,6.17E+01,1.77E+02,1.65E+01
1492,-106.223,-86.6201,1.43E+00,6.62E+01,1.76E+02,1.67E+01
1493,-106.215,-99.7516,1.15E+00,5.87E+01,1.74E+02,1.87E+01
1494,-106.215,-106.158,9.89E-01,6.30E+01,1.67E+02,2.86E+01
1495,106.217,112.475,8.58E-01,1.57E+02,3.68E+01,1.81E+02
1496,112.474,112.473,7.16E-01,1.48E+02,3.52E+01,1.76E+02
1497,112.475,106.217,8.58E-01,1.54E+02,3.76E+01,1.79E+02
1498,112.478,99.9643,9.78E-01,1.58E+02,3.99E+01,1.82E+02
1499,112.484,93.2961,1.09E+00,1.60E+02,4.19E+01,1.83E+02
1500,112.49,86.6293,1.18E+00,1.59E+02,4.36E+01,1.80E+02
1501,112.496,79.9637,1.27E+00,1.55E+02,4.54E+01,1.75E+02
1502,112.503,73.299,1.34E+00,1.50E+02,4.76E+01,1.69E+02
1503,112.509,66.635,1.40E+00,1.43E+02,5.01E+01,1.61E+02
1504,112.515,59.9713,1.45E+00,1.36E+02,5.30E+01,1.54E+02
1505,112.52,53.3078,1.49E+00,1.29E+02,5.60E+01,1.46E+02
1506,112.525,46.6444,1.53E+00,1.22E+02,5.92E+01,1.38E+02
1507,112.529,39.9809,1.56E+00,1.16E+02,6.26E+01,1.31E+02
1508,112.532,33.3174,1.58E+00,1.10E+02,6.61E+01,1.24E+02
1509,112.535,26.6538,1.60E+00,1.04E+02,6.98E+01,1.17E+02
1510,112.537,19.9902,1.62E+00,9.92E+01,7.35E+01,1.11E+02
1511,112.538,13.3265,1.63E+00,9.45E+01,7.75E+01,1.04E+02
1512,112.539,6.66271,1.63E+00,9.03E+01,8.15E+01,9.76E+01
1513,112.539,-0.00106772,1.63E+00,8.63E+01,8.58E+01,9.13E+01
1514,112.538,-6.66485,1.62E+00,8.27E+01,9.02E+01,8.50E+01
1515,112.537,-13.3286,1.61E+00,7.93E+01,9.50E+01,7.88E+01
1516,112.535,-19.9923,1.60E+00,7.62E+01,9.99E+01,7.25E+01
1517,112.533,-26.656,1.58E+00,7.32E+01,1.05E+02,6.63E+01
1518,112.53,-33.3195,1.55E+00,7.05E+01,1.11E+02,6.00E+01
1519,112.526,-39.9831,1.52E+00,6.80E+01,1.17E+02,5.36E+01
1520,112.522,-46.6466,1.48E+00,6.58E+01,1.23E+02,4.72E+01
1521,112.517,-53.31,1.44E+00,6.38E+01,1.30E+02,4.07E+01
1522,112.512,-59.9735,1.39E+00,6.21E+01,1.37E+02,3.42E+01
1523,112.507,-66.6373,1.34E+00,6.07E+01,1.43E+02,2.78E+01
1524,112.501,-73.3013,1.28E+00,5.96E+01,1.50E+02,2.20E+01
1525,112.495,-79.9659,1.21E+00,5.91E+01,1.55E+02,1.75E+01
1526,112.489,-86.6316,1.13E+00,5.96E+01,1.59E+02,1.58E+01
1527,112.484,-93.2986,1.03E+00,6.11E+01,1.61E+02,1.80E+01
1528,112.48,-99.9671,9.17E-01,6.04E+01,1.58E+02,2.13E+01
1529,112.477,-106.22,7.92E-01,5.32E+01,1.54E+02,2.04E+01
1530,112.478,-112.473,6.60E-01,7.37E+01,1.21E+02,5.53E+01
1531,106.221,-112.475,8.33E-01,1.07E+02,9.77E+01,9.19E+01
1532,106.294,-0.00139351,2.16E+00,9.18E+01,9.01E+01,9.23E+01
1533,106.259,59.9638,1.88E+00,1.46E+02,5.90E+01,1.56E+02
1534,106.228,86.6217,1.50E+00,1.67E+02,4.80E+01,1.82E+02
1535,106.217,99.7531,1.21E+00,1.64E+02,4.17E+01,1.82E+02
1536,106.215,106.159,1.05E+00,1.60E+02,4.01E+01,1.81E+02
1537,106.221,93.2328,1.36E+00,1.66E+02,4.46E+01,1.83E+02
1538,106.243,73.2907,1.72E+00,1.60E+02,5.35E+01,1.71E+02
1539,106.235,79.9555,1.61E+00,1.65E+02,5.08E+01,1.77E+02
1540,106.251,66.6269,1.80E+00,1.53E+02,5.62E+01,1.64E+02
1541,106.283,33.3131,2.08E+00,1.17E+02,7.15E+01,1.25E+02
1542,106.272,46.6384,2.00E+00,1.31E+02,6.50E+01,1.40E+02
1543,106.266,53.301,1.94E+00,1.38E+02,6.20E+01,1.48E+02
1544,106.278,39.9758,2.04E+00,1.24E+02,6.82E+01,1.33E+02
1545,106.29,19.9876,2.14E+00,1.06E+02,7.85E+01,1.12E+02
1546,106.287,26.6504,2.11E+00,1.11E+02,7.49E+01,1.18E+02
1547,106.292,13.3246,2.15E+00,1.01E+02,8.22E+01,1.05E+02
1548,106.293,6.66163,2.16E+00,9.60E+01,8.61E+01,9.86E+01
1549,106.264,-53.3041,1.89E+00,6.75E+01,1.34E+02,4.25E+01
1550,106.285,-26.6533,2.08E+00,7.78E+01,1.09E+02,6.75E+01
1551,106.291,-13.3274,2.13E+00,8.43E+01,9.90E+01,7.99E+01
1552,106.293,-6.66441,2.15E+00,8.79E+01,9.44E+01,8.61E+01
1553,106.289,-19.9904,2.11E+00,8.09E+01,1.04E+02,7.37E+01
1554,106.276,-39.9787,2.00E+00,7.22E+01,1.21E+02,5.51E+01
1555,106.281,-33.316,2.04E+00,7.49E+01,1.15E+02,6.14E+01
1556,106.271,-46.6414,1.95E+00,6.97E+01,1.28E+02,4.88E+01
1557,106.236,-79.9587,1.56E+00,6.15E+01,1.59E+02,1.89E+01
1558,106.25,-66.6302,1.75E+00,6.38E+01,1.48E+02,2.99E+01
1559,106.257,-59.9669,1.82E+00,6.55E+01,1.41E+02,3.61E+01
1560,106.243,-73.2939,1.66E+00,6.24E+01,1.54E+02,2.40E+01
1561,106.225,-93.2363,1.32E+00,6.58E+01,1.63E+02,1.87E+01
1562,106.23,-86.6249,1.45E+00,6.15E+01,1.63E+02,1.60E+01
1563,106.221,-99.7572,1.17E+00,6.82E+01,1.60E+02,2.27E+01
1564,106.219,-106.162,1.00E+00,6.12E+01,1.57E+02,2.14E+01
1565,112.481,-118.732,5.11E-01,9.99E+01,8.94E+01,9.57E+01
1566,112.486,-124.994,3.28E-01,9.64E+01,8.58E+01,1.03E+02
1567,112.492,-131.254,1.24E-01,7.28E+01,7.67E+01,1.23E+02
1568,112.5,-137.5,0.00E+00,5.26E+01,7.05E+01,1.40E+02
1569,106.25,-137.5,0.00E+00,7.54E+01,2.06E+01,2.48E+02
1570,100,-137.5,0.00E+00,7.04E+01,2.31E+01,2.53E+02
1571,93.3333,-137.5,0.00E+00,6.31E+01,2.09E+01,2.54E+02
1572,86.6667,-137.5,0.00E+00,5.44E+01,1.90E+01,2.53E+02
1573,80,-137.5,0.00E+00,4.51E+01,1.66E+01,2.50E+02
1574,73.3333,-137.5,0.00E+00,3.57E+01,1.38E+01,2.46E+02
1575,66.6667,-137.5,0.00E+00,2.66E+01,1.10E+01,2.41E+02
1576,60,-137.5,0.00E+00,1.80E+01,8.55E+00,2.37E+02
1577,53.3333,-137.5,0.00E+00,1.07E+01,7.13E+00,2.32E+02
1578,46.6667,-137.5,0.00E+00,7.26E+00,7.39E+00,2.27E+02
1579,40,-137.5,0.00E+00,9.55E+00,9.25E+00,2.22E+02
1580,33.3333,-137.5,0.00E+00,1.50E+01,1.21E+01,2.17E+02
1581,26.6667,-137.5,0.00E+00,2.08E+01,1.54E+01,2.13E+02
1582,20,-137.5,0.00E+00,2.63E+01,1.91E+01,2.08E+02
1583,13.3333,-137.5,0.00E+00,3.14E+01,2.29E+01,2.03E+02
1584,6.66667,-137.5,0.00E+00,3.61E+01,2.69E+01,1.98E+02
1585,0,-137.5,0.00E+00,4.04E+01,3.12E+01,1.93E+02
1586,-6.66667,-137.5,0.00E+00,4.43E+01,3.56E+01,1.87E+02
1587,-13.3333,-137.5,0.00E+00,4.78E+01,4.03E+01,1.82E+02
1588,-20,-137.5,0.00E+00,5.10E+01,4.53E+01,1.76E+02
1589,-26.6667,-137.5,0.00E+00,5.38E+01,5.06E+01,1.70E+02
1590,-33.3333,-137.5,0.00E+00,5.63E+01,5.62E+01,1.64E+02
1591,-40,-137.5,0.00E+00,5.85E+01,6.21E+01,1.58E+02
1592,-46.6667,-137.5,0.00E+00,6.04E+01,6.85E+01,1.51E+02
1593,-53.3333,-137.5,0.00E+00,6.19E+01,7.53E+01,1.44E+02
1594,-60,-137.5,0.00E+00,6.32E+01,8.27E+01,1.37E+02
1595,-66.6667,-137.5,0.00E+00,6.43E+01,9.05E+01,1.28E+02
1596,-73.3333,-137.5,0.00E+00,6.50E+01,9.87E+01,1.20E+02
1597,-80,-137.5,0.00E+00,6.50E+01,1.07E+02,1.10E+02
1598,-86.6667,-137.5,0.00E+00,6.40E+01,1.16E+02,9.93E+01
1599,-93.3333,-137.5,0.00E+00,6.10E+01,1.24E+02,8.62E+01
1600,-100,-137.5,0.00E+00,5.50E+01,1.32E+02,7.18E+01
1601,-106.25,-137.5,0.00E+00,4.66E+01,1.38E+02,5.49E+01
1602,-112.5,-137.5,0.00E+00,3.56E+01,1.43E+02,3.80E+01
1603,-112.489,-131.249,9.91E-02,3.15E+01,1.48E+02,3.05E+01
1604,-112.48,-124.991,2.79E-01,3.90E+01,1.54E+02,3.01E+01
1605,-112.474,-118.731,4.68E-01,5.46E+01,1.55E+02,3.90E+01
1606,-0.00122372,-131.268,2.09E-01,4.01E+01,4.86E+01,1.57E+02
1607,-0.000287473,-125.027,6.27E-01,5.48E+01,7.16E+01,1.09E+02
1608,-0.000358411,-118.784,1.12E+00,7.58E+01,8.10E+01,9.31E+01
1609,59.9917,-131.265,1.95E-01,5.48E+01,2.04E+01,2.04E+02
1610,59.9857,-125.018,5.72E-01,1.06E+02,3.78E+01,1.61E+02
1611,59.9786,-118.767,9.99E-01,1.27E+02,4.85E+01,1.49E+02
1612,86.655,-131.26,1.74E-01,8.79E+01,2.00E+01,2.22E+02
1613,86.6461,-125.008,5.01E-01,1.34E+02,2.63E+01,1.83E+02
1614,86.6369,-118.751,8.53E-01,1.54E+02,3.79E+01,1.71E+02
1615,99.7809,-131.258,1.59E-01,1.00E+02,2.16E+01,2.24E+02
1616,99.7722,-125.003,4.47E-01,1.40E+02,2.62E+01,1.86E+02
1617,99.7648,-118.743,7.34E-01,1.55E+02,3.74E+01,1.74E+02
1618,106.145,-124.999,4.07E-01,1.44E+02,3.01E+01,1.78E+02
1619,106.166,-131.25,1.52E-01,1.07E+02,2.28E+01,2.16E+02
1620,106.154,-118.745,6.43E-01,1.55E+02,3.72E+01,1.68E+02
1621,93.227,-125.006,4.76E-01,1.38E+02,2.53E+01,1.86E+02
1622,93.2502,-131.266,1.67E-01,9.49E+01,2.03E+01,2.24E+02
1623,93.2323,-118.74,8.00E-01,1.56E+02,3.71E+01,1.74E+02
1624,73.3232,-131.263,1.86E-01,7.14E+01,1.98E+01,2.14E+02
1625,73.3156,-125.013,5.41E-01,1.21E+02,3.13E+01,1.73E+02
1626,73.3071,-118.76,9.35E-01,1.42E+02,4.25E+01,1.62E+02
1627,79.9807,-125.011,5.22E-01,1.28E+02,2.84E+01,1.79E+02
1628,79.9891,-131.262,1.80E-01,7.99E+01,1.98E+01,2.19E+02
1629,79.9717,-118.756,8.97E-01,1.49E+02,3.98E+01,1.67E+02
1630,66.6506,-125.016,5.58E-01,1.13E+02,3.44E+01,1.67E+02
1631,66.6575,-131.264,1.91E-01,6.29E+01,2.00E+01,2.09E+02
1632,66.6428,-118.763,9.69E-01,1.35E+02,4.54E+01,1.55E+02
1633,33.3284,-131.267,2.06E-01,3.97E+01,2.92E+01,1.82E+02
1634,33.3257,-125.024,6.13E-01,7.90E+01,5.20E+01,1.36E+02
1635,33.322,-118.779,1.08E+00,1.00E+02,6.20E+01,1.22E+02
1636,46.6601,-131.266,2.01E-01,4.21E+01,2.33E+01,1.93E+02
1637,46.6558,-125.021,5.96E-01,9.16E+01,4.48E+01,1.48E+02
1638,46.6504,-118.774,1.05E+00,1.13E+02,5.51E+01,1.35E+02
1639,53.3208,-125.02,5.85E-01,9.86E+01,4.12E+01,1.54E+02
1640,53.3259,-131.265,1.98E-01,4.74E+01,2.14E+01,1.98E+02
1641,53.3145,-118.77,1.03E+00,1.20E+02,5.17E+01,1.42E+02
1642,39.9908,-125.023,6.05E-01,8.51E+01,4.83E+01,1.42E+02
1643,39.9943,-131.267,2.04E-01,4.00E+01,2.60E+01,1.88E+02
1644,39.9862,-118.776,1.07E+00,1.06E+02,5.85E+01,1.28E+02
1645,19.9966,-131.268,2.09E-01,3.98E+01,3.65E+01,1.72E+02
1646,19.9954,-125.026,6.23E-01,6.82E+01,5.95E+01,1.25E+02
1647,19.9932,-118.782,1.11E+00,8.94E+01,6.93E+01,1.10E+02
1648,26.6606,-125.025,6.19E-01,7.34E+01,5.57E+01,1.30E+02
1649,26.6625,-131.268,2.08E-01,3.97E+01,3.28E+01,1.77E+02
1650,26.6576,-118.781,1.10E+00,9.46E+01,6.56E+01,1.16E+02
1651,6.66496,-125.027,6.28E-01,5.90E+01,6.74E+01,1.14E+02
1652,13.3302,-125.027,6.26E-01,6.34E+01,6.34E+01,1.19E+02
1653,6.66472,-131.268,2.10E-01,4.00E+01,4.44E+01,1.62E+02
1654,13.3307,-131.268,2.09E-01,3.99E+01,4.03E+01,1.67E+02
1655,6.66419,-118.784,1.12E+00,8.00E+01,7.69E+01,9.86E+01
1656,13.3287,-118.783,1.11E+00,8.45E+01,7.30E+01,1.04E+02
1657,-53.3284,-131.265,1.91E-01,3.96E+01,9.20E+01,1.10E+02
1658,-53.3216,-125.019,5.68E-01,3.19E+01,1.14E+02,6.32E+01
1659,-53.3158,-118.77,1.01E+00,5.14E+01,1.23E+02,4.85E+01
1660,-26.665,-131.267,2.04E-01,4.00E+01,6.77E+01,1.35E+02
1661,-26.6613,-125.025,6.11E-01,4.12E+01,9.03E+01,8.66E+01
1662,-26.6585,-118.781,1.09E+00,6.17E+01,9.94E+01,7.12E+01
1663,-13.3331,-131.268,2.08E-01,4.01E+01,5.76E+01,1.46E+02
1664,-13.3308,-125.026,6.22E-01,4.75E+01,8.04E+01,9.76E+01
1665,-13.3294,-118.783,1.11E+00,6.83E+01,8.96E+01,8.21E+01
1666,-6.66551,-125.027,6.26E-01,5.10E+01,7.59E+01,1.03E+02
1667,-6.66715,-131.268,2.09E-01,4.01E+01,5.30E+01,1.51E+02
1668,-6.6649,-118.784,1.11E+00,7.19E+01,8.52E+01,8.76E+01
1669,-19.996,-125.026,6.17E-01,4.42E+01,8.52E+01,9.22E+01
1670,-19.999,-131.268,2.06E-01,4.01E+01,6.25E+01,1.40E+02
1671,-19.994,-118.782,1.10E+00,6.49E+01,9.44E+01,7.66E+01
1672,-39.9968,-131.266,1.98E-01,3.98E+01,7.90E+01,1.23E+02
1673,-39.9916,-125.022,5.93E-01,3.59E+01,1.01E+02,7.52E+01
1674,-39.9873,-118.776,1.05E+00,5.60E+01,1.11E+02,6.00E+01
1675,-33.3265,-125.024,6.02E-01,3.84E+01,9.57E+01,8.10E+01
1676,-33.3309,-131.267,2.01E-01,3.99E+01,7.31E+01,1.29E+02
1677,-33.323,-118.779,1.07E+00,5.88E+01,1.05E+02,6.56E+01
1678,-46.6566,-125.021,5.81E-01,3.37E+01,1.08E+02,6.93E+01
1679,-46.6626,-131.265,1.95E-01,3.97E+01,8.53E+01,1.16E+02
1680,-46.6515,-118.774,1.03E+00,5.36E+01,1.17E+02,5.43E+01
1681,-79.9915,-131.26,1.69E-01,3.96E+01,1.23E+02,7.82E+01
1682,-79.9815,-125.008,4.94E-01,2.81E+01,1.43E+02,3.54E+01
1683,-79.9729,-118.753,8.60E-01,4.61E+01,1.51E+02,2.37E+01
1684,-66.6601,-131.262,1.81E-01,3.97E+01,1.07E+02,9.50E+01
1685,-66.6517,-125.014,5.35E-01,2.92E+01,1.28E+02,5.00E+01
1686,-66.6442,-118.763,9.43E-01,4.79E+01,1.37E+02,3.64E+01
1687,-59.9867,-125.016,5.53E-01,3.04E+01,1.21E+02,5.68E+01
1688,-59.9943,-131.264,1.86E-01,3.96E+01,9.91E+01,1.03E+02
1689,-59.98,-118.767,9.77E-01,4.95E+01,1.30E+02,4.25E+01
1690,-73.3166,-125.011,5.16E-01,2.84E+01,1.36E+02,4.29E+01
1691,-73.3258,-131.261,1.75E-01,3.97E+01,1.15E+02,8.69E+01
1692,-73.3085,-118.758,9.05E-01,4.68E+01,1.45E+02,3.01E+01
1693,-93.2269,-131.267,1.52E-01,3.89E+01,1.38E+02,5.67E+01
1694,-93.1872,-125.002,4.37E-01,3.17E+01,1.55E+02,2.26E+01
1695,-93.2073,-118.734,7.51E-01,5.21E+01,1.61E+02,2.00E+01
1696,-86.6064,-125.005,4.68E-01,2.91E+01,1.50E+02,2.80E+01
1697,-86.6305,-131.262,1.61E-01,3.96E+01,1.31E+02,6.82E+01
1698,-86.6109,-118.745,8.10E-01,4.66E+01,1.57E+02,1.86E+01
1699,-106.102,-124.994,3.44E-01,3.60E+01,1.58E+02,2.50E+01
1700,-99.6762,-124.998,3.96E-01,3.39E+01,1.58E+02,2.16E+01
1701,-106.142,-131.241,1.22E-01,3.47E+01,1.47E+02,3.67E+01
1702,-99.722,-131.255,1.39E-01,3.71E+01,1.43E+02,4.57E+01
1703,-106.125,-118.745,5.79E-01,5.58E+01,1.60E+02,3.34E+01
1704,-99.7037,-118.738,6.75E-01,5.69E+01,1.62E+02,2.65E+01
1705,112.475,118.733,5.43E-01,1.44E+02,3.26E+01,1.79E+02
1706,112.479,124.994,3.38E-01,1.40E+02,2.67E+01,1.91E+02
1707,112.487,131.253,1.21E-01,1.15E+02,2.13E+01,2.28E+02
1708,112.5,137.5,0.00E+00,9.30E+01,2.05E+01,2.54E+02
1709,106.25,137.5,0.00E+00,8.76E+01,2.02E+01,2.59E+02
1710,100,137.5,0.00E+00,7.84E+01,1.85E+01,2.61E+02
1711,93.3333,137.5,0.00E+00,6.73E+01,1.74E+01,2.65E+02
1712,86.6667,137.5,0.00E+00,5.61E+01,1.66E+01,2.65E+02
1713,80,137.5,0.00E+00,4.51E+01,1.50E+01,2.62E+02
1714,73.3333,137.5,0.00E+00,3.43E+01,1.24E+01,2.57E+02
1715,66.6667,137.5,0.00E+00,2.40E+01,9.63E+00,2.52E+02
1716,60,137.5,0.00E+00,1.48E+01,7.87E+00,2.47E+02
1717,53.3333,137.5,0.00E+00,8.22E+00,7.62E+00,2.42E+02
1718,46.6667,137.5,0.00E+00,8.13E+00,8.91E+00,2.37E+02
1719,40,137.5,0.00E+00,1.36E+01,1.13E+01,2.31E+02
1720,33.3333,137.5,0.00E+00,2.01E+01,1.43E+01,2.26E+02
1721,26.6667,137.5,0.00E+00,2.63E+01,1.76E+01,2.21E+02
1722,20,137.5,0.00E+00,3.21E+01,2.11E+01,2.16E+02
1723,13.3333,137.5,0.00E+00,3.73E+01,2.48E+01,2.10E+02
1724,6.66667,137.5,0.00E+00,4.21E+01,2.87E+01,2.05E+02
1725,0,137.5,0.00E+00,4.63E+01,3.28E+01,1.99E+02
1726,-6.66667,137.5,0.00E+00,5.02E+01,3.71E+01,1.94E+02
1727,-13.3333,137.5,0.00E+00,5.36E+01,4.16E+01,1.88E+02
1728,-20,137.5,0.00E+00,5.66E+01,4.63E+01,1.82E+02
1729,-26.6667,137.5,0.00E+00,5.93E+01,5.13E+01,1.75E+02
1730,-33.3333,137.5,0.00E+00,6.15E+01,5.66E+01,1.69E+02
1731,-40,137.5,0.00E+00,6.34E+01,6.22E+01,1.62E+02
1732,-46.6667,137.5,0.00E+00,6.49E+01,6.82E+01,1.55E+02
1733,-53.3333,137.5,0.00E+00,6.61E+01,7.46E+01,1.48E+02
1734,-60,137.5,0.00E+00,6.70E+01,8.14E+01,1.40E+02
1735,-66.6667,137.5,0.00E+00,6.75E+01,8.87E+01,1.31E+02
1736,-73.3333,137.5,0.00E+00,6.64E+01,9.63E+01,1.22E+02
1737,-80,137.5,0.00E+00,6.25E+01,1.04E+02,1.14E+02
1738,-86.6667,137.5,0.00E+00,5.76E+01,1.13E+02,1.07E+02
1739,-93.3333,137.5,0.00E+00,5.43E+01,1.21E+02,9.83E+01
1740,-100,137.5,0.00E+00,5.16E+01,1.30E+02,8.25E+01
1741,-106.25,137.5,0.00E+00,4.90E+01,1.37E+02,6.44E+01
1742,-112.5,137.5,0.00E+00,7.83E+01,7.86E+01,1.35E+02
1743,-112.487,131.248,9.35E-02,7.21E+01,7.79E+01,1.19E+02
1744,-112.478,124.994,2.83E-01,7.27E+01,8.23E+01,9.81E+01
1745,-112.474,118.735,4.96E-01,8.35E+01,8.94E+01,9.45E+01
1746,-0.00147234,131.268,2.02E-01,4.21E+01,5.02E+01,1.61E+02
1747,-0.000674136,125.027,6.21E-01,5.38E+01,7.30E+01,1.11E+02
1748,-0.000805333,118.784,1.11E+00,7.66E+01,8.13E+01,9.48E+01
1749,59.9913,131.265,1.90E-01,5.44E+01,2.22E+01,2.13E+02
1750,59.9851,125.017,5.72E-01,1.09E+02,4.22E+01,1.69E+02
1751,59.978,118.766,1.01E+00,1.31E+02,5.10E+01,1.58E+02
1752,86.6544,131.26,1.67E-01,9.22E+01,2.08E+01,2.34E+02
1753,86.6449,125.006,4.94E-01,1.40E+02,3.03E+01,1.94E+02
1754,86.6356,118.748,8.46E-01,1.57E+02,3.94E+01,1.85E+02
1755,99.7801,131.256,1.49E-01,1.09E+02,2.07E+01,2.33E+02
1756,99.7707,124.999,4.30E-01,1.48E+02,2.77E+01,1.98E+02
1757,99.7621,118.739,7.19E-01,1.59E+02,3.42E+01,1.89E+02
1758,106.143,124.996,3.89E-01,1.47E+02,2.68E+01,1.97E+02
1759,106.165,131.248,1.37E-01,1.14E+02,2.11E+01,2.32E+02
1760,106.15,118.742,6.39E-01,1.55E+02,3.30E+01,1.85E+02
1761,93.2255,125.003,4.65E-01,1.45E+02,2.87E+01,1.97E+02
1762,93.2495,131.265,1.59E-01,1.01E+02,2.08E+01,2.35E+02
1763,93.2304,118.737,7.88E-01,1.59E+02,3.64E+01,1.88E+02
1764,73.3227,131.262,1.80E-01,7.30E+01,2.13E+01,2.24E+02
1765,73.3148,125.012,5.39E-01,1.26E+02,3.60E+01,1.83E+02
1766,73.3063,118.757,9.38E-01,1.46E+02,4.52E+01,1.74E+02
1767,79.9798,125.009,5.18E-01,1.34E+02,3.29E+01,1.89E+02
1768,79.9885,131.261,1.74E-01,8.27E+01,2.11E+01,2.30E+02
1769,79.9707,118.753,8.96E-01,1.52E+02,4.24E+01,1.80E+02
1770,66.6499,125.015,5.57E-01,1.17E+02,3.91E+01,1.76E+02
1771,66.657,131.264,1.85E-01,6.34E+01,2.15E+01,2.19E+02
1772,66.6421,118.762,9.74E-01,1.38E+02,4.81E+01,1.66E+02
1773,33.3281,131.267,2.00E-01,4.21E+01,3.19E+01,1.89E+02
1774,33.3252,125.024,6.11E-01,7.97E+01,5.51E+01,1.41E+02
1775,33.3215,118.779,1.09E+00,1.02E+02,6.36E+01,1.28E+02
1776,46.6598,131.266,1.96E-01,4.31E+01,2.59E+01,2.01E+02
1777,46.6553,125.021,5.96E-01,9.33E+01,4.85E+01,1.55E+02
1778,46.6498,118.773,1.05E+00,1.15E+02,5.72E+01,1.42E+02
1779,53.3202,125.019,5.85E-01,1.01E+02,4.53E+01,1.62E+02
1780,53.3256,131.266,1.93E-01,4.70E+01,2.37E+01,2.07E+02
1781,53.3139,118.77,1.03E+00,1.23E+02,5.41E+01,1.50E+02
1782,39.9903,125.023,6.04E-01,8.62E+01,5.18E+01,1.48E+02
1783,39.9939,131.267,1.98E-01,4.22E+01,2.88E+01,1.95E+02
1784,39.9857,118.776,1.07E+00,1.08E+02,6.04E+01,1.35E+02
1785,19.9963,131.268,2.02E-01,4.21E+01,3.88E+01,1.78E+02
1786,19.995,125.026,6.20E-01,6.80E+01,6.19E+01,1.29E+02
1787,19.9927,118.782,1.11E+00,9.04E+01,7.04E+01,1.14E+02
1788,26.6601,125.025,6.17E-01,7.36E+01,5.85E+01,1.35E+02
1789,26.6622,131.268,2.02E-01,4.21E+01,3.53E+01,1.84E+02
1790,26.6571,118.781,1.10E+00,9.59E+01,6.70E+01,1.21E+02
1791,6.66457,125.027,6.23E-01,5.82E+01,6.92E+01,1.17E+02
1792,13.3298,125.027,6.22E-01,6.29E+01,6.55E+01,1.23E+02
1793,6.66447,131.268,2.03E-01,4.21E+01,4.63E+01,1.67E+02
1794,13.3304,131.268,2.03E-01,4.21E+01,4.25E+01,1.73E+02
1795,6.66375,118.784,1.11E+00,8.08E+01,7.75E+01,1.01E+02
1796,13.3283,118.783,1.11E+00,8.54E+01,7.39E+01,1.08E+02
1797,-53.3288,131.265,1.82E-01,4.08E+01,9.06E+01,1.12E+02
1798,-53.3223,125.019,5.55E-01,3.09E+01,1.12E+02,6.22E+01
1799,-53.3167,118.77,9.87E-01,5.34E+01,1.21E+02,4.49E+01
1800,-26.6653,131.267,1.95E-01,4.15E+01,6.81E+01,1.38E+02
1801,-26.6617,125.025,6.01E-01,3.98E+01,9.02E+01,8.72E+01
1802,-26.6591,118.78,1.08E+00,6.28E+01,9.85E+01,6.99E+01
1803,-13.3333,131.268,2.00E-01,4.18E+01,5.87E+01,1.50E+02
1804,-13.3312,125.026,6.14E-01,4.62E+01,8.11E+01,9.91E+01
1805,-13.3299,118.783,1.10E+00,6.91E+01,8.94E+01,8.23E+01
1806,-6.66591,125.027,6.18E-01,4.98E+01,7.70E+01,1.05E+02
1807,-6.6674,131.268,2.01E-01,4.20E+01,5.44E+01,1.56E+02
1808,-6.66536,118.784,1.11E+00,7.27E+01,8.53E+01,8.85E+01
1809,-19.9964,125.026,6.08E-01,4.29E+01,8.55E+01,9.32E+01
1810,-19.9993,131.268,1.98E-01,4.17E+01,6.33E+01,1.44E+02
1811,-19.9945,118.782,1.09E+00,6.58E+01,9.38E+01,7.61E+01
1812,-39.9971,131.266,1.90E-01,4.11E+01,7.86E+01,1.25E+02
1813,-39.9921,125.022,5.81E-01,3.47E+01,1.00E+02,7.50E+01
1814,-39.988,118.776,1.04E+00,5.75E+01,1.09E+02,5.75E+01
1815,-33.327,125.024,5.92E-01,3.71E+01,9.51E+01,8.11E+01
1816,-33.3312,131.267,1.93E-01,4.13E+01,7.32E+01,1.32E+02
1817,-33.3236,118.778,1.06E+00,6.00E+01,1.03E+02,6.37E+01
1818,-46.6572,125.021,5.69E-01,3.27E+01,1.06E+02,6.87E+01
1819,-46.6629,131.265,1.86E-01,4.09E+01,8.44E+01,1.19E+02
1820,-46.6523,118.773,1.01E+00,5.53E+01,1.15E+02,5.13E+01
1821,-79.9922,131.26,1.57E-01,3.79E+01,1.18E+02,7.95E+01
1822,-79.9826,125.008,4.74E-01,2.66E+01,1.37E+02,3.38E+01
1823,-79.9742,118.753,8.34E-01,4.72E+01,1.45E+02,2.04E+01
1824,-66.6605,131.262,1.71E-01,4.05E+01,1.04E+02,9.58E+01
1825,-66.6526,125.014,5.21E-01,2.84E+01,1.25E+02,4.85E+01
1826,-66.6454,118.762,9.21E-01,5.03E+01,1.33E+02,3.23E+01
1827,-59.9875,125.016,5.39E-01,2.96E+01,1.18E+02,5.55E+01
1828,-59.9947,131.264,1.77E-01,4.07E+01,9.71E+01,1.04E+02
1829,-59.9811,118.766,9.56E-01,5.17E+01,1.27E+02,3.86E+01
1830,-73.3177,125.011,4.99E-01,2.74E+01,1.31E+02,4.09E+01
1831,-73.3263,131.261,1.65E-01,3.96E+01,1.11E+02,8.72E+01
1832,-73.3098,118.758,8.81E-01,4.90E+01,1.40E+02,2.61E+01
1833,-93.2276,131.265,1.35E-01,3.50E+01,1.31E+02,6.60E+01
1834,-93.1886,125.001,4.08E-01,2.74E+01,1.47E+02,2.49E+01
1835,-93.2087,118.733,7.16E-01,4.16E+01,1.54E+02,1.51E+01
1836,-86.6078,125.005,4.44E-01,2.68E+01,1.42E+02,2.87E+01
1837,-86.6314,131.261,1.47E-01,3.63E+01,1.25E+02,7.30E+01
1838,-86.6124,118.745,7.79E-01,4.47E+01,1.50E+02,1.67E+01
1839,-106.103,124.995,3.22E-01,2.35E+01,1.47E+02,1.98E+01
1840,-99.6775,124.997,3.68E-01,2.71E+01,1.50E+02,2.16E+01
1841,-106.142,131.241,1.05E-01,3.06E+01,1.41E+02,4.48E+01
1842,-99.7222,131.254,1.22E-01,3.34E+01,1.38E+02,5.52E+01
1843,-106.127,118.748,5.70E-01,3.98E+01,1.50E+02,1.63E+01
1844,-99.705,118.738,6.47E-01,4.00E+01,1.56E+02,1.47E+01
1845,-118.75,137.5,0.00E+00,1.03E+02,1.64E+01,2.07E+02
1846,-125,137.5,0.00E+00,9.21E+01,1.14E+01,1.93E+02
1847,-131.25,137.5,0.00E+00,8.01E+01,7.39E+00,1.62E+02
1848,-137.5,137.5,0.00E+00,7.25E+01,6.12E+00,1.40E+02
1849,-137.5,131.25,0.00E+00,7.88E+01,7.44E+00,1.66E+02
1850,-137.5,125,0.00E+00,8.56E+01,1.14E+01,2.05E+02
1851,-137.5,118.75,0.00E+00,8.54E+01,1.61E+01,2.31E+02
1852,-137.5,112.5,0.00E+00,8.33E+01,1.97E+01,2.46E+02
1853,-137.5,106.25,0.00E+00,7.83E+01,2.06E+01,2.49E+02
1854,-137.5,100,0.00E+00,6.99E+01,1.96E+01,2.50E+02
1855,-137.5,93.3333,0.00E+00,5.95E+01,1.86E+01,2.55E+02
1856,-137.5,86.6667,0.00E+00,4.87E+01,1.74E+01,2.54E+02
1857,-137.5,80,0.00E+00,3.82E+01,1.46E+01,2.51E+02
1858,-137.5,73.3333,0.00E+00,2.81E+01,1.10E+01,2.48E+02
1859,-137.5,66.6667,0.00E+00,1.86E+01,8.41E+00,2.43E+02
1860,-137.5,60,0.00E+00,1.06E+01,7.24E+00,2.39E+02
1861,-137.5,53.3333,0.00E+00,7.24E+00,7.36E+00,2.35E+02
1862,-137.5,46.6667,0.00E+00,1.04E+01,8.87E+00,2.30E+02
1863,-137.5,40,0.00E+00,1.67E+01,1.14E+01,2.26E+02
1864,-137.5,33.3333,0.00E+00,2.31E+01,1.44E+01,2.22E+02
1865,-137.5,26.6667,0.00E+00,2.91E+01,1.77E+01,2.18E+02
1866,-137.5,20,0.00E+00,3.46E+01,2.13E+01,2.13E+02
1867,-137.5,13.3333,0.00E+00,3.96E+01,2.51E+01,2.09E+02
1868,-137.5,6.66667,0.00E+00,4.42E+01,2.92E+01,2.04E+02
1869,-137.5,0,0.00E+00,4.84E+01,3.34E+01,2.00E+02
1870,-137.5,-6.66667,0.00E+00,5.21E+01,3.80E+01,1.95E+02
1871,-137.5,-13.3333,0.00E+00,5.55E+01,4.28E+01,1.90E+02
1872,-137.5,-20,0.00E+00,5.85E+01,4.79E+01,1.84E+02
1873,-137.5,-26.6667,0.00E+00,6.12E+01,5.33E+01,1.78E+02
1874,-137.5,-33.3333,0.00E+00,6.35E+01,5.91E+01,1.72E+02
1875,-137.5,-40,0.00E+00,6.56E+01,6.54E+01,1.66E+02
1876,-137.5,-46.6667,0.00E+00,6.73E+01,7.22E+01,1.59E+02
1877,-137.5,-53.3333,0.00E+00,6.86E+01,7.95E+01,1.52E+02
1878,-137.5,-60,0.00E+00,6.96E+01,8.74E+01,1.44E+02
1879,-137.5,-66.6667,0.00E+00,7.03E+01,9.58E+01,1.35E+02
1880,-137.5,-73.3333,0.00E+00,7.05E+01,1.05E+02,1.25E+02
1881,-137.5,-80,0.00E+00,6.93E+01,1.14E+02,1.14E+02
1882,-137.5,-86.6667,0.00E+00,6.57E+01,1.23E+02,1.05E+02
1883,-137.5,-93.3333,0.00E+00,6.17E+01,1.32E+02,9.76E+01
1884,-137.5,-100,0.00E+00,5.70E+01,1.41E+02,8.20E+01
1885,-137.5,-106.25,0.00E+00,4.87E+01,1.48E+02,6.06E+01
1886,-137.5,-112.5,0.00E+00,3.58E+01,1.50E+02,4.20E+01
1887,-137.5,-118.75,0.00E+00,2.10E+01,1.47E+02,2.65E+01
1888,-137.5,-125,0.00E+00,1.10E+01,1.40E+02,1.66E+01
1889,-137.5,-131.25,0.00E+00,7.43E+00,1.23E+02,1.11E+01
1890,-137.5,-137.5,0.00E+00,6.49E+00,1.11E+02,8.56E+00
1891,-131.25,-137.5,0.00E+00,7.40E+00,1.24E+02,1.13E+01
1892,-125,-137.5,0.00E+00,1.12E+01,1.39E+02,1.58E+01
1893,-118.75,-137.5,0.00E+00,2.17E+01,1.43E+02,2.40E+01
1894,-131.269,-0.00126942,2.04E-01,4.21E+01,5.12E+01,1.62E+02
1895,-125.028,-7.36E-05,6.25E-01,5.18E+01,7.45E+01,1.10E+02
1896,-118.785,0.000344127,1.12E+00,7.45E+01,8.32E+01,9.32E+01
1897,-131.263,73.3236,1.77E-01,6.53E+01,2.09E+01,2.15E+02
1898,-125.013,73.3164,5.33E-01,1.16E+02,3.61E+01,1.74E+02
1899,-118.759,73.3084,9.31E-01,1.36E+02,4.46E+01,1.65E+02
1900,-131.247,106.157,1.38E-01,1.04E+02,2.08E+01,2.23E+02
1901,-124.999,106.129,3.95E-01,1.37E+02,2.59E+01,1.88E+02
1902,-118.748,106.143,6.50E-01,1.45E+02,3.38E+01,1.76E+02
1903,-131.248,124.991,6.95E-02,9.25E+01,1.74E+01,1.89E+02
1904,-124.989,124.99,1.74E-01,1.05E+02,2.47E+01,1.71E+02
1905,-118.732,124.992,2.46E-01,1.18E+02,2.39E+01,1.74E+02
1906,-124.991,131.247,6.81E-02,9.61E+01,1.62E+01,1.80E+02
1907,-131.245,131.245,2.90E-02,8.40E+01,1.15E+01,1.70E+02
1908,-118.738,131.249,8.73E-02,1.09E+02,1.64E+01,1.92E+02
1909,-124.996,112.451,3.41E-01,1.29E+02,2.83E+01,1.84E+02
1910,-124.991,118.735,2.67E-01,1.17E+02,2.90E+01,1.78E+02
1911,-131.251,112.467,1.22E-01,1.04E+02,2.14E+01,2.20E+02
1912,-131.251,118.739,9.97E-02,1.00E+02,2.02E+01,2.08E+02
1913,-118.738,112.457,5.44E-01,1.34E+02,3.62E+01,1.73E+02
1914,-118.731,118.734,4.06E-01,1.24E+02,3.41E+01,1.71E+02
1915,-131.267,93.241,1.58E-01,9.23E+01,2.00E+01,2.25E+02
1916,-125.005,93.2113,4.66E-01,1.36E+02,2.64E+01,1.87E+02
1917,-118.739,93.2233,7.94E-01,1.50E+02,3.63E+01,1.78E+02
1918,-125.002,99.707,4.35E-01,1.39E+02,2.52E+01,1.89E+02
1919,-131.257,99.7394,1.49E-01,9.96E+01,2.00E+01,2.23E+02
1920,-118.743,99.7226,7.30E-01,1.50E+02,3.30E+01,1.79E+02
1921,-125.01,79.9814,5.13E-01,1.24E+02,3.32E+01,1.80E+02
1922,-125.008,86.616,4.91E-01,1.31E+02,2.95E+01,1.85E+02
1923,-131.262,79.9892,1.72E-01,7.46E+01,2.09E+01,2.20E+02
1924,-131.263,86.6349,1.65E-01,8.37E+01,2.03E+01,2.24E+02
1925,-118.755,79.973,8.91E-01,1.42E+02,4.25E+01,1.71E+02
1926,-118.747,86.6179,8.47E-01,1.47E+02,4.01E+01,1.76E+02
1927,-131.267,39.9944,1.96E-01,4.09E+01,2.88E+01,1.90E+02
1928,-125.023,39.9913,5.99E-01,8.02E+01,5.17E+01,1.43E+02
1929,-118.777,39.9874,1.07E+00,1.02E+02,6.04E+01,1.30E+02
1930,-131.265,59.9919,1.86E-01,4.84E+01,2.17E+01,2.05E+02
1931,-125.018,59.9864,5.65E-01,1.01E+02,4.18E+01,1.62E+02
1932,-118.768,59.98,9.96E-01,1.22E+02,5.05E+01,1.51E+02
1933,-125.016,66.6513,5.50E-01,1.09E+02,3.88E+01,1.68E+02
1934,-131.264,66.6578,1.82E-01,5.65E+01,2.09E+01,2.10E+02
1935,-118.764,66.6441,9.65E-01,1.29E+02,4.74E+01,1.58E+02
1936,-125.022,46.6564,5.89E-01,8.66E+01,4.83E+01,1.49E+02
1937,-125.02,53.3214,5.78E-01,9.35E+01,4.50E+01,1.55E+02
1938,-131.266,46.6603,1.93E-01,4.10E+01,2.58E+01,1.95E+02
1939,-131.266,53.3261,1.90E-01,4.30E+01,2.34E+01,2.00E+02
1940,-118.774,46.6517,1.05E+00,1.08E+02,5.70E+01,1.37E+02
1941,-118.771,53.3159,1.02E+00,1.15E+02,5.37E+01,1.44E+02
1942,-131.268,19.9966,2.02E-01,4.16E+01,3.91E+01,1.76E+02
1943,-125.027,19.9957,6.20E-01,6.41E+01,6.25E+01,1.27E+02
1944,-118.783,19.9941,1.11E+00,8.61E+01,7.11E+01,1.11E+02
1945,-125.026,26.661,6.14E-01,6.90E+01,5.88E+01,1.32E+02
1946,-125.025,33.3262,6.08E-01,7.44E+01,5.52E+01,1.38E+02
1947,-131.268,26.6626,2.00E-01,4.13E+01,3.55E+01,1.81E+02
1948,-131.268,33.3285,1.99E-01,4.11E+01,3.20E+01,1.86E+02
1949,-118.781,26.6586,1.10E+00,9.08E+01,6.74E+01,1.17E+02
1950,-118.779,33.323,1.08E+00,9.60E+01,6.38E+01,1.24E+02
1951,-125.027,6.66521,6.25E-01,5.56E+01,7.04E+01,1.16E+02
1952,-125.027,13.3305,6.23E-01,5.96E+01,6.64E+01,1.21E+02
1953,-131.269,6.66469,2.04E-01,4.20E+01,4.70E+01,1.66E+02
1954,-131.269,13.3307,2.03E-01,4.18E+01,4.30E+01,1.71E+02
1955,-118.784,6.66494,1.12E+00,7.80E+01,7.90E+01,9.91E+01
1956,-118.784,13.3295,1.11E+00,8.19E+01,7.50E+01,1.05E+02
1957,-131.263,-66.6599,1.78E-01,4.27E+01,1.12E+02,9.77E+01
1958,-125.013,-66.6511,5.35E-01,3.07E+01,1.35E+02,4.77E+01
1959,-118.76,-66.6429,9.41E-01,5.36E+01,1.45E+02,3.08E+01
1960,-131.267,-33.3309,1.97E-01,4.25E+01,7.65E+01,1.34E+02
1961,-125.024,-33.3261,6.03E-01,3.76E+01,9.96E+01,8.17E+01
1962,-118.778,-33.3221,1.08E+00,6.10E+01,1.09E+02,6.33E+01
1963,-131.268,-13.3331,2.02E-01,4.23E+01,6.04E+01,1.51E+02
1964,-125.027,-13.3306,6.21E-01,4.53E+01,8.36E+01,9.91E+01
1965,-118.784,-13.3288,1.11E+00,6.83E+01,9.24E+01,8.14E+01
1966,-125.027,-6.66532,6.24E-01,4.84E+01,7.90E+01,1.05E+02
1967,-131.269,-6.66721,2.03E-01,4.22E+01,5.57E+01,1.56E+02
1968,-118.784,-6.66423,1.12E+00,7.13E+01,8.76E+01,8.73E+01
1969,-125.025,-26.661,6.11E-01,3.99E+01,9.39E+01,8.76E+01
1970,-125.026,-19.9958,6.17E-01,4.25E+01,8.86E+01,9.34E+01
1971,-131.268,-26.665,1.99E-01,4.24E+01,7.08E+01,1.40E+02
1972,-131.268,-19.9991,2.01E-01,4.24E+01,6.54E+01,1.46E+02
1973,-118.781,-26.6577,1.09E+00,6.32E+01,1.03E+02,6.95E+01
1974,-118.782,-19.9933,1.10E+00,6.56E+01,9.74E+01,7.55E+01
1975,-131.266,-46.6627,1.91E-01,4.25E+01,8.94E+01,1.21E+02
1976,-125.021,-46.6563,5.82E-01,3.39E+01,1.12E+02,6.90E+01
1977,-118.773,-46.6507,1.03E+00,5.73E+01,1.22E+02,5.07E+01
1978,-125.022,-39.9913,5.94E-01,3.56E+01,1.06E+02,7.55E+01
1979,-131.266,-39.9968,1.94E-01,4.25E+01,8.27E+01,1.28E+02
1980,-118.776,-39.9864,1.06E+00,5.90E+01,1.15E+02,5.71E+01
1981,-125.016,-59.9861,5.53E-01,3.14E+01,1.27E+02,5.52E+01
1982,-125.019,-53.3213,5.69E-01,3.25E+01,1.19E+02,6.23E+01
1983,-131.264,-59.9942,1.83E-01,4.26E+01,1.04E+02,1.06E+02
1984,-131.265,-53.3285,1.87E-01,4.26E+01,9.65E+01,1.14E+02
1985,-118.765,-59.9788,9.77E-01,5.46E+01,1.37E+02,3.74E+01
1986,-118.769,-53.3148,1.01E+00,5.58E+01,1.29E+02,4.41E+01
1987,-131.253,-99.7821,1.30E-01,3.79E+01,1.51E+02,5.15E+01
1988,-124.996,-99.7711,3.83E-01,3.17E+01,1.65E+02,2.13E+01
1989,-118.736,-99.7618,6.56E-01,4.87E+01,1.70E+02,2.58E+01
1990,-131.26,-79.9912,1.63E-01,4.19E+01,1.29E+02,7.84E+01
1991,-125.007,-79.9807,4.88E-01,2.97E+01,1.50E+02,3.22E+01
1992,-118.75,-79.9713,8.50E-01,5.23E+01,1.59E+02,1.96E+01
1993,-125.01,-73.316,5.14E-01,3.02E+01,1.43E+02,3.99E+01
1994,-131.261,-73.3256,1.71E-01,4.27E+01,1.21E+02,8.83E+01
1995,-118.756,-73.3071,8.99E-01,5.29E+01,1.52E+02,2.45E+01
1996,-125,-93.2261,4.24E-01,2.91E+01,1.62E+02,2.24E+01
1997,-125.004,-86.6455,4.58E-01,2.89E+01,1.56E+02,2.60E+01
1998,-131.262,-93.2517,1.43E-01,3.87E+01,1.44E+02,6.22E+01
1999,-131.258,-86.6569,1.54E-01,4.02E+01,1.37E+02,6.98E+01
2000,-118.733,-93.2302,7.29E-01,4.88E+01,1.69E+02,1.99E+01
2001,-118.745,-86.636,7.93E-01,5.09E+01,1.65E+02,1.75E+01
2002,-131.246,-118.74,6.86E-02,2.52E+01,1.45E+02,2.71E+01
2003,-124.988,-118.733,2.01E-01,3.89E+01,1.44E+02,3.39E+01
2004,-118.73,-118.73,3.41E-01,5.14E+01,1.47E+02,4.04E+01
2005,-124.99,-112.48,2.74E-01,3.81E+01,1.55E+02,2.95E+01
2006,-124.993,-106.143,3.35E-01,3.55E+01,1.64E+02,2.32E+01
2007,-131.249,-112.489,9.45E-02,3.11E+01,1.53E+02,3.24E+01
2008,-131.244,-106.167,1.15E-01,3.57E+01,1.55E+02,3.96E+01
2009,-118.731,-112.475,4.65E-01,5.39E+01,1.55E+02,3.85E+01
2010,-118.74,-106.15,5.69E-01,5.20E+01,1.65E+02,3.22E+01
2011,-124.991,-131.243,3.96E-02,1.90E+01,1.35E+02,2.13E+01
2012,-124.986,-124.986,1.17E-01,3.28E+01,1.35E+02,3.04E+01
2013,-131.242,-131.242,1.12E-02,1.15E+01,1.27E+02,1.49E+01
2014,-131.243,-124.991,3.84E-02,1.88E+01,1.35E+02,2.14E+01
2015,-118.74,-131.246,7.16E-02,2.60E+01,1.44E+02,2.61E+01
2016,-118.732,-124.987,2.03E-01,3.97E+01,1.45E+02,3.35E+01
2017,118.75,137.5,0.00E+00,9.42E+01,1.74E+01,2.39E+02
2018,125,137.5,0.00E+00,9.26E+01,1.22E+01,2.14E+02
2019,131.25,137.5,0.00E+00,8.37E+01,7.86E+00,1.75E+02
2020,137.5,137.5,0.00E+00,7.62E+01,6.47E+00,1.50E+02
2021,137.5,131.25,0.00E+00,8.31E+01,7.81E+00,1.74E+02
2022,137.5,125,0.00E+00,9.04E+01,1.16E+01,2.10E+02
2023,137.5,118.75,0.00E+00,8.97E+01,1.62E+01,2.31E+02
2024,137.5,112.5,0.00E+00,8.61E+01,1.90E+01,2.44E+02
2025,137.5,106.25,0.00E+00,7.99E+01,1.99E+01,2.52E+02
2026,137.5,100,0.00E+00,7.18E+01,1.93E+01,2.56E+02
2027,137.5,93.3333,0.00E+00,6.24E+01,1.81E+01,2.57E+02
2028,137.5,86.6667,0.00E+00,5.21E+01,1.63E+01,2.56E+02
2029,137.5,80,0.00E+00,4.20E+01,1.40E+01,2.54E+02
2030,137.5,73.3333,0.00E+00,3.20E+01,1.18E+01,2.50E+02
2031,137.5,66.6667,0.00E+00,2.27E+01,9.75E+00,2.46E+02
2032,137.5,60,0.00E+00,1.42E+01,8.01E+00,2.41E+02
2033,137.5,53.3333,0.00E+00,8.17E+00,6.99E+00,2.37E+02
2034,137.5,46.6667,0.00E+00,7.77E+00,7.36E+00,2.32E+02
2035,137.5,40,0.00E+00,1.25E+01,9.22E+00,2.28E+02
2036,137.5,33.3333,0.00E+00,1.85E+01,1.21E+01,2.23E+02
2037,137.5,26.6667,0.00E+00,2.44E+01,1.55E+01,2.18E+02
2038,137.5,20,0.00E+00,2.99E+01,1.93E+01,2.13E+02
2039,137.5,13.3333,0.00E+00,3.49E+01,2.34E+01,2.08E+02
2040,137.5,6.66667,0.00E+00,3.95E+01,2.77E+01,2.03E+02
2041,137.5,0,0.00E+00,4.37E+01,3.22E+01,1.98E+02
2042,137.5,-6.66667,0.00E+00,4.76E+01,3.69E+01,1.92E+02
2043,137.5,-13.3333,0.00E+00,5.11E+01,4.19E+01,1.87E+02
2044,137.5,-20,0.00E+00,5.42E+01,4.71E+01,1.81E+02
2045,137.5,-26.6667,0.00E+00,5.70E+01,5.26E+01,1.75E+02
2046,137.5,-33.3333,0.00E+00,5.95E+01,5.84E+01,1.68E+02
2047,137.5,-40,0.00E+00,6.17E+01,6.45E+01,1.62E+02
2048,137.5,-46.6667,0.00E+00,6.35E+01,7.09E+01,1.55E+02
2049,137.5,-53.3333,0.00E+00,6.50E+01,7.77E+01,1.47E+02
2050,137.5,-60,0.00E+00,6.59E+01,8.49E+01,1.40E+02
2051,137.5,-66.6667,0.00E+00,6.61E+01,9.24E+01,1.32E+02
2052,137.5,-73.3333,0.00E+00,6.57E+01,1.00E+02,1.23E+02
2053,137.5,-80,0.00E+00,6.46E+01,1.08E+02,1.13E+02
2054,137.5,-86.6667,0.00E+00,6.20E+01,1.16E+02,1.01E+02
2055,137.5,-93.3333,0.00E+00,5.80E+01,1.23E+02,8.80E+01
2056,137.5,-100,0.00E+00,5.27E+01,1.29E+02,7.34E+01
2057,137.5,-106.25,0.00E+00,4.52E+01,1.34E+02,5.79E+01
2058,137.5,-112.5,0.00E+00,3.42E+01,1.36E+02,4.12E+01
2059,137.5,-118.75,0.00E+00,2.03E+01,1.35E+02,2.52E+01
2060,137.5,-125,0.00E+00,1.02E+01,1.30E+02,1.56E+01
2061,137.5,-131.25,0.00E+00,6.72E+00,1.14E+02,1.07E+01
2062,137.5,-137.5,0.00E+00,5.94E+00,1.03E+02,8.10E+00
2063,131.25,-137.5,0.00E+00,6.66E+00,1.14E+02,1.06E+01
2064,125,-137.5,0.00E+00,1.03E+01,1.26E+02,1.62E+01
2065,118.75,-137.5,0.00E+00,2.06E+01,1.26E+02,2.70E+01
2066,131.268,-0.00134337,2.09E-01,4.04E+01,4.94E+01,1.61E+02
2067,125.027,-0.000573976,6.26E-01,5.34E+01,7.18E+01,1.12E+02
2068,118.784,-0.000862309,1.11E+00,7.64E+01,8.03E+01,9.49E+01
2069,131.263,73.3234,1.86E-01,6.84E+01,2.01E+01,2.19E+02
2070,125.013,73.3157,5.42E-01,1.19E+02,3.35E+01,1.78E+02
2071,118.76,73.3072,9.39E-01,1.40E+02,4.20E+01,1.68E+02
2072,131.246,106.157,1.40E-01,1.06E+02,2.04E+01,2.26E+02
2073,124.997,106.129,3.90E-01,1.40E+02,2.56E+01,1.92E+02
2074,118.745,106.142,6.39E-01,1.49E+02,3.31E+01,1.82E+02
2075,131.248,124.991,7.58E-02,9.82E+01,1.79E+01,1.94E+02
2076,124.988,124.989,1.86E-01,1.13E+02,2.56E+01,1.78E+02
2077,118.733,124.991,2.73E-01,1.27E+02,2.69E+01,1.83E+02
2078,124.99,131.248,7.32E-02,9.99E+01,1.81E+01,1.96E+02
2079,131.244,131.245,3.16E-02,8.86E+01,1.23E+01,1.80E+02
2080,118.738,131.251,1.01E-01,1.10E+02,2.02E+01,2.15E+02
2081,124.994,112.45,3.40E-01,1.35E+02,2.60E+01,1.88E+02
2082,124.991,118.733,2.74E-01,1.25E+02,2.68E+01,1.81E+02
2083,131.25,112.468,1.25E-01,1.08E+02,2.02E+01,2.20E+02
2084,131.251,118.739,1.05E-01,1.05E+02,1.95E+01,2.09E+02
2085,118.736,112.455,5.44E-01,1.42E+02,3.25E+01,1.77E+02
2086,118.731,118.731,4.24E-01,1.33E+02,3.17E+01,1.75E+02
2087,131.266,93.2413,1.63E-01,9.42E+01,2.04E+01,2.29E+02
2088,125.004,93.2121,4.65E-01,1.38E+02,2.80E+01,1.92E+02
2089,118.737,93.2236,7.87E-01,1.53E+02,3.67E+01,1.83E+02
2090,125.001,99.7075,4.31E-01,1.40E+02,2.63E+01,1.94E+02
2091,131.257,99.7399,1.52E-01,1.01E+02,2.04E+01,2.29E+02
2092,118.74,99.7229,7.18E-01,1.53E+02,3.47E+01,1.84E+02
2093,125.01,79.981,5.20E-01,1.26E+02,3.16E+01,1.84E+02
2094,125.007,86.6163,4.95E-01,1.33E+02,2.98E+01,1.89E+02
2095,131.261,79.9893,1.80E-01,7.73E+01,2.03E+01,2.23E+02
2096,131.263,86.6351,1.72E-01,8.61E+01,2.04E+01,2.27E+02
2097,118.755,79.9721,8.96E-01,1.46E+02,4.00E+01,1.74E+02
2098,118.747,86.6174,8.46E-01,1.50E+02,3.84E+01,1.80E+02
2099,131.267,39.9941,2.04E-01,4.01E+01,2.60E+01,1.93E+02
2100,125.023,39.9904,6.07E-01,8.34E+01,4.80E+01,1.47E+02
2101,118.777,39.9856,1.07E+00,1.06E+02,5.68E+01,1.33E+02
2102,131.265,59.9916,1.95E-01,5.16E+01,2.06E+01,2.09E+02
2103,125.018,59.9855,5.75E-01,1.04E+02,3.84E+01,1.65E+02
2104,118.768,59.9784,1.01E+00,1.26E+02,4.71E+01,1.54E+02
2105,125.016,66.6506,5.60E-01,1.12E+02,3.57E+01,1.72E+02
2106,131.264,66.6575,1.91E-01,5.98E+01,2.02E+01,2.14E+02
2107,118.764,66.6427,9.75E-01,1.33E+02,4.44E+01,1.61E+02
2108,125.022,46.6554,5.98E-01,8.99E+01,4.46E+01,1.53E+02
2109,125.02,53.3205,5.88E-01,9.68E+01,4.13E+01,1.59E+02
2110,131.266,46.66,2.02E-01,4.11E+01,2.33E+01,1.98E+02
2111,131.266,53.3258,1.99E-01,4.48E+01,2.15E+01,2.03E+02
2112,118.775,46.6499,1.06E+00,1.12E+02,5.34E+01,1.40E+02
2113,118.771,53.3141,1.03E+00,1.19E+02,5.02E+01,1.47E+02
2114,131.268,19.9964,2.09E-01,4.02E+01,3.66E+01,1.77E+02
2115,125.026,19.995,6.24E-01,6.67E+01,5.92E+01,1.29E+02
2116,118.782,19.9926,1.11E+00,8.92E+01,6.79E+01,1.13E+02
2117,125.026,26.6602,6.20E-01,7.18E+01,5.53E+01,1.35E+02
2118,125.025,33.3253,6.14E-01,7.74E+01,5.16E+01,1.41E+02
2119,131.268,26.6623,2.08E-01,4.01E+01,3.28E+01,1.83E+02
2120,131.267,33.3282,2.06E-01,4.01E+01,2.92E+01,1.88E+02
2121,118.781,26.657,1.10E+00,9.42E+01,6.41E+01,1.20E+02
2122,118.779,33.3213,1.09E+00,9.97E+01,6.04E+01,1.26E+02
2123,125.027,6.66463,6.27E-01,5.75E+01,6.74E+01,1.17E+02
2124,125.027,13.3298,6.26E-01,6.19E+01,6.32E+01,1.23E+02
2125,131.268,6.66458,2.09E-01,4.04E+01,4.49E+01,1.67E+02
2126,131.268,13.3305,2.09E-01,4.03E+01,4.07E+01,1.72E+02
2127,118.784,6.66363,1.12E+00,8.03E+01,7.61E+01,1.01E+02
2128,118.783,13.3281,1.11E+00,8.46E+01,7.19E+01,1.07E+02
2129,131.262,-66.6601,1.80E-01,3.97E+01,1.08E+02,9.70E+01
2130,125.014,-66.6518,5.31E-01,2.84E+01,1.28E+02,4.91E+01
2131,118.761,-66.6445,9.31E-01,5.05E+01,1.37E+02,3.22E+01
2132,131.266,-33.3308,2.01E-01,4.02E+01,7.49E+01,1.32E+02
2133,125.023,-33.3264,5.99E-01,3.72E+01,9.66E+01,8.21E+01
2134,118.777,-33.323,1.06E+00,6.04E+01,1.05E+02,6.44E+01
2135,131.268,-13.3331,2.07E-01,4.04E+01,5.88E+01,1.50E+02
2136,125.026,-13.3309,6.20E-01,4.62E+01,8.10E+01,1.00E+02
2137,118.782,-13.3298,1.10E+00,6.93E+01,8.95E+01,8.28E+01
2138,125.027,-6.66575,6.24E-01,4.97E+01,7.63E+01,1.06E+02
2139,131.268,-6.66725,2.08E-01,4.05E+01,5.40E+01,1.56E+02
2140,118.783,-6.66534,1.11E+00,7.27E+01,8.48E+01,8.89E+01
2141,125.024,-26.6612,6.07E-01,3.99E+01,9.11E+01,8.82E+01
2142,125.025,-19.9962,6.14E-01,4.29E+01,8.59E+01,9.42E+01
2143,131.267,-26.6649,2.03E-01,4.03E+01,6.93E+01,1.38E+02
2144,131.267,-19.9991,2.05E-01,4.04E+01,6.39E+01,1.44E+02
2145,118.779,-26.6586,1.08E+00,6.31E+01,9.97E+01,7.06E+01
2146,118.781,-19.9943,1.09E+00,6.61E+01,9.45E+01,7.68E+01
2147,131.265,-46.6626,1.94E-01,4.01E+01,8.71E+01,1.19E+02
2148,125.02,-46.6566,5.77E-01,3.26E+01,1.09E+02,6.95E+01
2149,118.772,-46.6517,1.02E+00,5.56E+01,1.17E+02,5.18E+01
2150,125.022,-39.9915,5.89E-01,3.48E+01,1.02E+02,7.59E+01
2151,131.266,-39.9967,1.98E-01,4.01E+01,8.09E+01,1.26E+02
2152,118.775,-39.9874,1.04E+00,5.79E+01,1.11E+02,5.82E+01
2153,125.016,-59.9867,5.49E-01,2.94E+01,1.22E+02,5.61E+01
2154,125.018,-53.3217,5.64E-01,3.08E+01,1.15E+02,6.29E+01
2155,131.263,-59.9942,1.86E-01,3.99E+01,1.01E+02,1.05E+02
2156,131.264,-53.3285,1.90E-01,4.00E+01,9.37E+01,1.12E+02
2157,118.765,-59.9802,9.65E-01,5.18E+01,1.30E+02,3.87E+01
2158,118.769,-53.316,9.94E-01,5.35E+01,1.24E+02,4.53E+01
2159,131.254,-99.7835,1.33E-01,3.50E+01,1.39E+02,4.71E+01
2160,124.998,-99.7738,3.81E-01,3.06E+01,1.51E+02,1.96E+01
2161,118.739,-99.7664,6.54E-01,5.01E+01,1.55E+02,1.96E+01
2162,131.26,-79.9918,1.67E-01,3.91E+01,1.22E+02,7.97E+01
2163,125.008,-79.9822,4.87E-01,2.81E+01,1.41E+02,3.49E+01
2164,118.753,-79.9739,8.47E-01,4.92E+01,1.49E+02,2.05E+01
2165,125.011,-73.317,5.11E-01,2.80E+01,1.35E+02,4.21E+01
2166,131.261,-73.326,1.74E-01,3.95E+01,1.15E+02,8.88E+01
2167,118.757,-73.3091,8.92E-01,4.96E+01,1.44E+02,2.59E+01
2168,125.002,-93.2288,4.24E-01,3.00E+01,1.50E+02,2.23E+01
2169,125.005,-86.6478,4.59E-01,2.89E+01,1.46E+02,2.78E+01
2170,131.263,-93.2528,1.47E-01,3.70E+01,1.34E+02,5.82E+01
2171,131.258,-86.6577,1.58E-01,3.83E+01,1.29E+02,6.94E+01
2172,118.737,-93.2348,7.31E-01,5.07E+01,1.56E+02,1.69E+01
2173,118.748,-86.6395,7.94E-01,4.98E+01,1.54E+02,1.69E+01
2174,131.247,-118.74,7.20E-02,2.34E+01,1.35E+02,2.55E+01
2175,124.989,-118.734,2.07E-01,3.53E+01,1.35E+02,3.08E+01
2176,118.733,-118.731,3.57E-01,4.43E+01,1.39E+02,3.28E+01
2177,124.992,-112.481,2.75E-01,3.24E+01,1.45E+02,2.40E+01
2178,124.995,-106.145,3.32E-01,3.08E+01,1.49E+02,1.99E+01
2179,131.249,-112.49,9.67E-02,2.81E+01,1.40E+02,3.03E+01
2180,131.245,-106.169,1.16E-01,3.21E+01,1.41E+02,3.74E+01
2181,118.734,-112.476,4.68E-01,4.30E+01,1.46E+02,2.53E+01
2182,118.743,-106.153,5.65E-01,4.58E+01,1.52E+02,2.15E+01
2183,124.992,-131.244,4.13E-02,1.94E+01,1.22E+02,2.27E+01
2184,124.988,-124.988,1.24E-01,3.26E+01,1.24E+02,3.17E+01
2185,131.243,-131.243,1.16E-02,1.10E+01,1.16E+02,1.48E+01
2186,131.244,-124.991,4.10E-02,1.81E+01,1.25E+02,2.13E+01
2187,118.742,-131.248,7.93E-02,2.91E+01,1.28E+02,3.14E+01
2188,118.736,-124.99,2.23E-01,4.13E+01,1.33E+02,3.64E+01
