NodeID,Y,Z,Displacement,Stress_L1,Stress_L2,Stress_L4
2,99.9755,-99.9756,2.30E+00,6.81E+01,2.51E+01,8.21E+01
3,99.9775,-93.3067,2.46E+00,6.89E+01,2.60E+01,8.31E+01
4,99.9807,-86.639,2.61E+00,6.84E+01,2.71E+01,8.27E+01
5,99.9849,-79.9723,2.76E+00,6.68E+01,2.82E+01,8.10E+01
6,99.99,-73.3065,2.89E+00,6.41E+01,2.94E+01,7.82E+01
7,99.9956,-66.6417,3.01E+00,6.09E+01,3.05E+01,7.47E+01
8,100.001,-59.9773,3.11E+00,5.75E+01,3.17E+01,7.08E+01
9,100.007,-53.3132,3.21E+00,5.43E+01,3.28E+01,6.68E+01
10,100.013,-46.6494,3.30E+00,5.13E+01,3.39E+01,6.28E+01
11,100.018,-39.9856,3.37E+00,4.88E+01,3.50E+01,5.89E+01
12,100.023,-33.3218,3.44E+00,4.69E+01,3.61E+01,5.51E+01
13,100.027,-26.658,3.49E+00,4.54E+01,3.72E+01,5.14E+01
14,100.03,-19.994,3.53E+00,4.43E+01,3.83E+01,4.77E+01
15,100.032,-13.3299,3.56E+00,4.35E+01,3.94E+01,4.41E+01
16,100.033,-6.6658,3.58E+00,4.31E+01,4.06E+01,4.06E+01
17,100.033,-0.00169369,3.58E+00,4.28E+01,4.20E+01,3.71E+01
18,100.032,6.66236,3.57E+00,4.26E+01,4.35E+01,3.38E+01
19,100.03,13.3263,3.54E+00,4.24E+01,4.52E+01,3.06E+01
20,100.027,19.9902,3.51E+00,4.23E+01,4.72E+01,2.75E+01
21,100.023,26.654,3.46E+00,4.22E+01,4.95E+01,2.46E+01
22,100.018,33.3176,3.40E+00,4.20E+01,5.21E+01,2.17E+01
23,100.013,39.9812,3.33E+00,4.18E+01,5.51E+01,1.90E+01
24,100.007,46.6447,3.25E+00,4.15E+01,5.84E+01,1.64E+01
25,100.001,53.3083,3.15E+00,4.11E+01,6.21E+01,1.40E+01
26,99.9951,59.9721,3.05E+00,4.06E+01,6.60E+01,1.18E+01
27,99.989,66.6363,2.94E+00,4.00E+01,6.99E+01,9.90E+00
28,99.9834,73.3011,2.81E+00,3.92E+01,7.35E+01,8.33E+00
29,99.9784,79.9667,2.68E+00,3.84E+01,7.64E+01,7.21E+00
30,99.9744,86.6333,2.54E+00,3.74E+01,7.82E+01,6.59E+00
31,99.9716,93.3011,2.38E+00,3.65E+01,7.87E+01,6.48E+00
32,99.9701,99.9701,2.22E+00,3.55E+01,7.79E+01,6.74E+00
33,93.301,99.9715,2.38E+00,3.64E+01,7.90E+01,6.47E+00
34,86.6332,99.9742,2.53E+00,3.73E+01,7.87E+01,6.58E+00
35,79.9664,99.9781,2.68E+00,3.82E+01,7.71E+01,7.19E+00
36,73.3007,99.983,2.81E+00,3.90E+01,7.43E+01,8.32E+00
37,66.6359,99.9886,2.93E+00,3.98E+01,7.07E+01,9.89E+00
38,59.9717,99.9947,3.05E+00,4.04E+01,6.68E+01,1.18E+01
39,53.3078,100.001,3.15E+00,4.09E+01,6.28E+01,1.40E+01
40,46.6442,100.007,3.24E+00,4.13E+01,5.90E+01,1.64E+01
41,39.9807,100.013,3.33E+00,4.15E+01,5.56E+01,1.90E+01
42,33.3172,100.018,3.40E+00,4.17E+01,5.25E+01,2.18E+01
43,26.6536,100.023,3.46E+00,4.19E+01,4.99E+01,2.46E+01
44,19.9899,100.026,3.51E+00,4.20E+01,4.75E+01,2.76E+01
45,13.326,100.029,3.54E+00,4.21E+01,4.55E+01,3.07E+01
46,6.66208,100.032,3.57E+00,4.22E+01,4.37E+01,3.39E+01
47,-0.00194883,100.033,3.58E+00,4.24E+01,4.22E+01,3.72E+01
48,-6.66603,100.033,3.58E+00,4.27E+01,4.08E+01,4.06E+01
49,-13.3301,100.032,3.57E+00,4.31E+01,3.96E+01,4.41E+01
50,-19.9942,100.03,3.54E+00,4.39E+01,3.85E+01,4.77E+01
51,-26.6582,100.027,3.50E+00,4.49E+01,3.74E+01,5.13E+01
52,-33.322,100.023,3.45E+00,4.64E+01,3.63E+01,5.50E+01
53,-39.9858,100.018,3.38E+00,4.84E+01,3.52E+01,5.87E+01
54,-46.6496,100.013,3.31E+00,5.08E+01,3.41E+01,6.26E+01
55,-53.3133,100.007,3.22E+00,5.37E+01,3.29E+01,6.65E+01
56,-59.9773,100.002,3.12E+00,5.70E+01,3.18E+01,7.04E+01
57,-66.6417,99.9957,3.01E+00,6.04E+01,3.06E+01,7.43E+01
58,-73.3065,99.99,2.89E+00,6.36E+01,2.94E+01,7.79E+01
59,-79.9721,99.9848,2.76E+00,6.63E+01,2.82E+01,8.07E+01
60,-86.6388,99.9806,2.62E+00,6.81E+01,2.71E+01,8.25E+01
61,-93.3064,99.9773,2.47E+00,6.86E+01,2.60E+01,8.29E+01
62,-99.9753,99.9753,2.30E+00,6.80E+01,2.51E+01,8.20E+01
63,-99.9773,93.3063,2.47E+00,6.88E+01,2.60E+01,8.31E+01
64,-99.9804,86.6385,2.62E+00,6.85E+01,2.70E+01,8.28E+01
65,-99.9846,79.9717,2.76E+00,6.68E+01,2.82E+01,8.12E+01
66,-99.9897,73.306,2.89E+00,6.42E+01,2.93E+01,7.83E+01
67,-99.9954,66.6411,3.01E+00,6.09E+01,3.05E+01,7.48E+01
68,-100.001,59.9767,3.12E+00,5.75E+01,3.17E+01,7.08E+01
69,-100.007,53.3128,3.22E+00,5.41E+01,3.28E+01,6.67E+01
70,-100.013,46.649,3.31E+00,5.11E+01,3.39E+01,6.27E+01
71,-100.018,39.9852,3.38E+00,4.86E+01,3.50E+01,5.87E+01
72,-100.023,33.3214,3.45E+00,4.66E+01,3.61E+01,5.49E+01
73,-100.027,26.6576,3.50E+00,4.51E+01,3.72E+01,5.12E+01
74,-100.03,19.9936,3.54E+00,4.41E+01,3.83E+01,4.75E+01
75,-100.032,13.3296,3.57E+00,4.34E+01,3.94E+01,4.39E+01
76,-100.033,6.66554,3.58E+00,4.29E+01,4.06E+01,4.04E+01
77,-100.033,0.00147109,3.58E+00,4.26E+01,4.20E+01,3.70E+01
78,-100.032,-6.66255,3.57E+00,4.24E+01,4.35E+01,3.37E+01
79,-100.03,-13.3264,3.55E+00,4.23E+01,4.52E+01,3.05E+01
80,-100.027,-19.9903,3.51E+00,4.21E+01,4.72E+01,2.74E+01
81,-100.023,-26.654,3.46E+00,4.20E+01,4.95E+01,2.45E+01
82,-100.018,-33.3175,3.40E+00,4.18E+01,5.22E+01,2.16E+01
83,-100.013,-39.9811,3.33E+00,4.16E+01,5.53E+01,1.89E+01
84,-100.007,-46.6446,3.25E+00,4.13E+01,5.87E+01,1.63E+01
85,-100.001,-53.3081,3.15E+00,4.10E+01,6.25E+01,1.39E+01
86,-99.995,-59.9718,3.05E+00,4.05E+01,6.65E+01,1.18E+01
87,-99.9889,-66.636,2.94E+00,3.98E+01,7.05E+01,9.85E+00
88,-99.9832,-73.3007,2.81E+00,3.91E+01,7.41E+01,8.31E+00
89,-99.9782,-79.9664,2.68E+00,3.82E+01,7.70E+01,7.21E+00
90,-99.9743,-86.633,2.53E+00,3.73E+01,7.87E+01,6.64E+00
91,-99.9715,-93.3008,2.38E+00,3.64E+01,7.90E+01,6.57E+00
92,-99.97,-99.9699,2.21E+00,3.55E+01,7.80E+01,6.86E+00
93,-93.3011,-99.9715,2.38E+00,3.64E+01,7.88E+01,6.57E+00
94,-86.6335,-99.9743,2.53E+00,3.74E+01,7.83E+01,6.65E+00
95,-79.9669,-99.9784,2.68E+00,3.83E+01,7.64E+01,7.24E+00
96,-73.3013,-99.9834,2.81E+00,3.92E+01,7.34E+01,8.35E+00
97,-66.6367,-99.9892,2.93E+00,3.99E+01,6.98E+01,9.90E+00
98,-59.9726,-99.9953,3.05E+00,4.06E+01,6.58E+01,1.18E+01
99,-53.3088,-100.002,3.15E+00,4.11E+01,6.19E+01,1.40E+01
100,-46.6453,-100.008,3.24E+00,4.15E+01,5.82E+01,1.64E+01
101,-39.9818,-100.013,3.33E+00,4.18E+01,5.48E+01,1.89E+01
102,-33.3183,-100.019,3.40E+00,4.20E+01,5.19E+01,2.16E+01
103,-26.6547,-100.023,3.46E+00,4.22E+01,4.92E+01,2.44E+01
104,-19.991,-100.027,3.51E+00,4.24E+01,4.70E+01,2.74E+01
105,-13.3271,-100.03,3.54E+00,4.25E+01,4.50E+01,3.04E+01
106,-6.66317,-100.032,3.57E+00,4.27E+01,4.33E+01,3.36E+01
107,0.000886376,-100.033,3.58E+00,4.29E+01,4.18E+01,3.69E+01
108,6.66499,-100.033,3.58E+00,4.32E+01,4.05E+01,4.03E+01
109,13.3291,-100.032,3.56E+00,4.37E+01,3.93E+01,4.39E+01
110,19.9931,-100.03,3.54E+00,4.44E+01,3.81E+01,4.75E+01
111,26.6571,-100.027,3.50E+00,4.55E+01,3.70E+01,5.13E+01
112,33.321,-100.023,3.44E+00,4.70E+01,3.60E+01,5.51E+01
113,39.9848,-100.018,3.38E+00,4.90E+01,3.49E+01,5.89E+01
114,46.6486,-100.013,3.30E+00,5.15E+01,3.38E+01,6.29E+01
115,53.3124,-100.007,3.22E+00,5.45E+01,3.27E+01,6.69E+01
116,59.9764,-100.001,3.12E+00,5.78E+01,3.16E+01,7.10E+01
117,66.6409,-99.9952,3.01E+00,6.12E+01,3.04E+01,7.49E+01
118,73.3059,-99.9896,2.89E+00,6.44E+01,2.93E+01,7.85E+01
119,79.9717,-99.9846,2.76E+00,6.70E+01,2.81E+01,8.13E+01
120,86.6385,-99.9805,2.62E+00,6.86E+01,2.70E+01,8.29E+01
121,93.3065,-99.9775,2.46E+00,6.89E+01,2.60E+01,8.32E+01
122,-93.367,0.00165235,3.97E+00,4.44E+01,4.33E+01,3.76E+01
123,-86.7008,0.00183997,4.36E+00,4.65E+01,4.48E+01,3.81E+01
124,-80.0345,0.00202964,4.76E+00,4.89E+01,4.65E+01,3.87E+01
125,-73.3682,0.00221848,5.18E+00,5.17E+01,4.84E+01,3.91E+01
126,-66.702,0.002395,5.60E+00,5.52E+01,5.07E+01,3.95E+01
127,-60.0359,0.00255047,6.04E+00,5.95E+01,5.35E+01,3.99E+01
128,-53.37,0.00265303,6.50E+00,6.51E+01,5.71E+01,4.03E+01
129,-46.7046,0.00267532,6.98E+00,7.24E+01,6.18E+01,4.06E+01
130,-40.0396,0.00252202,7.48E+00,8.27E+01,6.83E+01,4.10E+01
131,-33.3754,0.00209334,8.02E+00,9.74E+01,7.79E+01,4.18E+01
132,-26.7126,0.00105086,8.59E+00,1.20E+02,9.29E+01,4.43E+01
133,-20.052,-0.00109063,9.21E+00,1.60E+02,1.19E+02,5.25E+01
134,-13.3967,-0.00620884,9.91E+00,2.47E+02,1.77E+02,6.88E+01
135,-6.73479,-0.0128191,1.07E+01,4.27E+02,2.95E+02,8.54E+01
136,0.00118397,-0.000829373,1.12E+01,5.43E+02,3.73E+02,9.09E+01
137,6.73554,0.0116924,1.07E+01,4.27E+02,2.95E+02,8.66E+01
138,13.396,0.00559026,9.89E+00,2.49E+02,1.77E+02,7.22E+01
139,20.0509,0.000644852,9.19E+00,1.61E+02,1.20E+02,5.46E+01
140,26.7115,-0.00142831,8.57E+00,1.22E+02,9.39E+01,4.59E+01
141,33.3744,-0.00242739,8.00E+00,9.83E+01,7.87E+01,4.31E+01
142,40.0387,-0.00282977,7.46E+00,8.32E+01,6.90E+01,4.21E+01
143,46.7037,-0.00296777,6.96E+00,7.28E+01,6.23E+01,4.15E+01
144,53.3692,-0.00293549,6.48E+00,6.54E+01,5.75E+01,4.10E+01
145,60.0351,-0.00282581,6.03E+00,5.98E+01,5.38E+01,4.05E+01
146,66.7012,-0.00266239,5.59E+00,5.54E+01,5.09E+01,4.01E+01
147,73.3675,-0.00247699,5.16E+00,5.19E+01,4.86E+01,3.96E+01
148,80.0338,-0.00227874,4.75E+00,4.91E+01,4.66E+01,3.90E+01
149,86.7002,-0.00207941,4.35E+00,4.67E+01,4.49E+01,3.84E+01
150,93.3664,-0.00188163,3.96E+00,4.46E+01,4.34E+01,3.78E+01
151,0.0115325,6.7317,1.07E+01,4.30E+02,3.00E+02,8.55E+01
152,0.00452177,13.3942,9.89E+00,2.49E+02,1.83E+02,7.02E+01
153,-0.000208613,20.0504,9.20E+00,1.58E+02,1.22E+02,5.50E+01
154,-0.00231754,26.7113,8.57E+00,1.19E+02,9.49E+01,4.72E+01
155,-0.00328877,33.3743,8.00E+00,9.61E+01,7.93E+01,4.43E+01
156,-0.00362911,40.0386,7.47E+00,8.16E+01,6.94E+01,4.29E+01
157,-0.00369828,46.7037,6.97E+00,7.16E+01,6.26E+01,4.21E+01
158,-0.00359613,53.3692,6.49E+00,6.44E+01,5.77E+01,4.15E+01
159,-0.00342023,60.0351,6.03E+00,5.90E+01,5.40E+01,4.09E+01
160,-0.0031938,66.7013,5.59E+00,5.47E+01,5.12E+01,4.04E+01
161,-0.00294984,73.3675,5.17E+00,5.14E+01,4.88E+01,3.98E+01
162,-0.00269559,80.0339,4.76E+00,4.86E+01,4.68E+01,3.92E+01
163,-0.00244197,86.7002,4.36E+00,4.62E+01,4.51E+01,3.86E+01
164,-0.00219353,93.3665,3.96E+00,4.42E+01,4.36E+01,3.79E+01
165,-53.3705,6.66562,6.50E+00,6.41E+01,5.52E+01,5.08E+01
166,-53.3665,13.3286,6.45E+00,6.40E+01,5.38E+01,6.33E+01
167,-53.3587,19.9912,6.35E+00,6.62E+01,5.22E+01,7.69E+01
168,-53.348,26.653,6.20E+00,7.19E+01,5.01E+01,9.08E+01
169,-53.3362,33.3147,6.02E+00,8.05E+01,4.75E+01,1.04E+02
170,-53.325,39.9773,5.81E+00,8.96E+01,4.49E+01,1.15E+02
171,-53.3158,46.642,5.57E+00,9.54E+01,4.26E+01,1.20E+02
172,-53.3098,53.3095,5.31E+00,9.53E+01,4.08E+01,1.19E+02
173,-53.307,59.9794,5.03E+00,8.97E+01,3.96E+01,1.12E+02
174,-53.3063,66.6509,4.75E+00,8.17E+01,3.86E+01,1.02E+02
175,-53.3069,73.3228,4.45E+00,7.36E+01,3.76E+01,9.24E+01
176,-53.3081,79.9946,4.15E+00,6.67E+01,3.66E+01,8.38E+01
177,-53.3097,86.6661,3.84E+00,6.12E+01,3.54E+01,7.67E+01
178,-53.3115,93.3371,3.53E+00,5.70E+01,3.42E+01,7.10E+01
179,-59.9873,46.641,5.26E+00,8.58E+01,4.14E+01,1.08E+02
180,-66.6593,46.6414,4.94E+00,7.63E+01,4.03E+01,9.65E+01
181,-73.331,46.6425,4.62E+00,6.84E+01,3.92E+01,8.63E+01
182,-80.0024,46.644,4.29E+00,6.22E+01,3.79E+01,7.82E+01
183,-86.6732,46.6456,3.97E+00,5.75E+01,3.66E+01,7.18E+01
184,-93.3434,46.6473,3.64E+00,5.39E+01,3.53E+01,6.67E+01
185,-73.3398,39.9797,4.77E+00,6.26E+01,4.07E+01,7.91E+01
186,-73.3483,33.3171,4.90E+00,5.77E+01,4.22E+01,7.18E+01
187,-73.3558,26.6545,5.01E+00,5.43E+01,4.35E+01,6.46E+01
188,-73.362,19.9917,5.09E+00,5.23E+01,4.47E+01,5.77E+01
189,-73.3663,13.3286,5.15E+00,5.15E+01,4.58E+01,5.10E+01
190,-73.3683,6.6654,5.18E+00,5.14E+01,4.70E+01,4.48E+01
191,-66.6872,26.6539,5.40E+00,5.84E+01,4.55E+01,7.08E+01
192,-60.0179,26.6534,5.80E+00,6.40E+01,4.76E+01,7.92E+01
193,-66.6783,33.3161,5.27E+00,6.31E+01,4.39E+01,7.96E+01
194,-66.6687,39.9785,5.12E+00,6.94E+01,4.22E+01,8.83E+01
195,-60.0076,33.3153,5.64E+00,7.04E+01,4.57E+01,9.00E+01
196,-59.997,39.9776,5.46E+00,7.84E+01,4.36E+01,1.00E+02
197,-66.6997,13.3285,5.57E+00,5.47E+01,4.80E+01,5.39E+01
198,-60.0331,13.3285,6.00E+00,5.87E+01,5.05E+01,5.78E+01
199,-66.6946,19.9914,5.50E+00,5.57E+01,4.68E+01,6.22E+01
200,-60.0268,19.9912,5.92E+00,6.02E+01,4.92E+01,6.83E+01
201,-66.7023,6.66543,5.60E+00,5.47E+01,4.92E+01,4.63E+01
202,-60.0363,6.66549,6.04E+00,5.88E+01,5.18E+01,4.82E+01
203,-93.3596,26.6568,3.87E+00,4.68E+01,3.86E+01,5.35E+01
204,-86.6921,26.656,4.24E+00,4.87E+01,4.01E+01,5.64E+01
205,-80.0242,26.6552,4.62E+00,5.12E+01,4.18E+01,6.00E+01
206,-86.6866,33.3192,4.17E+00,5.08E+01,3.90E+01,6.14E+01
207,-86.6802,39.9824,4.07E+00,5.37E+01,3.78E+01,6.65E+01
208,-93.355,33.3203,3.81E+00,4.85E+01,3.75E+01,5.78E+01
209,-93.3495,39.9838,3.73E+00,5.08E+01,3.64E+01,6.22E+01
210,-80.0177,33.3181,4.53E+00,5.38E+01,4.06E+01,6.59E+01
211,-80.0103,39.981,4.42E+00,5.75E+01,3.93E+01,7.20E+01
212,-93.3658,13.3293,3.95E+00,4.50E+01,4.08E+01,4.53E+01
213,-86.6994,13.329,4.34E+00,4.68E+01,4.23E+01,4.69E+01
214,-80.0329,13.3288,4.74E+00,4.89E+01,4.40E+01,4.87E+01
215,-86.6965,19.9926,4.30E+00,4.75E+01,4.12E+01,5.15E+01
216,-93.3633,19.9931,3.92E+00,4.56E+01,3.97E+01,4.93E+01
217,-80.0293,19.9921,4.69E+00,4.96E+01,4.29E+01,5.43E+01
218,-86.7009,6.66543,4.36E+00,4.65E+01,4.35E+01,4.24E+01
219,-93.367,6.66548,3.97E+00,4.46E+01,4.20E+01,4.13E+01
220,-80.0346,6.66541,4.76E+00,4.88E+01,4.51E+01,4.35E+01
221,-59.9716,73.3154,4.27E+00,7.85E+01,3.59E+01,9.73E+01
222,-66.638,73.3096,4.07E+00,8.11E+01,3.44E+01,9.96E+01
223,-73.306,73.3059,3.86E+00,8.07E+01,3.31E+01,9.86E+01
224,-79.9758,73.304,3.63E+00,7.77E+01,3.21E+01,9.48E+01
225,-86.6467,73.3037,3.40E+00,7.33E+01,3.12E+01,8.94E+01
226,-93.3181,73.3045,3.15E+00,6.85E+01,3.03E+01,8.37E+01
227,-73.3097,66.6375,4.07E+00,8.14E+01,3.44E+01,9.99E+01
228,-73.3153,59.971,4.27E+00,7.90E+01,3.58E+01,9.78E+01
229,-73.3226,53.3061,4.45E+00,7.43E+01,3.75E+01,9.29E+01
230,-66.6443,59.9716,4.54E+00,8.55E+01,3.68E+01,1.06E+02
231,-59.9745,59.9742,4.79E+00,8.98E+01,3.80E+01,1.11E+02
232,-66.64,66.6397,4.31E+00,8.49E+01,3.55E+01,1.04E+02
233,-59.9721,66.6441,4.54E+00,8.51E+01,3.69E+01,1.05E+02
234,-66.6508,53.3056,4.75E+00,8.23E+01,3.85E+01,1.03E+02
235,-59.9795,53.3064,5.03E+00,9.02E+01,3.95E+01,1.12E+02
236,-93.3303,59.9748,3.42E+00,6.13E+01,3.28E+01,7.59E+01
237,-86.6588,59.973,3.71E+00,6.63E+01,3.39E+01,8.22E+01
238,-79.987,59.9716,3.99E+00,7.23E+01,3.49E+01,8.96E+01
239,-86.6523,66.6378,3.56E+00,7.04E+01,3.25E+01,8.65E+01
240,-93.3239,66.6392,3.29E+00,6.52E+01,3.16E+01,8.02E+01
241,-79.9807,66.6371,3.82E+00,7.60E+01,3.34E+01,9.34E+01
242,-86.6659,53.309,3.84E+00,6.18E+01,3.53E+01,7.71E+01
243,-93.3369,53.3108,3.53E+00,5.74E+01,3.41E+01,7.13E+01
244,-79.9944,53.3074,4.15E+00,6.73E+01,3.64E+01,8.43E+01
245,-73.3049,93.3183,3.15E+00,6.80E+01,3.04E+01,8.32E+01
246,-73.3041,86.6468,3.39E+00,7.28E+01,3.12E+01,8.90E+01
247,-73.3043,79.9758,3.63E+00,7.75E+01,3.21E+01,9.46E+01
248,-66.6384,86.6524,3.56E+00,6.98E+01,3.26E+01,8.60E+01
249,-59.9736,86.659,3.71E+00,6.57E+01,3.40E+01,8.17E+01
250,-66.6398,93.3241,3.29E+00,6.46E+01,3.17E+01,7.97E+01
251,-59.9754,93.3305,3.42E+00,6.08E+01,3.29E+01,7.55E+01
252,-66.6376,79.9808,3.82E+00,7.56E+01,3.35E+01,9.29E+01
253,-59.9723,79.9872,3.99E+00,7.17E+01,3.50E+01,8.91E+01
254,-93.3096,86.6385,2.83E+00,7.15E+01,2.79E+01,8.65E+01
255,-86.6399,86.6398,3.03E+00,7.36E+01,2.89E+01,8.92E+01
256,-79.9713,86.6425,3.22E+00,7.42E+01,3.00E+01,9.02E+01
257,-86.6387,93.3097,2.83E+00,7.13E+01,2.79E+01,8.63E+01
258,-93.3074,93.3074,2.65E+00,7.06E+01,2.69E+01,8.53E+01
259,-79.9712,93.3134,3.00E+00,7.04E+01,2.91E+01,8.56E+01
260,-86.6425,79.971,3.22E+00,7.44E+01,2.99E+01,9.04E+01
261,-93.3133,79.9709,3.00E+00,7.08E+01,2.90E+01,8.59E+01
262,-79.9727,79.9726,3.43E+00,7.70E+01,3.09E+01,9.36E+01
263,-6.66683,46.7044,6.97E+00,7.01E+01,6.02E+01,5.60E+01
264,-13.33,46.6995,6.91E+00,7.00E+01,5.85E+01,7.27E+01
265,-19.9925,46.6899,6.78E+00,7.37E+01,5.62E+01,9.04E+01
266,-26.6541,46.6773,6.61E+00,8.19E+01,5.32E+01,1.07E+02
267,-33.3159,46.6643,6.39E+00,9.26E+01,4.97E+01,1.22E+02
268,-39.9795,46.6532,6.14E+00,1.01E+02,4.65E+01,1.30E+02
269,-46.6461,46.6457,5.86E+00,1.02E+02,4.42E+01,1.29E+02
270,-26.6548,40.0057,7.02E+00,9.69E+01,5.61E+01,1.29E+02
271,-26.6572,33.3336,7.42E+00,1.15E+02,5.97E+01,1.56E+02
272,-26.664,26.6633,7.80E+00,1.27E+02,6.51E+01,1.76E+02
273,-26.6787,19.9976,8.15E+00,1.25E+02,7.31E+01,1.73E+02
274,-26.6983,13.3342,8.43E+00,1.17E+02,8.20E+01,1.38E+02
275,-26.7125,6.66807,8.58E+00,1.16E+02,8.82E+01,8.62E+01
276,-19.9987,26.6784,8.15E+00,1.24E+02,7.37E+01,1.73E+02
277,-13.3353,26.6979,8.42E+00,1.15E+02,8.32E+01,1.40E+02
278,-6.66922,26.7114,8.57E+00,1.14E+02,8.99E+01,8.97E+01
279,-13.3323,33.3657,7.90E+00,9.39E+01,7.19E+01,1.06E+02
280,-13.3308,40.0328,7.39E+00,7.97E+01,6.42E+01,8.54E+01
281,-19.9949,33.35,7.69E+00,1.03E+02,6.61E+01,1.37E+02
282,-19.9933,40.0205,7.24E+00,8.57E+01,6.07E+01,1.09E+02
283,-6.66793,33.3751,8.01E+00,9.32E+01,7.56E+01,7.20E+01
284,-6.66725,40.0394,7.47E+00,7.95E+01,6.65E+01,6.21E+01
285,-13.3867,6.67972,9.85E+00,2.19E+02,1.66E+02,1.48E+02
286,-13.3583,13.3574,9.47E+00,1.76E+02,1.33E+02,2.10E+02
287,-13.3417,20.0285,8.96E+00,1.43E+02,1.02E+02,1.86E+02
288,-20.029,13.3406,8.96E+00,1.45E+02,1.01E+02,1.85E+02
289,-20.0499,6.67111,9.20E+00,1.51E+02,1.13E+02,1.18E+02
290,-20.0087,20.008,8.59E+00,1.40E+02,8.55E+01,2.00E+02
291,-6.68096,13.3852,9.84E+00,2.19E+02,1.70E+02,1.50E+02
292,-6.70693,6.70485,1.04E+01,3.47E+02,2.49E+02,1.09E+02
293,-6.67225,20.0488,9.18E+00,1.49E+02,1.16E+02,1.22E+02
294,-46.6774,26.653,6.61E+00,8.30E+01,5.27E+01,1.07E+02
295,-40.0057,26.6537,7.02E+00,9.82E+01,5.57E+01,1.30E+02
296,-33.3338,26.6561,7.42E+00,1.16E+02,5.94E+01,1.56E+02
297,-39.9924,33.3166,6.75E+00,1.08E+02,5.15E+01,1.42E+02
298,-39.9836,39.9831,6.46E+00,1.09E+02,4.85E+01,1.41E+02
299,-46.6643,33.3148,6.39E+00,9.37E+01,4.94E+01,1.22E+02
300,-46.6534,39.9786,6.14E+00,1.01E+02,4.64E+01,1.30E+02
301,-33.3226,33.322,7.10E+00,1.17E+02,5.47E+01,1.56E+02
302,-33.3175,39.9923,6.75E+00,1.07E+02,5.18E+01,1.41E+02
303,-46.7,13.329,6.92E+00,7.11E+01,5.79E+01,7.13E+01
304,-40.0333,13.3298,7.40E+00,8.11E+01,6.35E+01,8.37E+01
305,-33.3661,13.3313,7.91E+00,9.57E+01,7.10E+01,1.04E+02
306,-40.0206,19.9921,7.24E+00,8.70E+01,6.01E+01,1.08E+02
307,-46.6901,19.9914,6.79E+00,7.47E+01,5.57E+01,8.96E+01
308,-33.35,19.9938,7.70E+00,1.05E+02,6.54E+01,1.36E+02
309,-40.0403,6.66618,7.48E+00,8.09E+01,6.57E+01,5.99E+01
310,-46.7052,6.66582,6.98E+00,7.12E+01,5.96E+01,5.44E+01
311,-33.3759,6.6668,8.02E+00,9.50E+01,7.45E+01,6.91E+01
312,-26.6574,93.3595,3.87E+00,4.65E+01,3.88E+01,5.37E+01
313,-26.6567,86.692,4.24E+00,4.84E+01,4.03E+01,5.66E+01
314,-26.656,80.024,4.62E+00,5.08E+01,4.20E+01,6.03E+01
315,-26.6554,73.3558,5.00E+00,5.38E+01,4.38E+01,6.49E+01
316,-26.6548,66.6871,5.39E+00,5.79E+01,4.57E+01,7.11E+01
317,-26.6544,60.0179,5.79E+00,6.33E+01,4.80E+01,7.95E+01
318,-26.6541,53.348,6.20E+00,7.10E+01,5.04E+01,9.11E+01
319,-19.9925,73.3617,5.09E+00,5.19E+01,4.50E+01,5.82E+01
320,-13.3293,73.3659,5.14E+00,5.11E+01,4.61E+01,5.16E+01
321,-6.66614,73.3678,5.17E+00,5.10E+01,4.73E+01,4.55E+01
322,-13.3295,80.0325,4.73E+00,4.86E+01,4.42E+01,4.92E+01
323,-13.3296,86.699,4.34E+00,4.65E+01,4.25E+01,4.73E+01
324,-13.3298,93.3654,3.95E+00,4.47E+01,4.10E+01,4.56E+01
325,-19.9932,86.6962,4.30E+00,4.72E+01,4.14E+01,5.19E+01
326,-19.9928,80.0291,4.69E+00,4.93E+01,4.31E+01,5.47E+01
327,-19.9937,93.3631,3.91E+00,4.54E+01,3.99E+01,4.96E+01
328,-6.66605,86.7004,4.36E+00,4.62E+01,4.37E+01,4.28E+01
329,-6.66609,80.0341,4.76E+00,4.84E+01,4.54E+01,4.41E+01
330,-6.66604,93.3666,3.96E+00,4.43E+01,4.22E+01,4.17E+01
331,-13.3296,53.3661,6.44E+00,6.31E+01,5.42E+01,6.44E+01
332,-13.3293,60.0326,5.99E+00,5.80E+01,5.09E+01,5.88E+01
333,-13.3293,66.6992,5.56E+00,5.41E+01,4.83E+01,5.47E+01
334,-19.9921,60.0265,5.91E+00,5.95E+01,4.96E+01,6.90E+01
335,-19.9922,53.3584,6.34E+00,6.54E+01,5.26E+01,7.77E+01
336,-19.9922,66.6943,5.49E+00,5.52E+01,4.71E+01,6.28E+01
337,-6.66637,60.0356,6.03E+00,5.81E+01,5.22E+01,4.93E+01
338,-6.66656,53.3698,6.49E+00,6.33E+01,5.57E+01,5.21E+01
339,-6.66624,66.7016,5.59E+00,5.42E+01,4.95E+01,4.72E+01
340,-46.6434,73.3312,4.62E+00,6.77E+01,3.93E+01,8.60E+01
341,-39.9805,73.3399,4.77E+00,6.20E+01,4.09E+01,7.89E+01
342,-33.3179,73.3483,4.90E+00,5.72E+01,4.24E+01,7.19E+01
343,-39.9818,80.0104,4.42E+00,5.70E+01,3.94E+01,7.19E+01
344,-39.9831,86.6803,4.07E+00,5.33E+01,3.80E+01,6.65E+01
345,-39.9845,93.3496,3.73E+00,5.05E+01,3.65E+01,6.22E+01
346,-46.6464,86.6733,3.96E+00,5.70E+01,3.67E+01,7.16E+01
347,-46.6448,80.0025,4.29E+00,6.16E+01,3.81E+01,7.79E+01
348,-46.648,93.3435,3.63E+00,5.35E+01,3.54E+01,6.65E+01
349,-33.3199,86.6866,4.16E+00,5.05E+01,3.92E+01,6.15E+01
350,-33.3189,80.0177,4.53E+00,5.34E+01,4.07E+01,6.60E+01
351,-33.3209,93.355,3.80E+00,4.82E+01,3.77E+01,5.79E+01
352,-39.9783,53.325,5.80E+00,8.87E+01,4.51E+01,1.14E+02
353,-39.9785,59.9971,5.46E+00,7.76E+01,4.38E+01,9.98E+01
354,-39.9794,66.6688,5.12E+00,6.87E+01,4.24E+01,8.81E+01
355,-46.6419,59.9873,5.26E+00,8.51E+01,4.16E+01,1.08E+02
356,-46.6427,53.3157,5.57E+00,9.49E+01,4.27E+01,1.20E+02
357,-46.6423,66.6594,4.94E+00,7.56E+01,4.05E+01,9.60E+01
358,-33.3163,60.0077,5.64E+00,6.97E+01,4.60E+01,9.00E+01
359,-33.3158,53.3363,6.02E+00,7.96E+01,4.79E+01,1.04E+02
360,-33.317,66.6784,5.27E+00,6.24E+01,4.42E+01,7.96E+01
361,93.3367,46.6423,3.56E+00,4.37E+01,6.20E+01,1.59E+01
362,86.6655,46.6398,3.88E+00,4.60E+01,6.65E+01,1.53E+01
363,79.9937,46.6373,4.19E+00,4.84E+01,7.23E+01,1.44E+01
364,73.3213,46.6349,4.50E+00,5.08E+01,7.95E+01,1.33E+01
365,66.6485,46.6327,4.81E+00,5.32E+01,8.85E+01,1.19E+01
366,59.9757,46.6312,5.11E+00,5.56E+01,9.89E+01,1.05E+01
367,53.3035,46.631,5.41E+00,5.80E+01,1.09E+02,9.38E+00
368,46.6331,46.6333,5.69E+00,6.07E+01,1.17E+02,9.14E+00
369,39.9658,46.6394,5.96E+00,6.37E+01,1.17E+02,1.03E+01
370,33.3019,46.6492,6.21E+00,6.69E+01,1.10E+02,1.25E+01
371,26.6404,46.6618,6.43E+00,6.99E+01,9.78E+01,1.54E+01
372,19.9801,46.6752,6.63E+00,7.20E+01,8.53E+01,1.90E+01
373,13.3197,46.6877,6.79E+00,7.29E+01,7.47E+01,2.41E+01
374,6.65858,46.6977,6.90E+00,7.28E+01,6.71E+01,3.16E+01
375,53.3119,39.9665,5.64E+00,6.07E+01,1.04E+02,1.14E+01
376,53.3228,33.3041,5.86E+00,6.32E+01,9.41E+01,1.40E+01
377,53.3348,26.6431,6.05E+00,6.51E+01,8.36E+01,1.70E+01
378,53.3465,19.9823,6.21E+00,6.63E+01,7.40E+01,2.08E+01
379,53.3569,13.3213,6.34E+00,6.67E+01,6.63E+01,2.58E+01
380,53.3647,6.65956,6.44E+00,6.63E+01,6.09E+01,3.24E+01
381,80.0019,39.9746,4.33E+00,4.91E+01,6.67E+01,1.70E+01
382,80.0098,33.3121,4.44E+00,4.95E+01,6.16E+01,1.99E+01
383,80.0171,26.6496,4.54E+00,4.97E+01,5.72E+01,2.31E+01
384,80.0234,19.987,4.63E+00,4.97E+01,5.36E+01,2.65E+01
385,80.0284,13.3241,4.69E+00,4.96E+01,5.07E+01,3.03E+01
386,80.032,6.66103,4.73E+00,4.93E+01,4.84E+01,3.45E+01
387,86.6861,26.6511,4.18E+00,4.69E+01,5.41E+01,2.38E+01
388,93.3547,26.6526,3.82E+00,4.44E+01,5.15E+01,2.43E+01
389,86.6799,33.314,4.09E+00,4.68E+01,5.77E+01,2.08E+01
390,86.6729,39.9769,3.99E+00,4.65E+01,6.18E+01,1.79E+01
391,93.3493,33.3159,3.74E+00,4.43E+01,5.46E+01,2.13E+01
392,93.3433,39.9791,3.66E+00,4.41E+01,5.80E+01,1.86E+01
393,86.6957,13.3249,4.30E+00,4.69E+01,4.86E+01,3.06E+01
394,93.3627,13.3256,3.92E+00,4.45E+01,4.68E+01,3.07E+01
395,86.6915,19.9881,4.25E+00,4.69E+01,5.11E+01,2.71E+01
396,93.3592,19.9892,3.87E+00,4.45E+01,4.90E+01,2.74E+01
397,86.6986,6.66147,4.34E+00,4.68E+01,4.66E+01,3.44E+01
398,93.3652,6.66192,3.95E+00,4.45E+01,4.49E+01,3.42E+01
399,60.0064,26.6448,5.67E+00,6.05E+01,7.38E+01,1.89E+01
400,66.6773,26.6464,5.29E+00,5.64E+01,6.66E+01,2.07E+01
401,73.3475,26.6481,4.91E+00,5.29E+01,6.13E+01,2.20E+01
402,66.6677,33.3081,5.15E+00,5.58E+01,7.35E+01,1.74E+01
403,66.6578,39.97,4.99E+00,5.47E+01,8.10E+01,1.45E+01
404,59.9956,33.306,5.50E+00,5.94E+01,8.24E+01,1.57E+01
405,59.985,39.9679,5.32E+00,5.77E+01,9.13E+01,1.29E+01
406,73.3391,33.3101,4.79E+00,5.25E+01,6.67E+01,1.88E+01
407,73.3302,39.9723,4.66E+00,5.18E+01,7.29E+01,1.59E+01
408,66.6984,6.66018,5.56E+00,5.60E+01,5.32E+01,3.41E+01
409,66.6932,13.3226,5.49E+00,5.65E+01,5.65E+01,2.89E+01
410,66.686,19.9847,5.40E+00,5.66E+01,6.10E+01,2.45E+01
411,60.0252,13.3219,5.91E+00,6.10E+01,6.07E+01,2.76E+01
412,60.0315,6.65983,5.99E+00,6.06E+01,5.66E+01,3.34E+01
413,60.0166,19.9835,5.80E+00,6.10E+01,6.65E+01,2.28E+01
414,73.3609,13.3234,5.09E+00,5.27E+01,5.33E+01,2.98E+01
415,73.3652,6.66059,5.14E+00,5.24E+01,5.06E+01,3.44E+01
416,73.3549,19.9859,5.01E+00,5.29E+01,5.68E+01,2.57E+01
417,26.6395,39.9887,6.82E+00,7.59E+01,1.15E+02,1.46E+01
418,26.6403,33.316,7.19E+00,8.29E+01,1.34E+02,1.56E+01
419,26.6456,26.6459,7.56E+00,9.15E+01,1.47E+02,1.84E+01
420,26.6586,19.9815,7.90E+00,1.02E+02,1.44E+02,2.18E+01
421,26.678,13.3218,8.20E+00,1.13E+02,1.25E+02,2.38E+01
422,26.6982,6.66202,8.43E+00,1.21E+02,1.05E+02,2.69E+01
423,33.3162,26.6411,7.19E+00,8.32E+01,1.34E+02,1.57E+01
424,39.9892,26.6405,6.82E+00,7.63E+01,1.14E+02,1.46E+01
425,46.6623,26.6415,6.43E+00,7.04E+01,9.69E+01,1.53E+01
426,39.9768,33.3029,6.55E+00,7.18E+01,1.24E+02,1.22E+01
427,39.969,39.9692,6.26E+00,6.74E+01,1.25E+02,1.05E+01
428,33.3063,33.3065,6.88E+00,7.69E+01,1.35E+02,1.33E+01
429,33.3023,39.9767,6.55E+00,7.15E+01,1.25E+02,1.21E+01
430,46.6496,33.3028,6.21E+00,6.73E+01,1.09E+02,1.26E+01
431,46.6395,39.9664,5.96E+00,6.39E+01,1.16E+02,1.04E+01
432,33.3489,13.3205,7.71E+00,9.57E+01,1.01E+02,2.06E+01
433,40.0189,13.3204,7.24E+00,8.32E+01,8.52E+01,2.14E+01
434,46.6882,13.3207,6.79E+00,7.39E+01,7.41E+01,2.36E+01
435,40.004,19.9802,7.05E+00,8.04E+01,9.93E+01,1.74E+01
436,33.3314,19.9799,7.47E+00,8.99E+01,1.20E+02,1.81E+01
437,46.6757,19.9812,6.63E+00,7.27E+01,8.45E+01,1.88E+01
438,40.0313,6.6596,7.39E+00,8.43E+01,7.48E+01,2.89E+01
439,33.3647,6.6603,7.90E+00,9.89E+01,8.67E+01,2.69E+01
440,46.698,6.65945,6.90E+00,7.39E+01,6.67E+01,3.09E+01
441,6.66089,26.6977,8.44E+00,1.18E+02,1.06E+02,2.74E+01
442,13.3206,26.6776,8.20E+00,1.11E+02,1.26E+02,2.34E+01
443,19.9807,26.6584,7.90E+00,1.01E+02,1.44E+02,2.15E+01
444,13.3193,33.3483,7.72E+00,9.42E+01,1.02E+02,2.08E+01
445,13.3193,40.0184,7.25E+00,8.21E+01,8.60E+01,2.19E+01
446,6.65922,33.3642,7.90E+00,9.69E+01,8.75E+01,2.78E+01
447,6.65862,40.0309,7.39E+00,8.27E+01,7.54E+01,2.98E+01
448,19.9789,33.331,7.48E+00,8.90E+01,1.21E+02,1.79E+01
449,19.9791,40.0035,7.05E+00,7.96E+01,1.00E+02,1.75E+01
450,6.67696,13.3684,9.62E+00,2.26E+02,1.77E+02,5.18E+01
451,13.3387,13.339,9.18E+00,1.75E+02,1.71E+02,4.71E+01
452,20.0068,13.3259,8.69E+00,1.37E+02,1.53E+02,3.30E+01
453,13.3251,20.0067,8.69E+00,1.36E+02,1.54E+02,3.21E+01
454,6.66533,20.0318,9.01E+00,1.53E+02,1.34E+02,3.22E+01
455,19.9883,19.9887,8.31E+00,1.17E+02,1.60E+02,2.75E+01
456,13.3693,6.67796,9.62E+00,2.28E+02,1.74E+02,5.31E+01
457,6.70777,6.70673,1.03E+01,3.54E+02,2.51E+02,8.92E+01
458,20.0323,6.6664,9.01E+00,1.57E+02,1.32E+02,3.30E+01
459,53.3051,93.3295,3.45E+00,4.30E+01,6.70E+01,1.35E+01
460,53.3024,86.6576,3.75E+00,4.51E+01,7.23E+01,1.29E+01
461,53.2999,79.9852,4.05E+00,4.72E+01,7.88E+01,1.20E+01
462,53.2977,73.3126,4.34E+00,4.93E+01,8.66E+01,1.09E+01
463,53.2962,66.6401,4.62E+00,5.13E+01,9.53E+01,9.71E+00
464,53.2961,59.9684,4.89E+00,5.33E+01,1.04E+02,8.70E+00
465,53.2982,53.2984,5.16E+00,5.55E+01,1.09E+02,8.44E+00
466,59.9626,73.3058,4.15E+00,4.78E+01,9.13E+01,8.96E+00
467,66.6292,73.3008,3.95E+00,4.63E+01,9.34E+01,7.60E+00
468,73.2977,73.2978,3.75E+00,4.48E+01,9.24E+01,6.99E+00
469,79.9679,73.2968,3.53E+00,4.34E+01,8.88E+01,7.05E+00
470,86.6392,73.2973,3.30E+00,4.21E+01,8.38E+01,7.47E+00
471,93.3112,73.2989,3.06E+00,4.07E+01,7.85E+01,7.95E+00
472,73.2966,79.9678,3.53E+00,4.34E+01,8.91E+01,7.02E+00
473,73.297,86.639,3.30E+00,4.20E+01,8.44E+01,7.43E+00
474,73.2985,93.3109,3.06E+00,4.05E+01,7.92E+01,7.91E+00
475,66.631,86.6441,3.46E+00,4.31E+01,8.15E+01,8.86E+00
476,59.9663,86.6505,3.61E+00,4.42E+01,7.73E+01,1.07E+01
477,66.6295,79.9721,3.71E+00,4.47E+01,8.77E+01,8.18E+00
478,59.9641,79.978,3.89E+00,4.60E+01,8.40E+01,9.89E+00
479,66.6332,93.3164,3.20E+00,4.15E+01,7.57E+01,9.45E+00
480,59.9689,93.3228,3.33E+00,4.23E+01,7.15E+01,1.14E+01
481,86.6354,79.9646,3.12E+00,4.09E+01,8.51E+01,6.55E+00
482,86.6332,86.6333,2.94E+00,3.97E+01,8.43E+01,6.19E+00
483,86.6326,93.3032,2.74E+00,3.85E+01,8.20E+01,6.28E+00
484,79.9644,86.6353,3.12E+00,4.08E+01,8.54E+01,6.53E+00
485,79.9653,79.9654,3.33E+00,4.21E+01,8.81E+01,6.51E+00
486,79.9649,93.3064,2.90E+00,3.95E+01,8.14E+01,6.83E+00
487,93.3034,86.6327,2.74E+00,3.85E+01,8.17E+01,6.30E+00
488,93.3066,79.9652,2.91E+00,3.96E+01,8.09E+01,6.86E+00
489,93.3015,93.3015,2.57E+00,3.75E+01,8.10E+01,6.22E+00
490,73.313,53.2983,4.34E+00,4.95E+01,8.58E+01,1.10E+01
491,73.306,59.9631,4.15E+00,4.79E+01,9.06E+01,9.02E+00
492,73.3009,66.6295,3.95E+00,4.63E+01,9.30E+01,7.64E+00
493,66.6344,59.9627,4.41E+00,4.96E+01,9.77E+01,8.22E+00
494,59.9641,59.9643,4.66E+00,5.14E+01,1.03E+02,7.96E+00
495,66.6404,53.2968,4.62E+00,5.14E+01,9.46E+01,9.79E+00
496,59.9685,53.2965,4.89E+00,5.34E+01,1.03E+02,8.76E+00
497,66.6307,66.6308,4.19E+00,4.79E+01,9.72E+01,7.50E+00
498,59.9624,66.6343,4.41E+00,4.95E+01,9.81E+01,8.17E+00
499,93.3232,59.9694,3.33E+00,4.25E+01,7.07E+01,1.14E+01
500,86.6509,59.9668,3.61E+00,4.44E+01,7.64E+01,1.07E+01
501,79.9784,59.9646,3.89E+00,4.62E+01,8.32E+01,9.94E+00
502,86.6581,53.303,3.75E+00,4.53E+01,7.15E+01,1.29E+01
503,93.3299,53.3057,3.45E+00,4.32E+01,6.62E+01,1.35E+01
504,79.9857,53.3005,4.05E+00,4.74E+01,7.80E+01,1.20E+01
505,86.6445,66.6315,3.46E+00,4.33E+01,8.08E+01,8.91E+00
506,93.3168,66.6337,3.20E+00,4.17E+01,7.49E+01,9.48E+00
507,79.9723,66.63,3.71E+00,4.48E+01,8.71E+01,8.23E+00
508,26.6521,93.3544,3.82E+00,4.41E+01,5.20E+01,2.44E+01
509,26.6506,86.6858,4.18E+00,4.66E+01,5.45E+01,2.39E+01
510,26.649,80.0167,4.54E+00,4.94E+01,5.77E+01,2.32E+01
511,26.6474,73.3471,4.91E+00,5.25E+01,6.18E+01,2.22E+01
512,26.6456,66.6769,5.29E+00,5.60E+01,6.72E+01,2.08E+01
513,26.6438,60.0059,5.67E+00,6.00E+01,7.45E+01,1.91E+01
514,26.6421,53.3342,6.05E+00,6.46E+01,8.45E+01,1.72E+01
515,33.3094,73.3386,4.80E+00,5.22E+01,6.74E+01,1.89E+01
516,39.9715,73.3297,4.66E+00,5.16E+01,7.37E+01,1.59E+01
517,46.6341,73.3208,4.50E+00,5.06E+01,8.04E+01,1.33E+01
518,39.9739,80.0014,4.33E+00,4.88E+01,6.74E+01,1.71E+01
519,39.9763,86.6725,3.99E+00,4.63E+01,6.24E+01,1.79E+01
520,39.9785,93.3429,3.66E+00,4.38E+01,5.86E+01,1.86E+01
521,33.3135,86.6795,4.09E+00,4.65E+01,5.82E+01,2.08E+01
522,33.3115,80.0094,4.44E+00,4.92E+01,6.22E+01,2.00E+01
523,33.3154,93.349,3.74E+00,4.40E+01,5.50E+01,2.14E+01
524,46.6392,86.6651,3.88E+00,4.58E+01,6.72E+01,1.53E+01
525,46.6366,79.9932,4.19E+00,4.82E+01,7.31E+01,1.44E+01
526,46.6417,93.3363,3.56E+00,4.35E+01,6.26E+01,1.60E+01
527,33.3051,59.9951,5.50E+00,5.90E+01,8.33E+01,1.57E+01
528,39.9671,59.9845,5.32E+00,5.74E+01,9.22E+01,1.29E+01
529,46.6305,59.9753,5.11E+00,5.54E+01,9.96E+01,1.05E+01
530,39.9692,66.6573,4.99E+00,5.44E+01,8.19E+01,1.45E+01
531,33.3072,66.6672,5.15E+00,5.55E+01,7.42E+01,1.74E+01
532,46.632,66.648,4.81E+00,5.30E+01,8.94E+01,1.19E+01
533,39.9657,53.3116,5.64E+00,6.05E+01,1.04E+02,1.13E+01
534,33.3032,53.3223,5.86E+00,6.28E+01,9.51E+01,1.40E+01
535,46.6305,53.3034,5.41E+00,5.79E+01,1.10E+02,9.32E+00
536,6.66006,73.3651,5.14E+00,5.18E+01,5.09E+01,3.46E+01
537,13.3228,73.3607,5.09E+00,5.22E+01,5.36E+01,3.00E+01
538,19.9852,73.3546,5.01E+00,5.25E+01,5.72E+01,2.59E+01
539,13.3236,80.0283,4.69E+00,4.92E+01,5.10E+01,3.05E+01
540,13.3244,86.6956,4.30E+00,4.65E+01,4.89E+01,3.08E+01
541,13.3252,93.3626,3.92E+00,4.42E+01,4.71E+01,3.08E+01
542,6.66107,86.6986,4.34E+00,4.64E+01,4.68E+01,3.45E+01
543,6.66056,80.0319,4.74E+00,4.89E+01,4.87E+01,3.47E+01
544,6.66158,93.3651,3.95E+00,4.41E+01,4.52E+01,3.43E+01
545,19.9876,86.6913,4.25E+00,4.66E+01,5.14E+01,2.72E+01
546,19.9864,80.0231,4.63E+00,4.94E+01,5.40E+01,2.67E+01
547,19.9887,93.359,3.87E+00,4.42E+01,4.93E+01,2.75E+01
548,13.3204,53.3565,6.35E+00,6.59E+01,6.68E+01,2.63E+01
549,13.3211,60.0249,5.92E+00,6.04E+01,6.11E+01,2.80E+01
550,13.322,66.6929,5.50E+00,5.59E+01,5.69E+01,2.92E+01
551,6.65914,60.0314,5.99E+00,5.98E+01,5.69E+01,3.38E+01
552,6.65878,53.3645,6.44E+00,6.54E+01,6.12E+01,3.29E+01
553,6.65957,66.6983,5.56E+00,5.54E+01,5.35E+01,3.44E+01
554,19.9826,60.0161,5.81E+00,6.05E+01,6.70E+01,2.31E+01
555,19.9813,53.346,6.21E+00,6.57E+01,7.47E+01,2.11E+01
556,19.9839,66.6856,5.41E+00,5.62E+01,6.14E+01,2.47E+01
557,0.00102184,-93.3668,3.96E+00,4.48E+01,4.32E+01,3.75E+01
558,0.00116049,-86.7006,4.36E+00,4.69E+01,4.47E+01,3.80E+01
559,0.0013043,-80.0343,4.76E+00,4.94E+01,4.64E+01,3.85E+01
560,0.00144766,-73.368,5.17E+00,5.23E+01,4.83E+01,3.89E+01
561,0.00157947,-66.7018,5.60E+00,5.58E+01,5.06E+01,3.93E+01
562,0.00169083,-60.0357,6.03E+00,6.03E+01,5.35E+01,3.96E+01
563,0.00175281,-53.3698,6.49E+00,6.61E+01,5.71E+01,3.98E+01
564,0.00174237,-46.7044,6.97E+00,7.38E+01,6.18E+01,4.00E+01
565,0.00157792,-40.0394,7.47E+00,8.45E+01,6.84E+01,4.02E+01
566,0.00117217,-33.375,8.01E+00,1.00E+02,7.80E+01,4.09E+01
567,0.000227093,-26.712,8.58E+00,1.24E+02,9.32E+01,4.34E+01
568,-0.00167065,-20.0509,9.20E+00,1.66E+02,1.20E+02,5.16E+01
569,-0.00566645,-13.3944,9.89E+00,2.57E+02,1.80E+02,6.91E+01
570,-0.0107328,-6.73204,1.07E+01,4.31E+02,2.98E+02,8.54E+01
571,-6.66071,-53.3654,6.44E+00,6.68E+01,6.04E+01,3.15E+01
572,-13.3223,-53.3576,6.35E+00,6.69E+01,6.58E+01,2.52E+01
573,-19.9833,-53.3472,6.22E+00,6.63E+01,7.35E+01,2.05E+01
574,-26.6439,-53.3353,6.06E+00,6.50E+01,8.31E+01,1.69E+01
575,-33.3047,-53.3232,5.86E+00,6.31E+01,9.37E+01,1.39E+01
576,-39.9669,-53.3122,5.65E+00,6.05E+01,1.03E+02,1.14E+01
577,-46.6314,-53.3036,5.41E+00,5.78E+01,1.09E+02,9.39E+00
578,-53.2986,-53.2983,5.16E+00,5.53E+01,1.09E+02,8.42E+00
579,-59.9686,-53.2961,4.90E+00,5.32E+01,1.03E+02,8.67E+00
580,-66.6404,-53.2963,4.62E+00,5.12E+01,9.50E+01,9.68E+00
581,-73.3129,-53.2978,4.34E+00,4.92E+01,8.63E+01,1.09E+01
582,-79.9856,-53.3,4.05E+00,4.72E+01,7.85E+01,1.19E+01
583,-86.658,-53.3026,3.75E+00,4.51E+01,7.19E+01,1.28E+01
584,-93.3299,-53.3053,3.46E+00,4.30E+01,6.67E+01,1.35E+01
585,-46.6316,-59.9758,5.12E+00,5.54E+01,9.87E+01,1.05E+01
586,-46.6332,-66.6488,4.82E+00,5.31E+01,8.82E+01,1.19E+01
587,-46.6354,-73.3215,4.51E+00,5.07E+01,7.92E+01,1.32E+01
588,-46.6379,-79.994,4.19E+00,4.83E+01,7.19E+01,1.43E+01
589,-46.6404,-86.6659,3.88E+00,4.60E+01,6.62E+01,1.52E+01
590,-46.6429,-93.337,3.56E+00,4.37E+01,6.17E+01,1.59E+01
591,-19.9845,-60.0172,5.81E+00,6.11E+01,6.60E+01,2.25E+01
592,-19.9857,-66.6866,5.41E+00,5.67E+01,6.06E+01,2.41E+01
593,-19.9868,-73.3554,5.02E+00,5.30E+01,5.65E+01,2.54E+01
594,-19.9879,-80.0239,4.63E+00,4.98E+01,5.33E+01,2.63E+01
595,-19.989,-86.692,4.25E+00,4.70E+01,5.08E+01,2.69E+01
596,-19.99,-93.3596,3.88E+00,4.46E+01,4.87E+01,2.72E+01
597,-13.3243,-73.3615,5.09E+00,5.29E+01,5.30E+01,2.94E+01
598,-6.66161,-73.3657,5.14E+00,5.26E+01,5.03E+01,3.38E+01
599,-13.3236,-66.6938,5.50E+00,5.67E+01,5.62E+01,2.84E+01
600,-13.323,-60.0259,5.92E+00,6.12E+01,6.03E+01,2.70E+01
601,-6.66125,-66.699,5.56E+00,5.63E+01,5.29E+01,3.34E+01
602,-6.66094,-60.0322,6.00E+00,6.09E+01,5.62E+01,3.26E+01
603,-13.3257,-86.6962,4.30E+00,4.70E+01,4.83E+01,3.03E+01
604,-6.66239,-86.6991,4.34E+00,4.69E+01,4.63E+01,3.40E+01
605,-13.325,-80.029,4.69E+00,4.97E+01,5.04E+01,3.00E+01
606,-6.66199,-80.0325,4.74E+00,4.96E+01,4.82E+01,3.40E+01
607,-13.3264,-93.3631,3.92E+00,4.46E+01,4.66E+01,3.05E+01
608,-6.66278,-93.3656,3.95E+00,4.47E+01,4.47E+01,3.39E+01
609,-39.973,-73.3305,4.66E+00,5.18E+01,7.26E+01,1.58E+01
610,-33.3109,-73.3395,4.80E+00,5.25E+01,6.63E+01,1.86E+01
611,-26.649,-73.348,4.92E+00,5.29E+01,6.09E+01,2.18E+01
612,-33.3088,-66.6682,5.15E+00,5.58E+01,7.30E+01,1.72E+01
613,-33.3067,-59.996,5.51E+00,5.93E+01,8.20E+01,1.56E+01
614,-39.9706,-66.6582,4.99E+00,5.46E+01,8.07E+01,1.44E+01
615,-39.9685,-59.9853,5.32E+00,5.76E+01,9.10E+01,1.29E+01
616,-26.6473,-66.6779,5.29E+00,5.64E+01,6.62E+01,2.04E+01
617,-26.6456,-60.007,5.67E+00,6.05E+01,7.33E+01,1.87E+01
618,-33.3166,-93.3497,3.74E+00,4.43E+01,5.43E+01,2.12E+01
619,-33.3148,-86.6803,4.09E+00,4.68E+01,5.74E+01,2.06E+01
620,-33.3129,-80.0103,4.45E+00,4.95E+01,6.12E+01,1.98E+01
621,-39.9776,-86.6733,3.99E+00,4.65E+01,6.15E+01,1.78E+01
622,-39.9798,-93.3436,3.66E+00,4.40E+01,5.78E+01,1.85E+01
623,-39.9753,-80.0023,4.33E+00,4.91E+01,6.63E+01,1.69E+01
624,-26.652,-86.6866,4.18E+00,4.70E+01,5.38E+01,2.36E+01
625,-26.6534,-93.3551,3.82E+00,4.45E+01,5.13E+01,2.41E+01
626,-26.6505,-80.0176,4.55E+00,4.98E+01,5.69E+01,2.29E+01
627,-73.3059,-59.9626,4.15E+00,4.77E+01,9.11E+01,8.92E+00
628,-73.3009,-66.6292,3.96E+00,4.62E+01,9.33E+01,7.56E+00
629,-73.2979,-73.2976,3.75E+00,4.47E+01,9.24E+01,6.96E+00
630,-73.2969,-79.9678,3.53E+00,4.34E+01,8.88E+01,7.03E+00
631,-73.2975,-86.6392,3.30E+00,4.20E+01,8.38E+01,7.46E+00
632,-73.299,-93.3112,3.06E+00,4.06E+01,7.84E+01,7.95E+00
633,-66.6297,-73.3008,3.96E+00,4.62E+01,9.30E+01,7.61E+00
634,-59.9633,-73.3061,4.15E+00,4.78E+01,9.05E+01,9.00E+00
635,-53.2987,-73.3131,4.34E+00,4.94E+01,8.56E+01,1.09E+01
636,-59.9629,-66.6344,4.41E+00,4.95E+01,9.77E+01,8.18E+00
637,-59.9645,-59.9641,4.66E+00,5.12E+01,1.03E+02,7.92E+00
638,-66.631,-66.6307,4.19E+00,4.77E+01,9.71E+01,7.46E+00
639,-66.6345,-59.9624,4.41E+00,4.94E+01,9.80E+01,8.12E+00
640,-53.2971,-66.6406,4.62E+00,5.13E+01,9.44E+01,9.76E+00
641,-53.2967,-59.9686,4.90E+00,5.33E+01,1.03E+02,8.74E+00
642,-59.9698,-93.3233,3.33E+00,4.25E+01,7.05E+01,1.14E+01
643,-59.9672,-86.6511,3.61E+00,4.43E+01,7.62E+01,1.07E+01
644,-59.9649,-79.9785,3.89E+00,4.61E+01,8.31E+01,9.92E+00
645,-66.6318,-86.6446,3.46E+00,4.32E+01,8.07E+01,8.89E+00
646,-66.6341,-93.3169,3.20E+00,4.16E+01,7.48E+01,9.47E+00
647,-66.6302,-79.9724,3.71E+00,4.47E+01,8.70E+01,8.21E+00
648,-53.3035,-86.6583,3.75E+00,4.53E+01,7.12E+01,1.29E+01
649,-53.3062,-93.3302,3.45E+00,4.32E+01,6.60E+01,1.35E+01
650,-53.3009,-79.9859,4.05E+00,4.73E+01,7.77E+01,1.20E+01
651,-93.311,-73.2984,3.06E+00,4.06E+01,7.90E+01,7.90E+00
652,-86.6392,-73.2969,3.30E+00,4.20E+01,8.43E+01,7.41E+00
653,-79.9679,-73.2965,3.53E+00,4.33E+01,8.91E+01,6.99E+00
654,-86.6444,-66.6311,3.46E+00,4.31E+01,8.13E+01,8.83E+00
655,-86.6508,-59.9664,3.61E+00,4.42E+01,7.70E+01,1.07E+01
656,-93.3167,-66.6334,3.20E+00,4.15E+01,7.55E+01,9.42E+00
657,-93.3231,-59.969,3.33E+00,4.24E+01,7.12E+01,1.13E+01
658,-79.9723,-66.6296,3.71E+00,4.47E+01,8.75E+01,8.14E+00
659,-79.9783,-59.9641,3.89E+00,4.60E+01,8.37E+01,9.84E+00
660,-86.6328,-93.3032,2.74E+00,3.85E+01,8.18E+01,6.34E+00
661,-86.6333,-86.6331,2.94E+00,3.96E+01,8.44E+01,6.22E+00
662,-86.6354,-79.9643,3.12E+00,4.08E+01,8.54E+01,6.53E+00
663,-93.3032,-86.6324,2.74E+00,3.85E+01,8.20E+01,6.33E+00
664,-93.3015,-93.3013,2.56E+00,3.74E+01,8.10E+01,6.30E+00
665,-93.3064,-79.9648,2.90E+00,3.95E+01,8.13E+01,6.85E+00
666,-79.9647,-86.6354,3.12E+00,4.08E+01,8.51E+01,6.56E+00
667,-79.9653,-93.3065,2.90E+00,3.96E+01,8.09E+01,6.88E+00
668,-79.9654,-79.9652,3.33E+00,4.20E+01,8.81E+01,6.50E+00
669,-46.6987,-6.65958,6.92E+00,7.33E+01,6.62E+01,3.05E+01
670,-46.6887,-13.3206,6.80E+00,7.31E+01,7.38E+01,2.35E+01
671,-46.676,-19.9809,6.64E+00,7.19E+01,8.44E+01,1.87E+01
672,-46.6624,-26.6411,6.44E+00,6.97E+01,9.71E+01,1.53E+01
673,-46.6497,-33.3023,6.22E+00,6.67E+01,1.09E+02,1.26E+01
674,-46.6397,-39.9661,5.97E+00,6.35E+01,1.17E+02,1.04E+01
675,-46.6336,-46.6333,5.70E+00,6.04E+01,1.16E+02,9.17E+00
676,-39.9893,-26.64,6.83E+00,7.56E+01,1.15E+02,1.47E+01
677,-33.3164,-26.6407,7.20E+00,8.24E+01,1.34E+02,1.59E+01
678,-26.6463,-26.6459,7.57E+00,9.08E+01,1.47E+02,1.88E+01
679,-19.9821,-26.659,7.91E+00,1.01E+02,1.43E+02,2.23E+01
680,-13.3226,-26.6786,8.21E+00,1.12E+02,1.24E+02,2.44E+01
681,-6.66315,-26.6988,8.44E+00,1.22E+02,1.04E+02,2.66E+01
682,-26.659,-19.9811,7.91E+00,1.00E+02,1.44E+02,2.20E+01
683,-26.6783,-13.3214,8.21E+00,1.10E+02,1.25E+02,2.38E+01
684,-26.6988,-6.66202,8.45E+00,1.19E+02,1.04E+02,2.68E+01
685,-33.3492,-13.3202,7.73E+00,9.41E+01,1.01E+02,2.07E+01
686,-40.0193,-13.3202,7.26E+00,8.22E+01,8.49E+01,2.14E+01
687,-33.3316,-19.9795,7.49E+00,8.87E+01,1.20E+02,1.82E+01
688,-40.0042,-19.9798,7.06E+00,7.95E+01,9.94E+01,1.74E+01
689,-33.3653,-6.66035,7.91E+00,9.74E+01,8.60E+01,2.67E+01
690,-40.032,-6.6597,7.40E+00,8.33E+01,7.42E+01,2.86E+01
691,-6.67836,-13.3687,9.63E+00,2.29E+02,1.76E+02,5.58E+01
692,-13.3395,-13.3389,9.19E+00,1.73E+02,1.71E+02,4.80E+01
693,-20.0072,-13.3255,8.70E+00,1.34E+02,1.53E+02,3.30E+01
694,-13.3266,-20.0072,8.70E+00,1.36E+02,1.53E+02,3.39E+01
695,-6.66739,-20.0326,9.02E+00,1.57E+02,1.32E+02,3.38E+01
696,-19.9892,-19.9887,8.32E+00,1.16E+02,1.60E+02,2.81E+01
697,-13.3697,-6.67779,9.64E+00,2.23E+02,1.74E+02,5.29E+01
698,-6.70792,-6.70681,1.03E+01,3.52E+02,2.51E+02,9.16E+01
699,-20.0327,-6.6663,9.02E+00,1.53E+02,1.31E+02,3.27E+01
700,-26.6422,-46.6628,6.44E+00,7.02E+01,9.64E+01,1.53E+01
701,-26.6412,-39.9896,6.82E+00,7.60E+01,1.14E+02,1.48E+01
702,-26.6416,-33.3165,7.20E+00,8.27E+01,1.33E+02,1.60E+01
703,-33.3034,-39.9771,6.56E+00,7.14E+01,1.24E+02,1.24E+01
704,-39.9696,-39.9692,6.27E+00,6.71E+01,1.25E+02,1.07E+01
705,-33.3033,-46.65,6.21E+00,6.70E+01,1.08E+02,1.27E+01
706,-39.9668,-46.6397,5.97E+00,6.36E+01,1.16E+02,1.04E+01
707,-33.3069,-33.3065,6.89E+00,7.65E+01,1.35E+02,1.36E+01
708,-39.9771,-33.3026,6.56E+00,7.12E+01,1.25E+02,1.23E+01
709,-13.3218,-46.6889,6.79E+00,7.41E+01,7.35E+01,2.31E+01
710,-13.3214,-40.0196,7.25E+00,8.34E+01,8.46E+01,2.10E+01
711,-13.3214,-33.3495,7.72E+00,9.56E+01,1.01E+02,2.06E+01
712,-19.9811,-40.0046,7.06E+00,8.03E+01,9.88E+01,1.73E+01
713,-19.9821,-46.6764,6.64E+00,7.26E+01,8.39E+01,1.85E+01
714,-19.9807,-33.3319,7.48E+00,8.95E+01,1.19E+02,1.83E+01
715,-6.66081,-40.032,7.40E+00,8.49E+01,7.42E+01,2.78E+01
716,-6.66064,-46.6988,6.91E+00,7.45E+01,6.62E+01,2.99E+01
717,-6.66149,-33.3653,7.91E+00,9.96E+01,8.61E+01,2.60E+01
718,-73.3658,-6.66078,5.15E+00,5.21E+01,5.05E+01,3.41E+01
719,-73.3614,-13.3234,5.10E+00,5.25E+01,5.32E+01,2.96E+01
720,-73.3553,-19.9858,5.02E+00,5.26E+01,5.68E+01,2.55E+01
721,-73.3477,-26.648,4.92E+00,5.26E+01,6.13E+01,2.19E+01
722,-73.3392,-33.3099,4.80E+00,5.23E+01,6.69E+01,1.87E+01
723,-73.3302,-39.9719,4.66E+00,5.16E+01,7.32E+01,1.58E+01
724,-73.3212,-46.6345,4.51E+00,5.06E+01,8.00E+01,1.32E+01
725,-66.6776,-26.6463,5.30E+00,5.61E+01,6.67E+01,2.05E+01
726,-60.0066,-26.6445,5.68E+00,6.01E+01,7.39E+01,1.89E+01
727,-53.3349,-26.6427,6.06E+00,6.46E+01,8.37E+01,1.70E+01
728,-66.6937,-13.3227,5.50E+00,5.61E+01,5.64E+01,2.87E+01
729,-60.0257,-13.3219,5.92E+00,6.06E+01,6.05E+01,2.74E+01
730,-53.3573,-13.3212,6.36E+00,6.61E+01,6.61E+01,2.56E+01
731,-60.0322,-6.66,6.00E+00,6.02E+01,5.63E+01,3.30E+01
732,-66.6991,-6.66036,5.57E+00,5.57E+01,5.31E+01,3.37E+01
733,-53.3654,-6.65971,6.45E+00,6.59E+01,6.05E+01,3.20E+01
734,-60.0169,-19.9834,5.81E+00,6.06E+01,6.64E+01,2.27E+01
735,-66.6864,-19.9846,5.41E+00,5.63E+01,6.09E+01,2.43E+01
736,-53.3468,-19.9821,6.22E+00,6.57E+01,7.39E+01,2.08E+01
737,-59.9757,-46.6308,5.12E+00,5.53E+01,9.93E+01,1.04E+01
738,-59.985,-39.9674,5.33E+00,5.73E+01,9.17E+01,1.28E+01
739,-59.9956,-33.3056,5.51E+00,5.90E+01,8.27E+01,1.56E+01
740,-66.6579,-39.9696,5.00E+00,5.44E+01,8.14E+01,1.44E+01
741,-66.6485,-46.6323,4.82E+00,5.29E+01,8.90E+01,1.19E+01
742,-66.6678,-33.3077,5.16E+00,5.55E+01,7.36E+01,1.73E+01
743,-53.312,-39.966,5.65E+00,6.03E+01,1.04E+02,1.13E+01
744,-53.3036,-46.6307,5.41E+00,5.77E+01,1.10E+02,9.31E+00
745,-53.3228,-33.3036,5.87E+00,6.27E+01,9.45E+01,1.39E+01
746,-93.355,-26.6526,3.82E+00,4.43E+01,5.16E+01,2.42E+01
747,-86.6865,-26.6511,4.18E+00,4.67E+01,5.41E+01,2.37E+01
748,-80.0174,-26.6496,4.55E+00,4.95E+01,5.73E+01,2.30E+01
749,-86.6919,-19.9881,4.25E+00,4.68E+01,5.11E+01,2.70E+01
750,-86.6962,-13.325,4.31E+00,4.67E+01,4.85E+01,3.04E+01
751,-86.6992,-6.66166,4.34E+00,4.66E+01,4.65E+01,3.42E+01
752,-93.3632,-13.3257,3.92E+00,4.43E+01,4.67E+01,3.05E+01
753,-93.3596,-19.9892,3.88E+00,4.43E+01,4.90E+01,2.73E+01
754,-93.3657,-6.66211,3.95E+00,4.44E+01,4.49E+01,3.40E+01
755,-80.0289,-13.3242,4.70E+00,4.94E+01,5.06E+01,3.01E+01
756,-80.0238,-19.987,4.63E+00,4.95E+01,5.36E+01,2.64E+01
757,-80.0325,-6.66121,4.74E+00,4.91E+01,4.83E+01,3.42E+01
758,-86.6656,-46.6396,3.88E+00,4.58E+01,6.68E+01,1.52E+01
759,-86.6731,-39.9767,4.00E+00,4.63E+01,6.20E+01,1.78E+01
760,-86.6801,-33.3139,4.10E+00,4.66E+01,5.78E+01,2.06E+01
761,-93.3434,-39.9789,3.66E+00,4.39E+01,5.83E+01,1.85E+01
762,-93.3368,-46.6421,3.56E+00,4.35E+01,6.23E+01,1.59E+01
763,-93.3495,-33.3158,3.75E+00,4.41E+01,5.47E+01,2.12E+01
764,-80.0019,-39.9743,4.33E+00,4.89E+01,6.69E+01,1.69E+01
765,-79.9936,-46.637,4.20E+00,4.82E+01,7.26E+01,1.43E+01
766,-80.01,-33.3119,4.45E+00,4.93E+01,6.17E+01,1.98E+01
767,93.3368,-53.3113,3.52E+00,5.75E+01,3.41E+01,7.14E+01
768,86.6659,-53.3096,3.83E+00,6.18E+01,3.53E+01,7.71E+01
769,79.9944,-53.308,4.14E+00,6.73E+01,3.65E+01,8.43E+01
770,73.3225,-53.3067,4.44E+00,7.42E+01,3.76E+01,9.28E+01
771,66.6507,-53.3062,4.74E+00,8.21E+01,3.86E+01,1.03E+02
772,59.9792,-53.3069,5.02E+00,9.01E+01,3.96E+01,1.12E+02
773,53.3092,-53.3097,5.30E+00,9.55E+01,4.09E+01,1.19E+02
774,46.6417,-53.3156,5.55E+00,9.56E+01,4.26E+01,1.21E+02
775,39.9769,-53.3246,5.79E+00,9.00E+01,4.49E+01,1.15E+02
776,33.3141,-53.3357,6.00E+00,8.11E+01,4.75E+01,1.04E+02
777,26.6523,-53.3474,6.19E+00,7.27E+01,5.00E+01,9.13E+01
778,19.9904,-53.3579,6.34E+00,6.71E+01,5.21E+01,7.72E+01
779,13.3278,-53.3659,6.44E+00,6.49E+01,5.37E+01,6.33E+01
780,6.66478,-53.37,6.49E+00,6.51E+01,5.51E+01,5.05E+01
781,53.3061,-59.9794,5.02E+00,9.04E+01,3.95E+01,1.13E+02
782,53.3053,-66.6507,4.74E+00,8.26E+01,3.85E+01,1.03E+02
783,53.3058,-73.3224,4.44E+00,7.47E+01,3.74E+01,9.32E+01
784,53.307,-79.9942,4.14E+00,6.78E+01,3.64E+01,8.45E+01
785,53.3086,-86.6656,3.84E+00,6.22E+01,3.52E+01,7.74E+01
786,53.3105,-93.3365,3.53E+00,5.78E+01,3.40E+01,7.15E+01
787,59.9708,-73.3152,4.26E+00,7.93E+01,3.58E+01,9.80E+01
788,66.6374,-73.3097,4.06E+00,8.16E+01,3.44E+01,1.00E+02
789,73.3059,-73.3061,3.85E+00,8.09E+01,3.31E+01,9.87E+01
790,79.9758,-73.3044,3.62E+00,7.78E+01,3.21E+01,9.48E+01
791,86.6468,-73.3042,3.39E+00,7.32E+01,3.12E+01,8.93E+01
792,93.3183,-73.305,3.14E+00,6.84E+01,3.03E+01,8.36E+01
793,73.3096,-66.638,4.06E+00,8.14E+01,3.44E+01,9.98E+01
794,73.3153,-59.9716,4.26E+00,7.89E+01,3.59E+01,9.76E+01
795,59.9715,-66.6442,4.53E+00,8.57E+01,3.68E+01,1.06E+02
796,59.974,-59.9745,4.78E+00,9.00E+01,3.80E+01,1.11E+02
797,66.6396,-66.64,4.30E+00,8.52E+01,3.55E+01,1.05E+02
798,66.644,-59.9721,4.53E+00,8.55E+01,3.69E+01,1.06E+02
799,86.6524,-66.6384,3.55E+00,7.03E+01,3.26E+01,8.64E+01
800,86.6588,-59.9736,3.70E+00,6.62E+01,3.40E+01,8.21E+01
801,79.9807,-66.6377,3.81E+00,7.60E+01,3.35E+01,9.33E+01
802,79.987,-59.9722,3.98E+00,7.22E+01,3.50E+01,8.95E+01
803,93.3241,-66.6398,3.28E+00,6.52E+01,3.16E+01,8.01E+01
804,93.3303,-59.9753,3.41E+00,6.14E+01,3.29E+01,7.59E+01
805,73.3044,-93.3181,3.14E+00,6.87E+01,3.02E+01,8.39E+01
806,73.3037,-86.6467,3.39E+00,7.35E+01,3.11E+01,8.96E+01
807,73.304,-79.9759,3.62E+00,7.79E+01,3.21E+01,9.49E+01
808,66.6376,-86.6522,3.55E+00,7.06E+01,3.25E+01,8.67E+01
809,59.9727,-86.6586,3.70E+00,6.66E+01,3.39E+01,8.24E+01
810,66.639,-93.3237,3.28E+00,6.55E+01,3.15E+01,8.04E+01
811,59.9745,-93.33,3.41E+00,6.17E+01,3.27E+01,7.61E+01
812,66.6369,-79.9806,3.81E+00,7.63E+01,3.34E+01,9.35E+01
813,59.9714,-79.9869,3.98E+00,7.26E+01,3.49E+01,8.98E+01
814,93.3099,-86.6389,2.83E+00,7.15E+01,2.79E+01,8.65E+01
815,86.6399,-86.6401,3.03E+00,7.38E+01,2.89E+01,8.94E+01
816,79.9711,-86.6427,3.21E+00,7.46E+01,2.99E+01,9.05E+01
817,86.6386,-93.3098,2.83E+00,7.16E+01,2.79E+01,8.66E+01
818,93.3075,-93.3076,2.65E+00,7.08E+01,2.69E+01,8.55E+01
819,79.9709,-93.3133,2.99E+00,7.09E+01,2.90E+01,8.61E+01
820,86.6426,-79.9715,3.21E+00,7.45E+01,3.00E+01,9.04E+01
821,93.3135,-79.9714,2.99E+00,7.07E+01,2.91E+01,8.58E+01
822,79.9726,-79.9729,3.42E+00,7.72E+01,3.09E+01,9.37E+01
823,26.6526,-60.0173,5.79E+00,6.48E+01,4.75E+01,7.95E+01
824,26.6532,-66.6866,5.39E+00,5.91E+01,4.53E+01,7.11E+01
825,26.6539,-73.3553,5.00E+00,5.48E+01,4.34E+01,6.48E+01
826,26.6546,-80.0237,4.61E+00,5.17E+01,4.16E+01,6.02E+01
827,26.6554,-86.6917,4.24E+00,4.92E+01,4.00E+01,5.65E+01
828,26.6563,-93.3593,3.86E+00,4.72E+01,3.85E+01,5.36E+01
829,33.3165,-73.3477,4.89E+00,5.83E+01,4.21E+01,7.21E+01
830,39.9791,-73.3393,4.76E+00,6.31E+01,4.06E+01,7.94E+01
831,46.6421,-73.3306,4.61E+00,6.89E+01,3.91E+01,8.67E+01
832,39.9779,-66.6683,5.11E+00,7.00E+01,4.21E+01,8.87E+01
833,39.977,-59.9966,5.45E+00,7.89E+01,4.35E+01,1.01E+02
834,33.3155,-66.6778,5.26E+00,6.37E+01,4.38E+01,7.99E+01
835,33.3146,-60.0071,5.63E+00,7.11E+01,4.56E+01,9.04E+01
836,46.641,-66.659,4.93E+00,7.68E+01,4.03E+01,9.68E+01
837,46.6406,-59.987,5.25E+00,8.62E+01,4.14E+01,1.09E+02
838,39.9833,-93.3491,3.72E+00,5.13E+01,3.63E+01,6.24E+01
839,39.9819,-86.6798,4.07E+00,5.42E+01,3.77E+01,6.67E+01
840,39.9805,-80.0098,4.41E+00,5.80E+01,3.92E+01,7.23E+01
841,33.3187,-86.6862,4.16E+00,5.13E+01,3.89E+01,6.16E+01
842,33.3198,-93.3546,3.80E+00,4.89E+01,3.74E+01,5.80E+01
843,33.3176,-80.0172,4.52E+00,5.43E+01,4.04E+01,6.61E+01
844,46.6451,-86.6728,3.96E+00,5.79E+01,3.65E+01,7.20E+01
845,46.6468,-93.343,3.63E+00,5.43E+01,3.51E+01,6.69E+01
846,46.6435,-80.002,4.29E+00,6.26E+01,3.78E+01,7.85E+01
847,6.66468,-73.368,5.17E+00,5.20E+01,4.69E+01,4.47E+01
848,13.3279,-73.3658,5.14E+00,5.20E+01,4.57E+01,5.10E+01
849,19.991,-73.3615,5.08E+00,5.29E+01,4.46E+01,5.78E+01
850,13.3278,-66.6993,5.56E+00,5.53E+01,4.79E+01,5.39E+01
851,13.3277,-60.0326,5.99E+00,5.95E+01,5.04E+01,5.78E+01
852,6.66467,-66.7019,5.59E+00,5.53E+01,4.91E+01,4.61E+01
853,6.66469,-60.0359,6.03E+00,5.96E+01,5.17E+01,4.80E+01
854,19.9907,-66.694,5.49E+00,5.63E+01,4.67E+01,6.23E+01
855,19.9904,-60.0261,5.91E+00,6.09E+01,4.91E+01,6.85E+01
856,13.3288,-93.3654,3.95E+00,4.53E+01,4.06E+01,4.53E+01
857,13.3284,-86.6991,4.33E+00,4.72E+01,4.22E+01,4.68E+01
858,13.3282,-80.0325,4.73E+00,4.94E+01,4.38E+01,4.87E+01
859,6.6648,-86.7006,4.36E+00,4.69E+01,4.33E+01,4.23E+01
860,6.66489,-93.3667,3.96E+00,4.50E+01,4.18E+01,4.13E+01
861,6.66473,-80.0343,4.76E+00,4.92E+01,4.50E+01,4.34E+01
862,19.992,-86.6961,4.29E+00,4.79E+01,4.11E+01,5.16E+01
863,19.9926,-93.3629,3.91E+00,4.60E+01,3.95E+01,4.94E+01
864,19.9915,-80.0289,4.68E+00,5.01E+01,4.27E+01,5.43E+01
865,53.3696,-6.66598,6.48E+00,6.42E+01,5.55E+01,5.18E+01
866,53.3656,-13.329,6.43E+00,6.40E+01,5.41E+01,6.45E+01
867,53.3578,-19.9916,6.33E+00,6.62E+01,5.25E+01,7.81E+01
868,53.3474,-26.6536,6.19E+00,7.19E+01,5.03E+01,9.16E+01
869,53.3357,-33.3153,6.00E+00,8.04E+01,4.78E+01,1.04E+02
870,53.3246,-39.978,5.79E+00,8.93E+01,4.52E+01,1.15E+02
871,53.3154,-46.6426,5.55E+00,9.52E+01,4.28E+01,1.20E+02
872,60.0173,-26.6539,5.78E+00,6.41E+01,4.78E+01,7.99E+01
873,66.6866,-26.6544,5.38E+00,5.86E+01,4.56E+01,7.14E+01
874,73.3553,-26.655,4.99E+00,5.45E+01,4.36E+01,6.52E+01
875,80.0236,-26.6557,4.61E+00,5.14E+01,4.18E+01,6.05E+01
876,86.6916,-26.6564,4.23E+00,4.89E+01,4.02E+01,5.68E+01
877,93.3592,-26.6572,3.86E+00,4.70E+01,3.86E+01,5.38E+01
878,73.3613,-19.9921,5.08E+00,5.25E+01,4.48E+01,5.83E+01
879,73.3655,-13.3289,5.13E+00,5.17E+01,4.59E+01,5.16E+01
880,73.3676,-6.66572,5.16E+00,5.16E+01,4.71E+01,4.53E+01
881,66.6989,-13.3289,5.55E+00,5.48E+01,4.81E+01,5.47E+01
882,60.0322,-13.3289,5.99E+00,5.88E+01,5.08E+01,5.88E+01
883,66.6938,-19.9918,5.48E+00,5.58E+01,4.69E+01,6.29E+01
884,60.026,-19.9916,5.90E+00,6.03E+01,4.95E+01,6.92E+01
885,66.7014,-6.66576,5.59E+00,5.49E+01,4.93E+01,4.70E+01
886,60.0354,-6.66584,6.03E+00,5.89E+01,5.21E+01,4.91E+01
887,93.3652,-13.3296,3.94E+00,4.51E+01,4.08E+01,4.56E+01
888,86.6988,-13.3293,4.33E+00,4.70E+01,4.24E+01,4.72E+01
889,80.0322,-13.3291,4.73E+00,4.91E+01,4.40E+01,4.92E+01
890,86.6959,-19.9929,4.29E+00,4.77E+01,4.13E+01,5.19E+01
891,93.3628,-19.9934,3.91E+00,4.58E+01,3.97E+01,4.97E+01
892,80.0287,-19.9925,4.68E+00,4.98E+01,4.29E+01,5.47E+01
893,86.7002,-6.66572,4.35E+00,4.67E+01,4.35E+01,4.27E+01
894,93.3665,-6.66575,3.96E+00,4.48E+01,4.20E+01,4.16E+01
895,80.0339,-6.66571,4.75E+00,4.89E+01,4.52E+01,4.39E+01
896,73.3308,-46.6432,4.61E+00,6.84E+01,3.93E+01,8.64E+01
897,73.3395,-39.9802,4.76E+00,6.27E+01,4.08E+01,7.94E+01
898,73.3478,-33.3176,4.89E+00,5.79E+01,4.23E+01,7.22E+01
899,66.6684,-39.9791,5.10E+00,6.94E+01,4.23E+01,8.86E+01
900,59.9967,-39.9782,5.45E+00,7.83E+01,4.38E+01,1.00E+02
901,66.659,-46.6421,4.93E+00,7.62E+01,4.05E+01,9.65E+01
902,59.987,-46.6417,5.25E+00,8.56E+01,4.16E+01,1.08E+02
903,66.6778,-33.3167,5.26E+00,6.32E+01,4.41E+01,8.01E+01
904,60.0072,-33.3159,5.63E+00,7.05E+01,4.59E+01,9.05E+01
905,93.3493,-39.9843,3.72E+00,5.11E+01,3.64E+01,6.24E+01
906,86.6799,-39.9829,4.06E+00,5.39E+01,3.79E+01,6.68E+01
907,80.01,-39.9815,4.41E+00,5.77E+01,3.93E+01,7.23E+01
908,86.673,-46.6462,3.96E+00,5.76E+01,3.66E+01,7.19E+01
909,93.3432,-46.6478,3.63E+00,5.40E+01,3.53E+01,6.68E+01
910,80.0022,-46.6446,4.28E+00,6.22E+01,3.80E+01,7.83E+01
911,86.6862,-33.3196,4.16E+00,5.10E+01,3.90E+01,6.17E+01
912,93.3546,-33.3207,3.80E+00,4.87E+01,3.75E+01,5.81E+01
913,80.0173,-33.3186,4.52E+00,5.40E+01,4.06E+01,6.63E+01
914,6.66732,-26.7114,8.57E+00,1.20E+02,8.83E+01,8.56E+01
915,13.3335,-26.6974,8.41E+00,1.19E+02,8.21E+01,1.38E+02
916,19.9971,-26.6781,8.13E+00,1.25E+02,7.33E+01,1.73E+02
917,26.6628,-26.6635,7.78E+00,1.27E+02,6.53E+01,1.76E+02
918,33.333,-26.6566,7.40E+00,1.15E+02,5.98E+01,1.56E+02
919,40.005,-26.6543,7.00E+00,9.77E+01,5.61E+01,1.30E+02
920,46.6766,-26.6536,6.59E+00,8.28E+01,5.31E+01,1.08E+02
921,26.6777,-19.9981,8.13E+00,1.24E+02,7.38E+01,1.73E+02
922,26.6971,-13.3346,8.40E+00,1.16E+02,8.30E+01,1.41E+02
923,26.7111,-6.66852,8.56E+00,1.16E+02,8.92E+01,8.96E+01
924,20.028,-13.341,8.94E+00,1.43E+02,1.02E+02,1.87E+02
925,13.3574,-13.3575,9.45E+00,1.75E+02,1.33E+02,2.11E+02
926,6.68022,-13.3851,9.82E+00,2.22E+02,1.68E+02,1.46E+02
927,13.3403,-20.0282,8.94E+00,1.45E+02,1.01E+02,1.84E+02
928,20.0075,-20.0081,8.56E+00,1.39E+02,8.57E+01,2.00E+02
929,6.67065,-20.0486,9.18E+00,1.55E+02,1.14E+02,1.16E+02
930,13.3859,-6.6803,9.82E+00,2.16E+02,1.67E+02,1.53E+02
931,20.0486,-6.67161,9.17E+00,1.50E+02,1.14E+02,1.22E+02
932,6.7074,-6.70527,1.04E+01,3.45E+02,2.49E+02,1.09E+02
933,46.699,-13.3294,6.90E+00,7.10E+01,5.83E+01,7.29E+01
934,40.0322,-13.3302,7.38E+00,8.09E+01,6.40E+01,8.58E+01
935,33.365,-13.3316,7.88E+00,9.51E+01,7.17E+01,1.07E+02
936,40.0196,-19.9926,7.22E+00,8.66E+01,6.06E+01,1.10E+02
937,46.6891,-19.9919,6.77E+00,7.46E+01,5.61E+01,9.09E+01
938,33.3491,-19.9943,7.68E+00,1.04E+02,6.61E+01,1.38E+02
939,40.0391,-6.66658,7.46E+00,8.10E+01,6.62E+01,6.17E+01
940,46.7041,-6.6662,6.96E+00,7.13E+01,6.00E+01,5.58E+01
941,33.3747,-6.66723,7.99E+00,9.50E+01,7.53E+01,7.17E+01
942,26.6522,-46.6767,6.59E+00,8.38E+01,5.27E+01,1.08E+02
943,26.653,-40.0051,7.00E+00,9.87E+01,5.57E+01,1.30E+02
944,26.6556,-33.3333,7.40E+00,1.16E+02,5.95E+01,1.56E+02
945,13.3282,-46.6993,6.90E+00,7.23E+01,5.78E+01,7.14E+01
946,13.3289,-40.0325,7.39E+00,8.26E+01,6.33E+01,8.40E+01
947,13.3304,-33.3652,7.89E+00,9.73E+01,7.09E+01,1.04E+02
948,6.66531,-40.0396,7.47E+00,8.26E+01,6.56E+01,5.95E+01
949,6.66496,-46.7047,6.97E+00,7.24E+01,5.95E+01,5.41E+01
950,6.66597,-33.3751,8.00E+00,9.74E+01,7.45E+01,6.88E+01
951,19.9913,-40.0198,7.22E+00,8.80E+01,6.00E+01,1.09E+02
952,19.9906,-46.6893,6.77E+00,7.57E+01,5.56E+01,9.00E+01
953,19.993,-33.3493,7.68E+00,1.05E+02,6.54E+01,1.37E+02
954,39.9782,-46.6531,6.12E+00,1.02E+02,4.65E+01,1.30E+02
955,39.9826,-39.9833,6.44E+00,1.09E+02,4.86E+01,1.41E+02
956,39.9917,-33.3171,6.74E+00,1.08E+02,5.19E+01,1.42E+02
957,33.3161,-39.9921,6.74E+00,1.08E+02,5.16E+01,1.42E+02
958,33.3143,-46.6639,6.37E+00,9.41E+01,4.94E+01,1.22E+02
959,33.3215,-33.3222,7.08E+00,1.17E+02,5.49E+01,1.56E+02
960,46.6527,-39.9792,6.12E+00,1.01E+02,4.66E+01,1.30E+02
961,46.6453,-46.646,5.85E+00,1.02E+02,4.43E+01,1.29E+02
962,46.6637,-33.3155,6.37E+00,9.33E+01,4.97E+01,1.22E+02
1302,-99.9698,-106.223,2.05E+00,3.46E+01,7.62E+01,7.32E+00
1303,-99.9705,-112.477,1.87E+00,3.36E+01,7.38E+01,7.78E+00
1304,-99.972,-118.732,1.69E+00,3.25E+01,7.13E+01,8.13E+00
1305,-99.9741,-124.986,1.50E+00,3.12E+01,6.88E+01,8.30E+00
1306,-93.3079,-124.99,1.59E+00,3.15E+01,6.72E+01,7.41E+00
1307,-86.6423,-124.994,1.67E+00,3.18E+01,6.51E+01,7.14E+00
1308,-79.977,-124.998,1.75E+00,3.21E+01,6.25E+01,7.68E+00
1309,-73.312,-125.002,1.82E+00,3.24E+01,5.98E+01,8.94E+00
1310,-66.6473,-125.006,1.88E+00,3.27E+01,5.71E+01,1.07E+01
1311,-59.9826,-125.01,1.94E+00,3.29E+01,5.44E+01,1.28E+01
1312,-53.318,-125.013,1.99E+00,3.32E+01,5.18E+01,1.50E+01
1313,-46.6534,-125.017,2.03E+00,3.35E+01,4.95E+01,1.73E+01
1314,-39.9887,-125.019,2.07E+00,3.38E+01,4.72E+01,1.97E+01
1315,-33.3239,-125.022,2.11E+00,3.42E+01,4.52E+01,2.22E+01
1316,-26.6592,-125.024,2.13E+00,3.46E+01,4.33E+01,2.46E+01
1317,-19.9943,-125.026,2.16E+00,3.51E+01,4.15E+01,2.71E+01
1318,-13.3294,-125.027,2.17E+00,3.56E+01,3.99E+01,2.96E+01
1319,-6.66449,-125.028,2.18E+00,3.62E+01,3.83E+01,3.21E+01
1320,0.000481547,-125.029,2.19E+00,3.68E+01,3.69E+01,3.46E+01
1321,6.66546,-125.029,2.19E+00,3.75E+01,3.56E+01,3.71E+01
1322,13.3304,-125.028,2.18E+00,3.84E+01,3.43E+01,3.97E+01
1323,19.9954,-125.027,2.17E+00,3.93E+01,3.32E+01,4.23E+01
1324,26.6603,-125.026,2.15E+00,4.04E+01,3.20E+01,4.49E+01
1325,33.3252,-125.024,2.13E+00,4.17E+01,3.09E+01,4.76E+01
1326,39.9901,-125.022,2.10E+00,4.32E+01,2.98E+01,5.02E+01
1327,46.6549,-125.019,2.06E+00,4.49E+01,2.88E+01,5.29E+01
1328,53.3196,-125.016,2.02E+00,4.67E+01,2.77E+01,5.56E+01
1329,59.9844,-125.013,1.98E+00,4.88E+01,2.68E+01,5.84E+01
1330,66.6493,-125.009,1.93E+00,5.10E+01,2.58E+01,6.12E+01
1331,73.3142,-125.005,1.87E+00,5.33E+01,2.49E+01,6.39E+01
1332,79.9793,-125.002,1.81E+00,5.55E+01,2.40E+01,6.66E+01
1333,86.6448,-124.998,1.74E+00,5.75E+01,2.31E+01,6.90E+01
1334,93.3106,-124.994,1.66E+00,5.91E+01,2.23E+01,7.11E+01
1335,99.9771,-124.991,1.57E+00,6.02E+01,2.15E+01,7.26E+01
1336,99.9756,-118.736,1.77E+00,6.23E+01,2.25E+01,7.51E+01
1337,99.9748,-112.482,1.96E+00,6.44E+01,2.34E+01,7.77E+01
1338,99.9747,-106.229,2.13E+00,6.65E+01,2.42E+01,8.02E+01
1339,0.000565932,-118.78,2.53E+00,3.83E+01,3.81E+01,3.51E+01
1340,0.000662942,-112.531,2.88E+00,3.98E+01,3.93E+01,3.57E+01
1341,0.000767745,-106.282,3.23E+00,4.13E+01,4.05E+01,3.63E+01
1342,-53.3158,-118.761,2.28E+00,3.52E+01,5.38E+01,1.48E+01
1343,-53.3136,-112.509,2.57E+00,3.72E+01,5.60E+01,1.46E+01
1344,-53.3112,-106.255,2.86E+00,3.91E+01,5.86E+01,1.43E+01
1345,-79.9742,-118.743,1.99E+00,3.39E+01,6.53E+01,7.68E+00
1346,-79.9715,-112.488,2.23E+00,3.55E+01,6.85E+01,7.63E+00
1347,-79.969,-106.233,2.46E+00,3.70E+01,7.22E+01,7.50E+00
1348,-86.6371,-112.484,2.12E+00,3.49E+01,7.11E+01,7.12E+00
1349,-93.3033,-112.48,2.00E+00,3.43E+01,7.29E+01,7.23E+00
1350,-86.6396,-118.739,1.90E+00,3.35E+01,6.79E+01,7.19E+00
1351,-93.3054,-118.735,1.80E+00,3.30E+01,7.00E+01,7.40E+00
1352,-86.635,-106.229,2.33E+00,3.62E+01,7.46E+01,6.94E+00
1353,-93.3018,-106.226,2.19E+00,3.54E+01,7.59E+01,6.93E+00
1354,-66.6447,-118.752,2.15E+00,3.46E+01,5.95E+01,1.05E+01
1355,-66.6421,-112.498,2.42E+00,3.65E+01,6.23E+01,1.04E+01
1356,-66.6394,-106.244,2.68E+00,3.82E+01,6.56E+01,1.02E+01
1357,-73.3066,-112.493,2.33E+00,3.60E+01,6.55E+01,8.76E+00
1358,-73.3093,-118.748,2.08E+00,3.43E+01,6.24E+01,8.85E+00
1359,-73.3038,-106.239,2.57E+00,3.76E+01,6.91E+01,8.61E+00
1360,-59.9777,-112.504,2.50E+00,3.68E+01,5.91E+01,1.24E+01
1361,-59.9802,-118.757,2.22E+00,3.49E+01,5.66E+01,1.26E+01
1362,-59.9752,-106.25,2.78E+00,3.87E+01,6.21E+01,1.21E+01
1363,-26.6582,-118.775,2.46E+00,3.65E+01,4.46E+01,2.46E+01
1364,-26.6571,-112.525,2.79E+00,3.83E+01,4.60E+01,2.46E+01
1365,-26.6559,-106.274,3.12E+00,4.02E+01,4.75E+01,2.46E+01
1366,-39.9871,-118.769,2.39E+00,3.58E+01,4.88E+01,1.96E+01
1367,-39.9854,-112.517,2.70E+00,3.77E+01,5.05E+01,1.94E+01
1368,-39.9837,-106.266,3.01E+00,3.97E+01,5.25E+01,1.92E+01
1369,-46.6495,-112.513,2.64E+00,3.75E+01,5.32E+01,1.69E+01
1370,-46.6514,-118.765,2.34E+00,3.55E+01,5.12E+01,1.71E+01
1371,-46.6474,-106.261,2.94E+00,3.94E+01,5.54E+01,1.67E+01
1372,-33.3213,-112.521,2.75E+00,3.80E+01,4.82E+01,2.20E+01
1373,-33.3227,-118.772,2.43E+00,3.61E+01,4.66E+01,2.21E+01
1374,-33.3199,-106.27,3.07E+00,3.99E+01,4.99E+01,2.19E+01
1375,-13.3288,-118.779,2.51E+00,3.73E+01,4.11E+01,2.98E+01
1376,-13.3283,-112.529,2.85E+00,3.89E+01,4.23E+01,3.00E+01
1377,-13.3277,-106.28,3.20E+00,4.06E+01,4.36E+01,3.03E+01
1378,-19.9927,-112.527,2.83E+00,3.86E+01,4.41E+01,2.73E+01
1379,-19.9935,-118.777,2.49E+00,3.68E+01,4.28E+01,2.72E+01
1380,-19.9919,-106.277,3.16E+00,4.04E+01,4.54E+01,2.74E+01
1381,-6.66383,-112.531,2.87E+00,3.93E+01,4.07E+01,3.28E+01
1382,-6.66416,-118.78,2.53E+00,3.78E+01,3.95E+01,3.24E+01
1383,-6.6635,-106.281,3.22E+00,4.09E+01,4.20E+01,3.33E+01
1384,46.6533,-118.768,2.37E+00,4.62E+01,3.00E+01,5.48E+01
1385,46.6518,-112.517,2.68E+00,4.77E+01,3.13E+01,5.70E+01
1386,46.6502,-106.265,2.99E+00,4.94E+01,3.25E+01,5.97E+01
1387,19.9948,-118.778,2.51E+00,4.06E+01,3.44E+01,4.34E+01
1388,19.9943,-112.529,2.85E+00,4.18E+01,3.56E+01,4.46E+01
1389,19.9937,-106.279,3.19E+00,4.31E+01,3.68E+01,4.60E+01
1390,13.3298,-112.53,2.87E+00,4.10E+01,3.68E+01,4.16E+01
1391,6.66521,-112.531,2.88E+00,4.03E+01,3.80E+01,3.86E+01
1392,13.3301,-118.779,2.52E+00,3.97E+01,3.56E+01,4.06E+01
1393,6.66533,-118.78,2.53E+00,3.89E+01,3.68E+01,3.78E+01
1394,13.3294,-106.281,3.21E+00,4.23E+01,3.80E+01,4.27E+01
1395,6.66509,-106.282,3.23E+00,4.17E+01,3.92E+01,3.95E+01
1396,33.3242,-118.774,2.45E+00,4.29E+01,3.21E+01,4.90E+01
1397,33.3231,-112.524,2.78E+00,4.42E+01,3.34E+01,5.07E+01
1398,33.3221,-106.274,3.11E+00,4.55E+01,3.46E+01,5.27E+01
1399,26.6587,-112.527,2.82E+00,4.29E+01,3.45E+01,4.77E+01
1400,26.6595,-118.776,2.48E+00,4.17E+01,3.32E+01,4.62E+01
1401,26.6579,-106.277,3.16E+00,4.41E+01,3.57E+01,4.93E+01
1402,39.9875,-112.521,2.74E+00,4.58E+01,3.23E+01,5.39E+01
1403,39.9888,-118.771,2.42E+00,4.45E+01,3.11E+01,5.19E+01
1404,39.9861,-106.27,3.06E+00,4.73E+01,3.36E+01,5.62E+01
1405,73.3119,-118.752,2.13E+00,5.53E+01,2.61E+01,6.67E+01
1406,73.3097,-112.498,2.39E+00,5.78E+01,2.72E+01,7.00E+01
1407,73.3077,-106.244,2.64E+00,6.07E+01,2.83E+01,7.39E+01
1408,59.9824,-118.761,2.27E+00,5.05E+01,2.80E+01,6.07E+01
1409,59.9804,-112.508,2.55E+00,5.24E+01,2.92E+01,6.35E+01
1410,59.9784,-106.255,2.84E+00,5.48E+01,3.04E+01,6.69E+01
1411,53.3161,-112.513,2.62E+00,4.99E+01,3.02E+01,6.03E+01
1412,53.3179,-118.765,2.32E+00,4.83E+01,2.90E+01,5.77E+01
1413,53.3142,-106.26,2.92E+00,5.20E+01,3.15E+01,6.33E+01
1414,66.6449,-112.503,2.48E+00,5.51E+01,2.82E+01,6.68E+01
1415,66.6471,-118.756,2.20E+00,5.29E+01,2.71E+01,6.38E+01
1416,66.6428,-106.249,2.75E+00,5.78E+01,2.94E+01,7.05E+01
1417,86.6426,-118.744,1.97E+00,5.97E+01,2.43E+01,7.20E+01
1418,86.6408,-112.489,2.19E+00,6.24E+01,2.52E+01,7.54E+01
1419,86.6393,-106.235,2.41E+00,6.54E+01,2.62E+01,7.91E+01
1420,79.9749,-112.494,2.30E+00,6.03E+01,2.62E+01,7.29E+01
1421,79.9771,-118.748,2.06E+00,5.77E+01,2.52E+01,6.95E+01
1422,79.9731,-106.239,2.53E+00,6.34E+01,2.72E+01,7.69E+01
1423,93.3073,-112.485,2.08E+00,6.38E+01,2.43E+01,7.70E+01
1424,93.3088,-118.74,1.88E+00,6.14E+01,2.34E+01,7.39E+01
1425,93.3065,-106.231,2.28E+00,6.64E+01,2.51E+01,8.02E+01
1426,99.9698,106.223,2.05E+00,3.45E+01,7.63E+01,7.18E+00
1427,99.9704,112.477,1.88E+00,3.35E+01,7.41E+01,7.65E+00
1428,99.9719,118.731,1.69E+00,3.23E+01,7.17E+01,8.01E+00
1429,99.974,124.986,1.50E+00,3.09E+01,6.94E+01,8.19E+00
1430,93.3077,124.989,1.59E+00,3.12E+01,6.79E+01,7.37E+00
1431,86.6419,124.993,1.68E+00,3.15E+01,6.58E+01,7.13E+00
1432,79.9766,124.997,1.75E+00,3.18E+01,6.34E+01,7.67E+00
1433,73.3115,125.001,1.82E+00,3.21E+01,6.07E+01,8.93E+00
1434,66.6467,125.005,1.88E+00,3.24E+01,5.79E+01,1.07E+01
1435,59.982,125.009,1.94E+00,3.26E+01,5.52E+01,1.27E+01
1436,53.3173,125.013,1.99E+00,3.29E+01,5.26E+01,1.50E+01
1437,46.6527,125.016,2.04E+00,3.32E+01,5.02E+01,1.73E+01
1438,39.988,125.019,2.07E+00,3.35E+01,4.79E+01,1.97E+01
1439,33.3232,125.022,2.11E+00,3.38E+01,4.58E+01,2.22E+01
1440,26.6585,125.024,2.14E+00,3.42E+01,4.39E+01,2.46E+01
1441,19.9936,125.026,2.16E+00,3.46E+01,4.21E+01,2.71E+01
1442,13.3287,125.027,2.17E+00,3.51E+01,4.04E+01,2.96E+01
1443,6.66383,125.028,2.19E+00,3.57E+01,3.89E+01,3.21E+01
1444,-0.00112483,125.029,2.19E+00,3.63E+01,3.74E+01,3.47E+01
1445,-6.66609,125.029,2.19E+00,3.70E+01,3.61E+01,3.72E+01
1446,-13.331,125.028,2.18E+00,3.78E+01,3.48E+01,3.98E+01
1447,-19.996,125.027,2.17E+00,3.87E+01,3.36E+01,4.23E+01
1448,-26.661,125.026,2.15E+00,3.98E+01,3.24E+01,4.49E+01
1449,-33.3258,125.024,2.13E+00,4.11E+01,3.13E+01,4.75E+01
1450,-39.9907,125.022,2.10E+00,4.26E+01,3.02E+01,5.01E+01
1451,-46.6555,125.019,2.06E+00,4.43E+01,2.91E+01,5.27E+01
1452,-53.3202,125.016,2.02E+00,4.61E+01,2.81E+01,5.54E+01
1453,-59.985,125.013,1.98E+00,4.82E+01,2.70E+01,5.81E+01
1454,-66.6498,125.009,1.93E+00,5.04E+01,2.61E+01,6.08E+01
1455,-73.3147,125.006,1.87E+00,5.27E+01,2.51E+01,6.35E+01
1456,-79.9798,125.002,1.81E+00,5.49E+01,2.42E+01,6.61E+01
1457,-86.6452,124.998,1.74E+00,5.70E+01,2.33E+01,6.85E+01
1458,-93.3109,124.994,1.66E+00,5.87E+01,2.25E+01,7.07E+01
1459,-99.9772,124.991,1.57E+00,5.99E+01,2.17E+01,7.22E+01
1460,-99.9757,118.736,1.77E+00,6.20E+01,2.26E+01,7.48E+01
1461,-99.9748,112.482,1.96E+00,6.41E+01,2.34E+01,7.74E+01
1462,-99.9746,106.228,2.13E+00,6.62E+01,2.42E+01,7.99E+01
1463,-0.0013206,118.78,2.53E+00,3.78E+01,3.86E+01,3.52E+01
1464,-0.00152165,112.531,2.88E+00,3.93E+01,3.97E+01,3.59E+01
1465,-0.00172967,106.282,3.23E+00,4.08E+01,4.09E+01,3.65E+01
1466,53.3151,118.761,2.28E+00,3.50E+01,5.46E+01,1.48E+01
1467,53.3127,112.508,2.58E+00,3.69E+01,5.68E+01,1.46E+01
1468,53.3103,106.255,2.86E+00,3.89E+01,5.95E+01,1.43E+01
1469,79.9737,118.743,1.99E+00,3.37E+01,6.62E+01,7.67E+00
1470,79.971,112.488,2.23E+00,3.53E+01,6.94E+01,7.61E+00
1471,79.9685,106.233,2.46E+00,3.68E+01,7.30E+01,7.46E+00
1472,86.6367,112.484,2.12E+00,3.47E+01,7.18E+01,7.08E+00
1473,93.3031,112.48,2.00E+00,3.41E+01,7.34E+01,7.15E+00
1474,86.6392,118.738,1.90E+00,3.32E+01,6.87E+01,7.16E+00
1475,93.3052,118.735,1.80E+00,3.28E+01,7.06E+01,7.34E+00
1476,86.6346,106.229,2.33E+00,3.61E+01,7.52E+01,6.88E+00
1477,93.3017,106.225,2.20E+00,3.53E+01,7.63E+01,6.83E+00
1478,66.644,118.752,2.15E+00,3.44E+01,6.03E+01,1.05E+01
1479,66.6413,112.498,2.42E+00,3.63E+01,6.32E+01,1.04E+01
1480,66.6386,106.243,2.68E+00,3.80E+01,6.66E+01,1.02E+01
1481,73.3059,112.493,2.33E+00,3.58E+01,6.64E+01,8.75E+00
1482,73.3087,118.747,2.08E+00,3.40E+01,6.33E+01,8.84E+00
1483,73.3032,106.238,2.57E+00,3.75E+01,7.00E+01,8.59E+00
1484,59.9769,112.503,2.50E+00,3.66E+01,6.00E+01,1.24E+01
1485,59.9795,118.756,2.22E+00,3.47E+01,5.74E+01,1.25E+01
1486,59.9743,106.249,2.78E+00,3.85E+01,6.30E+01,1.21E+01
1487,26.6573,118.774,2.46E+00,3.61E+01,4.52E+01,2.46E+01
1488,26.6561,112.524,2.79E+00,3.79E+01,4.66E+01,2.47E+01
1489,26.6549,106.274,3.12E+00,3.98E+01,4.81E+01,2.47E+01
1490,39.9863,118.768,2.39E+00,3.55E+01,4.95E+01,1.96E+01
1491,39.9845,112.517,2.70E+00,3.75E+01,5.12E+01,1.95E+01
1492,39.9827,106.265,3.01E+00,3.94E+01,5.32E+01,1.93E+01
1493,46.6486,112.513,2.64E+00,3.72E+01,5.39E+01,1.70E+01
1494,46.6507,118.765,2.34E+00,3.52E+01,5.19E+01,1.71E+01
1495,46.6465,106.26,2.94E+00,3.92E+01,5.62E+01,1.67E+01
1496,33.3204,112.521,2.75E+00,3.77E+01,4.88E+01,2.20E+01
1497,33.3218,118.771,2.43E+00,3.58E+01,4.73E+01,2.21E+01
1498,33.3188,106.27,3.07E+00,3.96E+01,5.05E+01,2.19E+01
1499,13.3281,118.778,2.51E+00,3.68E+01,4.16E+01,2.99E+01
1500,13.3274,112.529,2.85E+00,3.85E+01,4.28E+01,3.02E+01
1501,13.3267,106.279,3.20E+00,4.02E+01,4.41E+01,3.05E+01
1502,19.9918,112.527,2.83E+00,3.82E+01,4.46E+01,2.74E+01
1503,19.9927,118.776,2.49E+00,3.64E+01,4.33E+01,2.72E+01
1504,19.9909,106.277,3.16E+00,4.00E+01,4.60E+01,2.75E+01
1505,6.66298,112.53,2.87E+00,3.89E+01,4.12E+01,3.30E+01
1506,6.66341,118.779,2.53E+00,3.73E+01,4.01E+01,3.25E+01
1507,6.66254,106.281,3.22E+00,4.05E+01,4.24E+01,3.35E+01
1508,-46.6541,118.768,2.38E+00,4.57E+01,3.03E+01,5.46E+01
1509,-46.6526,112.517,2.69E+00,4.71E+01,3.16E+01,5.68E+01
1510,-46.6511,106.265,3.00E+00,4.88E+01,3.28E+01,5.94E+01
1511,-19.9956,118.778,2.51E+00,4.00E+01,3.48E+01,4.34E+01
1512,-19.9951,112.529,2.85E+00,4.13E+01,3.60E+01,4.47E+01
1513,-19.9946,106.28,3.19E+00,4.25E+01,3.72E+01,4.61E+01
1514,-13.3306,112.53,2.87E+00,4.05E+01,3.71E+01,4.17E+01
1515,-6.66603,112.531,2.88E+00,3.98E+01,3.84E+01,3.88E+01
1516,-13.3308,118.779,2.52E+00,3.92E+01,3.60E+01,4.07E+01
1517,-6.66606,118.78,2.53E+00,3.84E+01,3.72E+01,3.79E+01
1518,-13.3303,106.281,3.21E+00,4.18E+01,3.83E+01,4.29E+01
1519,-6.66603,106.282,3.23E+00,4.12E+01,3.96E+01,3.97E+01
1520,-33.3249,118.774,2.46E+00,4.24E+01,3.25E+01,4.89E+01
1521,-33.3239,112.524,2.78E+00,4.36E+01,3.37E+01,5.07E+01
1522,-33.323,106.274,3.11E+00,4.49E+01,3.50E+01,5.27E+01
1523,-26.6595,112.527,2.82E+00,4.23E+01,3.48E+01,4.77E+01
1524,-26.6602,118.777,2.49E+00,4.11E+01,3.36E+01,4.62E+01
1525,-26.6588,106.277,3.16E+00,4.36E+01,3.61E+01,4.94E+01
1526,-39.9883,112.521,2.74E+00,4.52E+01,3.26E+01,5.37E+01
1527,-39.9895,118.772,2.42E+00,4.39E+01,3.14E+01,5.17E+01
1528,-39.9871,106.27,3.06E+00,4.67E+01,3.39E+01,5.60E+01
1529,-73.3125,118.752,2.13E+00,5.47E+01,2.63E+01,6.62E+01
1530,-73.3103,112.499,2.39E+00,5.71E+01,2.74E+01,6.94E+01
1531,-73.3083,106.244,2.65E+00,6.00E+01,2.85E+01,7.33E+01
1532,-59.9831,118.761,2.27E+00,4.99E+01,2.83E+01,6.04E+01
1533,-59.9812,112.508,2.56E+00,5.18E+01,2.95E+01,6.31E+01
1534,-59.9792,106.255,2.84E+00,5.41E+01,3.06E+01,6.64E+01
1535,-53.3169,112.513,2.62E+00,4.93E+01,3.05E+01,5.99E+01
1536,-53.3186,118.765,2.33E+00,4.77E+01,2.93E+01,5.74E+01
1537,-53.3152,106.26,2.92E+00,5.13E+01,3.17E+01,6.29E+01
1538,-66.6456,112.504,2.48E+00,5.44E+01,2.84E+01,6.63E+01
1539,-66.6478,118.757,2.20E+00,5.23E+01,2.73E+01,6.33E+01
1540,-66.6436,106.25,2.75E+00,5.71E+01,2.96E+01,6.99E+01
1541,-86.643,118.744,1.97E+00,5.92E+01,2.44E+01,7.15E+01
1542,-86.6411,112.489,2.20E+00,6.19E+01,2.54E+01,7.48E+01
1543,-86.6397,106.235,2.41E+00,6.49E+01,2.63E+01,7.85E+01
1544,-79.9754,112.494,2.30E+00,5.97E+01,2.64E+01,7.24E+01
1545,-79.9775,118.748,2.06E+00,5.71E+01,2.53E+01,6.90E+01
1546,-79.9736,106.239,2.53E+00,6.27E+01,2.74E+01,7.63E+01
1547,-93.3076,112.485,2.08E+00,6.34E+01,2.44E+01,7.66E+01
1548,-93.309,118.74,1.87E+00,6.09E+01,2.35E+01,7.35E+01
1549,-93.3066,106.231,2.28E+00,6.61E+01,2.52E+01,7.98E+01
1550,106.224,124.983,1.41E+00,3.05E+01,7.01E+01,9.32E+00
1551,112.475,124.981,1.31E+00,3.01E+01,6.99E+01,1.05E+01
1552,118.727,124.98,1.19E+00,2.95E+01,6.91E+01,1.17E+01
1553,124.979,124.979,1.07E+00,2.88E+01,6.77E+01,1.27E+01
1554,124.98,118.727,1.20E+00,2.96E+01,6.88E+01,1.17E+01
1555,124.981,112.475,1.31E+00,3.02E+01,6.94E+01,1.06E+01
1556,124.984,106.224,1.41E+00,3.07E+01,6.94E+01,9.35E+00
1557,124.986,99.974,1.51E+00,3.11E+01,6.86E+01,8.22E+00
1558,124.99,93.3078,1.60E+00,3.15E+01,6.71E+01,7.38E+00
1559,124.994,86.6421,1.68E+00,3.18E+01,6.50E+01,7.13E+00
1560,124.998,79.9767,1.76E+00,3.21E+01,6.26E+01,7.65E+00
1561,125.002,73.3117,1.83E+00,3.24E+01,5.99E+01,8.88E+00
1562,125.006,66.6469,1.89E+00,3.27E+01,5.72E+01,1.06E+01
1563,125.009,59.9822,1.95E+00,3.29E+01,5.46E+01,1.27E+01
1564,125.013,53.3175,2.00E+00,3.32E+01,5.21E+01,1.49E+01
1565,125.016,46.6528,2.04E+00,3.35E+01,4.97E+01,1.73E+01
1566,125.019,39.9881,2.08E+00,3.38E+01,4.75E+01,1.97E+01
1567,125.022,33.3234,2.11E+00,3.42E+01,4.54E+01,2.21E+01
1568,125.024,26.6586,2.14E+00,3.46E+01,4.35E+01,2.46E+01
1569,125.026,19.9937,2.16E+00,3.50E+01,4.18E+01,2.70E+01
1570,125.027,13.3288,2.18E+00,3.55E+01,4.01E+01,2.95E+01
1571,125.028,6.66392,2.19E+00,3.61E+01,3.86E+01,3.21E+01
1572,125.029,-0.00104635,2.19E+00,3.67E+01,3.72E+01,3.46E+01
1573,125.029,-6.66602,2.19E+00,3.74E+01,3.59E+01,3.71E+01
1574,125.028,-13.331,2.18E+00,3.83E+01,3.46E+01,3.97E+01
1575,125.027,-19.996,2.17E+00,3.92E+01,3.34E+01,4.23E+01
1576,125.026,-26.6609,2.15E+00,4.03E+01,3.22E+01,4.49E+01
1577,125.024,-33.3257,2.13E+00,4.16E+01,3.11E+01,4.75E+01
1578,125.022,-39.9906,2.09E+00,4.31E+01,3.00E+01,5.01E+01
1579,125.019,-46.6554,2.06E+00,4.48E+01,2.89E+01,5.27E+01
1580,125.016,-53.3202,2.02E+00,4.67E+01,2.79E+01,5.54E+01
1581,125.013,-59.985,1.97E+00,4.87E+01,2.69E+01,5.81E+01
1582,125.009,-66.6498,1.92E+00,5.10E+01,2.59E+01,6.08E+01
1583,125.006,-73.3147,1.86E+00,5.33E+01,2.50E+01,6.35E+01
1584,125.002,-79.9799,1.80E+00,5.55E+01,2.40E+01,6.61E+01
1585,124.998,-86.6453,1.73E+00,5.76E+01,2.32E+01,6.86E+01
1586,124.994,-93.3111,1.65E+00,5.94E+01,2.23E+01,7.06E+01
1587,124.991,-99.9775,1.57E+00,6.06E+01,2.15E+01,7.22E+01
1588,124.988,-106.228,1.48E+00,6.12E+01,2.08E+01,7.30E+01
1589,124.986,-112.479,1.38E+00,6.10E+01,2.01E+01,7.31E+01
1590,124.984,-118.73,1.28E+00,6.01E+01,1.95E+01,7.26E+01
1591,124.983,-124.983,1.16E+00,5.89E+01,1.88E+01,7.17E+01
1592,118.73,-124.984,1.28E+00,5.98E+01,1.95E+01,7.28E+01
1593,112.479,-124.986,1.39E+00,6.05E+01,2.02E+01,7.34E+01
1594,106.227,-124.988,1.49E+00,6.07E+01,2.08E+01,7.34E+01
1595,118.78,-0.00119772,2.53E+00,3.82E+01,3.84E+01,3.52E+01
1596,112.531,-0.0013568,2.88E+00,3.96E+01,3.95E+01,3.58E+01
1597,106.282,-0.00152431,3.22E+00,4.11E+01,4.07E+01,3.65E+01
1598,118.752,66.6443,2.16E+00,3.46E+01,5.97E+01,1.05E+01
1599,112.498,66.6416,2.42E+00,3.65E+01,6.25E+01,1.03E+01
1600,106.244,66.6389,2.68E+00,3.83E+01,6.58E+01,1.02E+01
1601,118.732,99.7656,1.70E+00,3.25E+01,7.11E+01,8.02E+00
1602,112.477,99.7641,1.88E+00,3.36E+01,7.36E+01,7.65E+00
1603,106.223,99.7634,2.06E+00,3.46E+01,7.60E+01,7.18E+00
1604,112.475,106.137,1.75E+00,3.29E+01,7.35E+01,8.37E+00
1605,112.474,112.474,1.61E+00,3.21E+01,7.27E+01,9.16E+00
1606,112.474,118.727,1.46E+00,3.12E+01,7.14E+01,9.91E+00
1607,118.728,112.474,1.47E+00,3.12E+01,7.11E+01,9.93E+00
1608,118.722,106.152,1.59E+00,3.19E+01,7.15E+01,8.94E+00
1609,118.727,118.727,1.34E+00,3.05E+01,7.02E+01,1.09E+01
1610,106.222,112.475,1.75E+00,3.28E+01,7.38E+01,8.37E+00
1611,106.229,106.151,1.91E+00,3.37E+01,7.52E+01,7.74E+00
1612,106.223,118.729,1.58E+00,3.17E+01,7.20E+01,8.93E+00
1613,118.739,86.6394,1.91E+00,3.35E+01,6.78E+01,7.16E+00
1614,112.484,86.6369,2.13E+00,3.50E+01,7.10E+01,7.08E+00
1615,106.229,86.6348,2.33E+00,3.62E+01,7.45E+01,6.88E+00
1616,112.48,93.2182,2.01E+00,3.43E+01,7.28E+01,7.15E+00
1617,118.742,93.2344,1.81E+00,3.30E+01,6.98E+01,7.35E+00
1618,106.219,93.2309,2.20E+00,3.54E+01,7.58E+01,6.84E+00
1619,112.493,73.3062,2.33E+00,3.61E+01,6.56E+01,8.72E+00
1620,112.488,79.9713,2.23E+00,3.55E+01,6.86E+01,7.60E+00
1621,118.748,73.309,2.08E+00,3.43E+01,6.26E+01,8.80E+00
1622,118.743,79.9739,2.00E+00,3.39E+01,6.54E+01,7.64E+00
1623,106.238,73.3036,2.58E+00,3.77E+01,6.92E+01,8.58E+00
1624,106.233,79.9688,2.46E+00,3.70E+01,7.22E+01,7.46E+00
1625,118.772,33.322,2.43E+00,3.61E+01,4.69E+01,2.20E+01
1626,112.521,33.3206,2.75E+00,3.80E+01,4.84E+01,2.20E+01
1627,106.27,33.3191,3.08E+00,3.99E+01,5.01E+01,2.19E+01
1628,118.761,53.3153,2.29E+00,3.52E+01,5.40E+01,1.47E+01
1629,112.508,53.3131,2.58E+00,3.72E+01,5.63E+01,1.45E+01
1630,106.255,53.3107,2.87E+00,3.91E+01,5.89E+01,1.43E+01
1631,112.503,59.9773,2.51E+00,3.69E+01,5.93E+01,1.23E+01
1632,118.757,59.9798,2.23E+00,3.49E+01,5.68E+01,1.25E+01
1633,106.25,59.9747,2.78E+00,3.87E+01,6.23E+01,1.21E+01
1634,112.517,39.9848,2.70E+00,3.77E+01,5.08E+01,1.94E+01
1635,112.513,46.6489,2.65E+00,3.75E+01,5.34E+01,1.69E+01
1636,118.769,39.9865,2.39E+00,3.58E+01,4.91E+01,1.95E+01
1637,118.765,46.6509,2.34E+00,3.55E+01,5.14E+01,1.71E+01
1638,106.265,39.983,3.02E+00,3.97E+01,5.27E+01,1.93E+01
1639,106.26,46.6469,2.95E+00,3.94E+01,5.57E+01,1.67E+01
1640,118.777,19.9929,2.49E+00,3.68E+01,4.30E+01,2.72E+01
1641,112.527,19.992,2.83E+00,3.85E+01,4.43E+01,2.74E+01
1642,106.277,19.9911,3.17E+00,4.03E+01,4.57E+01,2.75E+01
1643,112.524,26.6564,2.79E+00,3.82E+01,4.63E+01,2.47E+01
1644,118.774,26.6575,2.47E+00,3.64E+01,4.49E+01,2.46E+01
1645,106.274,26.6552,3.13E+00,4.01E+01,4.78E+01,2.47E+01
1646,112.53,6.66316,2.87E+00,3.92E+01,4.10E+01,3.29E+01
1647,112.529,13.3276,2.85E+00,3.88E+01,4.26E+01,3.01E+01
1648,118.779,6.66355,2.53E+00,3.77E+01,3.98E+01,3.25E+01
1649,118.778,13.3282,2.51E+00,3.72E+01,4.13E+01,2.98E+01
1650,106.281,6.66277,3.22E+00,4.08E+01,4.22E+01,3.34E+01
1651,106.279,13.327,3.20E+00,4.06E+01,4.38E+01,3.04E+01
1652,118.761,-59.9831,2.26E+00,5.04E+01,2.81E+01,6.05E+01
1653,112.508,-59.9811,2.55E+00,5.23E+01,2.93E+01,6.33E+01
1654,106.255,-59.9792,2.83E+00,5.46E+01,3.05E+01,6.67E+01
1655,118.776,-26.6602,2.48E+00,4.15E+01,3.34E+01,4.62E+01
1656,112.527,-26.6595,2.82E+00,4.27E+01,3.46E+01,4.77E+01
1657,106.277,-26.6587,3.15E+00,4.40E+01,3.59E+01,4.94E+01
1658,118.779,-13.3307,2.52E+00,3.96E+01,3.58E+01,4.06E+01
1659,112.53,-13.3304,2.86E+00,4.08E+01,3.70E+01,4.17E+01
1660,106.281,-13.3301,3.21E+00,4.21E+01,3.82E+01,4.28E+01
1661,112.531,-6.66587,2.87E+00,4.02E+01,3.82E+01,3.87E+01
1662,118.78,-6.66594,2.53E+00,3.88E+01,3.70E+01,3.79E+01
1663,106.282,-6.66583,3.22E+00,4.16E+01,3.94E+01,3.96E+01
1664,112.529,-19.995,2.84E+00,4.17E+01,3.58E+01,4.47E+01
1665,118.778,-19.9955,2.51E+00,4.05E+01,3.46E+01,4.34E+01
1666,106.279,-19.9945,3.19E+00,4.29E+01,3.70E+01,4.61E+01
1667,118.771,-39.9894,2.41E+00,4.44E+01,3.12E+01,5.18E+01
1668,112.521,-39.9882,2.73E+00,4.57E+01,3.25E+01,5.38E+01
1669,106.27,-39.9869,3.05E+00,4.71E+01,3.37E+01,5.61E+01
1670,112.524,-33.3239,2.78E+00,4.40E+01,3.35E+01,5.07E+01
1671,118.774,-33.3249,2.45E+00,4.28E+01,3.23E+01,4.90E+01
1672,106.274,-33.3229,3.11E+00,4.54E+01,3.48E+01,5.28E+01
1673,112.513,-53.3168,2.62E+00,4.98E+01,3.04E+01,6.01E+01
1674,112.517,-46.6524,2.68E+00,4.76E+01,3.14E+01,5.69E+01
1675,118.765,-53.3185,2.32E+00,4.81E+01,2.91E+01,5.75E+01
1676,118.768,-46.654,2.37E+00,4.61E+01,3.02E+01,5.47E+01
1677,106.26,-53.315,2.92E+00,5.18E+01,3.16E+01,6.31E+01
1678,106.265,-46.651,2.99E+00,4.93E+01,3.27E+01,5.96E+01
1679,118.748,-93.2293,1.87E+00,6.15E+01,2.34E+01,7.36E+01
1680,112.486,-93.2075,2.08E+00,6.38E+01,2.43E+01,7.68E+01
1681,106.223,-93.2269,2.28E+00,6.64E+01,2.52E+01,8.00E+01
1682,118.752,-73.3125,2.13E+00,5.52E+01,2.62E+01,6.64E+01
1683,112.499,-73.3103,2.39E+00,5.76E+01,2.73E+01,6.97E+01
1684,106.244,-73.3083,2.64E+00,6.06E+01,2.84E+01,7.36E+01
1685,112.503,-66.6455,2.47E+00,5.49E+01,2.83E+01,6.66E+01
1686,118.757,-66.6476,2.20E+00,5.28E+01,2.71E+01,6.34E+01
1687,106.25,-66.6435,2.74E+00,5.76E+01,2.94E+01,7.02E+01
1688,112.49,-86.6111,2.19E+00,6.23E+01,2.53E+01,7.51E+01
1689,112.494,-79.9755,2.29E+00,6.02E+01,2.63E+01,7.26E+01
1690,118.747,-86.6231,1.96E+00,5.98E+01,2.43E+01,7.16E+01
1691,118.748,-79.9776,2.05E+00,5.76E+01,2.52E+01,6.92E+01
1692,106.232,-86.6198,2.41E+00,6.53E+01,2.62E+01,7.88E+01
1693,106.24,-79.9737,2.53E+00,6.32E+01,2.73E+01,7.66E+01
1694,118.726,-106.147,1.66E+00,6.27E+01,2.17E+01,7.53E+01
1695,112.48,-106.126,1.83E+00,6.43E+01,2.26E+01,7.74E+01
1696,106.236,-106.147,1.99E+00,6.56E+01,2.34E+01,7.92E+01
1697,112.483,-99.704,1.96E+00,6.45E+01,2.34E+01,7.76E+01
1698,118.737,-99.7285,1.77E+00,6.25E+01,2.25E+01,7.48E+01
1699,106.229,-99.7273,2.14E+00,6.65E+01,2.42E+01,8.01E+01
1700,112.478,-118.732,1.55E+00,6.20E+01,2.10E+01,7.51E+01
1701,112.479,-112.449,1.69E+00,6.33E+01,2.18E+01,7.65E+01
1702,118.731,-118.731,1.42E+00,6.11E+01,2.03E+01,7.40E+01
1703,118.729,-112.458,1.54E+00,6.21E+01,2.10E+01,7.49E+01
1704,106.227,-118.734,1.66E+00,6.24E+01,2.17E+01,7.55E+01
1705,106.229,-112.46,1.83E+00,6.42E+01,2.25E+01,7.75E+01
1706,-106.227,124.988,1.48E+00,6.05E+01,2.09E+01,7.31E+01
1707,-112.478,124.986,1.39E+00,6.04E+01,2.02E+01,7.32E+01
1708,-118.73,124.984,1.28E+00,5.96E+01,1.95E+01,7.28E+01
1709,-124.983,124.983,1.16E+00,5.86E+01,1.87E+01,7.19E+01
1710,-124.984,118.73,1.28E+00,5.98E+01,1.94E+01,7.29E+01
1711,-124.985,112.478,1.39E+00,6.06E+01,2.01E+01,7.35E+01
1712,-124.988,106.227,1.48E+00,6.09E+01,2.08E+01,7.34E+01
1713,-124.991,99.9771,1.57E+00,6.04E+01,2.16E+01,7.26E+01
1714,-124.994,93.3108,1.66E+00,5.92E+01,2.24E+01,7.11E+01
1715,-124.998,86.645,1.74E+00,5.75E+01,2.32E+01,6.91E+01
1716,-125.002,79.9795,1.81E+00,5.54E+01,2.41E+01,6.66E+01
1717,-125.005,73.3144,1.87E+00,5.30E+01,2.50E+01,6.38E+01
1718,-125.009,66.6495,1.93E+00,5.06E+01,2.60E+01,6.09E+01
1719,-125.013,59.9846,1.98E+00,4.84E+01,2.69E+01,5.81E+01
1720,-125.016,53.3199,2.03E+00,4.63E+01,2.79E+01,5.54E+01
1721,-125.019,46.6551,2.07E+00,4.45E+01,2.90E+01,5.27E+01
1722,-125.022,39.9903,2.10E+00,4.28E+01,3.00E+01,5.01E+01
1723,-125.024,33.3255,2.13E+00,4.14E+01,3.11E+01,4.75E+01
1724,-125.026,26.6607,2.15E+00,4.01E+01,3.22E+01,4.49E+01
1725,-125.027,19.9957,2.17E+00,3.90E+01,3.34E+01,4.23E+01
1726,-125.028,13.3308,2.19E+00,3.81E+01,3.46E+01,3.97E+01
1727,-125.029,6.66583,2.19E+00,3.73E+01,3.59E+01,3.71E+01
1728,-125.029,0.000868357,2.19E+00,3.65E+01,3.72E+01,3.46E+01
1729,-125.028,-6.66408,2.19E+00,3.59E+01,3.87E+01,3.20E+01
1730,-125.028,-13.329,2.18E+00,3.54E+01,4.02E+01,2.95E+01
1731,-125.026,-19.9939,2.16E+00,3.49E+01,4.18E+01,2.70E+01
1732,-125.024,-26.6587,2.14E+00,3.44E+01,4.36E+01,2.46E+01
1733,-125.022,-33.3234,2.11E+00,3.40E+01,4.55E+01,2.21E+01
1734,-125.019,-39.9882,2.07E+00,3.37E+01,4.76E+01,1.97E+01
1735,-125.016,-46.6528,2.04E+00,3.34E+01,4.98E+01,1.73E+01
1736,-125.013,-53.3174,1.99E+00,3.31E+01,5.23E+01,1.49E+01
1737,-125.009,-59.9821,1.94E+00,3.28E+01,5.49E+01,1.27E+01
1738,-125.005,-66.6469,1.88E+00,3.25E+01,5.77E+01,1.06E+01
1739,-125.001,-73.3116,1.82E+00,3.22E+01,6.06E+01,8.88E+00
1740,-124.997,-79.9766,1.75E+00,3.20E+01,6.34E+01,7.67E+00
1741,-124.993,-86.6419,1.68E+00,3.17E+01,6.59E+01,7.19E+00
1742,-124.99,-93.3076,1.59E+00,3.14E+01,6.79E+01,7.47E+00
1743,-124.986,-99.9738,1.50E+00,3.11E+01,6.94E+01,8.34E+00
1744,-124.983,-106.224,1.40E+00,3.08E+01,7.01E+01,9.51E+00
1745,-124.981,-112.475,1.30E+00,3.05E+01,7.00E+01,1.08E+01
1746,-124.98,-118.727,1.19E+00,3.00E+01,6.93E+01,1.21E+01
1747,-124.979,-124.979,1.07E+00,2.93E+01,6.81E+01,1.33E+01
1748,-118.727,-124.98,1.19E+00,3.00E+01,6.91E+01,1.21E+01
1749,-112.475,-124.981,1.30E+00,3.05E+01,6.97E+01,1.08E+01
1750,-106.224,-124.983,1.40E+00,3.08E+01,6.97E+01,9.50E+00
1751,-118.78,0.00100623,2.53E+00,3.80E+01,3.84E+01,3.51E+01
1752,-112.531,0.00115272,2.88E+00,3.95E+01,3.95E+01,3.57E+01
1753,-106.282,0.00130724,3.23E+00,4.10E+01,4.07E+01,3.63E+01
1754,-118.757,66.6473,2.21E+00,5.26E+01,2.72E+01,6.36E+01
1755,-112.503,66.6452,2.48E+00,5.49E+01,2.83E+01,6.67E+01
1756,-106.25,66.6431,2.75E+00,5.75E+01,2.95E+01,7.03E+01
1757,-118.736,99.7692,1.77E+00,6.24E+01,2.25E+01,7.51E+01
1758,-112.482,99.7682,1.96E+00,6.44E+01,2.34E+01,7.77E+01
1759,-106.228,99.7681,2.14E+00,6.64E+01,2.42E+01,8.01E+01
1760,-112.48,106.141,1.83E+00,6.42E+01,2.25E+01,7.74E+01
1761,-112.479,112.479,1.69E+00,6.32E+01,2.18E+01,7.64E+01
1762,-112.478,118.732,1.55E+00,6.18E+01,2.10E+01,7.49E+01
1763,-118.732,112.478,1.55E+00,6.20E+01,2.10E+01,7.50E+01
1764,-118.727,106.156,1.67E+00,6.25E+01,2.17E+01,7.55E+01
1765,-118.73,118.73,1.42E+00,6.09E+01,2.02E+01,7.40E+01
1766,-106.226,112.48,1.83E+00,6.40E+01,2.26E+01,7.73E+01
1767,-106.234,106.156,1.99E+00,6.55E+01,2.34E+01,7.90E+01
1768,-106.226,118.734,1.66E+00,6.23E+01,2.18E+01,7.52E+01
1769,-118.744,86.6427,1.97E+00,5.98E+01,2.43E+01,7.19E+01
1770,-112.489,86.6408,2.20E+00,6.24E+01,2.53E+01,7.53E+01
1771,-106.235,86.6393,2.41E+00,6.53E+01,2.62E+01,7.90E+01
1772,-112.485,93.2223,2.08E+00,6.38E+01,2.43E+01,7.69E+01
1773,-118.747,93.2379,1.88E+00,6.14E+01,2.34E+01,7.39E+01
1774,-106.224,93.2355,2.28E+00,6.64E+01,2.51E+01,8.01E+01
1775,-112.498,73.31,2.39E+00,5.76E+01,2.73E+01,6.99E+01
1776,-112.494,79.9751,2.30E+00,6.02E+01,2.63E+01,7.28E+01
1777,-118.752,73.3122,2.14E+00,5.52E+01,2.62E+01,6.66E+01
1778,-118.748,79.9772,2.06E+00,5.76E+01,2.53E+01,6.95E+01
1779,-106.244,73.3079,2.65E+00,6.06E+01,2.84E+01,7.38E+01
1780,-106.239,79.9732,2.54E+00,6.33E+01,2.73E+01,7.67E+01
1781,-118.774,33.3245,2.46E+00,4.26E+01,3.23E+01,4.89E+01
1782,-112.524,33.3235,2.79E+00,4.38E+01,3.36E+01,5.06E+01
1783,-106.274,33.3225,3.12E+00,4.51E+01,3.48E+01,5.26E+01
1784,-118.765,53.3181,2.33E+00,4.78E+01,2.92E+01,5.75E+01
1785,-112.513,53.3164,2.63E+00,4.96E+01,3.04E+01,6.00E+01
1786,-106.26,53.3146,2.92E+00,5.16E+01,3.16E+01,6.31E+01
1787,-112.508,59.9807,2.56E+00,5.21E+01,2.94E+01,6.34E+01
1788,-118.761,59.9827,2.27E+00,5.01E+01,2.82E+01,6.05E+01
1789,-106.255,59.9787,2.84E+00,5.45E+01,3.05E+01,6.67E+01
1790,-112.521,39.9878,2.74E+00,4.54E+01,3.25E+01,5.37E+01
1791,-112.517,46.6521,2.69E+00,4.73E+01,3.14E+01,5.68E+01
1792,-118.772,39.9891,2.42E+00,4.41E+01,3.13E+01,5.17E+01
1793,-118.768,46.6536,2.38E+00,4.58E+01,3.02E+01,5.46E+01
1794,-106.27,39.9865,3.06E+00,4.69E+01,3.37E+01,5.60E+01
1795,-106.265,46.6505,3.00E+00,4.90E+01,3.27E+01,5.95E+01
1796,-118.779,19.9952,2.51E+00,4.03E+01,3.46E+01,4.33E+01
1797,-112.529,19.9947,2.85E+00,4.15E+01,3.58E+01,4.46E+01
1798,-106.28,19.9942,3.19E+00,4.27E+01,3.70E+01,4.59E+01
1799,-112.527,26.6591,2.82E+00,4.25E+01,3.47E+01,4.76E+01
1800,-118.777,26.6599,2.49E+00,4.13E+01,3.35E+01,4.61E+01
1801,-106.277,26.6584,3.16E+00,4.38E+01,3.59E+01,4.92E+01
1802,-112.531,6.66567,2.88E+00,4.00E+01,3.82E+01,3.86E+01
1803,-112.531,13.3302,2.87E+00,4.07E+01,3.70E+01,4.16E+01
1804,-118.78,6.66575,2.53E+00,3.87E+01,3.70E+01,3.78E+01
1805,-118.78,13.3305,2.53E+00,3.94E+01,3.58E+01,4.06E+01
1806,-106.282,6.6656,3.23E+00,4.14E+01,3.94E+01,3.95E+01
1807,-106.282,13.3299,3.22E+00,4.20E+01,3.82E+01,4.27E+01
1808,-118.757,-59.9797,2.22E+00,3.48E+01,5.72E+01,1.25E+01
1809,-112.503,-59.9771,2.50E+00,3.67E+01,5.98E+01,1.23E+01
1810,-106.249,-59.9745,2.78E+00,3.86E+01,6.28E+01,1.21E+01
1811,-118.775,-26.6576,2.46E+00,3.63E+01,4.49E+01,2.46E+01
1812,-112.525,-26.6565,2.79E+00,3.81E+01,4.63E+01,2.46E+01
1813,-106.274,-26.6553,3.13E+00,4.00E+01,4.78E+01,2.46E+01
1814,-118.779,-13.3284,2.51E+00,3.70E+01,4.14E+01,2.98E+01
1815,-112.529,-13.3277,2.85E+00,3.87E+01,4.26E+01,3.00E+01
1816,-106.28,-13.3271,3.20E+00,4.04E+01,4.38E+01,3.03E+01
1817,-112.531,-6.66331,2.87E+00,3.91E+01,4.10E+01,3.28E+01
1818,-118.78,-6.6637,2.53E+00,3.75E+01,3.98E+01,3.24E+01
1819,-106.282,-6.66293,3.22E+00,4.07E+01,4.22E+01,3.33E+01
1820,-112.527,-19.9922,2.83E+00,3.84E+01,4.43E+01,2.73E+01
1821,-118.777,-19.993,2.49E+00,3.66E+01,4.31E+01,2.71E+01
1822,-106.277,-19.9912,3.17E+00,4.02E+01,4.57E+01,2.74E+01
1823,-118.769,-39.9865,2.39E+00,3.56E+01,4.92E+01,1.95E+01
1824,-112.517,-39.9848,2.70E+00,3.76E+01,5.09E+01,1.94E+01
1825,-106.266,-39.983,3.02E+00,3.96E+01,5.29E+01,1.92E+01
1826,-112.521,-33.3207,2.75E+00,3.78E+01,4.85E+01,2.20E+01
1827,-118.772,-33.3221,2.43E+00,3.59E+01,4.69E+01,2.20E+01
1828,-106.27,-33.3192,3.08E+00,3.98E+01,5.02E+01,2.18E+01
1829,-112.508,-53.313,2.58E+00,3.70E+01,5.66E+01,1.45E+01
1830,-112.513,-46.6488,2.64E+00,3.73E+01,5.36E+01,1.69E+01
1831,-118.761,-53.3152,2.29E+00,3.51E+01,5.43E+01,1.47E+01
1832,-118.765,-46.6509,2.34E+00,3.54E+01,5.16E+01,1.71E+01
1833,-106.255,-53.3105,2.87E+00,3.90E+01,5.93E+01,1.43E+01
1834,-106.261,-46.6468,2.95E+00,3.93E+01,5.59E+01,1.67E+01
1835,-118.743,-93.2251,1.80E+00,3.29E+01,7.05E+01,7.45E+00
1836,-112.48,-93.2027,2.00E+00,3.42E+01,7.34E+01,7.26E+00
1837,-106.218,-93.2216,2.20E+00,3.54E+01,7.63E+01,6.94E+00
1838,-118.748,-73.3088,2.08E+00,3.42E+01,6.32E+01,8.80E+00
1839,-112.493,-73.306,2.33E+00,3.59E+01,6.63E+01,8.72E+00
1840,-106.238,-73.3032,2.57E+00,3.75E+01,6.99E+01,8.57E+00
1841,-112.498,-66.6414,2.42E+00,3.63E+01,6.31E+01,1.03E+01
1842,-118.752,-66.6441,2.15E+00,3.45E+01,6.02E+01,1.05E+01
1843,-106.244,-66.6386,2.68E+00,3.81E+01,6.64E+01,1.01E+01
1844,-112.484,-86.6064,2.12E+00,3.48E+01,7.17E+01,7.15E+00
1845,-112.488,-79.971,2.23E+00,3.54E+01,6.93E+01,7.63E+00
1846,-118.742,-86.6191,1.90E+00,3.34E+01,6.86E+01,7.23E+00
1847,-118.743,-79.9738,1.99E+00,3.38E+01,6.61E+01,7.68E+00
1848,-106.226,-86.6144,2.33E+00,3.61E+01,7.51E+01,6.95E+00
1849,-106.233,-79.9685,2.46E+00,3.69E+01,7.29E+01,7.48E+00
1850,-118.72,-106.142,1.58E+00,3.20E+01,7.20E+01,9.13E+00
1851,-112.475,-106.122,1.75E+00,3.29E+01,7.39E+01,8.55E+00
1852,-106.231,-106.142,1.90E+00,3.38E+01,7.54E+01,7.91E+00
1853,-112.477,-99.6992,1.88E+00,3.36E+01,7.41E+01,7.79E+00
1854,-118.732,-99.7242,1.70E+00,3.25E+01,7.17E+01,8.16E+00
1855,-106.223,-99.722,2.05E+00,3.46E+01,7.64E+01,7.32E+00
1856,-112.474,-118.727,1.46E+00,3.15E+01,7.14E+01,1.02E+01
1857,-112.474,-112.444,1.61E+00,3.23E+01,7.29E+01,9.38E+00
1858,-118.727,-118.727,1.33E+00,3.08E+01,7.05E+01,1.12E+01
1859,-118.724,-112.454,1.46E+00,3.15E+01,7.15E+01,1.02E+01
1860,-106.223,-118.729,1.58E+00,3.20E+01,7.17E+01,9.11E+00
1861,-106.225,-112.455,1.75E+00,3.30E+01,7.37E+01,8.55E+00
1862,124.983,-131.236,1.03E+00,5.76E+01,1.80E+01,7.08E+01
1863,124.983,-137.49,8.87E-01,5.64E+01,1.71E+01,7.02E+01
1864,124.984,-143.744,7.32E-01,5.52E+01,1.58E+01,7.00E+01
1865,124.986,-149.998,5.63E-01,5.37E+01,1.40E+01,7.10E+01
1866,118.736,-150,6.02E-01,5.42E+01,1.39E+01,7.10E+01
1867,112.486,-150.002,6.36E-01,5.36E+01,1.41E+01,7.01E+01
1868,106.236,-150.003,6.65E-01,5.27E+01,1.46E+01,6.91E+01
1869,99.9868,-150.005,6.91E-01,5.15E+01,1.51E+01,6.77E+01
1870,93.3208,-150.007,7.17E-01,4.97E+01,1.58E+01,6.59E+01
1871,86.655,-150.009,7.40E-01,4.76E+01,1.65E+01,6.38E+01
1872,79.9892,-150.01,7.60E-01,4.54E+01,1.74E+01,6.18E+01
1873,73.3235,-150.012,7.79E-01,4.33E+01,1.83E+01,5.97E+01
1874,66.6578,-150.013,7.95E-01,4.13E+01,1.92E+01,5.76E+01
1875,59.9921,-150.015,8.10E-01,3.93E+01,2.02E+01,5.55E+01
1876,53.3264,-150.016,8.23E-01,3.74E+01,2.12E+01,5.34E+01
1877,46.6607,-150.017,8.35E-01,3.56E+01,2.23E+01,5.14E+01
1878,39.9949,-150.018,8.45E-01,3.40E+01,2.34E+01,4.94E+01
1879,33.3292,-150.019,8.53E-01,3.24E+01,2.45E+01,4.74E+01
1880,26.6634,-150.019,8.60E-01,3.10E+01,2.56E+01,4.54E+01
1881,19.9976,-150.02,8.65E-01,2.97E+01,2.68E+01,4.34E+01
1882,13.3318,-150.02,8.68E-01,2.85E+01,2.81E+01,4.14E+01
1883,6.66599,-150.02,8.70E-01,2.74E+01,2.94E+01,3.94E+01
1884,0.000182232,-150.02,8.70E-01,2.63E+01,3.07E+01,3.74E+01
1885,-6.66562,-150.02,8.68E-01,2.54E+01,3.21E+01,3.53E+01
1886,-13.3314,-150.02,8.65E-01,2.45E+01,3.35E+01,3.33E+01
1887,-19.9972,-150.019,8.59E-01,2.37E+01,3.51E+01,3.13E+01
1888,-26.663,-150.019,8.53E-01,2.29E+01,3.67E+01,2.92E+01
1889,-33.3287,-150.018,8.44E-01,2.22E+01,3.84E+01,2.71E+01
1890,-39.9944,-150.017,8.34E-01,2.16E+01,4.02E+01,2.49E+01
1891,-46.6601,-150.016,8.22E-01,2.10E+01,4.21E+01,2.28E+01
1892,-53.3258,-150.015,8.09E-01,2.05E+01,4.41E+01,2.05E+01
1893,-59.9914,-150.013,7.93E-01,2.01E+01,4.62E+01,1.83E+01
1894,-66.6571,-150.012,7.76E-01,1.97E+01,4.84E+01,1.60E+01
1895,-73.3227,-150.01,7.56E-01,1.95E+01,5.07E+01,1.37E+01
1896,-79.9884,-150.009,7.34E-01,1.93E+01,5.30E+01,1.15E+01
1897,-86.6541,-150.007,7.10E-01,1.93E+01,5.53E+01,9.41E+00
1898,-93.3198,-150.005,6.82E-01,1.93E+01,5.76E+01,7.83E+00
1899,-99.9857,-150.003,6.50E-01,1.94E+01,5.97E+01,7.05E+00
1900,-106.235,-150.001,6.17E-01,1.96E+01,6.14E+01,7.33E+00
1901,-112.485,-149.998,5.80E-01,2.00E+01,6.27E+01,8.62E+00
1902,-118.735,-149.996,5.37E-01,2.04E+01,6.34E+01,1.05E+01
1903,-124.985,-149.995,4.89E-01,2.10E+01,6.35E+01,1.27E+01
1904,-124.982,-143.74,6.47E-01,2.47E+01,6.47E+01,1.43E+01
1905,-124.98,-137.486,7.97E-01,2.69E+01,6.58E+01,1.47E+01
1906,-124.979,-131.232,9.38E-01,2.83E+01,6.69E+01,1.43E+01
1907,0.000253373,-143.773,1.19E+00,3.05E+01,3.27E+01,3.51E+01
1908,0.000326287,-137.525,1.52E+00,3.32E+01,3.43E+01,3.43E+01
1909,0.000402283,-131.277,1.85E+00,3.52E+01,3.57E+01,3.42E+01
1910,66.6557,-143.763,1.08E+00,4.49E+01,2.13E+01,5.68E+01
1911,66.6536,-137.513,1.36E+00,4.73E+01,2.30E+01,5.75E+01
1912,66.6514,-131.261,1.65E+00,4.92E+01,2.45E+01,5.90E+01
1913,99.7775,-143.753,9.24E-01,5.45E+01,1.73E+01,6.74E+01
1914,99.7749,-137.499,1.15E+00,5.65E+01,1.90E+01,6.84E+01
1915,99.7726,-131.245,1.37E+00,5.84E+01,2.04E+01,7.03E+01
1916,106.146,-137.496,1.10E+00,5.74E+01,1.85E+01,6.97E+01
1917,112.481,-137.494,1.03E+00,5.77E+01,1.79E+01,7.05E+01
1918,118.732,-137.492,9.65E-01,5.73E+01,1.74E+01,7.07E+01
1919,112.483,-143.748,8.39E-01,5.62E+01,1.62E+01,6.97E+01
1920,106.163,-143.743,8.84E-01,5.55E+01,1.67E+01,6.87E+01
1921,118.733,-143.746,7.89E-01,5.61E+01,1.59E+01,7.02E+01
1922,112.48,-131.24,1.22E+00,5.91E+01,1.92E+01,7.19E+01
1923,106.158,-131.249,1.30E+00,5.90E+01,1.98E+01,7.14E+01
1924,118.731,-131.238,1.13E+00,5.85E+01,1.86E+01,7.16E+01
1925,86.6523,-143.757,9.94E-01,5.11E+01,1.87E+01,6.36E+01
1926,86.6497,-137.505,1.25E+00,5.36E+01,2.04E+01,6.47E+01
1927,86.6472,-131.251,1.50E+00,5.55E+01,2.19E+01,6.66E+01
1928,93.2304,-137.502,1.20E+00,5.52E+01,1.97E+01,6.67E+01
1929,93.2471,-143.762,9.61E-01,5.30E+01,1.79E+01,6.57E+01
1930,93.242,-131.241,1.44E+00,5.71E+01,2.11E+01,6.86E+01
1931,73.3188,-137.51,1.33E+00,4.94E+01,2.21E+01,5.99E+01
1932,79.9842,-137.507,1.29E+00,5.15E+01,2.12E+01,6.24E+01
1933,73.3212,-143.761,1.05E+00,4.70E+01,2.04E+01,5.91E+01
1934,79.9867,-143.759,1.03E+00,4.91E+01,1.95E+01,6.13E+01
1935,73.3165,-131.258,1.60E+00,5.14E+01,2.36E+01,6.17E+01
1936,79.9818,-131.255,1.55E+00,5.36E+01,2.27E+01,6.42E+01
1937,33.3282,-143.771,1.16E+00,3.62E+01,2.66E+01,4.58E+01
1938,33.3272,-137.522,1.48E+00,3.86E+01,2.82E+01,4.57E+01
1939,33.3262,-131.273,1.80E+00,4.03E+01,2.96E+01,4.64E+01
1940,53.3247,-143.767,1.12E+00,4.11E+01,2.33E+01,5.23E+01
1941,53.3231,-137.517,1.42E+00,4.35E+01,2.50E+01,5.27E+01
1942,53.3214,-131.267,1.72E+00,4.52E+01,2.64E+01,5.39E+01
1943,59.9883,-137.515,1.39E+00,4.54E+01,2.40E+01,5.51E+01
1944,59.9902,-143.765,1.10E+00,4.30E+01,2.23E+01,5.45E+01
1945,59.9864,-131.264,1.69E+00,4.72E+01,2.54E+01,5.64E+01
1946,39.9925,-137.521,1.46E+00,4.01E+01,2.71E+01,4.80E+01
1947,46.6578,-137.519,1.44E+00,4.17E+01,2.60E+01,5.03E+01
1948,39.9937,-143.77,1.15E+00,3.77E+01,2.55E+01,4.79E+01
1949,46.6592,-143.768,1.14E+00,3.93E+01,2.44E+01,5.01E+01
1950,39.9913,-131.271,1.78E+00,4.18E+01,2.85E+01,4.89E+01
1951,46.6563,-131.269,1.75E+00,4.34E+01,2.74E+01,5.14E+01
1952,19.997,-143.772,1.18E+00,3.36E+01,2.89E+01,4.15E+01
1953,19.9965,-137.524,1.51E+00,3.61E+01,3.05E+01,4.11E+01
1954,19.996,-131.276,1.84E+00,3.79E+01,3.19E+01,4.15E+01
1955,26.6619,-137.523,1.50E+00,3.73E+01,2.93E+01,4.34E+01
1956,26.6626,-143.771,1.17E+00,3.49E+01,2.77E+01,4.36E+01
1957,26.6611,-131.275,1.82E+00,3.91E+01,3.07E+01,4.39E+01
1958,6.66572,-137.525,1.52E+00,3.41E+01,3.30E+01,3.66E+01
1959,13.3311,-137.525,1.51E+00,3.51E+01,3.17E+01,3.88E+01
1960,6.66585,-143.773,1.19E+00,3.15E+01,3.14E+01,3.72E+01
1961,13.3315,-143.773,1.19E+00,3.25E+01,3.01E+01,3.94E+01
1962,6.66559,-131.277,1.85E+00,3.60E+01,3.44E+01,3.67E+01
1963,13.3308,-131.277,1.85E+00,3.69E+01,3.31E+01,3.91E+01
1964,-59.9893,-143.764,1.08E+00,2.48E+01,4.85E+01,1.53E+01
1965,-59.9872,-137.513,1.37E+00,2.82E+01,5.05E+01,1.39E+01
1966,-59.9849,-131.262,1.65E+00,3.07E+01,5.24E+01,1.31E+01
1967,-26.6621,-143.771,1.16E+00,2.74E+01,3.88E+01,2.65E+01
1968,-26.6611,-137.522,1.48E+00,3.04E+01,4.05E+01,2.52E+01
1969,-26.6602,-131.274,1.81E+00,3.27E+01,4.19E+01,2.47E+01
1970,-13.3309,-143.772,1.18E+00,2.88E+01,3.56E+01,3.08E+01
1971,-13.3304,-137.524,1.51E+00,3.17E+01,3.72E+01,2.98E+01
1972,-13.3299,-131.276,1.84E+00,3.38E+01,3.86E+01,2.95E+01
1973,-6.66503,-137.525,1.51E+00,3.24E+01,3.58E+01,3.20E+01
1974,-6.66532,-143.773,1.19E+00,2.96E+01,3.41E+01,3.29E+01
1975,-6.66476,-131.277,1.85E+00,3.45E+01,3.71E+01,3.19E+01
1976,-19.9958,-137.524,1.50E+00,3.10E+01,3.88E+01,2.75E+01
1977,-19.9965,-143.772,1.17E+00,2.80E+01,3.72E+01,2.86E+01
1978,-19.9951,-131.275,1.83E+00,3.32E+01,4.02E+01,2.71E+01
1979,-39.993,-143.769,1.14E+00,2.62E+01,4.24E+01,2.21E+01
1980,-39.9916,-137.519,1.45E+00,2.93E+01,4.41E+01,2.07E+01
1981,-39.9902,-131.27,1.76E+00,3.18E+01,4.57E+01,2.00E+01
1982,-33.3264,-137.521,1.47E+00,2.98E+01,4.22E+01,2.30E+01
1983,-33.3276,-143.77,1.15E+00,2.67E+01,4.05E+01,2.43E+01
1984,-33.3252,-131.272,1.79E+00,3.22E+01,4.37E+01,2.24E+01
1985,-53.3221,-137.515,1.40E+00,2.85E+01,4.83E+01,1.61E+01
1986,-46.6568,-137.517,1.42E+00,2.89E+01,4.62E+01,1.84E+01
1987,-53.3239,-143.765,1.10E+00,2.52E+01,4.64E+01,1.76E+01
1988,-46.6585,-143.767,1.12E+00,2.57E+01,4.43E+01,1.99E+01
1989,-53.32,-131.265,1.69E+00,3.10E+01,5.01E+01,1.54E+01
1990,-46.6552,-131.267,1.73E+00,3.14E+01,4.78E+01,1.77E+01
1991,-93.2368,-143.76,9.16E-01,2.40E+01,6.01E+01,6.83E+00
1992,-93.2134,-137.498,1.15E+00,2.73E+01,6.24E+01,6.95E+00
1993,-93.2308,-131.236,1.37E+00,2.97E+01,6.47E+01,7.24E+00
1994,-73.3201,-143.759,1.02E+00,2.43E+01,5.31E+01,1.10E+01
1995,-73.3175,-137.507,1.29E+00,2.76E+01,5.53E+01,9.69E+00
1996,-73.3148,-131.255,1.56E+00,3.02E+01,5.75E+01,9.14E+00
1997,-66.6522,-137.51,1.33E+00,2.79E+01,5.29E+01,1.17E+01
1998,-66.6547,-143.762,1.05E+00,2.45E+01,5.08E+01,1.31E+01
1999,-66.6498,-131.258,1.61E+00,3.05E+01,5.49E+01,1.10E+01
2000,-86.6179,-137.501,1.20E+00,2.73E+01,6.02E+01,7.03E+00
2001,-79.9827,-137.505,1.25E+00,2.75E+01,5.78E+01,8.03E+00
2002,-86.631,-143.757,9.56E-01,2.40E+01,5.79E+01,7.52E+00
2003,-79.9856,-143.757,9.91E-01,2.41E+01,5.55E+01,9.01E+00
2004,-86.6251,-131.245,1.44E+00,2.98E+01,6.25E+01,7.04E+00
2005,-79.9799,-131.251,1.50E+00,3.00E+01,6.01E+01,7.73E+00
2006,-106.152,-143.738,8.25E-01,2.42E+01,6.37E+01,8.45E+00
2007,-106.129,-137.493,1.03E+00,2.72E+01,6.57E+01,9.29E+00
2008,-106.146,-131.247,1.22E+00,2.93E+01,6.76E+01,9.60E+00
2009,-99.7085,-137.495,1.09E+00,2.72E+01,6.43E+01,7.80E+00
2010,-99.7351,-143.749,8.73E-01,2.41E+01,6.21E+01,7.18E+00
2011,-99.7292,-131.241,1.30E+00,2.95E+01,6.65E+01,8.20E+00
2012,-118.729,-137.488,8.81E-01,2.70E+01,6.65E+01,1.30E+01
2013,-112.449,-137.49,9.57E-01,2.71E+01,6.64E+01,1.11E+01
2014,-118.732,-143.742,7.12E-01,2.45E+01,6.51E+01,1.23E+01
2015,-112.462,-143.742,7.72E-01,2.43E+01,6.47E+01,1.03E+01
2016,-118.728,-131.234,1.04E+00,2.88E+01,6.78E+01,1.28E+01
2017,-112.457,-131.239,1.14E+00,2.91E+01,6.81E+01,1.12E+01
2018,124.979,131.232,9.41E-01,2.78E+01,6.67E+01,1.35E+01
2019,124.981,137.486,7.98E-01,2.62E+01,6.57E+01,1.38E+01
2020,124.982,143.74,6.46E-01,2.39E+01,6.48E+01,1.34E+01
2021,124.985,149.994,4.87E-01,2.04E+01,6.38E+01,1.15E+01
2022,118.735,149.996,5.35E-01,2.02E+01,6.40E+01,9.85E+00
2023,112.485,149.998,5.79E-01,1.99E+01,6.34E+01,8.31E+00
2024,106.235,150,6.17E-01,1.97E+01,6.22E+01,7.31E+00
2025,99.9856,150.002,6.51E-01,1.95E+01,6.05E+01,7.23E+00
2026,93.3197,150.004,6.83E-01,1.94E+01,5.85E+01,8.09E+00
2027,86.6539,150.006,7.11E-01,1.93E+01,5.63E+01,9.70E+00
2028,79.9882,150.008,7.36E-01,1.94E+01,5.40E+01,1.17E+01
2029,73.3225,150.01,7.58E-01,1.95E+01,5.17E+01,1.40E+01
2030,66.6569,150.012,7.78E-01,1.97E+01,4.94E+01,1.63E+01
2031,59.9912,150.013,7.95E-01,2.00E+01,4.71E+01,1.85E+01
2032,53.3256,150.014,8.11E-01,2.04E+01,4.50E+01,2.08E+01
2033,46.6599,150.016,8.24E-01,2.08E+01,4.30E+01,2.30E+01
2034,39.9942,150.017,8.36E-01,2.13E+01,4.10E+01,2.52E+01
2035,33.3285,150.018,8.46E-01,2.19E+01,3.92E+01,2.73E+01
2036,26.6627,150.018,8.54E-01,2.25E+01,3.74E+01,2.94E+01
2037,19.997,150.019,8.60E-01,2.32E+01,3.57E+01,3.15E+01
2038,13.3312,150.02,8.65E-01,2.40E+01,3.42E+01,3.35E+01
2039,6.66542,150.02,8.68E-01,2.49E+01,3.26E+01,3.55E+01
2040,-0.000378948,150.02,8.70E-01,2.58E+01,3.12E+01,3.75E+01
2041,-6.66618,150.02,8.70E-01,2.68E+01,2.98E+01,3.95E+01
2042,-13.3319,150.02,8.68E-01,2.78E+01,2.85E+01,4.15E+01
2043,-19.9978,150.02,8.64E-01,2.90E+01,2.72E+01,4.34E+01
2044,-26.6636,150.019,8.59E-01,3.03E+01,2.60E+01,4.54E+01
2045,-33.3293,150.019,8.52E-01,3.17E+01,2.48E+01,4.73E+01
2046,-39.9951,150.018,8.44E-01,3.32E+01,2.36E+01,4.93E+01
2047,-46.6609,150.017,8.34E-01,3.48E+01,2.25E+01,5.12E+01
2048,-53.3265,150.016,8.22E-01,3.65E+01,2.14E+01,5.32E+01
2049,-59.9923,150.015,8.09E-01,3.84E+01,2.03E+01,5.52E+01
2050,-66.658,150.014,7.94E-01,4.04E+01,1.93E+01,5.73E+01
2051,-73.3236,150.012,7.77E-01,4.24E+01,1.83E+01,5.93E+01
2052,-79.9894,150.011,7.58E-01,4.46E+01,1.74E+01,6.14E+01
2053,-86.6552,150.009,7.38E-01,4.67E+01,1.66E+01,6.35E+01
2054,-93.321,150.007,7.15E-01,4.88E+01,1.58E+01,6.55E+01
2055,-99.9869,150.005,6.89E-01,5.06E+01,1.52E+01,6.74E+01
2056,-106.236,150.004,6.62E-01,5.20E+01,1.46E+01,6.87E+01
2057,-112.486,150.002,6.31E-01,5.31E+01,1.39E+01,6.99E+01
2058,-118.736,150,5.96E-01,5.38E+01,1.36E+01,7.09E+01
2059,-124.986,149.998,5.56E-01,5.35E+01,1.35E+01,7.12E+01
2060,-124.984,143.744,7.25E-01,5.52E+01,1.54E+01,7.03E+01
2061,-124.983,137.49,8.82E-01,5.63E+01,1.67E+01,7.04E+01
2062,-124.982,131.236,1.03E+00,5.74E+01,1.78E+01,7.10E+01
2063,-0.000552854,143.773,1.19E+00,2.96E+01,3.34E+01,3.54E+01
2064,-0.000746996,137.525,1.52E+00,3.25E+01,3.49E+01,3.45E+01
2065,-0.00093551,131.277,1.85E+00,3.46E+01,3.62E+01,3.43E+01
2066,66.6544,143.761,1.05E+00,2.40E+01,5.17E+01,1.32E+01
2067,66.6519,137.51,1.33E+00,2.75E+01,5.37E+01,1.17E+01
2068,66.6493,131.258,1.61E+00,3.01E+01,5.57E+01,1.10E+01
2069,99.7761,143.749,8.73E-01,2.37E+01,6.28E+01,7.14E+00
2070,99.773,137.495,1.09E+00,2.68E+01,6.49E+01,7.74E+00
2071,99.7701,131.241,1.30E+00,2.91E+01,6.71E+01,8.12E+00
2072,106.144,137.492,1.03E+00,2.68E+01,6.62E+01,9.11E+00
2073,112.479,137.49,9.58E-01,2.67E+01,6.68E+01,1.07E+01
2074,118.73,137.488,8.82E-01,2.65E+01,6.67E+01,1.24E+01
2075,112.482,143.744,7.71E-01,2.39E+01,6.51E+01,9.95E+00
2076,106.161,143.739,8.25E-01,2.38E+01,6.42E+01,8.29E+00
2077,118.732,143.742,7.12E-01,2.39E+01,6.54E+01,1.18E+01
2078,112.477,131.235,1.14E+00,2.86E+01,6.84E+01,1.09E+01
2079,106.156,131.245,1.22E+00,2.89E+01,6.81E+01,9.42E+00
2080,118.728,131.234,1.04E+00,2.83E+01,6.79E+01,1.23E+01
2081,86.6509,143.754,9.57E-01,2.36E+01,5.87E+01,7.55E+00
2082,86.6478,137.501,1.20E+00,2.70E+01,6.10E+01,7.05E+00
2083,86.6448,131.247,1.44E+00,2.95E+01,6.33E+01,7.04E+00
2084,93.2284,137.498,1.15E+00,2.69E+01,6.32E+01,6.95E+00
2085,93.2457,143.758,9.17E-01,2.36E+01,6.09E+01,6.85E+00
2086,93.2396,131.237,1.38E+00,2.93E+01,6.55E+01,7.22E+00
2087,73.3171,137.507,1.29E+00,2.73E+01,5.62E+01,9.69E+00
2088,79.9824,137.504,1.25E+00,2.71E+01,5.86E+01,8.04E+00
2089,73.3198,143.759,1.03E+00,2.38E+01,5.40E+01,1.10E+01
2090,79.9853,143.756,9.93E-01,2.37E+01,5.63E+01,9.04E+00
2091,73.3143,131.254,1.56E+00,2.99E+01,5.83E+01,9.14E+00
2092,79.9795,131.251,1.50E+00,2.97E+01,6.09E+01,7.73E+00
2093,33.3272,143.769,1.15E+00,2.60E+01,4.13E+01,2.45E+01
2094,33.3259,137.521,1.47E+00,2.93E+01,4.30E+01,2.31E+01
2095,33.3246,131.271,1.79E+00,3.17E+01,4.44E+01,2.24E+01
2096,53.3236,143.765,1.10E+00,2.46E+01,4.72E+01,1.77E+01
2097,53.3216,137.515,1.40E+00,2.80E+01,4.91E+01,1.61E+01
2098,53.3195,131.264,1.70E+00,3.07E+01,5.08E+01,1.54E+01
2099,59.9867,137.512,1.37E+00,2.77E+01,5.14E+01,1.39E+01
2100,59.989,143.763,1.08E+00,2.43E+01,4.94E+01,1.54E+01
2101,59.9844,131.261,1.66E+00,3.04E+01,5.32E+01,1.31E+01
2102,39.9912,137.519,1.45E+00,2.88E+01,4.49E+01,2.08E+01
2103,46.6564,137.517,1.43E+00,2.84E+01,4.69E+01,1.84E+01
2104,39.9927,143.768,1.14E+00,2.55E+01,4.32E+01,2.23E+01
2105,46.6582,143.767,1.12E+00,2.50E+01,4.51E+01,2.00E+01
2106,39.9896,131.269,1.76E+00,3.13E+01,4.64E+01,2.00E+01
2107,46.6545,131.267,1.73E+00,3.10E+01,4.86E+01,1.77E+01
2108,19.9962,143.771,1.18E+00,2.72E+01,3.79E+01,2.89E+01
2109,19.9953,137.523,1.50E+00,3.04E+01,3.95E+01,2.76E+01
2110,19.9945,131.275,1.83E+00,3.27E+01,4.08E+01,2.72E+01
2111,26.6606,137.522,1.49E+00,2.98E+01,4.12E+01,2.54E+01
2112,26.6617,143.771,1.17E+00,2.66E+01,3.95E+01,2.67E+01
2113,26.6596,131.273,1.81E+00,3.22E+01,4.26E+01,2.48E+01
2114,6.66463,137.525,1.51E+00,3.17E+01,3.64E+01,3.22E+01
2115,13.33,137.524,1.51E+00,3.10E+01,3.79E+01,2.99E+01
2116,6.66503,143.773,1.19E+00,2.87E+01,3.48E+01,3.33E+01
2117,13.3306,143.772,1.18E+00,2.79E+01,3.63E+01,3.11E+01
2118,6.66423,131.277,1.85E+00,3.39E+01,3.77E+01,3.20E+01
2119,13.3294,131.276,1.84E+00,3.33E+01,3.92E+01,2.96E+01
2120,-59.9905,143.765,1.10E+00,4.20E+01,2.27E+01,5.46E+01
2121,-59.9887,137.515,1.39E+00,4.46E+01,2.44E+01,5.50E+01
2122,-59.9869,131.264,1.69E+00,4.65E+01,2.58E+01,5.62E+01
2123,-26.6629,143.772,1.17E+00,3.39E+01,2.82E+01,4.39E+01
2124,-26.6623,137.523,1.50E+00,3.65E+01,2.98E+01,4.35E+01
2125,-26.6616,131.275,1.82E+00,3.84E+01,3.12E+01,4.40E+01
2126,-13.3317,143.773,1.19E+00,3.15E+01,3.07E+01,3.97E+01
2127,-13.3315,137.525,1.51E+00,3.43E+01,3.23E+01,3.90E+01
2128,-13.3313,131.277,1.85E+00,3.63E+01,3.36E+01,3.91E+01
2129,-6.66611,137.525,1.52E+00,3.33E+01,3.36E+01,3.67E+01
2130,-6.66613,143.773,1.19E+00,3.05E+01,3.20E+01,3.76E+01
2131,-6.6661,131.277,1.85E+00,3.54E+01,3.49E+01,3.67E+01
2132,-19.9969,137.524,1.51E+00,3.54E+01,3.10E+01,4.12E+01
2133,-19.9973,143.772,1.18E+00,3.26E+01,2.94E+01,4.18E+01
2134,-19.9965,131.276,1.84E+00,3.73E+01,3.24E+01,4.15E+01
2135,-39.994,143.77,1.15E+00,3.67E+01,2.59E+01,4.82E+01
2136,-39.9929,137.521,1.46E+00,3.93E+01,2.75E+01,4.80E+01
2137,-39.9918,131.272,1.78E+00,4.11E+01,2.89E+01,4.88E+01
2138,-33.3277,137.522,1.48E+00,3.79E+01,2.87E+01,4.58E+01
2139,-33.3285,143.771,1.16E+00,3.52E+01,2.70E+01,4.60E+01
2140,-33.3268,131.273,1.80E+00,3.97E+01,3.00E+01,4.64E+01
2141,-53.3235,137.517,1.42E+00,4.27E+01,2.54E+01,5.26E+01
2142,-46.6581,137.519,1.44E+00,4.09E+01,2.64E+01,5.03E+01
2143,-53.325,143.767,1.12E+00,4.01E+01,2.37E+01,5.24E+01
2144,-46.6595,143.768,1.14E+00,3.83E+01,2.48E+01,5.03E+01
2145,-53.3218,131.267,1.72E+00,4.46E+01,2.68E+01,5.37E+01
2146,-46.6569,131.269,1.75E+00,4.28E+01,2.78E+01,5.12E+01
2147,-93.2383,143.763,9.58E-01,5.22E+01,1.82E+01,6.56E+01
2148,-93.2154,137.502,1.20E+00,5.46E+01,1.99E+01,6.65E+01
2149,-93.2332,131.24,1.43E+00,5.67E+01,2.13E+01,6.82E+01
2150,-73.3214,143.762,1.05E+00,4.60E+01,2.07E+01,5.90E+01
2151,-73.3192,137.51,1.33E+00,4.87E+01,2.24E+01,5.97E+01
2152,-73.3169,131.258,1.60E+00,5.08E+01,2.38E+01,6.13E+01
2153,-66.6539,137.513,1.36E+00,4.66E+01,2.34E+01,5.73E+01
2154,-66.6559,143.764,1.08E+00,4.39E+01,2.17E+01,5.68E+01
2155,-66.6518,131.261,1.65E+00,4.86E+01,2.48E+01,5.87E+01
2156,-86.6198,137.505,1.25E+00,5.29E+01,2.07E+01,6.44E+01
2157,-79.9846,137.508,1.29E+00,5.08E+01,2.15E+01,6.21E+01
2158,-86.6325,143.76,9.92E-01,5.03E+01,1.90E+01,6.35E+01
2159,-79.987,143.76,1.02E+00,4.82E+01,1.98E+01,6.13E+01
2160,-86.6275,131.249,1.49E+00,5.49E+01,2.21E+01,6.62E+01
2161,-79.9822,131.255,1.55E+00,5.29E+01,2.30E+01,6.38E+01
2162,-106.154,143.742,8.80E-01,5.50E+01,1.69E+01,6.87E+01
2163,-106.131,137.497,1.09E+00,5.71E+01,1.86E+01,6.96E+01
2164,-106.149,131.251,1.29E+00,5.88E+01,1.99E+01,7.12E+01
2165,-99.7105,137.499,1.15E+00,5.61E+01,1.93E+01,6.82E+01
2166,-99.7366,143.753,9.21E-01,5.38E+01,1.76E+01,6.73E+01
2167,-99.7317,131.245,1.37E+00,5.80E+01,2.06E+01,7.00E+01
2168,-118.732,137.492,9.60E-01,5.73E+01,1.73E+01,7.07E+01
2169,-112.451,137.494,1.03E+00,5.76E+01,1.79E+01,7.05E+01
2170,-118.734,143.746,7.83E-01,5.60E+01,1.57E+01,7.04E+01
2171,-112.463,143.745,8.35E-01,5.59E+01,1.62E+01,6.97E+01
2172,-118.731,131.238,1.13E+00,5.84E+01,1.85E+01,7.16E+01
2173,-112.459,131.243,1.21E+00,5.90E+01,1.92E+01,7.17E+01
2174,-131.237,149.996,5.10E-01,5.23E+01,1.33E+01,7.07E+01
2175,-137.488,149.995,4.55E-01,5.04E+01,1.33E+01,7.00E+01
2176,-143.739,149.993,3.91E-01,4.76E+01,1.32E+01,6.88E+01
2177,-149.992,149.992,3.16E-01,4.47E+01,1.27E+01,6.82E+01
2178,-149.993,143.74,3.91E-01,4.77E+01,1.33E+01,6.89E+01
2179,-149.994,137.488,4.55E-01,5.06E+01,1.34E+01,7.01E+01
2180,-149.996,131.237,5.09E-01,5.27E+01,1.35E+01,7.10E+01
2181,-149.998,124.986,5.56E-01,5.39E+01,1.36E+01,7.13E+01
2182,-150,118.736,5.96E-01,5.41E+01,1.37E+01,7.09E+01
2183,-150.001,112.486,6.31E-01,5.37E+01,1.38E+01,7.02E+01
2184,-150.003,106.236,6.63E-01,5.30E+01,1.42E+01,6.94E+01
2185,-150.005,99.9868,6.90E-01,5.15E+01,1.50E+01,6.79E+01
2186,-150.007,93.3207,7.17E-01,4.92E+01,1.59E+01,6.56E+01
2187,-150.009,86.6549,7.39E-01,4.69E+01,1.69E+01,6.35E+01
2188,-150.01,79.9891,7.60E-01,4.48E+01,1.77E+01,6.15E+01
2189,-150.012,73.3235,7.78E-01,4.28E+01,1.86E+01,5.96E+01
2190,-150.013,66.6579,7.94E-01,4.08E+01,1.95E+01,5.76E+01
2191,-150.015,59.9922,8.09E-01,3.88E+01,2.05E+01,5.55E+01
2192,-150.016,53.3265,8.22E-01,3.69E+01,2.15E+01,5.35E+01
2193,-150.017,46.6608,8.33E-01,3.51E+01,2.26E+01,5.14E+01
2194,-150.018,39.9951,8.43E-01,3.34E+01,2.37E+01,4.94E+01
2195,-150.019,33.3293,8.52E-01,3.19E+01,2.48E+01,4.74E+01
2196,-150.019,26.6635,8.58E-01,3.05E+01,2.60E+01,4.55E+01
2197,-150.02,19.9977,8.63E-01,2.92E+01,2.72E+01,4.35E+01
2198,-150.02,13.3319,8.67E-01,2.80E+01,2.84E+01,4.15E+01
2199,-150.02,6.66614,8.69E-01,2.68E+01,2.97E+01,3.95E+01
2200,-150.02,0.000339473,8.69E-01,2.58E+01,3.11E+01,3.75E+01
2201,-150.02,-6.66546,8.67E-01,2.49E+01,3.25E+01,3.54E+01
2202,-150.02,-13.3312,8.64E-01,2.40E+01,3.40E+01,3.34E+01
2203,-150.019,-19.997,8.59E-01,2.32E+01,3.55E+01,3.13E+01
2204,-150.019,-26.6628,8.52E-01,2.25E+01,3.72E+01,2.93E+01
2205,-150.018,-33.3285,8.44E-01,2.18E+01,3.89E+01,2.71E+01
2206,-150.017,-39.9942,8.34E-01,2.12E+01,4.07E+01,2.50E+01
2207,-150.016,-46.66,8.22E-01,2.07E+01,4.26E+01,2.28E+01
2208,-150.015,-53.3256,8.08E-01,2.02E+01,4.46E+01,2.06E+01
2209,-150.013,-59.9912,7.93E-01,1.98E+01,4.67E+01,1.83E+01
2210,-150.012,-66.6569,7.75E-01,1.95E+01,4.89E+01,1.60E+01
2211,-150.01,-73.3224,7.56E-01,1.93E+01,5.10E+01,1.37E+01
2212,-150.008,-79.988,7.33E-01,1.91E+01,5.33E+01,1.14E+01
2213,-150.007,-86.6538,7.08E-01,1.88E+01,5.58E+01,9.11E+00
2214,-150.005,-93.3197,6.80E-01,1.87E+01,5.85E+01,7.31E+00
2215,-150.002,-99.9858,6.48E-01,1.87E+01,6.04E+01,6.73E+00
2216,-150,-106.235,6.15E-01,1.91E+01,6.19E+01,7.39E+00
2217,-149.998,-112.485,5.78E-01,1.98E+01,6.32E+01,8.74E+00
2218,-149.996,-118.735,5.35E-01,2.04E+01,6.37E+01,1.06E+01
2219,-149.994,-124.985,4.88E-01,2.10E+01,6.37E+01,1.27E+01
2220,-149.993,-131.235,4.33E-01,2.14E+01,6.29E+01,1.47E+01
2221,-149.991,-137.486,3.72E-01,2.16E+01,6.12E+01,1.65E+01
2222,-149.99,-143.738,3.04E-01,2.12E+01,5.86E+01,1.77E+01
2223,-149.99,-149.99,2.31E-01,1.98E+01,5.61E+01,1.76E+01
2224,-143.738,-149.99,3.05E-01,2.12E+01,5.85E+01,1.77E+01
2225,-137.486,-149.991,3.73E-01,2.16E+01,6.10E+01,1.66E+01
2226,-131.235,-149.993,4.35E-01,2.14E+01,6.27E+01,1.48E+01
2227,-143.773,0.000475886,1.19E+00,3.01E+01,3.31E+01,3.51E+01
2228,-137.525,0.000605535,1.52E+00,3.29E+01,3.47E+01,3.43E+01
2229,-131.277,0.00073461,1.85E+00,3.49E+01,3.60E+01,3.42E+01
2230,-143.759,79.9867,1.03E+00,4.85E+01,1.98E+01,6.10E+01
2231,-137.507,79.9843,1.29E+00,5.11E+01,2.15E+01,6.21E+01
2232,-131.255,79.9819,1.55E+00,5.33E+01,2.29E+01,6.41E+01
2233,-143.746,118.734,7.84E-01,5.63E+01,1.56E+01,7.05E+01
2234,-137.492,118.732,9.61E-01,5.76E+01,1.72E+01,7.09E+01
2235,-131.237,118.731,1.13E+00,5.87E+01,1.85E+01,7.18E+01
2236,-143.741,137.487,5.81E-01,5.17E+01,1.49E+01,6.88E+01
2237,-137.487,137.487,6.94E-01,5.30E+01,1.57E+01,6.89E+01
2238,-131.235,137.488,7.94E-01,5.48E+01,1.63E+01,6.96E+01
2239,-137.487,143.741,5.81E-01,5.16E+01,1.48E+01,6.88E+01
2240,-143.74,143.74,4.92E-01,4.94E+01,1.43E+01,6.82E+01
2241,-131.235,143.742,6.58E-01,5.37E+01,1.52E+01,6.97E+01
2242,-137.49,124.983,8.82E-01,5.66E+01,1.66E+01,7.05E+01
2243,-137.488,131.235,7.94E-01,5.49E+01,1.62E+01,6.97E+01
2244,-143.744,124.984,7.25E-01,5.56E+01,1.53E+01,7.05E+01
2245,-143.742,131.235,6.58E-01,5.40E+01,1.52E+01,6.99E+01
2246,-131.236,124.982,1.03E+00,5.75E+01,1.77E+01,7.11E+01
2247,-131.235,131.235,9.17E-01,5.60E+01,1.70E+01,7.02E+01
2248,-143.753,99.7777,9.23E-01,5.48E+01,1.77E+01,6.78E+01
2249,-137.499,99.7751,1.15E+00,5.68E+01,1.92E+01,6.87E+01
2250,-131.245,99.7727,1.37E+00,5.86E+01,2.05E+01,7.04E+01
2251,-137.496,106.146,1.09E+00,5.77E+01,1.86E+01,6.99E+01
2252,-137.494,112.481,1.03E+00,5.80E+01,1.80E+01,7.07E+01
2253,-143.743,106.163,8.81E-01,5.58E+01,1.70E+01,6.92E+01
2254,-143.748,112.483,8.35E-01,5.64E+01,1.61E+01,7.00E+01
2255,-131.249,106.158,1.29E+00,5.93E+01,1.98E+01,7.15E+01
2256,-131.24,112.479,1.21E+00,5.93E+01,1.92E+01,7.20E+01
2257,-137.505,86.6498,1.25E+00,5.34E+01,2.06E+01,6.47E+01
2258,-137.502,93.2305,1.20E+00,5.54E+01,1.98E+01,6.69E+01
2259,-143.757,86.6523,9.94E-01,5.06E+01,1.90E+01,6.33E+01
2260,-143.762,93.2472,9.60E-01,5.29E+01,1.82E+01,6.58E+01
2261,-131.252,86.6474,1.50E+00,5.55E+01,2.20E+01,6.66E+01
2262,-131.241,93.2421,1.44E+00,5.73E+01,2.12E+01,6.88E+01
2263,-143.77,39.9939,1.15E+00,3.73E+01,2.58E+01,4.79E+01
2264,-137.521,39.9928,1.47E+00,3.97E+01,2.74E+01,4.79E+01
2265,-131.272,39.9916,1.78E+00,4.15E+01,2.88E+01,4.88E+01
2266,-143.765,59.9903,1.10E+00,4.25E+01,2.26E+01,5.45E+01
2267,-137.515,59.9885,1.39E+00,4.49E+01,2.42E+01,5.49E+01
2268,-131.264,59.9866,1.69E+00,4.67E+01,2.57E+01,5.62E+01
2269,-137.513,66.6537,1.36E+00,4.69E+01,2.33E+01,5.73E+01
2270,-137.51,73.3189,1.33E+00,4.89E+01,2.24E+01,5.97E+01
2271,-143.763,66.6558,1.08E+00,4.45E+01,2.16E+01,5.67E+01
2272,-143.761,73.3212,1.05E+00,4.64E+01,2.07E+01,5.88E+01
2273,-131.261,66.6516,1.65E+00,4.88E+01,2.47E+01,5.88E+01
2274,-131.258,73.3167,1.60E+00,5.10E+01,2.38E+01,6.14E+01
2275,-137.519,46.658,1.44E+00,4.13E+01,2.63E+01,5.02E+01
2276,-137.517,53.3233,1.42E+00,4.31E+01,2.52E+01,5.26E+01
2277,-143.768,46.6594,1.14E+00,3.89E+01,2.47E+01,5.01E+01
2278,-143.767,53.3249,1.12E+00,4.07E+01,2.36E+01,5.23E+01
2279,-131.269,46.6566,1.76E+00,4.31E+01,2.77E+01,5.12E+01
2280,-131.267,53.3216,1.72E+00,4.48E+01,2.67E+01,5.37E+01
2281,-143.772,19.9973,1.18E+00,3.32E+01,2.92E+01,4.15E+01
2282,-137.524,19.9968,1.51E+00,3.58E+01,3.08E+01,4.11E+01
2283,-131.276,19.9963,1.84E+00,3.76E+01,3.22E+01,4.14E+01
2284,-137.523,26.6621,1.50E+00,3.70E+01,2.96E+01,4.34E+01
2285,-137.522,33.3275,1.48E+00,3.83E+01,2.85E+01,4.56E+01
2286,-143.772,26.6628,1.17E+00,3.45E+01,2.80E+01,4.36E+01
2287,-143.771,33.3284,1.16E+00,3.58E+01,2.69E+01,4.58E+01
2288,-131.275,26.6614,1.82E+00,3.87E+01,3.10E+01,4.39E+01
2289,-131.273,33.3265,1.81E+00,4.00E+01,2.99E+01,4.63E+01
2290,-137.525,6.66599,1.52E+00,3.37E+01,3.33E+01,3.65E+01
2291,-137.525,13.3314,1.51E+00,3.47E+01,3.21E+01,3.88E+01
2292,-143.773,6.66607,1.19E+00,3.10E+01,3.18E+01,3.72E+01
2293,-143.773,13.3317,1.19E+00,3.21E+01,3.05E+01,3.94E+01
2294,-131.277,6.66591,1.85E+00,3.57E+01,3.47E+01,3.66E+01
2295,-131.277,13.3311,1.85E+00,3.66E+01,3.34E+01,3.90E+01
2296,-143.759,-73.3197,1.02E+00,2.41E+01,5.35E+01,1.09E+01
2297,-137.507,-73.3171,1.29E+00,2.75E+01,5.59E+01,9.62E+00
2298,-131.255,-73.3144,1.56E+00,3.01E+01,5.82E+01,9.07E+00
2299,-143.77,-33.3273,1.15E+00,2.64E+01,4.10E+01,2.43E+01
2300,-137.521,-33.326,1.47E+00,2.96E+01,4.27E+01,2.29E+01
2301,-131.272,-33.3247,1.79E+00,3.20E+01,4.41E+01,2.23E+01
2302,-143.772,-13.3307,1.18E+00,2.84E+01,3.60E+01,3.08E+01
2303,-137.524,-13.3301,1.51E+00,3.14E+01,3.76E+01,2.97E+01
2304,-131.276,-13.3295,1.84E+00,3.35E+01,3.90E+01,2.94E+01
2305,-137.525,-6.66475,1.52E+00,3.21E+01,3.61E+01,3.20E+01
2306,-143.773,-6.66509,1.19E+00,2.92E+01,3.45E+01,3.30E+01
2307,-131.277,-6.66441,1.85E+00,3.42E+01,3.74E+01,3.18E+01
2308,-137.522,-26.6607,1.49E+00,3.01E+01,4.09E+01,2.52E+01
2309,-137.524,-19.9955,1.50E+00,3.07E+01,3.92E+01,2.75E+01
2310,-143.771,-26.6617,1.16E+00,2.70E+01,3.93E+01,2.65E+01
2311,-143.772,-19.9962,1.17E+00,2.77E+01,3.76E+01,2.87E+01
2312,-131.274,-26.6597,1.81E+00,3.24E+01,4.23E+01,2.47E+01
2313,-131.275,-19.9947,1.83E+00,3.30E+01,4.06E+01,2.71E+01
2314,-143.765,-53.3236,1.10E+00,2.50E+01,4.69E+01,1.76E+01
2315,-137.515,-53.3216,1.40E+00,2.83E+01,4.87E+01,1.61E+01
2316,-131.264,-53.3195,1.69E+00,3.09E+01,5.04E+01,1.53E+01
2317,-137.517,-46.6564,1.42E+00,2.87E+01,4.66E+01,1.84E+01
2318,-137.519,-39.9913,1.45E+00,2.91E+01,4.46E+01,2.06E+01
2319,-143.767,-46.6581,1.12E+00,2.54E+01,4.48E+01,1.98E+01
2320,-143.768,-39.9928,1.14E+00,2.59E+01,4.29E+01,2.21E+01
2321,-131.267,-46.6546,1.73E+00,3.12E+01,4.82E+01,1.76E+01
2322,-131.27,-39.9897,1.76E+00,3.16E+01,4.61E+01,2.00E+01
2323,-137.51,-66.6518,1.33E+00,2.77E+01,5.33E+01,1.16E+01
2324,-137.513,-59.9867,1.37E+00,2.80E+01,5.09E+01,1.38E+01
2325,-143.761,-66.6543,1.05E+00,2.43E+01,5.12E+01,1.31E+01
2326,-143.763,-59.989,1.08E+00,2.46E+01,4.90E+01,1.53E+01
2327,-131.258,-66.6493,1.61E+00,3.03E+01,5.54E+01,1.09E+01
2328,-131.261,-59.9845,1.65E+00,3.06E+01,5.28E+01,1.31E+01
2329,-143.739,-112.451,7.70E-01,2.41E+01,6.53E+01,1.05E+01
2330,-137.49,-112.427,9.57E-01,2.70E+01,6.69E+01,1.12E+01
2331,-131.241,-112.446,1.13E+00,2.91E+01,6.85E+01,1.12E+01
2332,-143.762,-93.2202,9.15E-01,2.41E+01,6.12E+01,6.87E+00
2333,-137.498,-93.1881,1.15E+00,2.72E+01,6.33E+01,7.00E+00
2334,-131.234,-93.2141,1.37E+00,2.96E+01,6.55E+01,7.31E+00
2335,-137.501,-86.6076,1.20E+00,2.72E+01,6.12E+01,7.05E+00
2336,-137.504,-79.9824,1.25E+00,2.73E+01,5.86E+01,7.99E+00
2337,-143.758,-86.6241,9.55E-01,2.39E+01,5.88E+01,7.54E+00
2338,-143.757,-79.9852,9.91E-01,2.40E+01,5.61E+01,8.98E+00
2339,-131.244,-86.6181,1.44E+00,2.97E+01,6.34E+01,7.08E+00
2340,-131.251,-79.9796,1.50E+00,2.99E+01,6.10E+01,7.71E+00
2341,-137.493,-106.081,1.03E+00,2.72E+01,6.62E+01,9.26E+00
2342,-137.495,-99.6767,1.09E+00,2.73E+01,6.50E+01,7.77E+00
2343,-143.738,-106.122,8.23E-01,2.40E+01,6.44E+01,8.54E+00
2344,-143.75,-99.7151,8.71E-01,2.41E+01,6.30E+01,7.19E+00
2345,-131.247,-106.116,1.22E+00,2.93E+01,6.81E+01,9.57E+00
2346,-131.24,-99.7091,1.30E+00,2.94E+01,6.71E+01,8.22E+00
2347,-143.739,-131.233,5.72E-01,2.47E+01,6.38E+01,1.61E+01
2348,-137.485,-131.232,7.04E-01,2.66E+01,6.46E+01,1.62E+01
2349,-131.232,-131.232,8.26E-01,2.77E+01,6.56E+01,1.54E+01
2350,-137.486,-124.98,7.97E-01,2.69E+01,6.60E+01,1.48E+01
2351,-137.488,-118.709,8.81E-01,2.69E+01,6.68E+01,1.31E+01
2352,-143.74,-124.982,6.46E-01,2.47E+01,6.50E+01,1.44E+01
2353,-143.74,-118.719,7.11E-01,2.44E+01,6.55E+01,1.25E+01
2354,-131.232,-124.979,9.38E-01,2.83E+01,6.70E+01,1.43E+01
2355,-131.236,-118.715,1.04E+00,2.87E+01,6.81E+01,1.28E+01
2356,-137.485,-143.738,4.91E-01,2.45E+01,6.17E+01,1.75E+01
2357,-137.484,-137.484,6.02E-01,2.59E+01,6.29E+01,1.72E+01
2358,-143.737,-143.737,4.01E-01,2.34E+01,5.98E+01,1.82E+01
2359,-143.738,-137.485,4.91E-01,2.45E+01,6.18E+01,1.75E+01
2360,-131.233,-143.739,5.73E-01,2.47E+01,6.36E+01,1.61E+01
2361,-131.232,-137.485,7.04E-01,2.66E+01,6.45E+01,1.61E+01
2362,131.235,149.993,4.32E-01,2.02E+01,6.28E+01,1.29E+01
2363,137.486,149.991,3.72E-01,1.90E+01,6.06E+01,1.33E+01
2364,143.737,149.99,3.10E-01,1.59E+01,5.70E+01,1.17E+01
2365,149.988,149.99,2.56E-01,3.25E+01,3.31E+01,3.93E+01
2366,149.988,143.738,3.35E-01,3.60E+01,3.46E+01,4.08E+01
2367,149.99,137.487,4.06E-01,3.86E+01,3.62E+01,4.16E+01
2368,149.991,131.236,4.68E-01,4.02E+01,3.74E+01,4.17E+01
2369,149.993,124.985,5.23E-01,4.09E+01,3.82E+01,4.12E+01
2370,149.996,118.735,5.71E-01,4.09E+01,3.85E+01,4.03E+01
2371,149.998,112.485,6.12E-01,4.05E+01,3.84E+01,3.91E+01
2372,150,106.235,6.48E-01,3.98E+01,3.81E+01,3.79E+01
2373,150.002,99.9856,6.80E-01,3.89E+01,3.77E+01,3.69E+01
2374,150.004,93.3196,7.09E-01,3.77E+01,3.70E+01,3.63E+01
2375,150.007,86.6538,7.35E-01,3.65E+01,3.62E+01,3.59E+01
2376,150.008,79.988,7.58E-01,3.53E+01,3.54E+01,3.59E+01
2377,150.01,73.3223,7.77E-01,3.42E+01,3.46E+01,3.59E+01
2378,150.012,66.6567,7.95E-01,3.31E+01,3.39E+01,3.60E+01
2379,150.013,59.991,8.10E-01,3.21E+01,3.32E+01,3.62E+01
2380,150.015,53.3253,8.24E-01,3.11E+01,3.26E+01,3.63E+01
2381,150.016,46.6596,8.36E-01,3.03E+01,3.21E+01,3.65E+01
2382,150.017,39.9939,8.45E-01,2.96E+01,3.16E+01,3.67E+01
2383,150.018,33.3282,8.54E-01,2.89E+01,3.12E+01,3.69E+01
2384,150.019,26.6624,8.60E-01,2.84E+01,3.08E+01,3.71E+01
2385,150.019,19.9966,8.65E-01,2.79E+01,3.06E+01,3.73E+01
2386,150.02,13.3309,8.68E-01,2.75E+01,3.04E+01,3.75E+01
2387,150.02,6.66507,8.70E-01,2.72E+01,3.02E+01,3.76E+01
2388,150.02,-0.000735521,8.70E-01,2.70E+01,3.01E+01,3.78E+01
2389,150.02,-6.66654,8.68E-01,2.69E+01,3.00E+01,3.80E+01
2390,150.02,-13.3323,8.64E-01,2.68E+01,3.01E+01,3.81E+01
2391,150.02,-19.9981,8.59E-01,2.68E+01,3.01E+01,3.82E+01
2392,150.019,-26.6639,8.52E-01,2.69E+01,3.02E+01,3.84E+01
2393,150.019,-33.3297,8.44E-01,2.71E+01,3.04E+01,3.85E+01
2394,150.018,-39.9954,8.34E-01,2.74E+01,3.07E+01,3.86E+01
2395,150.017,-46.6612,8.22E-01,2.78E+01,3.09E+01,3.87E+01
2396,150.016,-53.3269,8.09E-01,2.82E+01,3.13E+01,3.89E+01
2397,150.015,-59.9926,7.94E-01,2.88E+01,3.17E+01,3.90E+01
2398,150.013,-66.6583,7.78E-01,2.94E+01,3.22E+01,3.90E+01
2399,150.012,-73.3239,7.59E-01,3.02E+01,3.27E+01,3.91E+01
2400,150.01,-79.9897,7.39E-01,3.09E+01,3.33E+01,3.91E+01
2401,150.009,-86.6554,7.17E-01,3.18E+01,3.39E+01,3.91E+01
2402,150.007,-93.3212,6.92E-01,3.26E+01,3.45E+01,3.91E+01
2403,150.005,-99.9871,6.64E-01,3.34E+01,3.50E+01,3.88E+01
2404,150.004,-106.237,6.35E-01,3.41E+01,3.55E+01,3.85E+01
2405,150.002,-112.486,6.02E-01,3.46E+01,3.57E+01,3.80E+01
2406,150,-118.736,5.65E-01,3.50E+01,3.59E+01,3.74E+01
2407,149.999,-124.986,5.24E-01,3.51E+01,3.58E+01,3.68E+01
2408,149.997,-131.237,4.77E-01,3.50E+01,3.53E+01,3.64E+01
2409,149.996,-137.488,4.22E-01,3.46E+01,3.45E+01,3.62E+01
2410,149.995,-143.739,3.60E-01,3.40E+01,3.34E+01,3.63E+01
2411,149.995,-149.992,2.90E-01,3.36E+01,3.19E+01,3.72E+01
2412,143.741,-149.993,3.89E-01,5.17E+01,1.49E+01,6.47E+01
2413,137.488,-149.995,4.62E-01,5.17E+01,1.46E+01,6.84E+01
2414,131.237,-149.996,5.18E-01,5.26E+01,1.41E+01,7.02E+01
2415,143.773,-0.000582108,1.19E+00,3.06E+01,3.29E+01,3.47E+01
2416,137.525,-0.000779719,1.52E+00,3.32E+01,3.47E+01,3.42E+01
2417,131.277,-0.000898536,1.85E+00,3.51E+01,3.60E+01,3.42E+01
2418,143.757,79.9853,1.01E+00,2.36E+01,5.52E+01,9.35E+00
2419,137.505,79.9824,1.26E+00,2.73E+01,5.77E+01,8.10E+00
2420,131.251,79.9796,1.51E+00,3.00E+01,6.01E+01,7.72E+00
2421,143.742,118.732,7.32E-01,2.29E+01,6.36E+01,1.10E+01
2422,137.488,118.729,8.94E-01,2.64E+01,6.56E+01,1.22E+01
2423,131.234,118.728,1.05E+00,2.83E+01,6.73E+01,1.22E+01
2424,143.737,137.485,5.05E-01,2.10E+01,5.98E+01,1.39E+01
2425,137.484,137.485,6.08E-01,2.41E+01,6.19E+01,1.51E+01
2426,131.232,137.485,7.06E-01,2.55E+01,6.41E+01,1.48E+01
2427,137.485,143.738,4.93E-01,2.21E+01,6.09E+01,1.48E+01
2428,143.736,143.737,4.11E-01,1.91E+01,5.78E+01,1.35E+01
2429,131.233,143.739,5.73E-01,2.34E+01,6.33E+01,1.45E+01
2430,137.486,124.981,8.08E-01,2.59E+01,6.48E+01,1.36E+01
2431,137.485,131.232,7.13E-01,2.53E+01,6.34E+01,1.46E+01
2432,143.74,124.982,6.65E-01,2.26E+01,6.30E+01,1.24E+01
2433,143.738,131.233,5.89E-01,2.21E+01,6.17E+01,1.35E+01
2434,131.232,124.979,9.45E-01,2.77E+01,6.63E+01,1.34E+01
2435,131.232,131.232,8.31E-01,2.69E+01,6.51E+01,1.43E+01
2436,143.749,99.776,8.92E-01,2.32E+01,6.13E+01,7.17E+00
2437,137.495,99.773,1.10E+00,2.69E+01,6.38E+01,7.74E+00
2438,131.241,99.7702,1.31E+00,2.93E+01,6.62E+01,8.15E+00
2439,137.493,106.144,1.04E+00,2.68E+01,6.50E+01,9.06E+00
2440,137.49,112.479,9.71E-01,2.66E+01,6.57E+01,1.06E+01
2441,143.74,106.161,8.45E-01,2.32E+01,6.26E+01,8.06E+00
2442,143.744,112.482,7.92E-01,2.31E+01,6.34E+01,9.44E+00
2443,131.245,106.156,1.23E+00,2.91E+01,6.72E+01,9.45E+00
2444,131.236,112.477,1.14E+00,2.88E+01,6.76E+01,1.09E+01
2445,137.501,86.6478,1.22E+00,2.71E+01,6.00E+01,7.11E+00
2446,137.498,93.2285,1.16E+00,2.70E+01,6.21E+01,6.99E+00
2447,143.754,86.6508,9.74E-01,2.34E+01,5.75E+01,7.87E+00
2448,143.758,93.2456,9.35E-01,2.33E+01,5.95E+01,7.08E+00
2449,131.248,86.6449,1.45E+00,2.98E+01,6.24E+01,7.05E+00
2450,131.238,93.2396,1.39E+00,2.96E+01,6.45E+01,7.24E+00
2451,143.769,39.9927,1.15E+00,2.60E+01,4.24E+01,2.21E+01
2452,137.519,39.9912,1.46E+00,2.92E+01,4.44E+01,2.07E+01
2453,131.27,39.9897,1.77E+00,3.17E+01,4.60E+01,2.00E+01
2454,143.764,59.989,1.09E+00,2.45E+01,4.85E+01,1.55E+01
2455,137.513,59.9868,1.38E+00,2.80E+01,5.07E+01,1.39E+01
2456,131.262,59.9845,1.66E+00,3.07E+01,5.26E+01,1.31E+01
2457,137.51,66.6519,1.34E+00,2.77E+01,5.30E+01,1.17E+01
2458,137.508,73.3172,1.31E+00,2.75E+01,5.54E+01,9.73E+00
2459,143.762,66.6544,1.07E+00,2.41E+01,5.07E+01,1.33E+01
2460,143.759,73.3198,1.04E+00,2.38E+01,5.29E+01,1.13E+01
2461,131.258,66.6495,1.62E+00,3.04E+01,5.51E+01,1.10E+01
2462,131.255,73.3145,1.57E+00,3.02E+01,5.76E+01,9.10E+00
2463,137.517,46.6564,1.43E+00,2.87E+01,4.64E+01,1.84E+01
2464,137.515,53.3216,1.41E+00,2.83E+01,4.85E+01,1.61E+01
2465,143.767,46.6581,1.13E+00,2.54E+01,4.43E+01,1.99E+01
2466,143.765,53.3236,1.11E+00,2.49E+01,4.64E+01,1.77E+01
2467,131.267,46.6547,1.74E+00,3.13E+01,4.80E+01,1.76E+01
2468,131.264,53.3196,1.70E+00,3.10E+01,5.03E+01,1.53E+01
2469,143.772,19.9961,1.18E+00,2.80E+01,3.73E+01,2.85E+01
2470,137.523,19.9953,1.50E+00,3.09E+01,3.91E+01,2.74E+01
2471,131.275,19.9946,1.83E+00,3.32E+01,4.05E+01,2.70E+01
2472,137.522,26.6606,1.49E+00,3.03E+01,4.08E+01,2.52E+01
2473,137.521,33.3259,1.47E+00,2.97E+01,4.26E+01,2.29E+01
2474,143.771,26.6617,1.17E+00,2.73E+01,3.89E+01,2.64E+01
2475,143.77,33.3272,1.16E+00,2.66E+01,4.06E+01,2.42E+01
2476,131.273,26.6596,1.81E+00,3.26E+01,4.22E+01,2.47E+01
2477,131.272,33.3247,1.79E+00,3.21E+01,4.40E+01,2.23E+01
2478,137.525,6.6646,1.52E+00,3.23E+01,3.61E+01,3.19E+01
2479,137.524,13.33,1.51E+00,3.16E+01,3.76E+01,2.97E+01
2480,143.773,6.66501,1.19E+00,2.97E+01,3.43E+01,3.27E+01
2481,143.772,13.3306,1.19E+00,2.88E+01,3.57E+01,3.06E+01
2482,131.277,6.66428,1.85E+00,3.44E+01,3.74E+01,3.18E+01
2483,131.276,13.3294,1.84E+00,3.37E+01,3.89E+01,2.94E+01
2484,143.762,-73.3214,1.04E+00,4.77E+01,2.06E+01,5.79E+01
2485,137.51,-73.3192,1.32E+00,4.97E+01,2.24E+01,5.92E+01
2486,131.258,-73.317,1.59E+00,5.15E+01,2.37E+01,6.11E+01
2487,143.771,-33.3285,1.16E+00,3.67E+01,2.67E+01,4.51E+01
2488,137.522,-33.3276,1.48E+00,3.87E+01,2.85E+01,4.54E+01
2489,131.273,-33.3267,1.80E+00,4.03E+01,2.98E+01,4.62E+01
2490,143.773,-13.3317,1.18E+00,3.27E+01,3.03E+01,3.89E+01
2491,137.525,-13.3315,1.51E+00,3.51E+01,3.21E+01,3.86E+01
2492,131.277,-13.3312,1.85E+00,3.69E+01,3.34E+01,3.90E+01
2493,137.525,-6.66614,1.52E+00,3.41E+01,3.34E+01,3.64E+01
2494,143.773,-6.66616,1.19E+00,3.16E+01,3.15E+01,3.68E+01
2495,131.277,-6.66607,1.85E+00,3.59E+01,3.46E+01,3.66E+01
2496,137.523,-26.6622,1.49E+00,3.74E+01,2.97E+01,4.31E+01
2497,137.524,-19.9969,1.50E+00,3.62E+01,3.09E+01,4.09E+01
2498,143.772,-26.6629,1.17E+00,3.52E+01,2.79E+01,4.30E+01
2499,143.772,-19.9974,1.18E+00,3.39E+01,2.91E+01,4.09E+01
2500,131.275,-26.6615,1.82E+00,3.90E+01,3.10E+01,4.38E+01
2501,131.276,-19.9964,1.83E+00,3.79E+01,3.21E+01,4.14E+01
2502,143.767,-53.325,1.11E+00,4.17E+01,2.35E+01,5.14E+01
2503,137.517,-53.3235,1.41E+00,4.36E+01,2.53E+01,5.22E+01
2504,131.267,-53.3218,1.72E+00,4.52E+01,2.66E+01,5.35E+01
2505,137.519,-46.6582,1.44E+00,4.19E+01,2.63E+01,4.99E+01
2506,137.521,-39.993,1.46E+00,4.02E+01,2.74E+01,4.76E+01
2507,143.768,-46.6595,1.13E+00,3.99E+01,2.45E+01,4.93E+01
2508,143.77,-39.994,1.14E+00,3.82E+01,2.56E+01,4.72E+01
2509,131.269,-46.6568,1.75E+00,4.34E+01,2.76E+01,5.11E+01
2510,131.271,-39.9918,1.78E+00,4.18E+01,2.87E+01,4.86E+01
2511,137.513,-66.6539,1.35E+00,4.76E+01,2.33E+01,5.68E+01
2512,137.515,-59.9887,1.38E+00,4.56E+01,2.43E+01,5.45E+01
2513,143.763,-66.6559,1.06E+00,4.56E+01,2.15E+01,5.57E+01
2514,143.765,-59.9905,1.09E+00,4.36E+01,2.25E+01,5.35E+01
2515,131.261,-66.6518,1.64E+00,4.93E+01,2.46E+01,5.86E+01
2516,131.264,-59.9869,1.68E+00,4.72E+01,2.56E+01,5.60E+01
2517,143.743,-112.453,8.16E-01,5.82E+01,1.62E+01,6.77E+01
2518,137.494,-112.429,1.02E+00,5.91E+01,1.78E+01,6.94E+01
2519,131.245,-112.449,1.21E+00,6.00E+01,1.91E+01,7.12E+01
2520,143.766,-93.222,9.42E-01,5.41E+01,1.81E+01,6.40E+01
2521,137.502,-93.1905,1.19E+00,5.58E+01,1.98E+01,6.57E+01
2522,131.238,-93.217,1.43E+00,5.76E+01,2.11E+01,6.80E+01
2523,137.505,-86.6099,1.24E+00,5.39E+01,2.06E+01,6.37E+01
2524,137.508,-79.9846,1.28E+00,5.19E+01,2.14E+01,6.15E+01
2525,143.761,-86.6259,9.77E-01,5.21E+01,1.89E+01,6.21E+01
2526,143.759,-79.987,1.01E+00,4.99E+01,1.97E+01,6.00E+01
2527,131.248,-86.6209,1.49E+00,5.57E+01,2.19E+01,6.59E+01
2528,131.255,-79.9822,1.54E+00,5.37E+01,2.28E+01,6.36E+01
2529,137.497,-106.083,1.08E+00,5.86E+01,1.84E+01,6.86E+01
2530,137.499,-99.6791,1.14E+00,5.74E+01,1.91E+01,6.74E+01
2531,143.742,-106.124,8.63E-01,5.73E+01,1.67E+01,6.69E+01
2532,143.754,-99.717,9.04E-01,5.59E+01,1.74E+01,6.56E+01
2533,131.252,-106.119,1.29E+00,5.98E+01,1.97E+01,7.07E+01
2534,131.244,-99.7121,1.36E+00,5.90E+01,2.04E+01,6.96E+01
2535,143.743,-131.235,6.42E-01,5.71E+01,1.53E+01,6.66E+01
2536,137.489,-131.235,7.88E-01,5.66E+01,1.66E+01,6.79E+01
2537,131.236,-131.235,9.17E-01,5.68E+01,1.74E+01,6.94E+01
2538,137.491,-124.983,8.74E-01,5.81E+01,1.69E+01,6.89E+01
2539,137.492,-118.712,9.50E-01,5.90E+01,1.73E+01,6.94E+01
2540,143.745,-124.984,7.07E-01,5.83E+01,1.54E+01,6.76E+01
2541,143.745,-118.721,7.65E-01,5.86E+01,1.57E+01,6.80E+01
2542,131.237,-124.983,1.02E+00,5.83E+01,1.80E+01,7.03E+01
2543,131.24,-118.718,1.12E+00,5.94E+01,1.85E+01,7.10E+01
2544,137.488,-143.741,5.84E-01,5.33E+01,1.56E+01,6.70E+01
2545,137.488,-137.487,6.92E-01,5.49E+01,1.62E+01,6.71E+01
2546,143.741,-143.74,4.84E-01,5.33E+01,1.51E+01,6.42E+01
2547,143.742,-137.487,5.68E-01,5.54E+01,1.52E+01,6.52E+01
2548,131.236,-143.742,6.65E-01,5.41E+01,1.58E+01,6.90E+01
2549,131.235,-137.488,7.97E-01,5.54E+01,1.68E+01,6.89E+01
2550,149.995,-156.245,2.10E-01,3.32E+01,3.05E+01,3.93E+01
2551,149.996,-162.498,1.24E-01,3.09E+01,2.88E+01,4.22E+01
2552,149.998,-168.751,4.25E-02,2.27E+01,2.69E+01,4.83E+01
2553,150,-175,0.00E+00,1.65E+01,2.61E+01,5.29E+01
2554,143.75,-175,0.00E+00,2.41E+01,8.90E+00,9.74E+01
2555,137.5,-175,0.00E+00,2.25E+01,1.14E+01,1.00E+02
2556,131.25,-175,0.00E+00,2.04E+01,1.14E+01,1.02E+02
2557,125,-175,0.00E+00,1.78E+01,1.10E+01,1.03E+02
2558,118.75,-175,0.00E+00,1.49E+01,1.02E+01,1.04E+02
2559,112.5,-175,0.00E+00,1.21E+01,9.48E+00,1.04E+02
2560,106.25,-175,0.00E+00,9.40E+00,8.83E+00,1.04E+02
2561,100,-175,0.00E+00,6.63E+00,7.89E+00,1.03E+02
2562,93.3333,-175,0.00E+00,4.26E+00,6.79E+00,1.02E+02
2563,86.6667,-175,0.00E+00,3.44E+00,5.89E+00,1.02E+02
2564,80,-175,0.00E+00,4.66E+00,5.07E+00,1.00E+02
2565,73.3333,-175,0.00E+00,6.92E+00,4.19E+00,9.92E+01
2566,66.6667,-175,0.00E+00,9.36E+00,3.33E+00,9.81E+01
2567,60,-175,0.00E+00,1.18E+01,2.54E+00,9.69E+01
2568,53.3333,-175,0.00E+00,1.41E+01,2.00E+00,9.57E+01
2569,46.6667,-175,0.00E+00,1.62E+01,1.95E+00,9.45E+01
2570,40,-175,0.00E+00,1.83E+01,2.44E+00,9.32E+01
2571,33.3333,-175,0.00E+00,2.02E+01,3.31E+00,9.19E+01
2572,26.6667,-175,0.00E+00,2.20E+01,4.36E+00,9.05E+01
2573,20,-175,0.00E+00,2.37E+01,5.52E+00,8.91E+01
2574,13.3333,-175,0.00E+00,2.52E+01,6.76E+00,8.77E+01
2575,6.66667,-175,0.00E+00,2.67E+01,8.06E+00,8.62E+01
2576,0,-175,0.00E+00,2.80E+01,9.44E+00,8.46E+01
2577,-6.66667,-175,0.00E+00,2.92E+01,1.09E+01,8.29E+01
2578,-13.3333,-175,0.00E+00,3.03E+01,1.24E+01,8.12E+01
2579,-20,-175,0.00E+00,3.13E+01,1.40E+01,7.94E+01
2580,-26.6667,-175,0.00E+00,3.22E+01,1.56E+01,7.76E+01
2581,-33.3333,-175,0.00E+00,3.31E+01,1.74E+01,7.56E+01
2582,-40,-175,0.00E+00,3.38E+01,1.92E+01,7.36E+01
2583,-46.6667,-175,0.00E+00,3.44E+01,2.11E+01,7.14E+01
2584,-53.3333,-175,0.00E+00,3.50E+01,2.31E+01,6.92E+01
2585,-60,-175,0.00E+00,3.54E+01,2.53E+01,6.68E+01
2586,-66.6667,-175,0.00E+00,3.57E+01,2.75E+01,6.44E+01
2587,-73.3333,-175,0.00E+00,3.59E+01,2.99E+01,6.17E+01
2588,-80,-175,0.00E+00,3.60E+01,3.24E+01,5.88E+01
2589,-86.6667,-175,0.00E+00,3.58E+01,3.51E+01,5.57E+01
2590,-93.3333,-175,0.00E+00,3.53E+01,3.78E+01,5.26E+01
2591,-100,-175,0.00E+00,3.48E+01,4.06E+01,4.91E+01
2592,-106.25,-175,0.00E+00,3.39E+01,4.34E+01,4.51E+01
2593,-112.5,-175,0.00E+00,3.23E+01,4.62E+01,4.13E+01
2594,-118.75,-175,0.00E+00,3.01E+01,4.88E+01,3.72E+01
2595,-125,-175,0.00E+00,2.73E+01,5.08E+01,3.21E+01
2596,-131.25,-175,0.00E+00,2.37E+01,5.29E+01,2.68E+01
2597,-137.5,-175,0.00E+00,1.93E+01,5.48E+01,2.13E+01
2598,-143.75,-175,0.00E+00,1.43E+01,5.59E+01,1.55E+01
2599,-150,-175,0.00E+00,9.34E+00,5.64E+01,1.03E+01
2600,-149.996,-168.748,2.53E-02,7.61E+00,5.59E+01,9.43E+00
2601,-149.993,-162.495,8.23E-02,1.00E+01,5.50E+01,1.14E+01
2602,-149.99,-156.242,1.55E-01,1.64E+01,5.49E+01,1.57E+01
2603,-0.000306418,-168.759,9.10E-02,1.44E+01,1.50E+01,7.21E+01
2604,1.15E-05,-162.513,2.99E-01,7.96E+00,2.33E+01,5.27E+01
2605,8.59E-05,-156.267,5.68E-01,1.94E+01,2.77E+01,4.24E+01
2606,79.9968,-168.757,8.27E-02,1.32E+01,6.30E+00,8.94E+01
2607,79.9944,-162.51,2.68E-01,2.87E+01,1.01E+01,7.28E+01
2608,79.9917,-156.261,5.03E-01,3.95E+01,1.44E+01,6.48E+01
2609,118.745,-168.755,7.03E-02,2.55E+01,7.45E+00,9.41E+01
2610,118.742,-162.505,2.23E-01,4.19E+01,6.85E+00,8.00E+01
2611,118.738,-156.253,4.09E-01,5.02E+01,1.09E+01,7.37E+01
2612,137.495,-168.753,6.14E-02,3.15E+01,8.16E+00,9.11E+01
2613,137.492,-162.502,1.87E-01,4.42E+01,7.62E+00,7.78E+01
2614,137.489,-156.249,3.27E-01,4.94E+01,1.21E+01,7.17E+01
2615,143.743,-162.501,1.67E-01,4.59E+01,9.98E+00,7.33E+01
2616,143.745,-168.753,5.75E-02,3.35E+01,8.23E+00,8.73E+01
2617,143.741,-156.247,2.81E-01,5.00E+01,1.35E+01,6.75E+01
2618,124.992,-162.504,2.13E-01,4.34E+01,6.68E+00,8.01E+01
2619,131.242,-162.503,2.01E-01,4.40E+01,6.78E+00,7.92E+01
2620,124.995,-168.754,6.75E-02,2.80E+01,7.74E+00,9.40E+01
2621,131.245,-168.754,6.46E-02,3.00E+01,7.91E+00,9.29E+01
2622,124.988,-156.252,3.86E-01,5.06E+01,1.08E+01,7.38E+01
2623,131.239,-156.25,3.60E-01,5.00E+01,1.11E+01,7.31E+01
2624,99.7897,-168.756,7.73E-02,1.81E+01,6.80E+00,9.28E+01
2625,99.7866,-162.507,2.49E-01,3.60E+01,8.08E+00,7.74E+01
2626,99.7834,-156.257,4.62E-01,4.60E+01,1.22E+01,7.03E+01
2627,106.158,-162.507,2.41E-01,3.81E+01,7.48E+00,7.85E+01
2628,112.492,-162.506,2.33E-01,3.99E+01,7.07E+00,7.93E+01
2629,106.175,-168.749,7.54E-02,2.07E+01,6.97E+00,9.36E+01
2630,112.496,-168.755,7.29E-02,2.31E+01,7.13E+00,9.40E+01
2631,106.169,-156.263,4.46E-01,4.76E+01,1.17E+01,7.17E+01
2632,112.489,-156.254,4.29E-01,4.89E+01,1.12E+01,7.28E+01
2633,86.6605,-162.509,2.62E-01,3.12E+01,9.31E+00,7.43E+01
2634,93.2417,-162.508,2.56E-01,3.36E+01,8.68E+00,7.59E+01
2635,86.6633,-168.757,8.11E-02,1.39E+01,6.36E+00,9.06E+01
2636,93.2588,-168.763,7.92E-02,1.56E+01,6.53E+00,9.18E+01
2637,86.6577,-156.259,4.91E-01,4.17E+01,1.36E+01,6.67E+01
2638,93.2528,-156.251,4.78E-01,4.39E+01,1.28E+01,6.85E+01
2639,39.9983,-168.758,8.93E-02,1.34E+01,7.85E+00,8.12E+01
2640,39.9973,-162.513,2.92E-01,1.60E+01,1.59E+01,6.28E+01
2641,39.9961,-156.266,5.53E-01,2.75E+01,2.04E+01,5.35E+01
2642,59.9976,-168.758,8.66E-02,1.32E+01,6.34E+00,8.53E+01
2643,59.9959,-162.511,2.82E-01,2.19E+01,1.28E+01,6.78E+01
2644,59.994,-156.263,5.33E-01,3.31E+01,1.72E+01,5.91E+01
2645,66.662,-162.511,2.78E-01,2.41E+01,1.18E+01,6.94E+01
2646,73.3282,-162.51,2.74E-01,2.64E+01,1.09E+01,7.11E+01
2647,66.664,-168.757,8.55E-02,1.31E+01,6.27E+00,8.67E+01
2648,73.3304,-168.757,8.42E-02,1.31E+01,6.26E+00,8.80E+01
2649,66.6599,-156.263,5.24E-01,3.51E+01,1.62E+01,6.10E+01
2650,73.3258,-156.262,5.14E-01,3.73E+01,1.53E+01,6.29E+01
2651,46.6635,-162.512,2.89E-01,1.78E+01,1.48E+01,6.45E+01
2652,53.3297,-162.512,2.86E-01,1.98E+01,1.38E+01,6.61E+01
2653,46.6648,-168.758,8.85E-02,1.33E+01,7.06E+00,8.26E+01
2654,53.3312,-168.758,8.76E-02,1.32E+01,6.57E+00,8.40E+01
2655,46.6621,-156.265,5.48E-01,2.93E+01,1.93E+01,5.54E+01
2656,53.328,-156.264,5.41E-01,3.11E+01,1.82E+01,5.72E+01
2657,19.999,-168.759,9.07E-02,1.36E+01,1.11E+01,7.68E+01
2658,19.9987,-162.513,2.98E-01,1.12E+01,1.94E+01,5.79E+01
2659,19.9981,-156.267,5.65E-01,2.30E+01,2.38E+01,4.80E+01
2660,26.6649,-162.513,2.96E-01,1.27E+01,1.82E+01,5.95E+01
2661,33.3311,-162.513,2.95E-01,1.43E+01,1.70E+01,6.12E+01
2662,26.6655,-168.758,9.04E-02,1.35E+01,9.95E+00,7.83E+01
2663,33.3319,-168.758,8.99E-02,1.35E+01,8.84E+00,7.98E+01
2664,26.6641,-156.266,5.62E-01,2.44E+01,2.26E+01,4.98E+01
2665,33.3301,-156.266,5.58E-01,2.59E+01,2.15E+01,5.17E+01
2666,6.66623,-162.513,2.99E-01,8.56E+00,2.19E+01,5.44E+01
2667,13.3325,-162.513,2.99E-01,9.78E+00,2.06E+01,5.62E+01
2668,6.66613,-168.759,9.11E-02,1.38E+01,1.37E+01,7.37E+01
2669,13.3326,-168.759,9.10E-02,1.36E+01,1.24E+01,7.53E+01
2670,6.6661,-156.267,5.68E-01,2.06E+01,2.64E+01,4.43E+01
2671,13.3321,-156.267,5.67E-01,2.18E+01,2.51E+01,4.61E+01
2672,-73.3309,-168.757,8.16E-02,2.26E+01,3.52E+01,4.93E+01
2673,-73.328,-162.509,2.65E-01,8.41E+00,4.30E+01,2.99E+01
2674,-73.3253,-156.26,4.99E-01,1.21E+01,4.75E+01,1.92E+01
2675,-33.3324,-168.758,8.88E-02,1.94E+01,2.28E+01,6.30E+01
2676,-33.331,-162.513,2.91E-01,8.09E+00,3.09E+01,4.33E+01
2677,-33.3298,-156.266,5.52E-01,1.50E+01,3.54E+01,3.26E+01
2678,-13.3331,-168.759,9.05E-02,1.66E+01,1.79E+01,6.86E+01
2679,-13.3324,-162.513,2.97E-01,7.96E+00,2.61E+01,4.91E+01
2680,-13.3319,-156.267,5.65E-01,1.74E+01,3.06E+01,3.86E+01
2681,-6.66618,-162.513,2.98E-01,7.92E+00,2.47E+01,5.09E+01
2682,-6.66673,-168.759,9.08E-02,1.55E+01,1.65E+01,7.04E+01
2683,-6.6659,-156.267,5.67E-01,1.84E+01,2.91E+01,4.05E+01
2684,-26.6648,-162.513,2.94E-01,8.05E+00,2.93E+01,4.53E+01
2685,-19.9986,-162.513,2.96E-01,8.01E+00,2.77E+01,4.72E+01
2686,-26.666,-168.758,8.95E-02,1.86E+01,2.11E+01,6.49E+01
2687,-19.9996,-168.758,9.01E-02,1.76E+01,1.95E+01,6.68E+01
2688,-26.6638,-156.266,5.57E-01,1.57E+01,3.37E+01,3.46E+01
2689,-19.9979,-156.267,5.61E-01,1.65E+01,3.21E+01,3.66E+01
2690,-53.3317,-168.758,8.59E-02,2.14E+01,2.85E+01,5.66E+01
2691,-53.3295,-162.511,2.81E-01,8.24E+00,3.65E+01,3.70E+01
2692,-53.3276,-156.264,5.31E-01,1.31E+01,4.10E+01,2.62E+01
2693,-46.6633,-162.512,2.85E-01,8.19E+00,3.46E+01,3.92E+01
2694,-39.9972,-162.512,2.88E-01,8.14E+00,3.27E+01,4.13E+01
2695,-46.6652,-168.758,8.70E-02,2.08E+01,2.65E+01,5.88E+01
2696,-39.9989,-168.758,8.80E-02,2.02E+01,2.47E+01,6.10E+01
2697,-46.6617,-156.264,5.39E-01,1.37E+01,3.90E+01,2.84E+01
2698,-39.9958,-156.265,5.46E-01,1.43E+01,3.71E+01,3.05E+01
2699,-66.6618,-162.51,2.71E-01,8.35E+00,4.08E+01,3.23E+01
2700,-59.9957,-162.511,2.76E-01,8.30E+00,3.86E+01,3.47E+01
2701,-66.6645,-168.757,8.32E-02,2.23E+01,3.29E+01,5.19E+01
2702,-59.9981,-168.757,8.46E-02,2.19E+01,3.06E+01,5.43E+01
2703,-66.6594,-156.262,5.11E-01,1.24E+01,4.52E+01,2.16E+01
2704,-59.9936,-156.263,5.21E-01,1.27E+01,4.31E+01,2.39E+01
2705,-112.465,-168.749,6.58E-02,2.02E+01,5.03E+01,2.99E+01
2706,-112.44,-162.504,2.10E-01,8.56E+00,5.64E+01,1.33E+01
2707,-112.457,-156.257,3.88E-01,1.32E+01,6.01E+01,7.80E+00
2708,-93.2337,-168.766,7.51E-02,2.24E+01,4.27E+01,4.05E+01
2709,-93.201,-162.507,2.43E-01,8.54E+00,5.01E+01,2.17E+01
2710,-93.2267,-156.246,4.54E-01,1.20E+01,5.44E+01,1.19E+01
2711,-86.62,-162.508,2.51E-01,8.54E+00,4.77E+01,2.45E+01
2712,-79.9941,-162.509,2.58E-01,8.48E+00,4.54E+01,2.73E+01
2713,-86.6369,-168.76,7.76E-02,2.27E+01,4.01E+01,4.35E+01
2714,-79.9973,-168.756,7.97E-02,2.27E+01,3.76E+01,4.65E+01
2715,-86.6304,-156.254,4.70E-01,1.20E+01,5.21E+01,1.43E+01
2716,-79.9912,-156.259,4.85E-01,1.20E+01,4.98E+01,1.68E+01
2717,-106.094,-162.505,2.22E-01,8.49E+00,5.45E+01,1.59E+01
2718,-99.69,-162.506,2.33E-01,8.50E+00,5.24E+01,1.88E+01
2719,-106.136,-168.745,6.95E-02,2.13E+01,4.78E+01,3.35E+01
2720,-99.7291,-168.756,7.26E-02,2.20E+01,4.53E+01,3.72E+01
2721,-106.129,-156.262,4.12E-01,1.26E+01,5.85E+01,8.34E+00
2722,-99.7218,-156.254,4.34E-01,1.22E+01,5.66E+01,9.78E+00
2723,-131.246,-168.751,5.03E-02,1.39E+01,5.54E+01,1.79E+01
2724,-131.241,-162.5,1.59E-01,8.01E+00,5.92E+01,9.22E+00
2725,-131.238,-156.247,2.93E-01,1.56E+01,6.14E+01,1.16E+01
2726,-124.991,-162.501,1.79E-01,8.17E+00,5.88E+01,9.78E+00
2727,-118.722,-162.503,1.95E-01,8.47E+00,5.80E+01,1.12E+01
2728,-124.996,-168.752,5.63E-02,1.64E+01,5.40E+01,2.20E+01
2729,-118.733,-168.751,6.15E-02,1.85E+01,5.24E+01,2.62E+01
2730,-124.988,-156.248,3.30E-01,1.48E+01,6.16E+01,9.56E+00
2731,-118.725,-156.252,3.61E-01,1.40E+01,6.12E+01,8.20E+00
2732,-143.742,-162.497,1.11E-01,9.23E+00,5.75E+01,1.05E+01
2733,-137.492,-162.498,1.37E-01,8.36E+00,5.89E+01,9.53E+00
2734,-143.746,-168.749,3.48E-02,9.40E+00,5.65E+01,1.16E+01
2735,-137.496,-168.75,4.31E-02,1.14E+01,5.64E+01,1.44E+01
2736,-143.739,-156.244,2.06E-01,1.69E+01,5.80E+01,1.53E+01
2737,-137.489,-156.245,2.52E-01,1.64E+01,6.02E+01,1.37E+01
2738,-149.992,156.245,2.29E-01,4.25E+01,1.11E+01,6.96E+01
2739,-149.993,162.499,1.35E-01,4.00E+01,7.91E+00,7.45E+01
2740,-149.996,168.751,4.54E-02,3.29E+01,6.88E+00,8.46E+01
2741,-150,175,0.00E+00,2.76E+01,7.94E+00,9.13E+01
2742,-143.75,175,0.00E+00,2.54E+01,9.16E+00,9.60E+01
2743,-137.5,175,0.00E+00,2.30E+01,9.91E+00,9.92E+01
2744,-131.25,175,0.00E+00,2.06E+01,1.03E+01,1.01E+02
2745,-125,175,0.00E+00,1.77E+01,1.04E+01,1.03E+02
2746,-118.75,175,0.00E+00,1.44E+01,1.00E+01,1.03E+02
2747,-112.5,175,0.00E+00,1.12E+01,9.37E+00,1.03E+02
2748,-106.25,175,0.00E+00,8.60E+00,8.70E+00,1.03E+02
2749,-100,175,0.00E+00,6.10E+00,7.83E+00,1.02E+02
2750,-93.3333,175,0.00E+00,3.95E+00,6.87E+00,1.01E+02
2751,-86.6667,175,0.00E+00,3.54E+00,6.07E+00,1.01E+02
2752,-80,175,0.00E+00,5.05E+00,5.26E+00,9.96E+01
2753,-73.3333,175,0.00E+00,7.35E+00,4.37E+00,9.85E+01
2754,-66.6667,175,0.00E+00,9.77E+00,3.48E+00,9.74E+01
2755,-60,175,0.00E+00,1.21E+01,2.64E+00,9.63E+01
2756,-53.3333,175,0.00E+00,1.44E+01,2.02E+00,9.52E+01
2757,-46.6667,175,0.00E+00,1.65E+01,1.88E+00,9.40E+01
2758,-40,175,0.00E+00,1.85E+01,2.34E+00,9.29E+01
2759,-33.3333,175,0.00E+00,2.04E+01,3.22E+00,9.16E+01
2760,-26.6667,175,0.00E+00,2.22E+01,4.31E+00,9.04E+01
2761,-20,175,0.00E+00,2.38E+01,5.52E+00,8.91E+01
2762,-13.3333,175,0.00E+00,2.53E+01,6.81E+00,8.77E+01
2763,-6.66667,175,0.00E+00,2.67E+01,8.17E+00,8.63E+01
2764,0,175,0.00E+00,2.80E+01,9.61E+00,8.48E+01
2765,6.66667,175,0.00E+00,2.92E+01,1.11E+01,8.32E+01
2766,13.3333,175,0.00E+00,3.03E+01,1.27E+01,8.16E+01
2767,20,175,0.00E+00,3.12E+01,1.43E+01,7.99E+01
2768,26.6667,175,0.00E+00,3.21E+01,1.60E+01,7.81E+01
2769,33.3333,175,0.00E+00,3.29E+01,1.78E+01,7.62E+01
2770,40,175,0.00E+00,3.36E+01,1.97E+01,7.42E+01
2771,46.6667,175,0.00E+00,3.42E+01,2.17E+01,7.21E+01
2772,53.3333,175,0.00E+00,3.47E+01,2.38E+01,6.99E+01
2773,60,175,0.00E+00,3.51E+01,2.60E+01,6.76E+01
2774,66.6667,175,0.00E+00,3.54E+01,2.84E+01,6.51E+01
2775,73.3333,175,0.00E+00,3.55E+01,3.08E+01,6.25E+01
2776,80,175,0.00E+00,3.55E+01,3.34E+01,5.96E+01
2777,86.6667,175,0.00E+00,3.52E+01,3.61E+01,5.64E+01
2778,93.3333,175,0.00E+00,3.47E+01,3.89E+01,5.32E+01
2779,100,175,0.00E+00,3.40E+01,4.17E+01,4.97E+01
2780,106.25,175,0.00E+00,3.30E+01,4.45E+01,4.55E+01
2781,112.5,175,0.00E+00,3.12E+01,4.73E+01,4.15E+01
2782,118.75,175,0.00E+00,2.87E+01,4.99E+01,3.71E+01
2783,125,175,0.00E+00,2.57E+01,5.19E+01,3.18E+01
2784,131.25,175,0.00E+00,2.21E+01,5.39E+01,2.64E+01
2785,137.5,175,0.00E+00,1.85E+01,5.58E+01,2.17E+01
2786,143.75,175,0.00E+00,1.63E+01,5.69E+01,1.82E+01
2787,150,175,0.00E+00,3.12E+01,3.22E+01,4.85E+01
2788,149.995,168.748,2.77E-02,2.93E+01,3.12E+01,4.51E+01
2789,149.991,162.496,9.20E-02,2.71E+01,3.08E+01,4.00E+01
2790,149.988,156.243,1.73E-01,2.87E+01,3.20E+01,3.84E+01
2791,0.000288653,168.759,9.11E-02,1.44E+01,1.53E+01,7.22E+01
2792,-6.99E-05,162.513,2.99E-01,7.95E+00,2.36E+01,5.27E+01
2793,-0.000205196,156.267,5.68E-01,1.94E+01,2.81E+01,4.23E+01
2794,-79.9969,168.757,8.24E-02,1.30E+01,6.25E+00,8.86E+01
2795,-79.9945,162.51,2.67E-01,2.80E+01,9.78E+00,7.21E+01
2796,-79.9919,156.261,5.02E-01,3.87E+01,1.41E+01,6.41E+01
2797,-118.746,168.755,6.96E-02,2.48E+01,7.37E+00,9.37E+01
2798,-118.742,162.505,2.21E-01,4.10E+01,6.83E+00,7.98E+01
2799,-118.739,156.253,4.05E-01,4.95E+01,1.06E+01,7.33E+01
2800,-137.495,168.753,5.81E-02,3.12E+01,7.29E+00,9.09E+01
2801,-137.492,162.502,1.79E-01,4.32E+01,6.80E+00,7.86E+01
2802,-137.489,156.248,3.19E-01,4.84E+01,1.06E+01,7.27E+01
2803,-143.742,162.5,1.59E-01,4.23E+01,7.24E+00,7.70E+01
2804,-143.745,168.752,5.25E-02,3.24E+01,7.11E+00,8.84E+01
2805,-143.74,156.247,2.78E-01,4.60E+01,1.09E+01,7.14E+01
2806,-124.992,162.504,2.09E-01,4.26E+01,6.66E+00,8.01E+01
2807,-131.242,162.503,1.96E-01,4.32E+01,6.60E+00,7.95E+01
2808,-124.995,168.754,6.64E-02,2.76E+01,7.49E+00,9.35E+01
2809,-131.245,168.754,6.27E-02,2.97E+01,7.43E+00,9.25E+01
2810,-124.989,156.252,3.80E-01,5.01E+01,1.05E+01,7.38E+01
2811,-131.239,156.25,3.52E-01,4.95E+01,1.04E+01,7.34E+01
2812,-99.7897,168.756,7.69E-02,1.74E+01,6.67E+00,9.19E+01
2813,-99.7867,162.507,2.48E-01,3.52E+01,7.86E+00,7.67E+01
2814,-99.7835,156.257,4.61E-01,4.52E+01,1.20E+01,6.96E+01
2815,-106.158,162.507,2.40E-01,3.71E+01,7.36E+00,7.80E+01
2816,-112.492,162.506,2.31E-01,3.88E+01,7.02E+00,7.89E+01
2817,-106.175,168.748,7.49E-02,1.97E+01,6.90E+00,9.29E+01
2818,-112.496,168.755,7.24E-02,2.20E+01,7.12E+00,9.35E+01
2819,-106.168,156.263,4.44E-01,4.68E+01,1.14E+01,7.10E+01
2820,-112.489,156.254,4.26E-01,4.81E+01,1.09E+01,7.21E+01
2821,-86.6606,162.509,2.62E-01,3.04E+01,9.03E+00,7.36E+01
2822,-93.2418,162.508,2.55E-01,3.28E+01,8.40E+00,7.51E+01
2823,-86.6633,168.757,8.08E-02,1.35E+01,6.31E+00,8.98E+01
2824,-93.2588,168.763,7.88E-02,1.50E+01,6.44E+00,9.09E+01
2825,-86.6579,156.26,4.89E-01,4.09E+01,1.33E+01,6.59E+01
2826,-93.2529,156.252,4.76E-01,4.31E+01,1.26E+01,6.78E+01
2827,-39.9983,168.758,8.91E-02,1.33E+01,7.74E+00,8.09E+01
2828,-39.9974,162.513,2.92E-01,1.56E+01,1.58E+01,6.25E+01
2829,-39.9962,156.266,5.53E-01,2.71E+01,2.03E+01,5.31E+01
2830,-59.9976,168.758,8.64E-02,1.31E+01,6.28E+00,8.48E+01
2831,-59.9959,162.511,2.82E-01,2.13E+01,1.26E+01,6.72E+01
2832,-59.9941,156.264,5.32E-01,3.24E+01,1.70E+01,5.85E+01
2833,-66.662,162.511,2.78E-01,2.34E+01,1.16E+01,6.88E+01
2834,-73.3283,162.51,2.73E-01,2.56E+01,1.06E+01,7.04E+01
2835,-66.6641,168.758,8.52E-02,1.30E+01,6.21E+00,8.61E+01
2836,-73.3304,168.757,8.39E-02,1.30E+01,6.21E+00,8.74E+01
2837,-66.66,156.263,5.23E-01,3.44E+01,1.60E+01,6.03E+01
2838,-73.3259,156.262,5.13E-01,3.66E+01,1.50E+01,6.22E+01
2839,-46.6635,162.512,2.89E-01,1.74E+01,1.47E+01,6.41E+01
2840,-53.3298,162.512,2.86E-01,1.92E+01,1.36E+01,6.56E+01
2841,-46.6648,168.758,8.83E-02,1.32E+01,6.95E+00,8.22E+01
2842,-53.3312,168.758,8.74E-02,1.32E+01,6.48E+00,8.35E+01
2843,-46.6622,156.265,5.47E-01,2.88E+01,1.92E+01,5.49E+01
2844,-53.3281,156.264,5.40E-01,3.06E+01,1.81E+01,5.67E+01
2845,-19.999,168.759,9.07E-02,1.36E+01,1.12E+01,7.67E+01
2846,-19.9987,162.513,2.98E-01,1.10E+01,1.95E+01,5.77E+01
2847,-19.9982,156.267,5.65E-01,2.28E+01,2.40E+01,4.77E+01
2848,-26.6649,162.513,2.96E-01,1.24E+01,1.82E+01,5.93E+01
2849,-33.3312,162.513,2.94E-01,1.39E+01,1.70E+01,6.09E+01
2850,-26.6655,168.758,9.03E-02,1.35E+01,9.92E+00,7.81E+01
2851,-33.3319,168.758,8.98E-02,1.34E+01,8.77E+00,7.95E+01
2852,-26.6643,156.267,5.62E-01,2.42E+01,2.27E+01,4.95E+01
2853,-33.3302,156.266,5.58E-01,2.56E+01,2.15E+01,5.13E+01
2854,-6.66627,162.513,2.99E-01,8.51E+00,2.22E+01,5.44E+01
2855,-13.3326,162.513,2.99E-01,9.65E+00,2.08E+01,5.60E+01
2856,-6.66614,168.759,9.11E-02,1.38E+01,1.38E+01,7.37E+01
2857,-13.3326,168.759,9.10E-02,1.36E+01,1.25E+01,7.53E+01
2858,-6.6662,156.267,5.68E-01,2.05E+01,2.67E+01,4.41E+01
2859,-13.3322,156.267,5.67E-01,2.16E+01,2.53E+01,4.59E+01
2860,73.3309,168.757,8.20E-02,2.21E+01,3.62E+01,4.99E+01
2861,73.3279,162.509,2.66E-01,8.41E+00,4.41E+01,3.03E+01
2862,73.3252,156.26,5.00E-01,1.27E+01,4.86E+01,1.97E+01
2863,33.3324,168.758,8.92E-02,1.92E+01,2.34E+01,6.34E+01
2864,33.331,162.512,2.92E-01,8.10E+00,3.16E+01,4.36E+01
2865,33.3297,156.265,5.53E-01,1.52E+01,3.61E+01,3.28E+01
2866,13.3332,168.759,9.08E-02,1.65E+01,1.83E+01,6.89E+01
2867,13.3324,162.513,2.98E-01,7.96E+00,2.66E+01,4.92E+01
2868,13.3318,156.267,5.65E-01,1.75E+01,3.11E+01,3.86E+01
2869,6.66615,162.513,2.99E-01,7.92E+00,2.50E+01,5.10E+01
2870,6.66673,168.759,9.10E-02,1.55E+01,1.67E+01,7.06E+01
2871,6.6658,156.267,5.67E-01,1.84E+01,2.95E+01,4.05E+01
2872,26.6648,162.513,2.94E-01,8.05E+00,2.99E+01,4.55E+01
2873,19.9986,162.513,2.96E-01,8.01E+00,2.82E+01,4.74E+01
2874,26.666,168.758,8.98E-02,1.84E+01,2.16E+01,6.53E+01
2875,19.9996,168.758,9.04E-02,1.75E+01,1.99E+01,6.71E+01
2876,26.6638,156.266,5.58E-01,1.59E+01,3.44E+01,3.48E+01
2877,19.9978,156.266,5.62E-01,1.67E+01,3.27E+01,3.67E+01
2878,53.3317,168.758,8.64E-02,2.11E+01,2.93E+01,5.72E+01
2879,53.3295,162.511,2.82E-01,8.25E+00,3.74E+01,3.74E+01
2880,53.3275,156.263,5.32E-01,1.36E+01,4.19E+01,2.65E+01
2881,46.6633,162.512,2.86E-01,8.20E+00,3.54E+01,3.95E+01
2882,39.9971,162.512,2.89E-01,8.15E+00,3.35E+01,4.16E+01
2883,46.6653,168.758,8.74E-02,2.05E+01,2.73E+01,5.94E+01
2884,39.9989,168.758,8.84E-02,1.99E+01,2.53E+01,6.14E+01
2885,46.6616,156.264,5.40E-01,1.40E+01,3.99E+01,2.87E+01
2886,39.9957,156.265,5.47E-01,1.46E+01,3.80E+01,3.08E+01
2887,66.6618,162.51,2.72E-01,8.36E+00,4.18E+01,3.28E+01
2888,59.9956,162.511,2.77E-01,8.31E+00,3.96E+01,3.51E+01
2889,66.6645,168.757,8.37E-02,2.19E+01,3.38E+01,5.25E+01
2890,59.9981,168.757,8.51E-02,2.15E+01,3.15E+01,5.49E+01
2891,66.6593,156.261,5.12E-01,1.29E+01,4.63E+01,2.20E+01
2892,59.9934,156.262,5.23E-01,1.32E+01,4.41E+01,2.43E+01
2893,112.465,168.748,6.55E-02,1.92E+01,5.13E+01,3.02E+01
2894,112.44,162.503,2.09E-01,8.44E+00,5.74E+01,1.37E+01
2895,112.457,156.257,3.87E-01,1.37E+01,6.10E+01,7.85E+00
2896,93.2337,168.766,7.53E-02,2.17E+01,4.38E+01,4.10E+01
2897,93.201,162.507,2.43E-01,8.50E+00,5.12E+01,2.22E+01
2898,93.2266,156.246,4.54E-01,1.27E+01,5.55E+01,1.24E+01
2899,86.6199,162.508,2.52E-01,8.51E+00,4.89E+01,2.50E+01
2900,79.994,162.508,2.59E-01,8.47E+00,4.65E+01,2.77E+01
2901,86.6369,168.76,7.79E-02,2.21E+01,4.12E+01,4.41E+01
2902,79.9973,168.756,8.02E-02,2.22E+01,3.86E+01,4.71E+01
2903,86.6302,156.254,4.71E-01,1.25E+01,5.32E+01,1.48E+01
2904,79.9911,156.259,4.87E-01,1.26E+01,5.09E+01,1.72E+01
2905,106.094,162.505,2.22E-01,8.42E+00,5.55E+01,1.64E+01
2906,99.6899,162.506,2.33E-01,8.44E+00,5.35E+01,1.93E+01
2907,106.136,168.745,6.95E-02,2.04E+01,4.89E+01,3.39E+01
2908,99.7291,168.756,7.27E-02,2.12E+01,4.64E+01,3.77E+01
2909,106.128,156.262,4.12E-01,1.32E+01,5.95E+01,8.63E+00
2910,99.7218,156.253,4.34E-01,1.29E+01,5.76E+01,1.02E+01
2911,131.246,168.751,4.83E-02,1.31E+01,5.62E+01,1.81E+01
2912,131.241,162.499,1.55E-01,7.60E+00,5.97E+01,8.96E+00
2913,131.238,156.246,2.89E-01,1.47E+01,6.18E+01,9.87E+00
2914,124.992,162.501,1.76E-01,7.94E+00,5.95E+01,9.87E+00
2915,118.721,162.502,1.94E-01,8.31E+00,5.88E+01,1.15E+01
2916,124.996,168.752,5.50E-02,1.53E+01,5.49E+01,2.21E+01
2917,118.732,168.751,6.07E-02,1.75E+01,5.34E+01,2.64E+01
2918,124.988,156.248,3.26E-01,1.46E+01,6.23E+01,8.72E+00
2919,118.725,156.252,3.59E-01,1.42E+01,6.20E+01,7.90E+00
2920,143.742,162.497,1.09E-01,6.38E+00,5.73E+01,7.86E+00
2921,137.492,162.498,1.32E-01,7.15E+00,5.92E+01,8.42E+00
2922,143.745,168.749,3.24E-02,1.06E+01,5.70E+01,1.33E+01
2923,137.496,168.75,4.05E-02,1.11E+01,5.71E+01,1.50E+01
2924,143.739,156.244,2.07E-01,1.09E+01,5.71E+01,8.89E+00
2925,137.488,156.245,2.48E-01,1.39E+01,6.03E+01,1.03E+01
2926,-156.25,175,0.00E+00,2.93E+01,6.10E+00,8.46E+01
2927,-162.5,175,0.00E+00,3.05E+01,4.11E+00,7.53E+01
2928,-168.75,175,0.00E+00,2.94E+01,2.76E+00,6.04E+01
2929,-175,175,0.00E+00,2.77E+01,2.29E+00,5.09E+01
2930,-175,168.75,0.00E+00,2.94E+01,2.77E+00,6.04E+01
2931,-175,162.5,0.00E+00,3.06E+01,4.22E+00,7.54E+01
2932,-175,156.25,0.00E+00,2.92E+01,6.35E+00,8.50E+01
2933,-175,150,0.00E+00,2.75E+01,8.33E+00,9.19E+01
2934,-175,143.75,0.00E+00,2.54E+01,9.63E+00,9.68E+01
2935,-175,137.5,0.00E+00,2.29E+01,1.03E+01,1.00E+02
2936,-175,131.25,0.00E+00,2.02E+01,1.04E+01,1.02E+02
2937,-175,125,0.00E+00,1.77E+01,1.02E+01,1.04E+02
2938,-175,118.75,0.00E+00,1.53E+01,9.98E+00,1.05E+02
2939,-175,112.5,0.00E+00,1.29E+01,9.60E+00,1.05E+02
2940,-175,106.25,0.00E+00,1.04E+01,8.72E+00,1.03E+02
2941,-175,100,0.00E+00,7.19E+00,7.53E+00,1.01E+02
2942,-175,93.3333,0.00E+00,4.16E+00,6.75E+00,1.02E+02
2943,-175,86.6667,0.00E+00,3.74E+00,6.33E+00,1.02E+02
2944,-175,80,0.00E+00,5.47E+00,5.72E+00,1.01E+02
2945,-175,73.3333,0.00E+00,7.88E+00,4.72E+00,9.95E+01
2946,-175,66.6667,0.00E+00,1.04E+01,3.63E+00,9.83E+01
2947,-175,60,0.00E+00,1.28E+01,2.68E+00,9.71E+01
2948,-175,53.3333,0.00E+00,1.51E+01,2.01E+00,9.59E+01
2949,-175,46.6667,0.00E+00,1.73E+01,1.85E+00,9.47E+01
2950,-175,40,0.00E+00,1.94E+01,2.29E+00,9.35E+01
2951,-175,33.3333,0.00E+00,2.13E+01,3.15E+00,9.22E+01
2952,-175,26.6667,0.00E+00,2.31E+01,4.22E+00,9.09E+01
2953,-175,20,0.00E+00,2.47E+01,5.39E+00,8.95E+01
2954,-175,13.3333,0.00E+00,2.63E+01,6.65E+00,8.81E+01
2955,-175,6.66667,0.00E+00,2.77E+01,7.98E+00,8.66E+01
2956,-175,-5.33E-14,0.00E+00,2.90E+01,9.37E+00,8.51E+01
2957,-175,-6.66667,0.00E+00,3.02E+01,1.08E+01,8.35E+01
2958,-175,-13.3333,0.00E+00,3.13E+01,1.24E+01,8.18E+01
2959,-175,-20,0.00E+00,3.23E+01,1.40E+01,8.01E+01
2960,-175,-26.6667,0.00E+00,3.32E+01,1.57E+01,7.82E+01
2961,-175,-33.3333,0.00E+00,3.40E+01,1.74E+01,7.63E+01
2962,-175,-40,0.00E+00,3.47E+01,1.93E+01,7.43E+01
2963,-175,-46.6667,0.00E+00,3.53E+01,2.12E+01,7.21E+01
2964,-175,-53.3333,0.00E+00,3.59E+01,2.33E+01,6.99E+01
2965,-175,-60,0.00E+00,3.64E+01,2.55E+01,6.74E+01
2966,-175,-66.6667,0.00E+00,3.68E+01,2.78E+01,6.47E+01
2967,-175,-73.3333,0.00E+00,3.69E+01,3.03E+01,6.22E+01
2968,-175,-80,0.00E+00,3.64E+01,3.29E+01,6.01E+01
2969,-175,-86.6667,0.00E+00,3.57E+01,3.58E+01,5.84E+01
2970,-175,-93.3333,0.00E+00,3.60E+01,3.89E+01,5.72E+01
2971,-175,-100,0.00E+00,3.57E+01,4.25E+01,5.32E+01
2972,-175,-106.25,0.00E+00,3.42E+01,4.57E+01,4.70E+01
2973,-175,-112.5,0.00E+00,3.24E+01,4.77E+01,4.22E+01
2974,-175,-118.75,0.00E+00,3.01E+01,4.96E+01,3.77E+01
2975,-175,-125,0.00E+00,2.73E+01,5.15E+01,3.29E+01
2976,-175,-131.25,0.00E+00,2.38E+01,5.33E+01,2.76E+01
2977,-175,-137.5,0.00E+00,1.96E+01,5.50E+01,2.18E+01
2978,-175,-143.75,0.00E+00,1.47E+01,5.62E+01,1.60E+01
2979,-175,-150,0.00E+00,9.66E+00,5.68E+01,1.07E+01
2980,-175,-156.25,0.00E+00,5.75E+00,5.62E+01,7.04E+00
2981,-175,-162.5,0.00E+00,3.94E+00,5.41E+01,5.20E+00
2982,-175,-168.75,0.00E+00,3.13E+00,4.73E+01,3.76E+00
2983,-175,-175,0.00E+00,2.65E+00,4.21E+01,2.90E+00
2984,-168.75,-175,0.00E+00,3.12E+00,4.73E+01,3.76E+00
2985,-162.5,-175,0.00E+00,3.86E+00,5.39E+01,5.18E+00
2986,-156.25,-175,0.00E+00,5.52E+00,5.60E+01,6.89E+00
2987,-168.759,-0.000360085,8.85E-02,1.52E+01,1.50E+01,7.25E+01
2988,-162.514,-1.44E-05,2.96E-01,7.87E+00,2.35E+01,5.30E+01
2989,-156.267,0.000180181,5.66E-01,1.88E+01,2.81E+01,4.26E+01
2990,-168.764,93.2496,7.76E-02,1.55E+01,6.48E+00,9.12E+01
2991,-162.508,93.2263,2.55E-01,3.34E+01,8.54E+00,7.53E+01
2992,-156.25,93.2435,4.77E-01,4.34E+01,1.27E+01,6.81E+01
2993,-168.753,137.495,5.63E-02,3.14E+01,7.52E+00,9.17E+01
2994,-162.502,137.492,1.78E-01,4.35E+01,7.01E+00,7.90E+01
2995,-156.248,137.489,3.17E-01,4.87E+01,1.09E+01,7.29E+01
2996,-168.75,156.246,3.49E-02,3.25E+01,6.52E+00,7.93E+01
2997,-162.497,156.244,1.03E-01,3.65E+01,8.38E+00,7.13E+01
2998,-156.244,156.244,1.70E-01,3.89E+01,1.06E+01,6.88E+01
2999,-162.496,162.496,6.50E-02,3.27E+01,7.99E+00,6.90E+01
3000,-162.497,168.749,2.39E-02,3.08E+01,5.75E+00,7.19E+01
3001,-168.749,162.497,2.32E-02,3.09E+01,5.76E+00,7.19E+01
3002,-168.748,168.748,8.61E-03,2.97E+01,4.02E+00,6.41E+01
3003,-156.244,162.497,1.03E-01,3.63E+01,8.48E+00,7.13E+01
3004,-156.246,168.75,3.62E-02,3.23E+01,6.49E+00,7.92E+01
3005,-162.5,143.742,1.58E-01,4.25E+01,7.28E+00,7.72E+01
3006,-162.499,149.993,1.33E-01,4.02E+01,7.83E+00,7.46E+01
3007,-168.752,143.745,5.08E-02,3.25E+01,7.30E+00,8.89E+01
3008,-168.751,149.996,4.39E-02,3.30E+01,6.97E+00,8.49E+01
3009,-156.247,143.74,2.77E-01,4.62E+01,1.11E+01,7.16E+01
3010,-156.245,149.992,2.29E-01,4.26E+01,1.12E+01,6.98E+01
3011,-168.755,118.745,6.78E-02,2.57E+01,7.42E+00,9.53E+01
3012,-162.505,118.742,2.20E-01,4.16E+01,7.13E+00,8.03E+01
3013,-156.253,118.739,4.04E-01,4.98E+01,1.10E+01,7.34E+01
3014,-162.504,124.992,2.08E-01,4.28E+01,6.94E+00,8.04E+01
3015,-162.503,131.242,1.94E-01,4.36E+01,6.92E+00,8.00E+01
3016,-168.754,124.995,6.46E-02,2.77E+01,7.49E+00,9.46E+01
3017,-168.754,131.245,6.08E-02,2.96E+01,7.56E+00,9.34E+01
3018,-156.251,124.989,3.80E-01,5.03E+01,1.08E+01,7.38E+01
3019,-156.25,131.239,3.51E-01,5.00E+01,1.08E+01,7.37E+01
3020,-168.747,106.166,7.37E-02,2.14E+01,7.16E+00,9.31E+01
3021,-162.506,106.142,2.40E-01,3.85E+01,7.91E+00,7.89E+01
3022,-156.264,106.159,4.44E-01,4.79E+01,1.13E+01,7.19E+01
3023,-162.506,112.462,2.30E-01,4.03E+01,7.45E+00,8.00E+01
3024,-168.752,112.475,7.08E-02,2.37E+01,7.41E+00,9.52E+01
3025,-156.257,112.469,4.26E-01,4.89E+01,1.11E+01,7.27E+01
3026,-162.507,99.7218,2.48E-01,3.61E+01,8.30E+00,7.69E+01
3027,-168.756,99.7484,7.59E-02,1.84E+01,6.77E+00,9.14E+01
3028,-156.257,99.742,4.62E-01,4.59E+01,1.19E+01,7.02E+01
3029,-168.758,46.6647,8.59E-02,1.35E+01,6.99E+00,8.28E+01
3030,-162.512,46.6635,2.87E-01,1.70E+01,1.50E+01,6.47E+01
3031,-156.265,46.6621,5.45E-01,2.86E+01,1.96E+01,5.55E+01
3032,-168.757,73.3303,8.17E-02,1.33E+01,6.37E+00,8.82E+01
3033,-162.51,73.3281,2.71E-01,2.57E+01,1.09E+01,7.12E+01
3034,-156.262,73.3258,5.12E-01,3.67E+01,1.55E+01,6.30E+01
3035,-162.51,79.9942,2.66E-01,2.82E+01,9.88E+00,7.28E+01
3036,-162.509,86.6301,2.61E-01,3.08E+01,9.04E+00,7.42E+01
3037,-168.757,79.9967,8.05E-02,1.34E+01,6.38E+00,8.95E+01
3038,-168.76,86.6431,7.91E-02,1.39E+01,6.34E+00,9.06E+01
3039,-156.261,79.9917,5.02E-01,3.89E+01,1.46E+01,6.47E+01
3040,-156.257,86.6374,4.90E-01,4.11E+01,1.37E+01,6.64E+01
3041,-168.758,59.9975,8.41E-02,1.33E+01,6.36E+00,8.55E+01
3042,-162.511,59.9958,2.80E-01,2.11E+01,1.29E+01,6.79E+01
3043,-156.264,59.994,5.31E-01,3.24E+01,1.75E+01,5.92E+01
3044,-162.511,66.662,2.76E-01,2.34E+01,1.18E+01,6.96E+01
3045,-168.758,66.6639,8.29E-02,1.33E+01,6.33E+00,8.69E+01
3046,-156.263,66.6599,5.22E-01,3.45E+01,1.65E+01,6.11E+01
3047,-162.512,53.3297,2.83E-01,1.90E+01,1.39E+01,6.63E+01
3048,-168.758,53.3311,8.50E-02,1.34E+01,6.54E+00,8.42E+01
3049,-156.264,53.3281,5.38E-01,3.04E+01,1.85E+01,5.74E+01
3050,-168.759,26.6654,8.78E-02,1.37E+01,9.87E+00,7.86E+01
3051,-162.513,26.6649,2.94E-01,1.19E+01,1.84E+01,5.98E+01
3052,-156.267,26.6642,5.60E-01,2.37E+01,2.30E+01,5.01E+01
3053,-162.513,33.3311,2.92E-01,1.35E+01,1.72E+01,6.14E+01
3054,-162.513,39.9973,2.89E-01,1.52E+01,1.61E+01,6.31E+01
3055,-168.758,33.3318,8.73E-02,1.36E+01,8.76E+00,8.01E+01
3056,-168.758,39.9983,8.67E-02,1.35E+01,7.76E+00,8.14E+01
3057,-156.266,33.3302,5.56E-01,2.52E+01,2.18E+01,5.19E+01
3058,-156.266,39.9962,5.51E-01,2.68E+01,2.07E+01,5.37E+01
3059,-168.759,13.3325,8.84E-02,1.38E+01,1.23E+01,7.56E+01
3060,-162.513,13.3324,2.96E-01,9.00E+00,2.08E+01,5.65E+01
3061,-156.267,13.3322,5.65E-01,2.11E+01,2.55E+01,4.64E+01
3062,-162.513,19.9986,2.95E-01,1.04E+01,1.96E+01,5.81E+01
3063,-168.759,19.999,8.82E-02,1.37E+01,1.11E+01,7.72E+01
3064,-156.267,19.9982,5.63E-01,2.23E+01,2.42E+01,4.82E+01
3065,-162.514,6.6662,2.96E-01,8.10E+00,2.21E+01,5.47E+01
3066,-168.759,6.66608,8.85E-02,1.42E+01,1.37E+01,7.41E+01
3067,-156.267,6.66619,5.66E-01,1.99E+01,2.68E+01,4.45E+01
3068,-168.761,-86.6323,7.50E-02,2.27E+01,4.07E+01,4.52E+01
3069,-162.508,-86.6077,2.48E-01,8.19E+00,4.81E+01,2.46E+01
3070,-156.253,-86.6253,4.68E-01,1.12E+01,5.25E+01,1.37E+01
3071,-168.758,-39.9989,8.57E-02,2.09E+01,2.48E+01,6.15E+01
3072,-162.512,-39.9972,2.86E-01,8.15E+00,3.31E+01,4.16E+01
3073,-156.265,-39.9957,5.45E-01,1.38E+01,3.77E+01,3.07E+01
3074,-168.759,-19.9997,8.77E-02,1.84E+01,1.96E+01,6.73E+01
3075,-162.513,-19.9987,2.93E-01,8.00E+00,2.80E+01,4.75E+01
3076,-156.267,-19.9978,5.60E-01,1.60E+01,3.25E+01,3.68E+01
3077,-162.513,-13.3325,2.95E-01,7.95E+00,2.64E+01,4.94E+01
3078,-162.513,-6.66622,2.96E-01,7.91E+00,2.49E+01,5.12E+01
3079,-168.759,-13.3332,8.81E-02,1.74E+01,1.80E+01,6.91E+01
3080,-168.759,-6.66679,8.84E-02,1.64E+01,1.65E+01,7.08E+01
3081,-156.267,-13.3318,5.63E-01,1.68E+01,3.10E+01,3.88E+01
3082,-156.267,-6.66582,5.65E-01,1.78E+01,2.95E+01,4.07E+01
3083,-162.513,-33.3311,2.89E-01,8.10E+00,3.13E+01,4.36E+01
3084,-162.513,-26.6648,2.91E-01,8.05E+00,2.96E+01,4.56E+01
3085,-168.758,-33.3325,8.65E-02,2.02E+01,2.30E+01,6.35E+01
3086,-168.758,-26.6661,8.71E-02,1.93E+01,2.12E+01,6.54E+01
3087,-156.266,-33.3297,5.51E-01,1.45E+01,3.59E+01,3.28E+01
3088,-156.266,-26.6638,5.56E-01,1.52E+01,3.42E+01,3.48E+01
3089,-168.757,-59.9982,8.24E-02,2.27E+01,3.09E+01,5.47E+01
3090,-162.511,-59.9957,2.74E-01,8.35E+00,3.91E+01,3.49E+01
3091,-156.263,-59.9934,5.20E-01,1.24E+01,4.37E+01,2.40E+01
3092,-162.511,-53.3296,2.79E-01,8.27E+00,3.70E+01,3.72E+01
3093,-162.512,-46.6633,2.82E-01,8.20E+00,3.50E+01,3.94E+01
3094,-168.758,-53.3317,8.36E-02,2.21E+01,2.88E+01,5.71E+01
3095,-168.758,-46.6654,8.47E-02,2.16E+01,2.67E+01,5.93E+01
3096,-156.264,-53.3275,5.29E-01,1.28E+01,4.16E+01,2.63E+01
3097,-156.264,-46.6617,5.38E-01,1.33E+01,3.96E+01,2.85E+01
3098,-168.757,-73.3309,7.93E-02,2.34E+01,3.56E+01,4.95E+01
3099,-162.509,-73.3279,2.63E-01,8.52E+00,4.36E+01,2.97E+01
3100,-156.26,-73.3251,4.97E-01,1.18E+01,4.80E+01,1.92E+01
3101,-162.51,-66.6618,2.69E-01,8.44E+00,4.13E+01,3.24E+01
3102,-168.757,-66.6645,8.10E-02,2.31E+01,3.32E+01,5.21E+01
3103,-156.262,-66.6592,5.09E-01,1.20E+01,4.58E+01,2.17E+01
3104,-162.509,-79.9738,2.56E-01,8.42E+00,4.59E+01,2.70E+01
3105,-168.758,-79.9839,7.74E-02,2.32E+01,3.81E+01,4.71E+01
3106,-156.257,-79.9775,4.84E-01,1.14E+01,5.02E+01,1.65E+01
3107,-168.751,-131.246,4.85E-02,1.39E+01,5.58E+01,1.85E+01
3108,-162.5,-131.241,1.57E-01,7.95E+00,5.95E+01,9.27E+00
3109,-156.247,-131.238,2.92E-01,1.56E+01,6.16E+01,1.14E+01
3110,-168.743,-106.15,6.67E-02,2.14E+01,4.95E+01,3.54E+01
3111,-162.505,-106.117,2.18E-01,8.40E+00,5.54E+01,1.71E+01
3112,-156.264,-106.142,4.09E-01,1.22E+01,5.89E+01,8.56E+00
3113,-162.506,-99.6899,2.29E-01,8.55E+00,5.33E+01,2.00E+01
3114,-162.507,-93.178,2.39E-01,8.43E+00,5.07E+01,2.25E+01
3115,-168.754,-99.7289,6.95E-02,2.26E+01,4.67E+01,4.02E+01
3116,-168.764,-93.2197,7.22E-02,2.29E+01,4.34E+01,4.35E+01
3117,-156.256,-99.7217,4.31E-01,1.15E+01,5.73E+01,9.71E+00
3118,-156.247,-93.2124,4.51E-01,1.11E+01,5.52E+01,1.14E+01
3119,-162.501,-124.991,1.76E-01,7.98E+00,5.92E+01,9.91E+00
3120,-162.502,-118.742,1.93E-01,8.17E+00,5.83E+01,1.15E+01
3121,-162.504,-112.452,2.06E-01,8.36E+00,5.70E+01,1.40E+01
3122,-168.753,-118.746,5.92E-02,1.83E+01,5.31E+01,2.67E+01
3123,-168.752,-124.996,5.44E-02,1.62E+01,5.46E+01,2.26E+01
3124,-168.75,-112.469,6.33E-02,2.00E+01,5.15E+01,3.09E+01
3125,-156.25,-118.738,3.59E-01,1.40E+01,6.14E+01,8.22E+00
3126,-156.248,-124.988,3.28E-01,1.48E+01,6.19E+01,9.46E+00
3127,-156.256,-112.461,3.85E-01,1.32E+01,6.04E+01,8.02E+00
3128,-168.748,-149.996,2.46E-02,7.79E+00,5.61E+01,9.56E+00
3129,-162.496,-149.993,8.15E-02,1.00E+01,5.51E+01,1.13E+01
3130,-156.242,-149.99,1.54E-01,1.64E+01,5.49E+01,1.57E+01
3131,-162.497,-143.742,1.10E-01,9.25E+00,5.76E+01,1.05E+01
3132,-162.498,-137.492,1.35E-01,8.38E+00,5.91E+01,9.47E+00
3133,-168.749,-143.746,3.36E-02,9.63E+00,5.68E+01,1.18E+01
3134,-168.75,-137.496,4.16E-02,1.16E+01,5.66E+01,1.47E+01
3135,-156.244,-143.739,2.05E-01,1.69E+01,5.81E+01,1.52E+01
3136,-156.245,-137.489,2.51E-01,1.64E+01,6.04E+01,1.35E+01
3137,-162.496,-168.746,6.64E-03,4.56E+00,5.11E+01,6.07E+00
3138,-162.494,-162.494,2.55E-02,7.09E+00,4.91E+01,8.60E+00
3139,-162.494,-156.243,5.23E-02,9.58E+00,5.17E+01,1.09E+01
3140,-168.746,-162.496,6.56E-03,4.60E+00,5.12E+01,6.06E+00
3141,-168.747,-168.747,1.16E-03,3.50E+00,4.83E+01,4.43E+00
3142,-168.747,-156.246,1.51E-02,6.11E+00,5.43E+01,7.79E+00
3143,-156.243,-162.494,5.27E-02,9.59E+00,5.17E+01,1.09E+01
3144,-156.246,-168.747,1.55E-02,6.00E+00,5.42E+01,7.77E+00
3145,-156.242,-156.242,1.02E-01,1.43E+01,5.21E+01,1.44E+01
3146,156.25,175,0.00E+00,4.47E+01,6.24E+00,7.88E+01
3147,162.5,175,0.00E+00,4.12E+01,4.51E+00,7.34E+01
3148,168.75,175,0.00E+00,3.63E+01,3.10E+00,6.06E+01
3149,175,175,0.00E+00,3.28E+01,2.53E+00,5.19E+01
3150,175,168.75,0.00E+00,3.51E+01,3.05E+00,6.14E+01
3151,175,162.5,0.00E+00,3.68E+01,4.25E+00,7.65E+01
3152,175,156.25,0.00E+00,3.52E+01,5.88E+00,8.65E+01
3153,175,150,0.00E+00,3.28E+01,7.70E+00,9.39E+01
3154,175,143.75,0.00E+00,3.00E+01,9.23E+00,9.93E+01
3155,175,137.5,0.00E+00,2.70E+01,1.03E+01,1.03E+02
3156,175,131.25,0.00E+00,2.38E+01,1.10E+01,1.06E+02
3157,175,125,0.00E+00,2.06E+01,1.14E+01,1.07E+02
3158,175,118.75,0.00E+00,1.73E+01,1.14E+01,1.08E+02
3159,175,112.5,0.00E+00,1.40E+01,1.11E+01,1.08E+02
3160,175,106.25,0.00E+00,1.08E+01,1.06E+01,1.08E+02
3161,175,100,0.00E+00,7.74E+00,9.86E+00,1.07E+02
3162,175,93.3333,0.00E+00,5.03E+00,8.98E+00,1.06E+02
3163,175,86.6667,0.00E+00,3.67E+00,8.10E+00,1.05E+02
3164,175,80,0.00E+00,4.42E+00,7.11E+00,1.04E+02
3165,175,73.3333,0.00E+00,6.51E+00,6.04E+00,1.02E+02
3166,175,66.6667,0.00E+00,8.91E+00,4.96E+00,1.01E+02
3167,175,60,0.00E+00,1.13E+01,3.90E+00,9.96E+01
3168,175,53.3333,0.00E+00,1.36E+01,2.89E+00,9.82E+01
3169,175,46.6667,0.00E+00,1.57E+01,2.10E+00,9.67E+01
3170,175,40,0.00E+00,1.77E+01,1.83E+00,9.53E+01
3171,175,33.3333,0.00E+00,1.95E+01,2.29E+00,9.38E+01
3172,175,26.6667,0.00E+00,2.13E+01,3.25E+00,9.23E+01
3173,175,20,0.00E+00,2.29E+01,4.43E+00,9.08E+01
3174,175,13.3333,0.00E+00,2.43E+01,5.72E+00,8.92E+01
3175,175,6.66667,0.00E+00,2.57E+01,7.08E+00,8.76E+01
3176,175,5.33E-14,0.00E+00,2.69E+01,8.51E+00,8.59E+01
3177,175,-6.66667,0.00E+00,2.80E+01,9.99E+00,8.41E+01
3178,175,-13.3333,0.00E+00,2.90E+01,1.15E+01,8.23E+01
3179,175,-20,0.00E+00,2.99E+01,1.31E+01,8.05E+01
3180,175,-26.6667,0.00E+00,3.07E+01,1.48E+01,7.85E+01
3181,175,-33.3333,0.00E+00,3.14E+01,1.66E+01,7.65E+01
3182,175,-40,0.00E+00,3.20E+01,1.84E+01,7.44E+01
3183,175,-46.6667,0.00E+00,3.25E+01,2.03E+01,7.22E+01
3184,175,-53.3333,0.00E+00,3.29E+01,2.22E+01,6.99E+01
3185,175,-60,0.00E+00,3.32E+01,2.43E+01,6.76E+01
3186,175,-66.6667,0.00E+00,3.34E+01,2.64E+01,6.51E+01
3187,175,-73.3333,0.00E+00,3.35E+01,2.87E+01,6.25E+01
3188,175,-80,0.00E+00,3.35E+01,3.10E+01,5.97E+01
3189,175,-86.6667,0.00E+00,3.33E+01,3.35E+01,5.68E+01
3190,175,-93.3333,0.00E+00,3.29E+01,3.60E+01,5.38E+01
3191,175,-100,0.00E+00,3.24E+01,3.85E+01,5.06E+01
3192,175,-106.25,0.00E+00,3.16E+01,4.09E+01,4.69E+01
3193,175,-112.5,0.00E+00,3.03E+01,4.32E+01,4.31E+01
3194,175,-118.75,0.00E+00,2.88E+01,4.54E+01,3.91E+01
3195,175,-125,0.00E+00,2.67E+01,4.74E+01,3.46E+01
3196,175,-131.25,0.00E+00,2.40E+01,4.92E+01,2.96E+01
3197,175,-137.5,0.00E+00,2.05E+01,5.05E+01,2.40E+01
3198,175,-143.75,0.00E+00,1.61E+01,5.13E+01,1.80E+01
3199,175,-150,0.00E+00,1.08E+01,5.15E+01,1.20E+01
3200,175,-156.25,0.00E+00,5.97E+00,5.08E+01,7.40E+00
3201,175,-162.5,0.00E+00,3.51E+00,4.88E+01,5.07E+00
3202,175,-168.75,0.00E+00,2.76E+00,4.30E+01,3.59E+00
3203,175,-175,0.00E+00,2.40E+00,3.85E+01,2.72E+00
3204,168.75,-175,0.00E+00,2.74E+00,4.28E+01,3.60E+00
3205,162.5,-175,0.00E+00,3.46E+00,4.78E+01,5.21E+00
3206,156.25,-175,0.00E+00,5.99E+00,4.70E+01,7.99E+00
3207,168.759,-0.000500123,9.08E-02,1.38E+01,1.41E+01,7.35E+01
3208,162.513,-0.00040617,2.99E-01,8.26E+00,2.23E+01,5.43E+01
3209,156.267,-0.000495043,5.68E-01,2.03E+01,2.68E+01,4.39E+01
3210,168.765,93.2494,8.14E-02,1.72E+01,7.16E+00,9.48E+01
3211,162.508,93.2258,2.61E-01,3.71E+01,7.96E+00,7.76E+01
3212,156.25,93.2427,4.82E-01,4.96E+01,1.32E+01,6.84E+01
3213,168.753,137.495,5.76E-02,3.57E+01,7.82E+00,9.45E+01
3214,162.5,137.491,1.74E-01,4.89E+01,7.50E+00,8.10E+01
3215,156.246,137.489,2.98E-01,5.59E+01,1.17E+01,7.33E+01
3216,168.749,156.246,3.23E-02,3.82E+01,6.42E+00,8.10E+01
3217,162.496,156.244,8.93E-02,4.27E+01,8.27E+00,7.28E+01
3218,156.241,156.243,1.39E-01,4.64E+01,9.22E+00,6.96E+01
3219,162.495,162.495,5.33E-02,4.01E+01,7.03E+00,6.95E+01
3220,162.496,168.748,1.83E-02,4.03E+01,5.27E+00,7.08E+01
3221,168.748,162.496,2.03E-02,3.73E+01,5.48E+00,7.29E+01
3222,168.747,168.748,7.16E-03,3.64E+01,4.01E+00,6.45E+01
3223,156.242,162.496,7.78E-02,4.54E+01,6.53E+00,7.11E+01
3224,156.245,168.749,2.48E-02,4.52E+01,5.62E+00,7.57E+01
3225,162.499,143.742,1.50E-01,4.79E+01,7.93E+00,7.92E+01
3226,162.497,149.993,1.22E-01,4.58E+01,8.34E+00,7.65E+01
3227,168.752,143.745,5.08E-02,3.72E+01,7.49E+00,9.15E+01
3228,168.751,149.995,4.25E-02,3.82E+01,7.05E+00,8.71E+01
3229,156.244,143.74,2.52E-01,5.32E+01,1.15E+01,7.21E+01
3230,156.242,149.991,1.98E-01,4.97E+01,1.09E+01,7.05E+01
3231,168.755,118.745,7.15E-02,2.86E+01,8.10E+00,9.78E+01
3232,162.504,118.741,2.23E-01,4.66E+01,7.00E+00,8.21E+01
3233,156.251,118.738,4.01E-01,5.71E+01,1.18E+01,7.36E+01
3234,162.503,124.991,2.10E-01,4.80E+01,7.02E+00,8.24E+01
3235,162.502,131.241,1.93E-01,4.89E+01,7.18E+00,8.20E+01
3236,168.754,124.995,6.77E-02,3.13E+01,8.13E+00,9.75E+01
3237,168.753,131.245,6.32E-02,3.37E+01,8.03E+00,9.64E+01
3238,156.25,124.988,3.72E-01,5.77E+01,1.17E+01,7.40E+01
3239,156.248,131.238,3.38E-01,5.73E+01,1.17E+01,7.39E+01
3240,168.747,106.165,7.74E-02,2.29E+01,7.75E+00,9.70E+01
3241,162.506,106.142,2.45E-01,4.23E+01,7.24E+00,8.05E+01
3242,156.263,106.158,4.46E-01,5.42E+01,1.23E+01,7.15E+01
3243,162.505,112.461,2.35E-01,4.46E+01,7.07E+00,8.14E+01
3244,168.752,112.475,7.46E-02,2.58E+01,7.96E+00,9.76E+01
3245,156.256,112.468,4.25E-01,5.59E+01,1.20E+01,7.27E+01
3246,162.507,99.7213,2.54E-01,3.98E+01,7.52E+00,7.92E+01
3247,168.756,99.7482,7.95E-02,2.00E+01,7.46E+00,9.60E+01
3248,156.256,99.7411,4.65E-01,5.20E+01,1.27E+01,7.01E+01
3249,168.758,46.6645,8.98E-02,1.37E+01,6.58E+00,8.46E+01
3250,162.512,46.663,2.93E-01,1.95E+01,1.39E+01,6.59E+01
3251,156.265,46.6613,5.52E-01,3.23E+01,1.89E+01,5.57E+01
3252,168.757,73.3301,8.62E-02,1.38E+01,6.62E+00,9.06E+01
3253,162.51,73.3276,2.79E-01,2.89E+01,1.00E+01,7.26E+01
3254,156.261,73.3249,5.20E-01,4.17E+01,1.53E+01,6.29E+01
3255,162.51,79.9937,2.74E-01,3.16E+01,9.23E+00,7.43E+01
3256,162.509,86.6297,2.68E-01,3.43E+01,8.53E+00,7.60E+01
3257,168.757,79.9965,8.48E-02,1.41E+01,6.77E+00,9.21E+01
3258,168.76,86.6428,8.33E-02,1.51E+01,6.95E+00,9.36E+01
3259,156.26,79.9908,5.09E-01,4.43E+01,1.45E+01,6.47E+01
3260,156.256,86.6366,4.96E-01,4.70E+01,1.38E+01,6.66E+01
3261,168.758,59.9973,8.83E-02,1.37E+01,6.45E+00,8.76E+01
3262,162.512,59.9953,2.87E-01,2.40E+01,1.19E+01,6.92E+01
3263,156.263,59.9931,5.38E-01,3.68E+01,1.70E+01,5.92E+01
3264,162.511,66.6614,2.83E-01,2.64E+01,1.09E+01,7.09E+01
3265,168.758,66.6637,8.73E-02,1.37E+01,6.51E+00,8.91E+01
3266,156.262,66.659,5.30E-01,3.92E+01,1.61E+01,6.10E+01
3267,162.512,53.3292,2.90E-01,2.17E+01,1.29E+01,6.75E+01
3268,168.758,53.3309,8.91E-02,1.37E+01,6.45E+00,8.61E+01
3269,156.264,53.3272,5.46E-01,3.45E+01,1.79E+01,5.74E+01
3270,168.759,26.6652,9.10E-02,1.36E+01,8.87E+00,8.01E+01
3271,162.513,26.6644,2.98E-01,1.39E+01,1.73E+01,6.10E+01
3272,156.266,26.6635,5.65E-01,2.65E+01,2.21E+01,5.06E+01
3273,162.513,33.3306,2.97E-01,1.57E+01,1.62E+01,6.26E+01
3274,162.513,39.9968,2.95E-01,1.75E+01,1.50E+01,6.42E+01
3275,168.758,33.3317,9.07E-02,1.36E+01,7.80E+00,8.16E+01
3276,168.758,39.9981,9.03E-02,1.37E+01,7.00E+00,8.31E+01
3277,156.266,33.3294,5.62E-01,2.83E+01,2.10E+01,5.23E+01
3278,156.266,39.9954,5.57E-01,3.02E+01,1.99E+01,5.40E+01
3279,168.759,13.3324,9.12E-02,1.36E+01,1.14E+01,7.69E+01
3280,162.513,13.332,2.99E-01,1.07E+01,1.98E+01,5.77E+01
3281,156.267,13.3315,5.68E-01,2.32E+01,2.44E+01,4.73E+01
3282,162.513,19.9982,2.99E-01,1.22E+01,1.85E+01,5.94E+01
3283,168.759,19.9988,9.12E-02,1.36E+01,1.01E+01,7.85E+01
3284,156.267,19.9975,5.67E-01,2.48E+01,2.32E+01,4.89E+01
3285,162.513,6.66581,2.99E-01,9.31E+00,2.10E+01,5.60E+01
3286,168.759,6.66594,9.11E-02,1.36E+01,1.27E+01,7.52E+01
3287,156.267,6.6655,5.69E-01,2.17E+01,2.56E+01,4.56E+01
3288,168.761,-86.6326,7.55E-02,2.12E+01,3.81E+01,4.55E+01
3289,162.508,-86.6085,2.47E-01,7.57E+00,4.50E+01,2.81E+01
3290,156.254,-86.6267,4.67E-01,9.24E+00,4.86E+01,1.95E+01
3291,168.758,-39.9991,8.66E-02,1.89E+01,2.36E+01,6.22E+01
3292,162.512,-39.9977,2.85E-01,7.67E+00,3.14E+01,4.34E+01
3293,156.265,-39.9964,5.43E-01,1.36E+01,3.54E+01,3.35E+01
3294,168.758,-19.9998,8.93E-02,1.66E+01,1.85E+01,6.81E+01
3295,162.513,-19.9991,2.94E-01,7.76E+00,2.66E+01,4.90E+01
3296,156.266,-19.9985,5.60E-01,1.66E+01,3.08E+01,3.88E+01
3297,162.513,-13.3329,2.96E-01,7.79E+00,2.51E+01,5.08E+01
3298,162.513,-6.66661,2.98E-01,7.84E+00,2.37E+01,5.26E+01
3299,168.758,-13.3333,9.00E-02,1.56E+01,1.70E+01,7.00E+01
3300,168.759,-6.66693,9.05E-02,1.46E+01,1.55E+01,7.18E+01
3301,156.267,-13.3325,5.63E-01,1.78E+01,2.94E+01,4.05E+01
3302,156.267,-6.66649,5.66E-01,1.90E+01,2.81E+01,4.23E+01
3303,162.512,-33.3315,2.88E-01,7.70E+00,2.97E+01,4.53E+01
3304,162.513,-26.6652,2.91E-01,7.73E+00,2.81E+01,4.72E+01
3305,168.758,-33.3326,8.77E-02,1.82E+01,2.18E+01,6.43E+01
3306,168.758,-26.6663,8.85E-02,1.74E+01,2.02E+01,6.62E+01
3307,156.266,-33.3304,5.49E-01,1.45E+01,3.38E+01,3.53E+01
3308,156.266,-26.6645,5.55E-01,1.55E+01,3.23E+01,3.71E+01
3309,168.757,-59.9984,8.28E-02,2.05E+01,2.93E+01,5.57E+01
3310,162.511,-59.9962,2.72E-01,7.60E+00,3.68E+01,3.73E+01
3311,156.263,-59.9943,5.17E-01,1.12E+01,4.07E+01,2.78E+01
3312,162.511,-53.3301,2.77E-01,7.62E+00,3.49E+01,3.94E+01
3313,162.512,-46.6638,2.81E-01,7.64E+00,3.31E+01,4.15E+01
3314,168.757,-53.3319,8.42E-02,2.00E+01,2.73E+01,5.80E+01
3315,168.758,-46.6656,8.55E-02,1.95E+01,2.54E+01,6.01E+01
3316,156.264,-53.3283,5.26E-01,1.20E+01,3.88E+01,2.97E+01
3317,156.264,-46.6624,5.35E-01,1.27E+01,3.71E+01,3.16E+01
3318,168.757,-73.3311,7.95E-02,2.11E+01,3.36E+01,5.09E+01
3319,162.509,-73.3285,2.60E-01,7.58E+00,4.08E+01,3.29E+01
3320,156.261,-73.3261,4.94E-01,1.01E+01,4.46E+01,2.38E+01
3321,162.51,-66.6623,2.66E-01,7.59E+00,3.88E+01,3.52E+01
3322,168.757,-66.6647,8.13E-02,2.08E+01,3.14E+01,5.33E+01
3323,156.262,-66.6602,5.06E-01,1.06E+01,4.26E+01,2.58E+01
3324,162.509,-79.9746,2.54E-01,7.58E+00,4.29E+01,3.06E+01
3325,168.758,-79.9842,7.76E-02,2.13E+01,3.58E+01,4.82E+01
3326,156.258,-79.9787,4.82E-01,9.60E+00,4.66E+01,2.16E+01
3327,168.752,-131.246,5.11E-02,1.44E+01,5.15E+01,2.09E+01
3328,162.501,-131.242,1.65E-01,6.57E+00,5.46E+01,9.52E+00
3329,156.249,-131.239,3.10E-01,1.04E+01,5.58E+01,6.83E+00
3330,168.743,-106.151,6.79E-02,2.01E+01,4.50E+01,3.63E+01
3331,162.505,-106.118,2.20E-01,7.34E+00,5.09E+01,2.01E+01
3332,156.265,-106.144,4.14E-01,8.76E+00,5.40E+01,1.27E+01
3333,162.506,-99.6908,2.29E-01,7.44E+00,4.91E+01,2.29E+01
3334,162.507,-93.1788,2.38E-01,7.51E+00,4.71E+01,2.55E+01
3335,168.754,-99.7295,7.07E-02,2.07E+01,4.27E+01,3.96E+01
3336,168.764,-93.22,7.31E-02,2.11E+01,4.04E+01,4.26E+01
3337,156.257,-99.7228,4.34E-01,8.80E+00,5.24E+01,1.49E+01
3338,156.249,-93.2137,4.52E-01,8.96E+00,5.06E+01,1.72E+01
3339,162.502,-124.992,1.81E-01,6.78E+00,5.44E+01,1.18E+01
3340,162.503,-118.742,1.96E-01,7.02E+00,5.37E+01,1.45E+01
3341,162.504,-112.453,2.08E-01,7.20E+00,5.25E+01,1.73E+01
3342,168.753,-118.746,6.06E-02,1.81E+01,4.88E+01,2.91E+01
3343,168.753,-124.996,5.62E-02,1.64E+01,5.03E+01,2.51E+01
3344,168.75,-112.469,6.44E-02,1.93E+01,4.70E+01,3.28E+01
3345,156.252,-118.739,3.69E-01,9.16E+00,5.60E+01,8.65E+00
3346,156.25,-124.989,3.42E-01,9.64E+00,5.63E+01,7.24E+00
3347,156.257,-112.462,3.93E-01,8.88E+00,5.52E+01,1.06E+01
3348,168.749,-149.996,2.90E-02,7.81E+00,5.10E+01,9.72E+00
3349,162.497,-149.993,9.53E-02,8.74E+00,4.99E+01,9.60E+00
3350,156.245,-149.992,1.84E-01,1.39E+01,4.91E+01,1.20E+01
3351,162.498,-143.743,1.22E-01,7.24E+00,5.25E+01,8.27E+00
3352,162.5,-137.492,1.45E-01,6.56E+00,5.40E+01,8.21E+00
3353,168.75,-143.746,3.77E-02,9.69E+00,5.20E+01,1.26E+01
3354,168.751,-137.496,4.50E-02,1.20E+01,5.21E+01,1.65E+01
3355,156.246,-143.741,2.32E-01,1.27E+01,5.22E+01,9.66E+00
3356,156.248,-137.49,2.74E-01,1.15E+01,5.45E+01,7.72E+00
3357,162.497,-168.747,8.78E-03,5.15E+00,4.48E+01,6.81E+00
3358,162.495,-162.495,3.33E-02,8.56E+00,4.30E+01,9.90E+00
3359,162.496,-156.244,6.49E-02,9.96E+00,4.63E+01,1.10E+01
3360,168.747,-162.497,8.51E-03,4.77E+00,4.58E+01,6.36E+00
3361,168.747,-168.747,1.50E-03,3.37E+00,4.34E+01,4.50E+00
3362,168.748,-156.246,1.89E-02,6.25E+00,4.90E+01,7.97E+00
3363,156.245,-162.496,7.23E-02,1.26E+01,4.46E+01,1.33E+01
3364,156.247,-168.749,2.18E-02,8.35E+00,4.57E+01,1.01E+01
3365,156.245,-156.244,1.30E-01,1.45E+01,4.61E+01,1.38E+01
