NodeID,Y,Z,Displacement,Stress_L1,Stress_L2,Stress_L4
2,99.9957,-99.9957,1.21E+00,1.89E+01,8.98E+00,2.77E+01
3,99.9968,-93.3282,1.31E+00,1.92E+01,9.32E+00,2.81E+01
4,99.9983,-86.6611,1.40E+00,1.91E+01,9.69E+00,2.80E+01
5,100,-79.9943,1.49E+00,1.87E+01,1.01E+01,2.76E+01
6,100.002,-73.3278,1.57E+00,1.80E+01,1.05E+01,2.68E+01
7,100.004,-66.6616,1.64E+00,1.72E+01,1.09E+01,2.57E+01
8,100.007,-59.9955,1.71E+00,1.63E+01,1.13E+01,2.45E+01
9,100.009,-53.3294,1.77E+00,1.54E+01,1.17E+01,2.30E+01
10,100.011,-46.6635,1.83E+00,1.48E+01,1.21E+01,2.15E+01
11,100.013,-39.9975,1.87E+00,1.44E+01,1.24E+01,1.99E+01
12,100.015,-33.3315,1.91E+00,1.42E+01,1.28E+01,1.81E+01
13,100.017,-26.6654,1.94E+00,1.42E+01,1.30E+01,1.63E+01
14,100.018,-19.9992,1.97E+00,1.44E+01,1.33E+01,1.45E+01
15,100.018,-13.333,1.98E+00,1.47E+01,1.35E+01,1.27E+01
16,100.018,-6.66685,1.98E+00,1.49E+01,1.37E+01,1.10E+01
17,100.018,-0.000714405,1.97E+00,1.52E+01,1.40E+01,9.39E+00
18,100.017,6.66534,1.96E+00,1.54E+01,1.44E+01,7.94E+00
19,100.016,13.3313,1.93E+00,1.56E+01,1.49E+01,6.62E+00
20,100.015,19.9972,1.90E+00,1.57E+01,1.55E+01,5.44E+00
21,100.013,26.6631,1.87E+00,1.57E+01,1.63E+01,4.43E+00
22,100.011,33.3288,1.82E+00,1.58E+01,1.71E+01,3.65E+00
23,100.009,39.9946,1.77E+00,1.58E+01,1.81E+01,3.17E+00
24,100.006,46.6604,1.72E+00,1.57E+01,1.92E+01,3.08E+00
25,100.004,53.3261,1.65E+00,1.56E+01,2.04E+01,3.34E+00
26,100.002,59.992,1.59E+00,1.54E+01,2.16E+01,3.83E+00
27,99.9994,66.6581,1.52E+00,1.52E+01,2.27E+01,4.43E+00
28,99.9974,73.3243,1.44E+00,1.50E+01,2.37E+01,5.04E+00
29,99.9955,79.9908,1.36E+00,1.47E+01,2.45E+01,5.62E+00
30,99.994,86.6576,1.27E+00,1.44E+01,2.49E+01,6.12E+00
31,99.9929,93.3247,1.18E+00,1.40E+01,2.49E+01,6.53E+00
32,99.9921,99.9921,1.09E+00,1.36E+01,2.47E+01,6.83E+00
33,93.3247,99.9929,1.18E+00,1.40E+01,2.50E+01,6.52E+00
34,86.6575,99.994,1.27E+00,1.43E+01,2.50E+01,6.10E+00
35,79.9907,99.9955,1.36E+00,1.46E+01,2.46E+01,5.59E+00
36,73.3242,99.9973,1.44E+00,1.49E+01,2.39E+01,5.01E+00
37,66.658,99.9994,1.51E+00,1.52E+01,2.29E+01,4.40E+00
38,59.992,100.002,1.58E+00,1.53E+01,2.18E+01,3.81E+00
39,53.3261,100.004,1.65E+00,1.55E+01,2.06E+01,3.33E+00
40,46.6603,100.006,1.71E+00,1.56E+01,1.94E+01,3.09E+00
41,39.9946,100.009,1.77E+00,1.56E+01,1.83E+01,3.20E+00
42,33.3288,100.011,1.82E+00,1.56E+01,1.73E+01,3.70E+00
43,26.6631,100.013,1.86E+00,1.56E+01,1.64E+01,4.50E+00
44,19.9973,100.014,1.90E+00,1.55E+01,1.57E+01,5.53E+00
45,13.3314,100.016,1.93E+00,1.54E+01,1.50E+01,6.71E+00
46,6.66539,100.017,1.96E+00,1.52E+01,1.45E+01,8.03E+00
47,-0.000656181,100.018,1.97E+00,1.50E+01,1.41E+01,9.48E+00
48,-6.66678,100.018,1.98E+00,1.47E+01,1.38E+01,1.11E+01
49,-13.3329,100.018,1.98E+00,1.44E+01,1.36E+01,1.28E+01
50,-19.9991,100.018,1.97E+00,1.42E+01,1.34E+01,1.45E+01
51,-26.6653,100.017,1.95E+00,1.40E+01,1.31E+01,1.63E+01
52,-33.3314,100.015,1.91E+00,1.39E+01,1.28E+01,1.81E+01
53,-39.9975,100.013,1.87E+00,1.41E+01,1.25E+01,1.98E+01
54,-46.6635,100.011,1.83E+00,1.46E+01,1.21E+01,2.15E+01
55,-53.3294,100.009,1.77E+00,1.52E+01,1.17E+01,2.30E+01
56,-59.9954,100.007,1.71E+00,1.61E+01,1.13E+01,2.44E+01
57,-66.6615,100.004,1.64E+00,1.70E+01,1.09E+01,2.57E+01
58,-73.3277,100.002,1.57E+00,1.78E+01,1.05E+01,2.67E+01
59,-79.9942,100,1.49E+00,1.86E+01,1.01E+01,2.75E+01
60,-86.6611,99.9982,1.40E+00,1.90E+01,9.67E+00,2.80E+01
61,-93.3281,99.9967,1.31E+00,1.91E+01,9.29E+00,2.80E+01
62,-99.9956,99.9956,1.22E+00,1.88E+01,8.94E+00,2.77E+01
63,-99.9967,93.3281,1.31E+00,1.91E+01,9.29E+00,2.81E+01
64,-99.9982,86.661,1.40E+00,1.90E+01,9.66E+00,2.80E+01
65,-100,79.9942,1.49E+00,1.86E+01,1.01E+01,2.76E+01
66,-100.002,73.3277,1.57E+00,1.79E+01,1.05E+01,2.68E+01
67,-100.004,66.6614,1.64E+00,1.70E+01,1.09E+01,2.57E+01
68,-100.007,59.9953,1.71E+00,1.61E+01,1.13E+01,2.44E+01
69,-100.009,53.3293,1.77E+00,1.53E+01,1.17E+01,2.30E+01
70,-100.011,46.6634,1.83E+00,1.46E+01,1.21E+01,2.14E+01
71,-100.013,39.9974,1.88E+00,1.42E+01,1.25E+01,1.98E+01
72,-100.015,33.3313,1.92E+00,1.40E+01,1.28E+01,1.80E+01
73,-100.017,26.6652,1.95E+00,1.40E+01,1.31E+01,1.62E+01
74,-100.018,19.999,1.97E+00,1.42E+01,1.33E+01,1.44E+01
75,-100.018,13.3328,1.98E+00,1.45E+01,1.35E+01,1.26E+01
76,-100.018,6.66668,1.98E+00,1.48E+01,1.37E+01,1.09E+01
77,-100.018,0.00056248,1.97E+00,1.51E+01,1.40E+01,9.36E+00
78,-100.017,-6.66549,1.96E+00,1.53E+01,1.44E+01,7.92E+00
79,-100.016,-13.3314,1.93E+00,1.54E+01,1.49E+01,6.62E+00
80,-100.015,-19.9973,1.90E+00,1.55E+01,1.56E+01,5.45E+00
81,-100.013,-26.6632,1.86E+00,1.56E+01,1.63E+01,4.44E+00
82,-100.011,-33.3289,1.82E+00,1.57E+01,1.72E+01,3.66E+00
83,-100.009,-39.9947,1.77E+00,1.57E+01,1.82E+01,3.18E+00
84,-100.006,-46.6604,1.71E+00,1.56E+01,1.94E+01,3.09E+00
85,-100.004,-53.3261,1.65E+00,1.55E+01,2.05E+01,3.36E+00
86,-100.002,-59.9921,1.58E+00,1.54E+01,2.17E+01,3.86E+00
87,-99.9994,-66.6581,1.51E+00,1.52E+01,2.29E+01,4.46E+00
88,-99.9974,-73.3242,1.44E+00,1.49E+01,2.39E+01,5.08E+00
89,-99.9955,-79.9908,1.36E+00,1.47E+01,2.46E+01,5.67E+00
90,-99.994,-86.6576,1.27E+00,1.44E+01,2.50E+01,6.18E+00
91,-99.9929,-93.3246,1.18E+00,1.41E+01,2.50E+01,6.60E+00
92,-99.9921,-99.9921,1.08E+00,1.37E+01,2.47E+01,6.92E+00
93,-93.3247,-99.9929,1.18E+00,1.41E+01,2.50E+01,6.60E+00
94,-86.6576,-99.9941,1.27E+00,1.44E+01,2.49E+01,6.18E+00
95,-79.9908,-99.9956,1.36E+00,1.47E+01,2.45E+01,5.66E+00
96,-73.3243,-99.9974,1.44E+00,1.50E+01,2.37E+01,5.08E+00
97,-66.6582,-99.9995,1.51E+00,1.52E+01,2.27E+01,4.45E+00
98,-59.9922,-100.002,1.58E+00,1.54E+01,2.16E+01,3.85E+00
99,-53.3263,-100.004,1.65E+00,1.55E+01,2.04E+01,3.35E+00
100,-46.6606,-100.006,1.71E+00,1.57E+01,1.92E+01,3.09E+00
101,-39.9948,-100.009,1.77E+00,1.57E+01,1.81E+01,3.17E+00
102,-33.329,-100.011,1.82E+00,1.57E+01,1.71E+01,3.64E+00
103,-26.6633,-100.013,1.86E+00,1.57E+01,1.62E+01,4.42E+00
104,-19.9975,-100.015,1.90E+00,1.56E+01,1.55E+01,5.41E+00
105,-13.3316,-100.016,1.93E+00,1.55E+01,1.49E+01,6.58E+00
106,-6.66563,-100.017,1.96E+00,1.54E+01,1.44E+01,7.88E+00
107,0.000422008,-100.018,1.97E+00,1.52E+01,1.40E+01,9.32E+00
108,6.66655,-100.018,1.98E+00,1.49E+01,1.37E+01,1.09E+01
109,13.3327,-100.018,1.98E+00,1.46E+01,1.34E+01,1.26E+01
110,19.9989,-100.018,1.97E+00,1.44E+01,1.32E+01,1.44E+01
111,26.6651,-100.016,1.94E+00,1.42E+01,1.30E+01,1.62E+01
112,33.3312,-100.015,1.91E+00,1.41E+01,1.27E+01,1.81E+01
113,39.9973,-100.013,1.87E+00,1.43E+01,1.24E+01,1.98E+01
114,46.6632,-100.011,1.83E+00,1.47E+01,1.20E+01,2.15E+01
115,53.3292,-100.009,1.77E+00,1.54E+01,1.16E+01,2.30E+01
116,59.9952,-100.007,1.71E+00,1.62E+01,1.12E+01,2.45E+01
117,66.6614,-100.004,1.64E+00,1.71E+01,1.08E+01,2.58E+01
118,73.3276,-100.002,1.57E+00,1.79E+01,1.04E+01,2.68E+01
119,79.9942,-100,1.49E+00,1.86E+01,1.01E+01,2.76E+01
120,86.661,-99.9982,1.40E+00,1.90E+01,9.67E+00,2.80E+01
121,93.3282,-99.9968,1.31E+00,1.91E+01,9.31E+00,2.81E+01
122,-93.3518,0.000581487,2.20E+00,1.61E+01,1.46E+01,9.30E+00
123,-86.6856,0.0005872,2.43E+00,1.72E+01,1.53E+01,9.22E+00
124,-80.0194,0.000573969,2.67E+00,1.85E+01,1.60E+01,9.11E+00
125,-73.3531,0.000534716,2.91E+00,1.99E+01,1.68E+01,8.96E+00
126,-66.6869,0.000458637,3.15E+00,2.17E+01,1.78E+01,8.76E+00
127,-60.0208,0.000332085,3.41E+00,2.39E+01,1.89E+01,8.53E+00
128,-53.3547,0.000132272,3.67E+00,2.67E+01,2.04E+01,8.30E+00
129,-46.6889,-0.000169839,3.94E+00,3.03E+01,2.24E+01,8.16E+00
130,-40.0232,-0.000625077,4.22E+00,3.51E+01,2.51E+01,8.31E+00
131,-33.3579,-0.00129725,4.52E+00,4.20E+01,2.90E+01,9.10E+00
132,-26.6932,-0.00229571,4.84E+00,5.22E+01,3.52E+01,1.10E+01
133,-20.0288,-0.00370765,5.18E+00,6.86E+01,4.58E+01,1.46E+01
134,-13.3645,-0.00560043,5.54E+00,1.00E+02,6.72E+01,2.25E+01
135,-6.69366,-0.00637033,5.88E+00,1.56E+02,1.05E+02,4.90E+01
136,0.000216505,-0.000172701,6.07E+00,1.91E+02,1.29E+02,6.99E+01
137,6.69389,0.00608885,5.88E+00,1.56E+02,1.05E+02,4.88E+01
138,13.3645,0.00539178,5.53E+00,1.01E+02,6.70E+01,2.25E+01
139,20.0287,0.00354022,5.18E+00,6.90E+01,4.57E+01,1.47E+01
140,26.6929,0.00215132,4.84E+00,5.25E+01,3.51E+01,1.11E+01
141,33.3577,0.00116329,4.52E+00,4.23E+01,2.90E+01,9.18E+00
142,40.023,0.000493602,4.22E+00,3.54E+01,2.51E+01,8.40E+00
143,46.6886,3.61E-05,3.93E+00,3.05E+01,2.24E+01,8.26E+00
144,53.3545,-0.000270045,3.66E+00,2.69E+01,2.04E+01,8.41E+00
145,60.0206,-0.000474435,3.40E+00,2.41E+01,1.89E+01,8.64E+00
146,66.6867,-0.000604844,3.15E+00,2.19E+01,1.78E+01,8.87E+00
147,73.353,-0.0006837,2.90E+00,2.01E+01,1.68E+01,9.06E+00
148,80.0192,-0.000724635,2.66E+00,1.86E+01,1.60E+01,9.20E+00
149,86.6855,-0.000738605,2.43E+00,1.73E+01,1.52E+01,9.29E+00
150,93.3517,-0.000732492,2.20E+00,1.62E+01,1.46E+01,9.35E+00
151,0.00605566,6.69292,5.88E+00,1.57E+02,1.06E+02,4.90E+01
152,0.00523751,13.3638,5.53E+00,1.02E+02,6.91E+01,2.24E+01
153,0.00349508,20.0284,5.18E+00,6.88E+01,4.67E+01,1.44E+01
154,0.00210007,26.6928,4.84E+00,5.20E+01,3.57E+01,1.10E+01
155,0.001108,33.3576,4.52E+00,4.17E+01,2.94E+01,9.24E+00
156,0.000441349,40.023,4.22E+00,3.49E+01,2.54E+01,8.55E+00
157,-7.69E-06,46.6886,3.94E+00,3.01E+01,2.26E+01,8.44E+00
158,-0.000301722,53.3545,3.66E+00,2.65E+01,2.06E+01,8.59E+00
159,-0.000492328,60.0205,3.40E+00,2.37E+01,1.91E+01,8.80E+00
160,-0.000608614,66.6867,3.15E+00,2.16E+01,1.79E+01,9.01E+00
161,-0.000673864,73.3529,2.90E+00,1.98E+01,1.69E+01,9.18E+00
162,-0.000702058,80.0192,2.66E+00,1.84E+01,1.61E+01,9.30E+00
163,-0.000704095,86.6854,2.43E+00,1.71E+01,1.54E+01,9.38E+00
164,-0.000688102,93.3517,2.20E+00,1.60E+01,1.47E+01,9.44E+00
165,-53.3556,6.66703,3.69E+00,2.54E+01,2.06E+01,1.23E+01
166,-53.3548,13.3342,3.67E+00,2.38E+01,2.08E+01,1.78E+01
167,-53.3522,20.0012,3.62E+00,2.24E+01,2.07E+01,2.41E+01
168,-53.3484,26.6678,3.53E+00,2.22E+01,1.99E+01,3.00E+01
169,-53.344,33.334,3.42E+00,2.32E+01,1.88E+01,3.49E+01
170,-53.3398,40,3.29E+00,2.47E+01,1.76E+01,3.83E+01
171,-53.3362,46.6665,3.15E+00,2.58E+01,1.66E+01,3.98E+01
172,-53.3335,53.3334,3.00E+00,2.57E+01,1.57E+01,3.94E+01
173,-53.3317,60.001,2.83E+00,2.45E+01,1.51E+01,3.73E+01
174,-53.3306,66.669,2.67E+00,2.26E+01,1.45E+01,3.45E+01
175,-53.3299,73.3371,2.49E+00,2.06E+01,1.40E+01,3.16E+01
176,-53.3296,80.0053,2.32E+00,1.88E+01,1.35E+01,2.89E+01
177,-53.3294,86.6734,2.14E+00,1.74E+01,1.29E+01,2.65E+01
178,-53.3293,93.3412,1.96E+00,1.62E+01,1.23E+01,2.46E+01
179,-60.0042,46.6651,2.97E+00,2.36E+01,1.59E+01,3.64E+01
180,-66.6723,46.6643,2.79E+00,2.13E+01,1.53E+01,3.28E+01
181,-73.3404,46.6638,2.60E+00,1.93E+01,1.47E+01,2.96E+01
182,-80.0084,46.6636,2.41E+00,1.77E+01,1.40E+01,2.69E+01
183,-86.6762,46.6634,2.22E+00,1.64E+01,1.34E+01,2.47E+01
184,-93.3438,46.6633,2.02E+00,1.54E+01,1.27E+01,2.29E+01
185,-73.3437,39.998,2.69E+00,1.81E+01,1.53E+01,2.71E+01
186,-73.347,33.332,2.77E+00,1.74E+01,1.59E+01,2.41E+01
187,-73.3499,26.666,2.84E+00,1.72E+01,1.64E+01,2.09E+01
188,-73.3521,19.9997,2.88E+00,1.77E+01,1.66E+01,1.76E+01
189,-73.3534,13.3332,2.91E+00,1.85E+01,1.67E+01,1.43E+01
190,-73.3537,6.66681,2.92E+00,1.93E+01,1.67E+01,1.14E+01
191,-66.6829,26.6664,3.07E+00,1.85E+01,1.74E+01,2.31E+01
192,-60.0157,26.667,3.30E+00,2.01E+01,1.86E+01,2.61E+01
193,-66.6796,33.3325,2.99E+00,1.88E+01,1.68E+01,2.69E+01
194,-66.676,39.9984,2.89E+00,1.99E+01,1.61E+01,3.02E+01
195,-60.0119,33.3331,3.21E+00,2.07E+01,1.78E+01,3.04E+01
196,-60.0079,39.999,3.09E+00,2.21E+01,1.68E+01,3.40E+01
197,-66.6872,13.3335,3.16E+00,1.99E+01,1.78E+01,1.51E+01
198,-60.021,13.3338,3.41E+00,2.16E+01,1.91E+01,1.62E+01
199,-66.6856,20,3.12E+00,1.89E+01,1.77E+01,1.91E+01
200,-60.0189,20.0005,3.37E+00,2.05E+01,1.91E+01,2.11E+01
201,-66.6877,6.66687,3.17E+00,2.09E+01,1.77E+01,1.16E+01
202,-60.0216,6.66693,3.42E+00,2.29E+01,1.90E+01,1.18E+01
203,-93.3501,26.6653,2.17E+00,1.47E+01,1.38E+01,1.70E+01
204,-86.6835,26.6654,2.39E+00,1.54E+01,1.46E+01,1.80E+01
205,-80.0167,26.6656,2.61E+00,1.62E+01,1.54E+01,1.93E+01
206,-86.6814,33.3315,2.34E+00,1.54E+01,1.43E+01,2.03E+01
207,-86.679,39.9975,2.28E+00,1.57E+01,1.39E+01,2.26E+01
208,-93.3483,33.3314,2.13E+00,1.46E+01,1.35E+01,1.90E+01
209,-93.3462,39.9974,2.08E+00,1.49E+01,1.31E+01,2.10E+01
210,-80.0143,33.3317,2.56E+00,1.62E+01,1.51E+01,2.20E+01
211,-80.0115,39.9977,2.49E+00,1.68E+01,1.46E+01,2.46E+01
212,-93.3521,13.3329,2.21E+00,1.53E+01,1.42E+01,1.29E+01
213,-86.6859,13.333,2.44E+00,1.62E+01,1.49E+01,1.33E+01
214,-80.0197,13.3331,2.67E+00,1.73E+01,1.57E+01,1.37E+01
215,-86.685,19.9992,2.42E+00,1.57E+01,1.48E+01,1.56E+01
216,-93.3513,19.9991,2.19E+00,1.49E+01,1.40E+01,1.49E+01
217,-80.0186,19.9994,2.65E+00,1.66E+01,1.56E+01,1.64E+01
218,-86.6861,6.66674,2.44E+00,1.68E+01,1.50E+01,1.11E+01
219,-93.3522,6.66671,2.21E+00,1.57E+01,1.44E+01,1.10E+01
220,-80.0199,6.66677,2.68E+00,1.79E+01,1.58E+01,1.12E+01
221,-59.9963,73.3343,2.38E+00,2.18E+01,1.33E+01,3.29E+01
222,-66.663,73.3319,2.26E+00,2.24E+01,1.27E+01,3.33E+01
223,-73.3301,73.3301,2.14E+00,2.23E+01,1.22E+01,3.29E+01
224,-79.9978,73.3289,2.00E+00,2.15E+01,1.18E+01,3.17E+01
225,-86.6658,73.3282,1.86E+00,2.04E+01,1.13E+01,3.02E+01
226,-93.3338,73.3278,1.72E+00,1.91E+01,1.09E+01,2.84E+01
227,-73.3319,66.6629,2.26E+00,2.24E+01,1.27E+01,3.34E+01
228,-73.3343,59.9961,2.38E+00,2.18E+01,1.33E+01,3.29E+01
229,-73.3371,53.3298,2.49E+00,2.07E+01,1.40E+01,3.16E+01
230,-66.6664,59.9971,2.54E+00,2.34E+01,1.38E+01,3.52E+01
231,-59.9988,59.9987,2.69E+00,2.44E+01,1.44E+01,3.69E+01
232,-66.6644,66.6643,2.40E+00,2.33E+01,1.32E+01,3.47E+01
233,-59.9972,66.6663,2.54E+00,2.34E+01,1.38E+01,3.52E+01
234,-66.6691,53.3305,2.67E+00,2.27E+01,1.45E+01,3.45E+01
235,-60.0011,53.3316,2.83E+00,2.45E+01,1.50E+01,3.74E+01
236,-93.3386,59.9953,1.88E+00,1.72E+01,1.18E+01,2.61E+01
237,-86.6706,59.9953,2.05E+00,1.86E+01,1.23E+01,2.81E+01
238,-80.0024,59.9956,2.22E+00,2.01E+01,1.28E+01,3.04E+01
239,-86.668,66.6616,1.96E+00,1.96E+01,1.18E+01,2.94E+01
240,-93.3361,66.6614,1.81E+00,1.82E+01,1.14E+01,2.74E+01
241,-79.9999,66.662,2.12E+00,2.11E+01,1.23E+01,3.14E+01
242,-86.6734,53.3293,2.14E+00,1.74E+01,1.29E+01,2.65E+01
243,-93.3412,53.3293,1.96E+00,1.62E+01,1.23E+01,2.46E+01
244,-80.0053,53.3295,2.32E+00,1.89E+01,1.34E+01,2.89E+01
245,-73.3278,93.3339,1.72E+00,1.90E+01,1.09E+01,2.84E+01
246,-73.3282,86.6657,1.86E+00,2.03E+01,1.13E+01,3.01E+01
247,-73.3289,79.9978,2.00E+00,2.15E+01,1.18E+01,3.17E+01
248,-66.6617,86.668,1.96E+00,1.95E+01,1.19E+01,2.93E+01
249,-59.9954,86.6706,2.05E+00,1.85E+01,1.24E+01,2.81E+01
250,-66.6615,93.3362,1.80E+00,1.82E+01,1.14E+01,2.74E+01
251,-59.9954,93.3387,1.88E+00,1.71E+01,1.19E+01,2.61E+01
252,-66.6622,79.9999,2.11E+00,2.10E+01,1.23E+01,3.14E+01
253,-59.9957,80.0024,2.22E+00,2.01E+01,1.29E+01,3.04E+01
254,-93.3302,86.6616,1.53E+00,1.99E+01,1.00E+01,2.91E+01
255,-86.6626,86.6625,1.65E+00,2.04E+01,1.04E+01,2.99E+01
256,-79.9952,86.6639,1.76E+00,2.06E+01,1.09E+01,3.03E+01
257,-86.6616,93.3302,1.53E+00,1.98E+01,1.01E+01,2.91E+01
258,-93.3289,93.329,1.42E+00,1.96E+01,9.66E+00,2.87E+01
259,-79.9945,93.3319,1.63E+00,1.96E+01,1.05E+01,2.90E+01
260,-86.6639,79.9951,1.76E+00,2.07E+01,1.09E+01,3.03E+01
261,-93.3318,79.9945,1.63E+00,1.97E+01,1.05E+01,2.90E+01
262,-79.9962,79.9962,1.88E+00,2.13E+01,1.13E+01,3.13E+01
263,-6.66734,46.6897,3.96E+00,2.85E+01,2.30E+01,1.34E+01
264,-13.335,46.6885,3.94E+00,2.62E+01,2.33E+01,2.07E+01
265,-20.0024,46.6852,3.87E+00,2.47E+01,2.28E+01,2.86E+01
266,-26.6691,46.6808,3.77E+00,2.47E+01,2.16E+01,3.55E+01
267,-33.3354,46.676,3.64E+00,2.60E+01,2.01E+01,4.04E+01
268,-40.0018,46.6718,3.49E+00,2.72E+01,1.86E+01,4.27E+01
269,-46.6687,46.6686,3.32E+00,2.72E+01,1.74E+01,4.23E+01
270,-26.6708,40.013,4.00E+00,2.81E+01,2.35E+01,4.21E+01
271,-26.6733,33.345,4.23E+00,3.18E+01,2.59E+01,4.91E+01
272,-26.6773,26.6771,4.45E+00,3.48E+01,2.92E+01,5.37E+01
273,-26.6832,20.009,4.65E+00,3.69E+01,3.33E+01,5.10E+01
274,-26.6898,13.3398,4.79E+00,4.07E+01,3.67E+01,3.82E+01
275,-26.694,6.66869,4.87E+00,4.73E+01,3.72E+01,2.01E+01
276,-20.0092,26.683,4.65E+00,3.68E+01,3.34E+01,5.11E+01
277,-13.3399,26.6895,4.79E+00,4.06E+01,3.70E+01,3.84E+01
278,-6.66887,26.6936,4.86E+00,4.72E+01,3.77E+01,2.05E+01
279,-13.3374,33.3561,4.50E+00,3.44E+01,3.06E+01,3.02E+01
280,-13.3359,40.0223,4.21E+00,2.98E+01,2.63E+01,2.45E+01
281,-20.0059,33.3508,4.39E+00,3.20E+01,2.87E+01,4.23E+01
282,-20.0038,40.0182,4.13E+00,2.79E+01,2.54E+01,3.45E+01
283,-6.668,33.3588,4.54E+00,3.87E+01,3.05E+01,1.69E+01
284,-6.66757,40.0241,4.24E+00,3.28E+01,2.60E+01,1.47E+01
285,-13.3612,6.67496,5.53E+00,8.34E+01,7.14E+01,2.67E+01
286,-13.3516,13.3514,5.35E+00,6.19E+01,6.11E+01,4.63E+01
287,-13.3442,20.0219,5.08E+00,4.89E+01,4.72E+01,4.72E+01
288,-20.0221,13.3441,5.09E+00,4.88E+01,4.68E+01,4.72E+01
289,-20.0287,6.67059,5.20E+00,6.00E+01,4.94E+01,2.51E+01
290,-20.0146,20.0144,4.89E+00,4.18E+01,4.00E+01,5.56E+01
291,-6.67517,13.3607,5.52E+00,8.43E+01,7.26E+01,2.67E+01
292,-6.68461,6.68409,5.80E+00,1.26E+02,9.93E+01,2.98E+01
293,-6.67076,20.0283,5.19E+00,6.03E+01,5.02E+01,2.53E+01
294,-46.6809,26.6689,3.77E+00,2.49E+01,2.15E+01,3.53E+01
295,-40.0131,26.6706,4.00E+00,2.83E+01,2.33E+01,4.19E+01
296,-33.3451,26.6731,4.23E+00,3.19E+01,2.58E+01,4.90E+01
297,-40.0081,33.3372,3.85E+00,2.92E+01,2.14E+01,4.58E+01
298,-40.0043,40.0042,3.67E+00,2.90E+01,1.97E+01,4.58E+01
299,-46.6761,33.3352,3.64E+00,2.61E+01,2.00E+01,4.03E+01
300,-46.6719,40.0016,3.49E+00,2.73E+01,1.85E+01,4.27E+01
301,-33.3404,33.3403,4.05E+00,3.13E+01,2.33E+01,4.97E+01
302,-33.3373,40.008,3.85E+00,2.91E+01,2.14E+01,4.59E+01
303,-46.6887,13.3348,3.94E+00,2.65E+01,2.31E+01,2.03E+01
304,-40.0225,13.3358,4.22E+00,3.00E+01,2.61E+01,2.40E+01
305,-33.3563,13.3373,4.50E+00,3.46E+01,3.03E+01,2.98E+01
306,-40.0183,20.0036,4.13E+00,2.81E+01,2.52E+01,3.42E+01
307,-46.6854,20.0022,3.87E+00,2.49E+01,2.27E+01,2.83E+01
308,-33.3509,20.0058,4.39E+00,3.22E+01,2.85E+01,4.21E+01
309,-40.0244,6.6674,4.25E+00,3.30E+01,2.58E+01,1.43E+01
310,-46.6899,6.66716,3.96E+00,2.87E+01,2.28E+01,1.30E+01
311,-33.359,6.66783,4.55E+00,3.90E+01,3.02E+01,1.64E+01
312,-26.6654,93.35,2.16E+00,1.46E+01,1.39E+01,1.71E+01
313,-26.6656,86.6834,2.39E+00,1.53E+01,1.46E+01,1.81E+01
314,-26.6658,80.0166,2.61E+00,1.61E+01,1.55E+01,1.94E+01
315,-26.6661,73.3498,2.84E+00,1.71E+01,1.65E+01,2.11E+01
316,-26.6666,66.6828,3.06E+00,1.83E+01,1.75E+01,2.33E+01
317,-26.6672,60.0156,3.30E+00,1.99E+01,1.87E+01,2.63E+01
318,-26.668,53.3483,3.53E+00,2.20E+01,2.01E+01,3.02E+01
319,-19.9998,73.3519,2.88E+00,1.75E+01,1.67E+01,1.78E+01
320,-13.3333,73.3532,2.91E+00,1.83E+01,1.68E+01,1.45E+01
321,-6.66695,73.3536,2.92E+00,1.91E+01,1.68E+01,1.16E+01
322,-13.3332,80.0195,2.67E+00,1.71E+01,1.58E+01,1.39E+01
323,-13.3331,86.6857,2.44E+00,1.61E+01,1.50E+01,1.34E+01
324,-13.333,93.3519,2.20E+00,1.52E+01,1.43E+01,1.31E+01
325,-19.9993,86.6849,2.42E+00,1.57E+01,1.49E+01,1.57E+01
326,-19.9995,80.0184,2.65E+00,1.65E+01,1.57E+01,1.66E+01
327,-19.9992,93.3512,2.19E+00,1.49E+01,1.41E+01,1.51E+01
328,-6.66686,86.6859,2.44E+00,1.67E+01,1.51E+01,1.13E+01
329,-6.6669,80.0197,2.67E+00,1.78E+01,1.59E+01,1.15E+01
330,-6.66682,93.3521,2.21E+00,1.56E+01,1.44E+01,1.12E+01
331,-13.3343,53.3546,3.67E+00,2.35E+01,2.10E+01,1.82E+01
332,-13.3339,60.0208,3.41E+00,2.14E+01,1.93E+01,1.65E+01
333,-13.3336,66.687,3.15E+00,1.97E+01,1.79E+01,1.54E+01
334,-20.0007,60.0188,3.37E+00,2.03E+01,1.92E+01,2.14E+01
335,-20.0014,53.3521,3.61E+00,2.22E+01,2.08E+01,2.44E+01
336,-20.0002,66.6854,3.12E+00,1.88E+01,1.79E+01,1.93E+01
337,-6.66709,60.0214,3.42E+00,2.27E+01,1.91E+01,1.22E+01
338,-6.66719,53.3554,3.68E+00,2.52E+01,2.08E+01,1.27E+01
339,-6.66702,66.6874,3.16E+00,2.08E+01,1.78E+01,1.19E+01
340,-46.664,73.3404,2.60E+00,1.92E+01,1.47E+01,2.96E+01
341,-39.9981,73.3437,2.69E+00,1.80E+01,1.54E+01,2.71E+01
342,-33.3321,73.347,2.77E+00,1.72E+01,1.60E+01,2.42E+01
343,-39.9978,80.0114,2.49E+00,1.67E+01,1.47E+01,2.46E+01
344,-39.9976,86.6789,2.28E+00,1.56E+01,1.39E+01,2.27E+01
345,-39.9975,93.3462,2.08E+00,1.48E+01,1.32E+01,2.11E+01
346,-46.6636,86.6762,2.22E+00,1.63E+01,1.34E+01,2.47E+01
347,-46.6637,80.0084,2.41E+00,1.76E+01,1.41E+01,2.69E+01
348,-46.6635,93.3438,2.02E+00,1.54E+01,1.28E+01,2.29E+01
349,-33.3316,86.6814,2.34E+00,1.53E+01,1.43E+01,2.05E+01
350,-33.3318,80.0142,2.56E+00,1.62E+01,1.52E+01,2.21E+01
351,-33.3315,93.3483,2.13E+00,1.46E+01,1.36E+01,1.91E+01
352,-40.0002,53.3398,3.29E+00,2.46E+01,1.77E+01,3.84E+01
353,-39.9992,60.0079,3.09E+00,2.20E+01,1.69E+01,3.40E+01
354,-39.9985,66.6759,2.89E+00,1.97E+01,1.62E+01,3.02E+01
355,-46.6653,60.0042,2.97E+00,2.35E+01,1.59E+01,3.64E+01
356,-46.6666,53.3362,3.15E+00,2.58E+01,1.66E+01,3.98E+01
357,-46.6645,66.6723,2.79E+00,2.12E+01,1.53E+01,3.28E+01
358,-33.3332,60.0118,3.20E+00,2.06E+01,1.79E+01,3.06E+01
359,-33.3341,53.344,3.42E+00,2.30E+01,1.89E+01,3.50E+01
360,-33.3326,66.6795,2.99E+00,1.87E+01,1.69E+01,2.70E+01
361,93.3384,46.6599,1.90E+00,1.67E+01,2.04E+01,3.29E+00
362,86.6703,46.6594,2.08E+00,1.77E+01,2.18E+01,3.54E+00
363,80.002,46.659,2.25E+00,1.86E+01,2.36E+01,3.84E+00
364,73.3336,46.6588,2.43E+00,1.96E+01,2.56E+01,4.19E+00
365,66.6651,46.6586,2.60E+00,2.06E+01,2.80E+01,4.59E+00
366,59.9967,46.6588,2.77E+00,2.16E+01,3.06E+01,5.02E+00
367,53.3286,46.6595,2.94E+00,2.26E+01,3.31E+01,5.45E+00
368,46.661,46.661,3.10E+00,2.38E+01,3.47E+01,5.86E+00
369,39.9941,46.6635,3.26E+00,2.50E+01,3.48E+01,6.18E+00
370,33.3281,46.667,3.41E+00,2.64E+01,3.33E+01,6.34E+00
371,26.6627,46.6715,3.55E+00,2.77E+01,3.05E+01,6.28E+00
372,19.9975,46.6764,3.68E+00,2.90E+01,2.74E+01,6.05E+00
373,13.3323,46.6813,3.79E+00,3.00E+01,2.48E+01,5.83E+00
374,6.66654,46.6856,3.88E+00,3.05E+01,2.31E+01,6.22E+00
375,53.3316,39.9933,3.08E+00,2.37E+01,3.19E+01,5.51E+00
376,53.3354,33.3276,3.21E+00,2.48E+01,2.96E+01,5.44E+00
377,53.3397,26.6624,3.33E+00,2.58E+01,2.69E+01,5.27E+00
378,53.3442,19.9972,3.44E+00,2.66E+01,2.43E+01,5.12E+00
379,53.3484,13.3319,3.54E+00,2.72E+01,2.22E+01,5.25E+00
380,53.352,6.66609,3.61E+00,2.74E+01,2.09E+01,6.12E+00
381,80.005,39.9935,2.34E+00,1.89E+01,2.19E+01,3.63E+00
382,80.0081,33.328,2.42E+00,1.92E+01,2.04E+01,3.68E+00
383,80.0111,26.6625,2.49E+00,1.93E+01,1.90E+01,4.07E+00
384,80.0138,19.9969,2.55E+00,1.93E+01,1.78E+01,4.84E+00
385,80.0161,13.3312,2.60E+00,1.92E+01,1.70E+01,5.95E+00
386,80.018,6.66532,2.64E+00,1.90E+01,1.63E+01,7.40E+00
387,86.6785,26.6626,2.28E+00,1.80E+01,1.79E+01,4.16E+00
388,93.3457,26.6629,2.07E+00,1.68E+01,1.70E+01,4.29E+00
389,86.6759,33.3282,2.22E+00,1.80E+01,1.91E+01,3.60E+00
390,86.6731,39.9938,2.15E+00,1.79E+01,2.04E+01,3.41E+00
391,93.3434,33.3285,2.02E+00,1.68E+01,1.80E+01,3.60E+00
392,93.341,39.9942,1.96E+00,1.68E+01,1.91E+01,3.26E+00
393,86.6828,13.3312,2.37E+00,1.79E+01,1.62E+01,6.21E+00
394,93.3495,13.3312,2.15E+00,1.67E+01,1.55E+01,6.43E+00
395,86.6808,19.997,2.33E+00,1.80E+01,1.69E+01,5.05E+00
396,93.3477,19.9971,2.12E+00,1.68E+01,1.62E+01,5.25E+00
397,86.6844,6.6653,2.41E+00,1.77E+01,1.56E+01,7.62E+00
398,93.3508,6.66531,2.18E+00,1.65E+01,1.50E+01,7.80E+00
399,60.0078,26.6622,3.12E+00,2.39E+01,2.42E+01,4.57E+00
400,66.6757,26.6622,2.91E+00,2.22E+01,2.20E+01,4.20E+00
401,73.3435,26.6623,2.70E+00,2.07E+01,2.03E+01,4.06E+00
402,66.6721,33.3275,2.81E+00,2.18E+01,2.40E+01,4.19E+00
403,66.6685,39.993,2.71E+00,2.12E+01,2.61E+01,4.36E+00
404,60.0038,33.3275,3.01E+00,2.32E+01,2.65E+01,4.71E+00
405,60,39.993,2.90E+00,2.24E+01,2.88E+01,4.89E+00
406,73.3402,33.3277,2.62E+00,2.04E+01,2.20E+01,3.86E+00
407,73.3368,39.9932,2.53E+00,2.01E+01,2.38E+01,3.94E+00
408,66.685,6.66553,3.11E+00,2.24E+01,1.81E+01,6.77E+00
409,66.6824,13.3313,3.06E+00,2.25E+01,1.90E+01,5.36E+00
410,66.6793,19.9969,2.99E+00,2.25E+01,2.03E+01,4.55E+00
411,60.0154,13.3315,3.30E+00,2.47E+01,2.04E+01,5.17E+00
412,60.0185,6.66575,3.36E+00,2.46E+01,1.94E+01,6.40E+00
413,60.0118,19.997,3.22E+00,2.44E+01,2.20E+01,4.65E+00
414,73.3493,13.3312,2.83E+00,2.08E+01,1.79E+01,5.66E+00
415,73.3515,6.66539,2.87E+00,2.05E+01,1.72E+01,7.11E+00
416,73.3466,19.9969,2.77E+00,2.08E+01,1.89E+01,4.65E+00
417,26.6635,40.0033,3.76E+00,3.02E+01,3.45E+01,7.67E+00
418,26.6651,33.3354,3.98E+00,3.32E+01,3.85E+01,9.33E+00
419,26.6681,26.6682,4.19E+00,3.69E+01,4.10E+01,1.11E+01
420,26.6732,20.0021,4.39E+00,4.15E+01,4.03E+01,1.27E+01
421,26.68,13.3367,4.57E+00,4.69E+01,3.70E+01,1.36E+01
422,26.6875,6.67065,4.73E+00,5.18E+01,3.44E+01,1.24E+01
423,33.3354,26.6652,3.98E+00,3.33E+01,3.84E+01,9.38E+00
424,40.0033,26.6636,3.76E+00,3.04E+01,3.44E+01,7.74E+00
425,46.6715,26.6628,3.55E+00,2.79E+01,3.04E+01,6.34E+00
426,39.999,33.3293,3.60E+00,2.84E+01,3.66E+01,7.41E+00
427,39.9959,39.996,3.43E+00,2.66E+01,3.67E+01,6.85E+00
428,33.3315,33.3316,3.79E+00,3.06E+01,3.88E+01,8.45E+00
429,33.3293,39.999,3.60E+00,2.83E+01,3.66E+01,7.38E+00
430,46.6671,33.3282,3.41E+00,2.65E+01,3.31E+01,6.37E+00
431,46.6635,39.9942,3.26E+00,2.51E+01,3.48E+01,6.19E+00
432,33.3471,13.3345,4.31E+00,3.97E+01,3.18E+01,9.83E+00
433,40.0142,13.3332,4.04E+00,3.44E+01,2.77E+01,7.32E+00
434,46.6813,13.3324,3.79E+00,3.04E+01,2.46E+01,5.87E+00
435,40.0086,19.9984,3.91E+00,3.25E+01,3.10E+01,7.72E+00
436,33.3408,19.9997,4.15E+00,3.64E+01,3.56E+01,9.94E+00
437,46.6765,19.9976,3.68E+00,2.93E+01,2.72E+01,6.12E+00
438,40.0194,6.66742,4.15E+00,3.57E+01,2.55E+01,6.86E+00
439,33.3533,6.66867,4.43E+00,4.22E+01,2.92E+01,8.74E+00
440,46.6856,6.66662,3.88E+00,3.10E+01,2.29E+01,6.16E+00
441,6.67057,26.6874,4.73E+00,5.11E+01,3.48E+01,1.20E+01
442,13.3366,26.68,4.57E+00,4.65E+01,3.72E+01,1.33E+01
443,20.002,26.6732,4.39E+00,4.13E+01,4.03E+01,1.26E+01
444,13.3344,33.347,4.31E+00,3.93E+01,3.20E+01,9.60E+00
445,13.3331,40.0141,4.04E+00,3.40E+01,2.79E+01,7.18E+00
446,6.66858,33.3532,4.43E+00,4.16E+01,2.95E+01,8.52E+00
447,6.66733,40.0193,4.15E+00,3.52E+01,2.58E+01,6.82E+00
448,19.9996,33.3407,4.15E+00,3.62E+01,3.57E+01,9.80E+00
449,19.9983,40.0085,3.91E+00,3.22E+01,3.12E+01,7.61E+00
450,6.67959,13.3566,5.37E+00,9.44E+01,5.57E+01,3.16E+01
451,13.3469,13.3469,5.12E+00,7.36E+01,4.73E+01,2.63E+01
452,20.0133,13.3404,4.85E+00,5.74E+01,4.25E+01,1.90E+01
453,13.3404,20.0132,4.85E+00,5.71E+01,4.27E+01,1.87E+01
454,6.67389,20.0219,5.05E+00,6.64E+01,4.26E+01,1.85E+01
455,20.0063,20.0063,4.62E+00,4.82E+01,4.31E+01,1.58E+01
456,13.357,6.67967,5.37E+00,9.43E+01,5.46E+01,3.19E+01
457,6.689,6.68861,5.69E+00,1.37E+02,8.13E+01,5.23E+01
458,20.022,6.67394,5.05E+00,6.70E+01,4.19E+01,1.90E+01
459,53.3256,93.3358,1.82E+00,1.64E+01,2.19E+01,3.60E+00
460,53.3251,86.6674,1.99E+00,1.73E+01,2.35E+01,3.89E+00
461,53.3247,79.999,2.16E+00,1.82E+01,2.53E+01,4.19E+00
462,53.3246,73.3306,2.32E+00,1.90E+01,2.74E+01,4.49E+00
463,53.3247,66.6622,2.48E+00,1.99E+01,2.96E+01,4.78E+00
464,53.3252,59.9941,2.64E+00,2.07E+01,3.16E+01,5.06E+00
465,53.3265,53.3265,2.79E+00,2.16E+01,3.29E+01,5.29E+00
466,59.9908,73.3281,2.21E+00,1.85E+01,2.86E+01,4.77E+00
467,66.6576,73.3262,2.10E+00,1.79E+01,2.90E+01,4.99E+00
468,73.3249,73.3249,1.97E+00,1.73E+01,2.87E+01,5.14E+00
469,79.9926,73.3242,1.85E+00,1.68E+01,2.78E+01,5.22E+00
470,86.6607,73.3239,1.72E+00,1.62E+01,2.65E+01,5.23E+00
471,93.329,73.324,1.58E+00,1.56E+01,2.51E+01,5.17E+00
472,73.3241,79.9926,1.85E+00,1.68E+01,2.79E+01,5.22E+00
473,73.3239,86.6607,1.71E+00,1.62E+01,2.66E+01,5.22E+00
474,73.3239,93.3289,1.58E+00,1.56E+01,2.53E+01,5.15E+00
475,66.6573,86.6626,1.81E+00,1.66E+01,2.59E+01,4.80E+00
476,59.9911,86.6649,1.90E+00,1.70E+01,2.48E+01,4.34E+00
477,66.6573,79.9943,1.96E+00,1.73E+01,2.76E+01,4.93E+00
478,59.9908,79.9965,2.06E+00,1.77E+01,2.67E+01,4.57E+00
479,66.6576,93.331,1.66E+00,1.59E+01,2.44E+01,4.62E+00
480,59.9915,93.3333,1.75E+00,1.62E+01,2.32E+01,4.08E+00
481,86.6592,79.9909,1.61E+00,1.58E+01,2.68E+01,5.58E+00
482,86.6582,86.6582,1.50E+00,1.53E+01,2.65E+01,5.85E+00
483,86.6577,93.326,1.39E+00,1.49E+01,2.59E+01,6.02E+00
484,79.9908,86.6592,1.61E+00,1.58E+01,2.68E+01,5.58E+00
485,79.9915,79.9915,1.73E+00,1.63E+01,2.76E+01,5.44E+00
486,79.9906,93.3273,1.49E+00,1.52E+01,2.58E+01,5.63E+00
487,93.326,86.6577,1.39E+00,1.49E+01,2.58E+01,6.03E+00
488,93.3273,79.9906,1.49E+00,1.53E+01,2.57E+01,5.64E+00
489,93.3251,93.3251,1.29E+00,1.45E+01,2.56E+01,6.33E+00
490,73.3306,53.3246,2.32E+00,1.91E+01,2.73E+01,4.49E+00
491,73.3282,59.9909,2.21E+00,1.85E+01,2.84E+01,4.77E+00
492,73.3262,66.6577,2.10E+00,1.79E+01,2.89E+01,4.99E+00
493,66.6601,59.9913,2.36E+00,1.92E+01,3.02E+01,4.93E+00
494,59.9924,59.9924,2.50E+00,1.99E+01,3.14E+01,5.02E+00
495,66.6623,53.3247,2.48E+00,1.99E+01,2.95E+01,4.79E+00
496,59.9942,53.3253,2.64E+00,2.08E+01,3.16E+01,5.06E+00
497,66.6585,66.6585,2.23E+00,1.85E+01,3.00E+01,4.99E+00
498,59.9913,66.66,2.36E+00,1.92E+01,3.02E+01,4.92E+00
499,93.3333,59.9915,1.75E+00,1.63E+01,2.30E+01,4.10E+00
500,86.6649,59.9911,1.91E+00,1.70E+01,2.47E+01,4.35E+00
501,79.9965,59.9909,2.06E+00,1.78E+01,2.65E+01,4.57E+00
502,86.6675,53.3252,1.99E+00,1.74E+01,2.33E+01,3.89E+00
503,93.3358,53.3256,1.83E+00,1.65E+01,2.17E+01,3.61E+00
504,79.9991,53.3248,2.16E+00,1.82E+01,2.51E+01,4.19E+00
505,86.6626,66.6573,1.81E+00,1.66E+01,2.58E+01,4.81E+00
506,93.331,66.6576,1.67E+00,1.60E+01,2.42E+01,4.64E+00
507,79.9943,66.6573,1.96E+00,1.73E+01,2.74E+01,4.93E+00
508,26.6628,93.3456,2.07E+00,1.67E+01,1.72E+01,4.35E+00
509,26.6626,86.6784,2.28E+00,1.79E+01,1.81E+01,4.22E+00
510,26.6624,80.011,2.48E+00,1.91E+01,1.92E+01,4.12E+00
511,26.6623,73.3434,2.70E+00,2.05E+01,2.05E+01,4.10E+00
512,26.6622,66.6756,2.91E+00,2.20E+01,2.22E+01,4.22E+00
513,26.6621,60.0077,3.12E+00,2.37E+01,2.44E+01,4.57E+00
514,26.6623,53.3396,3.33E+00,2.56E+01,2.71E+01,5.24E+00
515,33.3277,73.3401,2.61E+00,2.03E+01,2.22E+01,3.87E+00
516,39.9931,73.3367,2.52E+00,2.00E+01,2.40E+01,3.95E+00
517,46.6587,73.3335,2.43E+00,1.95E+01,2.58E+01,4.19E+00
518,39.9934,80.005,2.34E+00,1.88E+01,2.21E+01,3.64E+00
519,39.9938,86.673,2.15E+00,1.77E+01,2.06E+01,3.43E+00
520,39.9942,93.3409,1.96E+00,1.67E+01,1.93E+01,3.28E+00
521,33.3282,86.6758,2.22E+00,1.79E+01,1.93E+01,3.64E+00
522,33.3279,80.008,2.41E+00,1.90E+01,2.06E+01,3.70E+00
523,33.3285,93.3433,2.02E+00,1.67E+01,1.82E+01,3.64E+00
524,46.6594,86.6702,2.07E+00,1.76E+01,2.20E+01,3.54E+00
525,46.659,80.0019,2.25E+00,1.85E+01,2.38E+01,3.84E+00
526,46.6599,93.3383,1.89E+00,1.66E+01,2.06E+01,3.29E+00
527,33.3274,60.0037,3.01E+00,2.31E+01,2.67E+01,4.70E+00
528,39.9929,59.9999,2.90E+00,2.24E+01,2.90E+01,4.88E+00
529,46.6588,59.9967,2.77E+00,2.15E+01,3.08E+01,5.01E+00
530,39.9929,66.6684,2.71E+00,2.11E+01,2.63E+01,4.35E+00
531,33.3275,66.672,2.81E+00,2.16E+01,2.42E+01,4.19E+00
532,46.6586,66.6651,2.60E+00,2.05E+01,2.82E+01,4.58E+00
533,39.9932,53.3316,3.08E+00,2.36E+01,3.20E+01,5.50E+00
534,33.3275,53.3353,3.21E+00,2.47E+01,2.98E+01,5.42E+00
535,46.6595,53.3286,2.94E+00,2.26E+01,3.31E+01,5.45E+00
536,6.66538,73.3514,2.87E+00,2.03E+01,1.73E+01,7.23E+00
537,13.3312,73.3492,2.83E+00,2.05E+01,1.80E+01,5.75E+00
538,19.9968,73.3465,2.77E+00,2.06E+01,1.91E+01,4.71E+00
539,13.3312,80.016,2.60E+00,1.90E+01,1.71E+01,6.04E+00
540,13.3312,86.6828,2.37E+00,1.77E+01,1.63E+01,6.30E+00
541,13.3313,93.3494,2.15E+00,1.65E+01,1.56E+01,6.52E+00
542,6.66532,86.6844,2.41E+00,1.75E+01,1.58E+01,7.72E+00
543,6.66533,80.0179,2.64E+00,1.88E+01,1.65E+01,7.50E+00
544,6.66534,93.3507,2.18E+00,1.63E+01,1.51E+01,7.89E+00
545,19.997,86.6807,2.33E+00,1.78E+01,1.71E+01,5.12E+00
546,19.9969,80.0137,2.55E+00,1.91E+01,1.80E+01,4.91E+00
547,19.9971,93.3476,2.11E+00,1.66E+01,1.63E+01,5.33E+00
548,13.3318,53.3483,3.54E+00,2.69E+01,2.24E+01,5.28E+00
549,13.3315,60.0154,3.30E+00,2.44E+01,2.06E+01,5.24E+00
550,13.3313,66.6823,3.06E+00,2.23E+01,1.92E+01,5.46E+00
551,6.6657,60.0184,3.36E+00,2.43E+01,1.95E+01,6.54E+00
552,6.66603,53.352,3.61E+00,2.70E+01,2.11E+01,6.25E+00
553,6.6655,66.6849,3.11E+00,2.21E+01,1.83E+01,6.90E+00
554,19.9969,60.0117,3.21E+00,2.41E+01,2.22E+01,4.67E+00
555,19.9971,53.3441,3.44E+00,2.64E+01,2.45E+01,5.10E+00
556,19.9968,66.6792,2.99E+00,2.22E+01,2.05E+01,4.60E+00
557,0.000427816,-93.3518,2.20E+00,1.62E+01,1.46E+01,9.25E+00
558,0.000418868,-86.6856,2.43E+00,1.74E+01,1.52E+01,9.16E+00
559,0.000393587,-80.0193,2.66E+00,1.87E+01,1.59E+01,9.04E+00
560,0.000344355,-73.353,2.90E+00,2.02E+01,1.68E+01,8.87E+00
561,0.000261048,-66.6869,3.15E+00,2.20E+01,1.77E+01,8.66E+00
562,0.000130971,-60.0207,3.40E+00,2.42E+01,1.89E+01,8.41E+00
563,-6.73E-05,-53.3546,3.66E+00,2.71E+01,2.04E+01,8.17E+00
564,-0.000359681,-46.6888,3.94E+00,3.08E+01,2.24E+01,8.03E+00
565,-0.000793351,-40.0231,4.22E+00,3.57E+01,2.51E+01,8.22E+00
566,-0.00142358,-33.3577,4.52E+00,4.27E+01,2.91E+01,9.06E+00
567,-0.0023486,-26.6929,4.84E+00,5.31E+01,3.54E+01,1.10E+01
568,-0.00363175,-20.0285,5.17E+00,6.99E+01,4.64E+01,1.46E+01
569,-0.00520227,-13.3639,5.53E+00,1.02E+02,6.87E+01,2.28E+01
570,-0.00578361,-6.69312,5.88E+00,1.57E+02,1.06E+02,4.92E+01
571,-6.66642,-53.3521,3.61E+00,2.75E+01,2.09E+01,6.02E+00
572,-13.3321,-53.3485,3.54E+00,2.72E+01,2.22E+01,5.25E+00
573,-19.9975,-53.3443,3.45E+00,2.66E+01,2.43E+01,5.18E+00
574,-26.6627,-53.3398,3.33E+00,2.57E+01,2.69E+01,5.35E+00
575,-33.3278,-53.3355,3.21E+00,2.47E+01,2.96E+01,5.52E+00
576,-39.9934,-53.3316,3.08E+00,2.36E+01,3.19E+01,5.59E+00
577,-46.6597,-53.3286,2.94E+00,2.26E+01,3.31E+01,5.53E+00
578,-53.3266,-53.3265,2.79E+00,2.16E+01,3.30E+01,5.36E+00
579,-59.9942,-53.3252,2.64E+00,2.07E+01,3.16E+01,5.13E+00
580,-66.6624,-53.3247,2.48E+00,1.98E+01,2.96E+01,4.85E+00
581,-73.3306,-53.3246,2.32E+00,1.90E+01,2.74E+01,4.55E+00
582,-79.9991,-53.3248,2.16E+00,1.82E+01,2.53E+01,4.24E+00
583,-86.6676,-53.3251,1.99E+00,1.73E+01,2.34E+01,3.94E+00
584,-93.3358,-53.3256,1.82E+00,1.64E+01,2.19E+01,3.64E+00
585,-46.659,-59.9968,2.77E+00,2.15E+01,3.07E+01,5.09E+00
586,-46.6588,-66.6652,2.60E+00,2.05E+01,2.81E+01,4.65E+00
587,-46.6589,-73.3336,2.43E+00,1.96E+01,2.57E+01,4.24E+00
588,-46.6592,-80.0021,2.25E+00,1.86E+01,2.36E+01,3.88E+00
589,-46.6596,-86.6704,2.07E+00,1.76E+01,2.18E+01,3.57E+00
590,-46.6601,-93.3385,1.89E+00,1.66E+01,2.04E+01,3.30E+00
591,-19.9973,-60.0119,3.22E+00,2.43E+01,2.20E+01,4.66E+00
592,-19.9972,-66.6794,2.99E+00,2.24E+01,2.03E+01,4.52E+00
593,-19.9971,-73.3467,2.77E+00,2.08E+01,1.89E+01,4.61E+00
594,-19.9972,-80.0139,2.55E+00,1.93E+01,1.78E+01,4.79E+00
595,-19.9973,-86.681,2.33E+00,1.80E+01,1.69E+01,5.00E+00
596,-19.9974,-93.3478,2.11E+00,1.68E+01,1.62E+01,5.21E+00
597,-13.3315,-73.3494,2.83E+00,2.08E+01,1.79E+01,5.57E+00
598,-6.66573,-73.3516,2.87E+00,2.06E+01,1.71E+01,6.97E+00
599,-13.3316,-66.6826,3.06E+00,2.25E+01,1.90E+01,5.29E+00
600,-13.3318,-60.0156,3.30E+00,2.47E+01,2.04E+01,5.12E+00
601,-6.66586,-66.6852,3.11E+00,2.24E+01,1.81E+01,6.62E+00
602,-6.66608,-60.0186,3.36E+00,2.47E+01,1.93E+01,6.27E+00
603,-13.3315,-86.683,2.37E+00,1.79E+01,1.62E+01,6.14E+00
604,-6.66562,-86.6846,2.41E+00,1.77E+01,1.56E+01,7.52E+00
605,-13.3315,-80.0162,2.60E+00,1.92E+01,1.69E+01,5.87E+00
606,-6.66565,-80.0181,2.64E+00,1.90E+01,1.63E+01,7.28E+00
607,-13.3315,-93.3495,2.15E+00,1.66E+01,1.55E+01,6.37E+00
608,-6.66561,-93.3509,2.18E+00,1.65E+01,1.49E+01,7.72E+00
609,-39.9934,-73.3369,2.52E+00,2.00E+01,2.38E+01,3.98E+00
610,-33.3279,-73.3402,2.61E+00,2.04E+01,2.20E+01,3.88E+00
611,-26.6626,-73.3436,2.70E+00,2.06E+01,2.03E+01,4.06E+00
612,-33.3277,-66.6722,2.81E+00,2.17E+01,2.40E+01,4.23E+00
613,-33.3277,-60.0039,3.01E+00,2.32E+01,2.66E+01,4.77E+00
614,-39.9932,-66.6686,2.71E+00,2.12E+01,2.61E+01,4.41E+00
615,-39.9931,-60.0001,2.90E+00,2.24E+01,2.89E+01,4.96E+00
616,-26.6625,-66.6759,2.91E+00,2.21E+01,2.20E+01,4.22E+00
617,-26.6625,-60.0079,3.12E+00,2.38E+01,2.42E+01,4.62E+00
618,-33.3287,-93.3435,2.02E+00,1.68E+01,1.80E+01,3.59E+00
619,-33.3284,-86.676,2.22E+00,1.79E+01,1.91E+01,3.60E+00
620,-33.3282,-80.0082,2.42E+00,1.91E+01,2.04E+01,3.69E+00
621,-39.994,-86.6732,2.15E+00,1.78E+01,2.04E+01,3.42E+00
622,-39.9944,-93.341,1.96E+00,1.67E+01,1.91E+01,3.27E+00
623,-39.9937,-80.0051,2.34E+00,1.89E+01,2.19E+01,3.66E+00
624,-26.6629,-86.6786,2.28E+00,1.80E+01,1.79E+01,4.14E+00
625,-26.6631,-93.3458,2.07E+00,1.68E+01,1.70E+01,4.27E+00
626,-26.6628,-80.0112,2.49E+00,1.93E+01,1.90E+01,4.05E+00
627,-73.3282,-59.9909,2.21E+00,1.84E+01,2.86E+01,4.83E+00
628,-73.3262,-66.6577,2.09E+00,1.79E+01,2.90E+01,5.06E+00
629,-73.3249,-73.3249,1.97E+00,1.73E+01,2.87E+01,5.21E+00
630,-73.3242,-79.9927,1.84E+00,1.68E+01,2.79E+01,5.28E+00
631,-73.3239,-86.6608,1.71E+00,1.62E+01,2.66E+01,5.29E+00
632,-73.324,-93.329,1.58E+00,1.56E+01,2.51E+01,5.21E+00
633,-66.6578,-73.3262,2.09E+00,1.79E+01,2.90E+01,5.05E+00
634,-59.991,-73.3282,2.21E+00,1.85E+01,2.85E+01,4.83E+00
635,-53.3247,-73.3307,2.32E+00,1.90E+01,2.73E+01,4.55E+00
636,-59.9914,-66.6601,2.36E+00,1.92E+01,3.02E+01,4.99E+00
637,-59.9925,-59.9924,2.50E+00,1.99E+01,3.14E+01,5.09E+00
638,-66.6586,-66.6586,2.23E+00,1.85E+01,3.00E+01,5.06E+00
639,-66.6601,-59.9913,2.36E+00,1.92E+01,3.03E+01,4.99E+00
640,-53.3248,-66.6624,2.48E+00,1.99E+01,2.95E+01,4.85E+00
641,-53.3254,-59.9942,2.64E+00,2.07E+01,3.16E+01,5.13E+00
642,-59.9916,-93.3334,1.75E+00,1.62E+01,2.30E+01,4.13E+00
643,-59.9912,-86.665,1.90E+00,1.70E+01,2.47E+01,4.39E+00
644,-59.991,-79.9966,2.06E+00,1.78E+01,2.65E+01,4.63E+00
645,-66.6574,-86.6627,1.81E+00,1.66E+01,2.58E+01,4.86E+00
646,-66.6577,-93.3311,1.66E+00,1.59E+01,2.42E+01,4.68E+00
647,-66.6574,-79.9944,1.95E+00,1.73E+01,2.75E+01,4.99E+00
648,-53.3253,-86.6676,1.99E+00,1.73E+01,2.33E+01,3.93E+00
649,-53.3257,-93.3359,1.82E+00,1.65E+01,2.17E+01,3.63E+00
650,-53.3249,-79.9992,2.16E+00,1.82E+01,2.52E+01,4.24E+00
651,-93.3289,-73.3239,1.58E+00,1.56E+01,2.52E+01,5.22E+00
652,-86.6608,-73.3238,1.71E+00,1.62E+01,2.66E+01,5.29E+00
653,-79.9927,-73.3241,1.84E+00,1.68E+01,2.79E+01,5.29E+00
654,-86.6627,-66.6573,1.81E+00,1.66E+01,2.59E+01,4.86E+00
655,-86.665,-59.9911,1.90E+00,1.70E+01,2.48E+01,4.40E+00
656,-93.331,-66.6576,1.66E+00,1.59E+01,2.43E+01,4.69E+00
657,-93.3333,-59.9915,1.75E+00,1.62E+01,2.32E+01,4.13E+00
658,-79.9943,-66.6573,1.95E+00,1.72E+01,2.76E+01,4.99E+00
659,-79.9965,-59.9908,2.06E+00,1.77E+01,2.67E+01,4.63E+00
660,-86.6578,-93.326,1.39E+00,1.49E+01,2.59E+01,6.09E+00
661,-86.6583,-86.6583,1.50E+00,1.53E+01,2.66E+01,5.91E+00
662,-86.6593,-79.9909,1.61E+00,1.58E+01,2.69E+01,5.64E+00
663,-93.326,-86.6577,1.39E+00,1.49E+01,2.59E+01,6.09E+00
664,-93.3251,-93.3251,1.29E+00,1.45E+01,2.56E+01,6.40E+00
665,-93.3273,-79.9906,1.48E+00,1.52E+01,2.58E+01,5.70E+00
666,-79.9909,-86.6593,1.61E+00,1.58E+01,2.68E+01,5.64E+00
667,-79.9907,-93.3273,1.48E+00,1.53E+01,2.57E+01,5.69E+00
668,-79.9915,-79.9915,1.73E+00,1.63E+01,2.76E+01,5.50E+00
669,-46.6858,-6.66671,3.88E+00,3.06E+01,2.29E+01,6.16E+00
670,-46.6815,-13.3324,3.79E+00,3.00E+01,2.46E+01,5.89E+00
671,-46.6766,-19.9976,3.68E+00,2.90E+01,2.73E+01,6.14E+00
672,-46.6716,-26.6628,3.55E+00,2.77E+01,3.05E+01,6.37E+00
673,-46.6672,-33.3281,3.41E+00,2.63E+01,3.33E+01,6.42E+00
674,-46.6636,-39.9942,3.26E+00,2.49E+01,3.48E+01,6.26E+00
675,-46.6611,-46.661,3.10E+00,2.37E+01,3.47E+01,5.94E+00
676,-40.0034,-26.6636,3.77E+00,3.01E+01,3.45E+01,7.78E+00
677,-33.3355,-26.6652,3.98E+00,3.31E+01,3.85E+01,9.43E+00
678,-26.6684,-26.6682,4.19E+00,3.67E+01,4.10E+01,1.12E+01
679,-20.0023,-26.6733,4.39E+00,4.13E+01,4.03E+01,1.28E+01
680,-13.3369,-26.6801,4.58E+00,4.68E+01,3.70E+01,1.38E+01
681,-6.67087,-26.6875,4.73E+00,5.19E+01,3.46E+01,1.27E+01
682,-26.6733,-20.0021,4.39E+00,4.11E+01,4.04E+01,1.27E+01
683,-26.6802,-13.3367,4.58E+00,4.64E+01,3.71E+01,1.35E+01
684,-26.6876,-6.67072,4.74E+00,5.12E+01,3.45E+01,1.24E+01
685,-33.3472,-13.3345,4.31E+00,3.92E+01,3.19E+01,9.79E+00
686,-40.0143,-13.3332,4.05E+00,3.40E+01,2.78E+01,7.32E+00
687,-33.3408,-19.9997,4.15E+00,3.61E+01,3.57E+01,9.94E+00
688,-40.0087,-19.9984,3.91E+00,3.21E+01,3.11E+01,7.73E+00
689,-33.3534,-6.66874,4.44E+00,4.17E+01,2.93E+01,8.73E+00
690,-40.0195,-6.6675,4.15E+00,3.53E+01,2.56E+01,6.87E+00
691,-6.67966,-13.3567,5.37E+00,9.47E+01,5.56E+01,3.22E+01
692,-13.347,-13.3469,5.13E+00,7.34E+01,4.73E+01,2.64E+01
693,-20.0134,-13.3404,4.85E+00,5.69E+01,4.26E+01,1.89E+01
694,-13.3406,-20.0133,4.85E+00,5.72E+01,4.27E+01,1.91E+01
695,-6.6741,-20.022,5.05E+00,6.71E+01,4.24E+01,1.92E+01
696,-20.0065,-20.0063,4.63E+00,4.80E+01,4.32E+01,1.59E+01
697,-13.357,-6.67977,5.38E+00,9.37E+01,5.48E+01,3.18E+01
698,-6.68889,-6.68876,5.69E+00,1.37E+02,8.13E+01,5.24E+01
699,-20.0221,-6.67402,5.05E+00,6.63E+01,4.20E+01,1.89E+01
700,-26.663,-46.6716,3.55E+00,2.78E+01,3.04E+01,6.43E+00
701,-26.6638,-40.0034,3.77E+00,3.03E+01,3.44E+01,7.84E+00
702,-26.6654,-33.3354,3.98E+00,3.31E+01,3.85E+01,9.48E+00
703,-33.3295,-39.9991,3.60E+00,2.83E+01,3.66E+01,7.50E+00
704,-39.9961,-39.996,3.44E+00,2.65E+01,3.67E+01,6.93E+00
705,-33.3283,-46.6672,3.41E+00,2.64E+01,3.32E+01,6.46E+00
706,-39.9943,-46.6636,3.26E+00,2.50E+01,3.48E+01,6.27E+00
707,-33.3317,-33.3316,3.80E+00,3.05E+01,3.88E+01,8.55E+00
708,-39.9991,-33.3293,3.60E+00,2.82E+01,3.67E+01,7.48E+00
709,-13.3326,-46.6815,3.79E+00,3.04E+01,2.46E+01,5.94E+00
710,-13.3335,-40.0143,4.04E+00,3.44E+01,2.77E+01,7.45E+00
711,-13.3348,-33.3471,4.31E+00,3.96E+01,3.18E+01,1.00E+01
712,-19.9986,-40.0087,3.91E+00,3.24E+01,3.10E+01,7.84E+00
713,-19.9979,-46.6766,3.68E+00,2.92E+01,2.73E+01,6.21E+00
714,-19.9999,-33.3408,4.15E+00,3.63E+01,3.56E+01,1.01E+01
715,-6.66772,-40.0195,4.15E+00,3.58E+01,2.56E+01,6.94E+00
716,-6.66693,-46.6858,3.88E+00,3.11E+01,2.29E+01,6.13E+00
717,-6.66894,-33.3533,4.44E+00,4.24E+01,2.93E+01,8.91E+00
718,-73.3516,-6.66552,2.87E+00,2.04E+01,1.72E+01,7.06E+00
719,-73.3494,-13.3313,2.83E+00,2.06E+01,1.79E+01,5.63E+00
720,-73.3466,-19.9969,2.77E+00,2.06E+01,1.90E+01,4.65E+00
721,-73.3435,-26.6624,2.70E+00,2.05E+01,2.04E+01,4.07E+00
722,-73.3402,-33.3277,2.62E+00,2.03E+01,2.21E+01,3.88E+00
723,-73.3368,-39.9932,2.53E+00,2.00E+01,2.39E+01,3.98E+00
724,-73.3336,-46.6588,2.43E+00,1.95E+01,2.58E+01,4.24E+00
725,-66.6758,-26.6623,2.91E+00,2.20E+01,2.21E+01,4.22E+00
726,-60.0079,-26.6623,3.12E+00,2.37E+01,2.43E+01,4.61E+00
727,-53.3398,-26.6624,3.34E+00,2.56E+01,2.70E+01,5.31E+00
728,-66.6826,-13.3314,3.06E+00,2.23E+01,1.90E+01,5.35E+00
729,-60.0156,-13.3316,3.30E+00,2.44E+01,2.04E+01,5.17E+00
730,-53.3485,-13.3319,3.54E+00,2.69E+01,2.23E+01,5.26E+00
731,-60.0186,-6.66586,3.36E+00,2.44E+01,1.94E+01,6.37E+00
732,-66.6852,-6.66565,3.12E+00,2.22E+01,1.82E+01,6.72E+00
733,-53.3522,-6.66619,3.62E+00,2.71E+01,2.09E+01,6.11E+00
734,-60.0119,-19.997,3.22E+00,2.41E+01,2.21E+01,4.67E+00
735,-66.6794,-19.9969,2.99E+00,2.23E+01,2.04E+01,4.55E+00
736,-53.3442,-19.9972,3.45E+00,2.64E+01,2.44E+01,5.15E+00
737,-59.9968,-46.6588,2.77E+00,2.15E+01,3.08E+01,5.08E+00
738,-60.0001,-39.9929,2.90E+00,2.23E+01,2.90E+01,4.94E+00
739,-60.0038,-33.3274,3.01E+00,2.31E+01,2.67E+01,4.75E+00
740,-66.6685,-39.993,2.71E+00,2.11E+01,2.62E+01,4.41E+00
741,-66.6652,-46.6586,2.60E+00,2.05E+01,2.82E+01,4.64E+00
742,-66.6721,-33.3275,2.81E+00,2.16E+01,2.41E+01,4.22E+00
743,-53.3317,-39.9933,3.08E+00,2.36E+01,3.20E+01,5.57E+00
744,-53.3287,-46.6596,2.94E+00,2.25E+01,3.32E+01,5.52E+00
745,-53.3354,-33.3276,3.21E+00,2.46E+01,2.98E+01,5.49E+00
746,-93.3457,-26.663,2.07E+00,1.67E+01,1.71E+01,4.29E+00
747,-86.6786,-26.6627,2.28E+00,1.79E+01,1.80E+01,4.16E+00
748,-80.0111,-26.6626,2.49E+00,1.92E+01,1.91E+01,4.08E+00
749,-86.6809,-19.9971,2.33E+00,1.79E+01,1.70E+01,5.04E+00
750,-86.683,-13.3313,2.37E+00,1.77E+01,1.62E+01,6.19E+00
751,-86.6846,-6.66544,2.41E+00,1.75E+01,1.56E+01,7.58E+00
752,-93.3495,-13.3313,2.15E+00,1.65E+01,1.55E+01,6.42E+00
753,-93.3478,-19.9972,2.11E+00,1.67E+01,1.62E+01,5.25E+00
754,-93.3509,-6.66545,2.18E+00,1.63E+01,1.50E+01,7.77E+00
755,-80.0162,-13.3313,2.60E+00,1.91E+01,1.70E+01,5.93E+00
756,-80.0138,-19.997,2.55E+00,1.92E+01,1.79E+01,4.83E+00
757,-80.0181,-6.66546,2.64E+00,1.88E+01,1.64E+01,7.35E+00
758,-86.6703,-46.6595,2.07E+00,1.76E+01,2.20E+01,3.57E+00
759,-86.6732,-39.9939,2.15E+00,1.78E+01,2.05E+01,3.43E+00
760,-86.6759,-33.3283,2.22E+00,1.79E+01,1.92E+01,3.61E+00
761,-93.3409,-39.9943,1.96E+00,1.67E+01,1.93E+01,3.27E+00
762,-93.3384,-46.6599,1.89E+00,1.66E+01,2.05E+01,3.31E+00
763,-93.3434,-33.3286,2.02E+00,1.67E+01,1.81E+01,3.61E+00
764,-80.0051,-39.9935,2.34E+00,1.88E+01,2.20E+01,3.66E+00
765,-80.002,-46.6591,2.25E+00,1.85E+01,2.37E+01,3.88E+00
766,-80.0082,-33.328,2.42E+00,1.90E+01,2.05E+01,3.69E+00
767,93.3413,-53.3294,1.95E+00,1.64E+01,1.23E+01,2.46E+01
768,86.6734,-53.3295,2.14E+00,1.75E+01,1.29E+01,2.66E+01
769,80.0053,-53.3296,2.32E+00,1.90E+01,1.34E+01,2.89E+01
770,73.3371,-53.33,2.49E+00,2.07E+01,1.40E+01,3.16E+01
771,66.669,-53.3306,2.66E+00,2.27E+01,1.45E+01,3.46E+01
772,60.001,-53.3318,2.83E+00,2.45E+01,1.51E+01,3.74E+01
773,53.3334,-53.3335,2.99E+00,2.58E+01,1.57E+01,3.94E+01
774,46.6664,-53.3362,3.14E+00,2.58E+01,1.65E+01,3.98E+01
775,39.9999,-53.3398,3.29E+00,2.48E+01,1.76E+01,3.83E+01
776,33.3338,-53.344,3.42E+00,2.33E+01,1.88E+01,3.50E+01
777,26.6676,-53.3482,3.53E+00,2.24E+01,1.99E+01,3.01E+01
778,20.0011,-53.352,3.61E+00,2.27E+01,2.06E+01,2.41E+01
779,13.334,-53.3546,3.67E+00,2.41E+01,2.08E+01,1.77E+01
780,6.66685,-53.3555,3.68E+00,2.59E+01,2.05E+01,1.21E+01
781,53.3316,-60.0011,2.83E+00,2.46E+01,1.50E+01,3.74E+01
782,53.3304,-66.6691,2.66E+00,2.27E+01,1.45E+01,3.46E+01
783,53.3298,-73.3371,2.49E+00,2.08E+01,1.39E+01,3.16E+01
784,53.3294,-80.0052,2.32E+00,1.90E+01,1.34E+01,2.89E+01
785,53.3292,-86.6733,2.14E+00,1.75E+01,1.28E+01,2.66E+01
786,53.3292,-93.3411,1.96E+00,1.63E+01,1.22E+01,2.46E+01
787,59.9961,-73.3343,2.38E+00,2.19E+01,1.33E+01,3.29E+01
788,66.6629,-73.3319,2.26E+00,2.24E+01,1.27E+01,3.34E+01
789,73.3301,-73.3302,2.13E+00,2.23E+01,1.22E+01,3.29E+01
790,79.9978,-73.329,2.00E+00,2.15E+01,1.18E+01,3.17E+01
791,86.6658,-73.3283,1.86E+00,2.04E+01,1.13E+01,3.02E+01
792,93.3339,-73.3279,1.72E+00,1.92E+01,1.09E+01,2.84E+01
793,73.3319,-66.6631,2.26E+00,2.24E+01,1.27E+01,3.34E+01
794,73.3343,-59.9963,2.38E+00,2.19E+01,1.33E+01,3.29E+01
795,59.9971,-66.6664,2.54E+00,2.34E+01,1.38E+01,3.52E+01
796,59.9987,-59.9988,2.69E+00,2.45E+01,1.44E+01,3.69E+01
797,66.6643,-66.6644,2.40E+00,2.33E+01,1.32E+01,3.48E+01
798,66.6663,-59.9973,2.54E+00,2.34E+01,1.38E+01,3.52E+01
799,86.668,-66.6618,1.96E+00,1.97E+01,1.18E+01,2.94E+01
800,86.6706,-59.9955,2.05E+00,1.86E+01,1.24E+01,2.82E+01
801,79.9999,-66.6622,2.11E+00,2.11E+01,1.23E+01,3.15E+01
802,80.0024,-59.9958,2.22E+00,2.02E+01,1.29E+01,3.05E+01
803,93.3362,-66.6616,1.80E+00,1.83E+01,1.14E+01,2.74E+01
804,93.3387,-59.9954,1.88E+00,1.73E+01,1.18E+01,2.62E+01
805,73.3278,-93.3338,1.72E+00,1.91E+01,1.09E+01,2.84E+01
806,73.3282,-86.6658,1.86E+00,2.04E+01,1.13E+01,3.02E+01
807,73.3289,-79.9978,2.00E+00,2.15E+01,1.18E+01,3.18E+01
808,66.6616,-86.668,1.96E+00,1.97E+01,1.18E+01,2.94E+01
809,59.9953,-86.6706,2.05E+00,1.86E+01,1.23E+01,2.82E+01
810,66.6614,-93.3361,1.80E+00,1.83E+01,1.13E+01,2.75E+01
811,59.9952,-93.3386,1.88E+00,1.73E+01,1.18E+01,2.62E+01
812,66.662,-79.9999,2.11E+00,2.11E+01,1.23E+01,3.15E+01
813,59.9955,-80.0024,2.22E+00,2.02E+01,1.28E+01,3.05E+01
814,93.3303,-86.6617,1.53E+00,1.99E+01,1.01E+01,2.91E+01
815,86.6626,-86.6626,1.64E+00,2.05E+01,1.05E+01,3.00E+01
816,79.9952,-86.664,1.76E+00,2.07E+01,1.09E+01,3.03E+01
817,86.6616,-93.3302,1.53E+00,1.99E+01,1.01E+01,2.91E+01
818,93.3291,-93.329,1.42E+00,1.97E+01,9.68E+00,2.88E+01
819,79.9945,-93.3318,1.63E+00,1.97E+01,1.05E+01,2.90E+01
820,86.664,-79.9953,1.76E+00,2.07E+01,1.09E+01,3.03E+01
821,93.3319,-79.9946,1.62E+00,1.97E+01,1.05E+01,2.90E+01
822,79.9962,-79.9963,1.88E+00,2.14E+01,1.13E+01,3.13E+01
823,26.6668,-60.0156,3.29E+00,2.03E+01,1.85E+01,2.61E+01
824,26.6662,-66.6828,3.06E+00,1.87E+01,1.73E+01,2.31E+01
825,26.6658,-73.3497,2.83E+00,1.74E+01,1.63E+01,2.09E+01
826,26.6655,-80.0166,2.61E+00,1.64E+01,1.54E+01,1.93E+01
827,26.6653,-86.6834,2.38E+00,1.56E+01,1.45E+01,1.80E+01
828,26.6652,-93.35,2.16E+00,1.48E+01,1.37E+01,1.70E+01
829,33.3319,-73.3469,2.77E+00,1.75E+01,1.59E+01,2.42E+01
830,39.9978,-73.3436,2.69E+00,1.82E+01,1.53E+01,2.71E+01
831,46.6637,-73.3403,2.59E+00,1.94E+01,1.46E+01,2.96E+01
832,39.9983,-66.6759,2.89E+00,2.00E+01,1.60E+01,3.02E+01
833,39.9989,-60.0079,3.09E+00,2.22E+01,1.68E+01,3.40E+01
834,33.3323,-66.6795,2.98E+00,1.90E+01,1.68E+01,2.69E+01
835,33.3329,-60.0118,3.20E+00,2.09E+01,1.77E+01,3.05E+01
836,46.6642,-66.6723,2.78E+00,2.14E+01,1.52E+01,3.28E+01
837,46.665,-60.0042,2.97E+00,2.37E+01,1.59E+01,3.64E+01
838,39.9973,-93.3461,2.08E+00,1.50E+01,1.31E+01,2.11E+01
839,39.9974,-86.6788,2.28E+00,1.58E+01,1.38E+01,2.27E+01
840,39.9975,-80.0113,2.48E+00,1.69E+01,1.45E+01,2.46E+01
841,33.3314,-86.6813,2.34E+00,1.55E+01,1.42E+01,2.04E+01
842,33.3313,-93.3482,2.13E+00,1.48E+01,1.34E+01,1.91E+01
843,33.3316,-80.0142,2.55E+00,1.64E+01,1.50E+01,2.21E+01
844,46.6633,-86.6761,2.21E+00,1.65E+01,1.33E+01,2.47E+01
845,46.6632,-93.3437,2.02E+00,1.55E+01,1.27E+01,2.29E+01
846,46.6634,-80.0083,2.41E+00,1.78E+01,1.40E+01,2.69E+01
847,6.66664,-73.3536,2.92E+00,1.95E+01,1.66E+01,1.13E+01
848,13.3331,-73.3533,2.91E+00,1.87E+01,1.66E+01,1.43E+01
849,19.9995,-73.3519,2.88E+00,1.79E+01,1.65E+01,1.75E+01
850,13.3333,-66.6871,3.15E+00,2.02E+01,1.77E+01,1.50E+01
851,13.3336,-60.0208,3.41E+00,2.19E+01,1.91E+01,1.61E+01
852,6.66668,-66.6876,3.16E+00,2.12E+01,1.77E+01,1.15E+01
853,6.66675,-60.0215,3.42E+00,2.33E+01,1.89E+01,1.17E+01
854,19.9999,-66.6854,3.12E+00,1.92E+01,1.77E+01,1.91E+01
855,20.0004,-60.0188,3.36E+00,2.08E+01,1.90E+01,2.11E+01
856,13.3328,-93.352,2.20E+00,1.55E+01,1.41E+01,1.29E+01
857,13.3328,-86.6858,2.43E+00,1.64E+01,1.48E+01,1.32E+01
858,13.3329,-80.0196,2.67E+00,1.75E+01,1.57E+01,1.37E+01
859,6.66658,-86.6861,2.44E+00,1.69E+01,1.50E+01,1.11E+01
860,6.66656,-93.3521,2.21E+00,1.59E+01,1.43E+01,1.10E+01
861,6.6666,-80.0198,2.67E+00,1.81E+01,1.58E+01,1.12E+01
862,19.9991,-86.6849,2.42E+00,1.59E+01,1.47E+01,1.56E+01
863,19.999,-93.3512,2.19E+00,1.51E+01,1.39E+01,1.49E+01
864,19.9992,-80.0185,2.65E+00,1.68E+01,1.56E+01,1.64E+01
865,53.3554,-6.66719,3.68E+00,2.56E+01,2.06E+01,1.25E+01
866,53.3545,-13.3343,3.66E+00,2.38E+01,2.09E+01,1.82E+01
867,53.352,-20.0014,3.61E+00,2.24E+01,2.07E+01,2.44E+01
868,53.3482,-26.668,3.53E+00,2.22E+01,2.00E+01,3.03E+01
869,53.3439,-33.3341,3.42E+00,2.31E+01,1.89E+01,3.51E+01
870,53.3397,-40.0002,3.29E+00,2.47E+01,1.77E+01,3.84E+01
871,53.3361,-46.6666,3.14E+00,2.58E+01,1.66E+01,3.99E+01
872,60.0155,-26.6672,3.29E+00,2.01E+01,1.86E+01,2.64E+01
873,66.6827,-26.6666,3.06E+00,1.86E+01,1.74E+01,2.34E+01
874,73.3497,-26.6662,2.83E+00,1.73E+01,1.64E+01,2.11E+01
875,80.0166,-26.6658,2.61E+00,1.64E+01,1.54E+01,1.95E+01
876,86.6834,-26.6656,2.38E+00,1.55E+01,1.46E+01,1.81E+01
877,93.35,-26.6655,2.16E+00,1.48E+01,1.38E+01,1.71E+01
878,73.3519,-19.9998,2.88E+00,1.78E+01,1.66E+01,1.78E+01
879,73.3532,-13.3334,2.91E+00,1.86E+01,1.67E+01,1.45E+01
880,73.3536,-6.66698,2.92E+00,1.94E+01,1.67E+01,1.15E+01
881,66.687,-13.3336,3.15E+00,2.00E+01,1.78E+01,1.53E+01
882,60.0207,-13.3339,3.40E+00,2.17E+01,1.91E+01,1.65E+01
883,66.6853,-20.0002,3.12E+00,1.90E+01,1.77E+01,1.93E+01
884,60.0187,-20.0007,3.36E+00,2.05E+01,1.91E+01,2.15E+01
885,66.6874,-6.66703,3.16E+00,2.11E+01,1.77E+01,1.17E+01
886,60.0214,-6.6671,3.42E+00,2.31E+01,1.90E+01,1.20E+01
887,93.352,-13.333,2.21E+00,1.55E+01,1.42E+01,1.30E+01
888,86.6858,-13.3331,2.44E+00,1.64E+01,1.49E+01,1.34E+01
889,80.0195,-13.3332,2.67E+00,1.74E+01,1.57E+01,1.39E+01
890,86.6849,-19.9994,2.42E+00,1.59E+01,1.48E+01,1.57E+01
891,93.3512,-19.9993,2.19E+00,1.51E+01,1.40E+01,1.50E+01
892,80.0184,-19.9996,2.65E+00,1.68E+01,1.56E+01,1.66E+01
893,86.686,-6.6669,2.44E+00,1.69E+01,1.50E+01,1.12E+01
894,93.3521,-6.66687,2.21E+00,1.59E+01,1.43E+01,1.11E+01
895,80.0198,-6.66694,2.67E+00,1.81E+01,1.58E+01,1.14E+01
896,73.3403,-46.664,2.59E+00,1.94E+01,1.47E+01,2.97E+01
897,73.3437,-39.9981,2.69E+00,1.82E+01,1.53E+01,2.72E+01
898,73.3469,-33.3322,2.77E+00,1.75E+01,1.59E+01,2.43E+01
899,66.6758,-39.9986,2.89E+00,1.99E+01,1.61E+01,3.03E+01
900,60.0078,-39.9992,3.09E+00,2.21E+01,1.69E+01,3.41E+01
901,66.6722,-46.6645,2.78E+00,2.14E+01,1.53E+01,3.29E+01
902,60.0041,-46.6653,2.97E+00,2.36E+01,1.59E+01,3.64E+01
903,66.6794,-33.3326,2.98E+00,1.89E+01,1.69E+01,2.71E+01
904,60.0117,-33.3332,3.20E+00,2.07E+01,1.78E+01,3.07E+01
905,93.3462,-39.9976,2.08E+00,1.50E+01,1.31E+01,2.11E+01
906,86.6789,-39.9977,2.28E+00,1.58E+01,1.39E+01,2.27E+01
907,80.0114,-39.9979,2.48E+00,1.69E+01,1.46E+01,2.47E+01
908,86.6762,-46.6636,2.21E+00,1.65E+01,1.34E+01,2.48E+01
909,93.3438,-46.6635,2.02E+00,1.56E+01,1.27E+01,2.30E+01
910,80.0083,-46.6638,2.41E+00,1.78E+01,1.40E+01,2.70E+01
911,86.6813,-33.3317,2.34E+00,1.55E+01,1.43E+01,2.05E+01
912,93.3483,-33.3315,2.13E+00,1.48E+01,1.35E+01,1.92E+01
913,80.0142,-33.3319,2.55E+00,1.64E+01,1.51E+01,2.22E+01
914,6.66867,-26.6937,4.86E+00,4.82E+01,3.73E+01,1.98E+01
915,13.3398,-26.6896,4.79E+00,4.12E+01,3.67E+01,3.79E+01
916,20.009,-26.6831,4.64E+00,3.69E+01,3.32E+01,5.09E+01
917,26.677,-26.6772,4.45E+00,3.46E+01,2.91E+01,5.37E+01
918,33.3449,-26.6733,4.23E+00,3.17E+01,2.58E+01,4.92E+01
919,40.0129,-26.6708,4.00E+00,2.81E+01,2.34E+01,4.22E+01
920,46.6806,-26.6691,3.76E+00,2.48E+01,2.15E+01,3.56E+01
921,26.6829,-20.0092,4.64E+00,3.66E+01,3.33E+01,5.13E+01
922,26.6895,-13.3399,4.79E+00,4.04E+01,3.67E+01,3.88E+01
923,26.6938,-6.66887,4.86E+00,4.73E+01,3.72E+01,2.05E+01
924,20.022,-13.3442,5.08E+00,4.83E+01,4.68E+01,4.77E+01
925,13.3517,-13.3515,5.34E+00,6.15E+01,6.09E+01,4.65E+01
926,6.67525,-13.3608,5.52E+00,8.44E+01,7.23E+01,2.67E+01
927,13.3441,-20.022,5.08E+00,4.91E+01,4.69E+01,4.69E+01
928,20.0144,-20.0145,4.88E+00,4.15E+01,3.99E+01,5.57E+01
929,6.67067,-20.0283,5.19E+00,6.11E+01,4.98E+01,2.47E+01
930,13.3612,-6.67517,5.52E+00,8.28E+01,7.12E+01,2.69E+01
931,20.0285,-6.67078,5.19E+00,5.98E+01,4.94E+01,2.56E+01
932,6.68483,-6.68431,5.79E+00,1.25E+02,9.91E+01,2.98E+01
933,46.6884,-13.335,3.93E+00,2.65E+01,2.31E+01,2.07E+01
934,40.0223,-13.3359,4.21E+00,3.00E+01,2.61E+01,2.45E+01
935,33.3561,-13.3374,4.49E+00,3.45E+01,3.04E+01,3.03E+01
936,40.0181,-20.0038,4.12E+00,2.80E+01,2.52E+01,3.46E+01
937,46.6851,-20.0024,3.87E+00,2.49E+01,2.27E+01,2.87E+01
938,33.3507,-20.0059,4.38E+00,3.20E+01,2.86E+01,4.26E+01
939,40.0241,-6.66756,4.24E+00,3.32E+01,2.58E+01,1.46E+01
940,46.6897,-6.66733,3.96E+00,2.89E+01,2.28E+01,1.33E+01
941,33.3588,-6.66799,4.54E+00,3.90E+01,3.02E+01,1.68E+01
942,26.6688,-46.6808,3.76E+00,2.50E+01,2.14E+01,3.53E+01
943,26.6705,-40.013,4.00E+00,2.83E+01,2.33E+01,4.19E+01
944,26.673,-33.3451,4.23E+00,3.19E+01,2.57E+01,4.90E+01
945,13.3347,-46.6885,3.93E+00,2.69E+01,2.30E+01,2.02E+01
946,13.3357,-40.0223,4.21E+00,3.05E+01,2.60E+01,2.39E+01
947,13.3372,-33.3561,4.50E+00,3.51E+01,3.03E+01,2.96E+01
948,6.66726,-40.0242,4.24E+00,3.36E+01,2.57E+01,1.41E+01
949,6.667,-46.6898,3.96E+00,2.92E+01,2.27E+01,1.29E+01
950,6.66773,-33.3588,4.54E+00,3.97E+01,3.02E+01,1.62E+01
951,20.0035,-40.0182,4.12E+00,2.84E+01,2.51E+01,3.41E+01
952,20.0021,-46.6852,3.87E+00,2.52E+01,2.26E+01,2.82E+01
953,20.0057,-33.3508,4.38E+00,3.24E+01,2.85E+01,4.20E+01
954,40.0015,-46.6719,3.48E+00,2.73E+01,1.85E+01,4.27E+01
955,40.0041,-40.0043,3.67E+00,2.90E+01,1.97E+01,4.58E+01
956,40.0079,-33.3373,3.84E+00,2.91E+01,2.14E+01,4.59E+01
957,33.3371,-40.0081,3.84E+00,2.92E+01,2.13E+01,4.58E+01
958,33.3351,-46.6761,3.63E+00,2.62E+01,1.99E+01,4.03E+01
959,33.3402,-33.3404,4.04E+00,3.12E+01,2.32E+01,4.97E+01
960,46.6717,-40.0018,3.48E+00,2.73E+01,1.86E+01,4.27E+01
961,46.6685,-46.6688,3.32E+00,2.72E+01,1.74E+01,4.23E+01
962,46.6759,-33.3354,3.63E+00,2.60E+01,2.00E+01,4.05E+01
1302,-99.9918,-106.243,9.88E-01,1.33E+01,2.42E+01,7.12E+00
1303,-99.9917,-112.494,8.89E-01,1.28E+01,2.35E+01,7.20E+00
1304,-99.9919,-118.746,7.87E-01,1.22E+01,2.27E+01,7.12E+00
1305,-99.9923,-124.997,6.82E-01,1.14E+01,2.19E+01,6.86E+00
1306,-93.3256,-124.999,7.37E-01,1.14E+01,2.15E+01,6.14E+00
1307,-86.6592,-125,7.89E-01,1.15E+01,2.09E+01,5.35E+00
1308,-79.9929,-125.002,8.36E-01,1.15E+01,2.02E+01,4.54E+00
1309,-73.3266,-125.003,8.80E-01,1.15E+01,1.93E+01,3.75E+00
1310,-66.6606,-125.005,9.20E-01,1.14E+01,1.85E+01,3.08E+00
1311,-59.9944,-125.006,9.57E-01,1.14E+01,1.76E+01,2.67E+00
1312,-53.3284,-125.008,9.91E-01,1.13E+01,1.67E+01,2.65E+00
1313,-46.6624,-125.009,1.02E+00,1.13E+01,1.59E+01,3.05E+00
1314,-39.9963,-125.01,1.05E+00,1.13E+01,1.51E+01,3.75E+00
1315,-33.3302,-125.012,1.07E+00,1.13E+01,1.44E+01,4.63E+00
1316,-26.6642,-125.013,1.10E+00,1.12E+01,1.37E+01,5.61E+00
1317,-19.9981,-125.014,1.12E+00,1.12E+01,1.31E+01,6.65E+00
1318,-13.3319,-125.014,1.13E+00,1.12E+01,1.26E+01,7.73E+00
1319,-6.66582,-125.015,1.14E+00,1.12E+01,1.21E+01,8.85E+00
1320,0.000352308,-125.015,1.15E+00,1.12E+01,1.17E+01,1.00E+01
1321,6.66655,-125.015,1.15E+00,1.12E+01,1.13E+01,1.12E+01
1322,13.3328,-125.015,1.15E+00,1.13E+01,1.09E+01,1.24E+01
1323,19.999,-125.015,1.15E+00,1.13E+01,1.06E+01,1.36E+01
1324,26.6652,-125.015,1.14E+00,1.14E+01,1.03E+01,1.49E+01
1325,33.3314,-125.014,1.13E+00,1.15E+01,9.97E+00,1.61E+01
1326,39.9976,-125.013,1.11E+00,1.18E+01,9.67E+00,1.73E+01
1327,46.6638,-125.012,1.09E+00,1.21E+01,9.37E+00,1.84E+01
1328,53.3299,-125.011,1.07E+00,1.26E+01,9.07E+00,1.95E+01
1329,59.9961,-125.009,1.04E+00,1.31E+01,8.78E+00,2.06E+01
1330,66.6622,-125.008,1.01E+00,1.37E+01,8.51E+00,2.16E+01
1331,73.3284,-125.007,9.72E-01,1.44E+01,8.25E+00,2.25E+01
1332,79.9947,-125.005,9.34E-01,1.50E+01,8.01E+00,2.34E+01
1333,86.6611,-125.003,8.92E-01,1.56E+01,7.79E+00,2.42E+01
1334,93.3276,-125.002,8.46E-01,1.60E+01,7.59E+00,2.48E+01
1335,99.9943,-125.001,7.95E-01,1.63E+01,7.41E+00,2.53E+01
1336,99.9943,-118.749,9.08E-01,1.70E+01,7.89E+00,2.59E+01
1337,99.9945,-112.498,1.02E+00,1.77E+01,8.29E+00,2.65E+01
1338,99.995,-106.247,1.12E+00,1.84E+01,8.64E+00,2.72E+01
1339,0.00037167,-118.766,1.35E+00,1.23E+01,1.23E+01,9.68E+00
1340,0.000392183,-112.517,1.56E+00,1.33E+01,1.28E+01,9.50E+00
1341,0.000408114,-106.267,1.76E+00,1.42E+01,1.34E+01,9.39E+00
1342,-53.3278,-118.757,1.16E+00,1.26E+01,1.75E+01,2.69E+00
1343,-53.3273,-112.506,1.32E+00,1.37E+01,1.84E+01,2.86E+00
1344,-53.3268,-106.255,1.49E+00,1.46E+01,1.93E+01,3.09E+00
1345,-79.9922,-118.75,9.70E-01,1.25E+01,2.12E+01,5.01E+00
1346,-79.9916,-112.499,1.10E+00,1.34E+01,2.22E+01,5.33E+00
1347,-79.9911,-106.247,1.23E+00,1.41E+01,2.33E+01,5.55E+00
1348,-86.6581,-112.497,1.04E+00,1.32E+01,2.29E+01,6.04E+00
1349,-93.3247,-112.496,9.65E-01,1.30E+01,2.33E+01,6.67E+00
1350,-86.6586,-118.749,9.13E-01,1.24E+01,2.19E+01,5.78E+00
1351,-93.3251,-118.747,8.52E-01,1.23E+01,2.24E+01,6.50E+00
1352,-86.6578,-106.246,1.15E+00,1.38E+01,2.39E+01,6.16E+00
1353,-93.3246,-106.244,1.07E+00,1.36E+01,2.42E+01,6.70E+00
1354,-66.6599,-118.754,1.07E+00,1.26E+01,1.94E+01,3.50E+00
1355,-66.6593,-112.502,1.22E+00,1.36E+01,2.04E+01,3.87E+00
1356,-66.6587,-106.251,1.37E+00,1.44E+01,2.15E+01,4.19E+00
1357,-73.3254,-112.501,1.16E+00,1.35E+01,2.13E+01,4.60E+00
1358,-73.326,-118.752,1.02E+00,1.26E+01,2.03E+01,4.22E+00
1359,-73.3248,-106.249,1.30E+00,1.43E+01,2.25E+01,4.87E+00
1360,-59.9933,-112.504,1.27E+00,1.36E+01,1.94E+01,3.25E+00
1361,-59.9939,-118.755,1.12E+00,1.26E+01,1.84E+01,2.94E+00
1362,-59.9927,-106.253,1.43E+00,1.45E+01,2.04E+01,3.56E+00
1363,-26.664,-118.763,1.29E+00,1.25E+01,1.44E+01,5.14E+00
1364,-26.6638,-112.513,1.48E+00,1.36E+01,1.50E+01,4.82E+00
1365,-26.6636,-106.263,1.67E+00,1.46E+01,1.56E+01,4.59E+00
1366,-39.9959,-118.76,1.23E+00,1.25E+01,1.58E+01,3.39E+00
1367,-39.9956,-112.51,1.41E+00,1.37E+01,1.65E+01,3.21E+00
1368,-39.9952,-106.259,1.59E+00,1.47E+01,1.73E+01,3.15E+00
1369,-46.6614,-112.508,1.37E+00,1.37E+01,1.74E+01,2.83E+00
1370,-46.6618,-118.759,1.19E+00,1.26E+01,1.66E+01,2.85E+00
1371,-46.6609,-106.257,1.54E+00,1.47E+01,1.82E+01,2.93E+00
1372,-33.3297,-112.512,1.44E+00,1.36E+01,1.57E+01,3.91E+00
1373,-33.33,-118.762,1.26E+00,1.25E+01,1.50E+01,4.19E+00
1374,-33.3294,-106.261,1.63E+00,1.47E+01,1.64E+01,3.74E+00
1375,-13.3318,-118.765,1.33E+00,1.24E+01,1.32E+01,7.30E+00
1376,-13.3317,-112.515,1.53E+00,1.35E+01,1.37E+01,7.00E+00
1377,-13.3316,-106.266,1.73E+00,1.45E+01,1.43E+01,6.77E+00
1378,-19.9978,-112.514,1.50E+00,1.35E+01,1.43E+01,5.87E+00
1379,-19.9979,-118.764,1.31E+00,1.24E+01,1.37E+01,6.19E+00
1380,-19.9976,-106.265,1.70E+00,1.46E+01,1.49E+01,5.62E+00
1381,-6.66568,-112.516,1.54E+00,1.34E+01,1.33E+01,8.22E+00
1382,-6.66574,-118.766,1.34E+00,1.24E+01,1.27E+01,8.47E+00
1383,-6.66565,-106.267,1.75E+00,1.44E+01,1.38E+01,8.03E+00
1384,46.6636,-118.762,1.28E+00,1.28E+01,1.01E+01,1.89E+01
1385,46.6634,-112.512,1.46E+00,1.35E+01,1.08E+01,1.95E+01
1386,46.6633,-106.262,1.64E+00,1.41E+01,1.14E+01,2.04E+01
1387,19.9989,-118.766,1.35E+00,1.22E+01,1.13E+01,1.36E+01
1388,19.9989,-112.517,1.55E+00,1.30E+01,1.19E+01,1.37E+01
1389,19.9989,-106.267,1.76E+00,1.37E+01,1.26E+01,1.40E+01
1390,13.3327,-112.517,1.56E+00,1.31E+01,1.22E+01,1.23E+01
1391,6.66654,-112.517,1.56E+00,1.32E+01,1.25E+01,1.09E+01
1392,13.3327,-118.766,1.36E+00,1.22E+01,1.16E+01,1.23E+01
1393,6.66654,-118.766,1.36E+00,1.23E+01,1.19E+01,1.10E+01
1394,13.3327,-106.268,1.77E+00,1.39E+01,1.28E+01,1.24E+01
1395,6.66654,-106.268,1.77E+00,1.41E+01,1.31E+01,1.09E+01
1396,33.3313,-118.764,1.32E+00,1.23E+01,1.07E+01,1.63E+01
1397,33.3312,-112.515,1.52E+00,1.30E+01,1.14E+01,1.67E+01
1398,33.3312,-106.265,1.72E+00,1.36E+01,1.20E+01,1.73E+01
1399,26.6651,-112.516,1.54E+00,1.29E+01,1.16E+01,1.52E+01
1400,26.6651,-118.765,1.34E+00,1.22E+01,1.10E+01,1.50E+01
1401,26.6651,-106.266,1.74E+00,1.36E+01,1.23E+01,1.57E+01
1402,39.9973,-112.513,1.49E+00,1.31E+01,1.11E+01,1.81E+01
1403,39.9975,-118.763,1.30E+00,1.25E+01,1.04E+01,1.76E+01
1404,39.9973,-106.263,1.68E+00,1.37E+01,1.17E+01,1.89E+01
1405,73.3281,-118.756,1.13E+00,1.52E+01,8.89E+00,2.33E+01
1406,73.3278,-112.505,1.28E+00,1.60E+01,9.46E+00,2.42E+01
1407,73.3277,-106.253,1.42E+00,1.69E+01,9.97E+00,2.54E+01
1408,59.9958,-118.759,1.21E+00,1.38E+01,9.47E+00,2.12E+01
1409,59.9955,-112.508,1.38E+00,1.46E+01,1.01E+01,2.20E+01
1410,59.9954,-106.258,1.54E+00,1.53E+01,1.07E+01,2.31E+01
1411,53.3295,-112.51,1.42E+00,1.39E+01,1.04E+01,2.08E+01
1412,53.3297,-118.761,1.24E+00,1.33E+01,9.77E+00,2.01E+01
1413,53.3293,-106.26,1.60E+00,1.46E+01,1.10E+01,2.18E+01
1414,66.6616,-112.507,1.33E+00,1.53E+01,9.78E+00,2.32E+01
1415,66.6619,-118.757,1.17E+00,1.45E+01,9.17E+00,2.23E+01
1416,66.6614,-106.255,1.49E+00,1.61E+01,1.03E+01,2.43E+01
1417,86.6608,-118.752,1.03E+00,1.64E+01,8.36E+00,2.49E+01
1418,86.6607,-112.501,1.16E+00,1.73E+01,8.85E+00,2.59E+01
1419,86.6608,-106.25,1.28E+00,1.81E+01,9.28E+00,2.69E+01
1420,79.9942,-112.503,1.22E+00,1.67E+01,9.15E+00,2.51E+01
1421,79.9944,-118.754,1.08E+00,1.58E+01,8.62E+00,2.42E+01
1422,79.9941,-106.251,1.36E+00,1.76E+01,9.62E+00,2.63E+01
1423,93.3275,-112.499,1.09E+00,1.76E+01,8.56E+00,2.63E+01
1424,93.3275,-118.751,9.70E-01,1.68E+01,8.12E+00,2.55E+01
1425,93.3277,-106.248,1.20E+00,1.84E+01,8.95E+00,2.72E+01
1426,99.9918,106.243,9.91E-01,1.32E+01,2.42E+01,7.02E+00
1427,99.9917,112.494,8.92E-01,1.27E+01,2.35E+01,7.08E+00
1428,99.9919,118.746,7.90E-01,1.21E+01,2.28E+01,6.99E+00
1429,99.9923,124.997,6.84E-01,1.13E+01,2.20E+01,6.71E+00
1430,93.3256,124.998,7.39E-01,1.13E+01,2.17E+01,6.02E+00
1431,86.6592,125,7.90E-01,1.14E+01,2.11E+01,5.24E+00
1432,79.9928,125.001,8.37E-01,1.14E+01,2.04E+01,4.44E+00
1433,73.3266,125.003,8.81E-01,1.14E+01,1.96E+01,3.67E+00
1434,66.6605,125.005,9.21E-01,1.13E+01,1.87E+01,3.03E+00
1435,59.9943,125.006,9.58E-01,1.13E+01,1.78E+01,2.66E+00
1436,53.3283,125.008,9.92E-01,1.13E+01,1.69E+01,2.69E+00
1437,46.6622,125.009,1.02E+00,1.12E+01,1.61E+01,3.12E+00
1438,39.9962,125.01,1.05E+00,1.12E+01,1.53E+01,3.84E+00
1439,33.3301,125.011,1.07E+00,1.11E+01,1.46E+01,4.73E+00
1440,26.664,125.012,1.10E+00,1.11E+01,1.39E+01,5.72E+00
1441,19.998,125.013,1.11E+00,1.11E+01,1.33E+01,6.77E+00
1442,13.3318,125.014,1.13E+00,1.11E+01,1.28E+01,7.86E+00
1443,6.66569,125.015,1.14E+00,1.10E+01,1.23E+01,8.98E+00
1444,-0.000479255,125.015,1.15E+00,1.10E+01,1.18E+01,1.01E+01
1445,-6.66667,125.015,1.15E+00,1.10E+01,1.14E+01,1.13E+01
1446,-13.3328,125.015,1.15E+00,1.11E+01,1.10E+01,1.25E+01
1447,-19.9991,125.015,1.15E+00,1.11E+01,1.07E+01,1.37E+01
1448,-26.6653,125.015,1.14E+00,1.12E+01,1.04E+01,1.50E+01
1449,-33.3315,125.014,1.13E+00,1.13E+01,1.01E+01,1.62E+01
1450,-39.9977,125.013,1.11E+00,1.16E+01,9.77E+00,1.74E+01
1451,-46.6639,125.012,1.09E+00,1.19E+01,9.46E+00,1.85E+01
1452,-53.33,125.011,1.07E+00,1.24E+01,9.15E+00,1.96E+01
1453,-59.9962,125.01,1.04E+00,1.29E+01,8.85E+00,2.06E+01
1454,-66.6623,125.008,1.01E+00,1.35E+01,8.56E+00,2.16E+01
1455,-73.3285,125.007,9.72E-01,1.42E+01,8.29E+00,2.25E+01
1456,-79.9948,125.005,9.33E-01,1.49E+01,8.04E+00,2.34E+01
1457,-86.6611,125.004,8.91E-01,1.55E+01,7.80E+00,2.42E+01
1458,-93.3276,125.002,8.44E-01,1.59E+01,7.58E+00,2.48E+01
1459,-99.9943,125.001,7.93E-01,1.62E+01,7.38E+00,2.53E+01
1460,-99.9943,118.749,9.07E-01,1.70E+01,7.85E+00,2.59E+01
1461,-99.9945,112.498,1.02E+00,1.77E+01,8.25E+00,2.65E+01
1462,-99.9949,106.247,1.12E+00,1.83E+01,8.60E+00,2.72E+01
1463,-0.000530404,118.766,1.35E+00,1.21E+01,1.24E+01,9.81E+00
1464,-0.000576965,112.517,1.56E+00,1.31E+01,1.30E+01,9.63E+00
1465,-0.000618918,106.267,1.76E+00,1.41E+01,1.35E+01,9.53E+00
1466,53.3277,118.757,1.16E+00,1.25E+01,1.77E+01,2.70E+00
1467,53.3272,112.506,1.32E+00,1.36E+01,1.86E+01,2.86E+00
1468,53.3267,106.255,1.49E+00,1.46E+01,1.95E+01,3.08E+00
1469,79.9921,118.75,9.71E-01,1.24E+01,2.13E+01,4.92E+00
1470,79.9916,112.499,1.10E+00,1.33E+01,2.24E+01,5.25E+00
1471,79.9911,106.247,1.23E+00,1.40E+01,2.35E+01,5.47E+00
1472,86.658,112.497,1.04E+00,1.31E+01,2.30E+01,5.94E+00
1473,93.3247,112.496,9.67E-01,1.29E+01,2.34E+01,6.56E+00
1474,86.6585,118.748,9.15E-01,1.23E+01,2.20E+01,5.68E+00
1475,93.3251,118.747,8.54E-01,1.22E+01,2.25E+01,6.38E+00
1476,86.6577,106.245,1.16E+00,1.38E+01,2.40E+01,6.08E+00
1477,93.3246,106.244,1.08E+00,1.35E+01,2.43E+01,6.60E+00
1478,66.6598,118.754,1.07E+00,1.25E+01,1.96E+01,3.45E+00
1479,66.6592,112.502,1.22E+00,1.35E+01,2.06E+01,3.82E+00
1480,66.6586,106.251,1.37E+00,1.44E+01,2.17E+01,4.14E+00
1481,73.3253,112.5,1.16E+00,1.34E+01,2.15E+01,4.53E+00
1482,73.3259,118.752,1.02E+00,1.25E+01,2.05E+01,4.15E+00
1483,73.3247,106.249,1.30E+00,1.42E+01,2.26E+01,4.81E+00
1484,59.9931,112.504,1.27E+00,1.36E+01,1.96E+01,3.22E+00
1485,59.9937,118.755,1.12E+00,1.25E+01,1.86E+01,2.91E+00
1486,59.9926,106.253,1.43E+00,1.45E+01,2.06E+01,3.52E+00
1487,26.6638,118.763,1.29E+00,1.24E+01,1.45E+01,5.25E+00
1488,26.6636,112.513,1.48E+00,1.35E+01,1.51E+01,4.92E+00
1489,26.6633,106.263,1.67E+00,1.45E+01,1.58E+01,4.68E+00
1490,39.9958,118.76,1.23E+00,1.24E+01,1.60E+01,3.46E+00
1491,39.9954,112.51,1.41E+00,1.36E+01,1.67E+01,3.27E+00
1492,39.995,106.259,1.59E+00,1.46E+01,1.75E+01,3.19E+00
1493,46.6613,112.508,1.37E+00,1.36E+01,1.76E+01,2.86E+00
1494,46.6618,118.759,1.20E+00,1.25E+01,1.68E+01,2.90E+00
1495,46.6608,106.257,1.54E+00,1.46E+01,1.84E+01,2.94E+00
1496,33.3295,112.511,1.44E+00,1.35E+01,1.59E+01,3.99E+00
1497,33.3298,118.762,1.26E+00,1.24E+01,1.52E+01,4.28E+00
1498,33.3292,106.261,1.63E+00,1.46E+01,1.66E+01,3.81E+00
1499,13.3317,118.765,1.33E+00,1.23E+01,1.34E+01,7.42E+00
1500,13.3316,112.515,1.53E+00,1.33E+01,1.39E+01,7.12E+00
1501,13.3315,106.266,1.73E+00,1.44E+01,1.45E+01,6.90E+00
1502,19.9976,112.514,1.50E+00,1.34E+01,1.45E+01,5.97E+00
1503,19.9978,118.764,1.31E+00,1.23E+01,1.39E+01,6.30E+00
1504,19.9974,106.264,1.70E+00,1.45E+01,1.51E+01,5.73E+00
1505,6.66552,112.516,1.54E+00,1.32E+01,1.34E+01,8.34E+00
1506,6.6656,118.765,1.34E+00,1.22E+01,1.29E+01,8.59E+00
1507,6.66545,106.267,1.75E+00,1.42E+01,1.40E+01,8.17E+00
1508,-46.6637,118.762,1.28E+00,1.27E+01,1.02E+01,1.89E+01
1509,-46.6636,112.512,1.46E+00,1.33E+01,1.08E+01,1.95E+01
1510,-46.6635,106.262,1.64E+00,1.39E+01,1.15E+01,2.04E+01
1511,-19.9991,118.766,1.35E+00,1.20E+01,1.14E+01,1.37E+01
1512,-19.9991,112.517,1.55E+00,1.28E+01,1.20E+01,1.39E+01
1513,-19.9991,106.267,1.76E+00,1.35E+01,1.27E+01,1.41E+01
1514,-13.333,112.517,1.56E+00,1.29E+01,1.23E+01,1.24E+01
1515,-6.6667,112.517,1.56E+00,1.30E+01,1.26E+01,1.10E+01
1516,-13.3328,118.766,1.36E+00,1.20E+01,1.17E+01,1.24E+01
1517,-6.66668,118.766,1.36E+00,1.21E+01,1.20E+01,1.11E+01
1518,-13.3329,106.268,1.77E+00,1.37E+01,1.29E+01,1.25E+01
1519,-6.66674,106.268,1.77E+00,1.39E+01,1.32E+01,1.10E+01
1520,-33.3314,118.764,1.32E+00,1.21E+01,1.08E+01,1.64E+01
1521,-33.3314,112.515,1.52E+00,1.28E+01,1.15E+01,1.68E+01
1522,-33.3314,106.265,1.72E+00,1.34E+01,1.21E+01,1.73E+01
1523,-26.6652,112.516,1.54E+00,1.27E+01,1.18E+01,1.53E+01
1524,-26.6652,118.765,1.34E+00,1.20E+01,1.11E+01,1.50E+01
1525,-26.6652,106.266,1.74E+00,1.34E+01,1.24E+01,1.57E+01
1526,-39.9975,112.514,1.49E+00,1.30E+01,1.12E+01,1.82E+01
1527,-39.9976,118.763,1.30E+00,1.23E+01,1.05E+01,1.76E+01
1528,-39.9975,106.264,1.68E+00,1.35E+01,1.18E+01,1.89E+01
1529,-73.3281,118.756,1.13E+00,1.50E+01,8.93E+00,2.32E+01
1530,-73.3279,112.505,1.28E+00,1.59E+01,9.50E+00,2.42E+01
1531,-73.3277,106.253,1.43E+00,1.68E+01,1.00E+01,2.53E+01
1532,-59.9959,118.759,1.21E+00,1.37E+01,9.53E+00,2.12E+01
1533,-59.9957,112.509,1.38E+00,1.44E+01,1.02E+01,2.20E+01
1534,-59.9955,106.258,1.55E+00,1.52E+01,1.08E+01,2.31E+01
1535,-53.3297,112.51,1.42E+00,1.38E+01,1.05E+01,2.08E+01
1536,-53.3299,118.761,1.24E+00,1.31E+01,9.85E+00,2.01E+01
1537,-53.3296,106.26,1.60E+00,1.45E+01,1.11E+01,2.18E+01
1538,-66.6617,112.507,1.33E+00,1.51E+01,9.83E+00,2.31E+01
1539,-66.662,118.757,1.17E+00,1.43E+01,9.23E+00,2.22E+01
1540,-66.6616,106.256,1.49E+00,1.60E+01,1.04E+01,2.43E+01
1541,-86.6609,118.752,1.03E+00,1.63E+01,8.37E+00,2.49E+01
1542,-86.6608,112.501,1.16E+00,1.72E+01,8.85E+00,2.58E+01
1543,-86.6608,106.25,1.28E+00,1.81E+01,9.28E+00,2.69E+01
1544,-79.9942,112.503,1.22E+00,1.66E+01,9.17E+00,2.51E+01
1545,-79.9945,118.754,1.08E+00,1.57E+01,8.64E+00,2.41E+01
1546,-79.9942,106.251,1.36E+00,1.75E+01,9.64E+00,2.62E+01
1547,-93.3275,112.499,1.09E+00,1.76E+01,8.55E+00,2.63E+01
1548,-93.3274,118.751,9.69E-01,1.68E+01,8.10E+00,2.55E+01
1549,-93.3276,106.248,1.20E+00,1.84E+01,8.93E+00,2.72E+01
1550,106.242,124.996,6.29E-01,1.11E+01,2.21E+01,7.27E+00
1551,112.493,124.995,5.70E-01,1.09E+01,2.20E+01,7.69E+00
1552,118.743,124.995,5.08E-01,1.06E+01,2.16E+01,7.93E+00
1553,124.994,124.994,4.44E-01,1.01E+01,2.11E+01,7.95E+00
1554,124.994,118.743,5.10E-01,1.06E+01,2.15E+01,7.91E+00
1555,124.995,112.493,5.74E-01,1.09E+01,2.18E+01,7.67E+00
1556,124.996,106.242,6.34E-01,1.11E+01,2.19E+01,7.28E+00
1557,124.997,99.9923,6.90E-01,1.13E+01,2.18E+01,6.73E+00
1558,124.998,93.3257,7.46E-01,1.14E+01,2.14E+01,6.07E+00
1559,125,86.6592,7.97E-01,1.14E+01,2.08E+01,5.32E+00
1560,125.001,79.9928,8.45E-01,1.15E+01,2.01E+01,4.52E+00
1561,125.003,73.3266,8.89E-01,1.15E+01,1.93E+01,3.75E+00
1562,125.005,66.6604,9.29E-01,1.15E+01,1.84E+01,3.09E+00
1563,125.006,59.9943,9.66E-01,1.14E+01,1.76E+01,2.68E+00
1564,125.008,53.3282,9.99E-01,1.14E+01,1.67E+01,2.65E+00
1565,125.009,46.6622,1.03E+00,1.14E+01,1.59E+01,3.02E+00
1566,125.01,39.9961,1.06E+00,1.14E+01,1.52E+01,3.71E+00
1567,125.012,33.3301,1.08E+00,1.13E+01,1.44E+01,4.58E+00
1568,125.013,26.664,1.10E+00,1.13E+01,1.38E+01,5.56E+00
1569,125.013,19.9979,1.12E+00,1.13E+01,1.32E+01,6.59E+00
1570,125.014,13.3317,1.13E+00,1.13E+01,1.27E+01,7.68E+00
1571,125.015,6.6656,1.15E+00,1.13E+01,1.22E+01,8.79E+00
1572,125.015,-0.000572954,1.15E+00,1.13E+01,1.17E+01,9.94E+00
1573,125.015,-6.66677,1.16E+00,1.13E+01,1.13E+01,1.11E+01
1574,125.015,-13.333,1.16E+00,1.14E+01,1.10E+01,1.23E+01
1575,125.015,-19.9992,1.15E+00,1.14E+01,1.07E+01,1.36E+01
1576,125.015,-26.6655,1.14E+00,1.15E+01,1.03E+01,1.48E+01
1577,125.014,-33.3316,1.13E+00,1.17E+01,1.00E+01,1.60E+01
1578,125.013,-39.9978,1.11E+00,1.19E+01,9.73E+00,1.72E+01
1579,125.012,-46.664,1.09E+00,1.23E+01,9.43E+00,1.83E+01
1580,125.011,-53.3301,1.06E+00,1.27E+01,9.12E+00,1.94E+01
1581,125.01,-59.9962,1.03E+00,1.33E+01,8.82E+00,2.04E+01
1582,125.008,-66.6624,1.00E+00,1.39E+01,8.54E+00,2.14E+01
1583,125.007,-73.3285,9.67E-01,1.46E+01,8.28E+00,2.23E+01
1584,125.005,-79.9948,9.28E-01,1.53E+01,8.03E+00,2.32E+01
1585,125.004,-86.6612,8.86E-01,1.59E+01,7.80E+00,2.40E+01
1586,125.002,-93.3277,8.40E-01,1.64E+01,7.60E+00,2.46E+01
1587,125.001,-99.9944,7.89E-01,1.67E+01,7.41E+00,2.50E+01
1588,125,-106.245,7.38E-01,1.68E+01,7.24E+00,2.53E+01
1589,124.998,-112.495,6.82E-01,1.66E+01,7.08E+00,2.54E+01
1590,124.997,-118.746,6.21E-01,1.62E+01,6.91E+00,2.53E+01
1591,124.997,-124.996,5.55E-01,1.57E+01,6.70E+00,2.52E+01
1592,118.746,-124.997,6.23E-01,1.60E+01,6.92E+00,2.54E+01
1593,112.495,-124.998,6.86E-01,1.63E+01,7.08E+00,2.56E+01
1594,106.245,-124.999,7.43E-01,1.64E+01,7.24E+00,2.55E+01
1595,118.766,-0.000614831,1.35E+00,1.24E+01,1.23E+01,9.66E+00
1596,112.517,-0.000653991,1.56E+00,1.34E+01,1.29E+01,9.51E+00
1597,106.267,-0.000689005,1.76E+00,1.43E+01,1.34E+01,9.43E+00
1598,118.754,66.6598,1.08E+00,1.26E+01,1.94E+01,3.51E+00
1599,112.502,66.6592,1.23E+00,1.36E+01,2.03E+01,3.87E+00
1600,106.251,66.6586,1.37E+00,1.45E+01,2.14E+01,4.17E+00
1601,118.746,99.7855,7.96E-01,1.21E+01,2.26E+01,7.01E+00
1602,112.494,99.7853,8.97E-01,1.27E+01,2.34E+01,7.09E+00
1603,106.243,99.7854,9.95E-01,1.32E+01,2.41E+01,7.03E+00
1604,112.494,106.157,8.20E-01,1.24E+01,2.33E+01,7.47E+00
1605,112.493,112.493,7.40E-01,1.21E+01,2.30E+01,7.71E+00
1606,112.493,118.744,6.57E-01,1.16E+01,2.25E+01,7.79E+00
1607,118.744,112.493,6.58E-01,1.16E+01,2.24E+01,7.79E+00
1608,118.738,106.171,7.29E-01,1.19E+01,2.26E+01,7.47E+00
1609,118.743,118.744,5.85E-01,1.12E+01,2.21E+01,7.95E+00
1610,106.242,112.494,8.18E-01,1.24E+01,2.33E+01,7.46E+00
1611,106.25,106.172,9.08E-01,1.29E+01,2.38E+01,7.31E+00
1612,106.242,118.745,7.25E-01,1.19E+01,2.28E+01,7.46E+00
1613,118.748,86.6586,9.21E-01,1.24E+01,2.18E+01,5.74E+00
1614,112.497,86.6581,1.04E+00,1.32E+01,2.28E+01,5.99E+00
1615,106.245,86.6577,1.16E+00,1.38E+01,2.39E+01,6.11E+00
1616,112.496,93.2397,9.71E-01,1.30E+01,2.32E+01,6.59E+00
1617,118.754,93.2542,8.60E-01,1.23E+01,2.23E+01,6.42E+00
1618,106.238,93.2537,1.08E+00,1.36E+01,2.41E+01,6.62E+00
1619,112.5,73.3253,1.17E+00,1.35E+01,2.13E+01,4.58E+00
1620,112.499,79.9916,1.11E+00,1.34E+01,2.21E+01,5.31E+00
1621,118.752,73.3259,1.03E+00,1.26E+01,2.03E+01,4.22E+00
1622,118.75,79.9922,9.77E-01,1.25E+01,2.11E+01,4.99E+00
1623,106.249,73.3247,1.31E+00,1.43E+01,2.24E+01,4.85E+00
1624,106.247,79.9911,1.24E+00,1.41E+01,2.33E+01,5.51E+00
1625,118.762,33.3298,1.26E+00,1.26E+01,1.51E+01,4.16E+00
1626,112.512,33.3294,1.45E+00,1.37E+01,1.57E+01,3.90E+00
1627,106.261,33.3291,1.64E+00,1.47E+01,1.64E+01,3.74E+00
1628,118.757,53.3277,1.16E+00,1.26E+01,1.75E+01,2.69E+00
1629,112.506,53.3272,1.33E+00,1.37E+01,1.84E+01,2.86E+00
1630,106.255,53.3267,1.49E+00,1.47E+01,1.93E+01,3.09E+00
1631,112.504,59.9931,1.28E+00,1.37E+01,1.94E+01,3.25E+00
1632,118.755,59.9937,1.12E+00,1.26E+01,1.84E+01,2.95E+00
1633,106.253,59.9926,1.44E+00,1.46E+01,2.04E+01,3.55E+00
1634,112.51,39.9954,1.41E+00,1.37E+01,1.65E+01,3.20E+00
1635,112.508,46.6613,1.37E+00,1.37E+01,1.74E+01,2.83E+00
1636,118.76,39.9957,1.24E+00,1.26E+01,1.58E+01,3.37E+00
1637,118.759,46.6617,1.20E+00,1.26E+01,1.67E+01,2.84E+00
1638,106.259,39.995,1.59E+00,1.47E+01,1.73E+01,3.15E+00
1639,106.257,46.6608,1.54E+00,1.47E+01,1.83E+01,2.92E+00
1640,118.764,19.9977,1.31E+00,1.25E+01,1.38E+01,6.16E+00
1641,112.514,19.9975,1.51E+00,1.36E+01,1.44E+01,5.86E+00
1642,106.264,19.9974,1.70E+00,1.46E+01,1.49E+01,5.63E+00
1643,112.513,26.6635,1.48E+00,1.36E+01,1.50E+01,4.81E+00
1644,118.763,26.6637,1.29E+00,1.25E+01,1.44E+01,5.11E+00
1645,106.263,26.6633,1.67E+00,1.47E+01,1.56E+01,4.60E+00
1646,112.516,6.66545,1.55E+00,1.34E+01,1.33E+01,8.22E+00
1647,112.515,13.3315,1.53E+00,1.35E+01,1.38E+01,7.00E+00
1648,118.766,6.66552,1.34E+00,1.24E+01,1.28E+01,8.44E+00
1649,118.765,13.3316,1.33E+00,1.25E+01,1.32E+01,7.27E+00
1650,106.267,6.66539,1.75E+00,1.44E+01,1.38E+01,8.07E+00
1651,106.266,13.3314,1.73E+00,1.45E+01,1.43E+01,6.80E+00
1652,118.759,-59.996,1.21E+00,1.40E+01,9.50E+00,2.11E+01
1653,112.509,-59.9958,1.38E+00,1.47E+01,1.01E+01,2.20E+01
1654,106.258,-59.9956,1.54E+00,1.54E+01,1.07E+01,2.31E+01
1655,118.765,-26.6654,1.34E+00,1.23E+01,1.10E+01,1.49E+01
1656,112.516,-26.6654,1.54E+00,1.30E+01,1.17E+01,1.52E+01
1657,106.266,-26.6654,1.74E+00,1.36E+01,1.24E+01,1.57E+01
1658,118.766,-13.3329,1.36E+00,1.23E+01,1.16E+01,1.22E+01
1659,112.517,-13.3329,1.56E+00,1.31E+01,1.22E+01,1.23E+01
1660,106.268,-13.333,1.77E+00,1.39E+01,1.29E+01,1.25E+01
1661,112.517,-6.66677,1.56E+00,1.32E+01,1.25E+01,1.09E+01
1662,118.766,-6.66677,1.36E+00,1.23E+01,1.20E+01,1.09E+01
1663,106.268,-6.6668,1.77E+00,1.41E+01,1.31E+01,1.09E+01
1664,112.517,-19.9992,1.55E+00,1.30E+01,1.20E+01,1.38E+01
1665,118.766,-19.9992,1.35E+00,1.23E+01,1.13E+01,1.36E+01
1666,106.267,-19.9992,1.76E+00,1.37E+01,1.26E+01,1.41E+01
1667,118.763,-39.9977,1.30E+00,1.26E+01,1.04E+01,1.76E+01
1668,112.514,-39.9976,1.49E+00,1.32E+01,1.11E+01,1.81E+01
1669,106.264,-39.9975,1.68E+00,1.38E+01,1.18E+01,1.89E+01
1670,112.515,-33.3316,1.52E+00,1.30E+01,1.14E+01,1.67E+01
1671,118.765,-33.3316,1.32E+00,1.24E+01,1.07E+01,1.63E+01
1672,106.265,-33.3315,1.72E+00,1.36E+01,1.21E+01,1.73E+01
1673,112.51,-53.3298,1.42E+00,1.41E+01,1.05E+01,2.08E+01
1674,112.512,-46.6636,1.46E+00,1.36E+01,1.08E+01,1.95E+01
1675,118.761,-53.3299,1.24E+00,1.34E+01,9.81E+00,2.00E+01
1676,118.762,-46.6638,1.27E+00,1.30E+01,1.01E+01,1.88E+01
1677,106.26,-53.3295,1.60E+00,1.47E+01,1.11E+01,2.18E+01
1678,106.262,-46.6636,1.64E+00,1.42E+01,1.14E+01,2.04E+01
1679,118.759,-93.2476,9.66E-01,1.71E+01,8.13E+00,2.54E+01
1680,112.499,-93.2273,1.09E+00,1.78E+01,8.58E+00,2.63E+01
1681,106.24,-93.2478,1.20E+00,1.85E+01,8.97E+00,2.72E+01
1682,118.756,-73.3282,1.12E+00,1.54E+01,8.91E+00,2.31E+01
1683,112.505,-73.328,1.27E+00,1.62E+01,9.48E+00,2.41E+01
1684,106.254,-73.3278,1.42E+00,1.70E+01,1.00E+01,2.54E+01
1685,112.507,-66.6618,1.33E+00,1.54E+01,9.80E+00,2.31E+01
1686,118.758,-66.662,1.17E+00,1.47E+01,9.20E+00,2.21E+01
1687,106.256,-66.6616,1.49E+00,1.62E+01,1.04E+01,2.43E+01
1688,112.501,-86.6306,1.15E+00,1.74E+01,8.87E+00,2.58E+01
1689,112.503,-79.9943,1.22E+00,1.69E+01,9.17E+00,2.50E+01
1690,118.755,-86.6409,1.02E+00,1.67E+01,8.38E+00,2.48E+01
1691,118.754,-79.9945,1.07E+00,1.61E+01,8.64E+00,2.40E+01
1692,106.247,-86.6408,1.28E+00,1.83E+01,9.30E+00,2.69E+01
1693,106.252,-79.9942,1.35E+00,1.77E+01,9.64E+00,2.62E+01
1694,118.74,-106.165,8.43E-01,1.73E+01,7.68E+00,2.59E+01
1695,112.497,-106.145,9.41E-01,1.77E+01,8.04E+00,2.64E+01
1696,106.254,-106.166,1.03E+00,1.81E+01,8.34E+00,2.69E+01
1697,112.498,-99.7235,1.02E+00,1.79E+01,8.30E+00,2.65E+01
1698,118.75,-99.7468,9.07E-01,1.73E+01,7.90E+00,2.57E+01
1699,106.247,-99.7474,1.12E+00,1.84E+01,8.65E+00,2.72E+01
1700,112.495,-118.747,7.76E-01,1.68E+01,7.45E+00,2.59E+01
1701,112.496,-112.466,8.61E-01,1.73E+01,7.76E+00,2.62E+01
1702,118.746,-118.746,7.01E-01,1.65E+01,7.21E+00,2.56E+01
1703,118.744,-112.475,7.74E-01,1.70E+01,7.46E+00,2.58E+01
1704,106.245,-118.748,8.45E-01,1.70E+01,7.67E+00,2.60E+01
1705,106.248,-112.477,9.41E-01,1.76E+01,8.03E+00,2.65E+01
1706,-106.245,124.999,7.41E-01,1.63E+01,7.18E+00,2.56E+01
1707,-112.495,124.998,6.84E-01,1.62E+01,6.99E+00,2.56E+01
1708,-118.746,124.997,6.23E-01,1.58E+01,6.79E+00,2.56E+01
1709,-124.996,124.996,5.55E-01,1.53E+01,6.53E+00,2.54E+01
1710,-124.997,118.746,6.23E-01,1.58E+01,6.79E+00,2.56E+01
1711,-124.998,112.495,6.85E-01,1.62E+01,6.99E+00,2.57E+01
1712,-124.999,106.245,7.42E-01,1.64E+01,7.18E+00,2.56E+01
1713,-125.001,99.9943,7.94E-01,1.63E+01,7.36E+00,2.53E+01
1714,-125.002,93.3276,8.45E-01,1.61E+01,7.57E+00,2.49E+01
1715,-125.004,86.6611,8.92E-01,1.56E+01,7.79E+00,2.42E+01
1716,-125.005,79.9947,9.34E-01,1.50E+01,8.03E+00,2.34E+01
1717,-125.007,73.3284,9.73E-01,1.43E+01,8.28E+00,2.25E+01
1718,-125.008,66.6623,1.01E+00,1.36E+01,8.55E+00,2.16E+01
1719,-125.01,59.9961,1.04E+00,1.29E+01,8.83E+00,2.05E+01
1720,-125.011,53.33,1.07E+00,1.24E+01,9.13E+00,1.95E+01
1721,-125.012,46.6638,1.09E+00,1.20E+01,9.43E+00,1.84E+01
1722,-125.013,39.9977,1.11E+00,1.16E+01,9.73E+00,1.73E+01
1723,-125.014,33.3315,1.13E+00,1.14E+01,1.00E+01,1.61E+01
1724,-125.015,26.6653,1.14E+00,1.13E+01,1.03E+01,1.49E+01
1725,-125.015,19.9991,1.15E+00,1.12E+01,1.07E+01,1.37E+01
1726,-125.015,13.3328,1.16E+00,1.11E+01,1.10E+01,1.24E+01
1727,-125.015,6.66662,1.15E+00,1.11E+01,1.13E+01,1.12E+01
1728,-125.015,0.000428737,1.15E+00,1.11E+01,1.17E+01,1.00E+01
1729,-125.015,-6.66574,1.14E+00,1.11E+01,1.22E+01,8.89E+00
1730,-125.014,-13.3318,1.13E+00,1.11E+01,1.27E+01,7.77E+00
1731,-125.013,-19.998,1.11E+00,1.11E+01,1.32E+01,6.69E+00
1732,-125.013,-26.6641,1.10E+00,1.12E+01,1.38E+01,5.65E+00
1733,-125.011,-33.3301,1.07E+00,1.12E+01,1.45E+01,4.67E+00
1734,-125.01,-39.9962,1.05E+00,1.12E+01,1.52E+01,3.78E+00
1735,-125.009,-46.6623,1.02E+00,1.13E+01,1.60E+01,3.07E+00
1736,-125.008,-53.3283,9.91E-01,1.13E+01,1.68E+01,2.66E+00
1737,-125.006,-59.9944,9.57E-01,1.14E+01,1.77E+01,2.66E+00
1738,-125.005,-66.6605,9.20E-01,1.14E+01,1.86E+01,3.06E+00
1739,-125.003,-73.3266,8.80E-01,1.14E+01,1.96E+01,3.73E+00
1740,-125.001,-79.9929,8.36E-01,1.14E+01,2.04E+01,4.52E+00
1741,-125,-86.6592,7.88E-01,1.14E+01,2.11E+01,5.34E+00
1742,-124.999,-93.3256,7.37E-01,1.14E+01,2.17E+01,6.12E+00
1743,-124.997,-99.9923,6.82E-01,1.14E+01,2.20E+01,6.82E+00
1744,-124.996,-106.242,6.26E-01,1.13E+01,2.21E+01,7.41E+00
1745,-124.995,-112.493,5.67E-01,1.11E+01,2.20E+01,7.87E+00
1746,-124.995,-118.743,5.05E-01,1.09E+01,2.17E+01,8.21E+00
1747,-124.994,-124.994,4.39E-01,1.04E+01,2.12E+01,8.36E+00
1748,-118.743,-124.995,5.05E-01,1.09E+01,2.16E+01,8.22E+00
1749,-112.493,-124.995,5.68E-01,1.11E+01,2.20E+01,7.91E+00
1750,-106.242,-124.996,6.27E-01,1.13E+01,2.21E+01,7.45E+00
1751,-118.766,0.000467032,1.35E+00,1.22E+01,1.23E+01,9.72E+00
1752,-112.517,0.00050312,1.56E+00,1.32E+01,1.29E+01,9.53E+00
1753,-106.267,0.000535068,1.76E+00,1.41E+01,1.35E+01,9.42E+00
1754,-118.757,66.662,1.17E+00,1.44E+01,9.21E+00,2.22E+01
1755,-112.507,66.6617,1.33E+00,1.52E+01,9.80E+00,2.32E+01
1756,-106.256,66.6615,1.49E+00,1.61E+01,1.04E+01,2.43E+01
1757,-118.749,99.7879,9.09E-01,1.71E+01,7.84E+00,2.59E+01
1758,-112.498,99.7881,1.02E+00,1.77E+01,8.25E+00,2.66E+01
1759,-106.247,99.7885,1.12E+00,1.84E+01,8.60E+00,2.72E+01
1760,-112.497,106.16,9.42E-01,1.76E+01,7.96E+00,2.65E+01
1761,-112.496,112.496,8.61E-01,1.72E+01,7.68E+00,2.63E+01
1762,-112.495,118.747,7.75E-01,1.67E+01,7.37E+00,2.59E+01
1763,-118.747,112.495,7.76E-01,1.68E+01,7.37E+00,2.60E+01
1764,-118.741,106.174,8.45E-01,1.70E+01,7.60E+00,2.60E+01
1765,-118.746,118.746,7.02E-01,1.63E+01,7.10E+00,2.58E+01
1766,-106.245,112.497,9.41E-01,1.76E+01,7.97E+00,2.65E+01
1767,-106.253,106.175,1.03E+00,1.80E+01,8.29E+00,2.69E+01
1768,-106.245,118.748,8.44E-01,1.70E+01,7.61E+00,2.60E+01
1769,-118.752,86.6609,1.03E+00,1.64E+01,8.35E+00,2.49E+01
1770,-112.501,86.6607,1.16E+00,1.73E+01,8.84E+00,2.59E+01
1771,-106.25,86.6607,1.28E+00,1.81E+01,9.27E+00,2.69E+01
1772,-112.499,93.2424,1.09E+00,1.76E+01,8.54E+00,2.63E+01
1773,-118.758,93.2566,9.70E-01,1.68E+01,8.09E+00,2.55E+01
1774,-106.241,93.2568,1.20E+00,1.84E+01,8.93E+00,2.72E+01
1775,-112.505,73.3279,1.28E+00,1.60E+01,9.48E+00,2.42E+01
1776,-112.503,79.9942,1.22E+00,1.67E+01,9.16E+00,2.51E+01
1777,-118.756,73.3282,1.13E+00,1.51E+01,8.91E+00,2.33E+01
1778,-118.754,79.9944,1.08E+00,1.58E+01,8.63E+00,2.42E+01
1779,-106.253,73.3277,1.43E+00,1.69E+01,9.98E+00,2.54E+01
1780,-106.251,79.9941,1.36E+00,1.76E+01,9.62E+00,2.63E+01
1781,-118.765,33.3314,1.32E+00,1.22E+01,1.08E+01,1.63E+01
1782,-112.515,33.3313,1.52E+00,1.28E+01,1.14E+01,1.67E+01
1783,-106.265,33.3313,1.72E+00,1.34E+01,1.21E+01,1.73E+01
1784,-118.761,53.3297,1.25E+00,1.31E+01,9.82E+00,2.00E+01
1785,-112.51,53.3296,1.42E+00,1.38E+01,1.05E+01,2.08E+01
1786,-106.26,53.3294,1.60E+00,1.45E+01,1.11E+01,2.18E+01
1787,-112.508,59.9956,1.38E+00,1.45E+01,1.01E+01,2.20E+01
1788,-118.759,59.9958,1.21E+00,1.37E+01,9.51E+00,2.11E+01
1789,-106.258,59.9954,1.55E+00,1.52E+01,1.07E+01,2.31E+01
1790,-112.514,39.9974,1.49E+00,1.30E+01,1.11E+01,1.81E+01
1791,-112.512,46.6635,1.46E+00,1.33E+01,1.08E+01,1.95E+01
1792,-118.763,39.9975,1.30E+00,1.24E+01,1.05E+01,1.76E+01
1793,-118.762,46.6636,1.28E+00,1.27E+01,1.01E+01,1.88E+01
1794,-106.264,39.9974,1.68E+00,1.36E+01,1.18E+01,1.88E+01
1795,-106.262,46.6634,1.64E+00,1.39E+01,1.14E+01,2.03E+01
1796,-118.766,19.999,1.35E+00,1.21E+01,1.13E+01,1.36E+01
1797,-112.517,19.999,1.55E+00,1.28E+01,1.20E+01,1.37E+01
1798,-106.267,19.999,1.76E+00,1.35E+01,1.26E+01,1.40E+01
1799,-112.516,26.6652,1.54E+00,1.28E+01,1.17E+01,1.52E+01
1800,-118.765,26.6652,1.34E+00,1.21E+01,1.10E+01,1.50E+01
1801,-106.266,26.6652,1.74E+00,1.34E+01,1.24E+01,1.56E+01
1802,-112.517,6.66664,1.56E+00,1.31E+01,1.26E+01,1.09E+01
1803,-112.517,13.3328,1.56E+00,1.30E+01,1.23E+01,1.23E+01
1804,-118.766,6.66663,1.36E+00,1.22E+01,1.20E+01,1.10E+01
1805,-118.766,13.3328,1.36E+00,1.21E+01,1.16E+01,1.23E+01
1806,-106.268,6.66666,1.77E+00,1.39E+01,1.31E+01,1.09E+01
1807,-106.268,13.3328,1.77E+00,1.37E+01,1.29E+01,1.24E+01
1808,-118.755,-59.9938,1.12E+00,1.26E+01,1.86E+01,2.93E+00
1809,-112.504,-59.9932,1.27E+00,1.36E+01,1.95E+01,3.25E+00
1810,-106.253,-59.9926,1.43E+00,1.45E+01,2.06E+01,3.56E+00
1811,-118.763,-26.6639,1.29E+00,1.24E+01,1.45E+01,5.18E+00
1812,-112.513,-26.6636,1.48E+00,1.35E+01,1.50E+01,4.86E+00
1813,-106.263,-26.6634,1.67E+00,1.46E+01,1.57E+01,4.62E+00
1814,-118.765,-13.3317,1.33E+00,1.23E+01,1.33E+01,7.34E+00
1815,-112.515,-13.3316,1.53E+00,1.34E+01,1.38E+01,7.04E+00
1816,-106.266,-13.3315,1.73E+00,1.44E+01,1.44E+01,6.81E+00
1817,-112.516,-6.66557,1.54E+00,1.33E+01,1.33E+01,8.25E+00
1818,-118.766,-6.66565,1.34E+00,1.23E+01,1.28E+01,8.50E+00
1819,-106.267,-6.66551,1.75E+00,1.43E+01,1.39E+01,8.07E+00
1820,-112.514,-19.9976,1.50E+00,1.35E+01,1.44E+01,5.90E+00
1821,-118.764,-19.9978,1.31E+00,1.24E+01,1.38E+01,6.23E+00
1822,-106.264,-19.9975,1.70E+00,1.45E+01,1.50E+01,5.65E+00
1823,-118.76,-39.9958,1.23E+00,1.25E+01,1.59E+01,3.42E+00
1824,-112.51,-39.9954,1.41E+00,1.36E+01,1.66E+01,3.23E+00
1825,-106.259,-39.995,1.59E+00,1.46E+01,1.74E+01,3.16E+00
1826,-112.512,-33.3296,1.44E+00,1.36E+01,1.58E+01,3.94E+00
1827,-118.762,-33.3299,1.26E+00,1.24E+01,1.51E+01,4.22E+00
1828,-106.261,-33.3293,1.63E+00,1.46E+01,1.65E+01,3.76E+00
1829,-112.506,-53.3273,1.32E+00,1.36E+01,1.85E+01,2.86E+00
1830,-112.508,-46.6613,1.37E+00,1.36E+01,1.75E+01,2.84E+00
1831,-118.757,-53.3277,1.16E+00,1.25E+01,1.76E+01,2.69E+00
1832,-118.759,-46.6618,1.19E+00,1.25E+01,1.67E+01,2.87E+00
1833,-106.255,-53.3267,1.49E+00,1.46E+01,1.94E+01,3.10E+00
1834,-106.257,-46.6609,1.54E+00,1.46E+01,1.84E+01,2.93E+00
1835,-118.755,-93.2452,8.53E-01,1.23E+01,2.25E+01,6.48E+00
1836,-112.496,-93.2245,9.65E-01,1.30E+01,2.34E+01,6.65E+00
1837,-106.236,-93.2446,1.07E+00,1.36E+01,2.43E+01,6.69E+00
1838,-118.752,-73.3259,1.02E+00,1.25E+01,2.05E+01,4.22E+00
1839,-112.5,-73.3253,1.16E+00,1.34E+01,2.15E+01,4.60E+00
1840,-106.249,-73.3247,1.30E+00,1.42E+01,2.26E+01,4.88E+00
1841,-112.502,-66.6591,1.22E+00,1.35E+01,2.06E+01,3.88E+00
1842,-118.754,-66.6598,1.07E+00,1.25E+01,1.96E+01,3.49E+00
1843,-106.251,-66.6585,1.37E+00,1.44E+01,2.16E+01,4.20E+00
1844,-112.497,-86.6279,1.04E+00,1.32E+01,2.30E+01,6.03E+00
1845,-112.499,-79.9916,1.10E+00,1.33E+01,2.24E+01,5.33E+00
1846,-118.752,-86.6385,9.13E-01,1.24E+01,2.20E+01,5.77E+00
1847,-118.75,-79.9922,9.70E-01,1.25E+01,2.13E+01,5.00E+00
1848,-106.242,-86.6376,1.15E+00,1.38E+01,2.40E+01,6.16E+00
1849,-106.247,-79.9911,1.23E+00,1.41E+01,2.34E+01,5.55E+00
1850,-118.736,-106.162,7.23E-01,1.20E+01,2.28E+01,7.60E+00
1851,-112.494,-106.142,8.16E-01,1.25E+01,2.34E+01,7.58E+00
1852,-106.252,-106.163,9.04E-01,1.29E+01,2.39E+01,7.42E+00
1853,-112.494,-99.7207,8.92E-01,1.28E+01,2.35E+01,7.18E+00
1854,-118.746,-99.7444,7.90E-01,1.22E+01,2.28E+01,7.10E+00
1855,-106.243,-99.7442,9.91E-01,1.33E+01,2.42E+01,7.11E+00
1856,-112.493,-118.744,6.53E-01,1.18E+01,2.25E+01,7.97E+00
1857,-112.493,-112.463,7.36E-01,1.22E+01,2.30E+01,7.86E+00
1858,-118.744,-118.744,5.81E-01,1.14E+01,2.21E+01,8.18E+00
1859,-118.741,-112.473,6.53E-01,1.18E+01,2.25E+01,7.96E+00
1860,-106.242,-118.745,7.22E-01,1.20E+01,2.27E+01,7.62E+00
1861,-106.245,-112.474,8.15E-01,1.25E+01,2.33E+01,7.60E+00
1862,124.996,-131.248,4.83E-01,1.50E+01,6.41E+00,2.51E+01
1863,124.996,-137.499,4.07E-01,1.44E+01,5.97E+00,2.53E+01
1864,124.996,-143.75,3.26E-01,1.37E+01,5.30E+00,2.56E+01
1865,124.996,-150.001,2.42E-01,1.27E+01,4.30E+00,2.64E+01
1866,118.746,-150.002,2.64E-01,1.28E+01,4.07E+00,2.64E+01
1867,112.496,-150.003,2.83E-01,1.26E+01,3.93E+00,2.62E+01
1868,106.246,-150.004,2.99E-01,1.23E+01,3.88E+00,2.60E+01
1869,99.996,-150.005,3.14E-01,1.18E+01,3.88E+00,2.56E+01
1870,93.3295,-150.005,3.28E-01,1.11E+01,3.93E+00,2.52E+01
1871,86.6631,-150.006,3.41E-01,1.04E+01,4.05E+00,2.46E+01
1872,79.9967,-150.007,3.52E-01,9.59E+00,4.21E+00,2.40E+01
1873,73.3303,-150.007,3.63E-01,8.82E+00,4.40E+00,2.34E+01
1874,66.664,-150.008,3.72E-01,8.08E+00,4.64E+00,2.28E+01
1875,59.9976,-150.008,3.80E-01,7.37E+00,4.90E+00,2.21E+01
1876,53.3312,-150.009,3.88E-01,6.72E+00,5.18E+00,2.14E+01
1877,46.6649,-150.009,3.94E-01,6.14E+00,5.48E+00,2.06E+01
1878,39.9985,-150.01,3.99E-01,5.62E+00,5.81E+00,1.98E+01
1879,33.3321,-150.01,4.03E-01,5.16E+00,6.14E+00,1.90E+01
1880,26.6657,-150.01,4.06E-01,4.77E+00,6.50E+00,1.82E+01
1881,19.9994,-150.01,4.08E-01,4.42E+00,6.88E+00,1.73E+01
1882,13.333,-150.01,4.09E-01,4.12E+00,7.28E+00,1.64E+01
1883,6.6666,-150.01,4.08E-01,3.86E+00,7.72E+00,1.56E+01
1884,0.000221012,-150.01,4.06E-01,3.63E+00,8.18E+00,1.47E+01
1885,-6.66615,-150.01,4.04E-01,3.44E+00,8.68E+00,1.37E+01
1886,-13.3325,-150.01,4.00E-01,3.28E+00,9.21E+00,1.28E+01
1887,-19.9989,-150.01,3.95E-01,3.16E+00,9.78E+00,1.19E+01
1888,-26.6653,-150.009,3.90E-01,3.07E+00,1.04E+01,1.10E+01
1889,-33.3315,-150.009,3.83E-01,3.02E+00,1.10E+01,9.99E+00
1890,-39.9979,-150.008,3.76E-01,3.01E+00,1.17E+01,9.02E+00
1891,-46.6643,-150.008,3.67E-01,3.03E+00,1.24E+01,8.03E+00
1892,-53.3306,-150.007,3.58E-01,3.10E+00,1.31E+01,7.04E+00
1893,-59.9969,-150.007,3.48E-01,3.20E+00,1.39E+01,6.04E+00
1894,-66.6633,-150.006,3.36E-01,3.35E+00,1.47E+01,5.07E+00
1895,-73.3296,-150.005,3.23E-01,3.54E+00,1.55E+01,4.17E+00
1896,-79.996,-150.005,3.09E-01,3.77E+00,1.63E+01,3.44E+00
1897,-86.6625,-150.004,2.93E-01,4.04E+00,1.70E+01,2.99E+00
1898,-93.3288,-150.003,2.75E-01,4.35E+00,1.78E+01,2.91E+00
1899,-99.9953,-150.002,2.56E-01,4.68E+00,1.84E+01,3.19E+00
1900,-106.245,-150.001,2.36E-01,5.00E+00,1.89E+01,3.75E+00
1901,-112.495,-150,2.14E-01,5.32E+00,1.93E+01,4.44E+00
1902,-118.745,-149.999,1.90E-01,5.62E+00,1.94E+01,5.11E+00
1903,-124.995,-149.998,1.65E-01,5.85E+00,1.94E+01,5.66E+00
1904,-124.995,-143.747,2.32E-01,7.64E+00,1.98E+01,7.00E+00
1905,-124.994,-137.496,3.02E-01,8.92E+00,2.03E+01,7.83E+00
1906,-124.994,-131.245,3.71E-01,9.82E+00,2.07E+01,8.26E+00
1907,0.000261997,-143.762,5.78E-01,6.31E+00,9.30E+00,1.27E+01
1908,0.000297168,-137.513,7.61E-01,8.34E+00,1.02E+01,1.14E+01
1909,0.000327907,-131.264,9.53E-01,9.93E+00,1.10E+01,1.05E+01
1910,66.6634,-143.758,5.23E-01,1.02E+01,5.87E+00,2.17E+01
1911,66.663,-137.509,6.82E-01,1.17E+01,6.89E+00,2.12E+01
1912,66.6626,-131.258,8.44E-01,1.28E+01,7.76E+00,2.12E+01
1913,99.789,-143.754,4.35E-01,1.34E+01,5.09E+00,2.49E+01
1914,99.7885,-137.503,5.58E-01,1.46E+01,6.06E+00,2.47E+01
1915,99.7881,-131.252,6.79E-01,1.55E+01,6.81E+00,2.49E+01
1916,106.16,-137.502,5.26E-01,1.48E+01,6.00E+00,2.51E+01
1917,112.495,-137.501,4.90E-01,1.49E+01,5.96E+00,2.53E+01
1918,118.745,-137.5,4.51E-01,1.47E+01,5.95E+00,2.54E+01
1919,112.495,-143.752,3.87E-01,1.40E+01,5.08E+00,2.55E+01
1920,106.174,-143.746,4.13E-01,1.38E+01,5.07E+00,2.52E+01
1921,118.746,-143.751,3.58E-01,1.39E+01,5.16E+00,2.57E+01
1922,112.495,-131.249,5.90E-01,1.56E+01,6.61E+00,2.54E+01
1923,106.174,-131.258,6.37E-01,1.57E+01,6.70E+00,2.52E+01
1924,118.745,-131.248,5.40E-01,1.54E+01,6.52E+00,2.53E+01
1925,86.6624,-143.756,4.76E-01,1.23E+01,5.28E+00,2.38E+01
1926,86.6619,-137.505,6.15E-01,1.36E+01,6.29E+00,2.35E+01
1927,86.6614,-131.255,7.54E-01,1.47E+01,7.11E+00,2.37E+01
1928,93.2433,-137.504,5.88E-01,1.42E+01,6.15E+00,2.41E+01
1929,93.258,-143.762,4.56E-01,1.29E+01,5.16E+00,2.44E+01
1930,93.257,-131.246,7.18E-01,1.52E+01,6.95E+00,2.43E+01
1931,73.3292,-137.508,6.62E-01,1.23E+01,6.66E+00,2.20E+01
1932,79.9955,-137.507,6.39E-01,1.30E+01,6.46E+00,2.28E+01
1933,73.3298,-143.758,5.09E-01,1.09E+01,5.64E+00,2.24E+01
1934,79.9961,-143.757,4.93E-01,1.16E+01,5.44E+00,2.31E+01
1935,73.3288,-131.257,8.17E-01,1.35E+01,7.51E+00,2.21E+01
1936,79.9951,-131.256,7.87E-01,1.41E+01,7.30E+00,2.29E+01
1937,33.3319,-143.761,5.72E-01,7.55E+00,7.34E+00,1.75E+01
1938,33.3317,-137.512,7.51E-01,9.28E+00,8.35E+00,1.66E+01
1939,33.3315,-131.263,9.38E-01,1.06E+01,9.20E+00,1.62E+01
1940,53.3308,-143.76,5.47E-01,8.93E+00,6.40E+00,2.01E+01
1941,53.3305,-137.51,7.16E-01,1.05E+01,7.43E+00,1.95E+01
1942,53.3302,-131.261,8.90E-01,1.17E+01,8.30E+00,1.93E+01
1943,59.9967,-137.51,7.00E-01,1.11E+01,7.15E+00,2.03E+01
1944,59.9971,-143.759,5.36E-01,9.53E+00,6.13E+00,2.09E+01
1945,59.9964,-131.26,8.69E-01,1.22E+01,8.02E+00,2.03E+01
1946,39.998,-137.512,7.42E-01,9.62E+00,8.03E+00,1.76E+01
1947,46.6642,-137.511,7.30E-01,1.00E+01,7.72E+00,1.85E+01
1948,39.9982,-143.761,5.65E-01,7.94E+00,7.02E+00,1.84E+01
1949,46.6645,-143.76,5.57E-01,8.40E+00,6.70E+00,1.92E+01
1950,39.9978,-131.263,9.25E-01,1.08E+01,8.89E+00,1.73E+01
1951,46.664,-131.262,9.09E-01,1.12E+01,8.59E+00,1.83E+01
1952,19.9992,-143.762,5.80E-01,6.93E+00,8.05E+00,1.56E+01
1953,19.9991,-137.513,7.63E-01,8.79E+00,9.02E+00,1.45E+01
1954,19.9991,-131.264,9.54E-01,1.02E+01,9.85E+00,1.39E+01
1955,26.6654,-137.513,7.58E-01,9.01E+00,8.67E+00,1.55E+01
1956,26.6656,-143.762,5.77E-01,7.21E+00,7.69E+00,1.65E+01
1957,26.6653,-131.264,9.48E-01,1.04E+01,9.52E+00,1.50E+01
1958,6.66657,-137.513,7.64E-01,8.46E+00,9.78E+00,1.24E+01
1959,13.3329,-137.513,7.65E-01,8.61E+00,9.39E+00,1.35E+01
1960,6.66658,-143.762,5.80E-01,6.49E+00,8.85E+00,1.37E+01
1961,13.3329,-143.762,5.81E-01,6.69E+00,8.44E+00,1.46E+01
1962,6.66656,-131.264,9.56E-01,1.00E+01,1.06E+01,1.16E+01
1963,13.3328,-131.264,9.57E-01,1.01E+01,1.02E+01,1.28E+01
1964,-59.9963,-143.757,4.91E-01,6.00E+00,1.50E+01,4.04E+00
1965,-59.9957,-137.507,6.43E-01,8.21E+00,1.59E+01,2.94E+00
1966,-59.995,-131.257,7.99E-01,9.96E+00,1.68E+01,2.58E+00
1967,-26.665,-143.76,5.53E-01,5.88E+00,1.15E+01,8.80E+00
1968,-26.6647,-137.511,7.28E-01,8.06E+00,1.23E+01,7.31E+00
1969,-26.6644,-131.262,9.10E-01,9.80E+00,1.31E+01,6.29E+00
1970,-13.3323,-143.761,5.68E-01,6.04E+00,1.03E+01,1.07E+01
1971,-13.3322,-137.512,7.49E-01,8.16E+00,1.12E+01,9.33E+00
1972,-13.332,-131.263,9.37E-01,9.83E+00,1.19E+01,8.37E+00
1973,-6.66593,-137.513,7.56E-01,8.24E+00,1.07E+01,1.04E+01
1974,-6.66603,-143.762,5.74E-01,6.16E+00,9.78E+00,1.17E+01
1975,-6.66587,-131.264,9.46E-01,9.87E+00,1.14E+01,9.44E+00
1976,-19.9984,-137.512,7.39E-01,8.10E+00,1.17E+01,8.31E+00
1977,-19.9986,-143.761,5.62E-01,5.94E+00,1.09E+01,9.77E+00
1978,-19.9983,-131.263,9.24E-01,9.81E+00,1.25E+01,7.32E+00
1979,-39.9975,-143.759,5.33E-01,5.83E+00,1.28E+01,6.84E+00
1980,-39.9971,-137.51,7.00E-01,8.05E+00,1.36E+01,5.35E+00
1981,-39.9967,-131.26,8.73E-01,9.82E+00,1.44E+01,4.37E+00
1982,-33.3309,-137.511,7.15E-01,8.04E+00,1.30E+01,6.32E+00
1983,-33.3313,-143.76,5.44E-01,5.84E+00,1.21E+01,7.82E+00
1984,-33.3306,-131.261,8.92E-01,9.80E+00,1.37E+01,5.30E+00
1985,-53.3295,-137.508,6.64E-01,8.13E+00,1.51E+01,3.59E+00
1986,-46.6632,-137.509,6.83E-01,8.08E+00,1.44E+01,4.42E+00
1987,-53.33,-143.758,5.06E-01,5.91E+00,1.42E+01,4.92E+00
1988,-46.6638,-143.759,5.20E-01,5.85E+00,1.35E+01,5.87E+00
1989,-53.3289,-131.258,8.26E-01,9.90E+00,1.59E+01,2.89E+00
1990,-46.6628,-131.259,8.51E-01,9.85E+00,1.52E+01,3.53E+00
1991,-93.248,-143.76,3.87E-01,6.89E+00,1.88E+01,3.60E+00
1992,-93.2269,-137.501,5.03E-01,8.83E+00,1.97E+01,4.69E+00
1993,-93.2464,-131.242,6.21E-01,1.03E+01,2.06E+01,5.55E+00
1994,-73.3288,-143.755,4.55E-01,6.28E+00,1.65E+01,2.81E+00
1995,-73.3281,-137.505,5.94E-01,8.42E+00,1.75E+01,2.69E+00
1996,-73.3273,-131.254,7.37E-01,1.01E+01,1.84E+01,3.18E+00
1997,-66.6618,-137.506,6.20E-01,8.30E+00,1.67E+01,2.61E+00
1998,-66.6625,-143.756,4.74E-01,6.13E+00,1.58E+01,3.29E+00
1999,-66.6611,-131.255,7.69E-01,1.00E+01,1.76E+01,2.69E+00
2000,-86.6305,-137.502,5.36E-01,8.69E+00,1.91E+01,3.87E+00
2001,-79.9944,-137.504,5.67E-01,8.55E+00,1.83E+01,3.15E+00
2002,-86.6415,-143.756,4.12E-01,6.67E+00,1.81E+01,2.99E+00
2003,-79.9952,-143.754,4.35E-01,6.46E+00,1.73E+01,2.70E+00
2004,-86.6399,-131.248,6.63E-01,1.03E+01,2.00E+01,4.72E+00
2005,-79.9936,-131.253,7.01E-01,1.02E+01,1.93E+01,3.90E+00
2006,-106.164,-143.741,3.31E-01,7.33E+00,1.98E+01,5.17E+00
2007,-106.144,-137.499,4.30E-01,9.06E+00,2.06E+01,6.29E+00
2008,-106.163,-131.257,5.29E-01,1.03E+01,2.13E+01,7.03E+00
2009,-99.7226,-137.5,4.68E-01,8.96E+00,2.03E+01,5.52E+00
2010,-99.7469,-143.751,3.60E-01,7.12E+00,1.94E+01,4.37E+00
2011,-99.7454,-131.249,5.77E-01,1.04E+01,2.11E+01,6.34E+00
2012,-118.744,-137.497,3.47E-01,9.06E+00,2.06E+01,7.50E+00
2013,-112.464,-137.498,3.90E-01,9.10E+00,2.07E+01,6.97E+00
2014,-118.744,-143.748,2.67E-01,7.61E+00,2.01E+01,6.56E+00
2015,-112.474,-143.746,3.01E-01,7.49E+00,2.00E+01,5.93E+00
2016,-118.743,-131.246,4.27E-01,1.01E+01,2.11E+01,8.03E+00
2017,-112.473,-131.25,4.79E-01,1.03E+01,2.14E+01,7.60E+00
2018,124.994,131.245,3.74E-01,9.46E+00,2.06E+01,7.76E+00
2019,124.994,137.496,3.04E-01,8.51E+00,2.02E+01,7.27E+00
2020,124.995,143.747,2.33E-01,7.21E+00,1.98E+01,6.41E+00
2021,124.995,149.998,1.65E-01,5.43E+00,1.94E+01,5.09E+00
2022,118.745,149.999,1.90E-01,5.39E+00,1.95E+01,4.74E+00
2023,112.495,150,2.14E-01,5.20E+00,1.94E+01,4.20E+00
2024,106.245,150.001,2.36E-01,4.95E+00,1.90E+01,3.60E+00
2025,99.9953,150.002,2.56E-01,4.66E+00,1.85E+01,3.13E+00
2026,93.3289,150.003,2.75E-01,4.35E+00,1.79E+01,2.92E+00
2027,86.6624,150.004,2.93E-01,4.05E+00,1.72E+01,3.04E+00
2028,79.996,150.004,3.09E-01,3.79E+00,1.64E+01,3.53E+00
2029,73.3296,150.005,3.23E-01,3.56E+00,1.57E+01,4.28E+00
2030,66.6633,150.006,3.36E-01,3.37E+00,1.49E+01,5.19E+00
2031,59.9969,150.007,3.48E-01,3.22E+00,1.41E+01,6.17E+00
2032,53.3306,150.007,3.58E-01,3.10E+00,1.33E+01,7.18E+00
2033,46.6642,150.008,3.68E-01,3.03E+00,1.26E+01,8.18E+00
2034,39.9979,150.008,3.76E-01,3.00E+00,1.19E+01,9.17E+00
2035,33.3315,150.009,3.83E-01,3.00E+00,1.12E+01,1.01E+01
2036,26.6652,150.009,3.90E-01,3.04E+00,1.05E+01,1.11E+01
2037,19.9988,150.01,3.95E-01,3.11E+00,9.93E+00,1.20E+01
2038,13.3325,150.01,4.00E-01,3.22E+00,9.35E+00,1.30E+01
2039,6.66612,150.01,4.04E-01,3.36E+00,8.81E+00,1.39E+01
2040,-0.000247251,150.01,4.06E-01,3.53E+00,8.29E+00,1.48E+01
2041,-6.66662,150.01,4.08E-01,3.74E+00,7.81E+00,1.57E+01
2042,-13.333,150.01,4.08E-01,3.99E+00,7.36E+00,1.65E+01
2043,-19.9994,150.01,4.08E-01,4.28E+00,6.94E+00,1.74E+01
2044,-26.6658,150.01,4.06E-01,4.61E+00,6.55E+00,1.82E+01
2045,-33.3321,150.01,4.03E-01,4.99E+00,6.18E+00,1.91E+01
2046,-39.9985,150.01,3.99E-01,5.44E+00,5.83E+00,1.99E+01
2047,-46.6649,150.009,3.94E-01,5.94E+00,5.49E+00,2.06E+01
2048,-53.3312,150.009,3.87E-01,6.52E+00,5.18E+00,2.14E+01
2049,-59.9976,150.009,3.80E-01,7.16E+00,4.89E+00,2.21E+01
2050,-66.664,150.008,3.71E-01,7.86E+00,4.62E+00,2.28E+01
2051,-73.3303,150.007,3.62E-01,8.61E+00,4.39E+00,2.34E+01
2052,-79.9967,150.007,3.52E-01,9.37E+00,4.19E+00,2.40E+01
2053,-86.6632,150.006,3.40E-01,1.02E+01,4.03E+00,2.46E+01
2054,-93.3295,150.005,3.27E-01,1.09E+01,3.91E+00,2.52E+01
2055,-99.996,150.005,3.13E-01,1.16E+01,3.85E+00,2.56E+01
2056,-106.246,150.004,2.98E-01,1.21E+01,3.83E+00,2.60E+01
2057,-112.496,150.003,2.81E-01,1.25E+01,3.84E+00,2.63E+01
2058,-118.746,150.002,2.61E-01,1.27E+01,3.90E+00,2.65E+01
2059,-124.996,150.001,2.40E-01,1.26E+01,4.04E+00,2.65E+01
2060,-124.996,143.75,3.24E-01,1.36E+01,5.01E+00,2.58E+01
2061,-124.996,137.499,4.05E-01,1.42E+01,5.68E+00,2.55E+01
2062,-124.996,131.248,4.83E-01,1.48E+01,6.16E+00,2.54E+01
2063,-0.000305513,143.762,5.77E-01,6.06E+00,9.43E+00,1.29E+01
2064,-0.000369248,137.513,7.61E-01,8.12E+00,1.04E+01,1.16E+01
2065,-0.000426683,131.264,9.52E-01,9.73E+00,1.11E+01,1.07E+01
2066,66.6625,143.756,4.75E-01,6.05E+00,1.59E+01,3.39E+00
2067,66.6618,137.506,6.20E-01,8.22E+00,1.69E+01,2.64E+00
2068,66.6611,131.255,7.70E-01,9.94E+00,1.78E+01,2.67E+00
2069,99.788,143.751,3.60E-01,7.01E+00,1.95E+01,4.22E+00
2070,99.7872,137.5,4.68E-01,8.83E+00,2.04E+01,5.36E+00
2071,99.7865,131.249,5.77E-01,1.02E+01,2.12E+01,6.18E+00
2072,106.159,137.499,4.31E-01,8.89E+00,2.07E+01,6.08E+00
2073,112.494,137.498,3.90E-01,8.89E+00,2.08E+01,6.68E+00
2074,118.744,137.497,3.48E-01,8.78E+00,2.07E+01,7.10E+00
2075,112.494,143.749,3.00E-01,7.31E+00,2.01E+01,5.63E+00
2076,106.174,143.743,3.31E-01,7.19E+00,1.99E+01,4.96E+00
2077,118.744,143.748,2.68E-01,7.33E+00,2.01E+01,6.14E+00
2078,112.493,131.247,4.81E-01,1.01E+01,2.14E+01,7.34E+00
2079,106.172,131.255,5.30E-01,1.02E+01,2.15E+01,6.83E+00
2080,118.743,131.246,4.29E-01,9.84E+00,2.11E+01,7.67E+00
2081,86.6615,143.753,4.12E-01,6.59E+00,1.83E+01,2.95E+00
2082,86.6607,137.502,5.37E-01,8.60E+00,1.93E+01,3.77E+00
2083,86.6599,131.251,6.63E-01,1.02E+01,2.02E+01,4.61E+00
2084,93.2421,137.501,5.04E-01,8.72E+00,1.99E+01,4.56E+00
2085,93.2571,143.759,3.87E-01,6.80E+00,1.89E+01,3.50E+00
2086,93.2554,131.243,6.22E-01,1.02E+01,2.08E+01,5.42E+00
2087,73.3281,137.505,5.95E-01,8.34E+00,1.77E+01,2.67E+00
2088,79.9943,137.503,5.67E-01,8.47E+00,1.85E+01,3.09E+00
2089,73.3288,143.755,4.56E-01,6.21E+00,1.67E+01,2.87E+00
2090,79.9952,143.754,4.35E-01,6.39E+00,1.75E+01,2.71E+00
2091,73.3273,131.254,7.37E-01,1.00E+01,1.86E+01,3.12E+00
2092,79.9936,131.253,7.02E-01,1.01E+01,1.94E+01,3.81E+00
2093,33.3312,143.76,5.44E-01,5.69E+00,1.23E+01,8.00E+00
2094,33.3308,137.511,7.15E-01,7.91E+00,1.32E+01,6.47E+00
2095,33.3304,131.261,8.93E-01,9.68E+00,1.39E+01,5.43E+00
2096,53.33,143.758,5.07E-01,5.81E+00,1.44E+01,5.06E+00
2097,53.3294,137.508,6.64E-01,8.03E+00,1.53E+01,3.70E+00
2098,53.3288,131.258,8.27E-01,9.81E+00,1.61E+01,2.96E+00
2099,59.9956,137.507,6.43E-01,8.12E+00,1.61E+01,3.02E+00
2100,59.9963,143.757,4.92E-01,5.92E+00,1.51E+01,4.16E+00
2101,59.995,131.257,8.00E-01,9.87E+00,1.70E+01,2.61E+00
2102,39.997,137.51,7.00E-01,7.93E+00,1.38E+01,5.49E+00
2103,46.6632,137.509,6.83E-01,7.97E+00,1.46E+01,4.55E+00
2104,39.9974,143.759,5.33E-01,5.70E+00,1.29E+01,7.01E+00
2105,46.6637,143.759,5.21E-01,5.74E+00,1.36E+01,6.02E+00
2106,39.9966,131.26,8.73E-01,9.71E+00,1.46E+01,4.48E+00
2107,46.6627,131.259,8.51E-01,9.75E+00,1.54E+01,3.63E+00
2108,19.9986,143.761,5.62E-01,5.76E+00,1.10E+01,9.97E+00
2109,19.9984,137.512,7.39E-01,7.93E+00,1.19E+01,8.48E+00
2110,19.9982,131.263,9.24E-01,9.66E+00,1.27E+01,7.46E+00
2111,26.6646,137.511,7.28E-01,7.91E+00,1.25E+01,7.47E+00
2112,26.6649,143.76,5.53E-01,5.71E+00,1.16E+01,8.99E+00
2113,26.6643,131.262,9.10E-01,9.66E+00,1.33E+01,6.43E+00
2114,6.66589,137.513,7.56E-01,8.03E+00,1.08E+01,1.05E+01
2115,13.3321,137.512,7.48E-01,7.97E+00,1.14E+01,9.50E+00
2116,6.66601,143.762,5.74E-01,5.93E+00,9.92E+00,1.19E+01
2117,13.3323,143.761,5.68E-01,5.83E+00,1.05E+01,1.10E+01
2118,6.66578,131.264,9.46E-01,9.69E+00,1.16E+01,9.59E+00
2119,13.332,131.263,9.36E-01,9.67E+00,1.21E+01,8.52E+00
2120,-59.9972,143.759,5.35E-01,9.22E+00,6.16E+00,2.10E+01
2121,-59.9968,137.51,6.99E-01,1.08E+01,7.21E+00,2.04E+01
2122,-59.9965,131.26,8.68E-01,1.20E+01,8.08E+00,2.03E+01
2123,-26.6656,143.762,5.76E-01,6.91E+00,7.78E+00,1.67E+01
2124,-26.6655,137.513,7.58E-01,8.75E+00,8.78E+00,1.57E+01
2125,-26.6654,131.264,9.47E-01,1.01E+01,9.63E+00,1.52E+01
2126,-13.3329,143.762,5.80E-01,6.41E+00,8.55E+00,1.48E+01
2127,-13.3329,137.513,7.64E-01,8.37E+00,9.52E+00,1.36E+01
2128,-13.3329,131.264,9.56E-01,9.86E+00,1.03E+01,1.29E+01
2129,-6.66661,137.513,7.63E-01,8.23E+00,9.92E+00,1.26E+01
2130,-6.66661,143.762,5.80E-01,6.22E+00,8.97E+00,1.39E+01
2131,-6.66664,131.264,9.56E-01,9.79E+00,1.07E+01,1.18E+01
2132,-19.9992,137.513,7.62E-01,8.54E+00,9.14E+00,1.47E+01
2133,-19.9993,143.762,5.79E-01,6.64E+00,8.15E+00,1.58E+01
2134,-19.9991,131.264,9.53E-01,9.97E+00,9.97E+00,1.40E+01
2135,-39.9983,143.761,5.65E-01,7.63E+00,7.08E+00,1.85E+01
2136,-39.998,137.512,7.41E-01,9.35E+00,8.12E+00,1.77E+01
2137,-39.9979,131.263,9.25E-01,1.06E+01,8.99E+00,1.73E+01
2138,-33.3318,137.512,7.51E-01,9.02E+00,8.44E+00,1.67E+01
2139,-33.332,143.761,5.71E-01,7.24E+00,7.42E+00,1.76E+01
2140,-33.3317,131.263,9.37E-01,1.03E+01,9.31E+00,1.63E+01
2141,-53.3306,137.51,7.16E-01,1.03E+01,7.50E+00,1.95E+01
2142,-46.6642,137.511,7.30E-01,9.76E+00,7.80E+00,1.86E+01
2143,-53.3308,143.76,5.47E-01,8.62E+00,6.45E+00,2.02E+01
2144,-46.6646,143.76,5.57E-01,8.09E+00,6.76E+00,1.94E+01
2145,-53.3302,131.261,8.90E-01,1.15E+01,8.37E+00,1.94E+01
2146,-46.6641,131.262,9.09E-01,1.10E+01,8.68E+00,1.84E+01
2147,-93.249,143.763,4.55E-01,1.27E+01,5.16E+00,2.44E+01
2148,-93.2281,137.504,5.86E-01,1.40E+01,6.16E+00,2.42E+01
2149,-93.248,131.245,7.17E-01,1.50E+01,6.94E+00,2.43E+01
2150,-73.3298,143.758,5.08E-01,1.06E+01,5.66E+00,2.25E+01
2151,-73.3293,137.508,6.61E-01,1.21E+01,6.70E+00,2.21E+01
2152,-73.3288,131.257,8.16E-01,1.33E+01,7.56E+00,2.21E+01
2153,-66.663,137.509,6.81E-01,1.14E+01,6.94E+00,2.12E+01
2154,-66.6634,143.758,5.22E-01,9.88E+00,5.90E+00,2.18E+01
2155,-66.6626,131.259,8.43E-01,1.26E+01,7.81E+00,2.12E+01
2156,-86.6318,137.505,6.13E-01,1.34E+01,6.30E+00,2.35E+01
2157,-79.9956,137.507,6.38E-01,1.28E+01,6.48E+00,2.28E+01
2158,-86.6424,143.759,4.74E-01,1.20E+01,5.29E+00,2.38E+01
2159,-79.9961,143.757,4.92E-01,1.13E+01,5.46E+00,2.32E+01
2160,-86.6414,131.252,7.53E-01,1.45E+01,7.12E+00,2.37E+01
2161,-79.9951,131.256,7.86E-01,1.39E+01,7.33E+00,2.29E+01
2162,-106.165,143.744,4.10E-01,1.36E+01,5.02E+00,2.53E+01
2163,-106.145,137.502,5.24E-01,1.47E+01,5.95E+00,2.51E+01
2164,-106.165,131.259,6.35E-01,1.56E+01,6.65E+00,2.52E+01
2165,-99.7239,137.503,5.56E-01,1.45E+01,6.04E+00,2.47E+01
2166,-99.7479,143.754,4.34E-01,1.32E+01,5.08E+00,2.49E+01
2167,-99.747,131.252,6.77E-01,1.54E+01,6.79E+00,2.49E+01
2168,-118.745,137.5,4.49E-01,1.46E+01,5.77E+00,2.55E+01
2169,-112.465,137.501,4.88E-01,1.48E+01,5.86E+00,2.54E+01
2170,-118.745,143.751,3.56E-01,1.38E+01,4.97E+00,2.58E+01
2171,-112.475,143.749,3.84E-01,1.39E+01,4.98E+00,2.56E+01
2172,-118.745,131.248,5.38E-01,1.53E+01,6.36E+00,2.55E+01
2173,-112.475,131.253,5.88E-01,1.56E+01,6.51E+00,2.54E+01
2174,-131.246,150,2.15E-01,1.23E+01,4.18E+00,2.63E+01
2175,-137.497,149.999,1.87E-01,1.17E+01,4.29E+00,2.61E+01
2176,-143.747,149.999,1.56E-01,1.09E+01,4.33E+00,2.57E+01
2177,-149.998,149.998,1.21E-01,1.00E+01,4.14E+00,2.54E+01
2178,-149.999,143.747,1.55E-01,1.09E+01,4.34E+00,2.57E+01
2179,-150,137.497,1.87E-01,1.17E+01,4.32E+00,2.61E+01
2180,-150,131.246,2.15E-01,1.24E+01,4.21E+00,2.64E+01
2181,-150.001,124.996,2.40E-01,1.27E+01,4.07E+00,2.65E+01
2182,-150.002,118.746,2.61E-01,1.28E+01,3.90E+00,2.64E+01
2183,-150.003,112.496,2.81E-01,1.26E+01,3.77E+00,2.62E+01
2184,-150.004,106.246,2.98E-01,1.23E+01,3.75E+00,2.61E+01
2185,-150.005,99.996,3.13E-01,1.17E+01,3.83E+00,2.57E+01
2186,-150.005,93.3295,3.28E-01,1.09E+01,3.97E+00,2.51E+01
2187,-150.006,86.663,3.41E-01,1.01E+01,4.12E+00,2.45E+01
2188,-150.007,79.9967,3.52E-01,9.38E+00,4.27E+00,2.40E+01
2189,-150.007,73.3303,3.62E-01,8.64E+00,4.45E+00,2.34E+01
2190,-150.008,66.664,3.72E-01,7.91E+00,4.67E+00,2.28E+01
2191,-150.009,59.9976,3.80E-01,7.21E+00,4.92E+00,2.21E+01
2192,-150.009,53.3312,3.87E-01,6.55E+00,5.20E+00,2.14E+01
2193,-150.009,46.6649,3.93E-01,5.96E+00,5.51E+00,2.07E+01
2194,-150.01,39.9985,3.99E-01,5.44E+00,5.83E+00,1.99E+01
2195,-150.01,33.3321,4.03E-01,4.99E+00,6.17E+00,1.91E+01
2196,-150.01,26.6658,4.06E-01,4.60E+00,6.54E+00,1.82E+01
2197,-150.01,19.9994,4.07E-01,4.26E+00,6.92E+00,1.74E+01
2198,-150.01,13.333,4.08E-01,3.97E+00,7.33E+00,1.65E+01
2199,-150.01,6.66661,4.07E-01,3.72E+00,7.77E+00,1.56E+01
2200,-150.01,0.000231388,4.06E-01,3.51E+00,8.24E+00,1.47E+01
2201,-150.01,-6.66614,4.03E-01,3.33E+00,8.74E+00,1.38E+01
2202,-150.01,-13.3325,3.99E-01,3.19E+00,9.28E+00,1.29E+01
2203,-150.01,-19.9989,3.95E-01,3.08E+00,9.85E+00,1.20E+01
2204,-150.009,-26.6652,3.89E-01,3.00E+00,1.05E+01,1.10E+01
2205,-150.009,-33.3315,3.83E-01,2.96E+00,1.11E+01,1.01E+01
2206,-150.008,-39.9979,3.75E-01,2.96E+00,1.18E+01,9.10E+00
2207,-150.008,-46.6643,3.67E-01,3.00E+00,1.25E+01,8.10E+00
2208,-150.007,-53.3305,3.57E-01,3.07E+00,1.32E+01,7.10E+00
2209,-150.007,-59.9969,3.47E-01,3.18E+00,1.40E+01,6.10E+00
2210,-150.006,-66.6633,3.35E-01,3.33E+00,1.47E+01,5.12E+00
2211,-150.005,-73.3296,3.22E-01,3.51E+00,1.55E+01,4.21E+00
2212,-150.004,-79.996,3.08E-01,3.72E+00,1.62E+01,3.43E+00
2213,-150.004,-86.6624,2.92E-01,3.94E+00,1.70E+01,2.89E+00
2214,-150.003,-93.3288,2.74E-01,4.21E+00,1.79E+01,2.74E+00
2215,-150.002,-99.9954,2.54E-01,4.50E+00,1.85E+01,3.15E+00
2216,-150.001,-106.245,2.35E-01,4.84E+00,1.89E+01,3.83E+00
2217,-150,-112.495,2.13E-01,5.26E+00,1.93E+01,4.49E+00
2218,-149.999,-118.745,1.89E-01,5.61E+00,1.94E+01,5.12E+00
2219,-149.998,-124.995,1.64E-01,5.85E+00,1.94E+01,5.64E+00
2220,-149.998,-131.245,1.38E-01,5.95E+00,1.91E+01,5.98E+00
2221,-149.997,-137.496,1.10E-01,5.83E+00,1.85E+01,6.05E+00
2222,-149.997,-143.746,8.29E-02,5.44E+00,1.78E+01,5.77E+00
2223,-149.996,-149.996,5.67E-02,4.66E+00,1.72E+01,5.10E+00
2224,-143.746,-149.997,8.30E-02,5.44E+00,1.78E+01,5.78E+00
2225,-137.496,-149.997,1.11E-01,5.84E+00,1.85E+01,6.08E+00
2226,-131.245,-149.998,1.38E-01,5.95E+00,1.91E+01,6.01E+00
2227,-143.762,0.00028841,5.77E-01,6.19E+00,9.37E+00,1.28E+01
2228,-137.513,0.000339387,7.61E-01,8.23E+00,1.03E+01,1.14E+01
2229,-131.264,0.000385376,9.53E-01,9.82E+00,1.11E+01,1.06E+01
2230,-143.757,79.9961,4.93E-01,1.14E+01,5.51E+00,2.30E+01
2231,-137.507,79.9955,6.39E-01,1.28E+01,6.50E+00,2.28E+01
2232,-131.256,79.9951,7.87E-01,1.40E+01,7.33E+00,2.29E+01
2233,-143.751,118.746,3.56E-01,1.39E+01,4.92E+00,2.58E+01
2234,-137.5,118.745,4.49E-01,1.47E+01,5.75E+00,2.55E+01
2235,-131.248,118.745,5.38E-01,1.53E+01,6.37E+00,2.55E+01
2236,-143.748,137.497,2.48E-01,1.23E+01,5.00E+00,2.55E+01
2237,-137.497,137.497,3.05E-01,1.29E+01,5.37E+00,2.53E+01
2238,-131.246,137.498,3.57E-01,1.36E+01,5.57E+00,2.53E+01
2239,-137.497,143.748,2.48E-01,1.23E+01,4.99E+00,2.55E+01
2240,-143.748,143.748,2.03E-01,1.15E+01,4.80E+00,2.54E+01
2241,-131.246,143.749,2.88E-01,1.30E+01,5.04E+00,2.57E+01
2242,-137.499,124.996,4.05E-01,1.43E+01,5.65E+00,2.55E+01
2243,-137.498,131.246,3.57E-01,1.36E+01,5.56E+00,2.53E+01
2244,-143.75,124.996,3.24E-01,1.36E+01,4.98E+00,2.58E+01
2245,-143.749,131.246,2.88E-01,1.31E+01,5.04E+00,2.57E+01
2246,-131.248,124.996,4.83E-01,1.48E+01,6.15E+00,2.54E+01
2247,-131.247,131.247,4.23E-01,1.42E+01,5.90E+00,2.53E+01
2248,-143.754,99.789,4.34E-01,1.35E+01,5.14E+00,2.51E+01
2249,-137.503,99.7885,5.57E-01,1.46E+01,6.05E+00,2.48E+01
2250,-131.252,99.7881,6.78E-01,1.55E+01,6.78E+00,2.49E+01
2251,-137.502,106.16,5.24E-01,1.49E+01,5.98E+00,2.52E+01
2252,-137.501,112.495,4.88E-01,1.49E+01,5.89E+00,2.54E+01
2253,-143.746,106.175,4.11E-01,1.38E+01,5.07E+00,2.54E+01
2254,-143.752,112.495,3.85E-01,1.40E+01,4.95E+00,2.57E+01
2255,-131.258,106.174,6.35E-01,1.57E+01,6.65E+00,2.53E+01
2256,-131.249,112.495,5.89E-01,1.56E+01,6.53E+00,2.54E+01
2257,-137.505,86.6619,6.14E-01,1.36E+01,6.31E+00,2.35E+01
2258,-137.504,93.2434,5.87E-01,1.42E+01,6.15E+00,2.42E+01
2259,-143.756,86.6624,4.75E-01,1.21E+01,5.34E+00,2.37E+01
2260,-143.762,93.258,4.56E-01,1.29E+01,5.20E+00,2.44E+01
2261,-131.255,86.6615,7.54E-01,1.47E+01,7.12E+00,2.37E+01
2262,-131.246,93.257,7.18E-01,1.52E+01,6.93E+00,2.44E+01
2263,-143.761,39.9982,5.65E-01,7.79E+00,7.06E+00,1.84E+01
2264,-137.512,39.998,7.42E-01,9.47E+00,8.08E+00,1.76E+01
2265,-131.263,39.9978,9.25E-01,1.07E+01,8.96E+00,1.73E+01
2266,-143.759,59.9972,5.36E-01,9.37E+00,6.17E+00,2.09E+01
2267,-137.51,59.9968,7.00E-01,1.09E+01,7.20E+00,2.03E+01
2268,-131.26,59.9964,8.69E-01,1.20E+01,8.07E+00,2.02E+01
2269,-137.509,66.663,6.82E-01,1.15E+01,6.95E+00,2.12E+01
2270,-137.508,73.3293,6.62E-01,1.21E+01,6.71E+00,2.20E+01
2271,-143.758,66.6634,5.23E-01,1.00E+01,5.92E+00,2.16E+01
2272,-143.758,73.3297,5.09E-01,1.07E+01,5.70E+00,2.23E+01
2273,-131.259,66.6626,8.44E-01,1.26E+01,7.81E+00,2.12E+01
2274,-131.257,73.3288,8.17E-01,1.33E+01,7.56E+00,2.21E+01
2275,-137.511,46.6643,7.30E-01,9.88E+00,7.77E+00,1.85E+01
2276,-137.51,53.3305,7.16E-01,1.04E+01,7.48E+00,1.95E+01
2277,-143.76,46.6646,5.57E-01,8.25E+00,6.75E+00,1.93E+01
2278,-143.76,53.3309,5.47E-01,8.78E+00,6.45E+00,2.01E+01
2279,-131.262,46.664,9.09E-01,1.11E+01,8.65E+00,1.83E+01
2280,-131.261,53.3302,8.91E-01,1.15E+01,8.36E+00,1.93E+01
2281,-143.762,19.9993,5.79E-01,6.79E+00,8.10E+00,1.56E+01
2282,-137.513,19.9992,7.63E-01,8.66E+00,9.08E+00,1.45E+01
2283,-131.264,19.9991,9.54E-01,1.01E+01,9.91E+00,1.39E+01
2284,-137.513,26.6655,7.58E-01,8.87E+00,8.73E+00,1.56E+01
2285,-137.512,33.3318,7.51E-01,9.14E+00,8.40E+00,1.66E+01
2286,-143.762,26.6656,5.76E-01,7.06E+00,7.74E+00,1.66E+01
2287,-143.761,33.3319,5.71E-01,7.39E+00,7.39E+00,1.75E+01
2288,-131.264,26.6654,9.48E-01,1.02E+01,9.58E+00,1.51E+01
2289,-131.263,33.3316,9.38E-01,1.04E+01,9.27E+00,1.62E+01
2290,-137.513,6.66661,7.64E-01,8.34E+00,9.85E+00,1.25E+01
2291,-137.513,13.3329,7.64E-01,8.49E+00,9.45E+00,1.35E+01
2292,-143.762,6.66661,5.79E-01,6.35E+00,8.91E+00,1.37E+01
2293,-143.762,13.3329,5.80E-01,6.55E+00,8.49E+00,1.47E+01
2294,-131.264,6.66661,9.56E-01,9.88E+00,1.06E+01,1.17E+01
2295,-131.264,13.3329,9.57E-01,9.96E+00,1.03E+01,1.28E+01
2296,-143.755,-73.3288,4.55E-01,6.25E+00,1.66E+01,2.83E+00
2297,-137.505,-73.328,5.94E-01,8.39E+00,1.76E+01,2.67E+00
2298,-131.254,-73.3273,7.36E-01,1.01E+01,1.86E+01,3.15E+00
2299,-143.76,-33.3311,5.43E-01,5.77E+00,1.22E+01,7.89E+00
2300,-137.511,-33.3308,7.14E-01,7.98E+00,1.31E+01,6.38E+00
2301,-131.261,-33.3304,8.92E-01,9.74E+00,1.38E+01,5.35E+00
2302,-143.761,-13.3323,5.68E-01,5.94E+00,1.04E+01,1.08E+01
2303,-137.512,-13.3321,7.48E-01,8.07E+00,1.13E+01,9.39E+00
2304,-131.263,-13.332,9.36E-01,9.75E+00,1.20E+01,8.42E+00
2305,-137.513,-6.66589,7.56E-01,8.14E+00,1.08E+01,1.04E+01
2306,-143.762,-6.66601,5.73E-01,6.05E+00,9.85E+00,1.18E+01
2307,-131.264,-6.66581,9.46E-01,9.78E+00,1.15E+01,9.49E+00
2308,-137.511,-26.6645,7.28E-01,7.99E+00,1.24E+01,7.37E+00
2309,-137.512,-19.9984,7.39E-01,8.02E+00,1.18E+01,8.37E+00
2310,-143.76,-26.6648,5.53E-01,5.80E+00,1.15E+01,8.87E+00
2311,-143.761,-19.9986,5.61E-01,5.86E+00,1.09E+01,9.85E+00
2312,-131.262,-26.6643,9.09E-01,9.73E+00,1.32E+01,6.34E+00
2313,-131.263,-19.9982,9.24E-01,9.73E+00,1.26E+01,7.37E+00
2314,-143.758,-53.3299,5.06E-01,5.87E+00,1.43E+01,4.98E+00
2315,-137.508,-53.3294,6.63E-01,8.09E+00,1.52E+01,3.64E+00
2316,-131.258,-53.3288,8.26E-01,9.86E+00,1.60E+01,2.92E+00
2317,-137.509,-46.6631,6.82E-01,8.03E+00,1.45E+01,4.48E+00
2318,-137.51,-39.997,6.99E-01,8.00E+00,1.37E+01,5.41E+00
2319,-143.759,-46.6636,5.20E-01,5.81E+00,1.36E+01,5.93E+00
2320,-143.759,-39.9974,5.32E-01,5.78E+00,1.29E+01,6.91E+00
2321,-131.259,-46.6627,8.50E-01,9.81E+00,1.53E+01,3.57E+00
2322,-131.26,-39.9966,8.73E-01,9.77E+00,1.45E+01,4.41E+00
2323,-137.506,-66.6617,6.19E-01,8.27E+00,1.68E+01,2.62E+00
2324,-137.507,-59.9956,6.42E-01,8.18E+00,1.60E+01,2.97E+00
2325,-143.756,-66.6624,4.73E-01,6.09E+00,1.58E+01,3.34E+00
2326,-143.757,-59.9962,4.91E-01,5.97E+00,1.50E+01,4.09E+00
2327,-131.255,-66.6611,7.69E-01,9.99E+00,1.77E+01,2.68E+00
2328,-131.257,-59.995,7.99E-01,9.93E+00,1.68E+01,2.59E+00
2329,-143.744,-112.463,3.00E-01,7.44E+00,2.01E+01,5.96E+00
2330,-137.498,-112.442,3.89E-01,9.07E+00,2.08E+01,6.96E+00
2331,-131.252,-112.462,4.79E-01,1.03E+01,2.14E+01,7.56E+00
2332,-143.762,-93.2316,3.86E-01,6.92E+00,1.90E+01,3.49E+00
2333,-137.501,-93.2018,5.03E-01,8.82E+00,2.00E+01,4.62E+00
2334,-131.24,-93.23,6.21E-01,1.03E+01,2.08E+01,5.52E+00
2335,-137.502,-86.6204,5.35E-01,8.65E+00,1.93E+01,3.83E+00
2336,-137.504,-79.9943,5.66E-01,8.51E+00,1.85E+01,3.12E+00
2337,-143.757,-86.6348,4.11E-01,6.64E+00,1.83E+01,2.95E+00
2338,-143.754,-79.9951,4.34E-01,6.43E+00,1.74E+01,2.69E+00
2339,-131.247,-86.6331,6.62E-01,1.02E+01,2.02E+01,4.70E+00
2340,-131.253,-79.9936,7.01E-01,1.01E+01,1.95E+01,3.88E+00
2341,-137.499,-106.096,4.29E-01,9.08E+00,2.07E+01,6.22E+00
2342,-137.5,-99.691,4.67E-01,8.99E+00,2.04E+01,5.42E+00
2343,-143.741,-106.134,3.30E-01,7.28E+00,1.99E+01,5.17E+00
2344,-143.752,-99.7271,3.59E-01,7.14E+00,1.96E+01,4.27E+00
2345,-131.257,-106.133,5.29E-01,1.04E+01,2.14E+01,6.96E+00
2346,-131.248,-99.7256,5.76E-01,1.03E+01,2.12E+01,6.28E+00
2347,-143.747,-131.245,1.95E-01,7.53E+00,1.94E+01,7.18E+00
2348,-137.496,-131.245,2.54E-01,8.62E+00,1.97E+01,7.90E+00
2349,-131.245,-131.245,3.14E-01,9.34E+00,2.02E+01,8.24E+00
2350,-137.496,-124.994,3.02E-01,8.91E+00,2.03E+01,7.85E+00
2351,-137.497,-118.724,3.47E-01,9.03E+00,2.07E+01,7.52E+00
2352,-143.747,-124.995,2.32E-01,7.64E+00,1.99E+01,7.00E+00
2353,-143.746,-118.731,2.67E-01,7.58E+00,2.01E+01,6.59E+00
2354,-131.245,-124.994,3.71E-01,9.81E+00,2.07E+01,8.27E+00
2355,-131.248,-118.73,4.27E-01,1.01E+01,2.12E+01,8.02E+00
2356,-137.495,-143.746,1.57E-01,7.20E+00,1.87E+01,7.08E+00
2357,-137.495,-137.495,2.06E-01,8.08E+00,1.91E+01,7.66E+00
2358,-143.746,-143.746,1.19E-01,6.53E+00,1.81E+01,6.62E+00
2359,-143.746,-137.495,1.57E-01,7.20E+00,1.87E+01,7.07E+00
2360,-131.245,-143.747,1.96E-01,7.53E+00,1.94E+01,7.19E+00
2361,-131.245,-137.496,2.55E-01,8.62E+00,1.97E+01,7.90E+00
2362,131.245,149.998,1.39E-01,5.22E+00,1.91E+01,5.14E+00
2363,137.495,149.997,1.13E-01,4.60E+00,1.84E+01,4.72E+00
2364,143.745,149.997,8.99E-02,3.40E+00,1.75E+01,3.74E+00
2365,149.995,149.997,7.20E-02,9.08E+00,9.95E+00,1.37E+01
2366,149.996,143.746,1.02E-01,1.01E+01,1.04E+01,1.46E+01
2367,149.996,137.496,1.31E-01,1.09E+01,1.09E+01,1.53E+01
2368,149.997,131.246,1.61E-01,1.14E+01,1.13E+01,1.57E+01
2369,149.998,124.995,1.88E-01,1.17E+01,1.15E+01,1.58E+01
2370,149.999,118.745,2.14E-01,1.17E+01,1.16E+01,1.56E+01
2371,149.999,112.495,2.38E-01,1.16E+01,1.16E+01,1.53E+01
2372,150,106.245,2.59E-01,1.13E+01,1.14E+01,1.49E+01
2373,150.001,99.9953,2.79E-01,1.09E+01,1.12E+01,1.44E+01
2374,150.002,93.3287,2.97E-01,1.04E+01,1.09E+01,1.40E+01
2375,150.003,86.6623,3.13E-01,9.85E+00,1.05E+01,1.35E+01
2376,150.004,79.9958,3.28E-01,9.28E+00,1.02E+01,1.33E+01
2377,150.005,73.3294,3.41E-01,8.71E+00,9.83E+00,1.33E+01
2378,150.006,66.6631,3.53E-01,8.15E+00,9.48E+00,1.33E+01
2379,150.007,59.9967,3.63E-01,7.60E+00,9.15E+00,1.35E+01
2380,150.007,53.3303,3.72E-01,7.09E+00,8.85E+00,1.37E+01
2381,150.008,46.664,3.80E-01,6.62E+00,8.57E+00,1.39E+01
2382,150.008,39.9976,3.87E-01,6.18E+00,8.32E+00,1.41E+01
2383,150.009,33.3312,3.93E-01,5.78E+00,8.10E+00,1.43E+01
2384,150.009,26.6649,3.98E-01,5.42E+00,7.91E+00,1.45E+01
2385,150.01,19.9985,4.02E-01,5.11E+00,7.74E+00,1.47E+01
2386,150.01,13.3321,4.05E-01,4.83E+00,7.60E+00,1.49E+01
2387,150.01,6.66577,4.07E-01,4.60E+00,7.50E+00,1.51E+01
2388,150.01,-0.000608898,4.08E-01,4.41E+00,7.41E+00,1.52E+01
2389,150.01,-6.66699,4.08E-01,4.26E+00,7.36E+00,1.54E+01
2390,150.01,-13.3333,4.07E-01,4.15E+00,7.33E+00,1.55E+01
2391,150.01,-19.9998,4.04E-01,4.09E+00,7.34E+00,1.56E+01
2392,150.01,-26.6662,4.01E-01,4.08E+00,7.36E+00,1.57E+01
2393,150.01,-33.3325,3.96E-01,4.11E+00,7.42E+00,1.58E+01
2394,150.01,-39.9989,3.90E-01,4.20E+00,7.50E+00,1.58E+01
2395,150.009,-46.6653,3.83E-01,4.37E+00,7.61E+00,1.58E+01
2396,150.009,-53.3316,3.76E-01,4.62E+00,7.75E+00,1.58E+01
2397,150.009,-59.998,3.67E-01,4.95E+00,7.91E+00,1.58E+01
2398,150.008,-66.6643,3.57E-01,5.33E+00,8.11E+00,1.57E+01
2399,150.007,-73.3306,3.46E-01,5.74E+00,8.33E+00,1.57E+01
2400,150.007,-79.997,3.34E-01,6.16E+00,8.56E+00,1.55E+01
2401,150.006,-86.6634,3.21E-01,6.56E+00,8.82E+00,1.54E+01
2402,150.005,-93.3298,3.07E-01,6.92E+00,9.08E+00,1.52E+01
2403,150.005,-99.9963,2.91E-01,7.24E+00,9.34E+00,1.49E+01
2404,150.004,-106.246,2.75E-01,7.51E+00,9.56E+00,1.46E+01
2405,150.003,-112.496,2.57E-01,7.76E+00,9.73E+00,1.43E+01
2406,150.003,-118.746,2.36E-01,7.99E+00,9.86E+00,1.40E+01
2407,150.002,-124.996,2.14E-01,8.18E+00,9.91E+00,1.36E+01
2408,150.001,-131.246,1.90E-01,8.30E+00,9.86E+00,1.34E+01
2409,150.001,-137.497,1.62E-01,8.31E+00,9.70E+00,1.33E+01
2410,150,-143.747,1.33E-01,8.21E+00,9.40E+00,1.33E+01
2411,149.999,-149.998,1.01E-01,8.09E+00,8.95E+00,1.36E+01
2412,143.748,-149.999,1.49E-01,1.24E+01,5.12E+00,2.41E+01
2413,137.497,-149.999,1.87E-01,1.23E+01,5.00E+00,2.55E+01
2414,131.246,-150,2.17E-01,1.25E+01,4.63E+00,2.61E+01
2415,143.762,-0.000384273,5.80E-01,6.63E+00,9.16E+00,1.24E+01
2416,137.513,-0.000498121,7.64E-01,8.49E+00,1.03E+01,1.12E+01
2417,131.264,-0.000525535,9.55E-01,1.01E+01,1.10E+01,1.04E+01
2418,143.754,79.9951,4.50E-01,6.41E+00,1.70E+01,2.77E+00
2419,137.504,79.9943,5.79E-01,8.51E+00,1.82E+01,3.16E+00
2420,131.253,79.9935,7.12E-01,1.02E+01,1.91E+01,3.90E+00
2421,143.748,118.744,2.82E-01,6.78E+00,1.94E+01,5.73E+00
2422,137.497,118.744,3.57E-01,8.53E+00,2.03E+01,6.89E+00
2423,131.246,118.743,4.34E-01,9.75E+00,2.09E+01,7.59E+00
2424,143.746,137.495,1.69E-01,5.58E+00,1.81E+01,5.44E+00
2425,137.495,137.495,2.12E-01,7.08E+00,1.88E+01,6.54E+00
2426,131.244,137.496,2.58E-01,7.99E+00,1.96E+01,7.12E+00
2427,137.495,143.746,1.62E-01,6.04E+00,1.85E+01,5.81E+00
2428,143.745,143.746,1.29E-01,4.67E+00,1.76E+01,4.74E+00
2429,131.245,143.747,1.97E-01,6.83E+00,1.93E+01,6.34E+00
2430,137.496,124.994,3.11E-01,8.25E+00,1.99E+01,7.05E+00
2431,137.495,131.245,2.62E-01,7.79E+00,1.94E+01,6.94E+00
2432,143.747,124.995,2.46E-01,6.57E+00,1.92E+01,5.91E+00
2433,143.746,131.245,2.08E-01,6.20E+00,1.87E+01,5.83E+00
2434,131.245,124.994,3.77E-01,9.38E+00,2.05E+01,7.69E+00
2435,131.245,131.245,3.18E-01,8.81E+00,2.00E+01,7.55E+00
2436,143.751,99.788,3.76E-01,6.79E+00,1.89E+01,4.16E+00
2437,137.5,99.7872,4.80E-01,8.73E+00,2.00E+01,5.32E+00
2438,131.249,99.7865,5.86E-01,1.02E+01,2.09E+01,6.20E+00
2439,137.499,106.159,4.42E-01,8.74E+00,2.03E+01,5.99E+00
2440,137.498,112.494,4.01E-01,8.68E+00,2.04E+01,6.52E+00
2441,143.743,106.174,3.47E-01,6.86E+00,1.92E+01,4.79E+00
2442,143.749,112.494,3.16E-01,6.86E+00,1.94E+01,5.33E+00
2443,131.254,106.172,5.38E-01,1.01E+01,2.11E+01,6.81E+00
2444,131.246,112.493,4.87E-01,9.98E+00,2.11E+01,7.28E+00
2445,137.502,86.6606,5.49E-01,8.61E+00,1.89E+01,3.83E+00
2446,137.501,93.2421,5.16E-01,8.68E+00,1.95E+01,4.58E+00
2447,143.753,86.6615,4.27E-01,6.55E+00,1.77E+01,3.02E+00
2448,143.759,93.257,4.03E-01,6.67E+00,1.83E+01,3.53E+00
2449,131.251,86.6599,6.73E-01,1.02E+01,1.99E+01,4.69E+00
2450,131.243,93.2554,6.31E-01,1.02E+01,2.05E+01,5.47E+00
2451,143.759,39.9974,5.42E-01,6.00E+00,1.26E+01,6.70E+00
2452,137.51,39.9969,7.08E-01,8.13E+00,1.37E+01,5.29E+00
2453,131.26,39.9965,8.81E-01,9.91E+00,1.44E+01,4.31E+00
2454,143.757,59.9962,5.04E-01,6.09E+00,1.47E+01,4.00E+00
2455,137.507,59.9955,6.54E-01,8.25E+00,1.59E+01,2.94E+00
2456,131.257,59.9949,8.09E-01,1.00E+01,1.67E+01,2.58E+00
2457,137.506,66.6617,6.31E-01,8.33E+00,1.66E+01,2.63E+00
2458,137.505,73.328,6.07E-01,8.42E+00,1.74E+01,2.71E+00
2459,143.756,66.6625,4.88E-01,6.18E+00,1.55E+01,3.30E+00
2460,143.755,73.3288,4.70E-01,6.29E+00,1.62E+01,2.86E+00
2461,131.255,66.6611,7.79E-01,1.01E+01,1.75E+01,2.71E+00
2462,131.254,73.3273,7.47E-01,1.01E+01,1.84E+01,3.20E+00
2463,137.509,46.6631,6.92E-01,8.15E+00,1.44E+01,4.38E+00
2464,137.508,53.3293,6.74E-01,8.19E+00,1.51E+01,3.57E+00
2465,143.759,46.6637,5.31E-01,6.00E+00,1.33E+01,5.76E+00
2466,143.758,53.3299,5.18E-01,6.03E+00,1.40E+01,4.84E+00
2467,131.259,46.6627,8.59E-01,9.94E+00,1.52E+01,3.49E+00
2468,131.258,53.3288,8.35E-01,9.97E+00,1.59E+01,2.87E+00
2469,143.761,19.9985,5.67E-01,6.18E+00,1.07E+01,9.56E+00
2470,137.512,19.9983,7.45E-01,8.21E+00,1.18E+01,8.22E+00
2471,131.263,19.9981,9.30E-01,9.92E+00,1.25E+01,7.23E+00
2472,137.511,26.6645,7.35E-01,8.16E+00,1.24E+01,7.23E+00
2473,137.511,33.3307,7.23E-01,8.13E+00,1.30E+01,6.25E+00
2474,143.761,26.6648,5.60E-01,6.09E+00,1.13E+01,8.61E+00
2475,143.76,33.3311,5.52E-01,6.03E+00,1.19E+01,7.66E+00
2476,131.262,26.6642,9.16E-01,9.90E+00,1.31E+01,6.21E+00
2477,131.261,33.3304,9.00E-01,9.90E+00,1.37E+01,5.23E+00
2478,137.513,6.66576,7.60E-01,8.38E+00,1.08E+01,1.02E+01
2479,137.512,13.332,7.53E-01,8.28E+00,1.13E+01,9.22E+00
2480,143.762,6.66593,5.77E-01,6.45E+00,9.64E+00,1.15E+01
2481,143.761,13.3322,5.73E-01,6.30E+00,1.02E+01,1.05E+01
2482,131.264,6.66569,9.50E-01,1.00E+01,1.15E+01,9.34E+00
2483,131.263,13.3319,9.41E-01,9.96E+00,1.20E+01,8.28E+00
2484,143.758,-73.3298,4.96E-01,1.15E+01,5.53E+00,2.18E+01
2485,137.508,-73.3294,6.52E-01,1.27E+01,6.75E+00,2.17E+01
2486,131.257,-73.3289,8.10E-01,1.38E+01,7.53E+00,2.18E+01
2487,143.761,-33.332,5.67E-01,8.01E+00,7.23E+00,1.70E+01
2488,137.512,-33.3319,7.48E-01,9.52E+00,8.48E+00,1.64E+01
2489,131.263,-33.3317,9.36E-01,1.08E+01,9.26E+00,1.60E+01
2490,143.762,-13.333,5.80E-01,7.07E+00,8.30E+00,1.43E+01
2491,137.513,-13.333,7.65E-01,8.80E+00,9.52E+00,1.33E+01
2492,131.264,-13.333,9.57E-01,1.02E+01,1.03E+01,1.26E+01
2493,137.513,-6.66674,7.65E-01,8.63E+00,9.91E+00,1.23E+01
2494,143.762,-6.66669,5.80E-01,6.83E+00,8.71E+00,1.33E+01
2495,131.264,-6.66674,9.58E-01,1.01E+01,1.06E+01,1.15E+01
2496,137.513,-26.6656,7.56E-01,9.23E+00,8.81E+00,1.53E+01
2497,137.513,-19.9993,7.62E-01,8.99E+00,9.15E+00,1.43E+01
2498,143.762,-26.6656,5.73E-01,7.65E+00,7.56E+00,1.61E+01
2499,143.762,-19.9994,5.77E-01,7.34E+00,7.92E+00,1.52E+01
2500,131.264,-26.6654,9.46E-01,1.05E+01,9.58E+00,1.49E+01
2501,131.264,-19.9993,9.54E-01,1.04E+01,9.91E+00,1.38E+01
2502,143.76,-53.3309,5.38E-01,9.45E+00,6.30E+00,1.96E+01
2503,137.511,-53.3306,7.10E-01,1.08E+01,7.55E+00,1.92E+01
2504,131.261,-53.3303,8.85E-01,1.19E+01,8.34E+00,1.91E+01
2505,137.511,-46.6644,7.25E-01,1.03E+01,7.85E+00,1.83E+01
2506,137.512,-39.9982,7.38E-01,9.87E+00,8.16E+00,1.73E+01
2507,143.761,-46.6646,5.49E-01,8.90E+00,6.60E+00,1.88E+01
2508,143.761,-39.9983,5.59E-01,8.42E+00,6.91E+00,1.79E+01
2509,131.262,-46.6641,9.05E-01,1.14E+01,8.64E+00,1.81E+01
2510,131.263,-39.998,9.22E-01,1.11E+01,8.95E+00,1.71E+01
2511,137.509,-66.6631,6.73E-01,1.20E+01,7.00E+00,2.09E+01
2512,137.51,-59.9969,6.93E-01,1.14E+01,7.27E+00,2.01E+01
2513,143.759,-66.6635,5.12E-01,1.07E+01,5.77E+00,2.11E+01
2514,143.759,-59.9972,5.26E-01,1.01E+01,6.03E+00,2.04E+01
2515,131.259,-66.6627,8.38E-01,1.31E+01,7.78E+00,2.10E+01
2516,131.26,-59.9965,8.63E-01,1.25E+01,8.06E+00,2.01E+01
2517,143.747,-112.464,3.68E-01,1.51E+01,4.86E+00,2.46E+01
2518,137.501,-112.443,4.78E-01,1.57E+01,5.92E+00,2.47E+01
2519,131.255,-112.464,5.83E-01,1.62E+01,6.57E+00,2.50E+01
2520,143.766,-93.2326,4.40E-01,1.37E+01,5.02E+00,2.37E+01
2521,137.504,-93.2031,5.76E-01,1.47E+01,6.18E+00,2.37E+01
2522,131.243,-93.2317,7.10E-01,1.56E+01,6.93E+00,2.40E+01
2523,137.506,-86.6218,6.03E-01,1.41E+01,6.34E+00,2.31E+01
2524,137.507,-79.9957,6.29E-01,1.34E+01,6.53E+00,2.24E+01
2525,143.76,-86.6358,4.60E-01,1.30E+01,5.15E+00,2.31E+01
2526,143.757,-79.9962,4.79E-01,1.22E+01,5.33E+00,2.25E+01
2527,131.251,-86.6348,7.46E-01,1.51E+01,7.11E+00,2.34E+01
2528,131.256,-79.9952,7.79E-01,1.45E+01,7.31E+00,2.26E+01
2529,137.502,-106.097,5.13E-01,1.56E+01,5.97E+00,2.45E+01
2530,137.503,-99.6924,5.46E-01,1.52E+01,6.06E+00,2.42E+01
2531,143.744,-106.135,3.94E-01,1.48E+01,4.87E+00,2.44E+01
2532,143.755,-99.7281,4.18E-01,1.43E+01,4.93E+00,2.41E+01
2533,131.26,-106.135,6.28E-01,1.62E+01,6.67E+00,2.48E+01
2534,131.251,-99.7273,6.71E-01,1.60E+01,6.79E+00,2.45E+01
2535,143.75,-131.246,2.73E-01,1.47E+01,5.09E+00,2.42E+01
2536,137.498,-131.246,3.51E-01,1.46E+01,5.87E+00,2.44E+01
2537,131.247,-131.247,4.20E-01,1.47E+01,6.22E+00,2.48E+01
2538,137.499,-124.996,3.97E-01,1.52E+01,5.88E+00,2.46E+01
2539,137.5,-118.725,4.39E-01,1.56E+01,5.89E+00,2.47E+01
2540,143.751,-124.996,3.08E-01,1.51E+01,4.98E+00,2.45E+01
2541,143.75,-118.732,3.39E-01,1.52E+01,4.89E+00,2.46E+01
2542,131.248,-124.996,4.79E-01,1.54E+01,6.37E+00,2.49E+01
2543,131.251,-118.732,5.33E-01,1.59E+01,6.48E+00,2.50E+01
2544,137.497,-143.748,2.45E-01,1.31E+01,5.54E+00,2.47E+01
2545,137.498,-137.497,3.00E-01,1.39E+01,5.79E+00,2.44E+01
2546,143.749,-143.748,1.93E-01,1.32E+01,5.25E+00,2.37E+01
2547,143.749,-137.497,2.35E-01,1.40E+01,5.20E+00,2.39E+01
2548,131.246,-143.749,2.89E-01,1.33E+01,5.46E+00,2.53E+01
2549,131.247,-137.498,3.57E-01,1.41E+01,5.95E+00,2.49E+01
2550,149.999,-156.249,6.84E-02,7.87E+00,8.55E+00,1.42E+01
2551,149.999,-162.5,3.71E-02,7.12E+00,8.10E+00,1.50E+01
2552,150,-168.75,1.13E-02,5.15E+00,7.83E+00,1.63E+01
2553,150,-175,0.00E+00,3.77E+00,7.85E+00,1.71E+01
2554,143.75,-175,0.00E+00,5.49E+00,2.72E+00,3.26E+01
2555,137.5,-175,0.00E+00,4.48E+00,4.12E+00,3.40E+01
2556,131.25,-175,0.00E+00,3.40E+00,4.57E+00,3.51E+01
2557,125,-175,0.00E+00,2.36E+00,4.77E+00,3.59E+01
2558,118.75,-175,0.00E+00,1.57E+00,4.82E+00,3.64E+01
2559,112.5,-175,0.00E+00,1.45E+00,4.80E+00,3.67E+01
2560,106.25,-175,0.00E+00,2.07E+00,4.73E+00,3.69E+01
2561,100,-175,0.00E+00,3.07E+00,4.57E+00,3.68E+01
2562,93.3333,-175,0.00E+00,4.21E+00,4.35E+00,3.68E+01
2563,86.6667,-175,0.00E+00,5.37E+00,4.13E+00,3.67E+01
2564,80,-175,0.00E+00,6.48E+00,3.89E+00,3.65E+01
2565,73.3333,-175,0.00E+00,7.57E+00,3.62E+00,3.62E+01
2566,66.6667,-175,0.00E+00,8.60E+00,3.32E+00,3.59E+01
2567,60,-175,0.00E+00,9.58E+00,3.00E+00,3.56E+01
2568,53.3333,-175,0.00E+00,1.05E+01,2.65E+00,3.53E+01
2569,46.6667,-175,0.00E+00,1.13E+01,2.29E+00,3.49E+01
2570,40,-175,0.00E+00,1.21E+01,1.90E+00,3.45E+01
2571,33.3333,-175,0.00E+00,1.28E+01,1.48E+00,3.40E+01
2572,26.6667,-175,0.00E+00,1.34E+01,1.04E+00,3.35E+01
2573,20,-175,0.00E+00,1.40E+01,5.72E-01,3.29E+01
2574,13.3333,-175,0.00E+00,1.45E+01,2.86E-01,3.23E+01
2575,6.66667,-175,0.00E+00,1.49E+01,5.01E-01,3.17E+01
2576,0,-175,0.00E+00,1.53E+01,1.05E+00,3.10E+01
2577,-6.66667,-175,0.00E+00,1.56E+01,1.64E+00,3.02E+01
2578,-13.3333,-175,0.00E+00,1.59E+01,2.26E+00,2.95E+01
2579,-20,-175,0.00E+00,1.61E+01,2.91E+00,2.87E+01
2580,-26.6667,-175,0.00E+00,1.62E+01,3.60E+00,2.78E+01
2581,-33.3333,-175,0.00E+00,1.63E+01,4.31E+00,2.69E+01
2582,-40,-175,0.00E+00,1.63E+01,5.05E+00,2.60E+01
2583,-46.6667,-175,0.00E+00,1.63E+01,5.83E+00,2.51E+01
2584,-53.3333,-175,0.00E+00,1.62E+01,6.65E+00,2.40E+01
2585,-60,-175,0.00E+00,1.60E+01,7.50E+00,2.30E+01
2586,-66.6667,-175,0.00E+00,1.58E+01,8.40E+00,2.18E+01
2587,-73.3333,-175,0.00E+00,1.54E+01,9.34E+00,2.06E+01
2588,-80,-175,0.00E+00,1.49E+01,1.03E+01,1.93E+01
2589,-86.6667,-175,0.00E+00,1.43E+01,1.14E+01,1.79E+01
2590,-93.3333,-175,0.00E+00,1.35E+01,1.24E+01,1.64E+01
2591,-100,-175,0.00E+00,1.26E+01,1.35E+01,1.49E+01
2592,-106.25,-175,0.00E+00,1.15E+01,1.46E+01,1.32E+01
2593,-112.5,-175,0.00E+00,1.02E+01,1.56E+01,1.14E+01
2594,-118.75,-175,0.00E+00,8.83E+00,1.66E+01,9.69E+00
2595,-125,-175,0.00E+00,7.30E+00,1.75E+01,7.87E+00
2596,-131.25,-175,0.00E+00,5.71E+00,1.84E+01,6.07E+00
2597,-137.5,-175,0.00E+00,4.14E+00,1.91E+01,4.43E+00
2598,-143.75,-175,0.00E+00,2.80E+00,1.95E+01,3.08E+00
2599,-150,-175,0.00E+00,1.89E+00,1.97E+01,2.22E+00
2600,-149.998,-168.749,3.75E-03,1.56E+00,1.90E+01,2.29E+00
2601,-149.997,-162.498,1.51E-02,1.99E+00,1.79E+01,2.92E+00
2602,-149.997,-156.247,3.34E-02,3.46E+00,1.72E+01,4.08E+00
2603,-1.12E-05,-168.754,3.53E-02,1.15E+01,2.54E+00,2.76E+01
2604,0.000106909,-162.507,1.25E-01,4.89E+00,5.01E+00,2.17E+01
2605,0.00016538,-156.259,2.53E-01,2.08E+00,6.77E+00,1.75E+01
2606,79.999,-168.753,3.19E-02,3.67E+00,2.52E+00,3.37E+01
2607,79.9982,-162.505,1.12E-01,2.99E+00,1.52E+00,2.90E+01
2608,79.9974,-156.256,2.22E-01,6.78E+00,2.71E+00,2.59E+01
2609,118.749,-168.752,2.61E-02,3.97E+00,3.30E+00,3.39E+01
2610,118.747,-162.503,8.89E-02,8.17E+00,1.79E+00,3.01E+01
2611,118.747,-156.253,1.72E-01,1.10E+01,2.62E+00,2.77E+01
2612,137.499,-168.751,2.12E-02,6.48E+00,2.76E+00,3.19E+01
2613,137.498,-162.501,6.88E-02,9.54E+00,2.30E+00,2.87E+01
2614,137.497,-156.251,1.27E-01,1.12E+01,3.92E+00,2.68E+01
2615,143.748,-162.501,5.72E-02,1.03E+01,3.28E+00,2.71E+01
2616,143.749,-168.751,1.85E-02,7.45E+00,2.56E+00,3.04E+01
2617,143.748,-156.25,1.03E-01,1.16E+01,4.57E+00,2.53E+01
2618,124.997,-162.503,8.33E-02,8.83E+00,1.83E+00,2.98E+01
2619,131.247,-162.502,7.69E-02,9.27E+00,1.93E+00,2.94E+01
2620,124.999,-168.752,2.47E-02,4.81E+00,3.21E+00,3.35E+01
2621,131.249,-168.752,2.31E-02,5.70E+00,3.00E+00,3.29E+01
2622,124.997,-156.252,1.59E-01,1.13E+01,2.85E+00,2.76E+01
2623,131.247,-156.251,1.45E-01,1.13E+01,3.27E+00,2.74E+01
2624,99.7924,-168.753,2.93E-02,3.29E+00,3.11E+00,3.42E+01
2625,99.7913,-162.504,1.02E-01,5.66E+00,1.65E+00,2.99E+01
2626,99.7904,-156.255,2.01E-01,9.30E+00,2.43E+00,2.72E+01
2627,106.163,-162.504,9.80E-02,6.55E+00,1.71E+00,3.01E+01
2628,112.498,-162.503,9.37E-02,7.38E+00,1.76E+00,3.01E+01
2629,106.178,-168.746,2.84E-02,3.29E+00,3.25E+00,3.43E+01
2630,112.499,-168.752,2.73E-02,3.46E+00,3.30E+00,3.42E+01
2631,106.176,-156.261,1.92E-01,9.98E+00,2.44E+00,2.75E+01
2632,112.497,-156.253,1.83E-01,1.06E+01,2.50E+00,2.77E+01
2633,86.6647,-162.505,1.09E-01,3.77E+00,1.55E+00,2.93E+01
2634,93.2462,-162.504,1.05E-01,4.71E+00,1.60E+00,2.96E+01
2635,86.6656,-168.753,3.11E-02,3.44E+00,2.73E+00,3.39E+01
2636,93.2613,-168.76,3.02E-02,3.35E+00,2.92E+00,3.41E+01
2637,86.6638,-156.256,2.16E-01,7.64E+00,2.57E+00,2.64E+01
2638,93.2594,-156.248,2.09E-01,8.49E+00,2.48E+00,2.68E+01
2639,39.9995,-168.754,3.50E-02,8.48E+00,1.65E+00,3.13E+01
2640,39.9992,-162.506,1.24E-01,2.70E+00,2.43E+00,2.59E+01
2641,39.9988,-156.258,2.49E-01,2.41E+00,4.29E+00,2.22E+01
2642,59.9992,-168.754,3.38E-02,6.09E+00,1.90E+00,3.27E+01
2643,59.9987,-162.506,1.19E-01,2.58E+00,1.66E+00,2.76E+01
2644,59.9981,-156.257,2.38E-01,4.33E+00,3.38E+00,2.42E+01
2645,66.6652,-162.506,1.17E-01,2.56E+00,1.55E+00,2.81E+01
2646,73.3317,-162.505,1.14E-01,2.61E+00,1.51E+00,2.85E+01
2647,66.6658,-168.753,3.32E-02,5.18E+00,2.07E+00,3.30E+01
2648,73.3324,-168.753,3.26E-02,4.28E+00,2.29E+00,3.34E+01
2649,66.6645,-156.257,2.34E-01,5.11E+00,3.12E+00,2.48E+01
2650,73.331,-156.257,2.28E-01,5.92E+00,2.90E+00,2.54E+01
2651,46.6657,-162.506,1.23E-01,2.65E+00,2.11E+00,2.65E+01
2652,53.3322,-162.506,1.21E-01,2.61E+00,1.85E+00,2.71E+01
2653,46.6661,-168.754,3.47E-02,7.75E+00,1.70E+00,3.18E+01
2654,53.3327,-168.754,3.43E-02,6.95E+00,1.77E+00,3.23E+01
2655,46.6653,-156.258,2.46E-01,2.98E+00,3.97E+00,2.29E+01
2656,53.3317,-156.258,2.43E-01,3.62E+00,3.66E+00,2.36E+01
2657,19.9997,-168.754,3.56E-02,1.03E+01,1.57E+00,2.96E+01
2658,19.9996,-162.507,1.26E-01,3.78E+00,3.57E+00,2.40E+01
2659,19.9995,-156.259,2.54E-01,2.00E+00,5.41E+00,2.00E+01
2660,26.6661,-162.507,1.26E-01,3.32E+00,3.16E+00,2.47E+01
2661,33.3327,-162.506,1.25E-01,2.90E+00,2.78E+00,2.53E+01
2662,26.6663,-168.754,3.55E-02,9.73E+00,1.59E+00,3.02E+01
2663,33.3329,-168.754,3.53E-02,9.14E+00,1.62E+00,3.08E+01
2664,26.6659,-156.259,2.53E-01,1.97E+00,5.02E+00,2.08E+01
2665,33.3324,-156.258,2.52E-01,2.06E+00,4.64E+00,2.15E+01
2666,6.66661,-162.507,1.26E-01,4.57E+00,4.50E+00,2.25E+01
2667,13.3331,-162.507,1.26E-01,4.20E+00,4.02E+00,2.32E+01
2668,6.66657,-168.754,3.55E-02,1.11E+01,2.01E+00,2.83E+01
2669,13.3332,-168.754,3.56E-02,1.07E+01,1.65E+00,2.90E+01
2670,6.6666,-156.259,2.54E-01,2.05E+00,6.29E+00,1.84E+01
2671,13.333,-156.259,2.54E-01,2.03E+00,5.83E+00,1.92E+01
2672,-73.3324,-168.753,2.89E-02,1.17E+01,1.06E+01,1.72E+01
2673,-73.3314,-162.504,1.01E-01,5.28E+00,1.27E+01,1.12E+01
2674,-73.3305,-156.255,2.03E-01,2.25E+00,1.42E+01,6.95E+00
2675,-33.3329,-168.754,3.35E-02,1.25E+01,5.71E+00,2.35E+01
2676,-33.3324,-162.506,1.18E-01,5.86E+00,8.03E+00,1.75E+01
2677,-33.3319,-156.258,2.39E-01,2.21E+00,9.69E+00,1.31E+01
2678,-13.3331,-168.754,3.48E-02,1.21E+01,3.72E+00,2.61E+01
2679,-13.3329,-162.506,1.23E-01,5.41E+00,6.12E+00,2.01E+01
2680,-13.3327,-156.258,2.49E-01,2.13E+00,7.84E+00,1.58E+01
2681,-6.66637,-162.506,1.24E-01,5.17E+00,5.55E+00,2.09E+01
2682,-6.66658,-168.754,3.51E-02,1.18E+01,3.12E+00,2.68E+01
2683,-6.66625,-156.258,2.51E-01,2.11E+00,7.29E+00,1.67E+01
2684,-26.6658,-162.506,1.20E-01,5.75E+00,7.36E+00,1.84E+01
2685,-19.9994,-162.506,1.22E-01,5.60E+00,6.73E+00,1.93E+01
2686,-26.6663,-168.754,3.40E-02,1.24E+01,5.02E+00,2.44E+01
2687,-19.9998,-168.754,3.44E-02,1.23E+01,4.35E+00,2.52E+01
2688,-26.6655,-156.258,2.43E-01,2.18E+00,9.04E+00,1.40E+01
2689,-19.9991,-156.258,2.46E-01,2.16E+00,8.42E+00,1.49E+01
2690,-53.3326,-168.753,3.16E-02,1.25E+01,7.99E+00,2.06E+01
2691,-53.3319,-162.505,1.11E-01,5.85E+00,1.02E+01,1.45E+01
2692,-53.3312,-156.257,2.24E-01,2.26E+00,1.18E+01,1.01E+01
2693,-46.6653,-162.505,1.14E-01,5.91E+00,9.45E+00,1.56E+01
2694,-39.9989,-162.506,1.16E-01,5.91E+00,8.72E+00,1.65E+01
2695,-46.666,-168.753,3.23E-02,1.25E+01,7.20E+00,2.16E+01
2696,-39.9995,-168.753,3.29E-02,1.26E+01,6.44E+00,2.26E+01
2697,-46.6647,-156.257,2.29E-01,2.25E+00,1.11E+01,1.12E+01
2698,-39.9984,-156.257,2.34E-01,2.23E+00,1.04E+01,1.21E+01
2699,-66.6648,-162.505,1.05E-01,5.54E+00,1.18E+01,1.24E+01
2700,-59.9984,-162.505,1.08E-01,5.73E+00,1.10E+01,1.35E+01
2701,-66.6657,-168.753,2.99E-02,1.21E+01,9.69E+00,1.84E+01
2702,-59.9992,-168.753,3.08E-02,1.23E+01,8.82E+00,1.95E+01
2703,-66.664,-156.256,2.10E-01,2.26E+00,1.34E+01,8.03E+00
2704,-59.9976,-156.256,2.17E-01,2.26E+00,1.26E+01,9.09E+00
2705,-112.468,-168.746,1.94E-02,7.24E+00,1.63E+01,8.64E+00
2706,-112.445,-162.501,6.75E-02,2.67E+00,1.74E+01,4.33E+00
2707,-112.465,-156.256,1.35E-01,2.58E+00,1.84E+01,3.21E+00
2708,-93.2358,-168.762,2.49E-02,1.00E+01,1.35E+01,1.31E+01
2709,-93.2056,-162.503,8.69E-02,4.05E+00,1.52E+01,7.54E+00
2710,-93.2335,-156.243,1.74E-01,2.20E+00,1.66E+01,4.01E+00
2711,-86.6241,-162.503,9.22E-02,4.53E+00,1.44E+01,8.79E+00
2712,-79.9979,-162.504,9.70E-02,4.94E+00,1.35E+01,1.00E+01
2713,-86.6388,-168.756,2.64E-02,1.07E+01,1.25E+01,1.45E+01
2714,-79.999,-168.753,2.77E-02,1.13E+01,1.15E+01,1.59E+01
2715,-86.6366,-156.25,1.84E-01,2.21E+00,1.58E+01,4.88E+00
2716,-79.9969,-156.254,1.94E-01,2.23E+00,1.50E+01,5.89E+00
2717,-106.099,-162.502,7.46E-02,3.03E+00,1.68E+01,5.25E+00
2718,-99.6949,-162.502,8.11E-02,3.52E+00,1.60E+01,6.35E+00
2719,-106.139,-168.742,2.15E-02,8.31E+00,1.54E+01,1.02E+01
2720,-99.7314,-168.753,2.33E-02,9.24E+00,1.44E+01,1.17E+01
2721,-106.136,-156.261,1.49E-01,2.32E+00,1.79E+01,3.16E+00
2722,-99.7291,-156.251,1.62E-01,2.22E+00,1.73E+01,3.42E+00
2723,-131.248,-168.75,1.19E-02,3.64E+00,1.84E+01,4.46E+00
2724,-131.247,-162.499,4.23E-02,2.03E+00,1.85E+01,3.15E+00
2725,-131.246,-156.249,8.60E-02,3.75E+00,1.88E+01,4.37E+00
2726,-124.997,-162.5,5.13E-02,2.20E+00,1.83E+01,3.30E+00
2727,-118.727,-162.501,5.97E-02,2.41E+00,1.79E+01,3.68E+00
2728,-124.999,-168.75,1.46E-02,4.84E+00,1.78E+01,5.72E+00
2729,-118.736,-168.749,1.71E-02,6.07E+00,1.71E+01,7.15E+00
2730,-124.996,-156.249,1.03E-01,3.41E+00,1.89E+01,3.94E+00
2731,-118.733,-156.252,1.20E-01,2.99E+00,1.87E+01,3.50E+00
2732,-143.747,-162.498,2.37E-02,2.01E+00,1.84E+01,3.13E+00
2733,-137.497,-162.499,3.30E-02,1.97E+00,1.86E+01,3.14E+00
2734,-143.748,-168.749,6.32E-03,1.94E+00,1.91E+01,2.76E+00
2735,-137.498,-168.75,9.11E-03,2.63E+00,1.89E+01,3.47E+00
2736,-143.746,-156.247,5.02E-02,3.87E+00,1.79E+01,4.54E+00
2737,-137.496,-156.248,6.81E-02,3.93E+00,1.85E+01,4.61E+00
2738,-149.998,156.249,8.34E-02,9.50E+00,3.53E+00,2.57E+01
2739,-149.998,162.5,4.62E-02,9.12E+00,2.33E+00,2.68E+01
2740,-149.999,168.751,1.45E-02,8.06E+00,2.11E+00,2.88E+01
2741,-150,175,0.00E+00,7.23E+00,2.66E+00,3.01E+01
2742,-143.75,175,0.00E+00,6.00E+00,3.34E+00,3.21E+01
2743,-137.5,175,0.00E+00,4.78E+00,3.87E+00,3.37E+01
2744,-131.25,175,0.00E+00,3.60E+00,4.26E+00,3.48E+01
2745,-125,175,0.00E+00,2.45E+00,4.52E+00,3.56E+01
2746,-118.75,175,0.00E+00,1.57E+00,4.65E+00,3.61E+01
2747,-112.5,175,0.00E+00,1.45E+00,4.68E+00,3.65E+01
2748,-106.25,175,0.00E+00,2.11E+00,4.66E+00,3.66E+01
2749,-100,175,0.00E+00,3.13E+00,4.54E+00,3.66E+01
2750,-93.3333,175,0.00E+00,4.30E+00,4.36E+00,3.66E+01
2751,-86.6667,175,0.00E+00,5.46E+00,4.17E+00,3.65E+01
2752,-80,175,0.00E+00,6.57E+00,3.94E+00,3.63E+01
2753,-73.3333,175,0.00E+00,7.65E+00,3.67E+00,3.61E+01
2754,-66.6667,175,0.00E+00,8.67E+00,3.37E+00,3.58E+01
2755,-60,175,0.00E+00,9.63E+00,3.06E+00,3.56E+01
2756,-53.3333,175,0.00E+00,1.05E+01,2.71E+00,3.52E+01
2757,-46.6667,175,0.00E+00,1.14E+01,2.34E+00,3.49E+01
2758,-40,175,0.00E+00,1.21E+01,1.94E+00,3.45E+01
2759,-33.3333,175,0.00E+00,1.28E+01,1.52E+00,3.40E+01
2760,-26.6667,175,0.00E+00,1.34E+01,1.06E+00,3.35E+01
2761,-20,175,0.00E+00,1.40E+01,5.81E-01,3.30E+01
2762,-13.3333,175,0.00E+00,1.44E+01,2.95E-01,3.24E+01
2763,-6.66667,175,0.00E+00,1.49E+01,5.26E-01,3.17E+01
2764,0,175,0.00E+00,1.52E+01,1.09E+00,3.11E+01
2765,6.66667,175,0.00E+00,1.55E+01,1.70E+00,3.04E+01
2766,13.3333,175,0.00E+00,1.58E+01,2.34E+00,2.96E+01
2767,20,175,0.00E+00,1.60E+01,3.01E+00,2.88E+01
2768,26.6667,175,0.00E+00,1.61E+01,3.71E+00,2.80E+01
2769,33.3333,175,0.00E+00,1.62E+01,4.44E+00,2.71E+01
2770,40,175,0.00E+00,1.63E+01,5.20E+00,2.62E+01
2771,46.6667,175,0.00E+00,1.62E+01,5.99E+00,2.52E+01
2772,53.3333,175,0.00E+00,1.61E+01,6.82E+00,2.42E+01
2773,60,175,0.00E+00,1.59E+01,7.69E+00,2.31E+01
2774,66.6667,175,0.00E+00,1.57E+01,8.60E+00,2.20E+01
2775,73.3333,175,0.00E+00,1.53E+01,9.55E+00,2.07E+01
2776,80,175,0.00E+00,1.48E+01,1.05E+01,1.94E+01
2777,86.6667,175,0.00E+00,1.41E+01,1.16E+01,1.80E+01
2778,93.3333,175,0.00E+00,1.33E+01,1.26E+01,1.65E+01
2779,100,175,0.00E+00,1.24E+01,1.37E+01,1.49E+01
2780,106.25,175,0.00E+00,1.13E+01,1.48E+01,1.32E+01
2781,112.5,175,0.00E+00,9.97E+00,1.58E+01,1.14E+01
2782,118.75,175,0.00E+00,8.55E+00,1.68E+01,9.64E+00
2783,125,175,0.00E+00,7.09E+00,1.77E+01,7.87E+00
2784,131.25,175,0.00E+00,5.72E+00,1.86E+01,6.25E+00
2785,137.5,175,0.00E+00,4.68E+00,1.92E+01,5.01E+00
2786,143.75,175,0.00E+00,4.09E+00,1.97E+01,4.22E+00
2787,150,175,0.00E+00,1.06E+01,1.09E+01,1.43E+01
2788,149.998,168.749,5.93E-03,1.01E+01,1.05E+01,1.39E+01
2789,149.997,162.498,2.17E-02,8.89E+00,9.93E+00,1.32E+01
2790,149.996,156.247,4.47E-02,8.40E+00,9.78E+00,1.31E+01
2791,1.06E-05,168.754,3.53E-02,1.14E+01,2.60E+00,2.77E+01
2792,-0.000112154,162.507,1.25E-01,4.82E+00,5.09E+00,2.18E+01
2793,-0.000182482,156.259,2.53E-01,2.08E+00,6.87E+00,1.76E+01
2794,-79.999,168.753,3.18E-02,3.70E+00,2.55E+00,3.35E+01
2795,-79.9982,162.505,1.11E-01,2.91E+00,1.51E+00,2.88E+01
2796,-79.9974,156.256,2.22E-01,6.64E+00,2.68E+00,2.57E+01
2797,-118.749,168.752,2.57E-02,3.91E+00,3.16E+00,3.38E+01
2798,-118.747,162.503,8.77E-02,8.02E+00,1.73E+00,3.01E+01
2799,-118.747,156.253,1.70E-01,1.09E+01,2.55E+00,2.78E+01
2800,-137.499,168.751,2.02E-02,6.60E+00,2.56E+00,3.18E+01
2801,-137.498,162.501,6.68E-02,9.42E+00,1.86E+00,2.89E+01
2802,-137.497,156.251,1.25E-01,1.09E+01,3.15E+00,2.71E+01
2803,-143.748,162.501,5.73E-02,9.43E+00,2.04E+00,2.80E+01
2804,-143.749,168.751,1.76E-02,7.39E+00,2.31E+00,3.05E+01
2805,-143.747,156.25,1.06E-01,1.04E+01,3.40E+00,2.65E+01
2806,-124.997,162.502,8.17E-02,8.69E+00,1.76E+00,2.99E+01
2807,-131.248,162.502,7.49E-02,9.16E+00,1.78E+00,2.95E+01
2808,-124.999,168.752,2.41E-02,4.80E+00,3.04E+00,3.34E+01
2809,-131.249,168.752,2.24E-02,5.73E+00,2.83E+00,3.28E+01
2810,-124.997,156.252,1.57E-01,1.12E+01,2.70E+00,2.77E+01
2811,-131.247,156.251,1.42E-01,1.12E+01,2.91E+00,2.75E+01
2812,-99.7924,168.753,2.92E-02,3.26E+00,3.08E+00,3.41E+01
2813,-99.7914,162.504,1.01E-01,5.53E+00,1.63E+00,2.98E+01
2814,-99.7904,156.255,2.00E-01,9.15E+00,2.40E+00,2.71E+01
2815,-106.163,162.504,9.74E-02,6.40E+00,1.68E+00,3.00E+01
2816,-112.498,162.503,9.28E-02,7.21E+00,1.71E+00,3.01E+01
2817,-106.178,168.745,2.82E-02,3.23E+00,3.18E+00,3.41E+01
2818,-112.499,168.752,2.70E-02,3.36E+00,3.19E+00,3.41E+01
2819,-106.176,156.261,1.91E-01,9.83E+00,2.41E+00,2.74E+01
2820,-112.497,156.253,1.81E-01,1.04E+01,2.46E+00,2.76E+01
2821,-86.6646,162.505,1.08E-01,3.65E+00,1.54E+00,2.92E+01
2822,-93.2462,162.504,1.05E-01,4.58E+00,1.59E+00,2.95E+01
2823,-86.6656,168.753,3.10E-02,3.43E+00,2.75E+00,3.38E+01
2824,-93.2612,168.76,3.01E-02,3.33E+00,2.93E+00,3.39E+01
2825,-86.6639,156.256,2.15E-01,7.50E+00,2.54E+00,2.62E+01
2826,-93.2594,156.249,2.08E-01,8.35E+00,2.45E+00,2.67E+01
2827,-39.9995,168.754,3.50E-02,8.49E+00,1.66E+00,3.13E+01
2828,-39.9992,162.506,1.24E-01,2.70E+00,2.40E+00,2.59E+01
2829,-39.9988,156.258,2.49E-01,2.38E+00,4.28E+00,2.22E+01
2830,-59.9992,168.754,3.37E-02,6.15E+00,1.92E+00,3.26E+01
2831,-59.9987,162.506,1.19E-01,2.57E+00,1.63E+00,2.75E+01
2832,-59.9981,156.257,2.38E-01,4.25E+00,3.33E+00,2.41E+01
2833,-66.6651,162.506,1.17E-01,2.55E+00,1.53E+00,2.80E+01
2834,-73.3317,162.505,1.14E-01,2.58E+00,1.50E+00,2.84E+01
2835,-66.6659,168.753,3.32E-02,5.26E+00,2.10E+00,3.29E+01
2836,-73.3324,168.753,3.25E-02,4.36E+00,2.32E+00,3.32E+01
2837,-66.6646,156.257,2.33E-01,5.00E+00,3.08E+00,2.47E+01
2838,-73.3309,156.257,2.28E-01,5.80E+00,2.85E+00,2.52E+01
2839,-46.6656,162.506,1.22E-01,2.64E+00,2.08E+00,2.65E+01
2840,-53.3322,162.506,1.21E-01,2.61E+00,1.82E+00,2.70E+01
2841,-46.6661,168.754,3.47E-02,7.78E+00,1.71E+00,3.18E+01
2842,-53.3326,168.754,3.42E-02,7.00E+00,1.79E+00,3.22E+01
2843,-46.6653,156.258,2.46E-01,2.93E+00,3.94E+00,2.28E+01
2844,-53.3317,156.258,2.42E-01,3.56E+00,3.62E+00,2.35E+01
2845,-19.9997,168.754,3.56E-02,1.02E+01,1.58E+00,2.97E+01
2846,-19.9996,162.507,1.26E-01,3.75E+00,3.60E+00,2.40E+01
2847,-19.9995,156.259,2.54E-01,2.00E+00,5.45E+00,2.00E+01
2848,-26.6661,162.507,1.26E-01,3.31E+00,3.16E+00,2.46E+01
2849,-33.3327,162.506,1.25E-01,2.90E+00,2.76E+00,2.53E+01
2850,-26.6664,168.754,3.55E-02,9.71E+00,1.60E+00,3.02E+01
2851,-33.3329,168.754,3.53E-02,9.14E+00,1.62E+00,3.08E+01
2852,-26.666,156.259,2.53E-01,1.97E+00,5.03E+00,2.07E+01
2853,-33.3324,156.258,2.51E-01,2.05E+00,4.64E+00,2.14E+01
2854,-6.6666,162.507,1.26E-01,4.51E+00,4.56E+00,2.25E+01
2855,-13.3332,162.507,1.26E-01,4.15E+00,4.06E+00,2.33E+01
2856,-6.66656,168.754,3.55E-02,1.11E+01,2.04E+00,2.84E+01
2857,-13.3331,168.754,3.56E-02,1.07E+01,1.67E+00,2.90E+01
2858,-6.66661,156.259,2.54E-01,2.05E+00,6.37E+00,1.84E+01
2859,-13.333,156.259,2.54E-01,2.02E+00,5.89E+00,1.92E+01
2860,73.3324,168.753,2.89E-02,1.16E+01,1.08E+01,1.73E+01
2861,73.3314,162.504,1.01E-01,5.15E+00,1.29E+01,1.13E+01
2862,73.3305,156.255,2.03E-01,2.24E+00,1.44E+01,7.08E+00
2863,33.3329,168.754,3.36E-02,1.24E+01,5.86E+00,2.36E+01
2864,33.3324,162.506,1.19E-01,5.74E+00,8.20E+00,1.76E+01
2865,33.3319,156.258,2.39E-01,2.20E+00,9.87E+00,1.32E+01
2866,13.3332,168.754,3.48E-02,1.20E+01,3.81E+00,2.62E+01
2867,13.3329,162.506,1.23E-01,5.32E+00,6.24E+00,2.02E+01
2868,13.3327,156.258,2.49E-01,2.13E+00,7.98E+00,1.59E+01
2869,6.66639,162.506,1.24E-01,5.09E+00,5.65E+00,2.10E+01
2870,6.66659,168.754,3.51E-02,1.17E+01,3.19E+00,2.69E+01
2871,6.66625,156.258,2.51E-01,2.11E+00,7.41E+00,1.67E+01
2872,26.6659,162.506,1.20E-01,5.64E+00,7.52E+00,1.85E+01
2873,19.9994,162.506,1.22E-01,5.50E+00,6.87E+00,1.94E+01
2874,26.6663,168.754,3.41E-02,1.23E+01,5.15E+00,2.45E+01
2875,19.9998,168.754,3.45E-02,1.22E+01,4.47E+00,2.54E+01
2876,26.6655,156.258,2.43E-01,2.18E+00,9.21E+00,1.41E+01
2877,19.9991,156.258,2.46E-01,2.16E+00,8.58E+00,1.50E+01
2878,53.3326,168.753,3.17E-02,1.24E+01,8.18E+00,2.07E+01
2879,53.3319,162.505,1.12E-01,5.72E+00,1.04E+01,1.47E+01
2880,53.3312,156.256,2.24E-01,2.25E+00,1.20E+01,1.03E+01
2881,46.6654,162.505,1.14E-01,5.78E+00,9.65E+00,1.57E+01
2882,39.9989,162.506,1.17E-01,5.79E+00,8.91E+00,1.67E+01
2883,46.6661,168.753,3.24E-02,1.24E+01,7.37E+00,2.17E+01
2884,39.9995,168.753,3.30E-02,1.25E+01,6.60E+00,2.27E+01
2885,46.6648,156.257,2.30E-01,2.24E+00,1.13E+01,1.13E+01
2886,39.9984,156.257,2.35E-01,2.22E+00,1.06E+01,1.23E+01
2887,66.6649,162.505,1.05E-01,5.41E+00,1.20E+01,1.25E+01
2888,59.9984,162.505,1.09E-01,5.60E+00,1.12E+01,1.36E+01
2889,66.6658,168.753,3.00E-02,1.19E+01,9.90E+00,1.85E+01
2890,59.9992,168.753,3.09E-02,1.22E+01,9.02E+00,1.96E+01
2891,66.664,156.255,2.11E-01,2.25E+00,1.36E+01,8.16E+00
2892,59.9976,156.256,2.18E-01,2.26E+00,1.28E+01,9.22E+00
2893,112.467,168.746,1.91E-02,7.05E+00,1.65E+01,8.68E+00
2894,112.445,162.501,6.69E-02,2.61E+00,1.75E+01,4.44E+00
2895,112.465,156.256,1.34E-01,2.55E+00,1.85E+01,3.15E+00
2896,93.2358,168.762,2.48E-02,9.87E+00,1.37E+01,1.32E+01
2897,93.2056,162.503,8.68E-02,3.92E+00,1.54E+01,7.66E+00
2898,93.2335,156.243,1.74E-01,2.19E+00,1.68E+01,4.12E+00
2899,86.6241,162.503,9.22E-02,4.40E+00,1.46E+01,8.90E+00
2900,79.9979,162.504,9.70E-02,4.81E+00,1.37E+01,1.01E+01
2901,86.6388,168.756,2.64E-02,1.06E+01,1.27E+01,1.46E+01
2902,79.999,168.752,2.77E-02,1.12E+01,1.17E+01,1.60E+01
2903,86.6366,156.25,1.84E-01,2.20E+00,1.60E+01,5.00E+00
2904,79.9969,156.254,1.94E-01,2.23E+00,1.52E+01,6.01E+00
2905,106.099,162.502,7.42E-02,2.95E+00,1.69E+01,5.37E+00
2906,99.6949,162.502,8.08E-02,3.41E+00,1.62E+01,6.46E+00
2907,106.138,168.742,2.13E-02,8.11E+00,1.56E+01,1.02E+01
2908,99.7314,168.753,2.32E-02,9.05E+00,1.46E+01,1.18E+01
2909,106.136,156.261,1.48E-01,2.32E+00,1.80E+01,3.18E+00
2910,99.7291,156.251,1.61E-01,2.21E+00,1.75E+01,3.49E+00
2911,131.248,168.75,1.15E-02,3.85E+00,1.86E+01,4.71E+00
2912,131.247,162.499,4.18E-02,1.93E+00,1.87E+01,3.02E+00
2913,131.246,156.249,8.58E-02,3.08E+00,1.88E+01,3.66E+00
2914,124.997,162.5,5.05E-02,2.13E+00,1.84E+01,3.31E+00
2915,118.727,162.501,5.90E-02,2.35E+00,1.81E+01,3.75E+00
2916,124.999,168.75,1.42E-02,4.80E+00,1.80E+01,5.85E+00
2917,118.735,168.749,1.68E-02,5.92E+00,1.73E+01,7.21E+00
2918,124.996,156.249,1.03E-01,3.08E+00,1.89E+01,3.55E+00
2919,118.733,156.252,1.19E-01,2.85E+00,1.88E+01,3.32E+00
2920,143.747,162.498,2.60E-02,1.70E+00,1.85E+01,2.54E+00
2921,137.497,162.499,3.32E-02,1.75E+00,1.87E+01,2.77E+00
2922,143.748,168.749,6.85E-03,3.11E+00,1.93E+01,3.49E+00
2923,137.498,168.75,8.95E-03,3.25E+00,1.90E+01,3.91E+00
2924,143.746,156.248,5.47E-02,1.96E+00,1.79E+01,2.75E+00
2925,137.496,156.248,6.93E-02,2.73E+00,1.85E+01,3.41E+00
2926,-156.25,175,0.00E+00,8.38E+00,1.89E+00,2.74E+01
2927,-162.5,175,0.00E+00,9.38E+00,1.26E+00,2.38E+01
2928,-168.75,175,0.00E+00,9.50E+00,8.79E-01,1.87E+01
2929,-175,175,0.00E+00,9.17E+00,7.34E-01,1.55E+01
2930,-175,168.75,0.00E+00,9.52E+00,8.81E-01,1.87E+01
2931,-175,162.5,0.00E+00,9.41E+00,1.28E+00,2.38E+01
2932,-175,156.25,0.00E+00,8.38E+00,1.94E+00,2.74E+01
2933,-175,150,0.00E+00,7.19E+00,2.72E+00,3.01E+01
2934,-175,143.75,0.00E+00,5.95E+00,3.40E+00,3.22E+01
2935,-175,137.5,0.00E+00,4.69E+00,3.93E+00,3.38E+01
2936,-175,131.25,0.00E+00,3.47E+00,4.30E+00,3.50E+01
2937,-175,125,0.00E+00,2.42E+00,4.55E+00,3.59E+01
2938,-175,118.75,0.00E+00,1.66E+00,4.72E+00,3.67E+01
2939,-175,112.5,0.00E+00,1.40E+00,4.81E+00,3.70E+01
2940,-175,106.25,0.00E+00,1.69E+00,4.73E+00,3.63E+01
2941,-175,100,0.00E+00,2.74E+00,4.48E+00,3.61E+01
2942,-175,93.3333,0.00E+00,4.24E+00,4.29E+00,3.66E+01
2943,-175,86.6667,0.00E+00,5.55E+00,4.24E+00,3.67E+01
2944,-175,80,0.00E+00,6.70E+00,4.11E+00,3.65E+01
2945,-175,73.3333,0.00E+00,7.77E+00,3.81E+00,3.63E+01
2946,-175,66.6667,0.00E+00,8.79E+00,3.45E+00,3.60E+01
2947,-175,60,0.00E+00,9.76E+00,3.09E+00,3.57E+01
2948,-175,53.3333,0.00E+00,1.07E+01,2.73E+00,3.53E+01
2949,-175,46.6667,0.00E+00,1.15E+01,2.35E+00,3.50E+01
2950,-175,40,0.00E+00,1.23E+01,1.96E+00,3.45E+01
2951,-175,33.3333,0.00E+00,1.30E+01,1.53E+00,3.41E+01
2952,-175,26.6667,0.00E+00,1.36E+01,1.09E+00,3.36E+01
2953,-175,20,0.00E+00,1.41E+01,6.14E-01,3.30E+01
2954,-175,13.3333,0.00E+00,1.46E+01,2.87E-01,3.24E+01
2955,-175,6.66667,0.00E+00,1.50E+01,4.68E-01,3.18E+01
2956,-175,-5.33E-14,0.00E+00,1.54E+01,1.02E+00,3.11E+01
2957,-175,-6.66667,0.00E+00,1.57E+01,1.62E+00,3.04E+01
2958,-175,-13.3333,0.00E+00,1.59E+01,2.25E+00,2.96E+01
2959,-175,-20,0.00E+00,1.61E+01,2.91E+00,2.88E+01
2960,-175,-26.6667,0.00E+00,1.63E+01,3.60E+00,2.80E+01
2961,-175,-33.3333,0.00E+00,1.64E+01,4.32E+00,2.71E+01
2962,-175,-40,0.00E+00,1.64E+01,5.07E+00,2.62E+01
2963,-175,-46.6667,0.00E+00,1.64E+01,5.86E+00,2.52E+01
2964,-175,-53.3333,0.00E+00,1.63E+01,6.69E+00,2.41E+01
2965,-175,-60,0.00E+00,1.62E+01,7.56E+00,2.30E+01
2966,-175,-66.6667,0.00E+00,1.59E+01,8.48E+00,2.18E+01
2967,-175,-73.3333,0.00E+00,1.55E+01,9.44E+00,2.06E+01
2968,-175,-80,0.00E+00,1.48E+01,1.05E+01,1.96E+01
2969,-175,-86.6667,0.00E+00,1.40E+01,1.16E+01,1.86E+01
2970,-175,-93.3333,0.00E+00,1.35E+01,1.28E+01,1.78E+01
2971,-175,-100,0.00E+00,1.28E+01,1.42E+01,1.60E+01
2972,-175,-106.25,0.00E+00,1.16E+01,1.54E+01,1.35E+01
2973,-175,-112.5,0.00E+00,1.03E+01,1.62E+01,1.16E+01
2974,-175,-118.75,0.00E+00,8.88E+00,1.69E+01,9.75E+00
2975,-175,-125,0.00E+00,7.36E+00,1.76E+01,7.95E+00
2976,-175,-131.25,0.00E+00,5.77E+00,1.84E+01,6.16E+00
2977,-175,-137.5,0.00E+00,4.21E+00,1.91E+01,4.49E+00
2978,-175,-143.75,0.00E+00,2.85E+00,1.96E+01,3.13E+00
2979,-175,-150,0.00E+00,1.92E+00,1.98E+01,2.24E+00
2980,-175,-156.25,0.00E+00,1.51E+00,1.95E+01,1.81E+00
2981,-175,-162.5,0.00E+00,1.37E+00,1.86E+01,1.54E+00
2982,-175,-168.75,0.00E+00,1.12E+00,1.60E+01,1.15E+00
2983,-175,-175,0.00E+00,9.19E-01,1.41E+01,9.11E-01
2984,-168.75,-175,0.00E+00,1.12E+00,1.60E+01,1.15E+00
2985,-162.5,-175,0.00E+00,1.38E+00,1.85E+01,1.54E+00
2986,-156.25,-175,0.00E+00,1.50E+00,1.95E+01,1.81E+00
2987,-168.754,-3.49E-05,3.47E-02,1.16E+01,2.52E+00,2.77E+01
2988,-162.507,8.09E-05,1.24E-01,5.00E+00,5.02E+00,2.18E+01
2989,-156.259,0.000162102,2.52E-01,2.09E+00,6.82E+00,1.76E+01
2990,-168.761,93.2522,3.00E-02,3.41E+00,2.88E+00,3.39E+01
2991,-162.505,93.2309,1.06E-01,4.72E+00,1.56E+00,2.94E+01
2992,-156.247,93.2503,2.09E-01,8.34E+00,2.45E+00,2.66E+01
2993,-168.751,137.499,1.98E-02,6.55E+00,2.60E+00,3.19E+01
2994,-162.501,137.498,6.64E-02,9.42E+00,1.88E+00,2.89E+01
2995,-156.251,137.497,1.25E-01,1.09E+01,3.19E+00,2.71E+01
2996,-168.75,156.249,1.05E-02,8.51E+00,1.93E+00,2.65E+01
2997,-162.499,156.248,3.33E-02,8.53E+00,2.52E+00,2.53E+01
2998,-156.249,156.249,5.89E-02,8.72E+00,3.33E+00,2.52E+01
2999,-162.499,162.499,1.95E-02,8.10E+00,2.30E+00,2.39E+01
3000,-162.499,168.75,6.44E-03,8.70E+00,1.65E+00,2.36E+01
3001,-168.75,162.499,6.33E-03,8.72E+00,1.65E+00,2.36E+01
3002,-168.749,168.749,1.97E-03,9.14E+00,1.18E+00,2.03E+01
3003,-156.248,162.499,3.35E-02,8.52E+00,2.53E+00,2.53E+01
3004,-156.249,168.75,1.08E-02,8.50E+00,1.92E+00,2.65E+01
3005,-162.501,143.748,5.69E-02,9.44E+00,2.05E+00,2.80E+01
3006,-162.5,149.998,4.59E-02,9.14E+00,2.32E+00,2.68E+01
3007,-168.751,143.749,1.72E-02,7.37E+00,2.34E+00,3.06E+01
3008,-168.751,149.999,1.42E-02,8.05E+00,2.13E+00,2.89E+01
3009,-156.25,143.747,1.05E-01,1.04E+01,3.41E+00,2.65E+01
3010,-156.249,149.998,8.33E-02,9.51E+00,3.53E+00,2.58E+01
3011,-168.752,118.749,2.53E-02,3.98E+00,3.18E+00,3.42E+01
3012,-162.503,118.747,8.74E-02,8.02E+00,1.76E+00,3.02E+01
3013,-156.253,118.747,1.70E-01,1.09E+01,2.62E+00,2.77E+01
3014,-162.502,124.997,8.14E-02,8.63E+00,1.78E+00,2.99E+01
3015,-162.502,131.248,7.44E-02,9.14E+00,1.80E+00,2.95E+01
3016,-168.752,124.999,2.37E-02,4.74E+00,3.05E+00,3.36E+01
3017,-168.752,131.249,2.19E-02,5.64E+00,2.85E+00,3.29E+01
3018,-156.252,124.997,1.57E-01,1.12E+01,2.77E+00,2.77E+01
3019,-156.251,131.247,1.42E-01,1.12E+01,2.96E+00,2.75E+01
3020,-168.744,106.169,2.81E-02,3.17E+00,3.16E+00,3.40E+01
3021,-162.504,106.147,9.75E-02,6.65E+00,1.67E+00,3.02E+01
3022,-156.263,106.167,1.91E-01,9.98E+00,2.36E+00,2.76E+01
3023,-162.503,112.467,9.27E-02,7.39E+00,1.71E+00,3.03E+01
3024,-168.749,112.478,2.67E-02,3.47E+00,3.22E+00,3.45E+01
3025,-156.256,112.477,1.81E-01,1.05E+01,2.47E+00,2.76E+01
3026,-162.504,99.7267,1.02E-01,5.73E+00,1.60E+00,2.97E+01
3027,-168.753,99.7512,2.91E-02,3.20E+00,2.99E+00,3.37E+01
3028,-156.255,99.7492,2.01E-01,9.25E+00,2.36E+00,2.72E+01
3029,-168.754,46.6661,3.41E-02,7.92E+00,1.70E+00,3.18E+01
3030,-162.506,46.6656,1.22E-01,2.63E+00,2.09E+00,2.66E+01
3031,-156.258,46.6653,2.45E-01,2.79E+00,3.98E+00,2.30E+01
3032,-168.753,73.3324,3.20E-02,4.43E+00,2.42E+00,3.34E+01
3033,-162.505,73.3316,1.14E-01,2.58E+00,1.54E+00,2.86E+01
3034,-156.257,73.3309,2.28E-01,5.77E+00,2.91E+00,2.54E+01
3035,-162.505,79.9981,1.11E-01,2.93E+00,1.58E+00,2.89E+01
3036,-162.505,86.6344,1.09E-01,3.72E+00,1.60E+00,2.92E+01
3037,-168.753,79.9989,3.14E-02,3.78E+00,2.69E+00,3.37E+01
3038,-168.756,86.6455,3.07E-02,3.53E+00,2.85E+00,3.39E+01
3039,-156.256,79.9973,2.22E-01,6.62E+00,2.73E+00,2.58E+01
3040,-156.253,86.6437,2.16E-01,7.47E+00,2.59E+00,2.62E+01
3041,-168.754,59.9992,3.32E-02,6.26E+00,1.93E+00,3.27E+01
3042,-162.506,59.9986,1.18E-01,2.56E+00,1.65E+00,2.76E+01
3043,-156.257,59.9981,2.38E-01,4.15E+00,3.38E+00,2.42E+01
3044,-162.506,66.6651,1.16E-01,2.55E+00,1.56E+00,2.81E+01
3045,-168.754,66.6658,3.26E-02,5.35E+00,2.15E+00,3.31E+01
3046,-156.257,66.6645,2.33E-01,4.94E+00,3.12E+00,2.48E+01
3047,-162.506,53.3322,1.20E-01,2.59E+00,1.83E+00,2.71E+01
3048,-168.754,53.3326,3.36E-02,7.12E+00,1.79E+00,3.23E+01
3049,-156.258,53.3317,2.42E-01,3.43E+00,3.66E+00,2.36E+01
3050,-168.754,26.6663,3.48E-02,9.88E+00,1.59E+00,3.03E+01
3051,-162.507,26.6661,1.25E-01,3.47E+00,3.15E+00,2.47E+01
3052,-156.259,26.6659,2.52E-01,1.98E+00,5.04E+00,2.08E+01
3053,-162.507,33.3326,1.24E-01,3.00E+00,2.76E+00,2.54E+01
3054,-162.506,39.9991,1.23E-01,2.71E+00,2.40E+00,2.60E+01
3055,-168.754,33.3329,3.47E-02,9.29E+00,1.62E+00,3.09E+01
3056,-168.754,39.9995,3.44E-02,8.64E+00,1.65E+00,3.14E+01
3057,-156.258,33.3324,2.51E-01,1.99E+00,4.66E+00,2.16E+01
3058,-156.258,39.9988,2.48E-01,2.25E+00,4.31E+00,2.23E+01
3059,-168.754,13.3331,3.49E-02,1.09E+01,1.63E+00,2.91E+01
3060,-162.507,13.3331,1.25E-01,4.33E+00,4.02E+00,2.33E+01
3061,-156.259,13.333,2.53E-01,2.03E+00,5.87E+00,1.93E+01
3062,-162.507,19.9996,1.25E-01,3.93E+00,3.57E+00,2.40E+01
3063,-168.754,19.9997,3.49E-02,1.04E+01,1.57E+00,2.97E+01
3064,-156.259,19.9995,2.53E-01,2.00E+00,5.44E+00,2.01E+01
3065,-162.507,6.66659,1.25E-01,4.69E+00,4.50E+00,2.26E+01
3066,-168.754,6.66655,3.48E-02,1.13E+01,1.97E+00,2.84E+01
3067,-156.259,6.6666,2.53E-01,2.06E+00,6.33E+00,1.85E+01
3068,-168.757,-86.6342,2.56E-02,1.06E+01,1.26E+01,1.50E+01
3069,-162.503,-86.612,9.11E-02,4.61E+00,1.44E+01,8.78E+00
3070,-156.249,-86.6319,1.83E-01,2.23E+00,1.57E+01,4.69E+00
3071,-168.753,-39.9995,3.24E-02,1.26E+01,6.46E+00,2.27E+01
3072,-162.506,-39.9989,1.16E-01,5.94E+00,8.77E+00,1.66E+01
3073,-156.257,-39.9984,2.34E-01,2.24E+00,1.05E+01,1.22E+01
3074,-168.754,-19.9998,3.38E-02,1.23E+01,4.35E+00,2.54E+01
3075,-162.506,-19.9994,1.21E-01,5.67E+00,6.76E+00,1.94E+01
3076,-156.258,-19.9991,2.45E-01,2.17E+00,8.49E+00,1.50E+01
3077,-162.506,-13.333,1.22E-01,5.49E+00,6.14E+00,2.02E+01
3078,-162.506,-6.66641,1.24E-01,5.27E+00,5.56E+00,2.10E+01
3079,-168.754,-13.3332,3.42E-02,1.21E+01,3.71E+00,2.62E+01
3080,-168.754,-6.66661,3.45E-02,1.19E+01,3.10E+00,2.69E+01
3081,-156.258,-13.3327,2.48E-01,2.14E+00,7.90E+00,1.59E+01
3082,-156.259,-6.66626,2.50E-01,2.12E+00,7.34E+00,1.68E+01
3083,-162.506,-33.3325,1.18E-01,5.90E+00,8.07E+00,1.76E+01
3084,-162.506,-26.6659,1.20E-01,5.81E+00,7.40E+00,1.85E+01
3085,-168.754,-33.3329,3.29E-02,1.26E+01,5.72E+00,2.36E+01
3086,-168.754,-26.6664,3.34E-02,1.25E+01,5.02E+00,2.45E+01
3087,-156.258,-33.3319,2.38E-01,2.22E+00,9.76E+00,1.32E+01
3088,-156.258,-26.6656,2.42E-01,2.19E+00,9.11E+00,1.41E+01
3089,-168.753,-59.9992,3.02E-02,1.24E+01,8.88E+00,1.95E+01
3090,-162.505,-59.9984,1.08E-01,5.76E+00,1.11E+01,1.35E+01
3091,-156.256,-59.9976,2.17E-01,2.28E+00,1.27E+01,9.15E+00
3092,-162.505,-53.332,1.11E-01,5.87E+00,1.03E+01,1.46E+01
3093,-162.505,-46.6654,1.13E-01,5.93E+00,9.51E+00,1.56E+01
3094,-168.753,-53.3326,3.10E-02,1.25E+01,8.03E+00,2.07E+01
3095,-168.753,-46.6661,3.17E-02,1.26E+01,7.23E+00,2.17E+01
3096,-156.257,-53.3312,2.23E-01,2.27E+00,1.19E+01,1.02E+01
3097,-156.257,-46.6648,2.29E-01,2.26E+00,1.12E+01,1.12E+01
3098,-168.753,-73.3324,2.83E-02,1.18E+01,1.07E+01,1.71E+01
3099,-162.504,-73.3313,1.00E-01,5.38E+00,1.27E+01,1.11E+01
3100,-156.255,-73.3304,2.02E-01,2.29E+00,1.42E+01,6.94E+00
3101,-162.505,-66.6648,1.04E-01,5.59E+00,1.19E+01,1.24E+01
3102,-168.753,-66.6658,2.93E-02,1.22E+01,9.76E+00,1.83E+01
3103,-156.256,-66.664,2.10E-01,2.29E+00,1.35E+01,8.06E+00
3104,-162.504,-79.9778,9.60E-02,5.08E+00,1.36E+01,9.89E+00
3105,-168.754,-79.9856,2.71E-02,1.13E+01,1.16E+01,1.60E+01
3106,-156.252,-79.9835,1.93E-01,2.30E+00,1.50E+01,5.79E+00
3107,-168.75,-131.249,1.16E-02,3.67E+00,1.84E+01,4.52E+00
3108,-162.499,-131.247,4.18E-02,2.02E+00,1.85E+01,3.13E+00
3109,-156.249,-131.246,8.54E-02,3.74E+00,1.88E+01,4.32E+00
3110,-168.74,-106.153,2.07E-02,8.35E+00,1.59E+01,1.06E+01
3111,-162.502,-106.122,7.31E-02,3.05E+00,1.69E+01,5.61E+00
3112,-156.263,-106.15,1.47E-01,2.22E+00,1.78E+01,3.29E+00
3113,-162.502,-99.6949,7.95E-02,3.60E+00,1.62E+01,6.75E+00
3114,-162.503,-93.1827,8.55E-02,4.11E+00,1.53E+01,7.79E+00
3115,-168.751,-99.7313,2.24E-02,9.41E+00,1.49E+01,1.26E+01
3116,-168.761,-93.2218,2.40E-02,1.01E+01,1.37E+01,1.41E+01
3117,-156.253,-99.7291,1.60E-01,2.06E+00,1.73E+01,3.52E+00
3118,-156.244,-93.2194,1.72E-01,2.08E+00,1.66E+01,3.95E+00
3119,-162.5,-124.997,5.06E-02,2.19E+00,1.83E+01,3.30E+00
3120,-162.501,-118.747,5.88E-02,2.40E+00,1.80E+01,3.73E+00
3121,-162.501,-112.457,6.63E-02,2.65E+00,1.75E+01,4.52E+00
3122,-168.751,-118.749,1.66E-02,6.09E+00,1.73E+01,7.24E+00
3123,-168.75,-124.999,1.42E-02,4.87E+00,1.79E+01,5.79E+00
3124,-168.747,-112.472,1.87E-02,7.25E+00,1.66E+01,8.85E+00
3125,-156.25,-118.746,1.19E-01,2.99E+00,1.87E+01,3.49E+00
3126,-156.249,-124.996,1.03E-01,3.40E+00,1.88E+01,3.90E+00
3127,-156.255,-112.469,1.33E-01,2.55E+00,1.83E+01,3.28E+00
3128,-168.749,-149.998,3.72E-03,1.57E+00,1.91E+01,2.29E+00
3129,-162.498,-149.997,1.50E-02,1.97E+00,1.79E+01,2.91E+00
3130,-156.247,-149.997,3.33E-02,3.45E+00,1.72E+01,4.07E+00
3131,-162.498,-143.747,2.36E-02,2.00E+00,1.84E+01,3.11E+00
3132,-162.499,-137.497,3.27E-02,1.96E+00,1.86E+01,3.12E+00
3133,-168.749,-143.748,6.22E-03,1.97E+00,1.91E+01,2.78E+00
3134,-168.75,-137.498,8.92E-03,2.66E+00,1.89E+01,3.51E+00
3135,-156.247,-143.746,5.01E-02,3.85E+00,1.79E+01,4.51E+00
3136,-156.248,-137.496,6.77E-02,3.91E+00,1.85E+01,4.57E+00
3137,-162.499,-168.749,3.32E-04,1.21E+00,1.76E+01,1.54E+00
3138,-162.498,-162.498,2.74E-03,1.25E+00,1.67E+01,1.83E+00
3139,-162.498,-156.247,7.81E-03,1.68E+00,1.72E+01,2.43E+00
3140,-168.749,-162.499,3.55E-04,1.20E+00,1.76E+01,1.54E+00
3141,-168.749,-168.749,-7.96E-05,1.12E+00,1.65E+01,1.24E+00
3142,-168.749,-156.249,1.67E-03,1.36E+00,1.86E+01,1.92E+00
3143,-156.247,-162.498,7.82E-03,1.69E+00,1.72E+01,2.43E+00
3144,-156.249,-168.749,1.65E-03,1.36E+00,1.86E+01,1.92E+00
3145,-156.247,-156.247,1.88E-02,2.66E+00,1.67E+01,3.29E+00
3146,156.25,175,0.00E+00,1.66E+01,1.83E+00,2.42E+01
3147,162.5,175,0.00E+00,1.53E+01,1.44E+00,2.26E+01
3148,168.75,175,0.00E+00,1.35E+01,1.07E+00,1.87E+01
3149,175,175,0.00E+00,1.21E+01,8.71E-01,1.60E+01
3150,175,168.75,0.00E+00,1.31E+01,1.06E+00,1.90E+01
3151,175,162.5,0.00E+00,1.39E+01,1.39E+00,2.38E+01
3152,175,156.25,0.00E+00,1.33E+01,1.75E+00,2.72E+01
3153,175,150,0.00E+00,1.21E+01,2.23E+00,3.00E+01
3154,175,143.75,0.00E+00,1.07E+01,2.79E+00,3.23E+01
3155,175,137.5,0.00E+00,9.12E+00,3.34E+00,3.41E+01
3156,175,131.25,0.00E+00,7.52E+00,3.85E+00,3.56E+01
3157,175,125,0.00E+00,5.91E+00,4.28E+00,3.66E+01
3158,175,118.75,0.00E+00,4.36E+00,4.63E+00,3.74E+01
3159,175,112.5,0.00E+00,2.93E+00,4.88E+00,3.80E+01
3160,175,106.25,0.00E+00,1.82E+00,5.05E+00,3.83E+01
3161,175,100,0.00E+00,1.56E+00,5.10E+00,3.83E+01
3162,175,93.3333,0.00E+00,2.30E+00,5.07E+00,3.84E+01
3163,175,86.6667,0.00E+00,3.48E+00,5.01E+00,3.83E+01
3164,175,80,0.00E+00,4.67E+00,4.87E+00,3.81E+01
3165,175,73.3333,0.00E+00,5.83E+00,4.65E+00,3.78E+01
3166,175,66.6667,0.00E+00,6.92E+00,4.40E+00,3.75E+01
3167,175,60,0.00E+00,7.95E+00,4.11E+00,3.72E+01
3168,175,53.3333,0.00E+00,8.91E+00,3.78E+00,3.68E+01
3169,175,46.6667,0.00E+00,9.80E+00,3.42E+00,3.64E+01
3170,175,40,0.00E+00,1.06E+01,3.04E+00,3.59E+01
3171,175,33.3333,0.00E+00,1.14E+01,2.63E+00,3.55E+01
3172,175,26.6667,0.00E+00,1.21E+01,2.20E+00,3.49E+01
3173,175,20,0.00E+00,1.27E+01,1.75E+00,3.44E+01
3174,175,13.3333,0.00E+00,1.33E+01,1.27E+00,3.38E+01
3175,175,6.66667,0.00E+00,1.38E+01,7.70E-01,3.32E+01
3176,175,5.33E-14,0.00E+00,1.43E+01,3.23E-01,3.25E+01
3177,175,-6.66667,0.00E+00,1.47E+01,3.76E-01,3.18E+01
3178,175,-13.3333,0.00E+00,1.50E+01,9.19E-01,3.11E+01
3179,175,-20,0.00E+00,1.52E+01,1.53E+00,3.03E+01
3180,175,-26.6667,0.00E+00,1.54E+01,2.17E+00,2.94E+01
3181,175,-33.3333,0.00E+00,1.55E+01,2.85E+00,2.85E+01
3182,175,-40,0.00E+00,1.55E+01,3.56E+00,2.76E+01
3183,175,-46.6667,0.00E+00,1.55E+01,4.30E+00,2.66E+01
3184,175,-53.3333,0.00E+00,1.54E+01,5.07E+00,2.55E+01
3185,175,-60,0.00E+00,1.53E+01,5.88E+00,2.45E+01
3186,175,-66.6667,0.00E+00,1.52E+01,6.71E+00,2.34E+01
3187,175,-73.3333,0.00E+00,1.49E+01,7.57E+00,2.22E+01
3188,175,-80,0.00E+00,1.46E+01,8.46E+00,2.10E+01
3189,175,-86.6667,0.00E+00,1.42E+01,9.37E+00,1.97E+01
3190,175,-93.3333,0.00E+00,1.37E+01,1.03E+01,1.84E+01
3191,175,-100,0.00E+00,1.30E+01,1.13E+01,1.70E+01
3192,175,-106.25,0.00E+00,1.23E+01,1.22E+01,1.54E+01
3193,175,-112.5,0.00E+00,1.13E+01,1.30E+01,1.38E+01
3194,175,-118.75,0.00E+00,1.03E+01,1.39E+01,1.21E+01
3195,175,-125,0.00E+00,8.97E+00,1.46E+01,1.02E+01
3196,175,-131.25,0.00E+00,7.48E+00,1.54E+01,8.30E+00
3197,175,-137.5,0.00E+00,5.81E+00,1.60E+01,6.29E+00
3198,175,-143.75,0.00E+00,4.04E+00,1.64E+01,4.35E+00
3199,175,-150,0.00E+00,2.42E+00,1.66E+01,2.76E+00
3200,175,-156.25,0.00E+00,1.42E+00,1.65E+01,1.85E+00
3201,175,-162.5,0.00E+00,1.14E+00,1.59E+01,1.44E+00
3202,175,-168.75,0.00E+00,9.61E-01,1.39E+01,1.04E+00
3203,175,-175,0.00E+00,8.07E-01,1.24E+01,8.00E-01
3204,168.75,-175,0.00E+00,9.54E-01,1.39E+01,1.04E+00
3205,162.5,-175,0.00E+00,1.10E+00,1.57E+01,1.46E+00
3206,156.25,-175,0.00E+00,1.34E+00,1.50E+01,2.08E+00
3207,168.754,-0.000212679,3.56E-02,1.05E+01,1.58E+00,2.92E+01
3208,162.507,-0.000299877,1.26E-01,4.01E+00,3.96E+00,2.35E+01
3209,156.259,-0.000354785,2.54E-01,2.19E+00,5.80E+00,1.93E+01
3210,168.761,93.252,2.99E-02,3.91E+00,3.43E+00,3.54E+01
3211,162.504,93.2306,1.02E-01,8.24E+00,1.90E+00,3.02E+01
3212,156.246,93.2497,1.96E-01,1.31E+01,3.06E+00,2.64E+01
3213,168.751,137.498,1.69E-02,1.10E+01,2.45E+00,3.23E+01
3214,162.5,137.497,5.36E-02,1.40E+01,2.23E+00,2.92E+01
3215,156.248,137.496,9.48E-02,1.62E+01,3.42E+00,2.69E+01
3216,168.749,156.249,7.42E-03,1.34E+01,1.79E+00,2.63E+01
3217,162.498,156.248,2.19E-02,1.37E+01,2.13E+00,2.48E+01
3218,156.247,156.247,3.54E-02,1.46E+01,2.25E+00,2.40E+01
3219,162.498,162.498,1.19E-02,1.35E+01,1.72E+00,2.29E+01
3220,162.499,168.749,3.68E-03,1.45E+01,1.45E+00,2.24E+01
3221,168.749,162.499,4.13E-03,1.35E+01,1.51E+00,2.32E+01
3222,168.749,168.749,1.23E-03,1.34E+01,1.21E+00,2.01E+01
3223,156.247,162.498,1.82E-02,1.51E+01,1.67E+00,2.36E+01
3224,156.248,168.749,5.34E-03,1.61E+01,1.64E+00,2.39E+01
3225,162.499,143.747,4.34E-02,1.42E+01,2.31E+00,2.81E+01
3226,162.499,149.998,3.27E-02,1.41E+01,2.31E+00,2.67E+01
3227,168.75,143.748,1.40E-02,1.20E+01,2.23E+00,3.08E+01
3228,168.75,149.999,1.08E-02,1.29E+01,2.02E+00,2.88E+01
3229,156.248,143.747,7.50E-02,1.57E+01,3.24E+00,2.61E+01
3230,156.247,149.997,5.48E-02,1.50E+01,2.86E+00,2.50E+01
3231,168.752,118.748,2.41E-02,7.26E+00,3.11E+00,3.49E+01
3232,162.502,118.747,7.93E-02,1.23E+01,2.02E+00,3.06E+01
3233,156.251,118.746,1.47E-01,1.60E+01,3.36E+00,2.76E+01
3234,162.501,124.997,7.16E-02,1.31E+01,2.06E+00,3.04E+01
3235,162.5,131.247,6.30E-02,1.37E+01,2.14E+00,2.99E+01
3236,168.751,124.998,2.20E-02,8.55E+00,2.90E+00,3.43E+01
3237,168.751,131.248,1.96E-02,9.80E+00,2.67E+00,3.35E+01
3238,156.25,124.996,1.31E-01,1.63E+01,3.43E+00,2.75E+01
3239,156.249,131.246,1.14E-01,1.64E+01,3.47E+00,2.73E+01
3240,168.744,106.168,2.75E-02,4.87E+00,3.40E+00,3.55E+01
3241,162.503,106.147,9.21E-02,1.04E+01,1.96E+00,3.06E+01
3242,156.261,106.166,1.74E-01,1.49E+01,3.17E+00,2.72E+01
3243,162.502,112.467,8.61E-02,1.14E+01,1.99E+00,3.07E+01
3244,168.749,112.478,2.59E-02,5.99E+00,3.28E+00,3.53E+01
3245,156.254,112.476,1.61E-01,1.55E+01,3.26E+00,2.74E+01
3246,162.503,99.7264,9.74E-02,9.36E+00,1.92E+00,3.05E+01
3247,168.753,99.751,2.88E-02,4.14E+00,3.44E+00,3.54E+01
3248,156.253,99.7487,1.86E-01,1.41E+01,3.10E+00,2.69E+01
3249,168.754,46.6659,3.48E-02,5.98E+00,2.11E+00,3.31E+01
3250,162.506,46.6652,1.22E-01,2.96E+00,1.76E+00,2.73E+01
3251,156.257,46.6646,2.41E-01,6.07E+00,3.67E+00,2.31E+01
3252,168.753,73.3322,3.27E-02,3.94E+00,3.05E+00,3.46E+01
3253,162.505,73.3312,1.13E-01,4.89E+00,1.75E+00,2.91E+01
3254,156.256,73.3303,2.21E-01,1.00E+01,3.09E+00,2.50E+01
3255,162.505,79.9977,1.10E-01,5.98E+00,1.80E+00,2.95E+01
3256,162.504,86.634,1.06E-01,7.10E+00,1.86E+00,2.99E+01
3257,168.753,79.9987,3.19E-02,3.91E+00,3.23E+00,3.49E+01
3258,168.756,86.6453,3.10E-02,3.90E+00,3.37E+00,3.52E+01
3259,156.255,79.9967,2.14E-01,1.11E+01,3.05E+00,2.55E+01
3260,156.252,86.6431,2.05E-01,1.21E+01,3.04E+00,2.60E+01
3261,168.754,59.999,3.39E-02,4.39E+00,2.59E+00,3.39E+01
3262,162.506,59.9982,1.18E-01,3.24E+00,1.69E+00,2.82E+01
3263,156.257,59.9974,2.33E-01,7.97E+00,3.31E+00,2.41E+01
3264,162.505,66.6647,1.16E-01,3.90E+00,1.71E+00,2.87E+01
3265,168.753,66.6656,3.33E-02,4.02E+00,2.83E+00,3.43E+01
3266,156.256,66.6639,2.27E-01,8.98E+00,3.18E+00,2.45E+01
3267,162.506,53.3317,1.20E-01,3.01E+00,1.70E+00,2.78E+01
3268,168.754,53.3324,3.44E-02,5.12E+00,2.34E+00,3.35E+01
3269,156.257,53.331,2.37E-01,6.99E+00,3.47E+00,2.36E+01
3270,168.754,26.6661,3.55E-02,8.29E+00,1.72E+00,3.16E+01
3271,162.506,26.6657,1.25E-01,2.89E+00,2.42E+00,2.58E+01
3272,156.258,26.6654,2.50E-01,3.57E+00,4.45E+00,2.16E+01
3273,162.506,33.3322,1.24E-01,2.91E+00,2.12E+00,2.64E+01
3274,162.506,39.9987,1.23E-01,2.93E+00,1.90E+00,2.69E+01
3275,168.754,33.3327,3.54E-02,7.58E+00,1.80E+00,3.21E+01
3276,168.754,39.9993,3.51E-02,6.80E+00,1.93E+00,3.26E+01
3277,156.258,33.3318,2.48E-01,4.35E+00,4.16E+00,2.21E+01
3278,156.258,39.9982,2.45E-01,5.18E+00,3.90E+00,2.26E+01
3279,168.754,13.3329,3.57E-02,9.54E+00,1.62E+00,3.05E+01
3280,162.507,13.3327,1.26E-01,3.06E+00,3.14E+00,2.47E+01
3281,156.258,13.3325,2.54E-01,2.38E+00,5.08E+00,2.05E+01
3282,162.507,19.9992,1.26E-01,2.88E+00,2.76E+00,2.53E+01
3283,168.754,19.9995,3.57E-02,8.95E+00,1.67E+00,3.11E+01
3284,156.258,19.9989,2.52E-01,2.86E+00,4.75E+00,2.10E+01
3285,162.507,6.6662,1.26E-01,3.51E+00,3.54E+00,2.41E+01
3286,168.754,6.66637,3.57E-02,1.01E+01,1.58E+00,2.99E+01
3287,156.259,6.66608,2.54E-01,2.23E+00,5.43E+00,1.99E+01
3288,168.757,-86.6344,2.70E-02,1.11E+01,1.03E+01,1.68E+01
3289,162.504,-86.6125,9.64E-02,5.79E+00,1.20E+01,1.21E+01
3290,156.25,-86.6326,1.97E-01,2.17E+00,1.30E+01,8.87E+00
3291,168.754,-39.9997,3.32E-02,1.20E+01,4.84E+00,2.44E+01
3292,162.506,-39.9993,1.19E-01,5.90E+00,7.07E+00,1.89E+01
3293,156.258,-39.999,2.41E-01,2.03E+00,8.50E+00,1.50E+01
3294,168.754,-20,3.48E-02,1.15E+01,2.94E+00,2.70E+01
3295,162.506,-19.9998,1.24E-01,5.20E+00,5.39E+00,2.13E+01
3296,156.259,-19.9997,2.51E-01,2.10E+00,7.03E+00,1.73E+01
3297,162.507,-13.3334,1.25E-01,4.86E+00,4.89E+00,2.21E+01
3298,162.507,-6.66679,1.26E-01,4.46E+00,4.41E+00,2.28E+01
3299,168.754,-13.3333,3.51E-02,1.13E+01,2.37E+00,2.78E+01
3300,168.754,-6.66679,3.54E-02,1.09E+01,1.84E+00,2.85E+01
3301,156.259,-13.3332,2.53E-01,2.13E+00,6.60E+00,1.80E+01
3302,156.259,-6.66678,2.54E-01,2.16E+00,6.19E+00,1.86E+01
3303,162.506,-33.3329,1.21E-01,5.71E+00,6.48E+00,1.98E+01
3304,162.506,-26.6663,1.22E-01,5.48E+00,5.92E+00,2.06E+01
3305,168.754,-33.3331,3.38E-02,1.19E+01,4.17E+00,2.53E+01
3306,168.754,-26.6666,3.44E-02,1.17E+01,3.54E+00,2.61E+01
3307,156.258,-33.3325,2.45E-01,2.05E+00,7.98E+00,1.58E+01
3308,156.258,-26.6661,2.48E-01,2.07E+00,7.49E+00,1.65E+01
3309,168.753,-59.9994,3.10E-02,1.20E+01,7.04E+00,2.14E+01
3310,162.505,-59.9988,1.11E-01,6.18E+00,9.04E+00,1.62E+01
3311,156.257,-59.9983,2.25E-01,2.13E+00,1.03E+01,1.25E+01
3312,162.506,-53.3324,1.14E-01,6.14E+00,8.35E+00,1.71E+01
3313,162.506,-46.6658,1.16E-01,6.04E+00,7.69E+00,1.80E+01
3314,168.753,-53.3328,3.18E-02,1.20E+01,6.28E+00,2.24E+01
3315,168.753,-46.6663,3.26E-02,1.20E+01,5.54E+00,2.34E+01
3316,156.257,-53.3318,2.31E-01,2.07E+00,9.65E+00,1.34E+01
3317,156.258,-46.6654,2.36E-01,2.03E+00,9.06E+00,1.42E+01
3318,168.753,-73.3326,2.92E-02,1.17E+01,8.65E+00,1.92E+01
3319,162.505,-73.3318,1.04E-01,6.12E+00,1.05E+01,1.42E+01
3320,156.256,-73.3311,2.12E-01,2.24E+00,1.16E+01,1.08E+01
3321,162.505,-66.6653,1.08E-01,6.18E+00,9.76E+00,1.52E+01
3322,168.753,-66.666,3.01E-02,1.19E+01,7.83E+00,2.04E+01
3323,156.257,-66.6646,2.19E-01,2.20E+00,1.09E+01,1.17E+01
3324,162.504,-79.9782,1.00E-01,5.99E+00,1.12E+01,1.32E+01
3325,168.754,-79.9858,2.81E-02,1.14E+01,9.48E+00,1.81E+01
3326,156.254,-79.9841,2.05E-01,2.23E+00,1.23E+01,9.83E+00
3327,168.751,-131.249,1.48E-02,5.27E+00,1.54E+01,6.40E+00
3328,162.501,-131.248,5.38E-02,1.88E+00,1.54E+01,3.65E+00
3329,156.251,-131.247,1.13E-01,1.27E+00,1.53E+01,2.74E+00
3330,168.741,-106.153,2.30E-02,9.44E+00,1.29E+01,1.28E+01
3331,162.503,-106.123,8.17E-02,4.64E+00,1.40E+01,8.48E+00
3332,156.264,-106.151,1.67E-01,1.67E+00,1.48E+01,5.82E+00
3333,162.503,-99.6954,8.71E-02,5.12E+00,1.34E+01,9.71E+00
3334,162.504,-93.1831,9.19E-02,5.50E+00,1.27E+01,1.09E+01
3335,168.751,-99.7316,2.44E-02,1.01E+01,1.20E+01,1.42E+01
3336,168.761,-93.222,2.57E-02,1.06E+01,1.12E+01,1.56E+01
3337,156.255,-99.7297,1.78E-01,1.88E+00,1.43E+01,6.83E+00
3338,156.246,-93.2201,1.88E-01,2.05E+00,1.36E+01,7.86E+00
3339,162.501,-124.998,6.19E-02,2.56E+00,1.53E+01,4.71E+00
3340,162.502,-118.748,6.93E-02,3.34E+00,1.50E+01,5.94E+00
3341,162.502,-112.458,7.58E-02,4.04E+00,1.46E+01,7.21E+00
3342,168.751,-118.749,1.93E-02,7.67E+00,1.43E+01,9.71E+00
3343,168.751,-124.999,1.72E-02,6.55E+00,1.49E+01,8.08E+00
3344,168.748,-112.472,2.12E-02,8.62E+00,1.36E+01,1.13E+01
3345,156.252,-118.747,1.43E-01,1.28E+00,1.54E+01,3.91E+00
3346,156.252,-124.997,1.29E-01,1.17E+00,1.55E+01,3.16E+00
3347,156.257,-112.47,1.56E-01,1.46E+00,1.51E+01,4.83E+00
3348,168.749,-149.999,6.16E-03,1.62E+00,1.58E+01,2.53E+00
3349,162.499,-149.998,2.45E-02,1.67E+00,1.44E+01,2.80E+00
3350,156.249,-149.998,5.58E-02,3.03E+00,1.33E+01,3.59E+00
3351,162.5,-143.748,3.49E-02,1.41E+00,1.50E+01,2.69E+00
3352,162.5,-137.498,4.47E-02,1.50E+00,1.53E+01,2.94E+00
3353,168.75,-143.749,9.25E-03,2.51E+00,1.59E+01,3.43E+00
3354,168.75,-137.499,1.22E-02,3.87E+00,1.57E+01,4.78E+00
3355,156.25,-143.747,7.60E-02,2.44E+00,1.42E+01,3.13E+00
3356,156.25,-137.497,9.51E-02,1.76E+00,1.49E+01,2.76E+00
3357,162.499,-168.749,8.66E-04,1.12E+00,1.44E+01,1.68E+00
3358,162.498,-162.498,5.67E-03,1.57E+00,1.32E+01,2.34E+00
3359,162.499,-156.248,1.43E-02,1.96E+00,1.36E+01,2.84E+00
3360,168.749,-162.499,8.06E-04,1.06E+00,1.47E+01,1.60E+00
3361,168.749,-168.749,-1.08E-04,9.36E-01,1.41E+01,1.18E+00
3362,168.749,-156.249,3.14E-03,1.28E+00,1.54E+01,2.04E+00
3363,156.249,-162.499,1.68E-02,2.75E+00,1.25E+01,3.50E+00
3364,156.249,-168.749,3.79E-03,1.78E+00,1.39E+01,2.61E+00
3365,156.249,-156.248,3.54E-02,3.27E+00,1.26E+01,3.82E+00
