NodeID,Y,Z,Displacement,Stress_L1,Stress_L2,Stress_L4
2,99.8971,-99.8977,3.05E+00,3.19E+02,9.38E+01,3.51E+02
3,99.9007,-93.2212,3.35E+00,3.23E+02,9.84E+01,3.55E+02
4,99.9096,-86.5501,3.62E+00,3.21E+02,1.04E+02,3.53E+02
5,99.9227,-79.8837,3.86E+00,3.15E+02,1.09E+02,3.46E+02
6,99.9389,-73.2212,4.08E+00,3.04E+02,1.15E+02,3.35E+02
7,99.9568,-66.5617,4.27E+00,2.91E+02,1.21E+02,3.20E+02
8,99.9755,-59.9042,4.44E+00,2.77E+02,1.27E+02,3.04E+02
9,99.994,-53.2479,4.59E+00,2.62E+02,1.33E+02,2.88E+02
10,100.011,-46.5924,4.73E+00,2.48E+02,1.39E+02,2.72E+02
11,100.027,-39.937,4.84E+00,2.36E+02,1.45E+02,2.57E+02
12,100.041,-33.2815,4.94E+00,2.24E+02,1.51E+02,2.42E+02
13,100.053,-26.6259,5.01E+00,2.14E+02,1.57E+02,2.29E+02
14,100.063,-19.97,5.08E+00,2.05E+02,1.63E+02,2.16E+02
15,100.069,-13.3139,5.12E+00,1.97E+02,1.70E+02,2.04E+02
16,100.073,-6.65765,5.15E+00,1.90E+02,1.77E+02,1.92E+02
17,100.075,-0.00130963,5.15E+00,1.84E+02,1.85E+02,1.80E+02
18,100.073,6.65502,5.15E+00,1.79E+02,1.93E+02,1.69E+02
19,100.069,13.3112,5.12E+00,1.74E+02,2.02E+02,1.58E+02
20,100.061,19.9673,5.07E+00,1.69E+02,2.11E+02,1.47E+02
21,100.052,26.623,5.01E+00,1.65E+02,2.22E+02,1.36E+02
22,100.039,33.2785,4.93E+00,1.62E+02,2.34E+02,1.26E+02
23,100.024,39.9338,4.83E+00,1.58E+02,2.46E+02,1.15E+02
24,100.008,46.5889,4.71E+00,1.55E+02,2.60E+02,1.04E+02
25,99.9896,53.2442,4.58E+00,1.51E+02,2.76E+02,9.37E+01
26,99.9704,59.9002,4.42E+00,1.48E+02,2.91E+02,8.30E+01
27,99.9511,66.5574,4.24E+00,1.44E+02,3.07E+02,7.24E+01
28,99.9325,73.2165,4.04E+00,1.41E+02,3.22E+02,6.19E+01
29,99.9161,79.8786,3.82E+00,1.37E+02,3.34E+02,5.18E+01
30,99.9029,86.5448,3.58E+00,1.32E+02,3.41E+02,4.26E+01
31,99.8943,93.2157,3.30E+00,1.28E+02,3.42E+02,3.49E+01
32,99.8911,99.8921,3.00E+00,1.24E+02,3.39E+02,2.98E+01
33,93.213,99.8937,3.31E+00,1.28E+02,3.46E+02,3.46E+01
34,86.5403,99.9009,3.58E+00,1.32E+02,3.48E+02,4.17E+01
35,79.8727,99.9129,3.83E+00,1.36E+02,3.43E+02,5.05E+01
36,73.2095,99.9289,4.05E+00,1.40E+02,3.32E+02,6.04E+01
37,66.5499,99.9474,4.25E+00,1.43E+02,3.17E+02,7.09E+01
38,59.8926,99.9671,4.43E+00,1.47E+02,3.00E+02,8.16E+01
39,53.2369,99.9869,4.59E+00,1.50E+02,2.83E+02,9.24E+01
40,46.5819,100.006,4.73E+00,1.53E+02,2.66E+02,1.03E+02
41,39.9272,100.023,4.84E+00,1.56E+02,2.51E+02,1.14E+02
42,33.2724,100.039,4.94E+00,1.60E+02,2.37E+02,1.25E+02
43,26.6172,100.052,5.02E+00,1.63E+02,2.25E+02,1.35E+02
44,19.9618,100.063,5.09E+00,1.67E+02,2.14E+02,1.46E+02
45,13.306,100.07,5.13E+00,1.71E+02,2.04E+02,1.57E+02
46,6.64991,100.075,5.16E+00,1.76E+02,1.95E+02,1.67E+02
47,-0.00631965,100.078,5.17E+00,1.81E+02,1.86E+02,1.78E+02
48,-6.66261,100.077,5.16E+00,1.87E+02,1.78E+02,1.90E+02
49,-13.3188,100.073,5.13E+00,1.93E+02,1.71E+02,2.01E+02
50,-19.9749,100.067,5.09E+00,2.01E+02,1.64E+02,2.13E+02
51,-26.6308,100.057,5.03E+00,2.09E+02,1.58E+02,2.25E+02
52,-33.2863,100.046,4.95E+00,2.19E+02,1.51E+02,2.38E+02
53,-39.9416,100.032,4.85E+00,2.30E+02,1.45E+02,2.52E+02
54,-46.5967,100.015,4.74E+00,2.42E+02,1.39E+02,2.67E+02
55,-53.2517,99.9974,4.61E+00,2.56E+02,1.33E+02,2.82E+02
56,-59.9073,99.9782,4.45E+00,2.70E+02,1.28E+02,2.98E+02
57,-66.5638,99.9586,4.28E+00,2.85E+02,1.22E+02,3.14E+02
58,-73.222,99.9394,4.09E+00,2.99E+02,1.16E+02,3.29E+02
59,-79.8832,99.922,3.88E+00,3.11E+02,1.10E+02,3.42E+02
60,-86.5485,99.9077,3.64E+00,3.19E+02,1.04E+02,3.51E+02
61,-93.2187,99.898,3.37E+00,3.21E+02,9.81E+01,3.54E+02
62,-99.8948,99.894,3.07E+00,3.19E+02,9.34E+01,3.51E+02
63,-99.8975,93.2163,3.37E+00,3.25E+02,9.77E+01,3.58E+02
64,-99.9058,86.5442,3.64E+00,3.26E+02,1.03E+02,3.58E+02
65,-99.9191,79.8776,3.89E+00,3.21E+02,1.09E+02,3.52E+02
66,-99.9359,73.2154,4.11E+00,3.09E+02,1.15E+02,3.40E+02
67,-99.9549,66.5566,4.30E+00,2.95E+02,1.21E+02,3.24E+02
68,-99.9748,59.9,4.47E+00,2.79E+02,1.27E+02,3.07E+02
69,-99.9945,53.2446,4.62E+00,2.63E+02,1.33E+02,2.89E+02
70,-100.013,46.5899,4.76E+00,2.48E+02,1.38E+02,2.72E+02
71,-100.03,39.9352,4.87E+00,2.35E+02,1.44E+02,2.56E+02
72,-100.045,33.2803,4.97E+00,2.23E+02,1.50E+02,2.42E+02
73,-100.058,26.6252,5.05E+00,2.13E+02,1.57E+02,2.28E+02
74,-100.068,19.9697,5.11E+00,2.04E+02,1.63E+02,2.15E+02
75,-100.075,13.3139,5.16E+00,1.96E+02,1.70E+02,2.02E+02
76,-100.079,6.65782,5.18E+00,1.89E+02,1.77E+02,1.90E+02
77,-100.08,0.0016721,5.19E+00,1.83E+02,1.84E+02,1.79E+02
78,-100.078,-6.65445,5.18E+00,1.78E+02,1.92E+02,1.68E+02
79,-100.073,-13.3104,5.15E+00,1.73E+02,2.01E+02,1.57E+02
80,-100.066,-19.966,5.11E+00,1.69E+02,2.11E+02,1.46E+02
81,-100.055,-26.6214,5.04E+00,1.65E+02,2.22E+02,1.36E+02
82,-100.042,-33.2762,4.96E+00,1.61E+02,2.34E+02,1.25E+02
83,-100.026,-39.9307,4.86E+00,1.58E+02,2.47E+02,1.14E+02
84,-100.008,-46.585,4.74E+00,1.54E+02,2.62E+02,1.04E+02
85,-99.9887,-53.2393,4.60E+00,1.51E+02,2.78E+02,9.29E+01
86,-99.9682,-59.8942,4.45E+00,1.48E+02,2.96E+02,8.21E+01
87,-99.9476,-66.5505,4.27E+00,1.44E+02,3.13E+02,7.12E+01
88,-99.9281,-73.2089,4.07E+00,1.40E+02,3.29E+02,6.04E+01
89,-99.9111,-79.8708,3.85E+00,1.36E+02,3.41E+02,5.00E+01
90,-99.898,-86.5373,3.60E+00,1.32E+02,3.48E+02,4.07E+01
91,-99.8901,-93.2092,3.32E+00,1.28E+02,3.47E+02,3.34E+01
92,-99.8882,-99.8872,3.02E+00,1.24E+02,3.40E+02,2.89E+01
93,-93.2121,-99.8904,3.32E+00,1.28E+02,3.43E+02,3.41E+01
94,-86.5421,-99.8998,3.59E+00,1.32E+02,3.40E+02,4.21E+01
95,-79.8771,-99.9142,3.84E+00,1.37E+02,3.31E+02,5.16E+01
96,-73.2164,-99.9321,4.06E+00,1.41E+02,3.18E+02,6.19E+01
97,-66.5586,-99.9519,4.26E+00,1.45E+02,3.02E+02,7.25E+01
98,-59.9025,-99.9723,4.43E+00,1.48E+02,2.86E+02,8.32E+01
99,-53.2474,-99.9923,4.59E+00,1.52E+02,2.70E+02,9.38E+01
100,-46.5928,-100.011,4.72E+00,1.55E+02,2.55E+02,1.04E+02
101,-39.938,-100.028,4.84E+00,1.59E+02,2.41E+02,1.15E+02
102,-33.283,-100.043,4.94E+00,1.62E+02,2.29E+02,1.25E+02
103,-26.6277,-100.055,5.02E+00,1.66E+02,2.18E+02,1.36E+02
104,-19.972,-100.065,5.09E+00,1.70E+02,2.07E+02,1.47E+02
105,-13.316,-100.072,5.13E+00,1.75E+02,1.98E+02,1.57E+02
106,-6.65979,-100.076,5.16E+00,1.80E+02,1.90E+02,1.69E+02
107,-0.00344861,-100.078,5.17E+00,1.86E+02,1.82E+02,1.80E+02
108,6.65289,-100.076,5.16E+00,1.92E+02,1.74E+02,1.92E+02
109,13.3091,-100.071,5.13E+00,1.99E+02,1.68E+02,2.04E+02
110,19.9651,-100.064,5.09E+00,2.07E+02,1.61E+02,2.16E+02
111,26.6208,-100.054,5.03E+00,2.17E+02,1.55E+02,2.30E+02
112,33.2762,-100.042,4.95E+00,2.27E+02,1.49E+02,2.44E+02
113,39.9313,-100.027,4.85E+00,2.40E+02,1.43E+02,2.60E+02
114,46.5864,-100.01,4.74E+00,2.53E+02,1.37E+02,2.76E+02
115,53.2417,-99.9918,4.61E+00,2.68E+02,1.31E+02,2.93E+02
116,59.8978,-99.9727,4.46E+00,2.84E+02,1.26E+02,3.11E+02
117,66.5553,-99.9536,4.28E+00,3.00E+02,1.20E+02,3.28E+02
118,73.2152,-99.9356,4.09E+00,3.14E+02,1.14E+02,3.44E+02
119,79.8786,-99.9198,3.87E+00,3.24E+02,1.08E+02,3.55E+02
120,86.5463,-99.9076,3.63E+00,3.28E+02,1.03E+02,3.60E+02
121,93.219,-99.9,3.36E+00,3.26E+02,9.82E+01,3.58E+02
122,-93.4147,0.00205467,5.98E+00,1.90E+02,1.90E+02,1.84E+02
123,-86.7484,0.00248757,6.78E+00,1.96E+02,1.96E+02,1.89E+02
124,-80.0809,0.00297818,7.60E+00,2.03E+02,2.02E+02,1.94E+02
125,-73.4126,0.00355776,8.45E+00,2.11E+02,2.09E+02,1.99E+02
126,-66.7439,0.00422631,9.32E+00,2.21E+02,2.17E+02,2.05E+02
127,-60.0752,0.00500322,1.02E+01,2.32E+02,2.26E+02,2.11E+02
128,-53.4068,0.0058706,1.12E+01,2.46E+02,2.38E+02,2.18E+02
129,-46.7396,0.00680421,1.22E+01,2.64E+02,2.52E+02,2.26E+02
130,-40.0741,0.00757329,1.32E+01,2.89E+02,2.72E+02,2.36E+02
131,-33.4114,0.00817589,1.43E+01,3.27E+02,3.01E+02,2.50E+02
132,-26.7528,0.00805675,1.55E+01,3.89E+02,3.47E+02,2.69E+02
133,-20.1013,0.00667647,1.69E+01,4.99E+02,4.27E+02,3.05E+02
134,-13.4727,-0.00298838,1.84E+01,7.90E+02,6.20E+02,3.66E+02
135,-6.85859,-0.0249318,2.02E+01,1.43E+03,1.05E+03,3.78E+02
136,0.0027249,-0.00665318,2.14E+01,1.87E+03,1.38E+03,3.60E+02
137,6.86118,0.0194505,2.01E+01,1.48E+03,1.13E+03,4.18E+02
138,13.4585,0.00246777,1.83E+01,8.35E+02,6.81E+02,4.27E+02
139,20.086,-0.00581897,1.67E+01,5.32E+02,4.67E+02,3.51E+02
140,26.7387,-0.00655583,1.54E+01,4.09E+02,3.73E+02,3.00E+02
141,33.3986,-0.00636628,1.42E+01,3.40E+02,3.19E+02,2.71E+02
142,40.0626,-0.00566781,1.31E+01,2.99E+02,2.84E+02,2.51E+02
143,46.7291,-0.00502117,1.21E+01,2.70E+02,2.61E+02,2.37E+02
144,53.3971,-0.00433627,1.11E+01,2.50E+02,2.44E+02,2.25E+02
145,60.066,-0.00373663,1.01E+01,2.35E+02,2.31E+02,2.16E+02
146,66.7354,-0.00317162,9.25E+00,2.23E+02,2.20E+02,2.09E+02
147,73.4046,-0.00268699,8.38E+00,2.13E+02,2.12E+02,2.02E+02
148,80.0734,-0.00226201,7.54E+00,2.05E+02,2.04E+02,1.96E+02
149,86.7416,-0.00190226,6.73E+00,1.97E+02,1.97E+02,1.91E+02
150,93.4087,-0.00158365,5.93E+00,1.91E+02,1.91E+02,1.85E+02
151,0.00966885,6.85187,2.02E+01,1.46E+03,1.11E+03,3.92E+02
152,-0.0196772,13.4636,1.83E+01,7.94E+02,6.74E+02,4.24E+02
153,-0.0266522,20.094,1.68E+01,4.93E+02,4.56E+02,3.58E+02
154,-0.0256175,26.7465,1.55E+01,3.84E+02,3.63E+02,3.04E+02
155,-0.0237354,33.4061,1.43E+01,3.24E+02,3.10E+02,2.73E+02
156,-0.0210283,40.0696,1.31E+01,2.86E+02,2.78E+02,2.52E+02
157,-0.0187064,46.7356,1.21E+01,2.61E+02,2.57E+02,2.37E+02
158,-0.0164702,53.403,1.11E+01,2.43E+02,2.41E+02,2.26E+02
159,-0.0145931,60.0715,1.02E+01,2.29E+02,2.29E+02,2.16E+02
160,-0.0128626,66.7403,9.28E+00,2.18E+02,2.20E+02,2.08E+02
161,-0.0113397,73.4092,8.41E+00,2.09E+02,2.12E+02,2.01E+02
162,-0.00992825,80.0776,7.57E+00,2.01E+02,2.04E+02,1.95E+02
163,-0.00862875,86.7454,6.75E+00,1.94E+02,1.98E+02,1.89E+02
164,-0.00742671,93.4121,5.95E+00,1.87E+02,1.92E+02,1.84E+02
165,-53.4023,6.64597,1.11E+01,2.53E+02,2.25E+02,2.47E+02
166,-53.3839,13.2854,1.10E+01,2.68E+02,2.16E+02,2.82E+02
167,-53.3535,19.9238,1.08E+01,2.93E+02,2.08E+02,3.23E+02
168,-53.3141,26.5617,1.06E+01,3.30E+02,1.99E+02,3.72E+02
169,-53.2703,33.2013,1.02E+01,3.78E+02,1.89E+02,4.27E+02
170,-53.2283,39.8469,9.84E+00,4.28E+02,1.78E+02,4.80E+02
171,-53.1958,46.5036,9.38E+00,4.59E+02,1.69E+02,5.12E+02
172,-53.1791,53.1759,8.87E+00,4.55E+02,1.62E+02,5.07E+02
173,-53.1776,59.8613,8.32E+00,4.23E+02,1.58E+02,4.71E+02
174,-53.1851,66.5529,7.74E+00,3.80E+02,1.55E+02,4.24E+02
175,-53.1968,73.2458,7.13E+00,3.41E+02,1.52E+02,3.81E+02
176,-53.2103,79.9376,6.51E+00,3.10E+02,1.48E+02,3.47E+02
177,-53.2243,86.6271,5.89E+00,2.87E+02,1.43E+02,3.19E+02
178,-53.2382,93.3138,5.25E+00,2.69E+02,1.38E+02,2.98E+02
179,-59.886,46.5089,8.76E+00,4.09E+02,1.66E+02,4.57E+02
180,-66.579,46.5201,8.11E+00,3.62E+02,1.63E+02,4.05E+02
181,-73.2711,46.5339,7.45E+00,3.25E+02,1.59E+02,3.62E+02
182,-79.9611,46.5484,6.78E+00,2.96E+02,1.54E+02,3.30E+02
183,-86.6483,46.5628,6.11E+00,2.76E+02,1.49E+02,3.06E+02
184,-93.3323,46.5767,5.43E+00,2.60E+02,1.44E+02,2.87E+02
185,-73.3031,39.8856,7.71E+00,2.96E+02,1.67E+02,3.31E+02
186,-73.3338,33.239,7.93E+00,2.72E+02,1.73E+02,3.02E+02
187,-73.3612,26.5928,8.12E+00,2.52E+02,1.80E+02,2.77E+02
188,-73.3837,19.9462,8.26E+00,2.37E+02,1.86E+02,2.54E+02
189,-73.4002,13.299,8.37E+00,2.25E+02,1.93E+02,2.34E+02
190,-73.41,6.6514,8.43E+00,2.17E+02,2.00E+02,2.16E+02
191,-66.6816,26.5831,8.92E+00,2.69E+02,1.86E+02,2.98E+02
192,-59.9994,26.5727,9.74E+00,2.94E+02,1.93E+02,3.28E+02
193,-66.6492,33.2269,8.69E+00,2.95E+02,1.79E+02,3.31E+02
194,-66.6139,39.8719,8.42E+00,3.27E+02,1.71E+02,3.67E+02
195,-59.9614,33.2142,9.46E+00,3.29E+02,1.85E+02,3.71E+02
196,-59.9219,39.8584,9.14E+00,3.71E+02,1.75E+02,4.16E+02
197,-66.7289,13.2947,9.22E+00,2.36E+02,2.00E+02,2.46E+02
198,-60.0568,13.2902,1.01E+01,2.50E+02,2.07E+02,2.61E+02
199,-66.7088,19.9392,9.10E+00,2.50E+02,1.93E+02,2.70E+02
200,-60.0321,19.9318,9.95E+00,2.68E+02,2.00E+02,2.92E+02
201,-66.7409,6.64963,9.30E+00,2.27E+02,2.08E+02,2.24E+02
202,-60.0715,6.64782,1.02E+01,2.39E+02,2.16E+02,2.34E+02
203,-93.3868,26.6179,5.80E+00,2.20E+02,1.62E+02,2.37E+02
204,-86.7138,26.6101,6.56E+00,2.29E+02,1.68E+02,2.47E+02
205,-80.0386,26.6018,7.33E+00,2.39E+02,1.74E+02,2.60E+02
206,-86.6948,33.2611,6.44E+00,2.42E+02,1.62E+02,2.65E+02
207,-86.6727,39.9118,6.29E+00,2.57E+02,1.56E+02,2.84E+02
208,-93.3712,33.2711,5.70E+00,2.32E+02,1.56E+02,2.52E+02
209,-93.3529,39.9239,5.58E+00,2.45E+02,1.50E+02,2.69E+02
210,-80.0157,33.2504,7.18E+00,2.55E+02,1.68E+02,2.81E+02
211,-79.9894,39.899,7.00E+00,2.74E+02,1.61E+02,3.04E+02
212,-93.408,13.3105,5.93E+00,2.02E+02,1.75E+02,2.09E+02
213,-86.7401,13.3069,6.73E+00,2.09E+02,1.81E+02,2.16E+02
214,-80.0707,13.3031,7.54E+00,2.17E+02,1.87E+02,2.25E+02
215,-86.729,19.9588,6.66E+00,2.18E+02,1.74E+02,2.31E+02
216,-93.3991,19.9644,5.88E+00,2.11E+02,1.68E+02,2.22E+02
217,-80.0572,19.9527,7.45E+00,2.26E+02,1.80E+02,2.42E+02
218,-86.7466,6.65479,6.77E+00,2.02E+02,1.88E+02,2.02E+02
219,-93.4133,6.65635,5.97E+00,1.95E+02,1.82E+02,1.96E+02
220,-80.0787,6.65313,7.59E+00,2.09E+02,1.94E+02,2.09E+02
221,-59.8528,73.2184,6.80E+00,3.66E+02,1.44E+02,4.07E+02
222,-66.5161,73.1977,6.43E+00,3.81E+02,1.36E+02,4.21E+02
223,-73.1882,73.1861,6.02E+00,3.82E+02,1.30E+02,4.21E+02
224,-79.869,73.1842,5.59E+00,3.69E+02,1.26E+02,4.07E+02
225,-86.5558,73.1901,5.12E+00,3.49E+02,1.22E+02,3.85E+02
226,-93.2455,73.2012,4.62E+00,3.28E+02,1.19E+02,3.61E+02
227,-73.1966,66.5103,6.43E+00,3.87E+02,1.36E+02,4.28E+02
228,-73.2147,59.8439,6.81E+00,3.77E+02,1.43E+02,4.17E+02
229,-73.2405,53.1858,7.15E+00,3.53E+02,1.51E+02,3.93E+02
230,-66.5266,59.8386,7.35E+00,4.08E+02,1.46E+02,4.52E+02
231,-59.8462,59.8433,7.85E+00,4.27E+02,1.51E+02,4.74E+02
232,-66.5161,66.5135,6.90E+00,4.03E+02,1.40E+02,4.45E+02
233,-59.8455,66.528,7.34E+00,4.00E+02,1.47E+02,4.45E+02
234,-66.5485,53.1747,7.75E+00,3.92E+02,1.54E+02,4.36E+02
235,-59.8594,53.1696,8.33E+00,4.31E+02,1.57E+02,4.80E+02
236,-93.2873,59.8843,5.08E+00,2.95E+02,1.32E+02,3.26E+02
237,-86.5974,59.8689,5.67E+00,3.17E+02,1.36E+02,3.51E+02
238,-79.9059,59.8549,6.25E+00,3.45E+02,1.40E+02,3.82E+02
239,-86.5744,66.5268,5.41E+00,3.36E+02,1.29E+02,3.71E+02
240,-93.2652,66.541,4.86E+00,3.13E+02,1.25E+02,3.45E+02
241,-79.8839,66.5158,5.93E+00,3.62E+02,1.32E+02,4.00E+02
242,-86.6227,53.2148,5.90E+00,2.96E+02,1.43E+02,3.28E+02
243,-93.3101,53.2299,5.27E+00,2.77E+02,1.38E+02,3.06E+02
244,-79.9325,53.1998,6.53E+00,3.21E+02,1.47E+02,3.57E+02
245,-73.208,93.249,4.61E+00,3.18E+02,1.19E+02,3.51E+02
246,-73.1964,86.5585,5.11E+00,3.40E+02,1.23E+02,3.76E+02
247,-73.189,79.8699,5.58E+00,3.64E+02,1.26E+02,4.01E+02
248,-66.535,86.5784,5.40E+00,3.25E+02,1.30E+02,3.60E+02
249,-59.8782,86.602,5.66E+00,3.06E+02,1.37E+02,3.41E+02
250,-66.5489,93.2694,4.85E+00,3.03E+02,1.26E+02,3.35E+02
251,-59.8926,93.2914,5.06E+00,2.86E+02,1.32E+02,3.17E+02
252,-66.5235,79.8871,5.92E+00,3.52E+02,1.33E+02,3.90E+02
253,-59.8645,79.9105,6.24E+00,3.33E+02,1.41E+02,3.71E+02
254,-93.2197,86.5375,4.06E+00,3.38E+02,1.07E+02,3.72E+02
255,-86.5386,86.5371,4.44E+00,3.47E+02,1.11E+02,3.82E+02
256,-79.864,86.5442,4.79E+00,3.48E+02,1.16E+02,3.83E+02
257,-86.5406,93.2203,4.05E+00,3.34E+02,1.07E+02,3.68E+02
258,-93.216,93.2149,3.73E+00,3.32E+02,1.02E+02,3.65E+02
259,-79.8715,93.2321,4.35E+00,3.29E+02,1.13E+02,3.63E+02
260,-86.5435,79.86,4.79E+00,3.53E+02,1.16E+02,3.88E+02
261,-93.2298,79.8663,4.35E+00,3.37E+02,1.12E+02,3.71E+02
262,-79.8625,79.8607,5.20E+00,3.63E+02,1.20E+02,4.00E+02
263,-6.65684,46.7324,1.21E+01,2.70E+02,2.40E+02,2.76E+02
264,-13.2946,46.712,1.19E+01,2.90E+02,2.29E+02,3.20E+02
265,-19.9311,46.6769,1.17E+01,3.24E+02,2.19E+02,3.72E+02
266,-26.5671,46.6315,1.14E+01,3.72E+02,2.09E+02,4.31E+02
267,-33.2058,46.5827,1.10E+01,4.31E+02,1.96E+02,4.93E+02
268,-39.8528,46.5393,1.05E+01,4.78E+02,1.84E+02,5.40E+02
269,-46.5156,46.5117,9.97E+00,4.89E+02,1.74E+02,5.47E+02
270,-26.5569,39.9391,1.22E+01,4.49E+02,2.15E+02,5.22E+02
271,-26.5485,33.2418,1.31E+01,5.51E+02,2.23E+02,6.42E+02
272,-26.5559,26.5511,1.39E+01,6.32E+02,2.37E+02,7.39E+02
273,-26.603,19.8916,1.46E+01,6.14E+02,2.58E+02,7.21E+02
274,-26.6783,13.263,1.51E+01,5.11E+02,2.83E+02,5.78E+02
275,-26.7378,6.6372,1.54E+01,4.22E+02,3.09E+02,4.04E+02
276,-19.9085,26.6092,1.46E+01,5.94E+02,2.61E+02,7.13E+02
277,-13.2828,26.6846,1.51E+01,4.90E+02,2.89E+02,5.87E+02
278,-6.65566,26.7373,1.54E+01,4.11E+02,3.19E+02,4.36E+02
279,-13.2864,33.3638,1.40E+01,3.88E+02,2.62E+02,4.48E+02
280,-13.2906,40.0389,1.29E+01,3.28E+02,2.43E+02,3.69E+02
281,-19.9153,33.3056,1.36E+01,4.68E+02,2.42E+02,5.54E+02
282,-19.9234,39.9939,1.26E+01,3.79E+02,2.30E+02,4.42E+02
283,-6.65577,33.4004,1.42E+01,3.42E+02,2.81E+02,3.54E+02
284,-6.65633,40.0656,1.31E+01,2.99E+02,2.57E+02,3.06E+02
285,-13.4171,6.64478,1.81E+01,8.44E+02,5.05E+02,7.73E+02
286,-13.3142,13.3065,1.73E+01,7.93E+02,4.11E+02,9.64E+02
287,-13.2813,19.9952,1.62E+01,6.45E+02,3.35E+02,8.06E+02
288,-19.9902,13.2617,1.62E+01,6.69E+02,3.26E+02,7.99E+02
289,-20.0762,6.63646,1.67E+01,5.64E+02,3.67E+02,5.56E+02
290,-19.9226,19.917,1.55E+01,6.94E+02,2.89E+02,8.46E+02
291,-6.66789,13.4162,1.81E+01,8.16E+02,5.39E+02,8.17E+02
292,-6.74272,6.72672,1.95E+01,1.28E+03,7.83E+02,7.81E+02
293,-6.65738,20.0774,1.67E+01,5.40E+02,3.86E+02,5.98E+02
294,-46.6252,26.5502,1.14E+01,3.85E+02,2.06E+02,4.36E+02
295,-39.9321,26.5395,1.23E+01,4.66E+02,2.13E+02,5.32E+02
296,-33.2372,26.5335,1.31E+01,5.67E+02,2.22E+02,6.52E+02
297,-39.8832,33.1842,1.18E+01,5.26E+02,1.99E+02,5.96E+02
298,-39.8564,39.8516,1.12E+01,5.29E+02,1.89E+02,5.97E+02
299,-46.5766,33.1899,1.10E+01,4.46E+02,1.93E+02,5.05E+02
300,-46.5367,39.8414,1.05E+01,4.90E+02,1.82E+02,5.51E+02
301,-33.2023,33.1974,1.25E+01,5.76E+02,2.08E+02,6.59E+02
302,-33.1974,39.8864,1.17E+01,5.12E+02,2.01E+02,5.86E+02
303,-46.7105,13.2803,1.20E+01,2.95E+02,2.27E+02,3.12E+02
304,-40.0359,13.2748,1.30E+01,3.34E+02,2.41E+02,3.59E+02
305,-33.3593,13.2688,1.40E+01,3.99E+02,2.59E+02,4.37E+02
306,-39.9878,19.9058,1.27E+01,3.91E+02,2.28E+02,4.42E+02
307,-46.6725,19.9151,1.17E+01,3.31E+02,2.17E+02,3.69E+02
308,-33.2978,19.8968,1.36E+01,4.86E+02,2.41E+02,5.59E+02
309,-40.0666,6.64193,1.32E+01,3.03E+02,2.54E+02,2.91E+02
310,-46.7339,6.64402,1.21E+01,2.74E+02,2.38E+02,2.65E+02
311,-33.4012,6.63955,1.43E+01,3.48E+02,2.76E+02,3.32E+02
312,-26.6245,93.387,5.78E+00,2.16E+02,1.63E+02,2.35E+02
313,-26.6179,86.7144,6.54E+00,2.25E+02,1.69E+02,2.46E+02
314,-26.6108,80.0398,7.31E+00,2.35E+02,1.75E+02,2.59E+02
315,-26.6032,73.3632,8.09E+00,2.47E+02,1.81E+02,2.75E+02
316,-26.5952,66.6844,8.89E+00,2.64E+02,1.87E+02,2.97E+02
317,-26.5865,60.0033,9.70E+00,2.87E+02,1.94E+02,3.27E+02
318,-26.5772,53.3193,1.05E+01,3.21E+02,2.01E+02,3.69E+02
319,-19.9558,73.384,8.23E+00,2.33E+02,1.88E+02,2.55E+02
320,-13.3079,73.399,8.33E+00,2.22E+02,1.95E+02,2.36E+02
321,-6.65971,73.4075,8.39E+00,2.15E+02,2.03E+02,2.18E+02
322,-13.3109,80.0693,7.51E+00,2.14E+02,1.88E+02,2.25E+02
323,-13.3137,86.7386,6.70E+00,2.06E+02,1.82E+02,2.16E+02
324,-13.3163,93.4066,5.91E+00,1.99E+02,1.76E+02,2.08E+02
325,-19.9659,86.7285,6.63E+00,2.15E+02,1.75E+02,2.31E+02
326,-19.961,80.057,7.42E+00,2.23E+02,1.81E+02,2.42E+02
327,-19.9706,93.3985,5.85E+00,2.07E+02,1.70E+02,2.21E+02
328,-6.66121,86.7442,6.74E+00,1.99E+02,1.90E+02,2.03E+02
329,-6.66048,80.0763,7.56E+00,2.06E+02,1.96E+02,2.10E+02
330,-6.66193,93.4111,5.94E+00,1.93E+02,1.84E+02,1.96E+02
331,-13.2982,53.3844,1.10E+01,2.65E+02,2.18E+02,2.88E+02
332,-13.3016,60.0564,1.01E+01,2.46E+02,2.09E+02,2.65E+02
333,-13.3048,66.728,9.19E+00,2.33E+02,2.02E+02,2.49E+02
334,-19.9444,60.0339,9.92E+00,2.63E+02,2.02E+02,2.94E+02
335,-19.9381,53.3565,1.08E+01,2.88E+02,2.10E+02,3.26E+02
336,-19.9503,66.7097,9.06E+00,2.46E+02,1.94E+02,2.72E+02
337,-6.65821,60.0692,1.02E+01,2.36E+02,2.18E+02,2.40E+02
338,-6.65755,53.4004,1.11E+01,2.50E+02,2.28E+02,2.55E+02
339,-6.65896,66.7384,9.26E+00,2.24E+02,2.10E+02,2.28E+02
340,-46.5458,73.2767,7.43E+00,3.13E+02,1.60E+02,3.53E+02
341,-39.8974,73.308,7.69E+00,2.88E+02,1.67E+02,3.24E+02
342,-33.2502,73.3374,7.91E+00,2.65E+02,1.74E+02,2.99E+02
343,-39.9094,79.9932,6.97E+00,2.67E+02,1.62E+02,2.99E+02
344,-39.9207,86.6755,6.26E+00,2.51E+02,1.56E+02,2.80E+02
345,-39.9314,93.355,5.56E+00,2.39E+02,1.51E+02,2.65E+02
346,-46.5722,86.652,6.09E+00,2.68E+02,1.50E+02,2.99E+02
347,-46.5591,79.9658,6.76E+00,2.87E+02,1.55E+02,3.22E+02
348,-46.5847,93.3352,5.41E+00,2.53E+02,1.45E+02,2.81E+02
349,-33.2694,86.6966,6.41E+00,2.37E+02,1.62E+02,2.62E+02
350,-33.2601,80.0183,7.16E+00,2.49E+02,1.68E+02,2.78E+02
351,-33.2781,93.3724,5.68E+00,2.27E+02,1.57E+02,2.49E+02
352,-39.8608,53.234,9.82E+00,4.12E+02,1.81E+02,4.68E+02
353,-39.8724,59.9281,9.11E+00,3.57E+02,1.77E+02,4.05E+02
354,-39.885,66.6197,8.40E+00,3.17E+02,1.72E+02,3.59E+02
355,-46.5209,59.8912,8.74E+00,3.95E+02,1.67E+02,4.44E+02
356,-46.5132,53.1981,9.37E+00,4.48E+02,1.70E+02,5.02E+02
357,-46.5326,66.5848,8.09E+00,3.49E+02,1.64E+02,3.93E+02
358,-33.2286,59.967,9.44E+00,3.19E+02,1.86E+02,3.65E+02
359,-33.217,53.2766,1.02E+01,3.65E+02,1.92E+02,4.18E+02
360,-33.2397,66.6538,8.67E+00,2.88E+02,1.80E+02,3.26E+02
361,93.3261,46.5759,5.38E+00,1.63E+02,2.74E+02,1.05E+02
362,86.6413,46.5621,6.04E+00,1.71E+02,2.91E+02,1.05E+02
363,79.9532,46.5478,6.70E+00,1.80E+02,3.14E+02,1.03E+02
364,73.2623,46.5331,7.36E+00,1.89E+02,3.44E+02,1.00E+02
365,66.5689,46.5187,8.00E+00,1.97E+02,3.83E+02,9.51E+01
366,59.874,46.506,8.64E+00,2.05E+02,4.31E+02,8.78E+01
367,53.1804,46.4974,9.25E+00,2.13E+02,4.84E+02,8.00E+01
368,46.4935,46.4984,9.83E+00,2.22E+02,5.25E+02,7.54E+01
369,39.8217,46.5169,1.04E+01,2.31E+02,5.29E+02,7.94E+01
370,33.1676,46.5534,1.09E+01,2.41E+02,4.90E+02,9.47E+01
371,26.5256,46.6005,1.13E+01,2.51E+02,4.28E+02,1.18E+02
372,19.8897,46.6491,1.16E+01,2.56E+02,3.66E+02,1.43E+02
373,13.2548,46.6913,1.19E+01,2.57E+02,3.17E+02,1.72E+02
374,6.61887,46.7213,1.20E+01,2.58E+02,2.81E+02,2.02E+02
375,53.2133,39.8429,9.70E+00,2.24E+02,4.52E+02,9.34E+01
376,53.2542,33.1972,1.01E+01,2.33E+02,4.06E+02,1.11E+02
377,53.297,26.5565,1.04E+01,2.39E+02,3.59E+02,1.30E+02
378,53.3363,19.9171,1.07E+01,2.42E+02,3.18E+02,1.50E+02
379,53.3679,13.2776,1.09E+01,2.44E+02,2.86E+02,1.72E+02
380,53.3888,6.63698,1.10E+01,2.46E+02,2.62E+02,1.97E+02
381,79.9808,39.8975,6.92E+00,1.84E+02,2.91E+02,1.16E+02
382,80.0065,33.248,7.11E+00,1.87E+02,2.71E+02,1.29E+02
383,80.0291,26.5987,7.26E+00,1.90E+02,2.53E+02,1.41E+02
384,80.0477,19.949,7.38E+00,1.93E+02,2.38E+02,1.54E+02
385,80.0615,13.2989,7.47E+00,1.96E+02,2.25E+02,1.68E+02
386,80.0702,6.64846,7.53E+00,2.00E+02,2.14E+02,1.82E+02
387,86.7055,26.6074,6.50E+00,1.81E+02,2.40E+02,1.40E+02
388,93.3797,26.6155,5.75E+00,1.73E+02,2.30E+02,1.38E+02
389,86.6868,33.2589,6.38E+00,1.78E+02,2.55E+02,1.28E+02
390,86.6651,39.9104,6.22E+00,1.75E+02,2.72E+02,1.17E+02
391,93.3643,33.2691,5.65E+00,1.69E+02,2.43E+02,1.27E+02
392,93.3463,39.9225,5.53E+00,1.66E+02,2.58E+02,1.16E+02
393,86.732,13.3033,6.67E+00,1.88E+02,2.16E+02,1.65E+02
394,93.401,13.3074,5.89E+00,1.81E+02,2.08E+02,1.61E+02
395,86.7207,19.9555,6.60E+00,1.84E+02,2.27E+02,1.52E+02
396,93.392,19.9616,5.83E+00,1.77E+02,2.19E+02,1.50E+02
397,86.739,6.65082,6.72E+00,1.92E+02,2.06E+02,1.77E+02
398,93.4066,6.653,5.92E+00,1.85E+02,1.99E+02,1.73E+02
399,59.9847,26.5683,9.62E+00,2.24E+02,3.18E+02,1.36E+02
400,66.669,26.5792,8.82E+00,2.11E+02,2.90E+02,1.40E+02
401,73.3503,26.5893,8.04E+00,2.00E+02,2.69E+02,1.41E+02
402,66.6371,33.224,8.59E+00,2.08E+02,3.18E+02,1.24E+02
403,66.6028,39.8699,8.32E+00,2.03E+02,3.50E+02,1.10E+02
404,59.9475,33.2109,9.34E+00,2.20E+02,3.55E+02,1.19E+02
405,59.9091,39.8558,9.01E+00,2.14E+02,3.94E+02,1.03E+02
406,73.3234,33.2364,7.85E+00,1.97E+02,2.91E+02,1.27E+02
407,73.2934,39.884,7.62E+00,1.93E+02,3.16E+02,1.14E+02
408,66.7302,6.64317,9.22E+00,2.19E+02,2.32E+02,1.90E+02
409,66.7169,13.2891,9.13E+00,2.16E+02,2.47E+02,1.72E+02
410,66.6961,19.9344,9.00E+00,2.13E+02,2.66E+02,1.56E+02
411,60.0429,13.2836,1.00E+01,2.28E+02,2.64E+02,1.73E+02
412,60.0595,6.6402,1.01E+01,2.31E+02,2.45E+02,1.94E+02
413,60.0174,19.9262,9.84E+00,2.26E+02,2.88E+02,1.54E+02
414,73.3897,13.2942,8.29E+00,2.05E+02,2.35E+02,1.70E+02
415,73.4005,6.64593,8.36E+00,2.09E+02,2.22E+02,1.86E+02
416,73.3728,19.942,8.18E+00,2.02E+02,2.50E+02,1.56E+02
417,26.5127,39.9046,1.21E+01,2.70E+02,5.15E+02,1.01E+02
418,26.5054,33.209,1.29E+01,2.94E+02,6.18E+02,8.12E+01
419,26.5194,26.5273,1.37E+01,3.24E+02,6.86E+02,7.17E+01
420,26.5709,19.8773,1.43E+01,3.59E+02,6.60E+02,8.72E+01
421,26.6442,13.2491,1.49E+01,3.87E+02,5.56E+02,1.28E+02
422,26.7081,6.62314,1.53E+01,4.00E+02,4.47E+02,1.94E+02
423,33.2105,26.5217,1.29E+01,2.98E+02,6.04E+02,8.38E+01
424,39.9094,26.5312,1.21E+01,2.76E+02,5.00E+02,1.03E+02
425,46.6053,26.5438,1.13E+01,2.56E+02,4.18E+02,1.19E+02
426,39.8606,33.1748,1.16E+01,2.61E+02,5.57E+02,8.33E+01
427,39.8297,39.8358,1.10E+01,2.45E+02,5.69E+02,7.54E+01
428,33.1712,33.1778,1.23E+01,2.76E+02,6.21E+02,7.37E+01
429,33.1606,39.8594,1.16E+01,2.57E+02,5.70E+02,8.07E+01
430,46.5578,33.1843,1.08E+01,2.47E+02,4.75E+02,9.84E+01
431,46.5178,39.8339,1.04E+01,2.34E+02,5.18E+02,8.25E+01
432,33.3312,13.256,1.38E+01,3.30E+02,4.38E+02,1.49E+02
433,40.013,13.2639,1.28E+01,2.91E+02,3.65E+02,1.62E+02
434,46.6915,13.271,1.18E+01,2.64E+02,3.18E+02,1.69E+02
435,39.9639,19.8963,1.25E+01,2.86E+02,4.28E+02,1.30E+02
436,33.2701,19.8855,1.34E+01,3.19E+02,5.27E+02,1.11E+02
437,46.6522,19.9072,1.16E+01,2.61E+02,3.63E+02,1.42E+02
438,40.0478,6.62994,1.30E+01,2.94E+02,3.17E+02,2.02E+02
439,33.3779,6.62639,1.41E+01,3.35E+02,3.66E+02,2.01E+02
440,46.7181,6.63362,1.20E+01,2.66E+02,2.85E+02,2.00E+02
441,6.60131,26.7096,1.53E+01,3.80E+02,4.43E+02,2.01E+02
442,13.2263,26.6417,1.49E+01,3.71E+02,5.65E+02,1.28E+02
443,19.8581,26.57,1.44E+01,3.51E+02,6.73E+02,8.43E+01
444,13.2351,33.3291,1.39E+01,3.19E+02,4.41E+02,1.52E+02
445,13.2455,40.0119,1.29E+01,2.83E+02,3.65E+02,1.65E+02
446,6.60724,33.3802,1.41E+01,3.21E+02,3.61E+02,2.06E+02
447,6.61305,40.0507,1.31E+01,2.84E+02,3.12E+02,2.05E+02
448,19.8648,33.2659,1.34E+01,3.10E+02,5.40E+02,1.09E+02
449,19.8768,39.9597,1.25E+01,2.80E+02,4.36E+02,1.31E+02
450,6.61684,13.3733,1.79E+01,7.20E+02,8.09E+02,1.55E+02
451,13.2612,13.2728,1.70E+01,5.89E+02,8.51E+02,9.10E+01
452,19.9494,13.2457,1.60E+01,4.72E+02,7.24E+02,9.95E+01
453,13.2239,19.95,1.60E+01,4.56E+02,7.34E+02,9.87E+01
454,6.59974,20.0384,1.65E+01,4.83E+02,5.86E+02,1.87E+02
455,19.8789,19.8886,1.52E+01,4.09E+02,7.65E+02,7.43E+01
456,13.3717,6.63979,1.79E+01,7.53E+02,8.03E+02,1.51E+02
457,6.71745,6.72617,1.93E+01,1.16E+03,1.09E+03,1.20E+02
458,20.0379,6.62352,1.65E+01,5.14E+02,5.85E+02,1.78E+02
459,53.221,93.301,5.22E+00,1.58E+02,3.00E+02,9.23E+01
460,53.2048,86.6121,5.85E+00,1.66E+02,3.22E+02,9.13E+01
461,53.1888,79.9207,6.46E+00,1.73E+02,3.50E+02,8.89E+01
462,53.1738,73.2277,7.07E+00,1.81E+02,3.85E+02,8.48E+01
463,53.1619,66.5349,7.65E+00,1.88E+02,4.25E+02,7.94E+01
464,53.156,59.8457,8.22E+00,1.95E+02,4.64E+02,7.45E+01
465,53.1608,53.1649,8.75E+00,2.03E+02,4.89E+02,7.36E+01
466,59.8334,73.2035,6.73E+00,1.74E+02,4.07E+02,7.30E+01
467,66.5012,73.1873,6.35E+00,1.68E+02,4.15E+02,6.44E+01
468,73.1779,73.1805,5.94E+00,1.63E+02,4.09E+02,6.00E+01
469,79.862,73.1822,5.51E+00,1.58E+02,3.90E+02,5.91E+01
470,86.5508,73.1901,5.04E+00,1.53E+02,3.66E+02,6.01E+01
471,93.2416,73.2021,4.55E+00,1.47E+02,3.42E+02,6.14E+01
472,73.1769,79.8615,5.51E+00,1.57E+02,3.95E+02,5.78E+01
473,73.1833,86.5483,5.05E+00,1.51E+02,3.75E+02,5.81E+01
474,73.1948,93.2381,4.56E+00,1.45E+02,3.53E+02,5.91E+01
475,66.5189,86.5654,5.34E+00,1.56E+02,3.63E+02,6.80E+01
476,59.8599,86.5874,5.61E+00,1.61E+02,3.44E+02,7.94E+01
477,66.5073,79.8747,5.86E+00,1.62E+02,3.90E+02,6.58E+01
478,59.8451,79.8951,6.18E+00,1.68E+02,3.73E+02,7.66E+01
479,66.5335,93.2569,4.81E+00,1.50E+02,3.38E+02,6.97E+01
480,59.876,93.2784,5.03E+00,1.54E+02,3.20E+02,8.09E+01
481,86.538,79.8586,4.72E+00,1.47E+02,3.72E+02,5.16E+01
482,86.532,86.5337,4.37E+00,1.42E+02,3.70E+02,4.56E+01
483,86.5331,93.2149,3.99E+00,1.37E+02,3.61E+02,4.23E+01
484,79.8543,86.5375,4.72E+00,1.47E+02,3.77E+02,5.04E+01
485,79.8542,79.8563,5.13E+00,1.52E+02,3.88E+02,5.33E+01
486,79.861,93.2237,4.29E+00,1.41E+02,3.61E+02,4.97E+01
487,93.2155,86.5366,3.99E+00,1.38E+02,3.57E+02,4.34E+01
488,93.226,79.8667,4.28E+00,1.42E+02,3.53E+02,5.16E+01
489,93.211,93.2123,3.66E+00,1.33E+02,3.54E+02,3.75E+01
490,73.2325,53.1854,7.05E+00,1.83E+02,3.72E+02,8.72E+01
491,73.2068,59.8429,6.72E+00,1.76E+02,3.96E+02,7.53E+01
492,73.1879,66.5075,6.35E+00,1.69E+02,4.09E+02,6.58E+01
493,66.516,59.8349,7.25E+00,1.82E+02,4.31E+02,7.16E+01
494,59.8309,59.8344,7.75E+00,1.88E+02,4.58E+02,7.04E+01
495,66.5387,53.1729,7.64E+00,1.90E+02,4.13E+02,8.19E+01
496,59.8467,53.1646,8.21E+00,1.96E+02,4.56E+02,7.63E+01
497,66.5034,66.5064,6.81E+00,1.75E+02,4.31E+02,6.58E+01
498,59.8275,66.5153,7.25E+00,1.81E+02,4.38E+02,7.00E+01
499,93.2824,59.8848,5.02E+00,1.56E+02,3.09E+02,8.30E+01
500,86.5918,59.8696,5.60E+00,1.63E+02,3.33E+02,8.16E+01
501,79.8995,59.8552,6.17E+00,1.70E+02,3.62E+02,7.90E+01
502,86.6164,53.2148,5.83E+00,1.68E+02,3.12E+02,9.32E+01
503,93.3045,53.2298,5.21E+00,1.59E+02,2.91E+02,9.41E+01
504,79.9255,53.1998,6.45E+00,1.75E+02,3.38E+02,9.10E+01
505,86.5694,66.5275,5.33E+00,1.58E+02,3.52E+02,7.03E+01
506,93.261,66.5419,4.80E+00,1.52E+02,3.27E+02,7.20E+01
507,79.8776,66.5154,5.85E+00,1.64E+02,3.80E+02,6.80E+01
508,26.6086,93.3799,5.77E+00,1.71E+02,2.33E+02,1.38E+02
509,26.5993,86.7054,6.52E+00,1.79E+02,2.43E+02,1.40E+02
510,26.5892,80.0285,7.28E+00,1.87E+02,2.56E+02,1.41E+02
511,26.5783,73.349,8.06E+00,1.97E+02,2.72E+02,1.41E+02
512,26.5664,66.6668,8.84E+00,2.08E+02,2.93E+02,1.40E+02
513,26.5536,59.9816,9.64E+00,2.20E+02,3.23E+02,1.36E+02
514,26.5398,53.293,1.05E+01,2.34E+02,3.66E+02,1.29E+02
515,33.2246,73.3204,7.87E+00,1.94E+02,2.96E+02,1.27E+02
516,39.8716,73.2891,7.64E+00,1.91E+02,3.24E+02,1.13E+02
517,46.5207,73.2572,7.37E+00,1.86E+02,3.55E+02,9.84E+01
518,39.8867,79.9775,6.94E+00,1.82E+02,2.98E+02,1.15E+02
519,39.9011,86.6626,6.24E+00,1.73E+02,2.78E+02,1.16E+02
520,39.9145,93.3446,5.54E+00,1.64E+02,2.63E+02,1.15E+02
521,33.2502,86.6855,6.39E+00,1.76E+02,2.59E+02,1.28E+02
522,33.2379,80.0045,7.13E+00,1.85E+02,2.75E+02,1.28E+02
523,33.2617,93.3636,5.67E+00,1.67E+02,2.47E+02,1.26E+02
524,46.5523,86.6378,6.06E+00,1.69E+02,2.99E+02,1.03E+02
525,46.5365,79.9489,6.72E+00,1.78E+02,3.23E+02,1.02E+02
526,46.5675,93.3235,5.39E+00,1.61E+02,2.81E+02,1.04E+02
527,33.1956,59.9427,9.36E+00,2.16E+02,3.64E+02,1.18E+02
528,39.841,59.9037,9.03E+00,2.10E+02,4.07E+02,1.00E+02
529,46.4934,59.8698,8.65E+00,2.03E+02,4.45E+02,8.51E+01
530,39.8561,66.5977,8.34E+00,2.00E+02,3.60E+02,1.08E+02
531,33.2104,66.6332,8.61E+00,2.05E+02,3.24E+02,1.24E+02
532,46.5057,66.5636,8.02E+00,1.95E+02,3.96E+02,9.27E+01
533,39.8282,53.2089,9.71E+00,2.20E+02,4.67E+02,8.99E+01
534,33.1806,53.249,1.01E+01,2.28E+02,4.18E+02,1.08E+02
535,46.4872,53.1792,9.26E+00,2.11E+02,4.95E+02,7.77E+01
536,6.63686,73.4038,8.39E+00,2.05E+02,2.22E+02,1.86E+02
537,13.2846,73.3917,8.32E+00,2.02E+02,2.35E+02,1.70E+02
538,19.9317,73.3731,8.21E+00,1.99E+02,2.52E+02,1.56E+02
539,13.2906,80.0635,7.50E+00,1.93E+02,2.26E+02,1.67E+02
540,13.2961,86.734,6.69E+00,1.85E+02,2.17E+02,1.64E+02
541,13.3012,93.403,5.91E+00,1.78E+02,2.10E+02,1.60E+02
542,6.64388,86.7419,6.74E+00,1.89E+02,2.07E+02,1.77E+02
543,6.64049,80.0734,7.55E+00,1.96E+02,2.14E+02,1.81E+02
544,6.647,93.4094,5.94E+00,1.82E+02,2.01E+02,1.72E+02
545,19.9479,86.7217,6.62E+00,1.82E+02,2.29E+02,1.52E+02
546,19.9402,80.0484,7.41E+00,1.90E+02,2.39E+02,1.54E+02
547,19.9551,93.3931,5.85E+00,1.74E+02,2.21E+02,1.49E+02
548,13.2634,53.3685,1.09E+01,2.38E+02,2.85E+02,1.74E+02
549,13.2711,60.0442,1.00E+01,2.24E+02,2.63E+02,1.74E+02
550,13.2781,66.7186,9.16E+00,2.12E+02,2.47E+02,1.73E+02
551,6.6287,60.063,1.01E+01,2.26E+02,2.44E+02,1.94E+02
552,6.62398,53.3921,1.11E+01,2.40E+02,2.59E+02,1.99E+02
553,6.63293,66.7336,9.25E+00,2.14E+02,2.32E+02,1.90E+02
554,19.9125,60.0165,9.87E+00,2.22E+02,2.89E+02,1.54E+02
555,19.9016,53.3344,1.07E+01,2.37E+02,3.21E+02,1.51E+02
556,19.9225,66.6959,9.03E+00,2.10E+02,2.68E+02,1.56E+02
557,-0.00386422,-93.4122,5.95E+00,1.92E+02,1.88E+02,1.84E+02
558,-0.00427874,-86.7456,6.75E+00,1.99E+02,1.94E+02,1.89E+02
559,-0.00467473,-80.078,7.57E+00,2.06E+02,2.01E+02,1.94E+02
560,-0.00507544,-73.4097,8.41E+00,2.15E+02,2.08E+02,1.99E+02
561,-0.00548228,-66.7411,9.28E+00,2.24E+02,2.17E+02,2.04E+02
562,-0.00594532,-60.0724,1.02E+01,2.36E+02,2.26E+02,2.10E+02
563,-0.00642457,-53.4041,1.11E+01,2.51E+02,2.39E+02,2.16E+02
564,-0.00701496,-46.737,1.21E+01,2.72E+02,2.54E+02,2.24E+02
565,-0.00749955,-40.0714,1.32E+01,3.00E+02,2.76E+02,2.34E+02
566,-0.0082586,-33.4084,1.43E+01,3.42E+02,3.07E+02,2.46E+02
567,-0.00898469,-26.7493,1.55E+01,4.13E+02,3.57E+02,2.65E+02
568,-0.0109478,-20.0968,1.68E+01,5.46E+02,4.43E+02,2.97E+02
569,-0.0171906,-13.4646,1.83E+01,8.64E+02,6.55E+02,3.51E+02
570,-0.0230106,-6.85165,2.01E+01,1.47E+03,1.10E+03,3.89E+02
571,-6.64732,-53.3971,1.11E+01,2.47E+02,2.55E+02,1.89E+02
572,-13.2872,-53.3769,1.10E+01,2.44E+02,2.77E+02,1.66E+02
573,-19.9259,-53.345,1.08E+01,2.42E+02,3.07E+02,1.45E+02
574,-26.5636,-53.3045,1.05E+01,2.38E+02,3.46E+02,1.26E+02
575,-33.202,-53.2593,1.01E+01,2.32E+02,3.94E+02,1.08E+02
576,-39.8447,-53.2155,9.74E+00,2.22E+02,4.44E+02,9.14E+01
577,-46.4966,-53.1798,9.29E+00,2.12E+02,4.80E+02,7.78E+01
578,-53.1628,-53.1591,8.79E+00,2.02E+02,4.85E+02,7.15E+01
579,-59.8439,-53.1547,8.25E+00,1.94E+02,4.59E+02,7.33E+01
580,-66.5341,-53.1616,7.68E+00,1.88E+02,4.18E+02,7.92E+01
581,-73.2278,-53.1745,7.09E+00,1.82E+02,3.77E+02,8.49E+01
582,-79.9216,-53.1902,6.49E+00,1.74E+02,3.42E+02,8.91E+01
583,-86.6136,-53.2067,5.87E+00,1.67E+02,3.15E+02,9.17E+01
584,-93.3027,-53.2232,5.24E+00,1.59E+02,2.94E+02,9.28E+01
585,-46.5067,-59.8749,8.67E+00,2.04E+02,4.25E+02,8.64E+01
586,-46.5208,-66.571,8.03E+00,1.97E+02,3.75E+02,9.42E+01
587,-46.5361,-73.2652,7.38E+00,1.89E+02,3.36E+02,9.95E+01
588,-46.5513,-79.9566,6.72E+00,1.80E+02,3.06E+02,1.03E+02
589,-46.5659,-86.6448,6.06E+00,1.71E+02,2.84E+02,1.04E+02
590,-46.5798,-93.3296,5.39E+00,1.63E+02,2.68E+02,1.05E+02
591,-19.9344,-60.0254,9.88E+00,2.27E+02,2.79E+02,1.50E+02
592,-19.9421,-66.7033,9.04E+00,2.14E+02,2.59E+02,1.53E+02
593,-19.9491,-73.3792,8.21E+00,2.03E+02,2.44E+02,1.53E+02
594,-19.9555,-80.0534,7.41E+00,1.94E+02,2.32E+02,1.53E+02
595,-19.9615,-86.7258,6.62E+00,1.85E+02,2.23E+02,1.51E+02
596,-19.9669,-93.3963,5.85E+00,1.77E+02,2.15E+02,1.49E+02
597,-13.3015,-73.396,8.32E+00,2.06E+02,2.30E+02,1.67E+02
598,-6.65348,-73.4064,8.39E+00,2.10E+02,2.18E+02,1.83E+02
599,-13.2972,-66.7241,9.17E+00,2.17E+02,2.41E+02,1.68E+02
600,-13.2924,-60.051,1.00E+01,2.29E+02,2.56E+02,1.68E+02
601,-6.65157,-66.7369,9.25E+00,2.20E+02,2.28E+02,1.85E+02
602,-6.64949,-60.067,1.01E+01,2.32E+02,2.39E+02,1.88E+02
603,-13.3093,-86.7369,6.69E+00,1.89E+02,2.12E+02,1.63E+02
604,-6.65692,-86.7435,6.74E+00,1.94E+02,2.03E+02,1.76E+02
605,-13.3056,-80.0671,7.50E+00,1.97E+02,2.20E+02,1.66E+02
606,-6.65527,-80.0754,7.55E+00,2.01E+02,2.10E+02,1.79E+02
607,-13.3128,-93.4052,5.90E+00,1.82E+02,2.05E+02,1.61E+02
608,-6.65842,-93.4105,5.94E+00,1.87E+02,1.96E+02,1.72E+02
609,-39.8886,-73.2979,7.65E+00,1.93E+02,3.07E+02,1.13E+02
610,-33.2422,-73.3289,7.87E+00,1.97E+02,2.82E+02,1.26E+02
611,-26.596,-73.3565,8.06E+00,2.00E+02,2.61E+02,1.40E+02
612,-33.2298,-66.6429,8.62E+00,2.08E+02,3.08E+02,1.23E+02
613,-33.2164,-59.9532,9.38E+00,2.20E+02,3.44E+02,1.17E+02
614,-39.8741,-66.607,8.35E+00,2.03E+02,3.40E+02,1.09E+02
615,-39.8591,-59.9126,9.05E+00,2.13E+02,3.85E+02,1.02E+02
616,-26.5862,-66.6758,8.85E+00,2.11E+02,2.81E+02,1.38E+02
617,-26.5755,-59.9919,9.66E+00,2.24E+02,3.08E+02,1.34E+02
618,-33.2739,-93.3686,5.66E+00,1.70E+02,2.38E+02,1.27E+02
619,-33.2642,-86.6916,6.39E+00,1.78E+02,2.49E+02,1.28E+02
620,-33.2536,-80.0118,7.13E+00,1.87E+02,2.64E+02,1.27E+02
621,-39.9151,-86.6695,6.24E+00,1.75E+02,2.66E+02,1.16E+02
622,-39.9269,-93.3503,5.54E+00,1.66E+02,2.52E+02,1.16E+02
623,-39.9023,-79.9854,6.94E+00,1.84E+02,2.84E+02,1.15E+02
624,-26.6131,-86.7106,6.52E+00,1.82E+02,2.35E+02,1.39E+02
625,-26.6207,-93.384,5.77E+00,1.74E+02,2.26E+02,1.38E+02
626,-26.6049,-80.0347,7.29E+00,1.90E+02,2.47E+02,1.40E+02
627,-73.2019,-59.8323,6.75E+00,1.75E+02,4.01E+02,7.25E+01
628,-73.1844,-66.4986,6.38E+00,1.68E+02,4.12E+02,6.33E+01
629,-73.1771,-73.1746,5.97E+00,1.62E+02,4.07E+02,5.84E+01
630,-73.1791,-79.859,5.53E+00,1.57E+02,3.88E+02,5.75E+01
631,-73.1879,-86.5486,5.06E+00,1.52E+02,3.63E+02,5.87E+01
632,-73.2009,-93.2402,4.57E+00,1.46E+02,3.39E+02,6.03E+01
633,-66.5048,-73.1853,6.37E+00,1.69E+02,4.06E+02,6.44E+01
634,-59.8418,-73.2058,6.74E+00,1.76E+02,3.91E+02,7.42E+01
635,-53.1863,-73.2335,7.08E+00,1.83E+02,3.65E+02,8.64E+01
636,-59.8326,-66.514,7.28E+00,1.81E+02,4.27E+02,7.02E+01
637,-59.8317,-59.8286,7.78E+00,1.87E+02,4.55E+02,6.88E+01
638,-66.5034,-66.5005,6.84E+00,1.74E+02,4.29E+02,6.43E+01
639,-66.5129,-59.8254,7.28E+00,1.81E+02,4.34E+02,6.90E+01
640,-53.1725,-66.5386,7.67E+00,1.89E+02,4.07E+02,8.07E+01
641,-53.163,-59.8453,8.25E+00,1.95E+02,4.52E+02,7.46E+01
642,-59.8866,-93.2839,5.03E+00,1.56E+02,3.04E+02,8.24E+01
643,-59.8706,-86.5928,5.62E+00,1.63E+02,3.26E+02,8.09E+01
644,-59.8552,-79.8996,6.19E+00,1.70E+02,3.56E+02,7.81E+01
645,-66.5269,-86.5686,5.35E+00,1.58E+02,3.47E+02,6.94E+01
646,-66.5423,-93.2611,4.81E+00,1.51E+02,3.22E+02,7.13E+01
647,-66.5137,-79.8759,5.87E+00,1.63E+02,3.76E+02,6.67E+01
648,-53.2174,-86.6188,5.85E+00,1.67E+02,3.05E+02,9.26E+01
649,-53.2327,-93.3071,5.22E+00,1.59E+02,2.85E+02,9.36E+01
650,-53.2017,-79.9273,6.47E+00,1.75E+02,3.31E+02,9.04E+01
651,-93.2365,-73.1934,4.58E+00,1.46E+02,3.49E+02,5.91E+01
652,-86.5458,-73.181,5.07E+00,1.51E+02,3.72E+02,5.74E+01
653,-79.8583,-73.1738,5.53E+00,1.56E+02,3.93E+02,5.65E+01
654,-86.5643,-66.518,5.36E+00,1.57E+02,3.58E+02,6.79E+01
655,-86.5876,-59.8604,5.63E+00,1.62E+02,3.38E+02,7.96E+01
656,-93.2565,-66.5335,4.83E+00,1.51E+02,3.33E+02,7.00E+01
657,-93.2791,-59.8772,5.05E+00,1.55E+02,3.14E+02,8.14E+01
658,-79.8727,-66.5055,5.88E+00,1.63E+02,3.86E+02,6.52E+01
659,-79.8946,-59.8449,6.20E+00,1.69E+02,3.67E+02,7.66E+01
660,-86.533,-93.2117,4.00E+00,1.37E+02,3.56E+02,4.19E+01
661,-86.5299,-86.5282,4.39E+00,1.41E+02,3.70E+02,4.41E+01
662,-86.534,-79.8509,4.74E+00,1.46E+02,3.76E+02,4.92E+01
663,-93.2113,-86.5294,4.01E+00,1.37E+02,3.61E+02,4.13E+01
664,-93.2084,-93.2069,3.68E+00,1.32E+02,3.54E+02,3.62E+01
665,-93.2209,-79.8583,4.31E+00,1.41E+02,3.59E+02,4.93E+01
666,-79.8552,-86.5346,4.74E+00,1.46E+02,3.71E+02,4.99E+01
667,-79.8641,-93.2232,4.30E+00,1.41E+02,3.51E+02,5.02E+01
668,-79.8526,-79.8506,5.15E+00,1.51E+02,3.87E+02,5.15E+01
669,-46.7271,-6.63005,1.21E+01,2.60E+02,2.74E+02,1.93E+02
670,-46.6977,-13.2652,1.19E+01,2.59E+02,3.06E+02,1.65E+02
671,-46.6552,-19.8988,1.17E+01,2.57E+02,3.53E+02,1.39E+02
672,-46.6051,-26.5326,1.13E+01,2.51E+02,4.13E+02,1.16E+02
673,-46.5557,-33.1716,1.09E+01,2.41E+02,4.77E+02,9.39E+01
674,-46.5168,-39.8226,1.04E+01,2.30E+02,5.21E+02,7.78E+01
675,-46.4971,-46.4926,9.88E+00,2.20E+02,5.21E+02,7.28E+01
676,-39.9085,-26.519,1.22E+01,2.69E+02,4.99E+02,9.87E+01
677,-33.2111,-26.5098,1.30E+01,2.90E+02,6.05E+02,7.85E+01
678,-26.5281,-26.5222,1.37E+01,3.18E+02,6.78E+02,6.82E+01
679,-19.8807,-26.5758,1.44E+01,3.50E+02,6.49E+02,8.23E+01
680,-13.2589,-26.6546,1.50E+01,3.79E+02,5.37E+02,1.17E+02
681,-6.63717,-26.7206,1.53E+01,3.98E+02,4.26E+02,1.70E+02
682,-26.5733,-19.8648,1.44E+01,3.44E+02,6.57E+02,8.11E+01
683,-26.6489,-13.2388,1.50E+01,3.67E+02,5.40E+02,1.20E+02
684,-26.7181,-6.61778,1.54E+01,3.79E+02,4.20E+02,1.79E+02
685,-33.3367,-13.2477,1.39E+01,3.18E+02,4.20E+02,1.43E+02
686,-40.019,-13.257,1.29E+01,2.83E+02,3.50E+02,1.57E+02
687,-33.2714,-19.8739,1.35E+01,3.07E+02,5.20E+02,1.06E+02
688,-39.9659,-19.8864,1.26E+01,2.79E+02,4.18E+02,1.26E+02
689,-33.3877,-6.62172,1.42E+01,3.22E+02,3.46E+02,1.89E+02
690,-40.0572,-6.62588,1.31E+01,2.85E+02,3.02E+02,1.92E+02
691,-6.64717,-13.3763,1.79E+01,7.36E+02,7.82E+02,1.32E+02
692,-13.2746,-13.2662,1.71E+01,5.59E+02,8.33E+02,9.43E+01
693,-19.9537,-13.2329,1.61E+01,4.42E+02,7.12E+02,9.49E+01
694,-13.2508,-19.9561,1.60E+01,4.54E+02,7.10E+02,9.47E+01
695,-6.63635,-20.0495,1.66E+01,5.08E+02,5.61E+02,1.52E+02
696,-19.8902,-19.8831,1.53E+01,3.95E+02,7.55E+02,7.17E+01
697,-13.3779,-6.62771,1.80E+01,6.80E+02,7.71E+02,1.40E+02
698,-6.73203,-6.71824,1.93E+01,1.10E+03,1.05E+03,1.21E+02
699,-20.0464,-6.61633,1.66E+01,4.74E+02,5.53E+02,1.63E+02
700,-26.5503,-46.6125,1.13E+01,2.54E+02,4.04E+02,1.15E+02
701,-26.5363,-39.9153,1.21E+01,2.72E+02,4.88E+02,9.91E+01
702,-26.5237,-33.214,1.30E+01,2.93E+02,5.96E+02,7.99E+01
703,-33.1756,-39.8626,1.16E+01,2.57E+02,5.52E+02,7.96E+01
704,-39.8349,-39.8301,1.11E+01,2.42E+02,5.64E+02,7.23E+01
705,-33.1874,-46.5618,1.09E+01,2.44E+02,4.65E+02,9.52E+01
706,-39.8338,-46.5185,1.04E+01,2.31E+02,5.13E+02,7.95E+01
707,-33.1778,-33.1726,1.23E+01,2.72E+02,6.16E+02,7.00E+01
708,-39.8602,-33.1632,1.16E+01,2.55E+02,5.60E+02,7.83E+01
709,-13.2815,-46.7014,1.19E+01,2.64E+02,3.06E+02,1.61E+02
710,-13.275,-40.0237,1.29E+01,2.91E+02,3.49E+02,1.53E+02
711,-13.2674,-33.3422,1.39E+01,3.28E+02,4.19E+02,1.39E+02
712,-19.9051,-39.973,1.26E+01,2.85E+02,4.12E+02,1.24E+02
713,-19.9162,-46.6614,1.16E+01,2.61E+02,3.48E+02,1.37E+02
714,-19.8928,-33.2781,1.35E+01,3.14E+02,5.11E+02,1.05E+02
715,-6.64251,-40.0584,1.31E+01,2.94E+02,3.05E+02,1.88E+02
716,-6.64496,-46.7276,1.21E+01,2.67E+02,2.75E+02,1.90E+02
717,-6.63968,-33.3895,1.42E+01,3.35E+02,3.51E+02,1.82E+02
718,-73.4079,-6.64417,8.42E+00,2.07E+02,2.19E+02,1.83E+02
719,-73.3961,-13.2914,8.35E+00,2.04E+02,2.32E+02,1.68E+02
720,-73.3776,-19.938,8.24E+00,2.01E+02,2.47E+02,1.54E+02
721,-73.3533,-26.584,8.09E+00,1.99E+02,2.66E+02,1.40E+02
722,-73.3242,-33.2295,7.90E+00,1.96E+02,2.89E+02,1.26E+02
723,-73.292,-39.8755,7.67E+00,1.92E+02,3.16E+02,1.13E+02
724,-73.2589,-46.5232,7.40E+00,1.88E+02,3.47E+02,9.86E+01
725,-66.6715,-26.5726,8.88E+00,2.09E+02,2.86E+02,1.38E+02
726,-59.9864,-26.5602,9.69E+00,2.21E+02,3.14E+02,1.34E+02
727,-53.2978,-26.5468,1.05E+01,2.35E+02,3.54E+02,1.27E+02
728,-66.7234,-13.2856,9.20E+00,2.14E+02,2.43E+02,1.70E+02
729,-60.0494,-13.2794,1.01E+01,2.26E+02,2.58E+02,1.70E+02
730,-53.3742,-13.2726,1.10E+01,2.40E+02,2.78E+02,1.69E+02
731,-60.0676,-6.6376,1.02E+01,2.28E+02,2.40E+02,1.89E+02
732,-66.738,-6.64101,9.29E+00,2.17E+02,2.28E+02,1.87E+02
733,-53.3972,-6.63393,1.11E+01,2.42E+02,2.54E+02,1.92E+02
734,-60.0217,-19.9202,9.91E+00,2.24E+02,2.82E+02,1.52E+02
735,-66.7008,-19.9294,9.07E+00,2.12E+02,2.62E+02,1.54E+02
736,-53.34,-19.91,1.08E+01,2.38E+02,3.11E+02,1.47E+02
737,-59.8699,-46.4941,8.68E+00,2.03E+02,4.36E+02,8.46E+01
738,-59.9059,-39.8441,9.07E+00,2.11E+02,3.96E+02,1.00E+02
739,-59.9465,-33.2006,9.40E+00,2.17E+02,3.53E+02,1.17E+02
740,-66.6004,-39.8598,8.37E+00,2.02E+02,3.50E+02,1.08E+02
741,-66.5647,-46.5075,8.05E+00,1.96E+02,3.87E+02,9.30E+01
742,-66.6372,-33.2155,8.65E+00,2.06E+02,3.15E+02,1.23E+02
743,-53.2101,-39.8304,9.75E+00,2.20E+02,4.56E+02,8.92E+01
744,-53.1783,-46.4868,9.29E+00,2.10E+02,4.88E+02,7.60E+01
745,-53.2523,-33.1854,1.02E+01,2.29E+02,4.05E+02,1.08E+02
746,-93.3833,-26.6132,5.79E+00,1.72E+02,2.30E+02,1.38E+02
747,-86.7092,-26.6042,6.55E+00,1.80E+02,2.39E+02,1.39E+02
748,-80.0325,-26.5945,7.31E+00,1.89E+02,2.51E+02,1.40E+02
749,-86.7256,-19.9532,6.65E+00,1.84E+02,2.26E+02,1.51E+02
750,-86.7378,-13.3017,6.72E+00,1.87E+02,2.14E+02,1.63E+02
751,-86.7454,-6.64975,6.76E+00,1.91E+02,2.04E+02,1.76E+02
752,-93.4063,-13.3062,5.93E+00,1.80E+02,2.07E+02,1.60E+02
753,-93.3965,-19.9599,5.87E+00,1.76E+02,2.18E+02,1.49E+02
754,-93.4124,-6.6522,5.96E+00,1.84E+02,1.98E+02,1.72E+02
755,-80.0676,-13.2967,7.53E+00,1.95E+02,2.22E+02,1.66E+02
756,-80.0526,-19.9459,7.44E+00,1.92E+02,2.35E+02,1.53E+02
757,-80.0771,-6.64707,7.58E+00,1.99E+02,2.11E+02,1.80E+02
758,-86.6401,-46.5553,6.08E+00,1.71E+02,2.93E+02,1.04E+02
759,-86.6657,-39.9049,6.26E+00,1.74E+02,2.73E+02,1.16E+02
760,-86.689,-33.2546,6.42E+00,1.77E+02,2.55E+02,1.28E+02
761,-93.3475,-39.9182,5.56E+00,1.66E+02,2.58E+02,1.15E+02
762,-93.3258,-46.5706,5.41E+00,1.62E+02,2.76E+02,1.04E+02
763,-93.3668,-33.2658,5.69E+00,1.69E+02,2.43E+02,1.27E+02
764,-79.9805,-39.8906,6.97E+00,1.83E+02,2.91E+02,1.15E+02
765,-79.951,-46.5394,6.74E+00,1.79E+02,3.16E+02,1.02E+02
766,-80.0081,-33.2425,7.16E+00,1.86E+02,2.69E+02,1.28E+02
767,93.3101,-53.2344,5.23E+00,2.76E+02,1.38E+02,3.05E+02
768,86.6234,-53.2206,5.87E+00,2.95E+02,1.43E+02,3.27E+02
769,79.934,-53.2069,6.49E+00,3.19E+02,1.48E+02,3.55E+02
770,73.2427,-53.194,7.10E+00,3.50E+02,1.52E+02,3.90E+02
771,66.5505,-53.1832,7.70E+00,3.88E+02,1.56E+02,4.32E+02
772,59.8597,-53.1767,8.28E+00,4.29E+02,1.59E+02,4.77E+02
773,53.1747,-53.1787,8.83E+00,4.60E+02,1.63E+02,5.11E+02
774,46.5015,-53.1946,9.33E+00,4.65E+02,1.69E+02,5.18E+02
775,39.8426,-53.2251,9.78E+00,4.37E+02,1.79E+02,4.88E+02
776,33.1947,-53.265,1.02E+01,3.90E+02,1.89E+02,4.37E+02
777,26.5532,-53.3074,1.05E+01,3.43E+02,1.99E+02,3.81E+02
778,19.9139,-53.3464,1.08E+01,3.04E+02,2.08E+02,3.30E+02
779,13.2747,-53.3774,1.10E+01,2.77E+02,2.17E+02,2.85E+02
780,6.63447,-53.3973,1.11E+01,2.60E+02,2.27E+02,2.48E+02
781,53.1687,-59.8592,8.28E+00,4.37E+02,1.57E+02,4.84E+02
782,53.1732,-66.5476,7.71E+00,3.99E+02,1.53E+02,4.42E+02
783,53.1837,-73.2389,7.12E+00,3.61E+02,1.50E+02,4.00E+02
784,53.1972,-79.9303,6.50E+00,3.29E+02,1.46E+02,3.63E+02
785,53.2119,-86.6201,5.88E+00,3.03E+02,1.41E+02,3.34E+02
786,53.2269,-93.3074,5.25E+00,2.83E+02,1.36E+02,3.11E+02
787,59.8435,-73.2145,6.78E+00,3.83E+02,1.42E+02,4.22E+02
788,66.5112,-73.1977,6.41E+00,3.92E+02,1.36E+02,4.31E+02
789,73.1876,-73.1899,6.00E+00,3.85E+02,1.31E+02,4.24E+02
790,79.8712,-73.1904,5.56E+00,3.67E+02,1.27E+02,4.05E+02
791,86.5592,-73.1971,5.09E+00,3.45E+02,1.23E+02,3.80E+02
792,93.249,-73.2079,4.60E+00,3.23E+02,1.20E+02,3.56E+02
793,73.1983,-66.5169,6.40E+00,3.86E+02,1.37E+02,4.25E+02
794,73.2173,-59.852,6.77E+00,3.72E+02,1.44E+02,4.12E+02
795,59.8387,-66.5271,7.31E+00,4.13E+02,1.46E+02,4.56E+02
796,59.8432,-59.8466,7.81E+00,4.31E+02,1.51E+02,4.77E+02
797,66.5143,-66.5172,6.87E+00,4.07E+02,1.41E+02,4.49E+02
798,66.5276,-59.8455,7.31E+00,4.06E+02,1.48E+02,4.49E+02
799,86.5776,-66.5342,5.38E+00,3.31E+02,1.30E+02,3.66E+02
800,86.5996,-59.8758,5.64E+00,3.14E+02,1.37E+02,3.47E+02
801,79.887,-66.5235,5.90E+00,3.58E+02,1.34E+02,3.95E+02
802,79.9087,-59.8628,6.21E+00,3.40E+02,1.41E+02,3.77E+02
803,93.268,-66.5474,4.83E+00,3.09E+02,1.26E+02,3.41E+02
804,93.2888,-59.8899,5.05E+00,2.93E+02,1.32E+02,3.23E+02
805,73.2016,-93.2459,4.60E+00,3.33E+02,1.18E+02,3.65E+02
806,73.1912,-86.5569,5.10E+00,3.53E+02,1.22E+02,3.88E+02
807,73.1858,-79.8707,5.56E+00,3.73E+02,1.26E+02,4.10E+02
808,66.5266,-86.5742,5.39E+00,3.42E+02,1.28E+02,3.76E+02
809,59.8673,-86.5959,5.65E+00,3.24E+02,1.35E+02,3.57E+02
810,66.5401,-93.2644,4.84E+00,3.19E+02,1.24E+02,3.50E+02
811,59.8823,-93.2854,5.06E+00,3.02E+02,1.30E+02,3.31E+02
812,66.5163,-79.8845,5.91E+00,3.67E+02,1.32E+02,4.04E+02
813,59.8538,-79.9051,6.22E+00,3.51E+02,1.39E+02,3.87E+02
814,93.2227,-86.5429,4.04E+00,3.36E+02,1.08E+02,3.69E+02
815,86.5397,-86.541,4.42E+00,3.49E+02,1.12E+02,3.84E+02
816,79.8622,-86.5455,4.77E+00,3.56E+02,1.16E+02,3.91E+02
817,86.54,-93.222,4.04E+00,3.40E+02,1.07E+02,3.74E+02
818,93.2178,-93.2187,3.71E+00,3.33E+02,1.03E+02,3.66E+02
819,79.868,-93.2313,4.34E+00,3.40E+02,1.12E+02,3.73E+02
820,86.5462,-79.8659,4.77E+00,3.51E+02,1.17E+02,3.86E+02
821,93.2335,-79.8728,4.33E+00,3.32E+02,1.14E+02,3.66E+02
822,79.8628,-79.8646,5.18E+00,3.66E+02,1.21E+02,4.03E+02
823,26.5646,-59.9931,9.68E+00,3.04E+02,1.92E+02,3.35E+02
824,26.5756,-66.6758,8.87E+00,2.78E+02,1.85E+02,3.03E+02
825,26.5859,-73.3559,8.08E+00,2.59E+02,1.79E+02,2.81E+02
826,26.5956,-80.0338,7.30E+00,2.44E+02,1.73E+02,2.63E+02
827,26.6046,-86.7094,6.53E+00,2.33E+02,1.66E+02,2.50E+02
828,26.6129,-93.3828,5.78E+00,2.24E+02,1.60E+02,2.39E+02
829,33.2328,-73.3288,7.90E+00,2.79E+02,1.72E+02,3.08E+02
830,39.8805,-73.2988,7.67E+00,3.05E+02,1.65E+02,3.38E+02
831,46.5301,-73.268,7.41E+00,3.33E+02,1.58E+02,3.69E+02
832,39.8667,-66.6097,8.38E+00,3.37E+02,1.70E+02,3.75E+02
833,39.8534,-59.918,9.09E+00,3.81E+02,1.75E+02,4.25E+02
834,33.2203,-66.6439,8.65E+00,3.05E+02,1.78E+02,3.38E+02
835,33.2074,-59.956,9.41E+00,3.40E+02,1.84E+02,3.79E+02
836,46.5167,-66.5763,8.07E+00,3.71E+02,1.62E+02,4.12E+02
837,46.5061,-59.8841,8.71E+00,4.18E+02,1.65E+02,4.64E+02
838,39.9196,-93.3492,5.56E+00,2.50E+02,1.48E+02,2.73E+02
839,39.9071,-86.6687,6.26E+00,2.64E+02,1.54E+02,2.89E+02
840,39.8941,-79.9852,6.97E+00,2.81E+02,1.60E+02,3.10E+02
841,33.2559,-86.6905,6.41E+00,2.47E+02,1.60E+02,2.69E+02
842,33.2663,-93.3673,5.68E+00,2.36E+02,1.54E+02,2.55E+02
843,33.2447,-80.011,7.15E+00,2.61E+02,1.66E+02,2.85E+02
844,46.5589,-86.6448,6.08E+00,2.82E+02,1.48E+02,3.11E+02
845,46.5729,-93.3289,5.41E+00,2.66E+02,1.42E+02,2.91E+02
846,46.5445,-79.9577,6.75E+00,3.04E+02,1.53E+02,3.36E+02
847,6.64331,-73.406,8.39E+00,2.21E+02,2.00E+02,2.16E+02
848,13.2913,-73.3955,8.33E+00,2.30E+02,1.92E+02,2.35E+02
849,19.9389,-73.3785,8.22E+00,2.42E+02,1.85E+02,2.57E+02
850,13.2862,-66.7236,9.18E+00,2.42E+02,1.99E+02,2.47E+02
851,13.2806,-60.0509,1.01E+01,2.57E+02,2.08E+02,2.63E+02
852,6.64055,-66.7366,9.25E+00,2.31E+02,2.07E+02,2.24E+02
853,6.63763,-60.0669,1.02E+01,2.44E+02,2.16E+02,2.35E+02
854,19.9311,-66.703,9.05E+00,2.57E+02,1.92E+02,2.74E+02
855,19.9228,-60.0256,9.90E+00,2.76E+02,2.00E+02,2.97E+02
856,13.3051,-93.4045,5.91E+00,2.06E+02,1.73E+02,2.10E+02
857,13.3008,-86.7361,6.70E+00,2.13E+02,1.79E+02,2.17E+02
858,13.2962,-80.0664,7.50E+00,2.21E+02,1.86E+02,2.26E+02
859,6.64836,-86.7432,6.74E+00,2.05E+02,1.86E+02,2.03E+02
860,6.65068,-93.4101,5.94E+00,1.98E+02,1.80E+02,1.97E+02
861,6.6459,-80.075,7.55E+00,2.13E+02,1.93E+02,2.09E+02
862,19.9529,-86.7248,6.63E+00,2.22E+02,1.73E+02,2.33E+02
863,19.9592,-93.3953,5.85E+00,2.14E+02,1.67E+02,2.24E+02
864,19.9461,-80.0525,7.42E+00,2.31E+02,1.79E+02,2.44E+02
865,53.3923,-6.64588,1.10E+01,2.59E+02,2.31E+02,2.57E+02
866,53.3748,-13.2869,1.09E+01,2.75E+02,2.20E+02,2.93E+02
867,53.3463,-19.9273,1.08E+01,3.01E+02,2.11E+02,3.34E+02
868,53.3095,-26.5676,1.05E+01,3.36E+02,2.02E+02,3.81E+02
869,53.2684,-33.2094,1.02E+01,3.79E+02,1.93E+02,4.31E+02
870,53.2283,-39.856,9.77E+00,4.24E+02,1.82E+02,4.78E+02
871,53.1952,-46.5111,9.32E+00,4.55E+02,1.71E+02,5.09E+02
872,59.9943,-26.5775,9.66E+00,3.00E+02,1.95E+02,3.36E+02
873,66.6764,-26.5868,8.85E+00,2.74E+02,1.88E+02,3.04E+02
874,73.356,-26.5956,8.06E+00,2.55E+02,1.81E+02,2.81E+02
875,80.0334,-26.6039,7.28E+00,2.41E+02,1.75E+02,2.63E+02
876,86.7088,-26.6117,6.51E+00,2.30E+02,1.68E+02,2.50E+02
877,93.3821,-26.6191,5.76E+00,2.22E+02,1.63E+02,2.38E+02
878,73.377,-19.9479,8.20E+00,2.40E+02,1.88E+02,2.59E+02
879,73.3926,-13.2998,8.30E+00,2.28E+02,1.95E+02,2.38E+02
880,73.4019,-6.65136,8.36E+00,2.20E+02,2.03E+02,2.20E+02
881,66.7207,-13.2957,9.15E+00,2.40E+02,2.02E+02,2.52E+02
882,60.048,-13.2914,1.00E+01,2.55E+02,2.11E+02,2.69E+02
883,66.7017,-19.9415,9.02E+00,2.54E+02,1.95E+02,2.77E+02
884,60.0249,-19.9346,9.87E+00,2.74E+02,2.03E+02,3.01E+02
885,66.7321,-6.6496,9.22E+00,2.30E+02,2.11E+02,2.29E+02
886,60.0621,-6.64777,1.01E+01,2.43E+02,2.20E+02,2.41E+02
887,93.4022,-13.3107,5.89E+00,2.04E+02,1.76E+02,2.11E+02
888,86.7335,-13.3072,6.68E+00,2.11E+02,1.82E+02,2.19E+02
889,80.0636,-13.3036,7.48E+00,2.19E+02,1.88E+02,2.28E+02
890,86.7231,-19.9596,6.61E+00,2.20E+02,1.75E+02,2.34E+02
891,93.3937,-19.965,5.84E+00,2.12E+02,1.69E+02,2.24E+02
892,80.0508,-19.954,7.40E+00,2.29E+02,1.81E+02,2.45E+02
893,86.7397,-6.65465,6.72E+00,2.04E+02,1.89E+02,2.04E+02
894,93.4072,-6.65619,5.92E+00,1.97E+02,1.83E+02,1.98E+02
895,80.0712,-6.65305,7.53E+00,2.11E+02,1.96E+02,2.11E+02
896,73.2717,-46.5412,7.40E+00,3.24E+02,1.60E+02,3.62E+02
897,73.3017,-39.8914,7.66E+00,2.98E+02,1.67E+02,3.33E+02
898,73.3304,-33.2432,7.88E+00,2.75E+02,1.74E+02,3.06E+02
899,66.6132,-39.8789,8.37E+00,3.28E+02,1.73E+02,3.69E+02
900,59.9218,-39.8667,9.07E+00,3.70E+02,1.78E+02,4.16E+02
901,66.5802,-46.5285,8.05E+00,3.60E+02,1.64E+02,4.03E+02
902,59.8873,-46.5177,8.70E+00,4.05E+02,1.68E+02,4.53E+02
903,66.6462,-33.2322,8.63E+00,2.99E+02,1.80E+02,3.35E+02
904,59.9589,-33.2209,9.39E+00,3.32E+02,1.87E+02,3.75E+02
905,93.3502,-39.9264,5.54E+00,2.46E+02,1.50E+02,2.70E+02
906,86.6702,-39.9153,6.24E+00,2.59E+02,1.56E+02,2.86E+02
907,79.9874,-39.9036,6.95E+00,2.75E+02,1.62E+02,3.06E+02
908,86.6474,-46.5674,6.07E+00,2.76E+02,1.50E+02,3.06E+02
909,93.3309,-46.5802,5.40E+00,2.60E+02,1.44E+02,2.87E+02
910,79.9609,-46.5543,6.73E+00,2.96E+02,1.55E+02,3.30E+02
911,86.6909,-33.2635,6.39E+00,2.43E+02,1.62E+02,2.67E+02
912,93.3674,-33.2728,5.66E+00,2.33E+02,1.56E+02,2.53E+02
913,80.012,-33.2536,7.13E+00,2.57E+02,1.68E+02,2.84E+02
914,6.621,-26.7293,1.54E+01,4.47E+02,3.18E+02,4.13E+02
915,13.2492,-26.6694,1.50E+01,5.29E+02,2.90E+02,5.94E+02
916,19.8824,-26.5977,1.45E+01,6.23E+02,2.65E+02,7.32E+02
917,26.5435,-26.5511,1.38E+01,6.39E+02,2.44E+02,7.47E+02
918,33.2328,-26.5413,1.30E+01,5.64E+02,2.30E+02,6.53E+02
919,39.9287,-26.5476,1.22E+01,4.66E+02,2.19E+02,5.36E+02
920,46.6212,-26.5573,1.13E+01,3.89E+02,2.11E+02,4.45E+02
921,26.597,-19.899,1.45E+01,6.11E+02,2.71E+02,7.29E+02
922,26.6686,-13.2678,1.50E+01,5.17E+02,3.00E+02,6.07E+02
923,26.7235,-6.63842,1.53E+01,4.39E+02,3.30E+02,4.46E+02
924,19.981,-13.2689,1.61E+01,6.66E+02,3.51E+02,8.27E+02
925,13.2974,-13.3063,1.72E+01,8.00E+02,4.36E+02,9.88E+02
926,6.6385,-13.4101,1.81E+01,8.68E+02,5.45E+02,7.82E+02
927,13.2517,-19.9839,1.61E+01,6.80E+02,3.41E+02,8.14E+02
928,19.9077,-19.9164,1.54E+01,7.03E+02,3.02E+02,8.59E+02
929,6.62127,-20.0672,1.67E+01,5.95E+02,3.84E+02,5.66E+02
930,13.4052,-6.65244,1.80E+01,8.36E+02,5.63E+02,8.43E+02
931,20.0617,-6.63939,1.66E+01,5.75E+02,4.02E+02,6.12E+02
932,6.73076,-6.73012,1.94E+01,1.29E+03,8.38E+02,8.12E+02
933,46.7009,-13.2821,1.19E+01,3.04E+02,2.32E+02,3.28E+02
934,40.026,-13.2771,1.29E+01,3.45E+02,2.48E+02,3.80E+02
935,33.3492,-13.2719,1.39E+01,4.10E+02,2.69E+02,4.63E+02
936,39.9811,-19.9112,1.26E+01,3.98E+02,2.34E+02,4.57E+02
937,46.6654,-19.9195,1.17E+01,3.40E+02,2.22E+02,3.83E+02
938,33.292,-19.9035,1.35E+01,4.89E+02,2.50E+02,5.71E+02
939,40.0548,-6.64191,1.31E+01,3.13E+02,2.63E+02,3.11E+02
940,46.723,-6.64391,1.20E+01,2.82E+02,2.45E+02,2.79E+02
941,33.3883,-6.63995,1.41E+01,3.61E+02,2.89E+02,3.60E+02
942,26.5414,-46.6183,1.14E+01,3.99E+02,2.07E+02,4.48E+02
943,26.531,-39.9258,1.22E+01,4.79E+02,2.15E+02,5.44E+02
944,26.5265,-33.2325,1.30E+01,5.76E+02,2.25E+02,6.61E+02
945,13.2683,-46.7033,1.19E+01,3.06E+02,2.28E+02,3.17E+02
946,13.2616,-40.028,1.29E+01,3.49E+02,2.43E+02,3.67E+02
947,13.2545,-33.3505,1.39E+01,4.17E+02,2.62E+02,4.50E+02
948,6.62769,-40.0606,1.31E+01,3.15E+02,2.57E+02,2.93E+02
949,6.63124,-46.7285,1.21E+01,2.83E+02,2.39E+02,2.66E+02
950,6.62435,-33.3941,1.42E+01,3.64E+02,2.81E+02,3.36E+02
951,19.8943,-39.9797,1.26E+01,4.07E+02,2.29E+02,4.54E+02
952,19.9044,-46.6648,1.17E+01,3.44E+02,2.18E+02,3.79E+02
953,19.8855,-33.2903,1.36E+01,5.02E+02,2.43E+02,5.73E+02
954,39.838,-46.5344,1.05E+01,4.97E+02,1.84E+02,5.57E+02
955,39.848,-39.8537,1.11E+01,5.34E+02,1.92E+02,6.02E+02
956,39.8801,-33.1921,1.17E+01,5.22E+02,2.04E+02,5.95E+02
957,33.1792,-39.8795,1.17E+01,5.34E+02,2.01E+02,6.03E+02
958,33.1839,-46.5718,1.09E+01,4.58E+02,1.95E+02,5.15E+02
959,33.192,-33.1985,1.24E+01,5.83E+02,2.12E+02,6.65E+02
960,46.5348,-39.8493,1.05E+01,4.86E+02,1.86E+02,5.48E+02
961,46.5093,-46.5143,9.92E+00,4.94E+02,1.76E+02,5.52E+02
962,46.575,-33.1989,1.09E+01,4.44E+02,1.98E+02,5.05E+02
1302,-99.8919,-106.153,2.70E+00,1.20E+02,3.31E+02,2.72E+01
1303,-99.9005,-112.422,2.36E+00,1.16E+02,3.22E+02,2.73E+01
1304,-99.9129,-118.693,1.99E+00,1.10E+02,3.14E+02,2.82E+01
1305,-99.9279,-124.964,1.59E+00,1.02E+02,3.07E+02,2.90E+01
1306,-93.2635,-124.974,1.70E+00,1.04E+02,3.00E+02,3.48E+01
1307,-86.6009,-124.984,1.80E+00,1.06E+02,2.91E+02,4.31E+01
1308,-79.9391,-124.994,1.88E+00,1.09E+02,2.79E+02,5.25E+01
1309,-73.2779,-125.004,1.96E+00,1.12E+02,2.67E+02,6.22E+01
1310,-66.617,-125.013,2.02E+00,1.15E+02,2.55E+02,7.19E+01
1311,-59.9561,-125.022,2.08E+00,1.19E+02,2.43E+02,8.14E+01
1312,-53.295,-125.03,2.13E+00,1.22E+02,2.31E+02,9.07E+01
1313,-46.6339,-125.037,2.18E+00,1.27E+02,2.20E+02,9.99E+01
1314,-39.9726,-125.043,2.21E+00,1.31E+02,2.10E+02,1.09E+02
1315,-33.311,-125.048,2.25E+00,1.36E+02,2.00E+02,1.18E+02
1316,-26.6495,-125.052,2.27E+00,1.41E+02,1.91E+02,1.27E+02
1317,-19.9876,-125.055,2.29E+00,1.46E+02,1.82E+02,1.36E+02
1318,-13.3257,-125.058,2.31E+00,1.52E+02,1.74E+02,1.45E+02
1319,-6.66379,-125.059,2.32E+00,1.57E+02,1.67E+02,1.54E+02
1320,-0.00179124,-125.059,2.32E+00,1.64E+02,1.60E+02,1.64E+02
1321,6.6602,-125.059,2.32E+00,1.70E+02,1.53E+02,1.73E+02
1322,13.3222,-125.057,2.31E+00,1.77E+02,1.46E+02,1.83E+02
1323,19.984,-125.055,2.30E+00,1.85E+02,1.40E+02,1.93E+02
1324,26.6458,-125.052,2.28E+00,1.93E+02,1.34E+02,2.03E+02
1325,33.3075,-125.047,2.26E+00,2.01E+02,1.27E+02,2.14E+02
1326,39.969,-125.042,2.23E+00,2.11E+02,1.22E+02,2.25E+02
1327,46.6303,-125.036,2.19E+00,2.21E+02,1.16E+02,2.37E+02
1328,53.2915,-125.029,2.15E+00,2.31E+02,1.10E+02,2.49E+02
1329,59.9527,-125.021,2.10E+00,2.43E+02,1.05E+02,2.61E+02
1330,66.6139,-125.013,2.04E+00,2.54E+02,9.91E+01,2.74E+02
1331,73.2753,-125.004,1.98E+00,2.66E+02,9.37E+01,2.87E+02
1332,79.9371,-124.995,1.91E+00,2.77E+02,8.85E+01,2.99E+02
1333,86.5997,-124.986,1.82E+00,2.87E+02,8.35E+01,3.10E+02
1334,93.2636,-124.977,1.73E+00,2.94E+02,7.89E+01,3.18E+02
1335,99.9292,-124.968,1.62E+00,2.97E+02,7.47E+01,3.23E+02
1336,99.9158,-118.699,2.03E+00,3.02E+02,8.05E+01,3.30E+02
1337,99.9053,-112.429,2.40E+00,3.07E+02,8.52E+01,3.37E+02
1338,99.8988,-106.162,2.74E+00,3.13E+02,8.96E+01,3.45E+02
1339,-0.00223564,-118.816,3.02E+00,1.69E+02,1.65E+02,1.67E+02
1340,-0.00264164,-112.571,3.73E+00,1.75E+02,1.71E+02,1.71E+02
1341,-0.00305055,-106.325,4.45E+00,1.80E+02,1.76E+02,1.75E+02
1342,-53.2843,-118.775,2.75E+00,1.30E+02,2.39E+02,9.13E+01
1343,-53.2728,-112.517,3.37E+00,1.37E+02,2.48E+02,9.24E+01
1344,-53.2605,-106.256,3.98E+00,1.44E+02,2.58E+02,9.34E+01
1345,-79.9233,-118.728,2.40E+00,1.17E+02,2.89E+02,5.25E+01
1346,-79.9073,-112.459,2.90E+00,1.25E+02,3.01E+02,5.26E+01
1347,-79.8917,-106.187,3.38E+00,1.31E+02,3.14E+02,5.26E+01
1348,-86.5688,-112.444,2.74E+00,1.22E+02,3.12E+02,4.30E+01
1349,-93.2328,-112.432,2.56E+00,1.19E+02,3.19E+02,3.42E+01
1350,-86.5846,-118.716,2.28E+00,1.15E+02,3.00E+02,4.30E+01
1351,-93.2475,-118.704,2.15E+00,1.12E+02,3.09E+02,3.45E+01
1352,-86.5543,-106.172,3.18E+00,1.28E+02,3.25E+02,4.28E+01
1353,-93.2206,-106.16,2.96E+00,1.24E+02,3.30E+02,3.40E+01
1354,-66.6033,-118.753,2.60E+00,1.23E+02,2.64E+02,7.20E+01
1355,-66.5889,-112.489,3.17E+00,1.31E+02,2.75E+02,7.26E+01
1356,-66.5739,-106.222,3.72E+00,1.38E+02,2.87E+02,7.30E+01
1357,-73.2476,-112.474,3.04E+00,1.28E+02,2.88E+02,6.26E+01
1358,-73.263,-118.741,2.51E+00,1.20E+02,2.77E+02,6.23E+01
1359,-73.2318,-106.204,3.56E+00,1.35E+02,3.01E+02,6.27E+01
1360,-59.9308,-112.504,3.28E+00,1.34E+02,2.61E+02,8.25E+01
1361,-59.9438,-118.765,2.68E+00,1.27E+02,2.51E+02,8.17E+01
1362,-59.917,-106.24,3.86E+00,1.41E+02,2.72E+02,8.32E+01
1363,-26.6446,-118.806,2.96E+00,1.47E+02,1.97E+02,1.29E+02
1364,-26.6394,-112.558,3.64E+00,1.53E+02,2.04E+02,1.31E+02
1365,-26.6338,-106.308,4.33E+00,1.60E+02,2.10E+02,1.34E+02
1366,-39.9649,-118.793,2.87E+00,1.38E+02,2.17E+02,1.10E+02
1367,-39.9566,-112.541,3.53E+00,1.45E+02,2.24E+02,1.12E+02
1368,-39.9476,-106.286,4.18E+00,1.52E+02,2.32E+02,1.14E+02
1369,-46.6147,-112.53,3.46E+00,1.41E+02,2.36E+02,1.02E+02
1370,-46.6246,-118.785,2.82E+00,1.34E+02,2.28E+02,1.01E+02
1371,-46.6041,-106.272,4.09E+00,1.48E+02,2.44E+02,1.04E+02
1372,-33.2982,-112.55,3.59E+00,1.49E+02,2.14E+02,1.22E+02
1373,-33.3049,-118.8,2.92E+00,1.43E+02,2.07E+02,1.20E+02
1374,-33.2909,-106.298,4.26E+00,1.55E+02,2.21E+02,1.24E+02
1375,-13.3236,-118.814,3.01E+00,1.58E+02,1.80E+02,1.48E+02
1376,-13.3212,-112.568,3.71E+00,1.63E+02,1.86E+02,1.51E+02
1377,-13.3187,-106.321,4.42E+00,1.69E+02,1.92E+02,1.54E+02
1378,-19.9804,-112.564,3.68E+00,1.58E+02,1.95E+02,1.41E+02
1379,-19.9842,-118.81,2.98E+00,1.52E+02,1.89E+02,1.38E+02
1380,-19.9764,-106.315,4.38E+00,1.64E+02,2.01E+02,1.44E+02
1381,-6.66196,-112.571,3.73E+00,1.69E+02,1.78E+02,1.61E+02
1382,-6.66293,-118.816,3.02E+00,1.63E+02,1.73E+02,1.57E+02
1383,-6.66092,-106.324,4.44E+00,1.74E+02,1.84E+02,1.65E+02
1384,46.6203,-118.784,2.83E+00,2.28E+02,1.21E+02,2.44E+02
1385,46.6096,-112.529,3.47E+00,2.35E+02,1.27E+02,2.53E+02
1386,46.5983,-106.271,4.11E+00,2.43E+02,1.32E+02,2.64E+02
1387,19.9797,-118.81,2.99E+00,1.91E+02,1.45E+02,1.97E+02
1388,19.9751,-112.563,3.69E+00,1.96E+02,1.51E+02,2.03E+02
1389,19.9702,-106.314,4.38E+00,2.01E+02,1.56E+02,2.10E+02
1390,13.316,-112.568,3.71E+00,1.88E+02,1.57E+02,1.92E+02
1391,6.6567,-112.57,3.73E+00,1.81E+02,1.64E+02,1.81E+02
1392,13.3191,-118.813,3.01E+00,1.83E+02,1.52E+02,1.87E+02
1393,6.65847,-118.815,3.02E+00,1.76E+02,1.58E+02,1.77E+02
1394,13.3126,-106.32,4.42E+00,1.94E+02,1.62E+02,1.98E+02
1395,6.65484,-106.324,4.44E+00,1.86E+02,1.69E+02,1.86E+02
1396,33.3003,-118.799,2.93E+00,2.08E+02,1.33E+02,2.20E+02
1397,33.2928,-112.549,3.60E+00,2.14E+02,1.38E+02,2.27E+02
1398,33.2847,-106.296,4.27E+00,2.20E+02,1.44E+02,2.35E+02
1399,26.6341,-112.557,3.65E+00,2.04E+02,1.44E+02,2.15E+02
1400,26.6401,-118.805,2.96E+00,1.99E+02,1.39E+02,2.08E+02
1401,26.6276,-106.306,4.34E+00,2.10E+02,1.50E+02,2.22E+02
1402,39.9513,-112.54,3.54E+00,2.24E+02,1.32E+02,2.40E+02
1403,39.9604,-118.792,2.88E+00,2.17E+02,1.27E+02,2.32E+02
1404,39.9416,-106.284,4.20E+00,2.31E+02,1.38E+02,2.49E+02
1405,73.2601,-118.741,2.53E+00,2.75E+02,9.98E+01,2.98E+02
1406,73.2447,-112.475,3.07E+00,2.86E+02,1.05E+02,3.11E+02
1407,73.2296,-106.206,3.59E+00,2.98E+02,1.10E+02,3.26E+02
1408,59.9398,-118.764,2.70E+00,2.51E+02,1.10E+02,2.71E+02
1409,59.9263,-112.503,3.29E+00,2.60E+02,1.16E+02,2.82E+02
1410,59.9122,-106.239,3.88E+00,2.71E+02,1.21E+02,2.95E+02
1411,53.2679,-112.516,3.39E+00,2.47E+02,1.21E+02,2.67E+02
1412,53.28,-118.774,2.77E+00,2.39E+02,1.16E+02,2.57E+02
1413,53.2551,-106.256,4.00E+00,2.57E+02,1.26E+02,2.79E+02
1414,66.5851,-112.489,3.19E+00,2.73E+02,1.10E+02,2.97E+02
1415,66.5997,-118.753,2.62E+00,2.63E+02,1.05E+02,2.84E+02
1416,66.5701,-106.223,3.74E+00,2.85E+02,1.15E+02,3.11E+02
1417,86.5839,-118.718,2.31E+00,2.96E+02,8.96E+01,3.21E+02
1418,86.5692,-112.448,2.78E+00,3.05E+02,9.47E+01,3.33E+02
1419,86.5563,-106.178,3.21E+00,3.16E+02,9.92E+01,3.46E+02
1420,79.9059,-112.461,2.93E+00,2.97E+02,9.98E+01,3.23E+02
1421,79.9213,-118.729,2.43E+00,2.87E+02,9.46E+01,3.10E+02
1422,79.8914,-106.191,3.41E+00,3.09E+02,1.05E+02,3.38E+02
1423,93.2355,-112.437,2.60E+00,3.09E+02,8.97E+01,3.38E+02
1424,93.2485,-118.708,2.18E+00,3.01E+02,8.49E+01,3.28E+02
1425,93.2253,-106.168,2.99E+00,3.18E+02,9.42E+01,3.48E+02
1426,99.8935,106.156,2.69E+00,1.20E+02,3.33E+02,2.74E+01
1427,99.9009,112.424,2.35E+00,1.15E+02,3.26E+02,2.69E+01
1428,99.9122,118.694,1.98E+00,1.09E+02,3.19E+02,2.75E+01
1429,99.9265,124.964,1.58E+00,1.01E+02,3.13E+02,2.83E+01
1430,93.2609,124.973,1.70E+00,1.03E+02,3.09E+02,3.35E+01
1431,86.5972,124.982,1.80E+00,1.05E+02,3.01E+02,4.13E+01
1432,79.9346,124.992,1.89E+00,1.07E+02,2.91E+02,5.03E+01
1433,73.2729,125.002,1.96E+00,1.10E+02,2.79E+02,5.97E+01
1434,66.6117,125.011,2.03E+00,1.13E+02,2.67E+02,6.93E+01
1435,59.9507,125.02,2.09E+00,1.16E+02,2.54E+02,7.88E+01
1436,53.2897,125.028,2.14E+00,1.19E+02,2.42E+02,8.82E+01
1437,46.6286,125.035,2.18E+00,1.23E+02,2.30E+02,9.74E+01
1438,39.9674,125.041,2.22E+00,1.27E+02,2.19E+02,1.07E+02
1439,33.306,125.047,2.25E+00,1.32E+02,2.09E+02,1.16E+02
1440,26.6445,125.051,2.28E+00,1.36E+02,1.99E+02,1.25E+02
1441,19.9828,125.055,2.30E+00,1.41E+02,1.90E+02,1.34E+02
1442,13.321,125.057,2.31E+00,1.46E+02,1.82E+02,1.43E+02
1443,6.65912,125.059,2.32E+00,1.51E+02,1.74E+02,1.51E+02
1444,-0.00283352,125.06,2.32E+00,1.57E+02,1.66E+02,1.61E+02
1445,-6.66481,125.059,2.32E+00,1.63E+02,1.59E+02,1.70E+02
1446,-13.3267,125.058,2.31E+00,1.70E+02,1.52E+02,1.79E+02
1447,-19.9887,125.056,2.29E+00,1.77E+02,1.45E+02,1.88E+02
1448,-26.6505,125.053,2.27E+00,1.84E+02,1.38E+02,1.98E+02
1449,-33.3122,125.049,2.25E+00,1.93E+02,1.32E+02,2.08E+02
1450,-39.9738,125.044,2.22E+00,2.01E+02,1.26E+02,2.18E+02
1451,-46.6352,125.038,2.18E+00,2.11E+02,1.20E+02,2.29E+02
1452,-53.2964,125.031,2.14E+00,2.21E+02,1.14E+02,2.40E+02
1453,-59.9576,125.024,2.09E+00,2.32E+02,1.08E+02,2.52E+02
1454,-66.6188,125.016,2.03E+00,2.43E+02,1.02E+02,2.64E+02
1455,-73.2798,125.007,1.97E+00,2.55E+02,9.68E+01,2.76E+02
1456,-79.9413,124.998,1.90E+00,2.66E+02,9.14E+01,2.88E+02
1457,-86.6033,124.988,1.82E+00,2.77E+02,8.62E+01,2.99E+02
1458,-93.2661,124.978,1.73E+00,2.85E+02,8.13E+01,3.09E+02
1459,-99.9305,124.969,1.62E+00,2.90E+02,7.68E+01,3.15E+02
1460,-99.9165,118.699,2.03E+00,2.95E+02,8.16E+01,3.23E+02
1461,-99.9053,112.428,2.41E+00,3.02E+02,8.59E+01,3.32E+02
1462,-99.8977,106.159,2.76E+00,3.10E+02,8.97E+01,3.41E+02
1463,-0.00364763,118.816,3.02E+00,1.64E+02,1.71E+02,1.64E+02
1464,-0.0044829,112.572,3.73E+00,1.70E+02,1.76E+02,1.69E+02
1465,-0.00536509,106.325,4.45E+00,1.75E+02,1.81E+02,1.73E+02
1466,53.2776,118.772,2.76E+00,1.28E+02,2.50E+02,8.90E+01
1467,53.2647,112.514,3.38E+00,1.35E+02,2.59E+02,9.05E+01
1468,53.2512,106.252,3.99E+00,1.43E+02,2.70E+02,9.18E+01
1469,79.9181,118.725,2.40E+00,1.16E+02,3.01E+02,5.05E+01
1470,79.9019,112.456,2.90E+00,1.24E+02,3.13E+02,5.11E+01
1471,79.8864,106.185,3.38E+00,1.30E+02,3.27E+02,5.12E+01
1472,86.565,112.443,2.74E+00,1.21E+02,3.22E+02,4.18E+01
1473,93.2311,112.432,2.56E+00,1.18E+02,3.27E+02,3.34E+01
1474,86.5806,118.714,2.28E+00,1.13E+02,3.11E+02,4.14E+01
1475,93.245,118.703,2.14E+00,1.11E+02,3.18E+02,3.34E+01
1476,86.5512,106.172,3.17E+00,1.27E+02,3.35E+02,4.19E+01
1477,93.22,106.162,2.95E+00,1.24E+02,3.37E+02,3.37E+01
1478,66.5969,118.75,2.61E+00,1.21E+02,2.76E+02,6.98E+01
1479,66.5815,112.485,3.17E+00,1.29E+02,2.87E+02,7.07E+01
1480,66.5657,106.218,3.72E+00,1.36E+02,3.01E+02,7.13E+01
1481,73.2409,112.47,3.04E+00,1.26E+02,3.01E+02,6.08E+01
1482,73.2571,118.738,2.51E+00,1.19E+02,2.89E+02,6.01E+01
1483,73.2249,106.201,3.56E+00,1.33E+02,3.15E+02,6.11E+01
1484,59.9229,112.5,3.28E+00,1.32E+02,2.73E+02,8.06E+01
1485,59.9371,118.761,2.69E+00,1.24E+02,2.63E+02,7.94E+01
1486,59.908,106.235,3.86E+00,1.39E+02,2.85E+02,8.16E+01
1487,26.6383,118.805,2.96E+00,1.44E+02,2.05E+02,1.27E+02
1488,26.6318,112.556,3.65E+00,1.50E+02,2.11E+02,1.30E+02
1489,26.6247,106.305,4.33E+00,1.56E+02,2.18E+02,1.32E+02
1490,39.9583,118.791,2.88E+00,1.35E+02,2.26E+02,1.08E+02
1491,39.9486,112.538,3.53E+00,1.42E+02,2.33E+02,1.10E+02
1492,39.9383,106.282,4.19E+00,1.49E+02,2.41E+02,1.12E+02
1493,46.6067,112.526,3.46E+00,1.39E+02,2.46E+02,1.00E+02
1494,46.618,118.782,2.82E+00,1.31E+02,2.38E+02,9.85E+01
1495,46.5947,106.268,4.10E+00,1.46E+02,2.55E+02,1.02E+02
1496,33.2903,112.548,3.60E+00,1.46E+02,2.22E+02,1.20E+02
1497,33.2984,118.798,2.92E+00,1.39E+02,2.15E+02,1.17E+02
1498,33.2816,106.294,4.27E+00,1.53E+02,2.29E+02,1.22E+02
1499,13.3176,118.813,3.01E+00,1.53E+02,1.87E+02,1.45E+02
1500,13.314,112.567,3.71E+00,1.59E+02,1.92E+02,1.49E+02
1501,13.3101,106.32,4.42E+00,1.65E+02,1.98E+02,1.53E+02
1502,19.973,112.562,3.68E+00,1.54E+02,2.01E+02,1.39E+02
1503,19.978,118.81,2.99E+00,1.48E+02,1.96E+02,1.36E+02
1504,19.9676,106.313,4.38E+00,1.61E+02,2.07E+02,1.43E+02
1505,6.65479,112.57,3.73E+00,1.64E+02,1.84E+02,1.59E+02
1506,6.657,118.815,3.02E+00,1.58E+02,1.79E+02,1.55E+02
1507,6.65244,106.324,4.44E+00,1.70E+02,1.89E+02,1.63E+02
1508,-46.6265,118.787,2.82E+00,2.19E+02,1.25E+02,2.36E+02
1509,-46.6172,112.532,3.46E+00,2.26E+02,1.29E+02,2.45E+02
1510,-46.6072,106.275,4.10E+00,2.33E+02,1.34E+02,2.55E+02
1511,-19.9856,118.811,2.99E+00,1.83E+02,1.50E+02,1.93E+02
1512,-19.9823,112.565,3.68E+00,1.89E+02,1.54E+02,1.99E+02
1513,-19.9787,106.317,4.38E+00,1.95E+02,1.59E+02,2.06E+02
1514,-13.3231,112.569,3.71E+00,1.82E+02,1.61E+02,1.89E+02
1515,-6.66378,112.571,3.73E+00,1.76E+02,1.68E+02,1.79E+02
1516,-13.325,118.814,3.01E+00,1.76E+02,1.56E+02,1.83E+02
1517,-6.66432,118.816,3.02E+00,1.70E+02,1.63E+02,1.73E+02
1518,-13.321,106.322,4.42E+00,1.88E+02,1.66E+02,1.95E+02
1519,-6.66321,106.325,4.44E+00,1.81E+02,1.73E+02,1.84E+02
1520,-33.3063,118.801,2.92E+00,2.00E+02,1.37E+02,2.14E+02
1521,-33.3001,112.552,3.59E+00,2.06E+02,1.41E+02,2.21E+02
1522,-33.2934,106.3,4.27E+00,2.12E+02,1.46E+02,2.29E+02
1523,-26.6412,112.559,3.64E+00,1.97E+02,1.48E+02,2.10E+02
1524,-26.646,118.807,2.96E+00,1.91E+02,1.43E+02,2.03E+02
1525,-26.6361,106.309,4.33E+00,2.03E+02,1.53E+02,2.17E+02
1526,-39.9587,112.543,3.53E+00,2.15E+02,1.35E+02,2.33E+02
1527,-39.9665,118.795,2.88E+00,2.09E+02,1.31E+02,2.25E+02
1528,-39.9504,106.288,4.19E+00,2.22E+02,1.40E+02,2.42E+02
1529,-73.2656,118.745,2.52E+00,2.64E+02,1.02E+02,2.86E+02
1530,-73.251,112.479,3.06E+00,2.73E+02,1.07E+02,2.98E+02
1531,-73.2363,106.21,3.59E+00,2.85E+02,1.12E+02,3.12E+02
1532,-59.9459,118.767,2.69E+00,2.40E+02,1.13E+02,2.61E+02
1533,-59.9336,112.507,3.29E+00,2.49E+02,1.18E+02,2.71E+02
1534,-59.9207,106.244,3.88E+00,2.58E+02,1.23E+02,2.83E+02
1535,-53.2754,112.52,3.38E+00,2.37E+02,1.24E+02,2.58E+02
1536,-53.2863,118.777,2.76E+00,2.29E+02,1.19E+02,2.48E+02
1537,-53.2639,106.26,4.00E+00,2.45E+02,1.29E+02,2.69E+02
1538,-66.592,112.493,3.18E+00,2.61E+02,1.12E+02,2.85E+02
1539,-66.6057,118.756,2.61E+00,2.52E+02,1.07E+02,2.73E+02
1540,-66.578,106.227,3.74E+00,2.72E+02,1.17E+02,2.98E+02
1541,-86.5877,118.72,2.31E+00,2.85E+02,9.14E+01,3.09E+02
1542,-86.5729,112.45,2.78E+00,2.94E+02,9.61E+01,3.21E+02
1543,-86.5595,106.179,3.22E+00,3.05E+02,1.00E+02,3.35E+02
1544,-79.9111,112.464,2.93E+00,2.85E+02,1.01E+02,3.11E+02
1545,-79.9261,118.732,2.42E+00,2.75E+02,9.66E+01,2.98E+02
1546,-79.8965,106.194,3.41E+00,2.96E+02,1.06E+02,3.25E+02
1547,-93.2374,112.438,2.61E+00,3.00E+02,9.08E+01,3.28E+02
1548,-93.2509,118.709,2.18E+00,2.92E+02,8.63E+01,3.18E+02
1549,-93.2262,106.167,3.00E+00,3.10E+02,9.47E+01,3.41E+02
1550,106.178,124.957,1.46E+00,1.00E+02,3.12E+02,2.70E+01
1551,112.431,124.951,1.32E+00,9.97E+01,3.06E+02,2.99E+01
1552,118.688,124.948,1.15E+00,9.89E+01,2.95E+02,3.57E+01
1553,124.948,124.948,9.53E-01,9.66E+01,2.84E+02,4.29E+01
1554,124.948,118.688,1.15E+00,9.90E+01,2.93E+02,3.53E+01
1555,124.952,112.433,1.32E+00,1.00E+02,3.01E+02,2.92E+01
1556,124.958,106.18,1.46E+00,1.01E+02,3.05E+02,2.66E+01
1557,124.965,99.9293,1.58E+00,1.02E+02,3.05E+02,2.84E+01
1558,124.974,93.2642,1.70E+00,1.03E+02,3.01E+02,3.41E+01
1559,124.984,86.6006,1.79E+00,1.05E+02,2.93E+02,4.21E+01
1560,124.994,79.9381,1.88E+00,1.08E+02,2.83E+02,5.12E+01
1561,125.003,73.2764,1.96E+00,1.10E+02,2.71E+02,6.06E+01
1562,125.012,66.615,2.02E+00,1.13E+02,2.59E+02,7.02E+01
1563,125.021,59.9538,2.08E+00,1.17E+02,2.48E+02,7.97E+01
1564,125.028,53.2926,2.13E+00,1.21E+02,2.36E+02,8.91E+01
1565,125.035,46.6314,2.18E+00,1.25E+02,2.25E+02,9.85E+01
1566,125.041,39.97,2.21E+00,1.29E+02,2.15E+02,1.08E+02
1567,125.046,33.3085,2.25E+00,1.34E+02,2.05E+02,1.17E+02
1568,125.051,26.6469,2.27E+00,1.39E+02,1.96E+02,1.26E+02
1569,125.054,19.9852,2.29E+00,1.44E+02,1.87E+02,1.35E+02
1570,125.056,13.3234,2.31E+00,1.49E+02,1.79E+02,1.44E+02
1571,125.058,6.66145,2.32E+00,1.55E+02,1.71E+02,1.53E+02
1572,125.058,-0.00050182,2.32E+00,1.61E+02,1.63E+02,1.63E+02
1573,125.058,-6.66246,2.32E+00,1.67E+02,1.56E+02,1.72E+02
1574,125.057,-13.3243,2.31E+00,1.74E+02,1.49E+02,1.82E+02
1575,125.054,-19.9862,2.29E+00,1.81E+02,1.42E+02,1.91E+02
1576,125.051,-26.6481,2.28E+00,1.89E+02,1.36E+02,2.01E+02
1577,125.047,-33.3097,2.25E+00,1.98E+02,1.30E+02,2.12E+02
1578,125.042,-39.9713,2.22E+00,2.07E+02,1.23E+02,2.22E+02
1579,125.036,-46.6327,2.18E+00,2.16E+02,1.17E+02,2.33E+02
1580,125.03,-53.294,2.14E+00,2.26E+02,1.11E+02,2.45E+02
1581,125.022,-59.9553,2.09E+00,2.37E+02,1.06E+02,2.57E+02
1582,125.014,-66.6167,2.03E+00,2.48E+02,1.00E+02,2.69E+02
1583,125.006,-73.2781,1.97E+00,2.59E+02,9.47E+01,2.81E+02
1584,124.997,-79.94,1.90E+00,2.70E+02,8.96E+01,2.92E+02
1585,124.987,-86.6027,1.82E+00,2.79E+02,8.47E+01,3.03E+02
1586,124.978,-93.2663,1.73E+00,2.86E+02,8.01E+01,3.11E+02
1587,124.97,-99.9315,1.62E+00,2.90E+02,7.58E+01,3.16E+02
1588,124.963,-106.182,1.51E+00,2.89E+02,7.20E+01,3.17E+02
1589,124.957,-112.435,1.37E+00,2.83E+02,6.86E+01,3.13E+02
1590,124.952,-118.691,1.22E+00,2.73E+02,6.54E+01,3.06E+02
1591,124.951,-124.951,1.02E+00,2.63E+02,6.16E+01,2.99E+02
1592,118.691,-124.952,1.22E+00,2.75E+02,6.49E+01,3.08E+02
1593,112.434,-124.956,1.37E+00,2.87E+02,6.79E+01,3.18E+02
1594,106.18,-124.962,1.51E+00,2.94E+02,7.11E+01,3.23E+02
1595,118.815,-0.000664243,3.02E+00,1.67E+02,1.69E+02,1.66E+02
1596,112.569,-0.000864694,3.72E+00,1.73E+02,1.74E+02,1.71E+02
1597,106.323,-0.00107874,4.43E+00,1.78E+02,1.79E+02,1.75E+02
1598,118.752,66.6011,2.60E+00,1.22E+02,2.69E+02,7.04E+01
1599,112.488,66.5868,3.16E+00,1.30E+02,2.79E+02,7.13E+01
1600,106.221,66.5722,3.71E+00,1.37E+02,2.92E+02,7.20E+01
1601,118.695,99.7089,1.99E+00,1.10E+02,3.12E+02,2.78E+01
1602,112.425,99.6973,2.36E+00,1.16E+02,3.20E+02,2.73E+01
1603,106.156,99.6892,2.70E+00,1.20E+02,3.29E+02,2.76E+01
1604,112.42,106.074,2.14E+00,1.13E+02,3.17E+02,2.34E+01
1605,112.418,112.419,1.90E+00,1.10E+02,3.12E+02,2.31E+01
1606,112.422,118.684,1.62E+00,1.06E+02,3.08E+02,2.59E+01
1607,118.684,112.424,1.62E+00,1.06E+02,3.05E+02,2.57E+01
1608,118.681,106.097,1.82E+00,1.08E+02,3.11E+02,2.48E+01
1609,118.683,118.684,1.40E+00,1.03E+02,2.98E+02,3.00E+01
1610,106.158,112.42,2.14E+00,1.13E+02,3.20E+02,2.33E+01
1611,106.161,106.084,2.43E+00,1.17E+02,3.25E+02,2.39E+01
1612,106.166,118.687,1.82E+00,1.08E+02,3.16E+02,2.49E+01
1613,118.716,86.5848,2.28E+00,1.14E+02,3.02E+02,4.20E+01
1614,112.446,86.5697,2.73E+00,1.21E+02,3.13E+02,4.22E+01
1615,106.174,86.5561,3.17E+00,1.27E+02,3.26E+02,4.23E+01
1616,112.434,93.1501,2.56E+00,1.18E+02,3.19E+02,3.39E+01
1617,118.711,93.178,2.14E+00,1.12E+02,3.09E+02,3.39E+01
1618,106.157,93.1528,2.95E+00,1.24E+02,3.30E+02,3.40E+01
1619,112.473,73.2463,3.03E+00,1.27E+02,2.92E+02,6.13E+01
1620,112.459,79.907,2.89E+00,1.24E+02,3.04E+02,5.15E+01
1621,118.74,73.2615,2.50E+00,1.19E+02,2.81E+02,6.07E+01
1622,118.728,79.9225,2.40E+00,1.16E+02,2.93E+02,5.11E+01
1623,106.204,73.2312,3.55E+00,1.34E+02,3.06E+02,6.17E+01
1624,106.188,79.8922,3.37E+00,1.30E+02,3.18E+02,5.17E+01
1625,118.798,33.3017,2.92E+00,1.41E+02,2.11E+02,1.19E+02
1626,112.547,33.2945,3.58E+00,1.48E+02,2.18E+02,1.21E+02
1627,106.294,33.2868,4.26E+00,1.54E+02,2.25E+02,1.23E+02
1628,118.773,53.2815,2.75E+00,1.29E+02,2.44E+02,8.99E+01
1629,112.515,53.2697,3.37E+00,1.36E+02,2.53E+02,9.13E+01
1630,106.254,53.2573,3.97E+00,1.44E+02,2.63E+02,9.26E+01
1631,112.502,59.9281,3.27E+00,1.33E+02,2.66E+02,8.13E+01
1632,118.763,59.9412,2.68E+00,1.25E+02,2.56E+02,8.02E+01
1633,106.238,59.9144,3.85E+00,1.40E+02,2.78E+02,8.23E+01
1634,112.538,39.953,3.52E+00,1.44E+02,2.29E+02,1.11E+02
1635,112.527,46.6114,3.45E+00,1.40E+02,2.41E+02,1.01E+02
1636,118.791,39.9618,2.87E+00,1.37E+02,2.22E+02,1.09E+02
1637,118.783,46.6217,2.82E+00,1.33E+02,2.33E+02,9.95E+01
1638,106.283,39.9437,4.18E+00,1.51E+02,2.37E+02,1.13E+02
1639,106.269,46.6005,4.08E+00,1.47E+02,2.50E+02,1.03E+02
1640,118.809,19.9811,2.98E+00,1.51E+02,1.93E+02,1.37E+02
1641,112.561,19.9768,3.67E+00,1.57E+02,1.99E+02,1.41E+02
1642,106.312,19.9722,4.37E+00,1.63E+02,2.05E+02,1.44E+02
1643,112.555,26.6357,3.63E+00,1.52E+02,2.08E+02,1.31E+02
1644,118.804,26.6415,2.95E+00,1.46E+02,2.02E+02,1.28E+02
1645,106.304,26.6296,4.32E+00,1.58E+02,2.15E+02,1.34E+02
1646,112.568,6.65844,3.72E+00,1.67E+02,1.82E+02,1.60E+02
1647,112.566,13.3177,3.70E+00,1.62E+02,1.90E+02,1.50E+02
1648,118.814,6.66,3.01E+00,1.61E+02,1.76E+02,1.56E+02
1649,118.812,13.3206,3.00E+00,1.56E+02,1.84E+02,1.47E+02
1650,106.321,6.65679,4.43E+00,1.73E+02,1.87E+02,1.65E+02
1651,106.318,13.3146,4.41E+00,1.68E+02,1.96E+02,1.54E+02
1652,118.765,-59.9432,2.69E+00,2.46E+02,1.11E+02,2.66E+02
1653,112.505,-59.9306,3.28E+00,2.54E+02,1.16E+02,2.77E+02
1654,106.242,-59.9176,3.87E+00,2.64E+02,1.22E+02,2.89E+02
1655,118.805,-26.643,2.95E+00,1.96E+02,1.41E+02,2.07E+02
1656,112.556,-26.6376,3.64E+00,2.02E+02,1.46E+02,2.13E+02
1657,106.306,-26.632,4.32E+00,2.08E+02,1.51E+02,2.21E+02
1658,118.812,-13.3219,3.00E+00,1.80E+02,1.54E+02,1.86E+02
1659,112.566,-13.3194,3.70E+00,1.86E+02,1.59E+02,1.91E+02
1660,106.319,-13.3167,4.41E+00,1.91E+02,1.65E+02,1.97E+02
1661,112.569,-6.66015,3.72E+00,1.79E+02,1.66E+02,1.81E+02
1662,118.814,-6.66132,3.01E+00,1.74E+02,1.61E+02,1.76E+02
1663,106.322,-6.65894,4.43E+00,1.85E+02,1.72E+02,1.86E+02
1664,112.562,-19.9786,3.68E+00,1.93E+02,1.53E+02,2.02E+02
1665,118.809,-19.9825,2.98E+00,1.88E+02,1.48E+02,1.96E+02
1666,106.313,-19.9744,4.37E+00,1.99E+02,1.58E+02,2.09E+02
1667,118.792,-39.9634,2.87E+00,2.14E+02,1.29E+02,2.29E+02
1668,112.54,-39.9551,3.53E+00,2.20E+02,1.34E+02,2.37E+02
1669,106.285,-39.9463,4.18E+00,2.27E+02,1.39E+02,2.46E+02
1670,112.549,-33.2965,3.59E+00,2.11E+02,1.40E+02,2.25E+02
1671,118.799,-33.3033,2.92E+00,2.04E+02,1.35E+02,2.18E+02
1672,106.296,-33.2893,4.26E+00,2.17E+02,1.45E+02,2.33E+02
1673,112.518,-53.2721,3.38E+00,2.42E+02,1.22E+02,2.63E+02
1674,112.529,-46.6135,3.46E+00,2.31E+02,1.28E+02,2.50E+02
1675,118.775,-53.2833,2.76E+00,2.34E+02,1.17E+02,2.53E+02
1676,118.784,-46.6234,2.82E+00,2.24E+02,1.23E+02,2.41E+02
1677,106.257,-53.2603,3.99E+00,2.51E+02,1.27E+02,2.74E+02
1678,106.272,-46.6033,4.09E+00,2.39E+02,1.33E+02,2.60E+02
1679,118.718,-93.1718,2.18E+00,2.93E+02,8.56E+01,3.20E+02
1680,112.439,-93.1385,2.60E+00,3.02E+02,9.04E+01,3.30E+02
1681,106.161,-93.1483,2.99E+00,3.11E+02,9.44E+01,3.42E+02
1682,118.743,-73.2637,2.52E+00,2.69E+02,1.00E+02,2.91E+02
1683,112.478,-73.2492,3.06E+00,2.78E+02,1.05E+02,3.03E+02
1684,106.209,-73.2349,3.58E+00,2.90E+02,1.10E+02,3.17E+02
1685,112.491,-66.5895,3.18E+00,2.66E+02,1.11E+02,2.90E+02
1686,118.754,-66.6032,2.61E+00,2.57E+02,1.06E+02,2.79E+02
1687,106.225,-66.5756,3.73E+00,2.77E+02,1.16E+02,3.04E+02
1688,112.451,-86.543,2.77E+00,2.97E+02,9.51E+01,3.24E+02
1689,112.464,-79.9103,2.92E+00,2.89E+02,1.00E+02,3.15E+02
1690,118.723,-86.5674,2.31E+00,2.88E+02,9.02E+01,3.13E+02
1691,118.732,-79.925,2.42E+00,2.79E+02,9.51E+01,3.03E+02
1692,106.177,-86.5404,3.21E+00,3.08E+02,9.94E+01,3.38E+02
1693,106.194,-79.8963,3.40E+00,3.01E+02,1.05E+02,3.29E+02
1694,118.684,-106.091,1.87E+00,2.92E+02,7.73E+01,3.22E+02
1695,112.425,-106.063,2.20E+00,2.98E+02,8.17E+01,3.29E+02
1696,106.168,-106.08,2.49E+00,3.05E+02,8.55E+01,3.37E+02
1697,112.43,-99.6365,2.41E+00,3.02E+02,8.59E+01,3.32E+02
1698,118.7,-99.6707,2.03E+00,2.95E+02,8.13E+01,3.23E+02
1699,106.162,-99.6528,2.75E+00,3.10E+02,8.98E+01,3.41E+02
1700,112.426,-118.688,1.68E+00,2.88E+02,7.33E+01,3.20E+02
1701,112.423,-112.393,1.96E+00,2.92E+02,7.75E+01,3.24E+02
1702,118.687,-118.687,1.47E+00,2.79E+02,6.96E+01,3.11E+02
1703,118.685,-112.407,1.68E+00,2.86E+02,7.35E+01,3.17E+02
1704,106.169,-118.692,1.87E+00,2.97E+02,7.67E+01,3.27E+02
1705,106.165,-112.404,2.19E+00,3.01E+02,8.12E+01,3.32E+02
1706,-106.18,124.961,1.51E+00,2.91E+02,7.28E+01,3.18E+02
1707,-112.433,124.955,1.38E+00,2.86E+02,6.92E+01,3.16E+02
1708,-118.688,124.95,1.22E+00,2.77E+02,6.59E+01,3.10E+02
1709,-124.949,124.949,1.03E+00,2.68E+02,6.24E+01,3.04E+02
1710,-124.95,118.688,1.22E+00,2.79E+02,6.56E+01,3.12E+02
1711,-124.954,112.432,1.38E+00,2.91E+02,6.87E+01,3.21E+02
1712,-124.96,106.179,1.52E+00,2.97E+02,7.21E+01,3.25E+02
1713,-124.967,99.9282,1.63E+00,2.98E+02,7.61E+01,3.23E+02
1714,-124.976,93.2633,1.74E+00,2.93E+02,8.05E+01,3.18E+02
1715,-124.986,86.6,1.83E+00,2.85E+02,8.53E+01,3.09E+02
1716,-124.996,79.9379,1.91E+00,2.75E+02,9.03E+01,2.97E+02
1717,-125.005,73.2765,1.98E+00,2.63E+02,9.55E+01,2.84E+02
1718,-125.014,66.6154,2.04E+00,2.51E+02,1.01E+02,2.71E+02
1719,-125.023,59.9545,2.10E+00,2.39E+02,1.06E+02,2.58E+02
1720,-125.031,53.2935,2.15E+00,2.27E+02,1.12E+02,2.46E+02
1721,-125.038,46.6324,2.19E+00,2.17E+02,1.18E+02,2.34E+02
1722,-125.044,39.9711,2.23E+00,2.07E+02,1.24E+02,2.22E+02
1723,-125.049,33.3097,2.26E+00,1.97E+02,1.30E+02,2.11E+02
1724,-125.053,26.6481,2.28E+00,1.89E+02,1.36E+02,2.01E+02
1725,-125.057,19.9863,2.30E+00,1.81E+02,1.43E+02,1.91E+02
1726,-125.059,13.3244,2.32E+00,1.74E+02,1.49E+02,1.81E+02
1727,-125.06,6.66253,2.33E+00,1.67E+02,1.56E+02,1.71E+02
1728,-125.061,0.000576636,2.33E+00,1.61E+02,1.63E+02,1.62E+02
1729,-125.06,-6.66137,2.33E+00,1.55E+02,1.71E+02,1.53E+02
1730,-125.059,-13.3232,2.32E+00,1.49E+02,1.78E+02,1.44E+02
1731,-125.056,-19.985,2.30E+00,1.44E+02,1.87E+02,1.35E+02
1732,-125.053,-26.6468,2.28E+00,1.39E+02,1.96E+02,1.26E+02
1733,-125.048,-33.3082,2.26E+00,1.34E+02,2.05E+02,1.17E+02
1734,-125.043,-39.9695,2.22E+00,1.30E+02,2.15E+02,1.08E+02
1735,-125.036,-46.6307,2.19E+00,1.25E+02,2.26E+02,9.87E+01
1736,-125.029,-53.2916,2.14E+00,1.21E+02,2.38E+02,8.94E+01
1737,-125.021,-59.9524,2.09E+00,1.18E+02,2.51E+02,8.00E+01
1738,-125.012,-66.6132,2.03E+00,1.14E+02,2.64E+02,7.05E+01
1739,-125.002,-73.2739,1.97E+00,1.11E+02,2.77E+02,6.09E+01
1740,-124.992,-79.9352,1.89E+00,1.08E+02,2.90E+02,5.14E+01
1741,-124.982,-86.5972,1.80E+00,1.06E+02,3.01E+02,4.24E+01
1742,-124.972,-93.2602,1.71E+00,1.04E+02,3.10E+02,3.44E+01
1743,-124.962,-99.925,1.59E+00,1.02E+02,3.15E+02,2.90E+01
1744,-124.955,-106.175,1.47E+00,1.01E+02,3.16E+02,2.78E+01
1745,-124.949,-112.428,1.33E+00,1.01E+02,3.11E+02,3.08E+01
1746,-124.945,-118.685,1.16E+00,9.97E+01,3.01E+02,3.68E+01
1747,-124.945,-124.945,9.60E-01,9.75E+01,2.91E+02,4.39E+01
1748,-118.685,-124.945,1.16E+00,9.97E+01,2.99E+02,3.64E+01
1749,-112.43,-124.949,1.32E+00,1.01E+02,3.06E+02,3.02E+01
1750,-106.178,-124.956,1.47E+00,1.01E+02,3.09E+02,2.73E+01
1751,-118.818,0.000813334,3.03E+00,1.67E+02,1.68E+02,1.65E+02
1752,-112.573,0.00106715,3.75E+00,1.72E+02,1.73E+02,1.70E+02
1753,-106.327,0.00135068,4.46E+00,1.78E+02,1.79E+02,1.74E+02
1754,-118.754,66.6014,2.63E+00,2.60E+02,1.06E+02,2.81E+02
1755,-112.491,66.5867,3.20E+00,2.69E+02,1.11E+02,2.93E+02
1756,-106.224,66.5717,3.76E+00,2.81E+02,1.16E+02,3.07E+02
1757,-118.697,99.7076,2.04E+00,3.02E+02,8.12E+01,3.30E+02
1758,-112.427,99.6965,2.42E+00,3.07E+02,8.55E+01,3.38E+02
1759,-106.159,99.6893,2.77E+00,3.13E+02,8.94E+01,3.45E+02
1760,-112.422,106.074,2.21E+00,3.02E+02,8.13E+01,3.33E+02
1761,-112.42,112.42,1.96E+00,2.94E+02,7.74E+01,3.26E+02
1762,-112.424,118.686,1.69E+00,2.88E+02,7.35E+01,3.19E+02
1763,-118.685,112.423,1.69E+00,2.91E+02,7.34E+01,3.22E+02
1764,-118.683,106.096,1.88E+00,2.99E+02,7.70E+01,3.29E+02
1765,-118.684,118.684,1.48E+00,2.82E+02,6.98E+01,3.14E+02
1766,-106.161,112.422,2.20E+00,2.99E+02,8.15E+01,3.30E+02
1767,-106.164,106.086,2.50E+00,3.06E+02,8.54E+01,3.38E+02
1768,-106.169,118.691,1.88E+00,2.94E+02,7.74E+01,3.23E+02
1769,-118.718,86.5838,2.32E+00,2.94E+02,9.05E+01,3.19E+02
1770,-112.448,86.5685,2.79E+00,3.03E+02,9.51E+01,3.31E+02
1771,-106.177,86.555,3.23E+00,3.14E+02,9.91E+01,3.44E+02
1772,-112.436,93.1489,2.62E+00,3.08E+02,9.01E+01,3.37E+02
1773,-118.714,93.1768,2.19E+00,3.00E+02,8.57E+01,3.27E+02
1774,-106.159,93.1521,3.01E+00,3.16E+02,9.40E+01,3.47E+02
1775,-112.476,73.2458,3.08E+00,2.82E+02,1.06E+02,3.08E+02
1776,-112.461,79.9061,2.94E+00,2.94E+02,1.00E+02,3.21E+02
1777,-118.742,73.2613,2.54E+00,2.72E+02,1.01E+02,2.95E+02
1778,-118.73,79.9219,2.43E+00,2.84E+02,9.55E+01,3.08E+02
1779,-106.207,73.2303,3.60E+00,2.94E+02,1.10E+02,3.22E+02
1780,-106.191,79.891,3.43E+00,3.06E+02,1.05E+02,3.35E+02
1781,-118.801,33.3031,2.93E+00,2.04E+02,1.35E+02,2.17E+02
1782,-112.552,33.296,3.61E+00,2.10E+02,1.40E+02,2.25E+02
1783,-106.3,33.2885,4.29E+00,2.16E+02,1.45E+02,2.33E+02
1784,-118.776,53.2823,2.78E+00,2.35E+02,1.17E+02,2.54E+02
1785,-112.519,53.2705,3.40E+00,2.43E+02,1.22E+02,2.64E+02
1786,-106.258,53.2579,4.01E+00,2.52E+02,1.27E+02,2.75E+02
1787,-112.505,59.9284,3.30E+00,2.56E+02,1.17E+02,2.78E+02
1788,-118.766,59.9418,2.71E+00,2.47E+02,1.12E+02,2.68E+02
1789,-106.242,59.9145,3.89E+00,2.66E+02,1.22E+02,2.91E+02
1790,-112.542,39.9544,3.55E+00,2.20E+02,1.34E+02,2.37E+02
1791,-112.531,46.6125,3.48E+00,2.31E+02,1.28E+02,2.50E+02
1792,-118.794,39.963,2.89E+00,2.14E+02,1.29E+02,2.29E+02
1793,-118.786,46.6228,2.84E+00,2.24E+02,1.23E+02,2.41E+02
1794,-106.287,39.9451,4.21E+00,2.27E+02,1.39E+02,2.46E+02
1795,-106.274,46.6015,4.12E+00,2.39E+02,1.33E+02,2.60E+02
1796,-118.812,19.9826,3.00E+00,1.87E+02,1.48E+02,1.95E+02
1797,-112.566,19.9786,3.70E+00,1.93E+02,1.53E+02,2.01E+02
1798,-106.317,19.9743,4.40E+00,1.98E+02,1.58E+02,2.08E+02
1799,-112.559,26.6374,3.66E+00,2.01E+02,1.46E+02,2.13E+02
1800,-118.807,26.6429,2.97E+00,1.95E+02,1.41E+02,2.06E+02
1801,-106.31,26.6315,4.35E+00,2.07E+02,1.51E+02,2.20E+02
1802,-112.573,6.66032,3.74E+00,1.78E+02,1.66E+02,1.80E+02
1803,-112.57,13.3195,3.72E+00,1.85E+02,1.59E+02,1.91E+02
1804,-118.817,6.66146,3.03E+00,1.73E+02,1.61E+02,1.75E+02
1805,-118.815,13.3221,3.02E+00,1.80E+02,1.54E+02,1.85E+02
1806,-106.326,6.6591,4.46E+00,1.84E+02,1.71E+02,1.85E+02
1807,-106.323,13.3168,4.44E+00,1.91E+02,1.64E+02,1.96E+02
1808,-118.763,-59.9389,2.69E+00,1.26E+02,2.60E+02,8.03E+01
1809,-112.501,-59.9247,3.29E+00,1.33E+02,2.70E+02,8.12E+01
1810,-106.236,-59.9098,3.87E+00,1.40E+02,2.81E+02,8.19E+01
1811,-118.806,-26.6411,2.97E+00,1.46E+02,2.02E+02,1.28E+02
1812,-112.558,-26.635,3.66E+00,1.52E+02,2.08E+02,1.30E+02
1813,-106.308,-26.6285,4.35E+00,1.58E+02,2.14E+02,1.33E+02
1814,-118.815,-13.3203,3.02E+00,1.56E+02,1.84E+02,1.46E+02
1815,-112.569,-13.3173,3.72E+00,1.61E+02,1.90E+02,1.50E+02
1816,-106.322,-13.3139,4.43E+00,1.67E+02,1.95E+02,1.53E+02
1817,-112.572,-6.65814,3.74E+00,1.67E+02,1.81E+02,1.60E+02
1818,-118.817,-6.6598,3.03E+00,1.61E+02,1.76E+02,1.56E+02
1819,-106.326,-6.65636,4.46E+00,1.72E+02,1.87E+02,1.64E+02
1820,-112.565,-19.9763,3.69E+00,1.57E+02,1.98E+02,1.40E+02
1821,-118.811,-19.9808,3.00E+00,1.51E+02,1.93E+02,1.37E+02
1822,-106.316,-19.9714,4.40E+00,1.63E+02,2.04E+02,1.43E+02
1823,-118.793,-39.9609,2.88E+00,1.37E+02,2.23E+02,1.09E+02
1824,-112.54,-39.9515,3.54E+00,1.44E+02,2.30E+02,1.11E+02
1825,-106.284,-39.9415,4.20E+00,1.51E+02,2.38E+02,1.13E+02
1826,-112.55,-33.2935,3.61E+00,1.48E+02,2.19E+02,1.21E+02
1827,-118.8,-33.3011,2.93E+00,1.41E+02,2.12E+02,1.18E+02
1828,-106.297,-33.2852,4.28E+00,1.54E+02,2.26E+02,1.23E+02
1829,-112.515,-53.2671,3.39E+00,1.36E+02,2.56E+02,9.12E+01
1830,-112.528,-46.6093,3.47E+00,1.40E+02,2.42E+02,1.01E+02
1831,-118.774,-53.2797,2.77E+00,1.29E+02,2.47E+02,9.00E+01
1832,-118.784,-46.6204,2.83E+00,1.33E+02,2.34E+02,9.95E+01
1833,-106.254,-53.2536,4.00E+00,1.44E+02,2.66E+02,9.23E+01
1834,-106.27,-46.5976,4.11E+00,1.47E+02,2.51E+02,1.03E+02
1835,-118.709,-93.1638,2.15E+00,1.12E+02,3.18E+02,3.39E+01
1836,-112.43,-93.1287,2.57E+00,1.18E+02,3.28E+02,3.34E+01
1837,-106.151,-93.137,2.96E+00,1.23E+02,3.37E+02,3.29E+01
1838,-118.738,-73.2578,2.52E+00,1.19E+02,2.87E+02,6.07E+01
1839,-112.471,-73.2414,3.05E+00,1.27E+02,2.99E+02,6.09E+01
1840,-106.2,-73.2248,3.57E+00,1.34E+02,3.12E+02,6.09E+01
1841,-112.486,-66.5826,3.18E+00,1.30E+02,2.84E+02,7.11E+01
1842,-118.751,-66.5982,2.61E+00,1.22E+02,2.73E+02,7.05E+01
1843,-106.218,-66.5666,3.73E+00,1.37E+02,2.97E+02,7.14E+01
1844,-112.442,-86.5335,2.75E+00,1.21E+02,3.22E+02,4.16E+01
1845,-112.456,-79.9015,2.91E+00,1.24E+02,3.12E+02,5.10E+01
1846,-118.716,-86.56,2.29E+00,1.14E+02,3.11E+02,4.19E+01
1847,-118.725,-79.9183,2.41E+00,1.17E+02,3.00E+02,5.10E+01
1848,-106.166,-86.529,3.19E+00,1.27E+02,3.34E+02,4.11E+01
1849,-106.184,-79.8854,3.39E+00,1.30E+02,3.25E+02,5.07E+01
1850,-118.675,-106.083,1.83E+00,1.08E+02,3.19E+02,2.57E+01
1851,-112.416,-106.054,2.15E+00,1.13E+02,3.23E+02,2.37E+01
1852,-106.16,-106.071,2.44E+00,1.17E+02,3.28E+02,2.38E+01
1853,-112.421,-99.6268,2.37E+00,1.16E+02,3.28E+02,2.71E+01
1854,-118.691,-99.6625,2.00E+00,1.10E+02,3.21E+02,2.81E+01
1855,-106.152,-99.6422,2.72E+00,1.20E+02,3.35E+02,2.69E+01
1856,-112.42,-118.68,1.63E+00,1.06E+02,3.09E+02,2.68E+01
1857,-112.415,-112.385,1.91E+00,1.10E+02,3.16E+02,2.39E+01
1858,-118.68,-118.68,1.41E+00,1.04E+02,3.04E+02,3.12E+01
1859,-118.677,-112.399,1.63E+00,1.06E+02,3.12E+02,2.70E+01
1860,-106.165,-118.685,1.82E+00,1.08E+02,3.14E+02,2.55E+01
1861,-106.159,-112.396,2.15E+00,1.13E+02,3.20E+02,2.37E+01
1862,124.955,-131.217,7.91E-01,2.59E+02,5.58E+01,2.99E+02
1863,124.965,-137.485,5.09E-01,2.55E+02,4.56E+01,3.12E+02
1864,124.978,-143.752,1.95E-01,2.14E+02,3.35E+01,3.68E+02
1865,125,-150,0.00E+00,1.77E+02,2.81E+01,4.12E+02
1866,118.75,-150,0.00E+00,1.75E+02,2.75E+01,4.26E+02
1867,112.5,-150,0.00E+00,1.68E+02,2.63E+01,4.34E+02
1868,106.25,-150,0.00E+00,1.58E+02,2.46E+01,4.37E+02
1869,100,-150,0.00E+00,1.45E+02,2.22E+01,4.36E+02
1870,93.3333,-150,0.00E+00,1.31E+02,1.99E+01,4.32E+02
1871,86.6667,-150,0.00E+00,1.16E+02,1.81E+01,4.26E+02
1872,80,-150,0.00E+00,1.00E+02,1.74E+01,4.19E+02
1873,73.3333,-150,0.00E+00,8.49E+01,1.80E+01,4.11E+02
1874,66.6667,-150,0.00E+00,7.04E+01,2.00E+01,4.02E+02
1875,60,-150,0.00E+00,5.68E+01,2.32E+01,3.94E+02
1876,53.3333,-150,0.00E+00,4.41E+01,2.71E+01,3.86E+02
1877,46.6667,-150,0.00E+00,3.23E+01,3.16E+01,3.78E+02
1878,40,-150,0.00E+00,2.15E+01,3.65E+01,3.70E+02
1879,33.3333,-150,0.00E+00,1.24E+01,4.18E+01,3.62E+02
1880,26.6667,-150,0.00E+00,8.30E+00,4.72E+01,3.55E+02
1881,20,-150,0.00E+00,1.14E+01,5.30E+01,3.47E+02
1882,13.3333,-150,0.00E+00,1.84E+01,5.90E+01,3.39E+02
1883,6.66667,-150,0.00E+00,2.57E+01,6.53E+01,3.31E+02
1884,0,-150,0.00E+00,3.27E+01,7.19E+01,3.23E+02
1885,-6.66667,-150,0.00E+00,3.92E+01,7.88E+01,3.15E+02
1886,-13.3333,-150,0.00E+00,4.53E+01,8.61E+01,3.06E+02
1887,-20,-150,0.00E+00,5.10E+01,9.38E+01,2.98E+02
1888,-26.6667,-150,0.00E+00,5.64E+01,1.02E+02,2.89E+02
1889,-33.3333,-150,0.00E+00,6.13E+01,1.11E+02,2.80E+02
1890,-40,-150,0.00E+00,6.59E+01,1.20E+02,2.71E+02
1891,-46.6667,-150,0.00E+00,7.02E+01,1.29E+02,2.61E+02
1892,-53.3333,-150,0.00E+00,7.42E+01,1.40E+02,2.51E+02
1893,-60,-150,0.00E+00,7.79E+01,1.51E+02,2.40E+02
1894,-66.6667,-150,0.00E+00,8.12E+01,1.63E+02,2.29E+02
1895,-73.3333,-150,0.00E+00,8.40E+01,1.75E+02,2.17E+02
1896,-80,-150,0.00E+00,8.62E+01,1.89E+02,2.04E+02
1897,-86.6667,-150,0.00E+00,8.77E+01,2.03E+02,1.91E+02
1898,-93.3333,-150,0.00E+00,8.80E+01,2.17E+02,1.76E+02
1899,-100,-150,0.00E+00,8.74E+01,2.30E+02,1.60E+02
1900,-106.25,-150,0.00E+00,8.53E+01,2.42E+02,1.42E+02
1901,-112.5,-150,0.00E+00,8.04E+01,2.53E+02,1.22E+02
1902,-118.75,-150,0.00E+00,7.16E+01,2.61E+02,9.93E+01
1903,-125,-150,0.00E+00,5.71E+01,2.65E+02,7.31E+01
1904,-124.98,-143.747,1.76E-01,5.49E+01,2.76E+02,5.48E+01
1905,-124.962,-137.48,4.58E-01,6.93E+01,2.87E+02,4.35E+01
1906,-124.951,-131.211,7.27E-01,9.08E+01,2.87E+02,4.90E+01
1907,-0.00251305,-143.778,3.41E-01,7.08E+01,1.03E+02,2.59E+02
1908,-0.000846909,-137.54,9.53E-01,1.29E+02,1.41E+02,1.80E+02
1909,-0.00148486,-131.301,1.63E+00,1.54E+02,1.52E+02,1.64E+02
1910,66.6517,-143.771,3.15E-01,1.36E+02,4.76E+01,3.45E+02
1911,66.6408,-137.522,8.64E-01,2.19E+02,8.11E+01,2.77E+02
1912,66.6274,-131.27,1.45E+00,2.44E+02,9.14E+01,2.68E+02
1913,99.7721,-143.761,2.69E-01,2.01E+02,3.67E+01,3.85E+02
1914,99.7557,-137.501,7.23E-01,2.71E+02,5.68E+01,3.26E+02
1915,99.7384,-131.237,1.19E+00,2.90E+02,6.69E+01,3.18E+02
1916,106.126,-137.497,6.83E-01,2.75E+02,5.30E+01,3.29E+02
1917,112.461,-137.493,6.35E-01,2.74E+02,4.96E+01,3.29E+02
1918,118.712,-137.489,5.78E-01,2.68E+02,4.70E+01,3.24E+02
1919,112.477,-143.756,2.40E-01,2.16E+02,3.50E+01,3.86E+02
1920,106.157,-143.752,2.57E-01,2.10E+02,3.59E+01,3.88E+02
1921,118.728,-143.754,2.21E-01,2.18E+02,3.41E+01,3.80E+02
1922,112.446,-131.225,1.02E+00,2.86E+02,6.01E+01,3.18E+02
1923,106.124,-131.238,1.11E+00,2.90E+02,6.32E+01,3.20E+02
1924,118.699,-131.221,9.18E-01,2.75E+02,5.77E+01,3.11E+02
1925,86.6476,-143.765,2.92E-01,1.76E+02,3.90E+01,3.72E+02
1926,86.6328,-137.51,7.91E-01,2.54E+02,6.56E+01,3.10E+02
1927,86.616,-131.25,1.31E+00,2.77E+02,7.58E+01,3.03E+02
1928,93.2122,-137.506,7.59E-01,2.64E+02,6.10E+01,3.19E+02
1929,93.2421,-143.77,2.81E-01,1.90E+02,3.76E+01,3.80E+02
1930,93.2089,-131.236,1.25E+00,2.85E+02,7.11E+01,3.12E+02
1931,73.3047,-137.519,8.43E-01,2.31E+02,7.58E+01,2.88E+02
1932,79.9687,-137.515,8.18E-01,2.43E+02,7.06E+01,2.99E+02
1933,73.317,-143.769,3.08E-01,1.49E+02,4.40E+01,3.54E+02
1934,79.9823,-143.767,3.01E-01,1.63E+02,4.11E+01,3.64E+02
1935,73.29,-131.264,1.41E+00,2.55E+02,8.60E+01,2.80E+02
1936,79.9528,-131.257,1.37E+00,2.66E+02,8.08E+01,2.92E+02
1937,33.3249,-143.776,3.36E-01,8.02E+01,7.26E+01,3.00E+02
1938,33.3207,-137.536,9.34E-01,1.67E+02,1.10E+02,2.25E+02
1939,33.3141,-131.293,1.59E+00,1.92E+02,1.20E+02,2.11E+02
1940,53.3211,-143.773,3.25E-01,1.11E+02,5.67E+01,3.26E+02
1941,53.313,-137.529,8.99E-01,1.97E+02,9.22E+01,2.55E+02
1942,53.3024,-131.281,1.52E+00,2.21E+02,1.03E+02,2.44E+02
1943,59.977,-137.526,8.82E-01,2.08E+02,8.66E+01,2.66E+02
1944,59.9864,-143.772,3.21E-01,1.23E+02,5.19E+01,3.35E+02
1945,59.9649,-131.276,1.49E+00,2.32E+02,9.70E+01,2.56E+02
1946,39.9849,-137.534,9.24E-01,1.76E+02,1.04E+02,2.34E+02
1947,46.649,-137.532,9.12E-01,1.86E+02,9.79E+01,2.44E+02
1948,39.9904,-143.775,3.33E-01,8.94E+01,6.71E+01,3.09E+02
1949,46.6558,-143.774,3.30E-01,9.98E+01,6.18E+01,3.17E+02
1950,39.977,-131.29,1.57E+00,2.01E+02,1.14E+02,2.22E+02
1951,46.6397,-131.285,1.55E+00,2.11E+02,1.08E+02,2.33E+02
1952,19.994,-143.777,3.40E-01,7.12E+01,8.42E+01,2.84E+02
1953,19.9922,-137.539,9.48E-01,1.50E+02,1.22E+02,2.06E+02
1954,19.988,-131.298,1.62E+00,1.75E+02,1.32E+02,1.91E+02
1955,26.6565,-137.538,9.42E-01,1.58E+02,1.16E+02,2.15E+02
1956,26.6595,-143.777,3.38E-01,7.38E+01,7.83E+01,2.92E+02
1957,26.6511,-131.296,1.60E+00,1.83E+02,1.26E+02,2.01E+02
1958,6.66353,-137.54,9.53E-01,1.35E+02,1.35E+02,1.89E+02
1959,13.3279,-137.54,9.51E-01,1.43E+02,1.28E+02,1.97E+02
1960,6.663,-143.778,3.41E-01,7.08E+01,9.67E+01,2.67E+02
1961,13.3285,-143.778,3.41E-01,7.08E+01,9.04E+01,2.75E+02
1962,6.66172,-131.301,1.63E+00,1.61E+02,1.45E+02,1.73E+02
1963,13.3249,-131.3,1.62E+00,1.68E+02,1.39E+02,1.82E+02
1964,-59.9912,-143.772,3.13E-01,6.92E+01,1.82E+02,1.79E+02
1965,-59.9786,-137.526,8.67E-01,8.02E+01,2.20E+02,1.03E+02
1966,-59.9677,-131.276,1.47E+00,1.07E+02,2.33E+02,8.44E+01
1967,-26.6645,-143.777,3.34E-01,7.05E+01,1.33E+02,2.26E+02
1968,-26.6582,-137.537,9.34E-01,1.05E+02,1.71E+02,1.47E+02
1969,-26.6541,-131.296,1.60E+00,1.31E+02,1.83E+02,1.29E+02
1970,-13.3335,-143.778,3.39E-01,7.08E+01,1.18E+02,2.43E+02
1971,-13.3295,-137.54,9.48E-01,1.16E+02,1.56E+02,1.64E+02
1972,-13.3278,-131.3,1.62E+00,1.42E+02,1.67E+02,1.46E+02
1973,-6.66519,-137.54,9.51E-01,1.22E+02,1.48E+02,1.72E+02
1974,-6.668,-143.778,3.40E-01,7.08E+01,1.10E+02,2.51E+02
1975,-6.66468,-131.301,1.63E+00,1.48E+02,1.59E+02,1.55E+02
1976,-19.9939,-137.539,9.42E-01,1.10E+02,1.63E+02,1.55E+02
1977,-19.999,-143.777,3.37E-01,7.07E+01,1.25E+02,2.34E+02
1978,-19.991,-131.298,1.61E+00,1.36E+02,1.75E+02,1.37E+02
1979,-39.9953,-143.775,3.27E-01,7.01E+01,1.51E+02,2.08E+02
1980,-39.9866,-137.534,9.13E-01,9.41E+01,1.89E+02,1.30E+02
1981,-39.9799,-131.29,1.56E+00,1.21E+02,2.01E+02,1.11E+02
1982,-33.3225,-137.536,9.25E-01,9.92E+01,1.80E+02,1.38E+02
1983,-33.33,-143.776,3.31E-01,7.03E+01,1.42E+02,2.17E+02
1984,-33.3171,-131.293,1.58E+00,1.26E+02,1.92E+02,1.20E+02
1985,-53.3148,-137.529,8.85E-01,8.46E+01,2.09E+02,1.12E+02
1986,-46.6506,-137.532,9.00E-01,8.93E+01,1.98E+02,1.21E+02
1987,-53.3259,-143.773,3.18E-01,6.95E+01,1.71E+02,1.89E+02
1988,-46.6607,-143.774,3.23E-01,6.98E+01,1.60E+02,1.99E+02
1989,-53.3052,-131.281,1.50E+00,1.11E+02,2.21E+02,9.36E+01
1990,-46.6427,-131.286,1.53E+00,1.16E+02,2.11E+02,1.03E+02
1991,-93.237,-143.77,2.71E-01,6.68E+01,2.44E+02,1.21E+02
1992,-93.1975,-137.505,7.38E-01,6.47E+01,2.79E+02,5.29E+01
1993,-93.2007,-131.234,1.23E+00,9.14E+01,2.91E+02,3.74E+01
1994,-73.3216,-143.768,2.99E-01,6.84E+01,2.06E+02,1.58E+02
1995,-73.3061,-137.519,8.25E-01,7.24E+01,2.43E+02,8.35E+01
1996,-73.2924,-131.264,1.39E+00,9.93E+01,2.57E+02,6.54E+01
1997,-66.6423,-137.522,8.48E-01,7.62E+01,2.31E+02,9.33E+01
1998,-66.6564,-143.77,3.06E-01,6.88E+01,1.93E+02,1.69E+02
1999,-66.63,-131.27,1.43E+00,1.03E+02,2.44E+02,7.50E+01
2000,-86.6035,-137.51,7.71E-01,6.66E+01,2.67E+02,6.31E+01
2001,-79.9699,-137.514,8.00E-01,6.92E+01,2.55E+02,7.34E+01
2002,-86.6318,-143.767,2.82E-01,6.75E+01,2.31E+02,1.34E+02
2003,-79.9867,-143.767,2.91E-01,6.80E+01,2.18E+02,1.46E+02
2004,-86.5974,-131.246,1.29E+00,9.34E+01,2.81E+02,4.62E+01
2005,-79.9548,-131.257,1.34E+00,9.60E+01,2.69E+02,5.57E+01
2006,-106.151,-143.748,2.45E-01,6.49E+01,2.67E+02,9.23E+01
2007,-106.111,-137.495,6.56E-01,6.33E+01,2.95E+02,3.55E+01
2008,-106.113,-131.236,1.07E+00,8.96E+01,3.04E+02,2.83E+01
2009,-99.6912,-137.5,7.00E-01,6.36E+01,2.88E+02,4.32E+01
2010,-99.7346,-143.76,2.60E-01,6.60E+01,2.56E+02,1.07E+02
2011,-99.6972,-131.234,1.16E+00,9.02E+01,2.99E+02,3.08E+01
2012,-118.71,-137.484,5.39E-01,6.61E+01,2.96E+02,3.46E+01
2013,-112.43,-137.49,6.03E-01,6.40E+01,2.98E+02,3.20E+01
2014,-118.73,-143.751,2.05E-01,5.99E+01,2.78E+02,6.46E+01
2015,-112.46,-143.751,2.27E-01,6.29E+01,2.74E+02,7.75E+01
2016,-118.696,-131.215,8.65E-01,9.05E+01,2.98E+02,3.92E+01
2017,-112.423,-131.223,9.79E-01,8.98E+01,3.03E+02,3.14E+01
2018,124.953,131.213,7.20E-01,8.96E+01,2.81E+02,4.86E+01
2019,124.964,137.481,4.51E-01,6.84E+01,2.81E+02,4.31E+01
2020,124.981,143.747,1.67E-01,5.63E+01,2.72E+02,5.92E+01
2021,125,150,0.00E+00,6.02E+01,2.63E+02,8.25E+01
2022,118.75,150,0.00E+00,7.67E+01,2.64E+02,1.11E+02
2023,112.5,150,0.00E+00,8.79E+01,2.60E+02,1.35E+02
2024,106.25,150,0.00E+00,9.50E+01,2.53E+02,1.57E+02
2025,100,150,0.00E+00,9.95E+01,2.43E+02,1.76E+02
2026,93.3333,150,0.00E+00,1.02E+02,2.31E+02,1.93E+02
2027,86.6667,150,0.00E+00,1.04E+02,2.18E+02,2.09E+02
2028,80,150,0.00E+00,1.03E+02,2.04E+02,2.23E+02
2029,73.3333,150,0.00E+00,1.03E+02,1.91E+02,2.36E+02
2030,66.6667,150,0.00E+00,1.01E+02,1.78E+02,2.48E+02
2031,60,150,0.00E+00,9.88E+01,1.65E+02,2.60E+02
2032,53.3333,150,0.00E+00,9.61E+01,1.54E+02,2.71E+02
2033,46.6667,150,0.00E+00,9.31E+01,1.42E+02,2.81E+02
2034,40,150,0.00E+00,8.96E+01,1.32E+02,2.90E+02
2035,33.3333,150,0.00E+00,8.57E+01,1.22E+02,2.99E+02
2036,26.6667,150,0.00E+00,8.14E+01,1.13E+02,3.08E+02
2037,20,150,0.00E+00,7.66E+01,1.04E+02,3.16E+02
2038,13.3333,150,0.00E+00,7.14E+01,9.53E+01,3.24E+02
2039,6.66667,150,0.00E+00,6.57E+01,8.74E+01,3.31E+02
2040,0,150,0.00E+00,5.95E+01,7.99E+01,3.38E+02
2041,-6.66667,150,0.00E+00,5.27E+01,7.27E+01,3.45E+02
2042,-13.3333,150,0.00E+00,4.54E+01,6.58E+01,3.52E+02
2043,-20,150,0.00E+00,3.75E+01,5.92E+01,3.59E+02
2044,-26.6667,150,0.00E+00,2.90E+01,5.28E+01,3.65E+02
2045,-33.3333,150,0.00E+00,2.01E+01,4.67E+01,3.72E+02
2046,-40,150,0.00E+00,1.16E+01,4.09E+01,3.78E+02
2047,-46.6667,150,0.00E+00,8.96E+00,3.54E+01,3.84E+02
2048,-53.3333,150,0.00E+00,1.58E+01,3.02E+01,3.91E+02
2049,-60,150,0.00E+00,2.76E+01,2.54E+01,3.97E+02
2050,-66.6667,150,0.00E+00,4.09E+01,2.13E+01,4.04E+02
2051,-73.3333,150,0.00E+00,5.53E+01,1.82E+01,4.11E+02
2052,-80,150,0.00E+00,7.07E+01,1.65E+01,4.18E+02
2053,-86.6667,150,0.00E+00,8.68E+01,1.66E+01,4.24E+02
2054,-93.3333,150,0.00E+00,1.04E+02,1.82E+01,4.30E+02
2055,-100,150,0.00E+00,1.20E+02,2.08E+01,4.35E+02
2056,-106.25,150,0.00E+00,1.35E+02,2.38E+01,4.37E+02
2057,-112.5,150,0.00E+00,1.50E+02,2.68E+01,4.36E+02
2058,-118.75,150,0.00E+00,1.62E+02,2.91E+01,4.31E+02
2059,-125,150,0.00E+00,1.73E+02,2.92E+01,4.18E+02
2060,-124.977,143.752,1.97E-01,2.14E+02,3.60E+01,3.74E+02
2061,-124.963,137.485,5.14E-01,2.59E+02,4.88E+01,3.18E+02
2062,-124.953,131.215,7.99E-01,2.64E+02,5.79E+01,3.04E+02
2063,0.00196595,143.778,3.28E-01,7.72E+01,1.12E+02,2.69E+02
2064,-0.000918495,137.541,9.46E-01,1.17E+02,1.51E+02,1.81E+02
2065,-0.00196988,131.301,1.63E+00,1.46E+02,1.60E+02,1.62E+02
2066,66.6557,143.77,3.00E-01,7.57E+01,2.08E+02,1.79E+02
2067,66.6402,137.522,8.50E-01,7.11E+01,2.45E+02,9.25E+01
2068,66.6261,131.268,1.44E+00,9.98E+01,2.57E+02,7.25E+01
2069,99.7753,143.759,2.52E-01,7.10E+01,2.68E+02,1.14E+02
2070,99.7546,137.499,6.98E-01,6.15E+01,2.97E+02,4.15E+01
2071,99.7366,131.233,1.16E+00,8.86E+01,3.06E+02,2.97E+01
2072,106.125,137.494,6.52E-01,6.16E+01,3.01E+02,3.44E+01
2073,112.46,137.49,5.98E-01,6.28E+01,3.01E+02,3.15E+01
2074,118.711,137.485,5.32E-01,6.52E+01,2.94E+02,3.45E+01
2075,112.48,143.754,2.18E-01,6.62E+01,2.79E+02,8.35E+01
2076,106.16,143.75,2.37E-01,6.90E+01,2.75E+02,9.87E+01
2077,118.73,143.751,1.96E-01,6.21E+01,2.79E+02,7.00E+01
2078,112.444,131.221,9.74E-01,8.85E+01,3.04E+02,3.16E+01
2079,106.122,131.234,1.07E+00,8.82E+01,3.08E+02,2.80E+01
2080,118.697,131.216,8.59E-01,8.94E+01,2.95E+02,3.92E+01
2081,86.6511,143.764,2.76E-01,7.37E+01,2.46E+02,1.42E+02
2082,86.6318,137.509,7.72E-01,6.36E+01,2.80E+02,6.12E+01
2083,86.6143,131.248,1.29E+00,9.14E+01,2.92E+02,4.39E+01
2084,93.2111,137.504,7.38E-01,6.22E+01,2.90E+02,5.09E+01
2085,93.2455,143.768,2.64E-01,7.26E+01,2.58E+02,1.29E+02
2086,93.2072,131.234,1.23E+00,8.96E+01,3.01E+02,3.56E+01
2087,73.3039,137.518,8.28E-01,6.82E+01,2.57E+02,8.23E+01
2088,79.9678,137.513,8.02E-01,6.56E+01,2.69E+02,7.18E+01
2089,73.3208,143.768,2.93E-01,7.52E+01,2.21E+02,1.67E+02
2090,79.986,143.766,2.85E-01,7.45E+01,2.33E+02,1.55E+02
2091,73.2886,131.262,1.40E+00,9.66E+01,2.69E+02,6.29E+01
2092,79.9512,131.255,1.35E+00,9.37E+01,2.81E+02,5.32E+01
2093,33.3293,143.776,3.22E-01,7.72E+01,1.54E+02,2.28E+02
2094,33.3205,137.536,9.24E-01,9.04E+01,1.92E+02,1.39E+02
2095,33.3133,131.293,1.58E+00,1.20E+02,2.02E+02,1.18E+02
2096,53.3253,143.773,3.11E-01,7.65E+01,1.84E+02,2.00E+02
2097,53.3125,137.529,8.87E-01,7.80E+01,2.22E+02,1.12E+02
2098,53.3013,131.28,1.51E+00,1.07E+02,2.33E+02,9.13E+01
2099,59.9764,137.525,8.70E-01,7.44E+01,2.33E+02,1.02E+02
2100,59.9905,143.772,3.06E-01,7.62E+01,1.96E+02,1.90E+02
2101,59.9637,131.274,1.48E+00,1.03E+02,2.45E+02,8.20E+01
2102,39.9846,137.534,9.14E-01,8.60E+01,2.01E+02,1.30E+02
2103,46.6486,137.531,9.01E-01,8.19E+01,2.11E+02,1.21E+02
2104,39.9947,143.775,3.19E-01,7.70E+01,1.63E+02,2.19E+02
2105,46.66,143.774,3.15E-01,7.68E+01,1.74E+02,2.10E+02
2106,39.9761,131.289,1.56E+00,1.15E+02,2.12E+02,1.09E+02
2107,46.6387,131.285,1.54E+00,1.11E+02,2.22E+02,1.00E+02
2108,19.9984,143.777,3.26E-01,7.74E+01,1.36E+02,2.45E+02
2109,19.9921,137.539,9.39E-01,1.00E+02,1.74E+02,1.56E+02
2110,19.9874,131.298,1.61E+00,1.29E+02,1.84E+02,1.36E+02
2111,26.6563,137.538,9.32E-01,9.51E+01,1.83E+02,1.48E+02
2112,26.6639,143.777,3.24E-01,7.73E+01,1.44E+02,2.37E+02
2113,26.6504,131.296,1.60E+00,1.25E+02,1.93E+02,1.27E+02
2114,6.66343,137.541,9.45E-01,1.11E+02,1.58E+02,1.73E+02
2115,13.3278,137.54,9.43E-01,1.05E+02,1.66E+02,1.65E+02
2116,6.66747,143.778,3.28E-01,7.73E+01,1.20E+02,2.61E+02
2117,13.333,143.778,3.27E-01,7.74E+01,1.27E+02,2.53E+02
2118,6.66121,131.301,1.62E+00,1.40E+02,1.68E+02,1.53E+02
2119,13.3243,131.3,1.62E+00,1.35E+02,1.76E+02,1.44E+02
2120,-59.9872,143.773,3.02E-01,9.96E+01,5.61E+01,3.36E+02
2121,-59.9789,137.527,8.66E-01,1.92E+02,9.28E+01,2.61E+02
2122,-59.9686,131.277,1.48E+00,2.20E+02,1.02E+02,2.48E+02
2123,-26.6601,143.777,3.22E-01,7.61E+01,8.50E+01,2.98E+02
2124,-26.6583,137.538,9.29E-01,1.45E+02,1.23E+02,2.15E+02
2125,-26.6546,131.297,1.59E+00,1.73E+02,1.33E+02,1.97E+02
2126,-13.329,143.778,3.26E-01,7.67E+01,9.81E+01,2.83E+02
2127,-13.3296,137.54,9.41E-01,1.30E+02,1.37E+02,1.98E+02
2128,-13.3283,131.3,1.62E+00,1.59E+02,1.46E+02,1.79E+02
2129,-6.66526,137.541,9.44E-01,1.23E+02,1.43E+02,1.90E+02
2130,-6.66353,143.778,3.27E-01,7.70E+01,1.05E+02,2.76E+02
2131,-6.66514,131.301,1.62E+00,1.52E+02,1.53E+02,1.70E+02
2132,-19.994,137.539,9.36E-01,1.37E+02,1.30E+02,2.06E+02
2133,-19.9946,143.778,3.24E-01,7.64E+01,9.14E+01,2.91E+02
2134,-19.9915,131.299,1.61E+00,1.66E+02,1.39E+02,1.88E+02
2135,-39.991,143.776,3.16E-01,7.60E+01,7.28E+01,3.13E+02
2136,-39.9868,137.535,9.09E-01,1.62E+02,1.11E+02,2.32E+02
2137,-39.9805,131.291,1.56E+00,1.90E+02,1.20E+02,2.16E+02
2138,-33.3226,137.537,9.20E-01,1.53E+02,1.17E+02,2.23E+02
2139,-33.3256,143.777,3.19E-01,7.58E+01,7.88E+01,3.05E+02
2140,-33.3177,131.294,1.58E+00,1.81E+02,1.26E+02,2.07E+02
2141,-53.315,137.53,8.82E-01,1.81E+02,9.87E+01,2.51E+02
2142,-46.6508,137.533,8.97E-01,1.71E+02,1.05E+02,2.41E+02
2143,-53.3218,143.774,3.07E-01,8.81E+01,6.14E+01,3.28E+02
2144,-46.6565,143.775,3.12E-01,7.95E+01,6.70E+01,3.20E+02
2145,-53.306,131.282,1.51E+00,2.10E+02,1.08E+02,2.37E+02
2146,-46.6434,131.287,1.53E+00,2.00E+02,1.14E+02,2.27E+02
2147,-93.2337,143.772,2.65E-01,1.69E+02,3.89E+01,3.76E+02
2148,-93.1984,137.507,7.46E-01,2.52E+02,6.56E+01,3.12E+02
2149,-93.2023,131.237,1.25E+00,2.75E+02,7.51E+01,3.03E+02
2150,-73.3177,143.77,2.90E-01,1.26E+02,4.67E+01,3.52E+02
2151,-73.3067,137.52,8.26E-01,2.16E+02,8.14E+01,2.82E+02
2152,-73.2936,131.266,1.40E+00,2.43E+02,9.08E+01,2.71E+02
2153,-66.6428,137.524,8.47E-01,2.04E+02,8.70E+01,2.71E+02
2154,-66.6524,143.771,2.97E-01,1.12E+02,5.11E+01,3.44E+02
2155,-66.6311,131.272,1.44E+00,2.31E+02,9.64E+01,2.59E+02
2156,-86.6043,137.512,7.76E-01,2.40E+02,7.06E+01,3.02E+02
2157,-79.9705,137.516,8.03E-01,2.28E+02,7.59E+01,2.92E+02
2158,-86.6282,143.769,2.75E-01,1.54E+02,4.06E+01,3.69E+02
2159,-79.983,143.768,2.83E-01,1.40E+02,4.32E+01,3.60E+02
2160,-86.5989,131.249,1.30E+00,2.66E+02,8.00E+01,2.93E+02
2161,-79.9562,131.259,1.35E+00,2.54E+02,8.53E+01,2.82E+02
2162,-106.148,143.751,2.43E-01,1.95E+02,3.71E+01,3.86E+02
2163,-106.111,137.498,6.75E-01,2.69E+02,5.66E+01,3.25E+02
2164,-106.115,131.24,1.11E+00,2.86E+02,6.66E+01,3.15E+02
2165,-99.6921,137.503,7.13E-01,2.61E+02,6.09E+01,3.20E+02
2166,-99.7315,143.762,2.55E-01,1.83E+02,3.78E+01,3.82E+02
2167,-99.6988,131.238,1.18E+00,2.82E+02,7.06E+01,3.11E+02
2168,-118.711,137.489,5.79E-01,2.69E+02,5.03E+01,3.25E+02
2169,-112.431,137.494,6.31E-01,2.72E+02,5.29E+01,3.27E+02
2170,-118.727,143.755,2.14E-01,2.12E+02,3.65E+01,3.83E+02
2171,-112.457,143.754,2.29E-01,2.05E+02,3.67E+01,3.87E+02
2172,-118.698,131.22,9.24E-01,2.77E+02,6.03E+01,3.12E+02
2173,-112.425,131.228,1.03E+00,2.84E+02,6.31E+01,3.16E+02
2174,-131.25,150,0.00E+00,1.79E+02,2.63E+01,3.96E+02
2175,-137.5,150,0.00E+00,1.76E+02,2.04E+01,3.63E+02
2176,-143.75,150,0.00E+00,1.56E+02,1.42E+01,3.04E+02
2177,-150,150,0.00E+00,1.40E+02,1.16E+01,2.64E+02
2178,-150,143.75,0.00E+00,1.57E+02,1.42E+01,3.04E+02
2179,-150,137.5,0.00E+00,1.77E+02,2.06E+01,3.66E+02
2180,-150,131.25,0.00E+00,1.81E+02,2.64E+01,4.01E+02
2181,-150,125,0.00E+00,1.79E+02,2.88E+01,4.23E+02
2182,-150,118.75,0.00E+00,1.72E+02,2.86E+01,4.36E+02
2183,-150,112.5,0.00E+00,1.62E+02,2.69E+01,4.43E+02
2184,-150,106.25,0.00E+00,1.49E+02,2.45E+01,4.44E+02
2185,-150,100,0.00E+00,1.34E+02,2.18E+01,4.42E+02
2186,-150,93.3333,0.00E+00,1.18E+02,1.93E+01,4.37E+02
2187,-150,86.6667,0.00E+00,1.01E+02,1.75E+01,4.30E+02
2188,-150,80,0.00E+00,8.45E+01,1.69E+01,4.23E+02
2189,-150,73.3333,0.00E+00,6.87E+01,1.77E+01,4.15E+02
2190,-150,66.6667,0.00E+00,5.38E+01,2.00E+01,4.07E+02
2191,-150,60,0.00E+00,3.99E+01,2.34E+01,3.99E+02
2192,-150,53.3333,0.00E+00,2.72E+01,2.76E+01,3.91E+02
2193,-150,46.6667,0.00E+00,1.60E+01,3.23E+01,3.84E+02
2194,-150,40,0.00E+00,9.28E+00,3.74E+01,3.77E+02
2195,-150,33.3333,0.00E+00,1.11E+01,4.28E+01,3.69E+02
2196,-150,26.6667,0.00E+00,1.87E+01,4.85E+01,3.62E+02
2197,-150,20,0.00E+00,2.70E+01,5.45E+01,3.55E+02
2198,-150,13.3333,0.00E+00,3.50E+01,6.08E+01,3.48E+02
2199,-150,6.66667,0.00E+00,4.24E+01,6.73E+01,3.40E+02
2200,-150,-5.33E-14,0.00E+00,4.93E+01,7.42E+01,3.33E+02
2201,-150,-6.66667,0.00E+00,5.56E+01,8.15E+01,3.25E+02
2202,-150,-13.3333,0.00E+00,6.15E+01,8.91E+01,3.17E+02
2203,-150,-20,0.00E+00,6.69E+01,9.72E+01,3.09E+02
2204,-150,-26.6667,0.00E+00,7.19E+01,1.06E+02,3.01E+02
2205,-150,-33.3333,0.00E+00,7.65E+01,1.15E+02,2.92E+02
2206,-150,-40,0.00E+00,8.07E+01,1.25E+02,2.83E+02
2207,-150,-46.6667,0.00E+00,8.45E+01,1.35E+02,2.73E+02
2208,-150,-53.3333,0.00E+00,8.79E+01,1.46E+02,2.63E+02
2209,-150,-60,0.00E+00,9.08E+01,1.58E+02,2.53E+02
2210,-150,-66.6667,0.00E+00,9.34E+01,1.71E+02,2.42E+02
2211,-150,-73.3333,0.00E+00,9.55E+01,1.84E+02,2.30E+02
2212,-150,-80,0.00E+00,9.71E+01,1.98E+02,2.17E+02
2213,-150,-86.6667,0.00E+00,9.80E+01,2.13E+02,2.03E+02
2214,-150,-93.3333,0.00E+00,9.76E+01,2.27E+02,1.88E+02
2215,-150,-100,0.00E+00,9.57E+01,2.41E+02,1.71E+02
2216,-150,-106.25,0.00E+00,9.22E+01,2.53E+02,1.53E+02
2217,-150,-112.5,0.00E+00,8.59E+01,2.62E+02,1.33E+02
2218,-150,-118.75,0.00E+00,7.57E+01,2.69E+02,1.09E+02
2219,-150,-125,0.00E+00,6.00E+01,2.70E+02,8.16E+01
2220,-150,-131.25,0.00E+00,3.91E+01,2.66E+02,5.29E+01
2221,-150,-137.5,0.00E+00,2.11E+01,2.54E+02,3.21E+01
2222,-150,-143.75,0.00E+00,1.29E+01,2.22E+02,2.08E+01
2223,-150,-150,0.00E+00,1.11E+01,1.98E+02,1.63E+01
2224,-143.75,-150,0.00E+00,1.28E+01,2.21E+02,2.11E+01
2225,-137.5,-150,0.00E+00,2.00E+01,2.52E+02,3.02E+01
2226,-131.25,-150,0.00E+00,3.68E+01,2.62E+02,4.68E+01
2227,-143.778,-0.00247327,3.29E-01,7.63E+01,1.07E+02,2.65E+02
2228,-137.541,-0.000159965,9.48E-01,1.23E+02,1.46E+02,1.80E+02
2229,-131.302,0.000291451,1.63E+00,1.50E+02,1.57E+02,1.63E+02
2230,-143.768,79.9822,2.87E-01,1.53E+02,4.26E+01,3.65E+02
2231,-137.515,79.969,8.11E-01,2.39E+02,7.44E+01,2.98E+02
2232,-131.258,79.9537,1.36E+00,2.64E+02,8.40E+01,2.90E+02
2233,-143.754,118.727,2.14E-01,2.20E+02,3.61E+01,3.88E+02
2234,-137.488,118.71,5.79E-01,2.75E+02,4.97E+01,3.29E+02
2235,-131.219,118.697,9.24E-01,2.81E+02,5.96E+01,3.15E+02
2236,-143.745,137.482,1.25E-01,1.94E+02,3.19E+01,3.32E+02
2237,-137.478,137.477,3.00E-01,2.20E+02,4.51E+01,2.98E+02
2238,-131.218,137.48,4.26E-01,2.41E+02,4.76E+01,3.06E+02
2239,-137.482,143.745,1.30E-01,1.93E+02,3.18E+01,3.31E+02
2240,-143.74,143.74,5.89E-02,1.70E+02,2.22E+01,3.10E+02
2241,-131.229,143.749,1.72E-01,2.08E+02,3.45E+01,3.57E+02
2242,-137.484,124.963,5.12E-01,2.63E+02,4.82E+01,3.20E+02
2243,-137.48,131.218,4.23E-01,2.43E+02,4.74E+01,3.06E+02
2244,-143.752,124.977,1.93E-01,2.20E+02,3.54E+01,3.77E+02
2245,-143.749,131.229,1.65E-01,2.11E+02,3.44E+01,3.59E+02
2246,-131.215,124.953,7.98E-01,2.66E+02,5.75E+01,3.05E+02
2247,-131.213,131.213,6.36E-01,2.50E+02,5.46E+01,2.97E+02
2248,-143.761,99.7719,2.58E-01,1.96E+02,3.80E+01,3.89E+02
2249,-137.502,99.7553,7.18E-01,2.72E+02,6.00E+01,3.27E+02
2250,-131.236,99.7379,1.19E+00,2.91E+02,6.96E+01,3.19E+02
2251,-137.497,106.125,6.79E-01,2.78E+02,5.60E+01,3.32E+02
2252,-137.493,112.46,6.34E-01,2.79E+02,5.24E+01,3.33E+02
2253,-143.752,106.157,2.47E-01,2.07E+02,3.73E+01,3.92E+02
2254,-143.757,112.477,2.32E-01,2.16E+02,3.67E+01,3.93E+02
2255,-131.237,106.123,1.11E+00,2.93E+02,6.56E+01,3.23E+02
2256,-131.224,112.444,1.03E+00,2.90E+02,6.23E+01,3.22E+02
2257,-137.511,86.6329,7.84E-01,2.51E+02,6.94E+01,3.09E+02
2258,-137.506,93.2121,7.53E-01,2.63E+02,6.45E+01,3.19E+02
2259,-143.766,86.6475,2.79E-01,1.68E+02,4.05E+01,3.74E+02
2260,-143.771,93.2419,2.69E-01,1.82E+02,3.90E+01,3.82E+02
2261,-131.25,86.6165,1.31E+00,2.75E+02,7.89E+01,3.02E+02
2262,-131.236,93.209,1.25E+00,2.84E+02,7.41E+01,3.12E+02
2263,-143.776,39.9904,3.19E-01,8.00E+01,6.94E+01,3.11E+02
2264,-137.535,39.9856,9.16E-01,1.70E+02,1.08E+02,2.33E+02
2265,-131.291,39.9786,1.57E+00,1.96E+02,1.18E+02,2.19E+02
2266,-143.773,59.9865,3.06E-01,1.12E+02,5.39E+01,3.37E+02
2267,-137.527,59.9776,8.74E-01,2.02E+02,9.06E+01,2.64E+02
2268,-131.277,59.9664,1.49E+00,2.28E+02,1.00E+02,2.53E+02
2269,-137.523,66.6414,8.55E-01,2.14E+02,8.51E+01,2.75E+02
2270,-137.519,73.3052,8.34E-01,2.26E+02,7.97E+01,2.86E+02
2271,-143.771,66.6518,3.01E-01,1.25E+02,4.95E+01,3.46E+02
2272,-143.769,73.317,2.95E-01,1.38E+02,4.57E+01,3.56E+02
2273,-131.271,66.6288,1.45E+00,2.40E+02,9.47E+01,2.65E+02
2274,-131.264,73.2912,1.41E+00,2.52E+02,8.93E+01,2.78E+02
2275,-137.533,46.6496,9.04E-01,1.80E+02,1.02E+02,2.43E+02
2276,-137.53,53.3137,8.90E-01,1.91E+02,9.62E+01,2.53E+02
2277,-143.775,46.6558,3.15E-01,8.83E+01,6.39E+01,3.20E+02
2278,-143.774,53.3212,3.11E-01,9.93E+01,5.87E+01,3.28E+02
2279,-131.287,46.6413,1.54E+00,2.06E+02,1.12E+02,2.30E+02
2280,-131.282,53.3039,1.52E+00,2.17E+02,1.06E+02,2.41E+02
2281,-143.778,19.994,3.26E-01,7.58E+01,8.71E+01,2.88E+02
2282,-137.54,19.9929,9.40E-01,1.44E+02,1.26E+02,2.06E+02
2283,-131.299,19.9898,1.61E+00,1.71E+02,1.36E+02,1.90E+02
2284,-137.538,26.6572,9.34E-01,1.52E+02,1.20E+02,2.15E+02
2285,-137.537,33.3214,9.26E-01,1.61E+02,1.14E+02,2.24E+02
2286,-143.777,26.6595,3.24E-01,7.57E+01,8.10E+01,2.96E+02
2287,-143.777,33.325,3.22E-01,7.62E+01,7.51E+01,3.03E+02
2288,-131.297,26.6528,1.60E+00,1.79E+02,1.30E+02,1.99E+02
2289,-131.294,33.3158,1.59E+00,1.87E+02,1.24E+02,2.09E+02
2290,-137.541,6.6642,9.47E-01,1.30E+02,1.39E+02,1.89E+02
2291,-137.541,13.3286,9.45E-01,1.37E+02,1.33E+02,1.97E+02
2292,-143.778,6.66304,3.28E-01,7.61E+01,1.00E+02,2.72E+02
2293,-143.778,13.3285,3.28E-01,7.60E+01,9.34E+01,2.80E+02
2294,-131.302,6.66348,1.63E+00,1.57E+02,1.50E+02,1.72E+02
2295,-131.301,13.3266,1.62E+00,1.64E+02,1.43E+02,1.81E+02
2296,-143.769,-73.3212,2.92E-01,7.41E+01,2.15E+02,1.64E+02
2297,-137.518,-73.3047,8.27E-01,7.20E+01,2.53E+02,8.33E+01
2298,-131.262,-73.2895,1.40E+00,9.89E+01,2.66E+02,6.45E+01
2299,-143.776,-33.3298,3.21E-01,7.60E+01,1.47E+02,2.23E+02
2300,-137.536,-33.3215,9.23E-01,9.58E+01,1.86E+02,1.39E+02
2301,-131.294,-33.315,1.58E+00,1.23E+02,1.98E+02,1.19E+02
2302,-143.778,-13.3334,3.27E-01,7.64E+01,1.22E+02,2.49E+02
2303,-137.54,-13.3288,9.44E-01,1.12E+02,1.61E+02,1.64E+02
2304,-131.3,-13.326,1.62E+00,1.39E+02,1.72E+02,1.45E+02
2305,-137.541,-6.66449,9.47E-01,1.17E+02,1.54E+02,1.72E+02
2306,-143.778,-6.66796,3.28E-01,7.63E+01,1.14E+02,2.57E+02
2307,-131.301,-6.66287,1.63E+00,1.44E+02,1.64E+02,1.54E+02
2308,-137.538,-26.6573,9.32E-01,1.01E+02,1.77E+02,1.47E+02
2309,-137.539,-19.9932,9.39E-01,1.06E+02,1.69E+02,1.55E+02
2310,-143.777,-26.6643,3.24E-01,7.62E+01,1.38E+02,2.32E+02
2311,-143.778,-19.9989,3.26E-01,7.63E+01,1.30E+02,2.40E+02
2312,-131.296,-26.652,1.60E+00,1.28E+02,1.88E+02,1.28E+02
2313,-131.299,-19.9891,1.61E+00,1.33E+02,1.80E+02,1.37E+02
2314,-143.773,-53.3257,3.09E-01,7.52E+01,1.78E+02,1.96E+02
2315,-137.529,-53.3135,8.85E-01,8.25E+01,2.17E+02,1.12E+02
2316,-131.281,-53.3028,1.51E+00,1.10E+02,2.29E+02,9.26E+01
2317,-137.532,-46.6496,9.00E-01,8.66E+01,2.06E+02,1.21E+02
2318,-137.534,-39.9857,9.12E-01,9.11E+01,1.96E+02,1.30E+02
2319,-143.774,-46.6604,3.14E-01,7.55E+01,1.67E+02,2.05E+02
2320,-143.775,-39.9952,3.18E-01,7.58E+01,1.57E+02,2.15E+02
2321,-131.286,-46.6403,1.54E+00,1.14E+02,2.18E+02,1.02E+02
2322,-131.29,-39.9777,1.56E+00,1.18E+02,2.07E+02,1.11E+02
2323,-137.522,-66.641,8.49E-01,7.52E+01,2.41E+02,9.32E+01
2324,-137.526,-59.9774,8.68E-01,7.86E+01,2.29E+02,1.03E+02
2325,-143.77,-66.6561,2.98E-01,7.45E+01,2.02E+02,1.75E+02
2326,-143.772,-59.991,3.04E-01,7.49E+01,1.89E+02,1.86E+02
2327,-131.269,-66.6273,1.44E+00,1.02E+02,2.54E+02,7.40E+01
2328,-131.275,-59.9651,1.48E+00,1.06E+02,2.41E+02,8.34E+01
2329,-143.749,-112.449,2.20E-01,6.66E+01,2.83E+02,8.26E+01
2330,-137.489,-112.407,6.01E-01,6.50E+01,3.06E+02,3.22E+01
2331,-131.224,-112.411,9.80E-01,8.99E+01,3.10E+02,3.21E+01
2332,-143.772,-93.2201,2.64E-01,7.20E+01,2.55E+02,1.27E+02
2333,-137.504,-93.1709,7.39E-01,6.52E+01,2.90E+02,5.22E+01
2334,-131.23,-93.1815,1.23E+00,9.17E+01,3.01E+02,3.70E+01
2335,-137.509,-86.5919,7.72E-01,6.70E+01,2.79E+02,6.26E+01
2336,-137.514,-79.9684,8.01E-01,6.93E+01,2.66E+02,7.30E+01
2337,-143.768,-86.6246,2.75E-01,7.30E+01,2.42E+02,1.40E+02
2338,-143.767,-79.9863,2.84E-01,7.36E+01,2.28E+02,1.53E+02
2339,-131.243,-86.5878,1.30E+00,9.36E+01,2.91E+02,4.56E+01
2340,-131.255,-79.9519,1.35E+00,9.61E+01,2.79E+02,5.50E+01
2341,-137.494,-106.061,6.55E-01,6.40E+01,3.05E+02,3.53E+01
2342,-137.499,-99.6581,7.00E-01,6.41E+01,2.99E+02,4.26E+01
2343,-143.748,-106.12,2.38E-01,6.90E+01,2.77E+02,9.74E+01
2344,-143.76,-99.7143,2.52E-01,7.07E+01,2.67E+02,1.12E+02
2345,-131.234,-106.081,1.08E+00,8.97E+01,3.12E+02,2.87E+01
2346,-131.231,-99.6749,1.16E+00,9.03E+01,3.09E+02,3.07E+01
2347,-143.743,-131.231,1.32E-01,4.90E+01,2.69E+02,5.02E+01
2348,-137.476,-131.217,3.52E-01,7.18E+01,2.71E+02,5.37E+01
2349,-131.21,-131.21,5.57E-01,8.77E+01,2.75E+02,5.69E+01
2350,-137.479,-124.962,4.55E-01,7.04E+01,2.91E+02,4.36E+01
2351,-137.484,-118.69,5.36E-01,6.73E+01,3.02E+02,3.50E+01
2352,-143.747,-124.98,1.69E-01,5.73E+01,2.81E+02,5.91E+01
2353,-143.749,-118.716,1.98E-01,6.29E+01,2.85E+02,6.94E+01
2354,-131.21,-124.951,7.26E-01,9.10E+01,2.89E+02,4.92E+01
2355,-131.216,-118.682,8.66E-01,9.07E+01,3.02E+02,3.98E+01
2356,-137.483,-143.738,8.65E-02,3.73E+01,2.48E+02,4.06E+01
2357,-137.475,-137.475,2.24E-01,6.31E+01,2.52E+02,5.46E+01
2358,-143.737,-143.737,2.99E-02,2.25E+01,2.29E+02,2.90E+01
2359,-143.738,-137.483,8.35E-02,3.81E+01,2.49E+02,4.14E+01
2360,-131.231,-143.743,1.38E-01,4.72E+01,2.67E+02,4.74E+01
2361,-131.217,-137.476,3.54E-01,7.11E+01,2.70E+02,5.39E+01
2362,131.25,150,0.00E+00,3.87E+01,2.56E+02,5.27E+01
2363,137.5,150,0.00E+00,2.03E+01,2.42E+02,3.12E+01
2364,143.75,150,0.00E+00,1.22E+01,2.11E+02,2.00E+01
2365,150,150,0.00E+00,1.05E+01,1.88E+02,1.55E+01
2366,150,143.75,0.00E+00,1.21E+01,2.10E+02,2.03E+01
2367,150,137.5,0.00E+00,1.92E+01,2.40E+02,2.93E+01
2368,150,131.25,0.00E+00,3.63E+01,2.53E+02,4.66E+01
2369,150,125,0.00E+00,5.72E+01,2.58E+02,7.40E+01
2370,150,118.75,0.00E+00,7.25E+01,2.57E+02,1.01E+02
2371,150,112.5,0.00E+00,8.22E+01,2.53E+02,1.25E+02
2372,150,106.25,0.00E+00,8.81E+01,2.45E+02,1.46E+02
2373,150,100,0.00E+00,9.12E+01,2.35E+02,1.64E+02
2374,150,93.3333,0.00E+00,9.27E+01,2.23E+02,1.81E+02
2375,150,86.6667,0.00E+00,9.31E+01,2.10E+02,1.97E+02
2376,150,80,0.00E+00,9.23E+01,1.97E+02,2.11E+02
2377,150,73.3333,0.00E+00,9.07E+01,1.84E+02,2.24E+02
2378,150,66.6667,0.00E+00,8.86E+01,1.72E+02,2.36E+02
2379,150,60,0.00E+00,8.60E+01,1.60E+02,2.47E+02
2380,150,53.3333,0.00E+00,8.29E+01,1.49E+02,2.58E+02
2381,150,46.6667,0.00E+00,7.94E+01,1.38E+02,2.68E+02
2382,150,40,0.00E+00,7.55E+01,1.28E+02,2.78E+02
2383,150,33.3333,0.00E+00,7.11E+01,1.18E+02,2.87E+02
2384,150,26.6667,0.00E+00,6.63E+01,1.10E+02,2.96E+02
2385,150,20,0.00E+00,6.11E+01,1.01E+02,3.05E+02
2386,150,13.3333,0.00E+00,5.55E+01,9.29E+01,3.13E+02
2387,150,6.66667,0.00E+00,4.95E+01,8.52E+01,3.22E+02
2388,150,5.33E-14,0.00E+00,4.30E+01,7.79E+01,3.29E+02
2389,150,-6.66667,0.00E+00,3.60E+01,7.08E+01,3.37E+02
2390,150,-13.3333,0.00E+00,2.85E+01,6.41E+01,3.44E+02
2391,150,-20,0.00E+00,2.06E+01,5.76E+01,3.52E+02
2392,150,-26.6667,0.00E+00,1.27E+01,5.14E+01,3.59E+02
2393,150,-33.3333,0.00E+00,8.19E+00,4.55E+01,3.66E+02
2394,150,-40,0.00E+00,1.16E+01,3.98E+01,3.73E+02
2395,150,-46.6667,0.00E+00,2.12E+01,3.45E+01,3.80E+02
2396,150,-53.3333,0.00E+00,3.25E+01,2.96E+01,3.88E+02
2397,150,-60,0.00E+00,4.49E+01,2.51E+01,3.95E+02
2398,150,-66.6667,0.00E+00,5.82E+01,2.14E+01,4.02E+02
2399,150,-73.3333,0.00E+00,7.24E+01,1.86E+01,4.09E+02
2400,150,-80,0.00E+00,8.72E+01,1.72E+01,4.16E+02
2401,150,-86.6667,0.00E+00,1.03E+02,1.73E+01,4.22E+02
2402,150,-93.3333,0.00E+00,1.18E+02,1.88E+01,4.28E+02
2403,150,-100,0.00E+00,1.32E+02,2.12E+01,4.31E+02
2404,150,-106.25,0.00E+00,1.46E+02,2.38E+01,4.32E+02
2405,150,-112.5,0.00E+00,1.57E+02,2.63E+01,4.29E+02
2406,150,-118.75,0.00E+00,1.66E+02,2.80E+01,4.22E+02
2407,150,-125,0.00E+00,1.72E+02,2.82E+01,4.08E+02
2408,150,-131.25,0.00E+00,1.72E+02,2.56E+01,3.85E+02
2409,150,-137.5,0.00E+00,1.67E+02,1.97E+01,3.51E+02
2410,150,-143.75,0.00E+00,1.47E+02,1.35E+01,2.92E+02
2411,150,-150,0.00E+00,1.31E+02,1.10E+01,2.53E+02
2412,143.75,-150,0.00E+00,1.47E+02,1.35E+01,2.92E+02
2413,137.5,-150,0.00E+00,1.68E+02,1.98E+01,3.53E+02
2414,131.25,-150,0.00E+00,1.74E+02,2.59E+01,3.89E+02
2415,143.778,0.00201128,3.41E-01,7.21E+01,1.09E+02,2.64E+02
2416,137.54,-0.000217904,9.53E-01,1.22E+02,1.46E+02,1.82E+02
2417,131.3,-0.000210438,1.63E+00,1.50E+02,1.56E+02,1.63E+02
2418,143.766,79.9863,2.94E-01,6.94E+01,2.25E+02,1.50E+02
2419,137.514,79.9691,8.03E-01,6.68E+01,2.60E+02,7.30E+01
2420,131.256,79.9538,1.35E+00,9.49E+01,2.72E+02,5.45E+01
2421,143.751,118.73,2.03E-01,5.94E+01,2.72E+02,6.51E+01
2422,137.486,118.712,5.35E-01,6.46E+01,2.89E+02,3.39E+01
2423,131.217,118.698,8.60E-01,8.95E+01,2.91E+02,3.84E+01
2424,143.739,137.484,8.44E-02,3.61E+01,2.36E+02,3.98E+01
2425,137.476,137.476,2.21E-01,6.13E+01,2.41E+02,5.40E+01
2426,131.219,137.477,3.47E-01,7.00E+01,2.61E+02,5.32E+01
2427,137.484,143.739,8.15E-02,3.68E+01,2.38E+02,4.06E+01
2428,143.737,143.738,2.88E-02,2.15E+01,2.18E+02,2.81E+01
2429,131.232,143.744,1.30E-01,4.78E+01,2.59E+02,4.98E+01
2430,137.481,124.964,4.54E-01,6.77E+01,2.78E+02,4.28E+01
2431,137.477,131.219,3.50E-01,6.94E+01,2.60E+02,5.33E+01
2432,143.748,124.981,1.74E-01,5.41E+01,2.68E+02,5.49E+01
2433,143.744,131.232,1.35E-01,4.60E+01,2.56E+02,4.70E+01
2434,131.213,124.954,7.21E-01,8.96E+01,2.79E+02,4.82E+01
2435,131.213,131.213,5.51E-01,8.62E+01,2.66E+02,5.63E+01
2436,143.759,99.7756,2.60E-01,6.67E+01,2.59E+02,1.09E+02
2437,137.5,99.7559,7.00E-01,6.17E+01,2.88E+02,4.24E+01
2438,131.235,99.7389,1.15E+00,8.93E+01,2.98E+02,2.99E+01
2439,137.495,106.126,6.54E-01,6.15E+01,2.93E+02,3.48E+01
2440,137.49,112.461,6.00E-01,6.24E+01,2.94E+02,3.13E+01
2441,143.75,106.16,2.45E-01,6.52E+01,2.67E+02,9.38E+01
2442,143.754,112.48,2.26E-01,6.29E+01,2.72E+02,7.86E+01
2443,131.235,106.124,1.07E+00,8.87E+01,3.00E+02,2.76E+01
2444,131.222,112.445,9.74E-01,8.88E+01,2.98E+02,3.07E+01
2445,137.509,86.6331,7.73E-01,6.45E+01,2.71E+02,6.25E+01
2446,137.505,93.2125,7.39E-01,6.28E+01,2.81E+02,5.21E+01
2447,143.764,86.6515,2.84E-01,6.88E+01,2.37E+02,1.37E+02
2448,143.769,93.2458,2.73E-01,6.78E+01,2.49E+02,1.23E+02
2449,131.249,86.6169,1.29E+00,9.24E+01,2.83E+02,4.51E+01
2450,131.235,93.2097,1.23E+00,9.06E+01,2.92E+02,3.65E+01
2451,143.775,39.9947,3.30E-01,7.17E+01,1.58E+02,2.13E+02
2452,137.534,39.9853,9.17E-01,8.92E+01,1.95E+02,1.30E+02
2453,131.289,39.978,1.56E+00,1.18E+02,2.06E+02,1.10E+02
2454,143.771,59.9906,3.15E-01,7.08E+01,1.90E+02,1.83E+02
2455,137.525,59.9773,8.72E-01,7.64E+01,2.26E+02,1.03E+02
2456,131.275,59.9659,1.47E+00,1.05E+02,2.38E+02,8.29E+01
2457,137.522,66.6412,8.52E-01,7.28E+01,2.37E+02,9.31E+01
2458,137.518,73.3051,8.29E-01,6.96E+01,2.49E+02,8.32E+01
2459,143.77,66.6559,3.09E-01,7.04E+01,2.01E+02,1.73E+02
2460,143.768,73.3211,3.02E-01,6.99E+01,2.13E+02,1.62E+02
2461,131.269,66.6285,1.44E+00,1.01E+02,2.49E+02,7.35E+01
2462,131.263,73.291,1.39E+00,9.77E+01,2.61E+02,6.40E+01
2463,137.531,46.6494,9.04E-01,8.46E+01,2.05E+02,1.21E+02
2464,137.528,53.3134,8.89E-01,8.03E+01,2.15E+02,1.12E+02
2465,143.774,46.6601,3.26E-01,7.14E+01,1.68E+02,2.03E+02
2466,143.773,53.3254,3.21E-01,7.11E+01,1.79E+02,1.94E+02
2467,131.285,46.6407,1.54E+00,1.13E+02,2.16E+02,1.01E+02
2468,131.28,53.3033,1.51E+00,1.09E+02,2.27E+02,9.22E+01
2469,143.777,19.9985,3.38E-01,7.21E+01,1.32E+02,2.39E+02
2470,137.538,19.9927,9.44E-01,1.05E+02,1.69E+02,1.56E+02
2471,131.297,19.9892,1.61E+00,1.33E+02,1.79E+02,1.37E+02
2472,137.537,26.657,9.37E-01,9.92E+01,1.77E+02,1.48E+02
2473,137.536,33.3212,9.28E-01,9.41E+01,1.86E+02,1.39E+02
2474,143.776,26.6639,3.36E-01,7.21E+01,1.40E+02,2.31E+02
2475,143.776,33.3293,3.33E-01,7.19E+01,1.49E+02,2.22E+02
2476,131.295,26.6522,1.60E+00,1.28E+02,1.88E+02,1.28E+02
2477,131.292,33.3151,1.58E+00,1.23E+02,1.97E+02,1.19E+02
2478,137.54,6.66412,9.52E-01,1.16E+02,1.53E+02,1.73E+02
2479,137.539,13.3285,9.49E-01,1.10E+02,1.61E+02,1.65E+02
2480,143.778,6.6675,3.41E-01,7.22E+01,1.16E+02,2.56E+02
2481,143.777,13.333,3.40E-01,7.22E+01,1.24E+02,2.48E+02
2482,131.3,6.66296,1.63E+00,1.44E+02,1.64E+02,1.55E+02
2483,131.299,13.3261,1.62E+00,1.39E+02,1.71E+02,1.46E+02
2484,143.769,-73.3176,3.05E-01,1.38E+02,4.54E+01,3.53E+02
2485,137.519,-73.306,8.37E-01,2.22E+02,7.80E+01,2.85E+02
2486,131.265,-73.2921,1.41E+00,2.48E+02,8.78E+01,2.75E+02
2487,143.776,-33.3254,3.34E-01,7.37E+01,7.62E+01,3.03E+02
2488,137.536,-33.3217,9.30E-01,1.60E+02,1.13E+02,2.25E+02
2489,131.293,-33.3157,1.58E+00,1.87E+02,1.23E+02,2.10E+02
2490,143.778,-13.3289,3.40E-01,7.17E+01,9.52E+01,2.80E+02
2491,137.54,-13.3289,9.50E-01,1.36E+02,1.32E+02,1.99E+02
2492,131.299,-13.3265,1.62E+00,1.64E+02,1.42E+02,1.81E+02
2493,137.54,-6.66453,9.52E-01,1.29E+02,1.39E+02,1.90E+02
2494,143.778,-6.66347,3.41E-01,7.19E+01,1.02E+02,2.72E+02
2495,131.3,-6.66336,1.63E+00,1.57E+02,1.49E+02,1.72E+02
2496,137.537,-26.6574,9.39E-01,1.51E+02,1.19E+02,2.16E+02
2497,137.539,-19.9932,9.45E-01,1.44E+02,1.26E+02,2.07E+02
2498,143.777,-26.6599,3.37E-01,7.16E+01,8.23E+01,2.95E+02
2499,143.777,-19.9945,3.39E-01,7.16E+01,8.86E+01,2.87E+02
2500,131.296,-26.6526,1.60E+00,1.79E+02,1.29E+02,2.00E+02
2501,131.298,-19.9896,1.61E+00,1.71E+02,1.36E+02,1.91E+02
2502,143.773,-53.3216,3.23E-01,1.00E+02,5.93E+01,3.27E+02
2503,137.529,-53.314,8.93E-01,1.89E+02,9.47E+01,2.54E+02
2504,131.281,-53.3041,1.51E+00,2.16E+02,1.05E+02,2.41E+02
2505,137.532,-46.6499,9.08E-01,1.78E+02,1.01E+02,2.44E+02
2506,137.534,-39.9859,9.20E-01,1.69E+02,1.07E+02,2.35E+02
2507,143.774,-46.6562,3.27E-01,8.96E+01,6.46E+01,3.19E+02
2508,143.775,-39.9908,3.31E-01,7.99E+01,7.03E+01,3.11E+02
2509,131.286,-46.6413,1.54E+00,2.05E+02,1.11E+02,2.30E+02
2510,131.29,-39.9786,1.56E+00,1.96E+02,1.17E+02,2.20E+02
2511,137.523,-66.642,8.58E-01,2.10E+02,8.34E+01,2.74E+02
2512,137.526,-59.9781,8.77E-01,1.99E+02,8.90E+01,2.64E+02
2513,143.771,-66.6522,3.12E-01,1.25E+02,4.95E+01,3.44E+02
2514,143.772,-59.987,3.18E-01,1.12E+02,5.42E+01,3.36E+02
2515,131.271,-66.6293,1.45E+00,2.37E+02,9.33E+01,2.64E+02
2516,131.276,-59.9668,1.48E+00,2.26E+02,9.89E+01,2.52E+02
2517,143.752,-112.447,2.39E-01,2.07E+02,3.53E+01,3.82E+02
2518,137.494,-112.41,6.34E-01,2.68E+02,5.06E+01,3.25E+02
2519,131.231,-112.416,1.02E+00,2.81E+02,6.13E+01,3.13E+02
2520,143.774,-93.2174,2.77E-01,1.78E+02,3.79E+01,3.76E+02
2521,137.507,-93.1732,7.54E-01,2.54E+02,6.27E+01,3.14E+02
2522,131.234,-93.1856,1.25E+00,2.77E+02,7.28E+01,3.05E+02
2523,137.511,-86.5939,7.85E-01,2.44E+02,6.76E+01,3.05E+02
2524,137.515,-79.97,8.13E-01,2.33E+02,7.27E+01,2.95E+02
2525,143.769,-86.6215,2.88E-01,1.64E+02,3.96E+01,3.69E+02
2526,143.767,-79.9829,2.97E-01,1.51E+02,4.21E+01,3.61E+02
2527,131.248,-86.5914,1.31E+00,2.69E+02,7.76E+01,2.96E+02
2528,131.258,-79.9549,1.36E+00,2.59E+02,8.26E+01,2.86E+02
2529,137.498,-106.064,6.80E-01,2.67E+02,5.42E+01,3.24E+02
2530,137.502,-99.6608,7.19E-01,2.62E+02,5.82E+01,3.20E+02
2531,143.75,-106.118,2.54E-01,1.99E+02,3.61E+01,3.83E+02
2532,143.762,-99.7119,2.66E-01,1.89E+02,3.68E+01,3.81E+02
2533,131.241,-106.086,1.11E+00,2.84E+02,6.45E+01,3.14E+02
2534,131.237,-99.6793,1.18E+00,2.82E+02,6.84E+01,3.11E+02
2535,143.749,-131.23,1.70E-01,2.00E+02,3.31E+01,3.47E+02
2536,137.482,-131.22,4.21E-01,2.32E+02,4.57E+01,2.98E+02
2537,131.215,-131.215,6.29E-01,2.43E+02,5.28E+01,2.90E+02
2538,137.486,-124.965,5.11E-01,2.51E+02,4.63E+01,3.11E+02
2539,137.49,-118.692,5.79E-01,2.63E+02,4.78E+01,3.20E+02
2540,143.752,-124.978,1.99E-01,2.09E+02,3.41E+01,3.65E+02
2541,143.753,-118.715,2.21E-01,2.10E+02,3.47E+01,3.77E+02
2542,131.217,-124.955,7.92E-01,2.57E+02,5.62E+01,2.98E+02
2543,131.223,-118.687,9.19E-01,2.72E+02,5.86E+01,3.07E+02
2544,137.483,-143.746,1.23E-01,1.85E+02,3.09E+01,3.20E+02
2545,137.479,-137.479,2.96E-01,2.11E+02,4.37E+01,2.89E+02
2546,143.74,-143.741,5.75E-02,1.60E+02,2.13E+01,2.98E+02
2547,143.745,-137.483,1.28E-01,1.83E+02,3.08E+01,3.20E+02
2548,131.23,-143.75,1.63E-01,2.03E+02,3.30E+01,3.48E+02
2549,131.22,-137.482,4.18E-01,2.35E+02,4.54E+01,2.97E+02
