NodeID,Y,Z,Displacement,Stress_L1,Stress_L2,Stress_L4
2,99.9913,-99.9907,6.82E-01,3.66E+01,4.40E+01,3.05E+01
3,99.9939,-93.3208,8.04E-01,4.18E+01,3.73E+01,3.92E+01
4,99.9961,-86.6528,9.06E-01,3.99E+01,3.71E+01,3.64E+01
5,99.9988,-79.9856,9.94E-01,3.92E+01,3.68E+01,3.55E+01
6,100.002,-73.3191,1.07E+00,3.83E+01,3.64E+01,3.48E+01
7,100.005,-66.6533,1.14E+00,3.72E+01,3.58E+01,3.46E+01
8,100.008,-59.9879,1.21E+00,3.60E+01,3.50E+01,3.44E+01
9,100.012,-53.3226,1.26E+00,3.49E+01,3.43E+01,3.42E+01
10,100.015,-46.6576,1.31E+00,3.39E+01,3.37E+01,3.39E+01
11,100.018,-39.9925,1.36E+00,3.30E+01,3.31E+01,3.36E+01
12,100.02,-33.3274,1.39E+00,3.25E+01,3.27E+01,3.33E+01
13,100.022,-26.6624,1.43E+00,3.21E+01,3.23E+01,3.30E+01
14,100.024,-19.9971,1.45E+00,3.20E+01,3.21E+01,3.26E+01
15,100.025,-13.3319,1.47E+00,3.20E+01,3.20E+01,3.22E+01
16,100.026,-6.66662,1.48E+00,3.22E+01,3.20E+01,3.19E+01
17,100.025,-0.00132948,1.49E+00,3.26E+01,3.21E+01,3.15E+01
18,100.025,6.66395,1.48E+00,3.31E+01,3.23E+01,3.12E+01
19,100.024,13.3292,1.48E+00,3.37E+01,3.27E+01,3.08E+01
20,100.022,19.9944,1.46E+00,3.45E+01,3.31E+01,3.06E+01
21,100.02,26.6596,1.44E+00,3.54E+01,3.37E+01,3.04E+01
22,100.017,33.3247,1.41E+00,3.64E+01,3.45E+01,3.03E+01
23,100.014,39.9897,1.37E+00,3.75E+01,3.54E+01,3.04E+01
24,100.011,46.6549,1.33E+00,3.87E+01,3.64E+01,3.07E+01
25,100.007,53.32,1.28E+00,3.99E+01,3.74E+01,3.14E+01
26,100.003,59.9853,1.22E+00,4.10E+01,3.85E+01,3.25E+01
27,99.9988,66.6509,1.15E+00,4.19E+01,3.93E+01,3.40E+01
28,99.9948,73.3168,1.08E+00,4.24E+01,3.99E+01,3.56E+01
29,99.9912,79.9833,9.92E-01,4.21E+01,3.98E+01,3.69E+01
30,99.9883,86.6503,8.98E-01,4.09E+01,3.90E+01,3.75E+01
31,99.9864,93.3179,7.96E-01,3.85E+01,3.75E+01,3.70E+01
32,99.9862,99.9861,6.91E-01,4.71E+01,2.52E+01,5.16E+01
33,93.3178,99.9861,7.96E-01,3.88E+01,3.77E+01,3.72E+01
34,86.6502,99.9879,8.97E-01,4.12E+01,3.94E+01,3.77E+01
35,79.983,99.9907,9.92E-01,4.23E+01,4.02E+01,3.71E+01
36,73.3165,99.9942,1.08E+00,4.26E+01,4.03E+01,3.58E+01
37,66.6506,99.9981,1.15E+00,4.22E+01,3.98E+01,3.43E+01
38,59.985,100.002,1.22E+00,4.13E+01,3.90E+01,3.29E+01
39,53.3197,100.006,1.28E+00,4.02E+01,3.80E+01,3.17E+01
40,46.6546,100.01,1.33E+00,3.89E+01,3.69E+01,3.10E+01
41,39.9895,100.014,1.37E+00,3.77E+01,3.59E+01,3.06E+01
42,33.3244,100.017,1.41E+00,3.65E+01,3.49E+01,3.05E+01
43,26.6593,100.019,1.44E+00,3.54E+01,3.41E+01,3.06E+01
44,19.9942,100.022,1.46E+00,3.45E+01,3.35E+01,3.08E+01
45,13.329,100.024,1.47E+00,3.36E+01,3.29E+01,3.10E+01
46,6.66376,100.025,1.48E+00,3.30E+01,3.25E+01,3.13E+01
47,-0.00151506,100.025,1.49E+00,3.24E+01,3.23E+01,3.16E+01
48,-6.66681,100.026,1.48E+00,3.20E+01,3.21E+01,3.19E+01
49,-13.3321,100.025,1.47E+00,3.18E+01,3.21E+01,3.23E+01
50,-19.9973,100.024,1.45E+00,3.18E+01,3.22E+01,3.26E+01
51,-26.6626,100.023,1.43E+00,3.19E+01,3.24E+01,3.29E+01
52,-33.3277,100.021,1.39E+00,3.23E+01,3.27E+01,3.32E+01
53,-39.9928,100.018,1.36E+00,3.29E+01,3.31E+01,3.35E+01
54,-46.6578,100.015,1.31E+00,3.37E+01,3.37E+01,3.38E+01
55,-53.3228,100.012,1.26E+00,3.47E+01,3.43E+01,3.41E+01
56,-59.988,100.009,1.20E+00,3.58E+01,3.50E+01,3.43E+01
57,-66.6535,100.005,1.14E+00,3.70E+01,3.57E+01,3.45E+01
58,-73.3192,100.002,1.07E+00,3.81E+01,3.63E+01,3.49E+01
59,-79.9856,99.9988,9.93E-01,3.89E+01,3.69E+01,3.55E+01
60,-86.6526,99.9962,9.07E-01,3.91E+01,3.71E+01,3.63E+01
61,-93.3202,99.9941,8.13E-01,3.81E+01,3.68E+01,3.82E+01
62,-99.9884,99.9923,7.13E-01,4.24E+01,2.77E+01,5.23E+01
63,-99.9916,93.3216,8.47E-01,5.04E+01,1.97E+01,6.67E+01
64,-99.9942,86.653,9.54E-01,5.07E+01,1.91E+01,6.72E+01
65,-99.9974,79.9856,1.04E+00,5.03E+01,1.96E+01,6.67E+01
66,-100.001,73.319,1.12E+00,4.91E+01,2.02E+01,6.51E+01
67,-100.004,66.653,1.19E+00,4.71E+01,2.10E+01,6.27E+01
68,-100.008,59.9875,1.25E+00,4.48E+01,2.19E+01,5.98E+01
69,-100.012,53.3223,1.30E+00,4.24E+01,2.29E+01,5.68E+01
70,-100.015,46.6572,1.35E+00,4.01E+01,2.39E+01,5.36E+01
71,-100.018,39.9921,1.39E+00,3.80E+01,2.50E+01,5.03E+01
72,-100.021,33.3269,1.42E+00,3.62E+01,2.62E+01,4.70E+01
73,-100.023,26.6618,1.45E+00,3.47E+01,2.74E+01,4.36E+01
74,-100.024,19.9965,1.47E+00,3.36E+01,2.86E+01,4.02E+01
75,-100.025,13.3313,1.48E+00,3.27E+01,2.99E+01,3.67E+01
76,-100.026,6.66597,1.49E+00,3.21E+01,3.13E+01,3.33E+01
77,-100.026,0.000681659,1.48E+00,3.16E+01,3.28E+01,2.99E+01
78,-100.025,-6.66457,1.48E+00,3.11E+01,3.44E+01,2.65E+01
79,-100.024,-13.3297,1.46E+00,3.08E+01,3.63E+01,2.32E+01
80,-100.022,-19.9949,1.44E+00,3.05E+01,3.83E+01,2.00E+01
81,-100.02,-26.66,1.41E+00,3.03E+01,4.05E+01,1.68E+01
82,-100.017,-33.325,1.38E+00,3.02E+01,4.30E+01,1.37E+01
83,-100.014,-39.99,1.33E+00,3.00E+01,4.58E+01,1.09E+01
84,-100.011,-46.655,1.29E+00,2.99E+01,4.87E+01,8.59E+00
85,-100.007,-53.32,1.23E+00,2.98E+01,5.17E+01,7.16E+00
86,-100.003,-59.9852,1.17E+00,2.96E+01,5.48E+01,7.05E+00
87,-99.9991,-66.6506,1.10E+00,2.93E+01,5.76E+01,8.15E+00
88,-99.9955,-73.3164,1.03E+00,2.89E+01,5.99E+01,9.86E+00
89,-99.9923,-79.9829,9.40E-01,2.80E+01,6.16E+01,1.15E+01
90,-99.9898,-86.65,8.46E-01,2.64E+01,6.20E+01,1.24E+01
91,-99.9882,-93.3175,7.45E-01,2.28E+01,6.13E+01,1.12E+01
92,-99.9882,-99.9858,6.43E-01,3.07E+01,4.89E+01,2.40E+01
93,-93.3191,-99.9865,7.71E-01,4.27E+01,3.94E+01,3.72E+01
94,-86.6509,-99.9887,8.83E-01,4.39E+01,4.03E+01,3.75E+01
95,-79.9836,-99.9918,9.81E-01,4.43E+01,4.05E+01,3.65E+01
96,-73.317,-99.9955,1.07E+00,4.40E+01,4.02E+01,3.49E+01
97,-66.6511,-99.9994,1.14E+00,4.31E+01,3.95E+01,3.30E+01
98,-59.9856,-100.003,1.21E+00,4.20E+01,3.85E+01,3.13E+01
99,-53.3203,-100.007,1.27E+00,4.07E+01,3.73E+01,3.02E+01
100,-46.6552,-100.011,1.32E+00,3.93E+01,3.62E+01,2.95E+01
101,-39.9901,-100.015,1.36E+00,3.80E+01,3.52E+01,2.93E+01
102,-33.3251,-100.018,1.40E+00,3.68E+01,3.43E+01,2.93E+01
103,-26.66,-100.02,1.43E+00,3.57E+01,3.35E+01,2.95E+01
104,-19.9949,-100.022,1.46E+00,3.48E+01,3.29E+01,2.98E+01
105,-13.3296,-100.024,1.47E+00,3.40E+01,3.24E+01,3.02E+01
106,-6.66441,-100.025,1.49E+00,3.33E+01,3.21E+01,3.06E+01
107,0.000883189,-100.026,1.49E+00,3.28E+01,3.18E+01,3.10E+01
108,6.66619,-100.026,1.49E+00,3.24E+01,3.17E+01,3.14E+01
109,13.3315,-100.025,1.48E+00,3.22E+01,3.18E+01,3.19E+01
110,19.9967,-100.024,1.46E+00,3.21E+01,3.19E+01,3.24E+01
111,26.6619,-100.023,1.44E+00,3.22E+01,3.21E+01,3.29E+01
112,33.327,-100.02,1.41E+00,3.25E+01,3.24E+01,3.34E+01
113,39.9921,-100.018,1.37E+00,3.30E+01,3.29E+01,3.38E+01
114,46.6572,-100.015,1.33E+00,3.37E+01,3.35E+01,3.42E+01
115,53.3222,-100.012,1.28E+00,3.47E+01,3.42E+01,3.45E+01
116,59.9875,-100.008,1.22E+00,3.58E+01,3.49E+01,3.48E+01
117,66.653,-100.005,1.16E+00,3.70E+01,3.56E+01,3.50E+01
118,73.3189,-100.001,1.09E+00,3.80E+01,3.62E+01,3.52E+01
119,79.9854,-99.9983,1.01E+00,3.89E+01,3.65E+01,3.58E+01
120,86.6528,-99.9955,9.20E-01,3.95E+01,3.67E+01,3.67E+01
121,93.3211,-99.9932,8.13E-01,4.17E+01,3.68E+01,3.93E+01
122,-93.361,0.000816553,1.84E+00,3.43E+01,3.45E+01,2.97E+01
123,-86.696,0.000951195,2.20E+00,3.68E+01,3.62E+01,2.99E+01
124,-80.0305,0.0010838,2.56E+00,3.93E+01,3.79E+01,3.03E+01
125,-73.3648,0.00121182,2.93E+00,4.20E+01,3.97E+01,3.06E+01
126,-66.6991,0.00132443,3.31E+00,4.51E+01,4.17E+01,3.09E+01
127,-60.0331,0.00141145,3.70E+00,4.89E+01,4.41E+01,3.09E+01
128,-53.3672,0.00144347,4.11E+00,5.36E+01,4.69E+01,3.08E+01
129,-46.7016,0.00139154,4.53E+00,5.97E+01,5.06E+01,3.06E+01
130,-40.0363,0.00117062,4.97E+00,6.81E+01,5.57E+01,3.03E+01
131,-33.3716,0.000680947,5.44E+00,8.03E+01,6.31E+01,3.03E+01
132,-26.7081,-0.000368698,5.94E+00,9.91E+01,7.48E+01,3.18E+01
133,-20.0464,-0.00239261,6.48E+00,1.31E+02,9.55E+01,3.81E+01
134,-13.3885,-0.0067078,7.09E+00,2.01E+02,1.42E+02,5.08E+01
135,-6.72309,-0.0115484,7.74E+00,3.42E+02,2.34E+02,7.59E+01
136,0.00064839,-0.000829732,8.12E+00,4.32E+02,2.94E+02,9.21E+01
137,6.72305,0.0102794,7.73E+00,3.42E+02,2.34E+02,7.65E+01
138,13.3872,0.00579634,7.07E+00,2.03E+02,1.42E+02,5.38E+01
139,20.0448,0.00157884,6.46E+00,1.33E+02,9.61E+01,4.01E+01
140,26.7065,-0.00041291,5.92E+00,1.01E+02,7.55E+01,3.32E+01
141,33.3702,-0.00144129,5.42E+00,8.15E+01,6.36E+01,3.15E+01
142,40.0351,-0.00191319,4.96E+00,6.91E+01,5.61E+01,3.14E+01
143,46.7005,-0.00211549,4.52E+00,6.05E+01,5.09E+01,3.15E+01
144,53.3663,-0.00214542,4.10E+00,5.43E+01,4.71E+01,3.16E+01
145,60.0323,-0.00208807,3.70E+00,4.95E+01,4.41E+01,3.15E+01
146,66.6983,-0.00197197,3.31E+00,4.58E+01,4.18E+01,3.12E+01
147,73.3642,-0.00182864,2.93E+00,4.27E+01,3.97E+01,3.08E+01
148,80.03,-0.0016722,2.56E+00,4.01E+01,3.79E+01,3.03E+01
149,86.6955,-0.00152088,2.20E+00,3.77E+01,3.61E+01,2.97E+01
150,93.3607,-0.00139062,1.84E+00,3.53E+01,3.42E+01,2.93E+01
151,0.00997955,6.72036,7.72E+00,3.44E+02,2.37E+02,7.59E+01
152,0.00465042,13.386,7.07E+00,2.02E+02,1.46E+02,5.18E+01
153,0.000548236,20.0446,6.47E+00,1.30E+02,9.80E+01,4.00E+01
154,-0.00149954,26.7065,5.93E+00,9.76E+01,7.64E+01,3.42E+01
155,-0.00251676,33.3702,5.43E+00,7.93E+01,6.41E+01,3.25E+01
156,-0.00293698,40.0351,4.96E+00,6.75E+01,5.64E+01,3.22E+01
157,-0.0030713,46.7006,4.52E+00,5.93E+01,5.11E+01,3.21E+01
158,-0.00302238,53.3663,4.10E+00,5.34E+01,4.73E+01,3.20E+01
159,-0.00288031,60.0323,3.70E+00,4.88E+01,4.44E+01,3.18E+01
160,-0.00267397,66.6984,3.31E+00,4.52E+01,4.20E+01,3.15E+01
161,-0.00243649,73.3643,2.93E+00,4.22E+01,4.00E+01,3.10E+01
162,-0.00218109,80.0301,2.56E+00,3.96E+01,3.82E+01,3.04E+01
163,-0.00192702,86.6956,2.20E+00,3.72E+01,3.64E+01,2.98E+01
164,-0.00168954,93.3608,1.84E+00,3.48E+01,3.46E+01,2.94E+01
165,-53.3679,6.66595,4.11E+00,5.20E+01,4.57E+01,3.97E+01
166,-53.365,13.3306,4.08E+00,5.07E+01,4.49E+01,5.03E+01
167,-53.3588,19.9949,3.99E+00,5.11E+01,4.38E+01,6.18E+01
168,-53.3505,26.6586,3.87E+00,5.43E+01,4.20E+01,7.30E+01
169,-53.3412,33.3222,3.72E+00,6.00E+01,3.98E+01,8.31E+01
170,-53.3324,39.9865,3.54E+00,6.63E+01,3.76E+01,9.10E+01
171,-53.3252,46.6523,3.34E+00,7.04E+01,3.55E+01,9.51E+01
172,-53.3205,53.3202,3.12E+00,7.04E+01,3.38E+01,9.40E+01
173,-53.3181,59.99,2.89E+00,6.67E+01,3.24E+01,8.88E+01
174,-53.3175,66.6609,2.65E+00,6.14E+01,3.11E+01,8.16E+01
175,-53.3178,73.332,2.39E+00,5.62E+01,2.97E+01,7.44E+01
176,-53.3187,80.003,2.12E+00,5.21E+01,2.83E+01,6.79E+01
177,-53.32,86.6734,1.85E+00,4.92E+01,2.67E+01,6.22E+01
178,-53.3214,93.343,1.56E+00,4.74E+01,2.50E+01,5.73E+01
179,-59.9959,46.6512,3.08E+00,6.36E+01,3.41E+01,8.61E+01
180,-66.667,46.6513,2.81E+00,5.71E+01,3.27E+01,7.74E+01
181,-73.3378,46.652,2.53E+00,5.17E+01,3.11E+01,7.00E+01
182,-80.0081,46.6531,2.24E+00,4.77E+01,2.95E+01,6.41E+01
183,-86.6779,46.6544,1.95E+00,4.47E+01,2.78E+01,5.96E+01
184,-93.3468,46.6557,1.65E+00,4.23E+01,2.59E+01,5.61E+01
185,-73.3443,39.9876,2.64E+00,4.78E+01,3.26E+01,6.47E+01
186,-73.3506,33.3235,2.74E+00,4.46E+01,3.40E+01,5.90E+01
187,-73.3562,26.6593,2.82E+00,4.24E+01,3.52E+01,5.33E+01
188,-73.3607,19.995,2.88E+00,4.14E+01,3.64E+01,4.74E+01
189,-73.3637,13.3304,2.92E+00,4.12E+01,3.74E+01,4.15E+01
190,-73.3651,6.66578,2.94E+00,4.16E+01,3.84E+01,3.59E+01
191,-66.6883,26.6589,3.16E+00,4.52E+01,3.74E+01,5.79E+01
192,-60.0197,26.6587,3.52E+00,4.89E+01,3.96E+01,6.42E+01
193,-66.6815,33.3228,3.06E+00,4.81E+01,3.59E+01,6.48E+01
194,-66.6742,39.9868,2.94E+00,5.23E+01,3.43E+01,7.15E+01
195,-60.0117,33.3224,3.39E+00,5.30E+01,3.79E+01,7.26E+01
196,-60.0035,39.9863,3.24E+00,5.84E+01,3.60E+01,8.03E+01
197,-66.6977,13.3303,3.29E+00,4.37E+01,3.95E+01,4.36E+01
198,-60.0314,13.3304,3.68E+00,4.68E+01,4.20E+01,4.64E+01
199,-66.6938,19.9948,3.24E+00,4.38E+01,3.85E+01,5.07E+01
200,-60.0265,19.9947,3.61E+00,4.69E+01,4.10E+01,5.53E+01
201,-66.6995,6.66579,3.32E+00,4.43E+01,4.05E+01,3.69E+01
202,-60.0336,6.66584,3.71E+00,4.77E+01,4.29E+01,3.82E+01
203,-93.3569,26.6611,1.79E+00,3.68E+01,2.93E+01,4.50E+01
204,-86.6906,26.6604,2.13E+00,3.85E+01,3.13E+01,4.70E+01
205,-80.0237,26.6599,2.47E+00,4.03E+01,3.32E+01,4.97E+01
206,-86.687,33.3251,2.08E+00,4.00E+01,3.01E+01,5.13E+01
207,-86.6827,39.9897,2.02E+00,4.21E+01,2.89E+01,5.55E+01
208,-93.3541,33.326,1.75E+00,3.82E+01,2.82E+01,4.87E+01
209,-93.3507,39.9909,1.70E+00,4.00E+01,2.70E+01,5.24E+01
210,-80.0191,33.3243,2.41E+00,4.20E+01,3.20E+01,5.47E+01
211,-80.0138,39.9886,2.33E+00,4.45E+01,3.08E+01,5.95E+01
212,-93.3605,13.331,1.83E+00,3.51E+01,3.18E+01,3.73E+01
213,-86.6953,13.3308,2.19E+00,3.71E+01,3.36E+01,3.83E+01
214,-80.0297,13.3306,2.55E+00,3.91E+01,3.54E+01,3.98E+01
215,-86.6935,19.9956,2.16E+00,3.76E+01,3.24E+01,4.27E+01
216,-93.3591,19.9961,1.81E+00,3.58E+01,3.05E+01,4.11E+01
217,-80.0273,19.9953,2.52E+00,3.94E+01,3.43E+01,4.47E+01
218,-86.6962,6.66584,2.20E+00,3.69E+01,3.48E+01,3.41E+01
219,-93.3611,6.6659,1.84E+00,3.46E+01,3.31E+01,3.35E+01
220,-80.0308,6.6658,2.56E+00,3.91E+01,3.66E+01,3.49E+01
221,-59.9836,73.3265,2.25E+00,5.94E+01,2.82E+01,7.77E+01
222,-66.6506,73.3221,2.09E+00,6.09E+01,2.68E+01,7.91E+01
223,-73.3189,73.3191,1.93E+00,6.02E+01,2.56E+01,7.81E+01
224,-79.9886,73.3175,1.75E+00,5.78E+01,2.44E+01,7.54E+01
225,-86.6591,73.3172,1.55E+00,5.47E+01,2.33E+01,7.18E+01
226,-93.3299,73.3178,1.34E+00,5.17E+01,2.19E+01,6.82E+01
227,-73.3217,66.6504,2.10E+00,6.05E+01,2.68E+01,7.92E+01
228,-73.326,59.983,2.26E+00,5.89E+01,2.82E+01,7.80E+01
229,-73.3315,53.317,2.40E+00,5.57E+01,2.97E+01,7.47E+01
230,-66.6555,59.9837,2.48E+00,6.34E+01,2.94E+01,8.37E+01
231,-59.986,59.9859,2.69E+00,6.65E+01,3.08E+01,8.78E+01
232,-66.6522,66.6522,2.30E+00,6.31E+01,2.81E+01,8.26E+01
233,-59.9841,66.6557,2.48E+00,6.36E+01,2.95E+01,8.36E+01
234,-66.6606,53.3168,2.65E+00,6.12E+01,3.10E+01,8.18E+01
235,-59.9899,53.3176,2.89E+00,6.67E+01,3.23E+01,8.89E+01
236,-93.3383,59.9859,1.52E+00,4.75E+01,2.38E+01,6.29E+01
237,-86.6679,59.9844,1.77E+00,5.06E+01,2.55E+01,6.71E+01
238,-79.9969,59.9834,2.02E+00,5.44E+01,2.69E+01,7.22E+01
239,-86.6632,66.6504,1.67E+00,5.30E+01,2.43E+01,7.00E+01
240,-93.334,66.6515,1.44E+00,4.99E+01,2.28E+01,6.59E+01
241,-79.9922,66.6499,1.89E+00,5.67E+01,2.56E+01,7.47E+01
242,-86.6729,53.3192,1.87E+00,4.76E+01,2.66E+01,6.35E+01
243,-93.3426,53.3207,1.59E+00,4.48E+01,2.48E+01,5.96E+01
244,-80.0024,53.3179,2.14E+00,5.12E+01,2.82E+01,6.85E+01
245,-73.3182,93.3309,1.31E+00,5.54E+01,2.20E+01,6.56E+01
246,-73.3175,86.6599,1.54E+00,5.67E+01,2.32E+01,7.07E+01
247,-73.3176,79.9891,1.74E+00,5.86E+01,2.44E+01,7.51E+01
248,-66.6509,86.6639,1.65E+00,5.51E+01,2.43E+01,6.88E+01
249,-59.9851,86.6685,1.75E+00,5.23E+01,2.55E+01,6.58E+01
250,-66.6521,93.3347,1.40E+00,5.31E+01,2.30E+01,6.33E+01
251,-59.9865,93.3388,1.49E+00,5.03E+01,2.40E+01,6.04E+01
252,-66.6504,79.9928,1.88E+00,5.78E+01,2.56E+01,7.42E+01
253,-59.9841,79.9976,2.01E+00,5.54E+01,2.69E+01,7.16E+01
254,-93.3235,86.6533,1.12E+00,5.28E+01,2.05E+01,6.93E+01
255,-86.6538,86.6544,1.27E+00,5.52E+01,2.13E+01,7.07E+01
256,-79.9851,86.6567,1.41E+00,5.68E+01,2.22E+01,7.13E+01
257,-86.6529,93.3248,1.10E+00,5.59E+01,2.06E+01,6.73E+01
258,-93.3215,93.3228,9.81E-01,5.30E+01,2.04E+01,6.77E+01
259,-79.9851,93.3275,1.21E+00,5.65E+01,2.12E+01,6.69E+01
260,-86.6559,79.9852,1.42E+00,5.52E+01,2.23E+01,7.21E+01
261,-93.3264,79.9849,1.24E+00,5.26E+01,2.12E+01,6.94E+01
262,-79.9862,79.9865,1.59E+00,5.75E+01,2.33E+01,7.42E+01
263,-6.66779,46.7015,4.53E+00,5.71E+01,4.99E+01,4.37E+01
264,-13.3326,46.6979,4.48E+00,5.55E+01,4.90E+01,5.76E+01
265,-19.997,46.6905,4.37E+00,5.67E+01,4.74E+01,7.22E+01
266,-26.6605,46.6806,4.22E+00,6.16E+01,4.50E+01,8.57E+01
267,-33.324,46.6704,4.04E+00,6.87E+01,4.21E+01,9.64E+01
268,-39.9888,46.6615,3.82E+00,7.43E+01,3.94E+01,1.02E+02
269,-46.656,46.6554,3.59E+00,7.49E+01,3.72E+01,1.02E+02
270,-26.6616,40.0099,4.58E+00,7.20E+01,4.78E+01,1.02E+02
271,-26.6642,33.3389,4.93E+00,8.42E+01,5.11E+01,1.22E+02
272,-26.6702,26.6691,5.27E+00,9.29E+01,5.58E+01,1.37E+02
273,-26.6822,20.0024,5.57E+00,9.29E+01,6.24E+01,1.34E+02
274,-26.6976,13.3367,5.81E+00,9.01E+01,6.93E+01,1.06E+02
275,-26.7085,6.66842,5.94E+00,9.36E+01,7.31E+01,6.41E+01
276,-20.004,26.6814,5.57E+00,9.18E+01,6.30E+01,1.34E+02
277,-13.3384,26.6968,5.80E+00,8.83E+01,7.04E+01,1.08E+02
278,-6.67015,26.7072,5.93E+00,9.16E+01,7.45E+01,6.75E+01
279,-13.3353,33.3643,5.35E+00,7.30E+01,6.06E+01,8.26E+01
280,-13.3336,40.0312,4.90E+00,6.27E+01,5.39E+01,6.72E+01
281,-20.0001,33.3519,5.17E+00,7.71E+01,5.63E+01,1.08E+02
282,-19.9981,40.0216,4.77E+00,6.51E+01,5.14E+01,8.66E+01
283,-6.6689,33.3713,5.44E+00,7.53E+01,6.26E+01,5.48E+01
284,-6.66822,40.0362,4.97E+00,6.45E+01,5.50E+01,4.78E+01
285,-13.3809,6.67895,7.04E+00,1.75E+02,1.38E+02,1.04E+02
286,-13.3585,13.3572,6.72E+00,1.36E+02,1.13E+02,1.55E+02
287,-13.3445,20.0281,6.27E+00,1.09E+02,8.68E+01,1.41E+02
288,-20.0291,13.3429,6.28E+00,1.11E+02,8.57E+01,1.40E+02
289,-20.0453,6.6713,6.48E+00,1.21E+02,9.41E+01,8.62E+01
290,-20.0128,20.0116,5.95E+00,1.04E+02,7.32E+01,1.53E+02
291,-6.68057,13.3792,7.03E+00,1.74E+02,1.41E+02,1.06E+02
292,-6.70145,6.69935,7.54E+00,2.76E+02,2.04E+02,7.90E+01
293,-6.67296,20.0438,6.47E+00,1.19E+02,9.61E+01,8.96E+01
294,-46.6807,26.659,4.23E+00,6.21E+01,4.46E+01,8.54E+01
295,-40.0101,26.6601,4.58E+00,7.27E+01,4.74E+01,1.02E+02
296,-33.3394,26.6627,4.93E+00,8.50E+01,5.08E+01,1.22E+02
297,-39.9996,33.3246,4.35E+00,7.93E+01,4.39E+01,1.11E+02
298,-39.9924,39.9917,4.10E+00,8.00E+01,4.13E+01,1.11E+02
299,-46.6704,33.3227,4.04E+00,6.92E+01,4.18E+01,9.65E+01
300,-46.6617,39.9879,3.83E+00,7.46E+01,3.92E+01,1.03E+02
301,-33.3303,33.3294,4.65E+00,8.59E+01,4.69E+01,1.23E+02
302,-33.3258,39.9992,4.35E+00,7.88E+01,4.42E+01,1.11E+02
303,-46.6985,13.3311,4.49E+00,5.60E+01,4.86E+01,5.62E+01
304,-40.0319,13.332,4.91E+00,6.35E+01,5.33E+01,6.54E+01
305,-33.365,13.3337,5.35E+00,7.43E+01,5.98E+01,8.07E+01
306,-40.0219,19.9964,4.77E+00,6.58E+01,5.09E+01,8.57E+01
307,-46.6907,19.9954,4.38E+00,5.71E+01,4.70E+01,7.13E+01
308,-33.3523,19.9984,5.17E+00,7.82E+01,5.56E+01,1.07E+02
309,-40.0372,6.66652,4.98E+00,6.54E+01,5.44E+01,4.56E+01
310,-46.7024,6.66615,4.54E+00,5.76E+01,4.94E+01,4.20E+01
311,-33.3725,6.66716,5.45E+00,7.66E+01,6.17E+01,5.20E+01
312,-26.6619,93.3569,1.77E+00,3.83E+01,2.95E+01,4.36E+01
313,-26.6614,86.6906,2.12E+00,3.95E+01,3.15E+01,4.64E+01
314,-26.6609,80.0237,2.46E+00,4.10E+01,3.34E+01,4.95E+01
315,-26.6605,73.3563,2.81E+00,4.29E+01,3.54E+01,5.33E+01
316,-26.6602,66.6883,3.16E+00,4.54E+01,3.75E+01,5.81E+01
317,-26.6601,60.0198,3.51E+00,4.90E+01,3.98E+01,6.46E+01
318,-26.6601,53.3506,3.87E+00,5.41E+01,4.23E+01,7.34E+01
319,-19.9961,73.3606,2.87E+00,4.18E+01,3.65E+01,4.76E+01
320,-13.3316,73.3635,2.91E+00,4.15E+01,3.76E+01,4.18E+01
321,-6.667,73.3647,2.93E+00,4.18E+01,3.87E+01,3.62E+01
322,-13.3316,80.0294,2.54E+00,3.96E+01,3.56E+01,3.98E+01
323,-13.3317,86.6951,2.18E+00,3.78E+01,3.38E+01,3.80E+01
324,-13.3318,93.3604,1.82E+00,3.61E+01,3.19E+01,3.64E+01
325,-19.9966,86.6933,2.16E+00,3.85E+01,3.26E+01,4.22E+01
326,-19.9963,80.0272,2.51E+00,4.00E+01,3.45E+01,4.47E+01
327,-19.9969,93.359,1.80E+00,3.70E+01,3.07E+01,4.00E+01
328,-6.66682,86.6959,2.20E+00,3.74E+01,3.50E+01,3.38E+01
329,-6.6669,80.0304,2.56E+00,3.95E+01,3.68E+01,3.50E+01
330,-6.66677,93.361,1.84E+00,3.54E+01,3.32E+01,3.29E+01
331,-13.3321,53.3645,4.07E+00,5.05E+01,4.52E+01,5.15E+01
332,-13.3318,60.031,3.67E+00,4.67E+01,4.22E+01,4.73E+01
333,-13.3316,66.6973,3.29E+00,4.39E+01,3.98E+01,4.42E+01
334,-19.9961,60.0264,3.61E+00,4.70E+01,4.12E+01,5.60E+01
335,-19.9964,53.3587,3.99E+00,5.10E+01,4.41E+01,6.26E+01
336,-19.996,66.6937,3.24E+00,4.40E+01,3.87E+01,5.12E+01
337,-6.66729,60.033,3.70E+00,4.76E+01,4.31E+01,3.91E+01
338,-6.6675,53.3672,4.11E+00,5.17E+01,4.61E+01,4.10E+01
339,-6.66713,66.6989,3.31E+00,4.44E+01,4.07E+01,3.76E+01
340,-46.6531,73.3383,2.52E+00,5.22E+01,3.12E+01,6.97E+01
341,-39.9887,73.3447,2.63E+00,4.83E+01,3.27E+01,6.45E+01
342,-33.3246,73.3509,2.73E+00,4.51E+01,3.41E+01,5.90E+01
343,-39.9896,80.0142,2.32E+00,4.53E+01,3.09E+01,5.90E+01
344,-39.9906,86.6829,2.00E+00,4.34E+01,2.91E+01,5.45E+01
345,-39.9917,93.3509,1.68E+00,4.21E+01,2.73E+01,5.06E+01
346,-46.6553,86.6783,1.93E+00,4.61E+01,2.79E+01,5.84E+01
347,-46.6541,80.0086,2.23E+00,4.86E+01,2.96E+01,6.36E+01
348,-46.6565,93.3471,1.62E+00,4.46E+01,2.61E+01,5.40E+01
349,-33.326,86.6871,2.06E+00,4.12E+01,3.03E+01,5.05E+01
350,-33.3253,80.0193,2.40E+00,4.28E+01,3.22E+01,5.43E+01
351,-33.3268,93.3542,1.73E+00,4.00E+01,2.84E+01,4.72E+01
352,-39.9876,53.3326,3.54E+00,6.60E+01,3.78E+01,9.08E+01
353,-39.9875,60.0038,3.24E+00,5.84E+01,3.62E+01,8.02E+01
354,-39.988,66.6746,2.94E+00,5.25E+01,3.45E+01,7.14E+01
355,-46.6522,59.9962,3.07E+00,6.36E+01,3.42E+01,8.59E+01
356,-46.6531,53.3252,3.34E+00,7.02E+01,3.56E+01,9.49E+01
357,-46.6523,66.6674,2.80E+00,5.73E+01,3.28E+01,7.72E+01
358,-33.3236,60.0119,3.39E+00,5.31E+01,3.81E+01,7.28E+01
359,-33.3235,53.3414,3.71E+00,5.97E+01,4.01E+01,8.31E+01
360,-33.324,66.6818,3.06E+00,4.83E+01,3.61E+01,6.49E+01
361,93.3416,46.6527,1.60E+00,3.25E+01,5.02E+01,9.00E+00
362,86.6718,46.6506,1.88E+00,3.62E+01,5.39E+01,8.32E+00
363,80.0011,46.6485,2.15E+00,3.92E+01,5.82E+01,8.18E+00
364,73.3298,46.6465,2.42E+00,4.18E+01,6.33E+01,8.17E+00
365,66.6581,46.6447,2.69E+00,4.43E+01,6.96E+01,8.14E+00
366,59.9863,46.6435,2.94E+00,4.67E+01,7.69E+01,8.07E+00
367,53.315,46.6434,3.19E+00,4.90E+01,8.42E+01,8.03E+00
368,46.6449,46.6452,3.43E+00,5.14E+01,8.93E+01,8.19E+00
369,39.9772,46.6498,3.66E+00,5.40E+01,8.97E+01,8.78E+00
370,33.3119,46.6574,3.86E+00,5.66E+01,8.47E+01,9.82E+00
371,26.6486,46.667,4.05E+00,5.89E+01,7.63E+01,1.14E+01
372,19.9861,46.6774,4.22E+00,6.05E+01,6.73E+01,1.37E+01
373,13.3238,46.6874,4.36E+00,6.12E+01,5.95E+01,1.76E+01
374,6.66083,46.6955,4.46E+00,6.08E+01,5.41E+01,2.35E+01
375,53.3214,39.9777,3.39E+00,5.12E+01,8.03E+01,8.77E+00
376,53.3296,33.3137,3.56E+00,5.32E+01,7.36E+01,1.00E+01
377,53.3388,26.6508,3.72E+00,5.48E+01,6.60E+01,1.19E+01
378,53.3479,19.9881,3.86E+00,5.57E+01,5.90E+01,1.48E+01
379,53.3561,13.3253,3.97E+00,5.59E+01,5.33E+01,1.88E+01
380,53.3625,6.66189,4.05E+00,5.55E+01,4.94E+01,2.43E+01
381,80.007,39.9842,2.25E+00,3.97E+01,5.41E+01,9.64E+00
382,80.0126,33.3201,2.33E+00,4.01E+01,5.02E+01,1.19E+01
383,80.0178,26.656,2.41E+00,4.03E+01,4.68E+01,1.49E+01
384,80.0223,19.9918,2.47E+00,4.04E+01,4.39E+01,1.82E+01
385,80.0259,13.3275,2.51E+00,4.03E+01,4.15E+01,2.19E+01
386,80.0285,6.66297,2.54E+00,4.02E+01,3.95E+01,2.60E+01
387,86.6858,26.6572,2.08E+00,3.71E+01,4.43E+01,1.54E+01
388,93.3531,26.6584,1.76E+00,3.36E+01,4.18E+01,1.64E+01
389,86.6816,33.3217,2.02E+00,3.69E+01,4.72E+01,1.25E+01
390,86.6768,39.9861,1.96E+00,3.66E+01,5.04E+01,1.01E+01
391,93.3497,33.3232,1.71E+00,3.33E+01,4.43E+01,1.35E+01
392,93.3459,39.9879,1.66E+00,3.29E+01,4.72E+01,1.10E+01
393,86.6923,13.3281,2.16E+00,3.74E+01,3.95E+01,2.21E+01
394,93.3583,13.3286,1.82E+00,3.44E+01,3.75E+01,2.26E+01
395,86.6894,19.9927,2.13E+00,3.73E+01,4.17E+01,1.87E+01
396,93.356,19.9936,1.79E+00,3.40E+01,3.95E+01,1.94E+01
397,86.6944,6.66332,2.18E+00,3.76E+01,3.77E+01,2.58E+01
398,93.3598,6.66366,1.83E+00,3.48E+01,3.57E+01,2.59E+01
399,60.0096,26.652,3.39E+00,5.06E+01,5.89E+01,1.28E+01
400,66.6797,26.6534,3.06E+00,4.69E+01,5.38E+01,1.36E+01
401,73.3491,26.6547,2.73E+00,4.35E+01,4.99E+01,1.43E+01
402,66.6725,33.3168,2.95E+00,4.64E+01,5.88E+01,1.10E+01
403,66.6651,39.9804,2.83E+00,4.55E+01,6.43E+01,9.15E+00
404,60.0013,33.3152,3.26E+00,4.97E+01,6.52E+01,1.05E+01
405,59.9933,39.9788,3.11E+00,4.84E+01,7.16E+01,8.92E+00
406,73.3429,33.3184,2.64E+00,4.32E+01,5.40E+01,1.15E+01
407,73.3364,39.9823,2.54E+00,4.26E+01,5.86E+01,9.39E+00
408,66.6959,6.6623,3.28E+00,4.65E+01,4.36E+01,2.58E+01
409,66.6918,13.3263,3.23E+00,4.69E+01,4.61E+01,2.11E+01
410,66.6863,19.9899,3.15E+00,4.71E+01,4.95E+01,1.70E+01
411,60.0241,13.3257,3.60E+00,5.10E+01,4.92E+01,2.01E+01
412,60.0293,6.66205,3.66E+00,5.05E+01,4.61E+01,2.53E+01
413,60.0174,19.989,3.51E+00,5.11E+01,5.35E+01,1.60E+01
414,73.359,13.3268,2.87E+00,4.34E+01,4.36E+01,2.16E+01
415,73.3623,6.66262,2.91E+00,4.31E+01,4.14E+01,2.60E+01
416,73.3545,19.9909,2.81E+00,4.36E+01,4.64E+01,1.77E+01
417,26.6481,39.9952,4.38E+00,6.40E+01,8.87E+01,1.16E+01
418,26.6492,33.3237,4.71E+00,6.98E+01,1.02E+02,1.30E+01
419,26.6538,26.6543,5.02E+00,7.68E+01,1.11E+02,1.56E+01
420,26.6641,19.989,5.32E+00,8.50E+01,1.09E+02,1.83E+01
421,26.6794,13.3271,5.58E+00,9.38E+01,9.55E+01,1.97E+01
422,26.6955,6.66498,5.79E+00,1.01E+02,8.19E+01,2.06E+01
423,33.3237,26.6501,4.71E+00,7.01E+01,1.02E+02,1.32E+01
424,39.9954,26.6492,4.38E+00,6.44E+01,8.79E+01,1.17E+01
425,46.6674,26.6497,4.05E+00,5.94E+01,7.55E+01,1.14E+01
426,39.9859,33.3133,4.16E+00,6.08E+01,9.51E+01,1.04E+01
427,39.9798,39.9801,3.91E+00,5.72E+01,9.56E+01,9.31E+00
428,33.3159,33.3163,4.44E+00,6.51E+01,1.03E+02,1.15E+01
429,33.3125,39.9859,4.16E+00,6.06E+01,9.56E+01,1.03E+01
430,46.6576,33.3129,3.86E+00,5.69E+01,8.40E+01,9.89E+00
431,46.6498,39.9778,3.65E+00,5.41E+01,8.93E+01,8.84E+00
432,33.3493,13.3254,5.16E+00,8.00E+01,7.89E+01,1.58E+01
433,40.0188,13.3249,4.75E+00,6.98E+01,6.72E+01,1.57E+01
434,46.6877,13.325,4.36E+00,6.21E+01,5.90E+01,1.71E+01
435,40.007,19.9869,4.59E+00,6.76E+01,7.73E+01,1.31E+01
436,33.3356,19.9871,4.95E+00,7.54E+01,9.19E+01,1.46E+01
437,46.6778,19.9874,4.22E+00,6.12E+01,6.66E+01,1.36E+01
438,40.0288,6.66223,4.88E+00,7.05E+01,5.98E+01,2.11E+01
439,33.362,6.66309,5.33E+00,8.27E+01,6.86E+01,1.96E+01
440,46.6957,6.66192,4.46E+00,6.19E+01,5.37E+01,2.29E+01
441,6.66367,26.6952,5.80E+00,9.79E+01,8.29E+01,2.07E+01
442,13.3258,26.6792,5.58E+00,9.22E+01,9.64E+01,1.91E+01
443,19.988,26.6642,5.32E+00,8.44E+01,1.09E+02,1.80E+01
444,13.3241,33.349,5.16E+00,7.86E+01,7.97E+01,1.58E+01
445,13.3237,40.0184,4.76E+00,6.87E+01,6.78E+01,1.61E+01
446,6.66183,33.3617,5.33E+00,8.06E+01,6.93E+01,2.03E+01
447,6.66104,40.0286,4.89E+00,6.90E+01,6.03E+01,2.18E+01
448,19.9859,33.3353,4.95E+00,7.46E+01,9.27E+01,1.44E+01
449,19.9856,40.0066,4.59E+00,6.69E+01,7.81E+01,1.32E+01
450,6.67841,13.3659,6.83E+00,1.86E+02,1.35E+02,4.56E+01
451,13.342,13.3426,6.43E+00,1.45E+02,1.28E+02,4.06E+01
452,20.0095,13.3313,6.01E+00,1.14E+02,1.15E+02,2.83E+01
453,13.3303,20.0096,6.01E+00,1.12E+02,1.16E+02,2.73E+01
454,6.66804,20.0295,6.29E+00,1.27E+02,1.03E+02,2.63E+01
455,19.9947,19.9953,5.68E+00,9.73E+01,1.20E+02,2.33E+01
456,13.3663,6.67955,6.83E+00,1.88E+02,1.33E+02,4.72E+01
457,6.70297,6.70247,7.38E+00,2.88E+02,1.93E+02,8.10E+01
458,20.0296,6.66926,6.29E+00,1.30E+02,1.02E+02,2.76E+01
459,53.3172,93.3365,1.53E+00,3.17E+01,5.40E+01,7.80E+00
460,53.3148,86.666,1.79E+00,3.54E+01,5.81E+01,7.58E+00
461,53.3126,79.9948,2.05E+00,3.82E+01,6.28E+01,7.69E+00
462,53.3107,73.3233,2.29E+00,4.05E+01,6.82E+01,7.79E+00
463,53.3095,66.6518,2.53E+00,4.27E+01,7.43E+01,7.78E+00
464,53.3093,59.9808,2.76E+00,4.47E+01,8.00E+01,7.70E+00
465,53.311,53.3111,2.98E+00,4.68E+01,8.39E+01,7.71E+00
466,59.9767,73.3183,2.15E+00,3.93E+01,7.13E+01,8.04E+00
467,66.6441,73.3147,1.99E+00,3.80E+01,7.25E+01,8.58E+00
468,73.3127,73.3126,1.83E+00,3.65E+01,7.16E+01,9.11E+00
469,79.9826,73.3121,1.65E+00,3.49E+01,6.89E+01,9.43E+00
470,86.6533,73.3128,1.46E+00,3.27E+01,6.53E+01,9.30E+00
471,93.3242,73.3144,1.27E+00,2.93E+01,6.11E+01,8.42E+00
472,73.312,79.9823,1.65E+00,3.48E+01,6.92E+01,9.44E+00
473,73.3126,86.6529,1.46E+00,3.26E+01,6.56E+01,9.34E+00
474,73.3141,93.3236,1.27E+00,2.91E+01,6.16E+01,8.42E+00
475,66.6459,86.6565,1.58E+00,3.38E+01,6.41E+01,8.48E+00
476,59.98,86.661,1.69E+00,3.47E+01,6.14E+01,7.74E+00
477,66.6445,79.9854,1.79E+00,3.61E+01,6.85E+01,8.70E+00
478,59.9781,79.9897,1.93E+00,3.72E+01,6.62E+01,7.99E+00
479,66.6479,93.3276,1.37E+00,3.02E+01,5.97E+01,7.79E+00
480,59.9823,93.332,1.46E+00,3.11E+01,5.71E+01,7.44E+00
481,86.6506,79.9803,1.33E+00,3.11E+01,6.55E+01,9.89E+00
482,86.6491,86.6489,1.19E+00,2.90E+01,6.42E+01,9.88E+00
483,86.6489,93.3183,1.04E+00,2.53E+01,6.19E+01,8.64E+00
484,79.9804,86.6503,1.33E+00,3.11E+01,6.57E+01,9.92E+00
485,79.9808,79.9807,1.50E+00,3.32E+01,6.80E+01,9.93E+00
486,79.9811,93.3204,1.16E+00,2.76E+01,6.24E+01,8.86E+00
487,93.3186,86.6489,1.04E+00,2.54E+01,6.16E+01,8.66E+00
488,93.3209,79.9812,1.16E+00,2.77E+01,6.20E+01,8.87E+00
489,93.3174,93.3173,9.20E-01,2.16E+01,6.04E+01,7.29E+00
490,73.3238,53.3113,2.29E+00,4.07E+01,6.77E+01,7.80E+00
491,73.3187,59.9771,2.15E+00,3.94E+01,7.09E+01,8.04E+00
492,73.3149,66.6442,1.99E+00,3.80E+01,7.22E+01,8.57E+00
493,66.6477,59.9767,2.36E+00,4.12E+01,7.58E+01,7.93E+00
494,59.9777,59.9778,2.57E+00,4.30E+01,7.93E+01,7.75E+00
495,66.6522,53.31,2.53E+00,4.28E+01,7.37E+01,7.81E+00
496,59.981,53.3097,2.76E+00,4.48E+01,7.97E+01,7.73E+00
497,66.645,66.645,2.19E+00,3.96E+01,7.52E+01,8.26E+00
498,59.9764,66.6475,2.36E+00,4.12E+01,7.61E+01,7.92E+00
499,93.3326,59.9827,1.46E+00,3.13E+01,5.64E+01,7.40E+00
500,86.6616,59.9804,1.69E+00,3.49E+01,6.09E+01,7.70E+00
501,79.9902,59.9785,1.92E+00,3.74E+01,6.57E+01,7.98E+00
502,86.6666,53.3153,1.79E+00,3.56E+01,5.75E+01,7.54E+00
503,93.3371,53.3176,1.53E+00,3.20E+01,5.33E+01,7.75E+00
504,79.9954,53.3132,2.04E+00,3.84E+01,6.22E+01,7.68E+00
505,86.6571,66.6462,1.58E+00,3.39E+01,6.36E+01,8.44E+00
506,93.3282,66.6483,1.37E+00,3.04E+01,5.91E+01,7.77E+00
507,79.9858,66.6447,1.79E+00,3.62E+01,6.81E+01,8.68E+00
508,26.658,93.3529,1.76E+00,3.32E+01,4.23E+01,1.64E+01
509,26.6567,86.6855,2.08E+00,3.68E+01,4.47E+01,1.54E+01
510,26.6554,80.0174,2.41E+00,4.00E+01,4.73E+01,1.49E+01
511,26.6539,73.3487,2.73E+00,4.31E+01,5.04E+01,1.44E+01
512,26.6525,66.6793,3.06E+00,4.65E+01,5.43E+01,1.37E+01
513,26.651,60.0092,3.39E+00,5.02E+01,5.95E+01,1.29E+01
514,26.6497,53.3384,3.72E+00,5.43E+01,6.67E+01,1.20E+01
515,33.3177,73.3424,2.64E+00,4.29E+01,5.45E+01,1.15E+01
516,39.9815,73.3358,2.54E+00,4.24E+01,5.92E+01,9.40E+00
517,46.6458,73.3293,2.42E+00,4.16E+01,6.39E+01,8.16E+00
518,39.9836,80.0065,2.25E+00,3.95E+01,5.47E+01,9.66E+00
519,39.9856,86.6764,1.96E+00,3.63E+01,5.10E+01,1.01E+01
520,39.9875,93.3454,1.66E+00,3.26E+01,4.78E+01,1.10E+01
521,33.3212,86.6812,2.02E+00,3.66E+01,4.77E+01,1.25E+01
522,33.3194,80.0122,2.33E+00,3.98E+01,5.08E+01,1.20E+01
523,33.3228,93.3494,1.71E+00,3.29E+01,4.49E+01,1.36E+01
524,46.6501,86.6712,1.88E+00,3.60E+01,5.45E+01,8.34E+00
525,46.6479,80.0006,2.15E+00,3.89E+01,5.88E+01,8.19E+00
526,46.6523,93.3411,1.60E+00,3.22E+01,5.09E+01,9.03E+00
527,33.3142,60.0009,3.26E+00,4.94E+01,6.59E+01,1.05E+01
528,39.978,59.9929,3.11E+00,4.81E+01,7.23E+01,8.88E+00
529,46.6428,59.986,2.94E+00,4.65E+01,7.74E+01,8.02E+00
530,39.9796,66.6646,2.83E+00,4.53E+01,6.49E+01,9.14E+00
531,33.3159,66.672,2.95E+00,4.61E+01,5.94E+01,1.10E+01
532,46.644,66.6577,2.69E+00,4.41E+01,7.02E+01,8.11E+00
533,39.9769,53.3211,3.39E+00,5.10E+01,8.09E+01,8.70E+00
534,33.3127,53.3292,3.56E+00,5.29E+01,7.43E+01,9.98E+00
535,46.6429,53.3149,3.19E+00,4.89E+01,8.45E+01,7.98E+00
536,6.66197,73.3623,2.91E+00,4.26E+01,4.17E+01,2.61E+01
537,13.3262,73.3589,2.87E+00,4.30E+01,4.40E+01,2.18E+01
538,19.9901,73.3543,2.81E+00,4.32E+01,4.68E+01,1.78E+01
539,13.3269,80.0258,2.51E+00,3.99E+01,4.19E+01,2.20E+01
540,13.3276,86.6922,2.16E+00,3.70E+01,3.99E+01,2.22E+01
541,13.3283,93.3581,1.82E+00,3.39E+01,3.80E+01,2.26E+01
542,6.6629,86.6944,2.19E+00,3.71E+01,3.80E+01,2.59E+01
543,6.66243,80.0285,2.54E+00,3.98E+01,3.98E+01,2.60E+01
544,6.66335,93.3598,1.83E+00,3.43E+01,3.62E+01,2.59E+01
545,19.9922,86.6892,2.13E+00,3.69E+01,4.22E+01,1.87E+01
546,19.9912,80.022,2.47E+00,4.00E+01,4.44E+01,1.83E+01
547,19.9932,93.3558,1.79E+00,3.36E+01,4.00E+01,1.94E+01
548,13.3242,53.3558,3.97E+00,5.52E+01,5.37E+01,1.92E+01
549,13.3248,60.0239,3.60E+00,5.04E+01,4.96E+01,2.04E+01
550,13.3254,66.6916,3.23E+00,4.64E+01,4.64E+01,2.13E+01
551,6.66117,60.0292,3.66E+00,4.98E+01,4.64E+01,2.56E+01
552,6.66091,53.3624,4.06E+00,5.46E+01,4.97E+01,2.48E+01
553,6.66154,66.6958,3.28E+00,4.59E+01,4.38E+01,2.60E+01
554,19.988,60.017,3.51E+00,5.06E+01,5.40E+01,1.62E+01
555,19.987,53.3475,3.86E+00,5.51E+01,5.95E+01,1.50E+01
556,19.9891,66.6859,3.16E+00,4.66E+01,4.99E+01,1.72E+01
557,0.000858494,-93.3612,1.84E+00,3.55E+01,3.39E+01,2.90E+01
558,0.000884503,-86.6961,2.20E+00,3.78E+01,3.58E+01,2.94E+01
559,0.000937715,-80.0306,2.57E+00,4.02E+01,3.76E+01,2.98E+01
560,0.000998562,-73.3649,2.94E+00,4.28E+01,3.95E+01,3.02E+01
561,0.00104891,-66.6991,3.31E+00,4.60E+01,4.15E+01,3.05E+01
562,0.00107429,-60.0331,3.70E+00,4.98E+01,4.38E+01,3.05E+01
563,0.00104427,-53.3671,4.11E+00,5.47E+01,4.67E+01,3.03E+01
564,0.000930501,-46.7015,4.53E+00,6.11E+01,5.04E+01,3.00E+01
565,0.000655347,-40.036,4.97E+00,7.00E+01,5.55E+01,2.95E+01
566,0.000129813,-33.3712,5.43E+00,8.29E+01,6.30E+01,2.94E+01
567,-0.000902599,-26.7074,5.93E+00,1.03E+02,7.48E+01,3.10E+01
568,-0.00278154,-20.0453,6.47E+00,1.37E+02,9.58E+01,3.78E+01
569,-0.00625075,-13.3864,7.07E+00,2.09E+02,1.44E+02,5.15E+01
570,-0.00994648,-6.72093,7.72E+00,3.45E+02,2.35E+02,7.58E+01
571,-6.663,-53.3634,4.06E+00,5.57E+01,4.90E+01,2.33E+01
572,-13.3263,-53.3571,3.98E+00,5.60E+01,5.28E+01,1.81E+01
573,-19.9891,-53.3489,3.87E+00,5.56E+01,5.84E+01,1.44E+01
574,-26.6517,-53.3397,3.73E+00,5.46E+01,6.55E+01,1.17E+01
575,-33.3145,-53.3304,3.57E+00,5.30E+01,7.32E+01,1.00E+01
576,-39.9783,-53.322,3.39E+00,5.10E+01,8.01E+01,8.90E+00
577,-46.6439,-53.3155,3.19E+00,4.88E+01,8.42E+01,8.25E+00
578,-53.3116,-53.3115,2.98E+00,4.66E+01,8.41E+01,7.98E+00
579,-59.9813,-53.3099,2.76E+00,4.46E+01,8.02E+01,7.96E+00
580,-66.6524,-53.31,2.52E+00,4.26E+01,7.44E+01,7.99E+00
581,-73.3238,-53.3113,2.28E+00,4.05E+01,6.84E+01,7.93E+00
582,-79.9953,-53.3131,2.03E+00,3.82E+01,6.30E+01,7.75E+00
583,-86.6665,-53.3153,1.77E+00,3.58E+01,5.85E+01,7.49E+00
584,-93.337,-53.3176,1.51E+00,3.30E+01,5.48E+01,7.23E+00
585,-46.6441,-59.9869,2.94E+00,4.66E+01,7.67E+01,8.23E+00
586,-46.6453,-66.6588,2.68E+00,4.43E+01,6.93E+01,8.22E+00
587,-46.647,-73.3304,2.42E+00,4.19E+01,6.30E+01,8.17E+00
588,-46.649,-80.0017,2.15E+00,3.93E+01,5.78E+01,8.11E+00
589,-46.6511,-86.6724,1.88E+00,3.64E+01,5.36E+01,8.14E+00
590,-46.6531,-93.3422,1.60E+00,3.28E+01,5.00E+01,8.63E+00
591,-19.9899,-60.0183,3.51E+00,5.10E+01,5.30E+01,1.56E+01
592,-19.9908,-66.6872,3.16E+00,4.71E+01,4.91E+01,1.66E+01
593,-19.9917,-73.3553,2.81E+00,4.36E+01,4.60E+01,1.74E+01
594,-19.9925,-80.023,2.47E+00,4.04E+01,4.36E+01,1.79E+01
595,-19.9933,-86.6901,2.13E+00,3.74E+01,4.14E+01,1.83E+01
596,-19.9941,-93.3566,1.79E+00,3.42E+01,3.93E+01,1.90E+01
597,-13.3276,-73.3598,2.87E+00,4.35E+01,4.33E+01,2.12E+01
598,-6.66346,-73.3631,2.91E+00,4.32E+01,4.11E+01,2.55E+01
599,-13.3271,-66.6927,3.23E+00,4.70E+01,4.57E+01,2.05E+01
600,-13.3267,-60.0251,3.60E+00,5.10E+01,4.88E+01,1.95E+01
601,-6.66323,-66.6968,3.29E+00,4.66E+01,4.32E+01,2.51E+01
602,-6.66307,-60.0302,3.67E+00,5.06E+01,4.57E+01,2.44E+01
603,-13.3287,-86.693,2.16E+00,3.75E+01,3.92E+01,2.18E+01
604,-6.66397,-86.695,2.19E+00,3.77E+01,3.74E+01,2.55E+01
605,-13.3282,-80.0266,2.51E+00,4.04E+01,4.12E+01,2.16E+01
606,-6.66371,-80.0292,2.55E+00,4.03E+01,3.92E+01,2.55E+01
607,-13.3291,-93.3588,1.82E+00,3.46E+01,3.73E+01,2.22E+01
608,-6.6642,-93.3604,1.83E+00,3.50E+01,3.55E+01,2.55E+01
609,-39.9829,-73.337,2.54E+00,4.27E+01,5.82E+01,9.26E+00
610,-33.3191,-73.3436,2.64E+00,4.32E+01,5.36E+01,1.13E+01
611,-26.6555,-73.3498,2.74E+00,4.35E+01,4.95E+01,1.40E+01
612,-33.3175,-66.6733,2.95E+00,4.63E+01,5.84E+01,1.08E+01
613,-33.3159,-60.0021,3.26E+00,4.96E+01,6.48E+01,1.03E+01
614,-39.9811,-66.6658,2.83E+00,4.55E+01,6.39E+01,9.09E+00
615,-39.9794,-59.994,3.11E+00,4.82E+01,7.13E+01,8.94E+00
616,-26.6542,-66.6805,3.07E+00,4.69E+01,5.33E+01,1.33E+01
617,-26.6529,-60.0105,3.40E+00,5.05E+01,5.85E+01,1.25E+01
618,-33.3236,-93.3503,1.71E+00,3.35E+01,4.41E+01,1.31E+01
619,-33.3222,-86.6823,2.02E+00,3.70E+01,4.68E+01,1.22E+01
620,-33.3207,-80.0133,2.33E+00,4.01E+01,4.99E+01,1.17E+01
621,-39.9866,-86.6775,1.95E+00,3.68E+01,5.00E+01,9.77E+00
622,-39.9883,-93.3464,1.66E+00,3.32E+01,4.70E+01,1.06E+01
623,-39.9848,-80.0076,2.25E+00,3.98E+01,5.37E+01,9.45E+00
624,-26.6579,-86.6865,2.08E+00,3.72E+01,4.39E+01,1.51E+01
625,-26.6589,-93.3537,1.75E+00,3.39E+01,4.16E+01,1.60E+01
626,-26.6567,-80.0185,2.41E+00,4.03E+01,4.65E+01,1.46E+01
627,-73.3187,-59.9772,2.14E+00,3.93E+01,7.16E+01,8.37E+00
628,-73.3151,-66.6444,1.98E+00,3.81E+01,7.29E+01,9.11E+00
629,-73.313,-73.313,1.82E+00,3.68E+01,7.19E+01,9.86E+00
630,-73.3124,-79.9829,1.64E+00,3.53E+01,6.92E+01,1.04E+01
631,-73.313,-86.6537,1.46E+00,3.34E+01,6.55E+01,1.05E+01
632,-73.3145,-93.3246,1.26E+00,3.03E+01,6.15E+01,9.68E+00
633,-66.6446,-73.3153,1.99E+00,3.82E+01,7.24E+01,9.15E+00
634,-59.9775,-73.3191,2.14E+00,3.96E+01,7.08E+01,8.44E+00
635,-53.3117,-73.3243,2.29E+00,4.08E+01,6.74E+01,7.99E+00
636,-59.9771,-66.6481,2.36E+00,4.13E+01,7.59E+01,8.30E+00
637,-59.9782,-59.9782,2.56E+00,4.29E+01,7.95E+01,8.08E+00
638,-66.6454,-66.6454,2.18E+00,3.97E+01,7.55E+01,8.72E+00
639,-66.648,-59.9769,2.36E+00,4.11E+01,7.63E+01,8.26E+00
640,-53.3104,-66.6527,2.53E+00,4.28E+01,7.36E+01,8.05E+00
641,-53.3101,-59.9815,2.76E+00,4.47E+01,7.97E+01,8.00E+00
642,-59.983,-93.3331,1.45E+00,3.18E+01,5.64E+01,7.52E+00
643,-59.9808,-86.6621,1.69E+00,3.52E+01,6.07E+01,8.06E+00
644,-59.9788,-79.9906,1.92E+00,3.76E+01,6.56E+01,8.36E+00
645,-66.6465,-86.6575,1.58E+00,3.44E+01,6.36E+01,9.19E+00
646,-66.6485,-93.3286,1.36E+00,3.12E+01,5.93E+01,8.40E+00
647,-66.6451,-79.9862,1.79E+00,3.65E+01,6.82E+01,9.34E+00
648,-53.3157,-86.6672,1.79E+00,3.59E+01,5.72E+01,7.57E+00
649,-53.3178,-93.3377,1.53E+00,3.24E+01,5.33E+01,7.53E+00
650,-53.3135,-79.9959,2.04E+00,3.85E+01,6.20E+01,7.81E+00
651,-93.3244,-73.3143,1.24E+00,3.15E+01,6.33E+01,1.05E+01
652,-86.6535,-73.3129,1.44E+00,3.35E+01,6.67E+01,1.06E+01
653,-79.9828,-73.3123,1.64E+00,3.53E+01,6.98E+01,1.04E+01
654,-86.6571,-66.6463,1.56E+00,3.45E+01,6.49E+01,9.23E+00
655,-86.6616,-59.9805,1.67E+00,3.52E+01,6.20E+01,8.02E+00
656,-93.3282,-66.6483,1.34E+00,3.22E+01,6.10E+01,8.85E+00
657,-93.3325,-59.9827,1.43E+00,3.27E+01,5.81E+01,7.57E+00
658,-79.9858,-66.6449,1.78E+00,3.64E+01,6.91E+01,9.31E+00
659,-79.9901,-59.9785,1.91E+00,3.74E+01,6.66E+01,8.29E+00
660,-86.6494,-93.3188,1.03E+00,2.77E+01,6.30E+01,1.17E+01
661,-86.6496,-86.6494,1.18E+00,3.07E+01,6.54E+01,1.24E+01
662,-86.6509,-79.9806,1.31E+00,3.24E+01,6.69E+01,1.18E+01
663,-93.3193,-86.6491,1.02E+00,2.88E+01,6.40E+01,1.26E+01
664,-93.3183,-93.3175,8.94E-01,2.55E+01,6.25E+01,1.16E+01
665,-93.3214,-79.9813,1.13E+00,3.04E+01,6.44E+01,1.19E+01
666,-79.9807,-86.6509,1.32E+00,3.22E+01,6.60E+01,1.16E+01
667,-79.9815,-93.3212,1.15E+00,2.92E+01,6.27E+01,1.09E+01
668,-79.9811,-79.9811,1.48E+00,3.39E+01,6.87E+01,1.12E+01
669,-46.6966,-6.6625,4.47E+00,6.09E+01,5.35E+01,2.24E+01
670,-46.6885,-13.3253,4.37E+00,6.10E+01,5.89E+01,1.70E+01
671,-46.6785,-19.9876,4.23E+00,6.02E+01,6.67E+01,1.35E+01
672,-46.6679,-26.6498,4.06E+00,5.85E+01,7.59E+01,1.14E+01
673,-46.6581,-33.3129,3.87E+00,5.62E+01,8.45E+01,1.00E+01
674,-46.6505,-39.9779,3.66E+00,5.36E+01,8.97E+01,9.02E+00
675,-46.6458,-46.6456,3.43E+00,5.11E+01,8.94E+01,8.44E+00
676,-39.996,-26.6493,4.39E+00,6.35E+01,8.84E+01,1.18E+01
677,-33.3245,-26.6503,4.72E+00,6.91E+01,1.02E+02,1.35E+01
678,-26.6551,-26.6548,5.03E+00,7.60E+01,1.11E+02,1.62E+01
679,-19.9899,-26.6651,5.33E+00,8.41E+01,1.09E+02,1.90E+01
680,-13.3282,-26.6805,5.59E+00,9.33E+01,9.51E+01,2.04E+01
681,-6.66629,-26.6966,5.80E+00,1.01E+02,8.13E+01,2.07E+01
682,-26.6651,-19.9891,5.33E+00,8.35E+01,1.09E+02,1.86E+01
683,-26.6803,-13.3272,5.59E+00,9.15E+01,9.58E+01,1.98E+01
684,-26.6966,-6.66542,5.81E+00,9.81E+01,8.15E+01,2.05E+01
685,-33.3501,-13.3256,5.17E+00,7.83E+01,7.89E+01,1.59E+01
686,-40.0196,-13.3252,4.76E+00,6.85E+01,6.71E+01,1.57E+01
687,-33.3362,-19.9872,4.96E+00,7.40E+01,9.23E+01,1.48E+01
688,-40.0076,-19.987,4.59E+00,6.65E+01,7.76E+01,1.32E+01
689,-33.363,-6.66361,5.34E+00,8.09E+01,6.82E+01,1.94E+01
690,-40.0298,-6.66278,4.89E+00,6.92E+01,5.95E+01,2.07E+01
691,-6.6803,-13.3665,6.83E+00,1.89E+02,1.34E+02,4.99E+01
692,-13.3435,-13.3429,6.44E+00,1.43E+02,1.28E+02,4.17E+01
693,-20.0105,-13.3314,6.02E+00,1.11E+02,1.15E+02,2.83E+01
694,-13.3323,-20.0105,6.02E+00,1.13E+02,1.15E+02,2.93E+01
695,-6.67049,-20.0305,6.30E+00,1.31E+02,1.02E+02,2.89E+01
696,-19.9961,-19.9957,5.68E+00,9.61E+01,1.20E+02,2.41E+01
697,-13.3674,-6.67979,6.84E+00,1.83E+02,1.33E+02,4.70E+01
698,-6.7038,-6.70285,7.38E+00,2.86E+02,1.92E+02,8.33E+01
699,-20.0307,-6.6696,6.31E+00,1.26E+02,1.01E+02,2.74E+01
700,-26.6506,-46.6683,4.06E+00,5.91E+01,7.51E+01,1.14E+01
701,-26.6501,-39.9964,4.39E+00,6.39E+01,8.76E+01,1.19E+01
702,-26.6509,-33.3246,4.72E+00,6.95E+01,1.02E+02,1.36E+01
703,-33.3139,-39.9867,4.16E+00,6.03E+01,9.50E+01,1.07E+01
704,-39.9807,-39.9805,3.92E+00,5.68E+01,9.56E+01,9.61E+00
705,-33.3136,-46.6584,3.87E+00,5.65E+01,8.37E+01,1.01E+01
706,-39.9784,-46.6506,3.66E+00,5.38E+01,8.92E+01,9.07E+00
707,-33.317,-33.3167,4.45E+00,6.45E+01,1.03E+02,1.19E+01
708,-39.9866,-33.3134,4.16E+00,6.01E+01,9.56E+01,1.06E+01
709,-13.3261,-46.6888,4.37E+00,6.21E+01,5.85E+01,1.65E+01
710,-13.3261,-40.0199,4.76E+00,6.98E+01,6.66E+01,1.53E+01
711,-13.3265,-33.3504,5.17E+00,7.98E+01,7.83E+01,1.60E+01
712,-19.9879,-40.008,4.59E+00,6.73E+01,7.68E+01,1.32E+01
713,-19.9884,-46.6789,4.23E+00,6.10E+01,6.61E+01,1.33E+01
714,-19.9881,-33.3365,4.96E+00,7.48E+01,9.15E+01,1.50E+01
715,-6.66349,-40.0299,4.89E+00,7.09E+01,5.92E+01,2.00E+01
716,-6.66311,-46.6967,4.47E+00,6.22E+01,5.32E+01,2.18E+01
717,-6.6644,-33.3631,5.34E+00,8.31E+01,6.80E+01,1.89E+01
718,-73.3629,-6.66318,2.91E+00,4.25E+01,4.14E+01,2.59E+01
719,-73.3595,-13.3273,2.87E+00,4.28E+01,4.37E+01,2.16E+01
720,-73.3549,-19.9912,2.80E+00,4.30E+01,4.66E+01,1.77E+01
721,-73.3493,-26.655,2.73E+00,4.29E+01,5.01E+01,1.43E+01
722,-73.343,-33.3186,2.64E+00,4.27E+01,5.43E+01,1.15E+01
723,-73.3364,-39.9824,2.53E+00,4.22E+01,5.90E+01,9.35E+00
724,-73.3298,-46.6465,2.41E+00,4.15E+01,6.39E+01,8.17E+00
725,-66.6801,-26.6536,3.06E+00,4.63E+01,5.40E+01,1.36E+01
726,-60.01,-26.6522,3.39E+00,5.00E+01,5.91E+01,1.27E+01
727,-53.3392,-26.6509,3.72E+00,5.41E+01,6.63E+01,1.19E+01
728,-66.6924,-13.3267,3.23E+00,4.63E+01,4.61E+01,2.09E+01
729,-60.0248,-13.3261,3.60E+00,5.03E+01,4.92E+01,1.99E+01
730,-53.3568,-13.3257,3.98E+00,5.51E+01,5.33E+01,1.86E+01
731,-60.03,-6.66263,3.67E+00,4.98E+01,4.61E+01,2.49E+01
732,-66.6966,-6.66288,3.28E+00,4.58E+01,4.35E+01,2.56E+01
733,-53.3633,-6.66248,4.06E+00,5.47E+01,4.92E+01,2.39E+01
734,-60.0179,-19.9893,3.51E+00,5.04E+01,5.36E+01,1.59E+01
735,-66.6868,-19.9903,3.15E+00,4.64E+01,4.96E+01,1.69E+01
736,-53.3485,-19.9884,3.86E+00,5.49E+01,5.90E+01,1.47E+01
737,-59.9866,-46.6436,2.94E+00,4.63E+01,7.75E+01,8.18E+00
738,-59.9936,-39.9788,3.11E+00,4.79E+01,7.21E+01,8.94E+00
739,-60.0016,-33.3152,3.26E+00,4.92E+01,6.56E+01,1.04E+01
740,-66.6653,-39.9805,2.82E+00,4.51E+01,6.48E+01,9.14E+00
741,-66.6583,-46.6447,2.68E+00,4.39E+01,7.02E+01,8.19E+00
742,-66.6727,-33.3169,2.95E+00,4.59E+01,5.91E+01,1.09E+01
743,-53.3217,-39.9777,3.38E+00,5.07E+01,8.09E+01,8.85E+00
744,-53.3154,-46.6436,3.19E+00,4.86E+01,8.46E+01,8.21E+00
745,-53.33,-33.3137,3.56E+00,5.26E+01,7.41E+01,1.00E+01
746,-93.3531,-26.6588,1.74E+00,3.37E+01,4.26E+01,1.59E+01
747,-86.686,-26.6576,2.07E+00,3.68E+01,4.47E+01,1.53E+01
748,-80.018,-26.6563,2.40E+00,3.98E+01,4.71E+01,1.48E+01
749,-86.6897,-19.9931,2.12E+00,3.68E+01,4.21E+01,1.87E+01
750,-86.6926,-13.3285,2.15E+00,3.68E+01,3.98E+01,2.22E+01
751,-86.6948,-6.66387,2.18E+00,3.68E+01,3.79E+01,2.60E+01
752,-93.3584,-13.3291,1.81E+00,3.39E+01,3.80E+01,2.26E+01
753,-93.3561,-19.994,1.78E+00,3.38E+01,4.02E+01,1.91E+01
754,-93.36,-6.66422,1.83E+00,3.41E+01,3.62E+01,2.61E+01
755,-80.0263,-13.3279,2.51E+00,3.97E+01,4.16E+01,2.20E+01
756,-80.0226,-19.9922,2.46E+00,3.98E+01,4.41E+01,1.82E+01
757,-80.029,-6.66352,2.54E+00,3.95E+01,3.96E+01,2.60E+01
758,-86.6717,-46.6507,1.86E+00,3.62E+01,5.48E+01,8.08E+00
759,-86.6768,-39.9863,1.94E+00,3.65E+01,5.11E+01,9.78E+00
760,-86.6816,-33.3219,2.01E+00,3.67E+01,4.77E+01,1.23E+01
761,-93.3458,-39.9882,1.64E+00,3.34E+01,4.83E+01,1.02E+01
762,-93.3415,-46.6529,1.58E+00,3.33E+01,5.15E+01,8.16E+00
763,-93.3497,-33.3235,1.69E+00,3.36E+01,4.53E+01,1.28E+01
764,-80.007,-39.9843,2.24E+00,3.94E+01,5.46E+01,9.55E+00
765,-80.0011,-46.6486,2.14E+00,3.89E+01,5.88E+01,8.12E+00
766,-80.0127,-33.3203,2.32E+00,3.97E+01,5.06E+01,1.19E+01
767,93.3428,-53.3211,1.56E+00,4.78E+01,2.48E+01,5.76E+01
768,86.6731,-53.3197,1.85E+00,4.96E+01,2.65E+01,6.26E+01
769,80.0027,-53.3185,2.12E+00,5.25E+01,2.81E+01,6.82E+01
770,73.3318,-53.3176,2.39E+00,5.66E+01,2.96E+01,7.46E+01
771,66.6607,-53.3173,2.64E+00,6.17E+01,3.10E+01,8.18E+01
772,59.9899,-53.318,2.89E+00,6.70E+01,3.23E+01,8.89E+01
773,53.3202,-53.3204,3.12E+00,7.07E+01,3.38E+01,9.42E+01
774,46.6522,-53.3251,3.33E+00,7.08E+01,3.55E+01,9.53E+01
775,39.9863,-53.3322,3.53E+00,6.69E+01,3.75E+01,9.14E+01
776,33.322,-53.3408,3.71E+00,6.09E+01,3.97E+01,8.36E+01
777,26.6583,-53.35,3.86E+00,5.53E+01,4.18E+01,7.35E+01
778,19.9946,-53.3583,3.98E+00,5.22E+01,4.35E+01,6.21E+01
779,13.3303,-53.3644,4.07E+00,5.18E+01,4.47E+01,5.04E+01
780,6.66563,-53.3675,4.11E+00,5.31E+01,4.55E+01,3.95E+01
781,53.3176,-59.9899,2.89E+00,6.72E+01,3.23E+01,8.91E+01
782,53.3168,-66.6606,2.65E+00,6.19E+01,3.09E+01,8.20E+01
783,53.3171,-73.3315,2.39E+00,5.67E+01,2.95E+01,7.49E+01
784,53.3179,-80.0024,2.13E+00,5.24E+01,2.81E+01,6.84E+01
785,53.3192,-86.6729,1.86E+00,4.94E+01,2.64E+01,6.28E+01
786,53.3207,-93.3426,1.57E+00,4.75E+01,2.48E+01,5.78E+01
787,59.9831,-73.3261,2.25E+00,5.97E+01,2.81E+01,7.81E+01
788,66.6505,-73.3219,2.09E+00,6.12E+01,2.67E+01,7.92E+01
789,73.3192,-73.3191,1.92E+00,6.07E+01,2.55E+01,7.80E+01
790,79.9892,-73.3177,1.74E+00,5.89E+01,2.43E+01,7.49E+01
791,86.6599,-73.3175,1.54E+00,5.69E+01,2.31E+01,7.05E+01
792,93.3309,-73.3181,1.32E+00,5.56E+01,2.19E+01,6.54E+01
793,73.3221,-66.6507,2.09E+00,6.12E+01,2.67E+01,7.91E+01
794,73.3264,-59.9835,2.25E+00,5.97E+01,2.81E+01,7.79E+01
795,59.9837,-66.6556,2.48E+00,6.40E+01,2.94E+01,8.38E+01
796,59.9859,-59.986,2.69E+00,6.69E+01,3.07E+01,8.80E+01
797,66.6523,-66.6523,2.29E+00,6.35E+01,2.80E+01,8.27E+01
798,66.6557,-59.9841,2.47E+00,6.39E+01,2.94E+01,8.37E+01
799,86.6638,-66.6509,1.65E+00,5.53E+01,2.42E+01,6.88E+01
800,86.6683,-59.985,1.75E+00,5.27E+01,2.53E+01,6.60E+01
801,79.9928,-66.6503,1.88E+00,5.80E+01,2.55E+01,7.42E+01
802,79.9975,-59.984,2.01E+00,5.57E+01,2.68E+01,7.18E+01
803,93.3347,-66.652,1.41E+00,5.34E+01,2.28E+01,6.34E+01
804,93.3387,-59.9864,1.49E+00,5.07E+01,2.37E+01,6.07E+01
805,73.3179,-93.3304,1.33E+00,5.50E+01,2.20E+01,6.58E+01
806,73.3174,-86.6595,1.54E+00,5.66E+01,2.32E+01,7.07E+01
807,73.3177,-79.9889,1.74E+00,5.88E+01,2.44E+01,7.50E+01
808,66.6505,-86.6634,1.66E+00,5.50E+01,2.42E+01,6.91E+01
809,59.9845,-86.668,1.76E+00,5.24E+01,2.53E+01,6.63E+01
810,66.6516,-93.3342,1.42E+00,5.29E+01,2.28E+01,6.38E+01
811,59.9859,-93.3384,1.50E+00,5.03E+01,2.38E+01,6.10E+01
812,66.65,-79.9924,1.88E+00,5.79E+01,2.55E+01,7.44E+01
813,59.9835,-79.9971,2.01E+00,5.56E+01,2.68E+01,7.20E+01
814,93.3248,-86.6532,1.10E+00,5.69E+01,2.07E+01,6.61E+01
815,86.6545,-86.6543,1.27E+00,5.68E+01,2.14E+01,6.94E+01
816,79.9854,-86.6564,1.41E+00,5.71E+01,2.23E+01,7.09E+01
817,86.6534,-93.3243,1.11E+00,5.63E+01,2.09E+01,6.64E+01
818,93.3228,-93.3223,9.69E-01,5.63E+01,2.09E+01,6.44E+01
819,79.9851,-93.327,1.22E+00,5.61E+01,2.13E+01,6.67E+01
820,86.6568,-79.9853,1.41E+00,5.73E+01,2.22E+01,7.08E+01
821,93.3276,-79.9851,1.21E+00,5.67E+01,2.12E+01,6.64E+01
822,79.9867,-79.9865,1.58E+00,5.84E+01,2.33E+01,7.37E+01
823,26.6584,-60.0193,3.51E+00,4.99E+01,3.94E+01,6.45E+01
824,26.6587,-66.6879,3.16E+00,4.61E+01,3.71E+01,5.81E+01
825,26.6592,-73.3559,2.81E+00,4.34E+01,3.50E+01,5.32E+01
826,26.6597,-80.0234,2.47E+00,4.14E+01,3.30E+01,4.95E+01
827,26.6604,-86.6905,2.12E+00,3.99E+01,3.11E+01,4.63E+01
828,26.6611,-93.3568,1.78E+00,3.88E+01,2.91E+01,4.36E+01
829,33.3233,-73.3503,2.73E+00,4.55E+01,3.38E+01,5.92E+01
830,39.9875,-73.3441,2.63E+00,4.88E+01,3.24E+01,6.49E+01
831,46.652,-73.3376,2.52E+00,5.27E+01,3.10E+01,7.02E+01
832,39.9867,-66.674,2.94E+00,5.32E+01,3.42E+01,7.18E+01
833,39.9862,-60.0032,3.24E+00,5.93E+01,3.59E+01,8.07E+01
834,33.3226,-66.6812,3.06E+00,4.90E+01,3.57E+01,6.52E+01
835,33.3221,-60.0113,3.38E+00,5.40E+01,3.77E+01,7.31E+01
836,46.6512,-66.6669,2.80E+00,5.79E+01,3.25E+01,7.77E+01
837,46.6511,-59.9958,3.07E+00,6.43E+01,3.40E+01,8.64E+01
838,39.9909,-93.3505,1.69E+00,4.23E+01,2.69E+01,5.09E+01
839,39.9897,-86.6825,2.01E+00,4.36E+01,2.88E+01,5.48E+01
840,39.9886,-80.0136,2.32E+00,4.57E+01,3.06E+01,5.93E+01
841,33.3251,-86.6868,2.07E+00,4.15E+01,2.99E+01,5.06E+01
842,33.326,-93.3539,1.74E+00,4.03E+01,2.80E+01,4.73E+01
843,33.3242,-80.0189,2.40E+00,4.31E+01,3.18E+01,5.45E+01
844,46.6543,-86.6778,1.94E+00,4.63E+01,2.76E+01,5.89E+01
845,46.6557,-93.3467,1.64E+00,4.48E+01,2.58E+01,5.44E+01
846,46.6531,-80.008,2.23E+00,4.89E+01,2.93E+01,6.40E+01
847,6.66561,-73.3651,2.94E+00,4.24E+01,3.82E+01,3.55E+01
848,13.3303,-73.3635,2.92E+00,4.21E+01,3.71E+01,4.12E+01
849,19.9948,-73.3604,2.87E+00,4.23E+01,3.61E+01,4.72E+01
850,13.3301,-66.6974,3.29E+00,4.46E+01,3.93E+01,4.35E+01
851,13.3301,-60.031,3.67E+00,4.77E+01,4.18E+01,4.64E+01
852,6.66557,-66.6993,3.32E+00,4.52E+01,4.03E+01,3.66E+01
853,6.66557,-60.0334,3.71E+00,4.86E+01,4.26E+01,3.79E+01
854,19.9946,-66.6935,3.24E+00,4.47E+01,3.83E+01,5.08E+01
855,19.9945,-60.0261,3.61E+00,4.79E+01,4.07E+01,5.55E+01
856,13.3311,-93.3605,1.83E+00,3.67E+01,3.13E+01,3.61E+01
857,13.3307,-86.6953,2.19E+00,3.83E+01,3.33E+01,3.77E+01
858,13.3305,-80.0296,2.55E+00,4.00E+01,3.52E+01,3.93E+01
859,6.6658,-86.6962,2.20E+00,3.80E+01,3.45E+01,3.34E+01
860,6.66595,-93.3613,1.84E+00,3.60E+01,3.26E+01,3.25E+01
861,6.66569,-80.0308,2.57E+00,4.00E+01,3.63E+01,3.45E+01
862,19.9956,-86.6933,2.16E+00,3.89E+01,3.22E+01,4.20E+01
863,19.9961,-93.359,1.81E+00,3.76E+01,3.02E+01,3.99E+01
864,19.9952,-80.0271,2.52E+00,4.04E+01,3.41E+01,4.44E+01
865,53.3669,-6.66671,4.10E+00,5.26E+01,4.59E+01,4.08E+01
866,53.364,-13.3313,4.06E+00,5.13E+01,4.50E+01,5.16E+01
867,53.358,-19.9957,3.98E+00,5.17E+01,4.39E+01,6.30E+01
868,53.3499,-26.6594,3.86E+00,5.49E+01,4.21E+01,7.39E+01
869,53.3409,-33.323,3.71E+00,6.05E+01,4.00E+01,8.36E+01
870,53.3322,-39.9872,3.53E+00,6.66E+01,3.77E+01,9.12E+01
871,53.325,-46.6529,3.33E+00,7.06E+01,3.56E+01,9.51E+01
872,60.0192,-26.6594,3.50E+00,4.97E+01,3.97E+01,6.50E+01
873,66.6878,-26.6596,3.15E+00,4.60E+01,3.73E+01,5.85E+01
874,73.3558,-26.66,2.80E+00,4.34E+01,3.52E+01,5.36E+01
875,80.0233,-26.6605,2.46E+00,4.15E+01,3.32E+01,4.97E+01
876,86.6903,-26.661,2.11E+00,4.00E+01,3.12E+01,4.65E+01
877,93.3566,-26.6616,1.77E+00,3.88E+01,2.92E+01,4.37E+01
878,73.3602,-19.9956,2.87E+00,4.23E+01,3.63E+01,4.77E+01
879,73.3631,-13.331,2.91E+00,4.20E+01,3.74E+01,4.18E+01
880,73.3645,-6.66643,2.93E+00,4.23E+01,3.84E+01,3.61E+01
881,66.6969,-13.331,3.28E+00,4.44E+01,3.95E+01,4.43E+01
882,60.0305,-13.3311,3.67E+00,4.74E+01,4.20E+01,4.74E+01
883,66.6932,-19.9955,3.23E+00,4.46E+01,3.85E+01,5.14E+01
884,60.0258,-19.9954,3.60E+00,4.76E+01,4.10E+01,5.62E+01
885,66.6987,-6.66648,3.31E+00,4.50E+01,4.05E+01,3.74E+01
886,60.0327,-6.66656,3.70E+00,4.83E+01,4.29E+01,3.89E+01
887,93.3602,-13.3315,1.82E+00,3.66E+01,3.15E+01,3.64E+01
888,86.6949,-13.3313,2.18E+00,3.83E+01,3.35E+01,3.80E+01
889,80.0292,-13.3311,2.54E+00,4.00E+01,3.54E+01,3.98E+01
890,86.693,-19.9962,2.15E+00,3.89E+01,3.24E+01,4.23E+01
891,93.3588,-19.9966,1.80E+00,3.75E+01,3.04E+01,4.01E+01
892,80.0268,-19.9959,2.51E+00,4.04E+01,3.43E+01,4.48E+01
893,86.6957,-6.66643,2.19E+00,3.79E+01,3.47E+01,3.38E+01
894,93.3608,-6.66648,1.84E+00,3.59E+01,3.28E+01,3.28E+01
895,80.0302,-6.66641,2.56E+00,4.00E+01,3.65E+01,3.49E+01
896,73.338,-46.6527,2.51E+00,5.27E+01,3.11E+01,7.01E+01
897,73.3443,-39.9883,2.63E+00,4.88E+01,3.25E+01,6.48E+01
898,73.3504,-33.3241,2.72E+00,4.56E+01,3.39E+01,5.93E+01
899,66.6741,-39.9875,2.93E+00,5.31E+01,3.43E+01,7.18E+01
900,60.0034,-39.9871,3.23E+00,5.90E+01,3.61E+01,8.06E+01
901,66.6671,-46.652,2.80E+00,5.78E+01,3.27E+01,7.75E+01
902,59.9959,-46.6519,3.07E+00,6.40E+01,3.41E+01,8.62E+01
903,66.6813,-33.3235,3.05E+00,4.89E+01,3.59E+01,6.53E+01
904,60.0114,-33.3231,3.38E+00,5.37E+01,3.80E+01,7.32E+01
905,93.3505,-39.9914,1.68E+00,4.25E+01,2.70E+01,5.08E+01
906,86.6825,-39.9903,2.00E+00,4.38E+01,2.88E+01,5.48E+01
907,80.0138,-39.9893,2.32E+00,4.58E+01,3.07E+01,5.93E+01
908,86.6779,-46.655,1.93E+00,4.66E+01,2.77E+01,5.88E+01
909,93.3468,-46.6563,1.62E+00,4.50E+01,2.59E+01,5.43E+01
910,80.0083,-46.6538,2.22E+00,4.91E+01,2.94E+01,6.39E+01
911,86.6867,-33.3256,2.06E+00,4.16E+01,3.00E+01,5.07E+01
912,93.3538,-33.3265,1.73E+00,4.04E+01,2.81E+01,4.73E+01
913,80.0189,-33.3248,2.39E+00,4.33E+01,3.20E+01,5.46E+01
914,6.66798,-26.7074,5.93E+00,9.67E+01,7.29E+01,6.35E+01
915,13.3363,-26.6966,5.79E+00,9.16E+01,6.91E+01,1.06E+02
916,20.0021,-26.6814,5.55E+00,9.31E+01,6.24E+01,1.34E+02
917,26.6688,-26.6696,5.25E+00,9.29E+01,5.59E+01,1.37E+02
918,33.3384,-26.6635,4.92E+00,8.46E+01,5.11E+01,1.23E+02
919,40.0093,-26.6609,4.57E+00,7.27E+01,4.77E+01,1.03E+02
920,46.68,-26.6598,4.21E+00,6.24E+01,4.48E+01,8.63E+01
921,26.6808,-20.0031,5.55E+00,9.20E+01,6.29E+01,1.35E+02
922,26.696,-13.3374,5.79E+00,8.91E+01,7.00E+01,1.09E+02
923,26.7068,-6.66924,5.92E+00,9.35E+01,7.38E+01,6.74E+01
924,20.0276,-13.3436,6.25E+00,1.09E+02,8.64E+01,1.43E+02
925,13.3572,-13.3576,6.70E+00,1.35E+02,1.13E+02,1.56E+02
926,6.67935,-13.3793,7.02E+00,1.77E+02,1.39E+02,1.02E+02
927,13.3427,-20.0281,6.26E+00,1.11E+02,8.58E+01,1.39E+02
928,20.0112,-20.012,5.93E+00,1.03E+02,7.32E+01,1.54E+02
929,6.67101,-20.0439,6.46E+00,1.25E+02,9.41E+01,8.47E+01
930,13.3797,-6.6798,7.02E+00,1.72E+02,1.38E+02,1.08E+02
931,20.0436,-6.67212,6.45E+00,1.20E+02,9.49E+01,9.04E+01
932,6.70123,-6.70006,7.53E+00,2.74E+02,2.03E+02,7.88E+01
933,46.6974,-13.3318,4.47E+00,5.65E+01,4.88E+01,5.78E+01
934,40.0306,-13.3328,4.89E+00,6.37E+01,5.36E+01,6.75E+01
935,33.3636,-13.3344,5.33E+00,7.41E+01,6.03E+01,8.33E+01
936,40.0208,-19.9972,4.76E+00,6.60E+01,5.12E+01,8.73E+01
937,46.6898,-19.9962,4.36E+00,5.76E+01,4.72E+01,7.28E+01
938,33.3511,-19.9992,5.16E+00,7.79E+01,5.61E+01,1.08E+02
939,40.0358,-6.66732,4.96E+00,6.59E+01,5.48E+01,4.75E+01
940,46.7012,-6.66694,4.52E+00,5.82E+01,4.96E+01,4.34E+01
941,33.3709,-6.66797,5.43E+00,7.70E+01,6.22E+01,5.45E+01
942,26.6586,-46.6801,4.22E+00,6.30E+01,4.44E+01,8.60E+01
943,26.6597,-40.0095,4.57E+00,7.34E+01,4.73E+01,1.03E+02
944,26.6624,-33.3388,4.92E+00,8.52E+01,5.08E+01,1.22E+02
945,13.3307,-46.6979,4.48E+00,5.73E+01,4.83E+01,5.63E+01
946,13.3316,-40.0311,4.90E+00,6.50E+01,5.30E+01,6.57E+01
947,13.3332,-33.364,5.34E+00,7.60E+01,5.95E+01,8.10E+01
948,6.6661,-40.0366,4.97E+00,6.72E+01,5.42E+01,4.53E+01
949,6.66578,-46.702,4.53E+00,5.90E+01,4.92E+01,4.17E+01
950,6.66671,-33.3716,5.44E+00,7.90E+01,6.14E+01,5.17E+01
951,19.996,-40.0211,4.76E+00,6.70E+01,5.06E+01,8.63E+01
952,19.995,-46.6901,4.37E+00,5.83E+01,4.68E+01,7.18E+01
953,19.998,-33.3515,5.16E+00,7.91E+01,5.55E+01,1.07E+02
954,39.9877,-46.6615,3.82E+00,7.50E+01,3.92E+01,1.03E+02
955,39.9915,-39.9921,4.09E+00,8.02E+01,4.13E+01,1.11E+02
956,39.9988,-33.3252,4.34E+00,7.93E+01,4.42E+01,1.12E+02
957,33.3244,-39.9992,4.34E+00,7.96E+01,4.39E+01,1.12E+02
958,33.3225,-46.67,4.03E+00,6.99E+01,4.17E+01,9.69E+01
959,33.3291,-33.3298,4.64E+00,8.60E+01,4.69E+01,1.23E+02
960,46.6612,-39.9885,3.82E+00,7.47E+01,3.94E+01,1.03E+02
961,46.6553,-46.6558,3.58E+00,7.52E+01,3.72E+01,1.02E+02
962,46.6699,-33.3235,4.03E+00,6.94E+01,4.20E+01,9.69E+01
1301,-99.9891,-106.239,5.37E-01,4.24E+01,3.69E+01,4.08E+01
1302,-99.9895,-112.495,4.10E-01,3.37E+01,4.54E+01,3.12E+01
1303,-93.3209,-112.498,4.88E-01,3.95E+01,3.61E+01,3.92E+01
1304,-86.654,-112.5,5.49E-01,3.69E+01,3.53E+01,3.62E+01
1305,-79.9875,-112.503,6.00E-01,3.55E+01,3.46E+01,3.50E+01
1306,-73.3214,-112.506,6.45E-01,3.41E+01,3.37E+01,3.45E+01
1307,-66.6556,-112.508,6.83E-01,3.26E+01,3.27E+01,3.45E+01
1308,-59.9899,-112.511,7.16E-01,3.10E+01,3.17E+01,3.45E+01
1309,-53.3243,-112.513,7.45E-01,2.96E+01,3.08E+01,3.45E+01
1310,-46.6589,-112.515,7.70E-01,2.83E+01,2.99E+01,3.46E+01
1311,-39.9933,-112.516,7.91E-01,2.72E+01,2.92E+01,3.47E+01
1312,-33.3277,-112.518,8.09E-01,2.62E+01,2.85E+01,3.47E+01
1313,-26.6622,-112.519,8.23E-01,2.54E+01,2.80E+01,3.48E+01
1314,-19.9965,-112.52,8.34E-01,2.48E+01,2.76E+01,3.48E+01
1315,-13.3309,-112.521,8.42E-01,2.44E+01,2.73E+01,3.49E+01
1316,-6.66526,-112.521,8.47E-01,2.41E+01,2.71E+01,3.49E+01
1317,0.000424593,-112.521,8.49E-01,2.40E+01,2.70E+01,3.48E+01
1318,6.66611,-112.521,8.47E-01,2.41E+01,2.69E+01,3.47E+01
1319,13.3318,-112.52,8.42E-01,2.43E+01,2.70E+01,3.46E+01
1320,19.9974,-112.519,8.33E-01,2.46E+01,2.72E+01,3.45E+01
1321,26.6631,-112.518,8.22E-01,2.51E+01,2.75E+01,3.43E+01
1322,33.3287,-112.517,8.07E-01,2.58E+01,2.79E+01,3.41E+01
1323,39.9942,-112.515,7.89E-01,2.66E+01,2.84E+01,3.38E+01
1324,46.6598,-112.513,7.69E-01,2.76E+01,2.90E+01,3.35E+01
1325,53.3253,-112.511,7.46E-01,2.88E+01,2.98E+01,3.32E+01
1326,59.9909,-112.509,7.20E-01,3.01E+01,3.05E+01,3.28E+01
1327,66.6566,-112.507,6.91E-01,3.16E+01,3.14E+01,3.26E+01
1328,73.3225,-112.504,6.57E-01,3.31E+01,3.21E+01,3.28E+01
1329,79.9886,-112.502,6.19E-01,3.47E+01,3.28E+01,3.37E+01
1330,86.6552,-112.499,5.74E-01,3.61E+01,3.33E+01,3.55E+01
1331,93.3225,-112.496,5.18E-01,3.70E+01,3.35E+01,3.78E+01
1332,99.9905,-112.494,4.48E-01,3.64E+01,3.29E+01,3.85E+01
1333,99.9899,-106.242,5.60E-01,2.63E+01,5.03E+01,1.74E+01
1334,0.00091552,-106.274,1.17E+00,2.96E+01,2.89E+01,3.37E+01
1335,-53.3221,-106.261,1.01E+00,4.85E+01,2.09E+01,5.31E+01
1336,-79.9852,-106.248,8.05E-01,5.92E+01,1.84E+01,6.29E+01
1337,-93.3199,-106.242,6.44E-01,6.05E+01,1.73E+01,6.42E+01
1338,-86.6522,-106.245,7.32E-01,6.02E+01,1.79E+01,6.42E+01
1339,-66.6531,-106.255,9.24E-01,5.46E+01,1.95E+01,5.84E+01
1340,-73.3189,-106.252,8.69E-01,5.72E+01,1.89E+01,6.08E+01
1341,-59.9875,-106.258,9.73E-01,5.16E+01,2.02E+01,5.58E+01
1342,-26.6608,-106.271,1.13E+00,3.73E+01,2.45E+01,4.31E+01
1343,-39.9915,-106.267,1.08E+00,4.25E+01,2.26E+01,4.79E+01
1344,-46.6568,-106.264,1.05E+00,4.54E+01,2.17E+01,5.05E+01
1345,-33.3261,-106.269,1.11E+00,3.98E+01,2.35E+01,4.54E+01
1346,-13.33,-106.273,1.16E+00,3.30E+01,2.65E+01,3.84E+01
1347,-19.9954,-106.272,1.14E+00,3.51E+01,2.55E+01,4.07E+01
1348,-6.66455,-106.274,1.16E+00,3.12E+01,2.77E+01,3.60E+01
1349,46.6586,-106.264,1.04E+00,2.22E+01,4.08E+01,1.61E+01
1350,19.9973,-106.272,1.14E+00,2.57E+01,3.30E+01,2.63E+01
1351,6.66639,-106.274,1.16E+00,2.82E+01,3.01E+01,3.13E+01
1352,13.3319,-106.273,1.15E+00,2.69E+01,3.15E+01,2.88E+01
1353,33.328,-106.269,1.10E+00,2.37E+01,3.65E+01,2.13E+01
1354,26.6627,-106.27,1.12E+00,2.47E+01,3.47E+01,2.38E+01
1355,39.9933,-106.267,1.07E+00,2.29E+01,3.86E+01,1.87E+01
1356,73.3205,-106.253,8.67E-01,2.11E+01,4.97E+01,7.12E+00
1357,59.9892,-106.259,9.64E-01,2.12E+01,4.55E+01,1.09E+01
1358,53.3238,-106.261,1.00E+00,2.16E+01,4.32E+01,1.35E+01
1359,66.6547,-106.256,9.18E-01,2.10E+01,4.78E+01,8.57E+00
1360,86.6536,-106.247,7.40E-01,2.26E+01,5.19E+01,9.58E+00
1361,79.9868,-106.25,8.08E-01,2.16E+01,5.11E+01,7.34E+00
1362,93.3214,-106.244,6.59E-01,2.56E+01,5.17E+01,1.45E+01
1363,99.9868,106.24,5.85E-01,5.55E+01,1.40E+01,6.79E+01
1364,99.9879,112.494,4.63E-01,5.22E+01,1.30E+01,6.97E+01
1365,93.3204,112.496,5.26E-01,5.27E+01,1.39E+01,7.01E+01
1366,86.6536,112.499,5.81E-01,5.25E+01,1.50E+01,6.95E+01
1367,79.9872,112.502,6.30E-01,5.15E+01,1.57E+01,6.80E+01
1368,73.3211,112.505,6.73E-01,4.98E+01,1.62E+01,6.58E+01
1369,66.6552,112.507,7.09E-01,4.75E+01,1.68E+01,6.33E+01
1370,59.9895,112.51,7.40E-01,4.48E+01,1.75E+01,6.05E+01
1371,53.3238,112.512,7.67E-01,4.20E+01,1.82E+01,5.77E+01
1372,46.6582,112.514,7.89E-01,3.93E+01,1.90E+01,5.49E+01
1373,39.9927,112.516,8.07E-01,3.66E+01,1.99E+01,5.22E+01
1374,33.3271,112.518,8.22E-01,3.42E+01,2.08E+01,4.95E+01
1375,26.6615,112.519,8.33E-01,3.19E+01,2.19E+01,4.69E+01
1376,19.9959,112.52,8.41E-01,2.99E+01,2.29E+01,4.43E+01
1377,13.3302,112.52,8.46E-01,2.80E+01,2.41E+01,4.17E+01
1378,6.66455,112.521,8.48E-01,2.64E+01,2.53E+01,3.91E+01
1379,-0.00112483,112.521,8.46E-01,2.49E+01,2.66E+01,3.64E+01
1380,-6.66681,112.521,8.41E-01,2.37E+01,2.80E+01,3.37E+01
1381,-13.3324,112.52,8.32E-01,2.26E+01,2.95E+01,3.09E+01
1382,-19.9981,112.519,8.20E-01,2.16E+01,3.11E+01,2.81E+01
1383,-26.6638,112.518,8.05E-01,2.08E+01,3.28E+01,2.53E+01
1384,-33.3293,112.517,7.87E-01,2.00E+01,3.47E+01,2.24E+01
1385,-39.9949,112.515,7.66E-01,1.94E+01,3.67E+01,1.96E+01
1386,-46.6605,112.513,7.42E-01,1.89E+01,3.90E+01,1.67E+01
1387,-53.326,112.511,7.16E-01,1.85E+01,4.13E+01,1.39E+01
1388,-59.9916,112.509,6.85E-01,1.83E+01,4.37E+01,1.12E+01
1389,-66.6573,112.507,6.52E-01,1.82E+01,4.60E+01,8.71E+00
1390,-73.323,112.505,6.14E-01,1.82E+01,4.82E+01,6.99E+00
1391,-79.989,112.502,5.71E-01,1.81E+01,5.01E+01,6.46E+00
1392,-86.6553,112.5,5.24E-01,1.76E+01,5.15E+01,7.17E+00
1393,-93.3218,112.498,4.71E-01,1.56E+01,5.23E+01,7.31E+00
1394,-99.9888,112.497,4.18E-01,2.25E+01,4.22E+01,2.03E+01
1395,-99.9874,106.245,5.69E-01,3.43E+01,3.42E+01,3.59E+01
1396,-0.00139739,106.274,1.16E+00,2.95E+01,2.95E+01,3.45E+01
1397,53.3216,106.26,1.03E+00,4.80E+01,2.18E+01,5.60E+01
1398,79.9848,106.247,8.22E-01,5.67E+01,1.85E+01,6.67E+01
1399,93.3189,106.241,6.71E-01,5.66E+01,1.54E+01,6.89E+01
1400,86.6516,106.244,7.50E-01,5.70E+01,1.72E+01,6.83E+01
1401,66.6527,106.254,9.40E-01,5.34E+01,2.03E+01,6.19E+01
1402,73.3186,106.25,8.85E-01,5.55E+01,1.95E+01,6.45E+01
1403,59.9871,106.257,9.87E-01,5.08E+01,2.11E+01,5.90E+01
1404,26.6603,106.27,1.14E+00,3.72E+01,2.53E+01,4.48E+01
1405,39.991,106.266,1.09E+00,4.23E+01,2.35E+01,5.02E+01
1406,46.6563,106.263,1.06E+00,4.51E+01,2.26E+01,5.31E+01
1407,33.3256,106.268,1.12E+00,3.96E+01,2.44E+01,4.75E+01
1408,13.3295,106.273,1.16E+00,3.29E+01,2.73E+01,3.97E+01
1409,19.9949,106.271,1.15E+00,3.49E+01,2.63E+01,4.22E+01
1410,6.66407,106.273,1.16E+00,3.11E+01,2.84E+01,3.71E+01
1411,-46.6592,106.264,1.02E+00,2.24E+01,4.11E+01,1.56E+01
1412,-19.9978,106.272,1.13E+00,2.57E+01,3.35E+01,2.64E+01
1413,-6.66686,106.273,1.16E+00,2.81E+01,3.08E+01,3.18E+01
1414,-13.3323,106.273,1.15E+00,2.68E+01,3.21E+01,2.92E+01
1415,-33.3285,106.269,1.08E+00,2.39E+01,3.69E+01,2.10E+01
1416,-26.6632,106.27,1.11E+00,2.47E+01,3.51E+01,2.37E+01
1417,-39.9938,106.267,1.05E+00,2.31E+01,3.89E+01,1.83E+01
1418,-73.3209,106.253,8.37E-01,2.09E+01,5.02E+01,6.75E+00
1419,-59.9898,106.259,9.38E-01,2.14E+01,4.58E+01,1.04E+01
1420,-53.3244,106.262,9.81E-01,2.18E+01,4.34E+01,1.29E+01
1421,-66.6553,106.256,8.91E-01,2.11E+01,4.81E+01,8.18E+00
1422,-86.6537,106.248,7.12E-01,2.11E+01,5.33E+01,7.56E+00
1423,-79.9871,106.25,7.78E-01,2.09E+01,5.21E+01,6.53E+00
1424,-93.3206,106.246,6.41E-01,2.09E+01,5.32E+01,8.99E+00
1425,-106.24,112.496,3.62E-01,2.91E+01,3.06E+01,3.66E+01
1426,-112.492,112.495,3.00E-01,3.16E+01,2.18E+01,5.34E+01
1427,-112.494,106.242,3.98E-01,4.15E+01,1.54E+01,6.76E+01
1428,-112.497,99.9904,4.77E-01,4.46E+01,1.57E+01,6.77E+01
1429,-112.499,93.3225,5.44E-01,4.60E+01,1.56E+01,6.67E+01
1430,-112.502,86.6552,5.97E-01,4.58E+01,1.51E+01,6.58E+01
1431,-112.504,79.9886,6.41E-01,4.47E+01,1.50E+01,6.44E+01
1432,-112.507,73.3225,6.78E-01,4.30E+01,1.54E+01,6.26E+01
1433,-112.509,66.6567,7.10E-01,4.08E+01,1.61E+01,6.04E+01
1434,-112.511,59.9911,7.38E-01,3.83E+01,1.70E+01,5.79E+01
1435,-112.513,53.3255,7.62E-01,3.59E+01,1.80E+01,5.54E+01
1436,-112.515,46.6599,7.83E-01,3.35E+01,1.91E+01,5.27E+01
1437,-112.517,39.9944,8.02E-01,3.14E+01,2.02E+01,5.01E+01
1438,-112.518,33.3288,8.17E-01,2.95E+01,2.14E+01,4.74E+01
1439,-112.519,26.6631,8.29E-01,2.78E+01,2.27E+01,4.46E+01
1440,-112.52,19.9975,8.38E-01,2.64E+01,2.40E+01,4.19E+01
1441,-112.521,13.3318,8.44E-01,2.52E+01,2.54E+01,3.90E+01
1442,-112.521,6.6661,8.46E-01,2.42E+01,2.69E+01,3.62E+01
1443,-112.521,0.000411076,8.45E-01,2.33E+01,2.84E+01,3.33E+01
1444,-112.52,-6.66527,8.41E-01,2.26E+01,3.01E+01,3.04E+01
1445,-112.52,-13.3309,8.33E-01,2.20E+01,3.19E+01,2.75E+01
1446,-112.519,-19.9965,8.22E-01,2.14E+01,3.39E+01,2.45E+01
1447,-112.518,-26.6622,8.08E-01,2.10E+01,3.60E+01,2.16E+01
1448,-112.516,-33.3277,7.91E-01,2.08E+01,3.83E+01,1.86E+01
1449,-112.514,-39.9933,7.71E-01,2.06E+01,4.07E+01,1.56E+01
1450,-112.512,-46.6588,7.47E-01,2.05E+01,4.33E+01,1.27E+01
1451,-112.51,-53.3243,7.19E-01,2.05E+01,4.61E+01,1.00E+01
1452,-112.508,-59.9899,6.87E-01,2.06E+01,4.88E+01,7.94E+00
1453,-112.505,-66.6556,6.50E-01,2.08E+01,5.15E+01,6.99E+00
1454,-112.502,-73.3213,6.08E-01,2.09E+01,5.38E+01,7.44E+00
1455,-112.5,-79.9873,5.60E-01,2.08E+01,5.56E+01,8.96E+00
1456,-112.497,-86.6536,5.07E-01,2.04E+01,5.69E+01,1.07E+01
1457,-112.495,-93.3202,4.49E-01,1.98E+01,5.77E+01,1.25E+01
1458,-112.493,-99.9876,3.86E-01,2.01E+01,5.75E+01,1.53E+01
1459,-112.492,-106.239,3.20E-01,2.13E+01,5.53E+01,1.84E+01
1460,-112.491,-112.491,2.43E-01,2.08E+01,5.21E+01,1.94E+01
1461,-106.24,-112.492,3.27E-01,2.40E+01,5.37E+01,2.05E+01
1462,-106.273,0.000550103,1.16E+00,2.81E+01,3.08E+01,3.08E+01
1463,-106.26,59.9892,9.95E-01,4.21E+01,1.97E+01,5.80E+01
1464,-106.248,86.6537,7.82E-01,4.88E+01,1.72E+01,6.60E+01
1465,-106.243,99.784,6.08E-01,4.66E+01,1.86E+01,6.67E+01
1466,-106.241,106.186,4.93E-01,4.51E+01,1.61E+01,6.54E+01
1467,-106.245,93.2646,7.04E-01,4.88E+01,1.82E+01,6.63E+01
1468,-106.254,73.3206,9.04E-01,4.64E+01,1.81E+01,6.30E+01
1469,-106.251,79.9868,8.48E-01,4.79E+01,1.75E+01,6.49E+01
1470,-106.257,66.6548,9.52E-01,4.44E+01,1.88E+01,6.07E+01
1471,-106.27,33.3278,1.12E+00,3.35E+01,2.40E+01,4.64E+01
1472,-106.266,46.6585,1.07E+00,3.74E+01,2.17E+01,5.23E+01
1473,-106.263,53.3238,1.03E+00,3.97E+01,2.06E+01,5.52E+01
1474,-106.268,39.9932,1.09E+00,3.53E+01,2.28E+01,4.94E+01
1475,-106.273,19.997,1.15E+00,3.07E+01,2.65E+01,4.02E+01
1476,-106.271,26.6624,1.14E+00,3.20E+01,2.52E+01,4.33E+01
1477,-106.273,13.3315,1.16E+00,2.97E+01,2.79E+01,3.71E+01
1478,-106.274,6.66603,1.16E+00,2.89E+01,2.93E+01,3.40E+01
1479,-106.259,-53.3222,9.75E-01,2.58E+01,4.90E+01,7.76E+00
1480,-106.269,-26.6611,1.11E+00,2.64E+01,3.85E+01,1.84E+01
1481,-106.272,-13.3303,1.14E+00,2.71E+01,3.43E+01,2.46E+01
1482,-106.273,-6.6649,1.15E+00,2.76E+01,3.25E+01,2.77E+01
1483,-106.271,-19.9957,1.13E+00,2.67E+01,3.63E+01,2.15E+01
1484,-106.265,-39.9916,1.05E+00,2.60E+01,4.34E+01,1.25E+01
1485,-106.267,-33.3263,1.08E+00,2.61E+01,4.08E+01,1.54E+01
1486,-106.262,-46.6569,1.02E+00,2.59E+01,4.61E+01,9.83E+00
1487,-106.246,-79.9849,7.52E-01,2.50E+01,5.85E+01,1.06E+01
1488,-106.252,-66.6531,8.77E-01,2.57E+01,5.45E+01,7.27E+00
1489,-106.256,-59.9875,9.29E-01,2.58E+01,5.18E+01,6.81E+00
1490,-106.249,-73.3187,8.18E-01,2.55E+01,5.68E+01,8.79E+00
1491,-106.241,-93.2617,5.99E-01,2.17E+01,5.96E+01,1.17E+01
1492,-106.243,-86.6515,6.78E-01,2.39E+01,5.95E+01,1.19E+01
1493,-106.24,-99.7799,5.17E-01,2.10E+01,5.88E+01,1.29E+01
1494,-106.24,-106.183,4.29E-01,2.39E+01,5.66E+01,1.81E+01
1495,106.24,112.493,3.98E-01,5.00E+01,1.26E+01,6.84E+01
1496,112.492,112.492,3.22E-01,4.65E+01,1.22E+01,6.78E+01
1497,112.493,106.239,3.98E-01,4.96E+01,1.29E+01,6.83E+01
1498,112.494,99.9881,4.63E-01,5.14E+01,1.34E+01,6.93E+01
1499,112.497,93.3208,5.26E-01,5.21E+01,1.41E+01,6.99E+01
1500,112.499,86.654,5.81E-01,5.19E+01,1.48E+01,6.91E+01
1501,112.502,79.9875,6.31E-01,5.09E+01,1.53E+01,6.73E+01
1502,112.505,73.3213,6.74E-01,4.90E+01,1.58E+01,6.51E+01
1503,112.508,66.6554,7.10E-01,4.67E+01,1.64E+01,6.25E+01
1504,112.51,59.9896,7.41E-01,4.40E+01,1.70E+01,5.97E+01
1505,112.512,53.324,7.68E-01,4.13E+01,1.78E+01,5.70E+01
1506,112.514,46.6584,7.90E-01,3.86E+01,1.86E+01,5.43E+01
1507,112.516,39.9928,8.08E-01,3.61E+01,1.95E+01,5.17E+01
1508,112.518,33.3272,8.23E-01,3.37E+01,2.05E+01,4.91E+01
1509,112.519,26.6616,8.35E-01,3.15E+01,2.16E+01,4.65E+01
1510,112.52,19.996,8.43E-01,2.95E+01,2.27E+01,4.40E+01
1511,112.52,13.3303,8.48E-01,2.77E+01,2.39E+01,4.15E+01
1512,112.521,6.66464,8.49E-01,2.62E+01,2.52E+01,3.89E+01
1513,112.521,-0.0010395,8.47E-01,2.48E+01,2.66E+01,3.63E+01
1514,112.521,-6.66672,8.42E-01,2.36E+01,2.80E+01,3.36E+01
1515,112.52,-13.3323,8.34E-01,2.25E+01,2.95E+01,3.08E+01
1516,112.519,-19.998,8.22E-01,2.15E+01,3.12E+01,2.81E+01
1517,112.518,-26.6637,8.07E-01,2.07E+01,3.30E+01,2.53E+01
1518,112.517,-33.3292,7.89E-01,1.99E+01,3.50E+01,2.24E+01
1519,112.515,-39.9947,7.69E-01,1.93E+01,3.70E+01,1.96E+01
1520,112.513,-46.6603,7.45E-01,1.88E+01,3.93E+01,1.67E+01
1521,112.511,-53.3258,7.19E-01,1.84E+01,4.16E+01,1.37E+01
1522,112.509,-59.9914,6.89E-01,1.82E+01,4.41E+01,1.09E+01
1523,112.507,-66.6571,6.56E-01,1.82E+01,4.65E+01,8.35E+00
1524,112.505,-73.3228,6.20E-01,1.84E+01,4.87E+01,6.78E+00
1525,112.502,-79.9889,5.78E-01,1.90E+01,5.07E+01,7.04E+00
1526,112.5,-86.6554,5.30E-01,2.01E+01,5.21E+01,9.35E+00
1527,112.498,-93.3224,4.72E-01,2.15E+01,5.24E+01,1.26E+01
1528,112.496,-99.9898,4.05E-01,2.11E+01,5.10E+01,1.41E+01
1529,112.494,-106.24,3.37E-01,1.74E+01,4.93E+01,1.23E+01
1530,112.494,-112.491,2.72E-01,2.32E+01,3.90E+01,2.24E+01
1531,106.242,-112.492,3.67E-01,3.46E+01,3.16E+01,3.64E+01
1532,106.274,-0.00128464,1.16E+00,2.93E+01,2.95E+01,3.43E+01
1533,106.258,59.9873,9.88E-01,5.00E+01,2.06E+01,5.82E+01
1534,106.244,86.6518,7.51E-01,5.65E+01,1.69E+01,6.78E+01
1535,106.24,99.7805,5.88E-01,5.49E+01,1.40E+01,6.74E+01
1536,106.239,106.183,4.99E-01,5.30E+01,1.36E+01,6.71E+01
1537,106.242,93.2622,6.72E-01,5.59E+01,1.52E+01,6.83E+01
1538,106.251,73.3188,8.86E-01,5.48E+01,1.91E+01,6.38E+01
1539,106.247,79.9851,8.22E-01,5.62E+01,1.81E+01,6.61E+01
1540,106.254,66.6529,9.41E-01,5.26E+01,1.99E+01,6.11E+01
1541,106.268,33.3258,1.12E+00,3.91E+01,2.41E+01,4.70E+01
1542,106.264,46.6564,1.06E+00,4.44E+01,2.23E+01,5.24E+01
1543,106.261,53.3218,1.03E+00,4.72E+01,2.14E+01,5.53E+01
1544,106.266,39.9911,1.09E+00,4.17E+01,2.32E+01,4.97E+01
1545,106.272,19.995,1.15E+00,3.46E+01,2.61E+01,4.19E+01
1546,106.27,26.6604,1.14E+00,3.67E+01,2.51E+01,4.44E+01
1547,106.273,13.3296,1.16E+00,3.26E+01,2.72E+01,3.94E+01
1548,106.273,6.66418,1.16E+00,3.09E+01,2.83E+01,3.69E+01
1549,106.261,-53.3242,9.84E-01,2.17E+01,4.38E+01,1.28E+01
1550,106.27,-26.663,1.11E+00,2.46E+01,3.54E+01,2.37E+01
1551,106.273,-13.3322,1.15E+00,2.67E+01,3.22E+01,2.90E+01
1552,106.273,-6.66674,1.16E+00,2.79E+01,3.08E+01,3.17E+01
1553,106.272,-19.9976,1.13E+00,2.56E+01,3.37E+01,2.64E+01
1554,106.266,-39.9936,1.06E+00,2.30E+01,3.92E+01,1.82E+01
1555,106.269,-33.3283,1.09E+00,2.37E+01,3.72E+01,2.10E+01
1556,106.264,-46.6589,1.02E+00,2.23E+01,4.14E+01,1.55E+01
1557,106.25,-79.987,7.82E-01,2.15E+01,5.23E+01,7.27E+00
1558,106.256,-66.6551,8.94E-01,2.11E+01,4.85E+01,7.97E+00
1559,106.259,-59.9896,9.42E-01,2.13E+01,4.62E+01,1.02E+01
1560,106.253,-73.3208,8.41E-01,2.11E+01,5.06E+01,6.75E+00
1561,106.245,-93.2644,6.37E-01,2.57E+01,5.32E+01,1.48E+01
1562,106.248,-86.6538,7.14E-01,2.25E+01,5.33E+01,9.71E+00
1563,106.243,-99.783,5.48E-01,2.68E+01,5.13E+01,1.78E+01
1564,106.242,-106.185,4.54E-01,2.25E+01,4.96E+01,1.54E+01
1565,112.495,-118.745,2.02E-01,3.11E+01,2.89E+01,3.61E+01
1566,112.497,-124.999,1.21E-01,2.83E+01,2.72E+01,3.96E+01
1567,112.498,-131.252,4.16E-02,1.95E+01,2.46E+01,4.58E+01
1568,112.5,-137.5,0.00E+00,1.30E+01,2.34E+01,5.02E+01
1569,106.25,-137.5,0.00E+00,1.71E+01,8.50E+00,9.23E+01
1570,100,-137.5,0.00E+00,1.41E+01,1.12E+01,9.46E+01
1571,93.3333,-137.5,0.00E+00,1.08E+01,1.13E+01,9.59E+01
1572,86.6667,-137.5,0.00E+00,7.39E+00,1.10E+01,9.62E+01
1573,80,-137.5,0.00E+00,4.56E+00,1.04E+01,9.58E+01
1574,73.3333,-137.5,0.00E+00,3.72E+00,9.48E+00,9.50E+01
1575,66.6667,-137.5,0.00E+00,5.51E+00,8.41E+00,9.39E+01
1576,60,-137.5,0.00E+00,8.51E+00,7.20E+00,9.27E+01
1577,53.3333,-137.5,0.00E+00,1.16E+01,5.91E+00,9.14E+01
1578,46.6667,-137.5,0.00E+00,1.47E+01,4.58E+00,9.01E+01
1579,40,-137.5,0.00E+00,1.75E+01,3.25E+00,8.87E+01
1580,33.3333,-137.5,0.00E+00,2.01E+01,2.02E+00,8.72E+01
1581,26.6667,-137.5,0.00E+00,2.25E+01,1.41E+00,8.56E+01
1582,20,-137.5,0.00E+00,2.47E+01,1.96E+00,8.39E+01
1583,13.3333,-137.5,0.00E+00,2.67E+01,3.33E+00,8.21E+01
1584,6.66667,-137.5,0.00E+00,2.84E+01,4.94E+00,8.02E+01
1585,0,-137.5,0.00E+00,2.99E+01,6.67E+00,7.82E+01
1586,-6.66667,-137.5,0.00E+00,3.13E+01,8.52E+00,7.60E+01
1587,-13.3333,-137.5,0.00E+00,3.24E+01,1.05E+01,7.37E+01
1588,-20,-137.5,0.00E+00,3.33E+01,1.25E+01,7.13E+01
1589,-26.6667,-137.5,0.00E+00,3.41E+01,1.47E+01,6.88E+01
1590,-33.3333,-137.5,0.00E+00,3.47E+01,1.71E+01,6.61E+01
1591,-40,-137.5,0.00E+00,3.50E+01,1.95E+01,6.32E+01
1592,-46.6667,-137.5,0.00E+00,3.52E+01,2.21E+01,6.01E+01
1593,-53.3333,-137.5,0.00E+00,3.51E+01,2.49E+01,5.69E+01
1594,-60,-137.5,0.00E+00,3.47E+01,2.79E+01,5.33E+01
1595,-66.6667,-137.5,0.00E+00,3.41E+01,3.10E+01,4.95E+01
1596,-73.3333,-137.5,0.00E+00,3.31E+01,3.43E+01,4.53E+01
1597,-80,-137.5,0.00E+00,3.16E+01,3.77E+01,4.06E+01
1598,-86.6667,-137.5,0.00E+00,2.90E+01,4.09E+01,3.51E+01
1599,-93.3333,-137.5,0.00E+00,2.50E+01,4.41E+01,2.90E+01
1600,-100,-137.5,0.00E+00,2.00E+01,4.69E+01,2.24E+01
1601,-106.25,-137.5,0.00E+00,1.46E+01,4.94E+01,1.59E+01
1602,-112.5,-137.5,0.00E+00,9.23E+00,5.11E+01,1.03E+01
1603,-112.496,-131.249,2.60E-02,7.63E+00,5.07E+01,9.38E+00
1604,-112.493,-124.996,8.56E-02,1.04E+01,5.02E+01,1.17E+01
1605,-112.492,-118.744,1.62E-01,1.73E+01,5.03E+01,1.69E+01
1606,-0.000226405,-131.259,8.71E-02,1.70E+01,1.20E+01,6.66E+01
1607,0.0001137,-125.014,2.89E-01,7.62E+00,2.02E+01,4.86E+01
1608,0.000324668,-118.768,5.52E-01,1.57E+01,2.50E+01,3.88E+01
1609,59.9971,-131.257,7.96E-02,1.24E+01,6.29E+00,8.23E+01
1610,59.995,-125.01,2.59E-01,2.36E+01,8.35E+00,6.63E+01
1611,59.9928,-118.761,4.83E-01,3.54E+01,1.41E+01,5.78E+01
1612,86.6627,-131.255,7.04E-02,1.82E+01,7.49E+00,8.65E+01
1613,86.6596,-125.006,2.23E-01,3.53E+01,6.57E+00,7.16E+01
1614,86.6569,-118.754,4.02E-01,4.59E+01,1.24E+01,6.37E+01
1615,99.7893,-131.254,6.30E-02,2.36E+01,8.08E+00,8.56E+01
1616,99.7866,-125.003,1.91E-01,3.82E+01,8.07E+00,7.20E+01
1617,99.7848,-118.749,3.30E-01,4.65E+01,1.35E+01,6.46E+01
1618,106.159,-125.001,1.66E-01,4.07E+01,1.02E+01,6.84E+01
1619,106.175,-131.246,5.79E-02,2.69E+01,8.14E+00,8.24E+01
1620,106.172,-118.754,2.76E-01,4.72E+01,1.33E+01,6.18E+01
1621,93.2412,-125.005,2.09E-01,3.72E+01,7.00E+00,7.21E+01
1622,93.2583,-131.262,6.69E-02,2.11E+01,7.71E+00,8.64E+01
1623,93.2528,-118.745,3.71E-01,4.67E+01,1.29E+01,6.45E+01
1624,73.3298,-131.256,7.56E-02,1.32E+01,6.82E+00,8.49E+01
1625,73.3271,-125.008,2.43E-01,2.98E+01,6.89E+00,6.95E+01
1626,73.3245,-118.758,4.48E-01,4.13E+01,1.26E+01,6.13E+01
1627,79.9933,-125.007,2.34E-01,3.28E+01,6.56E+00,7.08E+01
1628,79.9962,-131.256,7.32E-02,1.53E+01,7.18E+00,8.59E+01
1629,79.9905,-118.756,4.27E-01,4.39E+01,1.23E+01,6.27E+01
1630,66.661,-125.009,2.52E-01,2.67E+01,7.51E+00,6.80E+01
1631,66.6635,-131.257,7.77E-02,1.25E+01,6.52E+00,8.37E+01
1632,66.6586,-118.759,4.67E-01,3.84E+01,1.33E+01,5.97E+01
1633,33.3317,-131.258,8.52E-02,1.27E+01,5.98E+00,7.61E+01
1634,33.3307,-125.013,2.80E-01,1.27E+01,1.30E+01,5.90E+01
1635,33.3297,-118.765,5.31E-01,2.47E+01,1.83E+01,4.97E+01
1636,46.6644,-131.258,8.28E-02,1.25E+01,6.02E+00,7.93E+01
1637,46.6629,-125.012,2.71E-01,1.77E+01,1.05E+01,6.27E+01
1638,46.6613,-118.763,5.10E-01,2.97E+01,1.60E+01,5.38E+01
1639,53.3289,-125.011,2.65E-01,2.06E+01,9.36E+00,6.45E+01
1640,53.3308,-131.258,8.13E-02,1.25E+01,6.13E+00,8.09E+01
1641,53.327,-118.762,4.98E-01,3.25E+01,1.50E+01,5.58E+01
1642,39.9968,-125.012,2.76E-01,1.51E+01,1.17E+01,6.09E+01
1643,39.9981,-131.258,8.41E-02,1.26E+01,5.95E+00,7.77E+01
1644,39.9955,-118.764,5.22E-01,2.71E+01,1.71E+01,5.18E+01
1645,19.9989,-131.259,8.68E-02,1.30E+01,7.33E+00,7.26E+01
1646,19.9985,-125.013,2.87E-01,8.57E+00,1.57E+01,5.50E+01
1647,19.998,-118.767,5.45E-01,2.05E+01,2.08E+01,4.55E+01
1648,26.6646,-125.013,2.84E-01,1.05E+01,1.43E+01,5.70E+01
1649,26.6653,-131.258,8.61E-02,1.28E+01,6.35E+00,7.44E+01
1650,26.6638,-118.766,5.39E-01,2.25E+01,1.95E+01,4.76E+01
1651,6.66625,-125.014,2.89E-01,7.60E+00,1.86E+01,5.08E+01
1652,13.3324,-125.014,2.88E-01,7.65E+00,1.71E+01,5.29E+01
1653,6.66616,-131.259,8.73E-02,1.55E+01,1.03E+01,6.87E+01
1654,13.3326,-131.259,8.71E-02,1.39E+01,8.75E+00,7.07E+01
1655,6.66622,-118.768,5.52E-01,1.71E+01,2.35E+01,4.11E+01
1656,13.3321,-118.767,5.49E-01,1.87E+01,2.21E+01,4.33E+01
1657,-53.3312,-131.257,7.72E-02,2.25E+01,2.97E+01,4.54E+01
1658,-53.3287,-125.01,2.54E-01,7.80E+00,3.69E+01,2.76E+01
1659,-53.3265,-118.762,4.84E-01,9.48E+00,4.11E+01,1.84E+01
1660,-26.6658,-131.258,8.42E-02,2.12E+01,1.98E+01,5.71E+01
1661,-26.6644,-125.013,2.79E-01,7.72E+00,2.75E+01,3.90E+01
1662,-26.6632,-118.766,5.34E-01,1.14E+01,3.20E+01,2.92E+01
1663,-13.333,-131.259,8.61E-02,1.94E+01,1.57E+01,6.21E+01
1664,-13.3321,-125.013,2.86E-01,7.67E+00,2.37E+01,4.39E+01
1665,-13.3314,-118.767,5.47E-01,1.32E+01,2.82E+01,3.41E+01
1666,-6.66599,-125.014,2.88E-01,7.65E+00,2.19E+01,4.63E+01
1667,-6.6666,-131.259,8.68E-02,1.83E+01,1.38E+01,6.44E+01
1668,-6.66555,-118.768,5.50E-01,1.44E+01,2.66E+01,3.65E+01
1669,-19.9983,-125.013,2.83E-01,7.70E+00,2.55E+01,4.15E+01
1670,-19.9994,-131.258,8.53E-02,2.04E+01,1.77E+01,5.97E+01
1671,-19.9973,-118.767,5.41E-01,1.22E+01,3.00E+01,3.17E+01
1672,-39.9985,-131.258,8.12E-02,2.23E+01,2.45E+01,5.16E+01
1673,-39.9966,-125.012,2.68E-01,7.77E+00,3.20E+01,3.36E+01
1674,-39.9949,-118.764,5.13E-01,1.01E+01,3.63E+01,2.40E+01
1675,-33.3306,-125.012,2.74E-01,7.74E+00,2.97E+01,3.63E+01
1676,-33.3322,-131.258,8.28E-02,2.18E+01,2.21E+01,5.44E+01
1677,-33.3291,-118.765,5.24E-01,1.07E+01,3.40E+01,2.66E+01
1678,-46.6626,-125.011,2.62E-01,7.79E+00,3.44E+01,3.07E+01
1679,-46.6648,-131.257,7.94E-02,2.25E+01,2.70E+01,4.86E+01
1680,-46.6606,-118.763,5.00E-01,9.70E+00,3.86E+01,2.13E+01
1681,-79.9967,-131.254,6.47E-02,1.96E+01,4.17E+01,2.98E+01
1682,-79.9932,-125.005,2.09E-01,7.75E+00,4.76E+01,1.38E+01
1683,-79.9902,-118.754,3.93E-01,1.10E+01,5.09E+01,7.88E+00
1684,-66.664,-131.256,7.18E-02,2.17E+01,3.55E+01,3.83E+01
1685,-66.6609,-125.008,2.35E-01,7.78E+00,4.23E+01,2.10E+01
1686,-66.6583,-118.758,4.45E-01,9.67E+00,4.63E+01,1.26E+01
1687,-59.9948,-125.009,2.45E-01,7.80E+00,3.96E+01,2.44E+01
1688,-59.9976,-131.256,7.47E-02,2.23E+01,3.26E+01,4.20E+01
1689,-59.9923,-118.76,4.66E-01,9.46E+00,4.37E+01,1.55E+01
1690,-73.3271,-125.006,2.23E-01,7.77E+00,4.50E+01,1.74E+01
1691,-73.3304,-131.255,6.85E-02,2.09E+01,3.86E+01,3.43E+01
1692,-73.3242,-118.756,4.21E-01,1.02E+01,4.87E+01,9.91E+00
1693,-93.2333,-131.263,5.39E-02,1.44E+01,4.70E+01,1.94E+01
1694,-93.2007,-125.002,1.73E-01,8.13E+00,5.15E+01,9.60E+00
1695,-93.227,-118.74,3.23E-01,1.64E+01,5.39E+01,1.16E+01
1696,-86.6192,-125.004,1.93E-01,7.79E+00,4.99E+01,1.08E+01
1697,-86.6363,-131.258,6.01E-02,1.74E+01,4.46E+01,2.47E+01
1698,-86.6298,-118.748,3.61E-01,1.26E+01,5.27E+01,7.74E+00
1699,-106.116,-124.998,1.18E-01,9.66E+00,5.16E+01,1.11E+01
1700,-99.6903,-125,1.47E-01,8.76E+00,5.20E+01,1.01E+01
1701,-106.149,-131.239,3.65E-02,9.49E+00,5.03E+01,1.17E+01
1702,-99.7289,-131.252,4.60E-02,1.16E+01,4.89E+01,1.49E+01
1703,-106.144,-118.756,2.19E-01,1.84E+01,5.22E+01,1.71E+01
1704,-99.7233,-118.747,2.75E-01,1.90E+01,5.35E+01,1.58E+01
1705,112.492,118.745,2.35E-01,4.36E+01,1.11E+01,6.96E+01
1706,112.493,124.999,1.37E-01,4.06E+01,8.23E+00,7.52E+01
1707,112.495,131.252,4.53E-02,3.30E+01,7.31E+00,8.61E+01
1708,112.5,137.5,0.00E+00,2.73E+01,8.56E+00,9.35E+01
1709,106.25,137.5,0.00E+00,2.44E+01,9.40E+00,9.60E+01
1710,100,137.5,0.00E+00,2.01E+01,9.49E+00,9.79E+01
1711,93.3333,137.5,0.00E+00,1.52E+01,9.74E+00,1.01E+02
1712,86.6667,137.5,0.00E+00,1.06E+01,1.01E+01,1.02E+02
1713,80,137.5,0.00E+00,6.55E+00,1.01E+01,1.01E+02
1714,73.3333,137.5,0.00E+00,3.99E+00,9.54E+00,1.00E+02
1715,66.6667,137.5,0.00E+00,4.50E+00,8.61E+00,9.91E+01
1716,60,137.5,0.00E+00,7.32E+00,7.61E+00,9.77E+01
1717,53.3333,137.5,0.00E+00,1.05E+01,6.54E+00,9.61E+01
1718,46.6667,137.5,0.00E+00,1.36E+01,5.41E+00,9.44E+01
1719,40,137.5,0.00E+00,1.64E+01,4.21E+00,9.27E+01
1720,33.3333,137.5,0.00E+00,1.90E+01,2.97E+00,9.09E+01
1721,26.6667,137.5,0.00E+00,2.14E+01,1.84E+00,8.90E+01
1722,20,137.5,0.00E+00,2.35E+01,1.42E+00,8.70E+01
1723,13.3333,137.5,0.00E+00,2.54E+01,2.14E+00,8.48E+01
1724,6.66667,137.5,0.00E+00,2.70E+01,3.57E+00,8.26E+01
1725,0,137.5,0.00E+00,2.84E+01,5.21E+00,8.03E+01
1726,-6.66667,137.5,0.00E+00,2.96E+01,6.99E+00,7.78E+01
1727,-13.3333,137.5,0.00E+00,3.06E+01,8.88E+00,7.52E+01
1728,-20,137.5,0.00E+00,3.15E+01,1.09E+01,7.25E+01
1729,-26.6667,137.5,0.00E+00,3.21E+01,1.30E+01,6.97E+01
1730,-33.3333,137.5,0.00E+00,3.26E+01,1.53E+01,6.67E+01
1731,-40,137.5,0.00E+00,3.28E+01,1.76E+01,6.36E+01
1732,-46.6667,137.5,0.00E+00,3.29E+01,2.01E+01,6.04E+01
1733,-53.3333,137.5,0.00E+00,3.28E+01,2.28E+01,5.69E+01
1734,-60,137.5,0.00E+00,3.25E+01,2.56E+01,5.31E+01
1735,-66.6667,137.5,0.00E+00,3.18E+01,2.85E+01,4.89E+01
1736,-73.3333,137.5,0.00E+00,3.04E+01,3.16E+01,4.46E+01
1737,-80,137.5,0.00E+00,2.79E+01,3.48E+01,4.06E+01
1738,-86.6667,137.5,0.00E+00,2.50E+01,3.81E+01,3.68E+01
1739,-93.3333,137.5,0.00E+00,2.26E+01,4.13E+01,3.28E+01
1740,-100,137.5,0.00E+00,2.04E+01,4.47E+01,2.68E+01
1741,-106.25,137.5,0.00E+00,1.80E+01,4.73E+01,2.07E+01
1742,-112.5,137.5,0.00E+00,2.70E+01,2.73E+01,4.54E+01
1743,-112.496,131.249,2.99E-02,2.43E+01,2.60E+01,4.21E+01
1744,-112.492,124.998,1.01E-01,2.13E+01,2.57E+01,3.72E+01
1745,-112.491,118.746,1.95E-01,2.22E+01,2.74E+01,3.77E+01
1746,-0.000607986,131.259,8.45E-02,1.53E+01,1.05E+01,6.87E+01
1747,-0.000643472,125.014,2.85E-01,7.71E+00,1.85E+01,5.07E+01
1748,-0.000859086,118.768,5.48E-01,1.77E+01,2.32E+01,4.10E+01
1749,59.9968,131.257,7.92E-02,1.31E+01,6.56E+00,8.71E+01
1750,59.9943,125.01,2.62E-01,2.60E+01,8.47E+00,7.13E+01
1751,59.9918,118.761,4.92E-01,3.75E+01,1.36E+01,6.37E+01
1752,86.6623,131.255,6.80E-02,2.16E+01,7.35E+00,9.21E+01
1753,86.659,125.005,2.19E-01,3.83E+01,7.04E+00,7.83E+01
1754,86.656,118.753,3.99E-01,4.71E+01,1.16E+01,7.20E+01
1755,99.7889,131.253,5.87E-02,2.89E+01,7.27E+00,8.99E+01
1756,99.7857,125.002,1.85E-01,4.21E+01,7.33E+00,7.84E+01
1757,99.7831,118.749,3.28E-01,4.86E+01,1.07E+01,7.26E+01
1758,106.157,125,1.63E-01,4.24E+01,7.65E+00,7.75E+01
1759,106.174,131.245,5.28E-02,3.17E+01,7.38E+00,8.86E+01
1760,106.17,118.754,2.85E-01,4.72E+01,1.08E+01,7.15E+01
1761,93.2404,125.004,2.03E-01,4.05E+01,7.08E+00,7.86E+01
1762,93.2579,131.261,6.37E-02,2.53E+01,7.30E+00,9.16E+01
1763,93.2516,118.744,3.66E-01,4.82E+01,1.10E+01,7.26E+01
1764,73.3295,131.256,7.46E-02,1.48E+01,7.14E+00,9.03E+01
1765,73.3265,125.008,2.44E-01,3.24E+01,7.54E+00,7.54E+01
1766,73.3237,118.757,4.53E-01,4.31E+01,1.25E+01,6.86E+01
1767,79.9927,125.007,2.33E-01,3.55E+01,7.24E+00,7.72E+01
1768,79.9959,131.256,7.16E-02,1.79E+01,7.35E+00,9.15E+01
1769,79.9898,118.755,4.28E-01,4.55E+01,1.21E+01,7.06E+01
1770,66.6604,125.009,2.54E-01,2.92E+01,7.94E+00,7.34E+01
1771,66.6631,131.257,7.71E-02,1.33E+01,6.83E+00,8.88E+01
1772,66.6577,118.759,4.75E-01,4.04E+01,1.30E+01,6.62E+01
1773,33.3313,131.258,8.41E-02,1.31E+01,5.96E+00,7.96E+01
1774,33.33,125.013,2.82E-01,1.48E+01,1.20E+01,6.24E+01
1775,33.3285,118.766,5.38E-01,2.68E+01,1.71E+01,5.36E+01
1776,46.6641,131.258,8.23E-02,1.31E+01,6.18E+00,8.35E+01
1777,46.6622,125.012,2.74E-01,2.00E+01,9.96E+00,6.69E+01
1778,46.6602,118.764,5.20E-01,3.18E+01,1.52E+01,5.86E+01
1779,53.3282,125.011,2.69E-01,2.29E+01,9.15E+00,6.91E+01
1780,53.3304,131.258,8.09E-02,1.31E+01,6.35E+00,8.53E+01
1781,53.326,118.762,5.07E-01,3.46E+01,1.43E+01,6.11E+01
1782,39.9961,125.012,2.79E-01,1.73E+01,1.09E+01,6.46E+01
1783,39.9977,131.258,8.33E-02,1.31E+01,6.05E+00,8.16E+01
1784,39.9944,118.765,5.30E-01,2.92E+01,1.61E+01,5.61E+01
1785,19.9986,131.259,8.50E-02,1.32E+01,6.41E+00,7.55E+01
1786,19.9977,125.014,2.86E-01,1.05E+01,1.43E+01,5.79E+01
1787,19.9968,118.767,5.48E-01,2.25E+01,1.93E+01,4.87E+01
1788,26.6639,125.013,2.84E-01,1.25E+01,1.31E+01,6.02E+01
1789,26.6649,131.259,8.47E-02,1.32E+01,5.98E+00,7.76E+01
1790,26.6627,118.767,5.44E-01,2.45E+01,1.82E+01,5.12E+01
1791,6.66549,125.014,2.86E-01,7.80E+00,1.70E+01,5.31E+01
1792,13.3316,125.014,2.87E-01,8.69E+00,1.56E+01,5.55E+01
1793,6.66578,131.259,8.49E-02,1.40E+01,8.88E+00,7.11E+01
1794,13.3322,131.259,8.51E-02,1.33E+01,7.44E+00,7.33E+01
1795,6.66504,118.768,5.50E-01,1.91E+01,2.18E+01,4.36E+01
1796,13.3309,118.767,5.50E-01,2.07E+01,2.05E+01,4.62E+01
1797,-53.3316,131.257,7.25E-02,2.05E+01,2.73E+01,4.57E+01
1798,-53.3295,125.009,2.43E-01,7.75E+00,3.43E+01,2.81E+01
1799,-53.3277,118.761,4.66E-01,1.17E+01,3.84E+01,1.84E+01
1800,-26.6662,131.258,8.03E-02,1.92E+01,1.79E+01,5.81E+01
1801,-26.6652,125.012,2.71E-01,7.76E+00,2.54E+01,4.00E+01
1802,-26.6644,118.766,5.21E-01,1.37E+01,2.98E+01,3.01E+01
1803,-13.3334,131.258,8.29E-02,1.76E+01,1.40E+01,6.36E+01
1804,-13.3329,125.013,2.80E-01,7.74E+00,2.18E+01,4.55E+01
1805,-13.3326,118.767,5.39E-01,1.54E+01,2.63E+01,3.57E+01
1806,-6.66675,125.014,2.83E-01,7.73E+00,2.01E+01,4.81E+01
1807,-6.66698,131.259,8.38E-02,1.66E+01,1.22E+01,6.62E+01
1808,-6.66674,118.767,5.44E-01,1.65E+01,2.47E+01,3.84E+01
1809,-19.999,125.013,2.76E-01,7.76E+00,2.35E+01,4.28E+01
1810,-19.9998,131.258,8.17E-02,1.85E+01,1.59E+01,6.09E+01
1811,-19.9985,118.766,5.31E-01,1.45E+01,2.80E+01,3.29E+01
1812,-39.9989,131.257,7.69E-02,2.02E+01,2.24E+01,5.22E+01
1813,-39.9974,125.011,2.59E-01,7.77E+00,2.96E+01,3.42E+01
1814,-39.9961,118.764,4.97E-01,1.24E+01,3.38E+01,2.43E+01
1815,-33.3313,125.012,2.65E-01,7.77E+00,2.74E+01,3.72E+01
1816,-33.3326,131.258,7.87E-02,1.98E+01,2.01E+01,5.52E+01
1817,-33.3303,118.765,5.10E-01,1.30E+01,3.17E+01,2.72E+01
1818,-46.6634,125.01,2.51E-01,7.76E+00,3.19E+01,3.12E+01
1819,-46.6652,131.257,7.48E-02,2.05E+01,2.48E+01,4.90E+01
1820,-46.6618,118.762,4.82E-01,1.20E+01,3.61E+01,2.14E+01
1821,-79.9971,131.254,5.88E-02,1.73E+01,3.83E+01,3.02E+01
1822,-79.994,125.005,1.96E-01,7.11E+00,4.39E+01,1.45E+01
1823,-79.9913,118.754,3.74E-01,1.16E+01,4.74E+01,7.79E+00
1824,-66.6644,131.256,6.68E-02,1.99E+01,3.27E+01,3.82E+01
1825,-66.6618,125.007,2.23E-01,7.69E+00,3.93E+01,2.14E+01
1826,-66.6594,118.758,4.26E-01,1.16E+01,4.33E+01,1.25E+01
1827,-59.9956,125.008,2.34E-01,7.72E+00,3.68E+01,2.48E+01
1828,-59.998,131.256,6.99E-02,2.03E+01,3.00E+01,4.21E+01
1829,-59.9935,118.759,4.47E-01,1.16E+01,4.08E+01,1.54E+01
1830,-73.3279,125.006,2.11E-01,7.57E+00,4.17E+01,1.78E+01
1831,-73.3308,131.255,6.32E-02,1.90E+01,3.56E+01,3.40E+01
1832,-73.3254,118.756,4.02E-01,1.17E+01,4.55E+01,9.79E+00
1833,-93.2336,131.263,4.75E-02,1.36E+01,4.34E+01,2.34E+01
1834,-93.2013,125.002,1.60E-01,6.15E+00,4.73E+01,1.02E+01
1835,-93.2275,118.74,3.08E-01,9.96E+00,5.01E+01,6.55E+00
1836,-86.62,125.003,1.79E-01,6.41E+00,4.57E+01,1.21E+01
1837,-86.6368,131.257,5.36E-02,1.52E+01,4.09E+01,2.68E+01
1838,-86.6307,118.748,3.43E-01,1.11E+01,4.89E+01,6.95E+00
1839,-106.116,124.999,1.18E-01,5.87E+00,4.70E+01,8.15E+00
1840,-99.6906,125,1.40E-01,6.09E+00,4.84E+01,8.85E+00
1841,-106.149,131.24,3.40E-02,1.15E+01,4.71E+01,1.54E+01
1842,-99.7289,131.252,4.11E-02,1.23E+01,4.60E+01,1.91E+01
1843,-106.144,118.759,2.31E-01,9.81E+00,4.70E+01,7.78E+00
1844,-99.7235,118.748,2.71E-01,9.55E+00,5.02E+01,6.69E+00
1845,-118.75,137.5,0.00E+00,3.48E+01,5.66E+00,7.11E+01
1846,-125,137.5,0.00E+00,3.17E+01,3.86E+00,6.63E+01
1847,-131.25,137.5,0.00E+00,2.86E+01,2.59E+00,5.46E+01
1848,-137.5,137.5,0.00E+00,2.64E+01,2.14E+00,4.64E+01
1849,-137.5,131.25,0.00E+00,2.76E+01,2.58E+00,5.56E+01
1850,-137.5,125,0.00E+00,2.73E+01,3.80E+00,7.08E+01
1851,-137.5,118.75,0.00E+00,2.45E+01,5.75E+00,8.15E+01
1852,-137.5,112.5,0.00E+00,2.17E+01,7.98E+00,8.89E+01
1853,-137.5,106.25,0.00E+00,1.87E+01,9.44E+00,9.13E+01
1854,-137.5,100,0.00E+00,1.49E+01,9.98E+00,9.30E+01
1855,-137.5,93.3333,0.00E+00,1.06E+01,1.04E+01,9.55E+01
1856,-137.5,86.6667,0.00E+00,6.80E+00,1.07E+01,9.62E+01
1857,-137.5,80,0.00E+00,4.08E+00,1.01E+01,9.60E+01
1858,-137.5,73.3333,0.00E+00,3.98E+00,8.93E+00,9.52E+01
1859,-137.5,66.6667,0.00E+00,6.43E+00,7.72E+00,9.41E+01
1860,-137.5,60,0.00E+00,9.63E+00,6.68E+00,9.30E+01
1861,-137.5,53.3333,0.00E+00,1.28E+01,5.54E+00,9.18E+01
1862,-137.5,46.6667,0.00E+00,1.58E+01,4.30E+00,9.05E+01
1863,-137.5,40,0.00E+00,1.87E+01,3.04E+00,8.91E+01
1864,-137.5,33.3333,0.00E+00,2.12E+01,1.88E+00,8.76E+01
1865,-137.5,26.6667,0.00E+00,2.36E+01,1.37E+00,8.61E+01
1866,-137.5,20,0.00E+00,2.57E+01,2.00E+00,8.44E+01
1867,-137.5,13.3333,0.00E+00,2.76E+01,3.37E+00,8.27E+01
1868,-137.5,6.66667,0.00E+00,2.92E+01,4.98E+00,8.08E+01
1869,-137.5,0,0.00E+00,3.07E+01,6.73E+00,7.87E+01
1870,-137.5,-6.66667,0.00E+00,3.19E+01,8.59E+00,7.66E+01
1871,-137.5,-13.3333,0.00E+00,3.30E+01,1.06E+01,7.43E+01
1872,-137.5,-20,0.00E+00,3.38E+01,1.27E+01,7.19E+01
1873,-137.5,-26.6667,0.00E+00,3.45E+01,1.49E+01,6.93E+01
1874,-137.5,-33.3333,0.00E+00,3.50E+01,1.73E+01,6.65E+01
1875,-137.5,-40,0.00E+00,3.52E+01,1.98E+01,6.35E+01
1876,-137.5,-46.6667,0.00E+00,3.52E+01,2.25E+01,6.03E+01
1877,-137.5,-53.3333,0.00E+00,3.49E+01,2.54E+01,5.68E+01
1878,-137.5,-60,0.00E+00,3.44E+01,2.85E+01,5.29E+01
1879,-137.5,-66.6667,0.00E+00,3.34E+01,3.18E+01,4.87E+01
1880,-137.5,-73.3333,0.00E+00,3.21E+01,3.53E+01,4.40E+01
1881,-137.5,-80,0.00E+00,2.98E+01,3.89E+01,3.94E+01
1882,-137.5,-86.6667,0.00E+00,2.68E+01,4.25E+01,3.53E+01
1883,-137.5,-93.3333,0.00E+00,2.36E+01,4.59E+01,3.12E+01
1884,-137.5,-100,0.00E+00,1.99E+01,4.94E+01,2.45E+01
1885,-137.5,-106.25,0.00E+00,1.50E+01,5.21E+01,1.66E+01
1886,-137.5,-112.5,0.00E+00,9.70E+00,5.30E+01,1.06E+01
1887,-137.5,-118.75,0.00E+00,5.54E+00,5.26E+01,6.82E+00
1888,-137.5,-125,0.00E+00,3.66E+00,5.05E+01,4.94E+00
1889,-137.5,-131.25,0.00E+00,2.92E+00,4.44E+01,3.55E+00
1890,-137.5,-137.5,0.00E+00,2.50E+00,3.97E+01,2.73E+00
1891,-131.25,-137.5,0.00E+00,2.92E+00,4.44E+01,3.56E+00
1892,-125,-137.5,0.00E+00,3.59E+00,5.03E+01,4.92E+00
1893,-118.75,-137.5,0.00E+00,5.27E+00,5.15E+01,6.66E+00
1894,-131.259,-0.000295542,8.48E-02,1.75E+01,1.21E+01,6.70E+01
1895,-125.014,4.65E-05,2.86E-01,7.79E+00,2.04E+01,4.86E+01
1896,-118.768,0.000247102,5.49E-01,1.58E+01,2.52E+01,3.85E+01
1897,-131.256,73.3299,7.30E-02,1.26E+01,6.69E+00,8.56E+01
1898,-125.009,73.3273,2.41E-01,2.75E+01,7.15E+00,7.12E+01
1899,-118.758,73.3247,4.52E-01,3.74E+01,1.19E+01,6.47E+01
1900,-131.244,106.166,5.36E-02,2.57E+01,7.45E+00,8.41E+01
1901,-125.002,106.143,1.65E-01,3.57E+01,8.14E+00,7.36E+01
1902,-118.757,106.162,2.87E-01,3.99E+01,1.25E+01,6.85E+01
1903,-131.249,124.997,2.06E-02,2.74E+01,5.32E+00,6.77E+01
1904,-124.996,124.997,5.69E-02,2.94E+01,7.31E+00,6.49E+01
1905,-118.744,124.998,8.54E-02,3.40E+01,6.88E+00,6.58E+01
1906,-124.997,131.249,1.96E-02,3.05E+01,4.95E+00,6.46E+01
1907,-131.248,131.248,7.17E-03,2.81E+01,3.63E+00,5.87E+01
1908,-118.746,131.25,2.72E-02,3.48E+01,5.16E+00,6.87E+01
1909,-125,112.464,1.34E-01,3.35E+01,9.19E+00,7.23E+01
1910,-124.998,118.745,9.70E-02,3.07E+01,9.08E+00,6.91E+01
1911,-131.249,112.476,4.47E-02,2.68E+01,7.31E+00,8.21E+01
1912,-131.251,118.747,3.35E-02,2.72E+01,6.50E+00,7.64E+01
1913,-118.749,112.474,2.26E-01,3.56E+01,1.29E+01,6.83E+01
1914,-118.744,118.746,1.55E-01,3.31E+01,1.08E+01,6.70E+01
1915,-131.263,93.2492,6.42E-02,2.04E+01,7.25E+00,8.66E+01
1916,-125.005,93.2258,2.07E-01,3.50E+01,6.42E+00,7.38E+01
1917,-118.745,93.2437,3.75E-01,4.21E+01,1.12E+01,6.80E+01
1918,-125.003,99.7219,1.89E-01,3.61E+01,7.00E+00,7.39E+01
1919,-131.254,99.7482,5.98E-02,2.35E+01,7.25E+00,8.52E+01
1920,-118.751,99.7434,3.36E-01,4.18E+01,1.13E+01,6.86E+01
1921,-125.007,79.9934,2.32E-01,3.05E+01,6.83E+00,7.26E+01
1922,-125.006,86.6294,2.20E-01,3.30E+01,6.51E+00,7.35E+01
1923,-131.256,79.9962,7.05E-02,1.42E+01,7.12E+00,8.66E+01
1924,-131.259,86.6425,6.77E-02,1.72E+01,7.30E+00,8.70E+01
1925,-118.757,79.9908,4.31E-01,3.96E+01,1.16E+01,6.63E+01
1926,-118.752,86.637,4.06E-01,4.13E+01,1.15E+01,6.74E+01
1927,-131.258,39.998,8.18E-02,1.25E+01,5.92E+00,7.83E+01
1928,-125.012,39.9968,2.75E-01,1.36E+01,1.18E+01,6.19E+01
1929,-118.765,39.9956,5.24E-01,2.48E+01,1.67E+01,5.36E+01
1930,-131.257,59.9972,7.72E-02,1.22E+01,6.13E+00,8.29E+01
1931,-125.01,59.9951,2.57E-01,2.15E+01,8.48E+00,6.77E+01
1932,-118.762,59.993,4.87E-01,3.22E+01,1.34E+01,6.05E+01
1933,-125.009,66.6611,2.50E-01,2.45E+01,7.68E+00,6.95E+01
1934,-131.257,66.6635,7.52E-02,1.22E+01,6.31E+00,8.43E+01
1935,-118.76,66.6588,4.70E-01,3.49E+01,1.25E+01,6.27E+01
1936,-125.012,46.6629,2.70E-01,1.60E+01,1.06E+01,6.39E+01
1937,-125.011,53.329,2.64E-01,1.87E+01,9.47E+00,6.58E+01
1938,-131.258,46.6644,8.05E-02,1.24E+01,5.96E+00,7.99E+01
1939,-131.258,53.3308,7.90E-02,1.23E+01,6.04E+00,8.15E+01
1940,-118.764,46.6614,5.13E-01,2.71E+01,1.56E+01,5.59E+01
1941,-118.763,53.3272,5.01E-01,2.95E+01,1.45E+01,5.83E+01
1942,-131.259,19.9989,8.45E-02,1.33E+01,7.40E+00,7.31E+01
1943,-125.014,19.9985,2.84E-01,8.01E+00,1.57E+01,5.55E+01
1944,-118.767,19.998,5.45E-01,1.94E+01,2.06E+01,4.62E+01
1945,-125.013,26.6646,2.82E-01,9.37E+00,1.43E+01,5.77E+01
1946,-125.013,33.3307,2.79E-01,1.13E+01,1.30E+01,5.98E+01
1947,-131.259,26.6653,8.38E-02,1.28E+01,6.38E+00,7.49E+01
1948,-131.258,33.3317,8.30E-02,1.27E+01,5.97E+00,7.67E+01
1949,-118.767,26.6639,5.40E-01,2.10E+01,1.93E+01,4.87E+01
1950,-118.766,33.3297,5.33E-01,2.28E+01,1.80E+01,5.12E+01
1951,-125.014,6.66619,2.86E-01,7.70E+00,1.87E+01,5.10E+01
1952,-125.014,13.3323,2.86E-01,7.62E+00,1.72E+01,5.33E+01
1953,-131.259,6.6661,8.49E-02,1.62E+01,1.04E+01,6.91E+01
1954,-131.259,13.3325,8.48E-02,1.46E+01,8.83E+00,7.11E+01
1955,-118.768,6.66615,5.49E-01,1.69E+01,2.36E+01,4.11E+01
1956,-118.768,13.3321,5.48E-01,1.80E+01,2.21E+01,4.37E+01
1957,-131.256,-66.664,6.85E-02,2.07E+01,3.64E+01,3.70E+01
1958,-125.007,-66.661,2.27E-01,8.28E+00,4.35E+01,1.89E+01
1959,-118.757,-66.6582,4.29E-01,1.32E+01,4.80E+01,9.81E+00
1960,-131.258,-33.3322,8.04E-02,2.17E+01,2.24E+01,5.44E+01
1961,-125.012,-33.3305,2.70E-01,8.18E+00,3.03E+01,3.54E+01
1962,-118.764,-33.3291,5.16E-01,1.27E+01,3.50E+01,2.45E+01
1963,-131.259,-13.333,8.38E-02,1.97E+01,1.59E+01,6.23E+01
1964,-125.013,-13.3322,2.82E-01,7.96E+00,2.40E+01,4.36E+01
1965,-118.767,-13.3315,5.41E-01,1.42E+01,2.87E+01,3.31E+01
1966,-125.014,-6.66606,2.84E-01,7.88E+00,2.21E+01,4.61E+01
1967,-131.259,-6.66667,8.44E-02,1.87E+01,1.40E+01,6.47E+01
1968,-118.767,-6.66563,5.46E-01,1.49E+01,2.69E+01,3.58E+01
1969,-125.012,-26.6644,2.75E-01,8.11E+00,2.81E+01,3.82E+01
1970,-125.013,-19.9983,2.79E-01,8.04E+00,2.60E+01,4.10E+01
1971,-131.258,-26.6658,8.18E-02,2.13E+01,2.01E+01,5.72E+01
1972,-131.258,-19.9995,8.29E-02,2.06E+01,1.79E+01,5.98E+01
1973,-118.765,-26.6632,5.26E-01,1.31E+01,3.27E+01,2.74E+01
1974,-118.766,-19.9974,5.35E-01,1.36E+01,3.07E+01,3.03E+01
1975,-131.257,-46.665,7.68E-02,2.21E+01,2.75E+01,4.83E+01
1976,-125.01,-46.6628,2.57E-01,8.28E+00,3.52E+01,2.92E+01
1977,-118.762,-46.6608,4.89E-01,1.25E+01,3.99E+01,1.85E+01
1978,-125.011,-39.9966,2.64E-01,8.24E+00,3.27E+01,3.24E+01
1979,-131.258,-39.9986,7.88E-02,2.20E+01,2.49E+01,5.15E+01
1980,-118.763,-39.9949,5.03E-01,1.25E+01,3.74E+01,2.15E+01
1981,-125.008,-59.9949,2.38E-01,8.30E+00,4.07E+01,2.25E+01
1982,-125.009,-53.3289,2.48E-01,8.30E+00,3.79E+01,2.59E+01
1983,-131.256,-59.9977,7.18E-02,2.14E+01,3.33E+01,4.11E+01
1984,-131.257,-53.3314,7.45E-02,2.19E+01,3.03E+01,4.48E+01
1985,-118.759,-59.9924,4.52E-01,1.28E+01,4.53E+01,1.24E+01
1986,-118.76,-53.3266,4.72E-01,1.26E+01,4.26E+01,1.54E+01
1987,-131.251,-99.7895,4.21E-02,1.16E+01,5.11E+01,1.62E+01
1988,-124.999,-99.786,1.38E-01,7.88E+00,5.41E+01,8.99E+00
1989,-118.746,-99.7831,2.59E-01,1.52E+01,5.60E+01,1.31E+01
1990,-131.254,-79.9967,6.01E-02,1.82E+01,4.28E+01,2.84E+01
1991,-125.004,-79.9931,1.98E-01,8.04E+00,4.89E+01,1.24E+01
1992,-118.752,-79.9901,3.72E-01,1.39E+01,5.27E+01,7.65E+00
1993,-125.006,-73.3271,2.14E-01,8.22E+00,4.63E+01,1.54E+01
1994,-131.255,-73.3304,6.47E-02,1.97E+01,3.96E+01,3.27E+01
1995,-118.755,-73.3242,4.02E-01,1.36E+01,5.06E+01,8.12E+00
1996,-125.001,-93.2407,1.61E-01,7.34E+00,5.30E+01,9.24E+00
1997,-125.003,-86.6592,1.80E-01,7.59E+00,5.11E+01,1.03E+01
1998,-131.259,-93.2586,4.89E-02,1.38E+01,4.85E+01,2.09E+01
1999,-131.253,-86.6631,5.49E-02,1.60E+01,4.58E+01,2.45E+01
2000,-118.741,-93.2515,3.01E-01,1.42E+01,5.58E+01,1.04E+01
2001,-118.75,-86.6562,3.38E-01,1.41E+01,5.44E+01,8.44E+00
2002,-131.248,-118.746,1.52E-02,5.96E+00,5.05E+01,7.63E+00
2003,-124.995,-118.744,5.35E-02,9.71E+00,4.76E+01,1.10E+01
2004,-118.743,-118.743,1.05E-01,1.49E+01,4.79E+01,1.50E+01
2005,-124.996,-112.493,8.38E-02,1.02E+01,5.10E+01,1.11E+01
2006,-124.998,-106.158,1.13E-01,9.17E+00,5.35E+01,9.87E+00
2007,-131.249,-112.496,2.49E-02,7.74E+00,5.23E+01,9.37E+00
2008,-131.243,-106.175,3.42E-02,9.63E+00,5.26E+01,1.19E+01
2009,-118.744,-112.492,1.60E-01,1.70E+01,5.07E+01,1.64E+01
2010,-118.752,-106.17,2.13E-01,1.67E+01,5.41E+01,1.55E+01
2011,-124.996,-131.247,6.51E-03,4.39E+00,4.76E+01,5.87E+00
2012,-124.995,-124.995,2.57E-02,7.11E+00,4.54E+01,8.55E+00
2013,-131.247,-131.247,1.07E-03,3.30E+00,4.52E+01,4.22E+00
2014,-131.247,-124.996,6.45E-03,4.41E+00,4.77E+01,5.85E+00
2015,-118.746,-131.248,1.56E-02,5.91E+00,4.99E+01,7.64E+00
2016,-118.744,-124.995,5.40E-02,9.86E+00,4.76E+01,1.11E+01
2017,118.75,137.5,0.00E+00,2.92E+01,6.54E+00,8.67E+01
2018,125,137.5,0.00E+00,3.04E+01,4.29E+00,7.67E+01
2019,131.25,137.5,0.00E+00,2.93E+01,2.78E+00,6.13E+01
2020,137.5,137.5,0.00E+00,2.76E+01,2.30E+00,5.17E+01
2021,137.5,131.25,0.00E+00,2.92E+01,2.77E+00,6.13E+01
2022,137.5,125,0.00E+00,3.01E+01,4.14E+00,7.62E+01
2023,137.5,118.75,0.00E+00,2.84E+01,6.17E+00,8.52E+01
2024,137.5,112.5,0.00E+00,2.59E+01,8.07E+00,9.15E+01
2025,137.5,106.25,0.00E+00,2.27E+01,9.32E+00,9.56E+01
2026,137.5,100,0.00E+00,1.88E+01,9.95E+00,9.81E+01
2027,137.5,93.3333,0.00E+00,1.46E+01,1.01E+01,9.96E+01
2028,137.5,86.6667,0.00E+00,1.02E+01,1.00E+01,1.00E+02
2029,137.5,80,0.00E+00,6.28E+00,9.56E+00,9.99E+01
2030,137.5,73.3333,0.00E+00,3.86E+00,8.97E+00,9.91E+01
2031,137.5,66.6667,0.00E+00,4.49E+00,8.29E+00,9.80E+01
2032,137.5,60,0.00E+00,7.29E+00,7.48E+00,9.67E+01
2033,137.5,53.3333,0.00E+00,1.04E+01,6.52E+00,9.52E+01
2034,137.5,46.6667,0.00E+00,1.34E+01,5.43E+00,9.36E+01
2035,137.5,40,0.00E+00,1.62E+01,4.25E+00,9.20E+01
2036,137.5,33.3333,0.00E+00,1.87E+01,3.01E+00,9.02E+01
2037,137.5,26.6667,0.00E+00,2.10E+01,1.86E+00,8.84E+01
2038,137.5,20,0.00E+00,2.31E+01,1.44E+00,8.64E+01
2039,137.5,13.3333,0.00E+00,2.49E+01,2.19E+00,8.44E+01
2040,137.5,6.66667,0.00E+00,2.66E+01,3.67E+00,8.22E+01
2041,137.5,0,0.00E+00,2.80E+01,5.37E+00,7.99E+01
2042,137.5,-6.66667,0.00E+00,2.92E+01,7.20E+00,7.75E+01
2043,137.5,-13.3333,0.00E+00,3.02E+01,9.15E+00,7.49E+01
2044,137.5,-20,0.00E+00,3.11E+01,1.12E+01,7.22E+01
2045,137.5,-26.6667,0.00E+00,3.18E+01,1.34E+01,6.94E+01
2046,137.5,-33.3333,0.00E+00,3.24E+01,1.57E+01,6.64E+01
2047,137.5,-40,0.00E+00,3.28E+01,1.81E+01,6.34E+01
2048,137.5,-46.6667,0.00E+00,3.30E+01,2.07E+01,6.01E+01
2049,137.5,-53.3333,0.00E+00,3.31E+01,2.33E+01,5.67E+01
2050,137.5,-60,0.00E+00,3.29E+01,2.61E+01,5.31E+01
2051,137.5,-66.6667,0.00E+00,3.23E+01,2.90E+01,4.93E+01
2052,137.5,-73.3333,0.00E+00,3.13E+01,3.20E+01,4.50E+01
2053,137.5,-80,0.00E+00,2.95E+01,3.50E+01,4.03E+01
2054,137.5,-86.6667,0.00E+00,2.67E+01,3.80E+01,3.48E+01
2055,137.5,-93.3333,0.00E+00,2.32E+01,4.09E+01,2.90E+01
2056,137.5,-100,0.00E+00,1.94E+01,4.36E+01,2.30E+01
2057,137.5,-106.25,0.00E+00,1.51E+01,4.57E+01,1.71E+01
2058,137.5,-112.5,0.00E+00,1.02E+01,4.70E+01,1.14E+01
2059,137.5,-118.75,0.00E+00,5.61E+00,4.70E+01,6.97E+00
2060,137.5,-125,0.00E+00,3.28E+00,4.56E+01,4.76E+00
2061,137.5,-131.25,0.00E+00,2.59E+00,4.04E+01,3.37E+00
2062,137.5,-137.5,0.00E+00,2.25E+00,3.62E+01,2.55E+00
2063,131.25,-137.5,0.00E+00,2.57E+00,4.01E+01,3.37E+00
2064,125,-137.5,0.00E+00,3.20E+00,4.43E+01,4.89E+00
2065,118.75,-137.5,0.00E+00,5.59E+00,4.27E+01,7.59E+00
2066,131.259,-0.000529189,8.67E-02,1.52E+01,1.06E+01,6.85E+01
2067,125.014,-0.000542759,2.88E-01,7.73E+00,1.85E+01,5.06E+01
2068,118.768,-0.000802666,5.50E-01,1.76E+01,2.31E+01,4.10E+01
2069,131.256,73.3297,7.66E-02,1.43E+01,6.89E+00,8.94E+01
2070,125.008,73.3268,2.46E-01,3.15E+01,7.44E+00,7.48E+01
2071,118.757,73.3239,4.55E-01,4.22E+01,1.22E+01,6.79E+01
2072,131.244,106.166,5.40E-02,3.02E+01,7.22E+00,8.81E+01
2073,125.001,106.142,1.64E-01,4.13E+01,7.28E+00,7.68E+01
2074,118.756,106.161,2.85E-01,4.64E+01,1.08E+01,7.12E+01
2075,131.249,124.997,2.47E-02,3.06E+01,5.88E+00,7.27E+01
2076,124.996,124.996,6.72E-02,3.29E+01,8.30E+00,6.97E+01
2077,118.744,124.998,1.06E-01,3.68E+01,8.81E+00,7.19E+01
2078,124.997,131.249,2.40E-02,3.08E+01,5.92E+00,7.30E+01
2079,131.248,131.248,8.96E-03,2.95E+01,4.09E+00,6.50E+01
2080,118.746,131.251,3.61E-02,3.26E+01,6.78E+00,8.07E+01
2081,124.999,112.463,1.38E-01,3.99E+01,8.05E+00,7.47E+01
2082,124.997,118.744,1.06E-01,3.66E+01,8.79E+00,7.18E+01
2083,131.249,112.476,4.67E-02,3.18E+01,7.00E+00,8.47E+01
2084,131.25,118.746,3.72E-02,3.19E+01,6.62E+00,7.97E+01
2085,118.748,112.472,2.35E-01,4.34E+01,1.11E+01,6.97E+01
2086,118.744,118.744,1.75E-01,3.96E+01,1.09E+01,6.90E+01
2087,131.262,93.249,6.49E-02,2.44E+01,7.42E+00,9.10E+01
2088,125.004,93.2256,2.04E-01,3.94E+01,7.08E+00,7.83E+01
2089,118.743,93.243,3.66E-01,4.74E+01,1.13E+01,7.25E+01
2090,125.002,99.7214,1.85E-01,4.10E+01,7.00E+00,7.81E+01
2091,131.254,99.748,5.98E-02,2.77E+01,7.36E+00,9.01E+01
2092,118.749,99.7423,3.28E-01,4.76E+01,1.10E+01,7.23E+01
2093,125.007,79.993,2.34E-01,3.45E+01,7.29E+00,7.65E+01
2094,125.005,86.6292,2.20E-01,3.72E+01,7.20E+00,7.77E+01
2095,131.256,79.9961,7.35E-02,1.72E+01,7.15E+00,9.05E+01
2096,131.258,86.6424,6.96E-02,2.08E+01,7.36E+00,9.12E+01
2097,118.755,79.9901,4.29E-01,4.45E+01,1.19E+01,7.00E+01
2098,118.75,86.6363,4.00E-01,4.63E+01,1.16E+01,7.16E+01
2099,131.258,39.9978,8.55E-02,1.28E+01,5.98E+00,8.11E+01
2100,125.012,39.9962,2.81E-01,1.68E+01,1.06E+01,6.43E+01
2101,118.765,39.9944,5.32E-01,2.87E+01,1.57E+01,5.57E+01
2102,131.257,59.9969,8.13E-02,1.27E+01,6.44E+00,8.64E+01
2103,125.01,59.9945,2.64E-01,2.53E+01,8.19E+00,7.07E+01
2104,118.761,59.992,4.94E-01,3.67E+01,1.32E+01,6.31E+01
2105,125.009,66.6606,2.56E-01,2.84E+01,7.73E+00,7.28E+01
2106,131.257,66.6633,7.92E-02,1.29E+01,6.65E+00,8.80E+01
2107,118.759,66.6579,4.76E-01,3.95E+01,1.26E+01,6.55E+01
2108,125.012,46.6623,2.76E-01,1.94E+01,9.63E+00,6.65E+01
2109,125.011,53.3284,2.71E-01,2.23E+01,8.83E+00,6.86E+01
2110,131.258,46.6642,8.44E-02,1.27E+01,6.10E+00,8.29E+01
2111,131.258,53.3305,8.30E-02,1.27E+01,6.25E+00,8.47E+01
2112,118.764,46.6603,5.22E-01,3.12E+01,1.47E+01,5.81E+01
2113,118.763,53.3261,5.09E-01,3.39E+01,1.39E+01,6.06E+01
2114,131.259,19.9986,8.72E-02,1.29E+01,6.39E+00,7.52E+01
2115,125.014,19.9978,2.88E-01,1.02E+01,1.41E+01,5.78E+01
2116,118.767,19.9969,5.50E-01,2.22E+01,1.90E+01,4.85E+01
2117,125.013,26.664,2.87E-01,1.22E+01,1.29E+01,6.00E+01
2118,125.013,33.3301,2.84E-01,1.44E+01,1.17E+01,6.22E+01
2119,131.259,26.665,8.69E-02,1.28E+01,5.94E+00,7.73E+01
2120,131.258,33.3314,8.63E-02,1.28E+01,5.91E+00,7.92E+01
2121,118.767,26.6627,5.46E-01,2.42E+01,1.78E+01,5.09E+01
2122,118.766,33.3286,5.40E-01,2.63E+01,1.67E+01,5.33E+01
2123,125.014,6.66559,2.89E-01,7.77E+00,1.70E+01,5.31E+01
2124,125.014,13.3317,2.89E-01,8.54E+00,1.55E+01,5.55E+01
2125,131.259,6.66586,8.71E-02,1.38E+01,8.96E+00,7.09E+01
2126,131.259,13.3322,8.73E-02,1.30E+01,7.47E+00,7.31E+01
2127,118.768,6.66509,5.52E-01,1.89E+01,2.17E+01,4.35E+01
2128,118.767,13.331,5.52E-01,2.05E+01,2.03E+01,4.60E+01
2129,131.256,-66.6642,6.97E-02,2.04E+01,3.33E+01,3.84E+01
2130,125.007,-66.6615,2.28E-01,7.88E+00,3.98E+01,2.12E+01
2131,118.758,-66.6592,4.31E-01,1.15E+01,4.37E+01,1.20E+01
2132,131.258,-33.3324,8.10E-02,1.98E+01,2.05E+01,5.51E+01
2133,125.012,-33.3311,2.68E-01,7.84E+00,2.78E+01,3.72E+01
2134,118.765,-33.3301,5.13E-01,1.29E+01,3.20E+01,2.72E+01
2135,131.258,-13.3333,8.52E-02,1.75E+01,1.42E+01,6.35E+01
2136,125.013,-13.3328,2.82E-01,7.78E+00,2.19E+01,4.55E+01
2137,118.767,-13.3325,5.41E-01,1.53E+01,2.63E+01,3.56E+01
2138,125.013,-6.66664,2.85E-01,7.75E+00,2.01E+01,4.81E+01
2139,131.258,-6.6669,8.61E-02,1.64E+01,1.24E+01,6.61E+01
2140,118.767,-6.66668,5.47E-01,1.64E+01,2.47E+01,3.83E+01
2141,125.012,-26.6649,2.74E-01,7.82E+00,2.57E+01,4.00E+01
2142,125.013,-19.9989,2.78E-01,7.80E+00,2.37E+01,4.28E+01
2143,131.258,-26.666,8.26E-02,1.92E+01,1.83E+01,5.80E+01
2144,131.258,-19.9997,8.40E-02,1.84E+01,1.62E+01,6.08E+01
2145,118.765,-26.6642,5.24E-01,1.36E+01,3.00E+01,3.01E+01
2146,118.766,-19.9984,5.33E-01,1.44E+01,2.81E+01,3.29E+01
2147,131.257,-46.6652,7.72E-02,2.07E+01,2.53E+01,4.89E+01
2148,125.01,-46.6633,2.55E-01,7.88E+00,3.23E+01,3.12E+01
2149,118.762,-46.6618,4.85E-01,1.19E+01,3.64E+01,2.13E+01
2150,125.011,-39.9972,2.62E-01,7.86E+00,3.00E+01,3.42E+01
2151,131.257,-39.9988,7.92E-02,2.03E+01,2.29E+01,5.21E+01
2152,118.763,-39.9959,5.00E-01,1.23E+01,3.41E+01,2.43E+01
2153,125.008,-59.9954,2.38E-01,7.91E+00,3.73E+01,2.47E+01
2154,125.009,-53.3294,2.47E-01,7.90E+00,3.48E+01,2.80E+01
2155,131.256,-59.9978,7.25E-02,2.08E+01,3.06E+01,4.21E+01
2156,131.257,-53.3316,7.50E-02,2.09E+01,2.79E+01,4.56E+01
2157,118.759,-59.9933,4.51E-01,1.14E+01,4.12E+01,1.51E+01
2158,118.761,-53.3276,4.69E-01,1.16E+01,3.88E+01,1.82E+01
2159,131.251,-99.7901,4.36E-02,1.10E+01,4.52E+01,1.56E+01
2160,125,-99.7871,1.42E-01,6.86E+00,4.78E+01,8.23E+00
2161,118.748,-99.7849,2.68E-01,1.46E+01,4.97E+01,1.03E+01
2162,131.254,-79.997,6.25E-02,1.82E+01,3.88E+01,2.99E+01
2163,125.005,-79.9939,2.03E-01,7.61E+00,4.46E+01,1.40E+01
2164,118.754,-79.9912,3.81E-01,1.25E+01,4.82E+01,7.54E+00
2165,125.006,-73.3277,2.16E-01,7.78E+00,4.23E+01,1.76E+01
2166,131.255,-73.3307,6.65E-02,1.96E+01,3.61E+01,3.43E+01
2167,118.756,-73.3252,4.08E-01,1.18E+01,4.61E+01,9.28E+00
2168,125.002,-93.2418,1.66E-01,7.17E+00,4.75E+01,9.10E+00
2169,125.004,-86.6602,1.86E-01,7.40E+00,4.64E+01,1.10E+01
2170,131.259,-93.259,5.10E-02,1.34E+01,4.34E+01,2.01E+01
2171,131.253,-86.6635,5.75E-02,1.60E+01,4.13E+01,2.50E+01
2172,118.744,-93.2534,3.13E-01,1.47E+01,5.03E+01,8.97E+00
2173,118.752,-86.6577,3.50E-01,1.36E+01,4.98E+01,7.52E+00
2174,131.248,-118.747,1.78E-02,5.80E+00,4.55E+01,7.49E+00
2175,124.996,-118.745,6.17E-02,9.19E+00,4.33E+01,1.03E+01
2176,118.745,-118.744,1.24E-01,1.32E+01,4.39E+01,1.27E+01
2177,124.998,-112.494,9.02E-02,7.82E+00,4.63E+01,8.84E+00
2178,124.999,-106.158,1.17E-01,6.81E+00,4.76E+01,7.96E+00
2179,131.249,-112.496,2.72E-02,7.21E+00,4.67E+01,9.16E+00
2180,131.243,-106.175,3.58E-02,8.97E+00,4.65E+01,1.19E+01
2181,118.746,-112.492,1.75E-01,1.21E+01,4.66E+01,1.05E+01
2182,118.754,-106.171,2.22E-01,1.28E+01,4.84E+01,1.00E+01
2183,124.997,-131.247,8.25E-03,4.84E+00,4.17E+01,6.47E+00
2184,124.996,-124.996,3.17E-02,8.09E+00,4.02E+01,9.47E+00
2185,131.247,-131.247,1.35E-03,3.15E+00,4.07E+01,4.23E+00
2186,131.247,-124.997,7.96E-03,4.45E+00,4.28E+01,6.00E+00
2187,118.747,-131.249,2.09E-02,8.00E+00,4.18E+01,9.76E+00
2188,118.746,-124.997,6.97E-02,1.20E+01,4.16E+01,1.28E+01
