NodeID,Y,Z,Displacement,Stress_L1,Stress_L2,Stress_L4
2,99.9892,-99.9892,1.36E+00,3.91E+01,1.54E+01,5.11E+01
3,99.9906,-93.3209,1.49E+00,3.96E+01,1.60E+01,5.17E+01
4,99.9928,-86.6534,1.60E+00,3.95E+01,1.67E+01,5.17E+01
5,99.9956,-79.9864,1.70E+00,3.87E+01,1.74E+01,5.08E+01
6,99.9988,-73.3201,1.80E+00,3.73E+01,1.81E+01,4.93E+01
7,100.002,-66.6543,1.89E+00,3.56E+01,1.89E+01,4.72E+01
8,100.006,-59.9887,1.97E+00,3.37E+01,1.96E+01,4.49E+01
9,100.01,-53.3234,2.04E+00,3.18E+01,2.03E+01,4.25E+01
10,100.013,-46.6582,2.10E+00,3.02E+01,2.11E+01,3.99E+01
11,100.016,-39.993,2.16E+00,2.89E+01,2.18E+01,3.74E+01
12,100.019,-33.3278,2.20E+00,2.79E+01,2.25E+01,3.47E+01
13,100.021,-26.6626,2.24E+00,2.73E+01,2.32E+01,3.20E+01
14,100.023,-19.9972,2.27E+00,2.69E+01,2.39E+01,2.93E+01
15,100.024,-13.3318,2.29E+00,2.67E+01,2.46E+01,2.66E+01
16,100.025,-6.66638,2.29E+00,2.67E+01,2.53E+01,2.39E+01
17,100.025,-0.000995458,2.29E+00,2.67E+01,2.61E+01,2.14E+01
18,100.024,6.66434,2.28E+00,2.68E+01,2.71E+01,1.89E+01
19,100.022,13.3296,2.26E+00,2.68E+01,2.82E+01,1.65E+01
20,100.02,19.9948,2.23E+00,2.69E+01,2.95E+01,1.43E+01
21,100.018,26.6599,2.19E+00,2.69E+01,3.10E+01,1.21E+01
22,100.015,33.3249,2.14E+00,2.69E+01,3.27E+01,1.02E+01
23,100.012,39.9899,2.09E+00,2.68E+01,3.46E+01,8.37E+00
24,100.008,46.6549,2.03E+00,2.67E+01,3.66E+01,6.88E+00
25,100.004,53.3199,1.96E+00,2.66E+01,3.89E+01,5.83E+00
26,100.001,59.9851,1.88E+00,2.63E+01,4.12E+01,5.38E+00
27,99.997,66.6505,1.80E+00,2.60E+01,4.35E+01,5.55E+00
28,99.9935,73.3163,1.70E+00,2.56E+01,4.55E+01,6.20E+00
29,99.9905,79.9825,1.61E+00,2.52E+01,4.70E+01,7.09E+00
30,99.988,86.6494,1.50E+00,2.47E+01,4.79E+01,8.03E+00
31,99.9862,93.3169,1.38E+00,2.41E+01,4.80E+01,8.90E+00
32,99.9851,99.9851,1.26E+00,2.35E+01,4.74E+01,9.63E+00
33,93.3168,99.9861,1.38E+00,2.41E+01,4.81E+01,8.92E+00
34,86.6492,99.9879,1.50E+00,2.46E+01,4.81E+01,8.07E+00
35,79.9823,99.9903,1.61E+00,2.51E+01,4.74E+01,7.15E+00
36,73.3159,99.9933,1.71E+00,2.56E+01,4.59E+01,6.27E+00
37,66.6501,99.9968,1.80E+00,2.59E+01,4.39E+01,5.61E+00
38,59.9847,100,1.88E+00,2.62E+01,4.17E+01,5.40E+00
39,53.3195,100.004,1.96E+00,2.65E+01,3.93E+01,5.82E+00
40,46.6544,100.008,2.03E+00,2.66E+01,3.70E+01,6.85E+00
41,39.9894,100.012,2.09E+00,2.67E+01,3.49E+01,8.34E+00
42,33.3245,100.015,2.14E+00,2.67E+01,3.29E+01,1.01E+01
43,26.6594,100.018,2.19E+00,2.67E+01,3.12E+01,1.21E+01
44,19.9944,100.02,2.23E+00,2.67E+01,2.97E+01,1.43E+01
45,13.3292,100.022,2.26E+00,2.66E+01,2.84E+01,1.65E+01
46,6.66395,100.024,2.28E+00,2.65E+01,2.73E+01,1.89E+01
47,-0.00135952,100.025,2.29E+00,2.65E+01,2.63E+01,2.14E+01
48,-6.66673,100.025,2.30E+00,2.64E+01,2.54E+01,2.39E+01
49,-13.3321,100.025,2.29E+00,2.65E+01,2.47E+01,2.66E+01
50,-19.9975,100.023,2.27E+00,2.66E+01,2.40E+01,2.92E+01
51,-26.6629,100.022,2.24E+00,2.70E+01,2.33E+01,3.19E+01
52,-33.3281,100.019,2.21E+00,2.76E+01,2.26E+01,3.46E+01
53,-39.9933,100.017,2.16E+00,2.86E+01,2.19E+01,3.72E+01
54,-46.6585,100.013,2.10E+00,2.99E+01,2.11E+01,3.98E+01
55,-53.3236,100.01,2.04E+00,3.16E+01,2.04E+01,4.23E+01
56,-59.9889,100.006,1.97E+00,3.34E+01,1.96E+01,4.47E+01
57,-66.6544,100.003,1.89E+00,3.53E+01,1.89E+01,4.70E+01
58,-73.3202,99.999,1.80E+00,3.71E+01,1.81E+01,4.91E+01
59,-79.9865,99.9957,1.71E+00,3.85E+01,1.74E+01,5.06E+01
60,-86.6534,99.9929,1.60E+00,3.93E+01,1.67E+01,5.15E+01
61,-93.3208,99.9906,1.49E+00,3.95E+01,1.60E+01,5.17E+01
62,-99.9891,99.9891,1.36E+00,3.90E+01,1.54E+01,5.11E+01
63,-99.9905,93.3208,1.49E+00,3.96E+01,1.60E+01,5.18E+01
64,-99.9927,86.6532,1.60E+00,3.95E+01,1.67E+01,5.17E+01
65,-99.9955,79.9862,1.71E+00,3.87E+01,1.74E+01,5.09E+01
66,-99.9987,73.3199,1.80E+00,3.74E+01,1.81E+01,4.94E+01
67,-100.002,66.654,1.89E+00,3.56E+01,1.88E+01,4.73E+01
68,-100.006,59.9885,1.97E+00,3.37E+01,1.96E+01,4.50E+01
69,-100.01,53.3232,2.04E+00,3.18E+01,2.03E+01,4.25E+01
70,-100.013,46.6581,2.10E+00,3.01E+01,2.10E+01,3.99E+01
71,-100.016,39.9929,2.16E+00,2.88E+01,2.17E+01,3.73E+01
72,-100.019,33.3277,2.21E+00,2.78E+01,2.25E+01,3.46E+01
73,-100.022,26.6624,2.24E+00,2.72E+01,2.32E+01,3.19E+01
74,-100.024,19.9971,2.27E+00,2.68E+01,2.38E+01,2.92E+01
75,-100.025,13.3317,2.29E+00,2.67E+01,2.45E+01,2.64E+01
76,-100.025,6.66633,2.30E+00,2.66E+01,2.53E+01,2.38E+01
77,-100.025,0.000968265,2.29E+00,2.66E+01,2.61E+01,2.12E+01
78,-100.024,-6.66434,2.28E+00,2.67E+01,2.71E+01,1.88E+01
79,-100.023,-13.3295,2.26E+00,2.67E+01,2.82E+01,1.64E+01
80,-100.021,-19.9947,2.23E+00,2.68E+01,2.95E+01,1.42E+01
81,-100.018,-26.6598,2.19E+00,2.68E+01,3.10E+01,1.21E+01
82,-100.015,-33.3247,2.14E+00,2.68E+01,3.27E+01,1.01E+01
83,-100.012,-39.9897,2.09E+00,2.67E+01,3.47E+01,8.31E+00
84,-100.008,-46.6547,2.03E+00,2.66E+01,3.68E+01,6.84E+00
85,-100.004,-53.3196,1.96E+00,2.65E+01,3.91E+01,5.83E+00
86,-100.001,-59.9848,1.88E+00,2.62E+01,4.15E+01,5.43E+00
87,-99.9968,-66.6502,1.80E+00,2.59E+01,4.38E+01,5.66E+00
88,-99.9933,-73.3159,1.70E+00,2.56E+01,4.59E+01,6.34E+00
89,-99.9902,-79.9822,1.60E+00,2.51E+01,4.74E+01,7.23E+00
90,-99.9877,-86.6491,1.50E+00,2.46E+01,4.82E+01,8.17E+00
91,-99.986,-93.3166,1.38E+00,2.41E+01,4.82E+01,9.02E+00
92,-99.9849,-99.9849,1.26E+00,2.35E+01,4.75E+01,9.74E+00
93,-93.3167,-99.986,1.38E+00,2.41E+01,4.81E+01,9.02E+00
94,-86.6493,-99.9878,1.50E+00,2.47E+01,4.79E+01,8.15E+00
95,-79.9824,-99.9904,1.61E+00,2.52E+01,4.70E+01,7.21E+00
96,-73.3162,-99.9935,1.71E+00,2.57E+01,4.54E+01,6.30E+00
97,-66.6505,-99.997,1.80E+00,2.61E+01,4.34E+01,5.62E+00
98,-59.9851,-100.001,1.88E+00,2.64E+01,4.11E+01,5.40E+00
99,-53.32,-100.005,1.96E+00,2.66E+01,3.87E+01,5.81E+00
100,-46.6551,-100.008,2.03E+00,2.68E+01,3.64E+01,6.83E+00
101,-39.9901,-100.012,2.09E+00,2.69E+01,3.43E+01,8.30E+00
102,-33.3251,-100.015,2.14E+00,2.70E+01,3.24E+01,1.01E+01
103,-26.6602,-100.018,2.19E+00,2.70E+01,3.08E+01,1.20E+01
104,-19.995,-100.021,2.23E+00,2.70E+01,2.93E+01,1.42E+01
105,-13.3298,-100.023,2.26E+00,2.70E+01,2.80E+01,1.64E+01
106,-6.66463,-100.024,2.28E+00,2.70E+01,2.69E+01,1.87E+01
107,0.000702823,-100.025,2.29E+00,2.69E+01,2.60E+01,2.12E+01
108,6.66609,-100.025,2.30E+00,2.69E+01,2.51E+01,2.38E+01
109,13.3315,-100.025,2.29E+00,2.70E+01,2.44E+01,2.65E+01
110,19.9969,-100.023,2.27E+00,2.71E+01,2.37E+01,2.92E+01
111,26.6622,-100.022,2.24E+00,2.75E+01,2.30E+01,3.20E+01
112,33.3275,-100.019,2.20E+00,2.81E+01,2.24E+01,3.47E+01
113,39.9927,-100.016,2.16E+00,2.91E+01,2.17E+01,3.74E+01
114,46.6579,-100.013,2.10E+00,3.05E+01,2.09E+01,4.01E+01
115,53.3231,-100.01,2.04E+00,3.21E+01,2.02E+01,4.26E+01
116,59.9884,-100.006,1.97E+00,3.40E+01,1.95E+01,4.52E+01
117,66.6539,-100.002,1.89E+00,3.59E+01,1.88E+01,4.75E+01
118,73.3198,-99.9987,1.80E+00,3.76E+01,1.81E+01,4.95E+01
119,79.9862,-99.9955,1.70E+00,3.90E+01,1.73E+01,5.10E+01
120,86.6532,-99.9928,1.60E+00,3.97E+01,1.67E+01,5.18E+01
121,93.3208,-99.9906,1.49E+00,3.97E+01,1.60E+01,5.18E+01
122,-93.359,0.00107914,2.60E+00,2.81E+01,2.71E+01,2.14E+01
123,-86.6931,0.00118754,2.92E+00,2.98E+01,2.82E+01,2.16E+01
124,-80.027,0.00128876,3.23E+00,3.16E+01,2.94E+01,2.17E+01
125,-73.3608,0.00137725,3.56E+00,3.38E+01,3.07E+01,2.18E+01
126,-66.6948,0.00144109,3.90E+00,3.64E+01,3.23E+01,2.18E+01
127,-60.0287,0.00146728,4.24E+00,3.96E+01,3.41E+01,2.16E+01
128,-53.3627,0.00142674,4.60E+00,4.36E+01,3.65E+01,2.14E+01
129,-46.6971,0.00128701,4.97E+00,4.90E+01,3.96E+01,2.10E+01
130,-40.0317,0.000970102,5.37E+00,5.63E+01,4.40E+01,2.08E+01
131,-33.3669,0.000377194,5.78E+00,6.68E+01,5.03E+01,2.10E+01
132,-26.7031,-0.000736633,6.22E+00,8.28E+01,6.02E+01,2.29E+01
133,-20.0408,-0.0027001,6.71E+00,1.10E+02,7.76E+01,2.86E+01
134,-13.3808,-0.00636111,7.23E+00,1.67E+02,1.16E+02,3.88E+01
135,-6.71308,-0.0097811,7.79E+00,2.78E+02,1.89E+02,6.75E+01
136,0.000767986,-0.000330414,8.10E+00,3.48E+02,2.36E+02,8.93E+01
137,6.7137,0.00939263,7.78E+00,2.78E+02,1.89E+02,6.79E+01
138,13.3805,0.00624505,7.22E+00,1.68E+02,1.16E+02,4.08E+01
139,20.0401,0.00267981,6.69E+00,1.11E+02,7.80E+01,2.98E+01
140,26.7024,0.000751342,6.21E+00,8.38E+01,6.07E+01,2.37E+01
141,33.3663,-0.000348191,5.77E+00,6.75E+01,5.07E+01,2.17E+01
142,40.0311,-0.000938281,5.35E+00,5.67E+01,4.44E+01,2.14E+01
143,46.6965,-0.00125847,4.96E+00,4.93E+01,4.00E+01,2.15E+01
144,53.3622,-0.0014042,4.59E+00,4.38E+01,3.68E+01,2.18E+01
145,60.0282,-0.0014527,4.23E+00,3.97E+01,3.43E+01,2.20E+01
146,66.6943,-0.00143476,3.89E+00,3.65E+01,3.24E+01,2.21E+01
147,73.3604,-0.00137884,3.55E+00,3.39E+01,3.08E+01,2.21E+01
148,80.0266,-0.00129765,3.23E+00,3.17E+01,2.95E+01,2.20E+01
149,86.6927,-0.00120278,2.91E+00,2.99E+01,2.83E+01,2.18E+01
150,93.3587,-0.0010992,2.60E+00,2.82E+01,2.72E+01,2.16E+01
151,0.00923316,6.71165,7.77E+00,2.80E+02,1.91E+02,6.75E+01
152,0.00548942,13.3795,7.22E+00,1.68E+02,1.19E+02,3.92E+01
153,0.00201357,20.04,6.69E+00,1.09E+02,7.95E+01,2.94E+01
154,2.54E-05,26.7024,6.21E+00,8.15E+01,6.14E+01,2.41E+01
155,-0.00108681,33.3663,5.77E+00,6.57E+01,5.12E+01,2.24E+01
156,-0.00166052,40.0312,5.36E+00,5.54E+01,4.46E+01,2.20E+01
157,-0.00195231,46.6965,4.97E+00,4.83E+01,4.01E+01,2.21E+01
158,-0.00206305,53.3623,4.59E+00,4.30E+01,3.69E+01,2.22E+01
159,-0.00207386,60.0283,4.24E+00,3.91E+01,3.45E+01,2.23E+01
160,-0.00201632,66.6944,3.89E+00,3.60E+01,3.25E+01,2.23E+01
161,-0.00191989,73.3605,3.56E+00,3.35E+01,3.09E+01,2.22E+01
162,-0.00179691,80.0267,3.23E+00,3.14E+01,2.96E+01,2.21E+01
163,-0.00165897,86.6929,2.91E+00,2.96E+01,2.84E+01,2.19E+01
164,-0.00151325,93.3589,2.60E+00,2.79E+01,2.73E+01,2.16E+01
165,-53.3636,6.66681,4.61E+00,4.22E+01,3.59E+01,2.85E+01
166,-53.3614,13.3324,4.58E+00,4.07E+01,3.55E+01,3.74E+01
167,-53.3565,19.9977,4.50E+00,4.05E+01,3.48E+01,4.72E+01
168,-53.3497,26.6623,4.39E+00,4.24E+01,3.34E+01,5.67E+01
169,-53.3421,33.3266,4.24E+00,4.65E+01,3.16E+01,6.51E+01
170,-53.3348,39.9913,4.07E+00,5.11E+01,2.98E+01,7.14E+01
171,-53.3288,46.6571,3.88E+00,5.42E+01,2.82E+01,7.45E+01
172,-53.3247,53.3244,3.68E+00,5.41E+01,2.69E+01,7.36E+01
173,-53.3224,59.9932,3.47E+00,5.11E+01,2.60E+01,6.94E+01
174,-53.3214,66.6627,3.24E+00,4.68E+01,2.51E+01,6.37E+01
175,-53.3212,73.3326,3.01E+00,4.24E+01,2.43E+01,5.79E+01
176,-53.3215,80.0024,2.78E+00,3.86E+01,2.34E+01,5.28E+01
177,-53.3221,86.6719,2.54E+00,3.56E+01,2.24E+01,4.85E+01
178,-53.3228,93.3411,2.29E+00,3.33E+01,2.14E+01,4.50E+01
179,-59.9983,46.6558,3.64E+00,4.90E+01,2.72E+01,6.75E+01
180,-66.6682,46.6555,3.40E+00,4.39E+01,2.63E+01,6.05E+01
181,-73.3378,46.6556,3.14E+00,3.96E+01,2.53E+01,5.44E+01
182,-80.0073,46.6561,2.89E+00,3.62E+01,2.43E+01,4.95E+01
183,-86.6764,46.6567,2.63E+00,3.36E+01,2.32E+01,4.55E+01
184,-93.345,46.6573,2.37E+00,3.17E+01,2.21E+01,4.24E+01
185,-73.3435,39.9909,3.26E+00,3.65E+01,2.64E+01,5.00E+01
186,-73.3489,33.3263,3.36E+00,3.41E+01,2.74E+01,4.52E+01
187,-73.3538,26.6617,3.45E+00,3.26E+01,2.83E+01,4.03E+01
188,-73.3577,19.9967,3.51E+00,3.22E+01,2.89E+01,3.53E+01
189,-73.3603,13.3316,3.55E+00,3.25E+01,2.95E+01,3.04E+01
190,-73.3613,6.66645,3.57E+00,3.31E+01,3.00E+01,2.58E+01
191,-66.6862,26.6617,3.75E+00,3.50E+01,2.98E+01,4.42E+01
192,-60.0182,26.6619,4.07E+00,3.81E+01,3.15E+01,4.94E+01
193,-66.6805,33.3262,3.65E+00,3.70E+01,2.88E+01,5.01E+01
194,-66.6743,39.9907,3.53E+00,4.02E+01,2.76E+01,5.56E+01
195,-60.0115,33.3263,3.95E+00,4.10E+01,3.02E+01,5.66E+01
196,-60.0046,39.9908,3.80E+00,4.51E+01,2.87E+01,6.28E+01
197,-66.6941,13.3318,3.88E+00,3.46E+01,3.11E+01,3.20E+01
198,-60.0277,13.332,4.22E+00,3.73E+01,3.31E+01,3.42E+01
199,-66.6909,19.9969,3.83E+00,3.43E+01,3.06E+01,3.81E+01
200,-60.0238,19.9972,4.16E+00,3.69E+01,3.25E+01,4.18E+01
201,-66.6954,6.66653,3.90E+00,3.55E+01,3.16E+01,2.65E+01
202,-60.0294,6.66665,4.25E+00,3.84E+01,3.35E+01,2.73E+01
203,-93.3551,26.6622,2.54E+00,2.82E+01,2.43E+01,3.33E+01
204,-86.6884,26.6619,2.84E+00,2.94E+01,2.55E+01,3.51E+01
205,-80.0212,26.6617,3.14E+00,3.09E+01,2.68E+01,3.74E+01
206,-86.6849,33.3269,2.78E+00,3.02E+01,2.48E+01,3.87E+01
207,-86.6808,39.9918,2.71E+00,3.16E+01,2.40E+01,4.21E+01
208,-93.3522,33.3273,2.49E+00,2.89E+01,2.36E+01,3.64E+01
209,-93.3488,39.9923,2.44E+00,3.01E+01,2.29E+01,3.94E+01
210,-80.0171,33.3266,3.07E+00,3.19E+01,2.61E+01,4.15E+01
211,-80.0124,39.9913,2.99E+00,3.37E+01,2.52E+01,4.56E+01
212,-93.3587,13.3316,2.60E+00,2.79E+01,2.56E+01,2.72E+01
213,-86.6927,13.3316,2.91E+00,2.92E+01,2.68E+01,2.81E+01
214,-80.0266,13.3316,3.23E+00,3.07E+01,2.81E+01,2.91E+01
215,-86.691,19.9968,2.88E+00,2.92E+01,2.62E+01,3.16E+01
216,-93.3573,19.9969,2.57E+00,2.79E+01,2.50E+01,3.02E+01
217,-80.0245,19.9967,3.19E+00,3.05E+01,2.75E+01,3.32E+01
218,-86.6934,6.66636,2.92E+00,2.95E+01,2.74E+01,2.47E+01
219,-93.3593,6.66634,2.61E+00,2.80E+01,2.63E+01,2.42E+01
220,-80.0274,6.6664,3.24E+00,3.12E+01,2.86E+01,2.53E+01
221,-59.987,73.3278,2.87E+00,4.51E+01,2.31E+01,6.06E+01
222,-66.6537,73.324,2.72E+00,4.65E+01,2.21E+01,6.17E+01
223,-73.3214,73.3213,2.55E+00,4.63E+01,2.12E+01,6.11E+01
224,-79.9901,73.3198,2.38E+00,4.46E+01,2.04E+01,5.88E+01
225,-86.6594,73.3192,2.20E+00,4.23E+01,1.96E+01,5.57E+01
226,-93.329,73.3193,2.00E+00,3.97E+01,1.89E+01,5.24E+01
227,-73.3239,66.6534,2.72E+00,4.66E+01,2.21E+01,6.19E+01
228,-73.3277,59.9866,2.87E+00,4.54E+01,2.31E+01,6.09E+01
229,-73.3324,53.3207,3.01E+00,4.28E+01,2.42E+01,5.82E+01
230,-66.6584,59.9875,3.08E+00,4.89E+01,2.39E+01,6.55E+01
231,-59.9897,59.9895,3.28E+00,5.11E+01,2.48E+01,6.87E+01
232,-66.6554,66.6552,2.90E+00,4.85E+01,2.29E+01,6.46E+01
233,-59.9878,66.6583,3.08E+00,4.87E+01,2.39E+01,6.53E+01
234,-66.6627,53.3209,3.24E+00,4.71E+01,2.50E+01,6.40E+01
235,-59.9932,53.322,3.47E+00,5.14E+01,2.59E+01,6.96E+01
236,-93.3367,59.9876,2.20E+00,3.58E+01,2.05E+01,4.80E+01
237,-86.6672,59.9869,2.43E+00,3.85E+01,2.14E+01,5.17E+01
238,-79.9974,59.9865,2.66E+00,4.17E+01,2.23E+01,5.61E+01
239,-86.663,66.6527,2.32E+00,4.07E+01,2.05E+01,5.42E+01
240,-93.3327,66.6532,2.11E+00,3.79E+01,1.97E+01,5.05E+01
241,-79.9933,66.6527,2.52E+00,4.38E+01,2.13E+01,5.81E+01
242,-86.6718,53.3216,2.54E+00,3.60E+01,2.23E+01,4.88E+01
243,-93.3409,53.3224,2.29E+00,3.36E+01,2.13E+01,4.53E+01
244,-80.0022,53.321,2.78E+00,3.90E+01,2.33E+01,5.31E+01
245,-73.3196,93.3292,2.00E+00,3.94E+01,1.89E+01,5.21E+01
246,-73.3195,86.6595,2.20E+00,4.20E+01,1.97E+01,5.55E+01
247,-73.32,79.9901,2.38E+00,4.45E+01,2.04E+01,5.87E+01
248,-66.6531,86.6632,2.32E+00,4.04E+01,2.06E+01,5.39E+01
249,-59.9874,86.6674,2.43E+00,3.81E+01,2.15E+01,5.14E+01
250,-66.6536,93.3329,2.11E+00,3.76E+01,1.98E+01,5.02E+01
251,-59.9881,93.337,2.20E+00,3.55E+01,2.06E+01,4.77E+01
252,-66.6531,79.9934,2.52E+00,4.35E+01,2.14E+01,5.79E+01
253,-59.987,79.9976,2.65E+00,4.14E+01,2.24E+01,5.58E+01
254,-93.3234,86.6535,1.77E+00,4.11E+01,1.74E+01,5.38E+01
255,-86.6547,86.6546,1.92E+00,4.23E+01,1.81E+01,5.54E+01
256,-79.9867,86.6566,2.06E+00,4.27E+01,1.88E+01,5.60E+01
257,-86.6537,93.3235,1.77E+00,4.10E+01,1.74E+01,5.37E+01
258,-93.3217,93.3217,1.63E+00,4.06E+01,1.67E+01,5.30E+01
259,-79.9863,93.326,1.89E+00,4.06E+01,1.81E+01,5.34E+01
260,-86.6566,79.9865,2.06E+00,4.28E+01,1.88E+01,5.61E+01
261,-93.3258,79.986,1.89E+00,4.08E+01,1.81E+01,5.36E+01
262,-79.9879,79.9878,2.23E+00,4.42E+01,1.96E+01,5.80E+01
263,-6.66769,46.6977,4.98E+00,4.63E+01,3.95E+01,3.14E+01
264,-13.3336,46.695,4.94E+00,4.44E+01,3.90E+01,4.32E+01
265,-19.9991,46.6889,4.84E+00,4.45E+01,3.79E+01,5.56E+01
266,-26.6638,46.6809,4.70E+00,4.77E+01,3.58E+01,6.69E+01
267,-33.3282,46.6725,4.53E+00,5.28E+01,3.34E+01,7.56E+01
268,-39.9935,46.6652,4.33E+00,5.69E+01,3.12E+01,8.02E+01
269,-46.6604,46.66,4.11E+00,5.74E+01,2.95E+01,7.96E+01
270,-26.6653,40.0114,5.02E+00,5.56E+01,3.82E+01,8.02E+01
271,-26.6679,33.3418,5.34E+00,6.47E+01,4.12E+01,9.55E+01
272,-26.6734,26.673,5.64E+00,7.11E+01,4.55E+01,1.07E+02
273,-26.6833,20.0059,5.91E+00,7.21E+01,5.14E+01,1.04E+02
274,-26.6956,13.3388,6.12E+00,7.22E+01,5.73E+01,8.09E+01
275,-26.704,6.66916,6.24E+00,7.74E+01,6.00E+01,4.71E+01
276,-20.0065,26.6831,5.91E+00,7.12E+01,5.18E+01,1.04E+02
277,-13.3394,26.6953,6.12E+00,7.08E+01,5.81E+01,8.22E+01
278,-6.6698,26.7034,6.23E+00,7.57E+01,6.11E+01,4.94E+01
279,-13.3364,33.3622,5.71E+00,5.88E+01,4.93E+01,6.30E+01
280,-13.3347,40.0286,5.32E+00,5.04E+01,4.33E+01,5.08E+01
281,-20.0027,33.3523,5.55E+00,6.03E+01,4.57E+01,8.37E+01
282,-20.0005,40.0209,5.20E+00,5.12E+01,4.13E+01,6.72E+01
283,-6.66866,33.3676,5.79E+00,6.20E+01,5.06E+01,3.99E+01
284,-6.66806,40.0324,5.37E+00,5.28E+01,4.40E+01,3.45E+01
285,-13.3749,6.67847,7.20E+00,1.43E+02,1.16E+02,7.26E+01
286,-13.3571,13.3567,6.92E+00,1.09E+02,9.52E+01,1.14E+02
287,-13.3451,20.0273,6.53E+00,8.69E+01,7.28E+01,1.07E+02
288,-20.0277,13.3446,6.54E+00,8.80E+01,7.20E+01,1.06E+02
289,-20.0403,6.67177,6.71E+00,9.98E+01,7.85E+01,6.28E+01
290,-20.0143,20.0139,6.25E+00,8.05E+01,6.10E+01,1.18E+02
291,-6.679,13.3742,7.19E+00,1.42E+02,1.18E+02,7.38E+01
292,-6.69599,6.69505,7.63E+00,2.23E+02,1.69E+02,5.83E+01
293,-6.67234,20.0396,6.70E+00,9.81E+01,8.00E+01,6.50E+01
294,-46.6809,26.6631,4.70E+00,4.84E+01,3.55E+01,6.67E+01
295,-40.0115,26.6645,5.02E+00,5.64E+01,3.79E+01,8.01E+01
296,-33.3419,26.6673,5.34E+00,6.53E+01,4.09E+01,9.55E+01
297,-40.0028,33.3296,4.81E+00,6.09E+01,3.49E+01,8.74E+01
298,-39.9968,39.9964,4.58E+00,6.12E+01,3.27E+01,8.68E+01
299,-46.6725,33.3276,4.53E+00,5.35E+01,3.32E+01,7.57E+01
300,-46.6653,39.9929,4.33E+00,5.73E+01,3.11E+01,8.04E+01
301,-33.3343,33.334,5.09E+00,6.57E+01,3.75E+01,9.58E+01
302,-33.3302,40.0027,4.81E+00,6.04E+01,3.51E+01,8.72E+01
303,-46.6952,13.333,4.94E+00,4.53E+01,3.86E+01,4.21E+01
304,-40.0289,13.3341,5.32E+00,5.14E+01,4.28E+01,4.96E+01
305,-33.3624,13.3358,5.72E+00,6.01E+01,4.86E+01,6.16E+01
306,-40.021,19.9998,5.20E+00,5.21E+01,4.08E+01,6.65E+01
307,-46.689,19.9985,4.85E+00,4.53E+01,3.75E+01,5.50E+01
308,-33.3523,20.002,5.56E+00,6.14E+01,4.52E+01,8.32E+01
309,-40.0329,6.6674,5.38E+00,5.39E+01,4.34E+01,3.30E+01
310,-46.6981,6.66704,4.99E+00,4.71E+01,3.90E+01,3.02E+01
311,-33.3681,6.668,5.80E+00,6.34E+01,4.98E+01,3.80E+01
312,-26.6626,93.3552,2.54E+00,2.80E+01,2.44E+01,3.34E+01
313,-26.6624,86.6884,2.84E+00,2.92E+01,2.57E+01,3.53E+01
314,-26.6623,80.0212,3.14E+00,3.06E+01,2.70E+01,3.76E+01
315,-26.6623,73.3539,3.44E+00,3.23E+01,2.84E+01,4.05E+01
316,-26.6623,66.6862,3.75E+00,3.46E+01,3.00E+01,4.44E+01
317,-26.6626,60.0182,4.07E+00,3.76E+01,3.18E+01,4.97E+01
318,-26.663,53.3498,4.38E+00,4.18E+01,3.37E+01,5.69E+01
319,-19.9973,73.3576,3.51E+00,3.19E+01,2.91E+01,3.56E+01
320,-13.3321,73.3601,3.55E+00,3.21E+01,2.97E+01,3.08E+01
321,-6.667,73.3611,3.56E+00,3.28E+01,3.02E+01,2.63E+01
322,-13.3321,80.0264,3.22E+00,3.04E+01,2.82E+01,2.95E+01
323,-13.332,86.6926,2.91E+00,2.90E+01,2.69E+01,2.83E+01
324,-13.332,93.3587,2.59E+00,2.77E+01,2.58E+01,2.74E+01
325,-19.9973,86.6909,2.88E+00,2.89E+01,2.63E+01,3.18E+01
326,-19.9972,80.0244,3.19E+00,3.03E+01,2.77E+01,3.35E+01
327,-19.9974,93.3573,2.57E+00,2.77E+01,2.51E+01,3.04E+01
328,-6.66684,86.6932,2.92E+00,2.92E+01,2.76E+01,2.50E+01
329,-6.66691,80.0272,3.24E+00,3.09E+01,2.88E+01,2.56E+01
330,-6.66678,93.3592,2.60E+00,2.78E+01,2.65E+01,2.44E+01
331,-13.333,53.3612,4.57E+00,4.00E+01,3.58E+01,3.82E+01
332,-13.3326,60.0275,4.22E+00,3.67E+01,3.33E+01,3.49E+01
333,-13.3323,66.6938,3.88E+00,3.42E+01,3.13E+01,3.26E+01
334,-19.9978,60.0237,4.16E+00,3.64E+01,3.27E+01,4.23E+01
335,-19.9983,53.3565,4.50E+00,3.98E+01,3.51E+01,4.77E+01
336,-19.9975,66.6908,3.83E+00,3.39E+01,3.08E+01,3.85E+01
337,-6.66725,60.0291,4.24E+00,3.79E+01,3.38E+01,2.81E+01
338,-6.66744,53.3632,4.60E+00,4.15E+01,3.62E+01,2.94E+01
339,-6.66711,66.695,3.90E+00,3.50E+01,3.18E+01,2.71E+01
340,-46.6562,73.338,3.14E+00,3.92E+01,2.54E+01,5.42E+01
341,-39.9915,73.3437,3.26E+00,3.61E+01,2.65E+01,4.99E+01
342,-33.3269,73.3491,3.36E+00,3.37E+01,2.76E+01,4.53E+01
343,-39.9919,80.0125,2.99E+00,3.34E+01,2.53E+01,4.55E+01
344,-39.9923,86.681,2.71E+00,3.14E+01,2.42E+01,4.21E+01
345,-39.9928,93.349,2.44E+00,2.98E+01,2.30E+01,3.94E+01
346,-46.6572,86.6766,2.63E+00,3.33E+01,2.33E+01,4.53E+01
347,-46.6566,80.0075,2.89E+00,3.58E+01,2.44E+01,4.93E+01
348,-46.6578,93.3452,2.37E+00,3.14E+01,2.22E+01,4.22E+01
349,-33.3274,86.685,2.78E+00,3.00E+01,2.50E+01,3.87E+01
350,-33.3271,80.0172,3.07E+00,3.16E+01,2.62E+01,4.16E+01
351,-33.3277,93.3524,2.49E+00,2.87E+01,2.37E+01,3.64E+01
352,-39.992,53.3349,4.07E+00,5.06E+01,3.00E+01,7.12E+01
353,-39.9914,60.0047,3.80E+00,4.46E+01,2.89E+01,6.26E+01
354,-39.9913,66.6744,3.53E+00,3.97E+01,2.77E+01,5.55E+01
355,-46.6564,59.9984,3.64E+00,4.86E+01,2.73E+01,6.72E+01
356,-46.6576,53.3287,3.88E+00,5.38E+01,2.83E+01,7.43E+01
357,-46.6561,66.6683,3.40E+00,4.34E+01,2.64E+01,6.02E+01
358,-33.3269,60.0116,3.95E+00,4.05E+01,3.04E+01,5.66E+01
359,-33.3273,53.3422,4.24E+00,4.59E+01,3.19E+01,6.50E+01
360,-33.3268,66.6806,3.65E+00,3.66E+01,2.90E+01,5.01E+01
361,93.3392,46.6536,2.28E+00,2.85E+01,3.88E+01,6.76E+00
362,86.6698,46.6522,2.52E+00,3.02E+01,4.15E+01,6.65E+00
363,79.9999,46.6509,2.77E+00,3.19E+01,4.48E+01,6.53E+00
364,73.3297,46.6497,3.01E+00,3.37E+01,4.90E+01,6.43E+00
365,66.6593,46.6486,3.25E+00,3.54E+01,5.41E+01,6.38E+00
366,59.9889,46.6481,3.48E+00,3.71E+01,5.98E+01,6.42E+00
367,53.3189,46.6484,3.70E+00,3.89E+01,6.54E+01,6.60E+00
368,46.65,46.6503,3.92E+00,4.07E+01,6.93E+01,7.00E+00
369,39.9828,46.6542,4.13E+00,4.28E+01,6.96E+01,7.60E+00
370,33.3174,46.6604,4.33E+00,4.49E+01,6.58E+01,8.28E+00
371,26.6534,46.6682,4.51E+00,4.69E+01,5.95E+01,8.99E+00
372,19.9901,46.6768,4.67E+00,4.84E+01,5.25E+01,1.00E+01
373,13.3268,46.6851,4.80E+00,4.93E+01,4.65E+01,1.20E+01
374,6.66292,46.692,4.90E+00,4.93E+01,4.23E+01,1.57E+01
375,53.3242,39.9827,3.89E+00,4.06E+01,6.25E+01,7.17E+00
376,53.331,33.3183,4.06E+00,4.23E+01,5.74E+01,7.86E+00
377,53.3386,26.6547,4.21E+00,4.37E+01,5.15E+01,8.79E+00
378,53.3462,19.9913,4.35E+00,4.46E+01,4.59E+01,1.03E+01
379,53.3532,13.3276,4.46E+00,4.50E+01,4.15E+01,1.27E+01
380,53.3587,6.66346,4.54E+00,4.48E+01,3.84E+01,1.64E+01
381,80.0051,39.9864,2.87E+00,3.24E+01,4.16E+01,7.62E+00
382,80.0101,33.322,2.96E+00,3.26E+01,3.85E+01,9.15E+00
383,80.0149,26.6576,3.04E+00,3.27E+01,3.59E+01,1.11E+01
384,80.0191,19.9932,3.11E+00,3.27E+01,3.37E+01,1.33E+01
385,80.0225,13.3285,3.17E+00,3.25E+01,3.19E+01,1.59E+01
386,80.0251,6.66371,3.21E+00,3.22E+01,3.05E+01,1.88E+01
387,86.6829,26.6584,2.76E+00,3.06E+01,3.39E+01,1.15E+01
388,93.3506,26.6592,2.47E+00,2.87E+01,3.23E+01,1.19E+01
389,86.6789,33.323,2.69E+00,3.06E+01,3.61E+01,9.55E+00
390,86.6744,39.9876,2.61E+00,3.05E+01,3.87E+01,7.90E+00
391,93.3471,33.324,2.42E+00,2.87E+01,3.42E+01,9.88E+00
392,93.3433,39.9888,2.35E+00,2.86E+01,3.64E+01,8.14E+00
393,86.6894,13.3289,2.86E+00,3.04E+01,3.05E+01,1.62E+01
394,93.356,13.3292,2.56E+00,2.85E+01,2.93E+01,1.64E+01
395,86.6865,19.9937,2.81E+00,3.06E+01,3.20E+01,1.37E+01
396,93.3536,19.9942,2.52E+00,2.86E+01,3.07E+01,1.41E+01
397,86.6915,6.6639,2.89E+00,3.02E+01,2.93E+01,1.89E+01
398,93.3577,6.66412,2.58E+00,2.84E+01,2.81E+01,1.89E+01
399,60.0083,26.6553,3.92E+00,4.05E+01,4.58E+01,9.18E+00
400,66.6776,26.6561,3.62E+00,3.76E+01,4.15E+01,9.83E+00
401,73.3464,26.6569,3.33E+00,3.50E+01,3.83E+01,1.05E+01
402,66.6714,33.32,3.51E+00,3.71E+01,4.56E+01,8.23E+00
403,66.6652,39.9841,3.38E+00,3.64E+01,4.99E+01,7.10E+00
404,60.0014,33.3191,3.79E+00,3.96E+01,5.07E+01,7.89E+00
405,59.9947,39.9832,3.64E+00,3.85E+01,5.57E+01,7.01E+00
406,73.341,33.321,3.24E+00,3.48E+01,4.16E+01,8.69E+00
407,73.3353,39.9852,3.13E+00,3.44E+01,4.52E+01,7.34E+00
408,66.692,6.66343,3.85E+00,3.72E+01,3.36E+01,1.80E+01
409,66.6882,13.3279,3.80E+00,3.76E+01,3.55E+01,1.47E+01
410,66.6833,19.9921,3.72E+00,3.78E+01,3.82E+01,1.20E+01
411,60.0208,13.3277,4.12E+00,4.09E+01,3.81E+01,1.37E+01
412,60.0254,6.66339,4.19E+00,4.06E+01,3.57E+01,1.73E+01
413,60.015,19.9917,4.03E+00,4.09E+01,4.15E+01,1.11E+01
414,73.3555,13.3282,3.48E+00,3.49E+01,3.35E+01,1.54E+01
415,73.3586,6.66355,3.53E+00,3.45E+01,3.19E+01,1.85E+01
416,73.3513,19.9926,3.41E+00,3.50E+01,3.56E+01,1.27E+01
417,26.6536,39.9979,4.80E+00,5.10E+01,6.89E+01,1.01E+01
418,26.655,33.3279,5.09E+00,5.58E+01,7.88E+01,1.21E+01
419,26.6591,26.6595,5.38E+00,6.16E+01,8.53E+01,1.47E+01
420,26.6676,19.994,5.65E+00,6.87E+01,8.34E+01,1.70E+01
421,26.6799,13.3309,5.89E+00,7.66E+01,7.39E+01,1.80E+01
422,26.6931,6.6674,6.09E+00,8.33E+01,6.44E+01,1.70E+01
423,33.3279,26.6556,5.09E+00,5.60E+01,7.85E+01,1.22E+01
424,39.998,26.6543,4.80E+00,5.13E+01,6.84E+01,1.02E+01
425,46.6684,26.6543,4.51E+00,4.73E+01,5.90E+01,9.02E+00
426,39.9903,33.3189,4.59E+00,4.82E+01,7.37E+01,9.37E+00
427,39.9852,39.9855,4.37E+00,4.53E+01,7.40E+01,8.40E+00
428,33.3214,33.3218,4.85E+00,5.18E+01,7.94E+01,1.08E+01
429,33.3183,39.9904,4.59E+00,4.81E+01,7.40E+01,9.31E+00
430,46.6605,33.3181,4.33E+00,4.51E+01,6.54E+01,8.34E+00
431,46.6541,39.9833,4.13E+00,4.29E+01,6.93E+01,7.63E+00
432,33.3486,13.3289,5.52E+00,6.50E+01,6.16E+01,1.33E+01
433,40.0171,13.328,5.15E+00,5.65E+01,5.26E+01,1.15E+01
434,46.6853,13.3277,4.80E+00,5.01E+01,4.61E+01,1.17E+01
435,40.0074,19.9911,4.99E+00,5.42E+01,6.04E+01,1.07E+01
436,33.3374,19.9918,5.32E+00,6.07E+01,7.13E+01,1.31E+01
437,46.6771,19.991,4.67E+00,4.90E+01,5.21E+01,9.93E+00
438,40.0256,6.66426,5.28E+00,5.76E+01,4.70E+01,1.43E+01
439,33.3592,6.66534,5.67E+00,6.79E+01,5.40E+01,1.43E+01
440,46.6921,6.66371,4.90E+00,5.03E+01,4.20E+01,1.52E+01
441,6.66652,26.6929,6.09E+00,8.10E+01,6.51E+01,1.66E+01
442,13.33,26.6798,5.89E+00,7.53E+01,7.46E+01,1.73E+01
443,19.9933,26.6677,5.65E+00,6.82E+01,8.38E+01,1.67E+01
444,13.328,33.3484,5.52E+00,6.39E+01,6.22E+01,1.30E+01
445,13.3271,40.0169,5.15E+00,5.56E+01,5.30E+01,1.16E+01
446,6.66446,33.359,5.67E+00,6.63E+01,5.46E+01,1.45E+01
447,6.66342,40.0255,5.28E+00,5.64E+01,4.73E+01,1.47E+01
448,19.991,33.3373,5.32E+00,6.00E+01,7.18E+01,1.29E+01
449,19.9902,40.0072,4.99E+00,5.36E+01,6.09E+01,1.06E+01
450,6.67994,13.3639,7.00E+00,1.54E+02,1.05E+02,4.18E+01
451,13.3448,13.3452,6.65E+00,1.20E+02,9.72E+01,3.67E+01
452,20.0114,13.3352,6.27E+00,9.35E+01,8.78E+01,2.59E+01
453,13.3345,20.0116,6.27E+00,9.23E+01,8.84E+01,2.51E+01
454,6.67078,20.0276,6.53E+00,1.05E+02,8.07E+01,2.35E+01
455,19.9994,19.9998,5.97E+00,7.92E+01,9.13E+01,2.15E+01
456,13.3642,6.68069,7.00E+00,1.56E+02,1.04E+02,4.31E+01
457,6.6994,6.69893,7.48E+00,2.36E+02,1.52E+02,7.33E+01
458,20.0277,6.67159,6.53E+00,1.08E+02,7.94E+01,2.49E+01
459,53.318,93.3348,2.19E+00,2.81E+01,4.18E+01,5.86E+00
460,53.3165,86.6649,2.43E+00,2.97E+01,4.48E+01,5.90E+00
461,53.3152,79.9947,2.65E+00,3.12E+01,4.86E+01,5.92E+00
462,53.3141,73.3244,2.88E+00,3.27E+01,5.30E+01,5.93E+00
463,53.3135,66.6542,3.10E+00,3.42E+01,5.77E+01,5.94E+00
464,53.3138,59.9845,3.31E+00,3.57E+01,6.22E+01,6.00E+00
465,53.3155,53.3157,3.51E+00,3.72E+01,6.52E+01,6.20E+00
466,59.98,73.3202,2.74E+00,3.18E+01,5.55E+01,5.76E+00
467,66.6469,73.317,2.58E+00,3.08E+01,5.65E+01,5.81E+00
468,73.3149,73.3151,2.42E+00,2.98E+01,5.59E+01,5.97E+00
469,79.9838,73.3142,2.26E+00,2.89E+01,5.39E+01,6.15E+00
470,86.6535,73.3143,2.08E+00,2.79E+01,5.12E+01,6.27E+00
471,93.3234,73.3151,1.90E+00,2.68E+01,4.82E+01,6.30E+00
472,73.314,79.9839,2.26E+00,2.88E+01,5.41E+01,6.17E+00
473,73.314,86.6534,2.08E+00,2.78E+01,5.15E+01,6.31E+00
474,73.3147,93.3233,1.90E+00,2.68E+01,4.86E+01,6.35E+00
475,66.6475,86.6566,2.20E+00,2.85E+01,5.00E+01,5.87E+00
476,59.9817,86.6605,2.32E+00,2.92E+01,4.77E+01,5.68E+00
477,66.6469,79.9866,2.40E+00,2.97E+01,5.34E+01,5.87E+00
478,59.9806,79.9903,2.53E+00,3.05E+01,5.14E+01,5.74E+00
479,66.6487,93.3267,2.00E+00,2.73E+01,4.67E+01,5.78E+00
480,59.9831,93.3306,2.10E+00,2.77E+01,4.44E+01,5.56E+00
481,86.651,79.9816,1.95E+00,2.71E+01,5.18E+01,6.81E+00
482,86.6496,86.6496,1.81E+00,2.64E+01,5.13E+01,7.33E+00
483,86.649,93.3185,1.66E+00,2.55E+01,4.99E+01,7.77E+00
484,79.9814,86.651,1.95E+00,2.71E+01,5.19E+01,6.83E+00
485,79.9821,79.9822,2.11E+00,2.80E+01,5.35E+01,6.51E+00
486,79.9815,93.3205,1.78E+00,2.62E+01,4.97E+01,7.06E+00
487,93.3185,86.6491,1.66E+00,2.56E+01,4.98E+01,7.75E+00
488,93.3206,79.9817,1.78E+00,2.62E+01,4.95E+01,7.01E+00
489,93.3172,93.3173,1.52E+00,2.49E+01,4.93E+01,8.40E+00
490,73.3246,53.3146,2.88E+00,3.28E+01,5.25E+01,5.93E+00
491,73.3202,59.9804,2.73E+00,3.19E+01,5.51E+01,5.76E+00
492,73.317,66.6472,2.58E+00,3.08E+01,5.63E+01,5.80E+00
493,66.6505,59.9805,2.93E+00,3.31E+01,5.90E+01,5.76E+00
494,59.9815,59.9817,3.12E+00,3.43E+01,6.17E+01,5.81E+00
495,66.6543,53.314,3.09E+00,3.43E+01,5.74E+01,5.95E+00
496,59.9844,53.3142,3.31E+00,3.57E+01,6.20E+01,6.02E+00
497,66.648,66.6482,2.76E+00,3.19E+01,5.86E+01,5.74E+00
498,59.9802,66.6505,2.93E+00,3.30E+01,5.92E+01,5.76E+00
499,93.3308,59.9836,2.10E+00,2.78E+01,4.39E+01,5.53E+00
500,86.6607,59.9822,2.32E+00,2.93E+01,4.72E+01,5.65E+00
501,79.9904,59.9811,2.53E+00,3.06E+01,5.10E+01,5.73E+00
502,86.6651,53.317,2.43E+00,2.98E+01,4.44E+01,5.89E+00
503,93.335,53.3185,2.19E+00,2.82E+01,4.13E+01,5.86E+00
504,79.9949,53.3157,2.65E+00,3.13E+01,4.81E+01,5.92E+00
505,86.6567,66.6479,2.20E+00,2.86E+01,4.96E+01,5.84E+00
506,93.3269,66.6491,2.00E+00,2.74E+01,4.63E+01,5.73E+00
507,79.9866,66.6472,2.40E+00,2.98E+01,5.31E+01,5.85E+00
508,26.6586,93.3505,2.47E+00,2.85E+01,3.26E+01,1.19E+01
509,26.6578,86.6828,2.76E+00,3.04E+01,3.42E+01,1.16E+01
510,26.657,80.0147,3.05E+00,3.25E+01,3.61E+01,1.11E+01
511,26.6562,73.3463,3.33E+00,3.48E+01,3.86E+01,1.06E+01
512,26.6553,66.6774,3.63E+00,3.73E+01,4.19E+01,9.92E+00
513,26.6545,60.0081,3.92E+00,4.01E+01,4.62E+01,9.27E+00
514,26.6539,53.3384,4.21E+00,4.33E+01,5.20E+01,8.84E+00
515,33.3203,73.3408,3.24E+00,3.46E+01,4.20E+01,8.73E+00
516,39.9845,73.3351,3.13E+00,3.42E+01,4.57E+01,7.35E+00
517,46.649,73.3295,3.01E+00,3.36E+01,4.95E+01,6.43E+00
518,39.9857,80.0049,2.87E+00,3.22E+01,4.20E+01,7.63E+00
519,39.987,86.6742,2.61E+00,3.03E+01,3.90E+01,7.90E+00
520,39.9882,93.3431,2.35E+00,2.85E+01,3.67E+01,8.13E+00
521,33.3224,86.6787,2.69E+00,3.04E+01,3.64E+01,9.56E+00
522,33.3214,80.0099,2.96E+00,3.25E+01,3.89E+01,9.18E+00
523,33.3234,93.347,2.42E+00,2.85E+01,3.45E+01,9.87E+00
524,46.6516,86.6696,2.52E+00,3.01E+01,4.19E+01,6.65E+00
525,46.6503,79.9997,2.77E+00,3.18E+01,4.53E+01,6.54E+00
526,46.653,93.339,2.28E+00,2.83E+01,3.92E+01,6.75E+00
527,33.3183,60.0012,3.79E+00,3.94E+01,5.12E+01,7.90E+00
528,39.9825,59.9945,3.64E+00,3.83E+01,5.62E+01,7.00E+00
529,46.6475,59.9888,3.48E+00,3.70E+01,6.02E+01,6.39E+00
530,39.9834,66.6649,3.39E+00,3.62E+01,5.04E+01,7.11E+00
531,33.3192,66.6712,3.51E+00,3.69E+01,4.60E+01,8.27E+00
532,46.648,66.6591,3.25E+00,3.53E+01,5.46E+01,6.36E+00
533,39.9821,53.3241,3.89E+00,4.05E+01,6.29E+01,7.13E+00
534,33.3176,53.3308,4.06E+00,4.21E+01,5.79E+01,7.84E+00
535,46.648,53.319,3.71E+00,3.88E+01,6.57E+01,6.58E+00
536,6.66296,73.3586,3.53E+00,3.41E+01,3.21E+01,1.86E+01
537,13.3276,73.3554,3.48E+00,3.45E+01,3.37E+01,1.55E+01
538,19.992,73.3512,3.42E+00,3.48E+01,3.59E+01,1.28E+01
539,13.328,80.0225,3.17E+00,3.22E+01,3.20E+01,1.60E+01
540,13.3284,86.6894,2.86E+00,3.01E+01,3.07E+01,1.63E+01
541,13.3288,93.356,2.56E+00,2.83E+01,2.95E+01,1.64E+01
542,6.66342,86.6915,2.89E+00,2.99E+01,2.94E+01,1.90E+01
543,6.66317,80.0251,3.21E+00,3.18E+01,3.06E+01,1.89E+01
544,6.66368,93.3578,2.58E+00,2.81E+01,2.83E+01,1.90E+01
545,19.9932,86.6864,2.82E+00,3.03E+01,3.22E+01,1.38E+01
546,19.9926,80.019,3.11E+00,3.24E+01,3.39E+01,1.34E+01
547,19.9938,93.3535,2.52E+00,2.84E+01,3.09E+01,1.41E+01
548,13.3268,53.353,4.46E+00,4.44E+01,4.18E+01,1.30E+01
549,13.327,60.0207,4.13E+00,4.04E+01,3.83E+01,1.40E+01
550,13.3273,66.6882,3.80E+00,3.72E+01,3.57E+01,1.49E+01
551,6.6627,60.0253,4.19E+00,4.00E+01,3.59E+01,1.76E+01
552,6.66272,53.3587,4.54E+00,4.40E+01,3.86E+01,1.68E+01
553,6.66279,66.692,3.86E+00,3.67E+01,3.38E+01,1.82E+01
554,19.9909,60.0148,4.03E+00,4.05E+01,4.18E+01,1.13E+01
555,19.9904,53.346,4.35E+00,4.41E+01,4.63E+01,1.04E+01
556,19.9914,66.6832,3.72E+00,3.74E+01,3.84E+01,1.21E+01
557,0.000785413,-93.359,2.60E+00,2.84E+01,2.70E+01,2.14E+01
558,0.000861043,-86.6931,2.91E+00,3.01E+01,2.81E+01,2.15E+01
559,0.000930201,-80.0269,3.23E+00,3.20E+01,2.93E+01,2.16E+01
560,0.000985138,-73.3607,3.56E+00,3.42E+01,3.06E+01,2.16E+01
561,0.00101426,-66.6947,3.89E+00,3.69E+01,3.22E+01,2.15E+01
562,0.00100506,-60.0285,4.24E+00,4.02E+01,3.41E+01,2.13E+01
563,0.000930447,-53.3625,4.60E+00,4.45E+01,3.65E+01,2.10E+01
564,0.000761448,-46.6969,4.97E+00,5.01E+01,3.96E+01,2.06E+01
565,0.000427395,-40.0314,5.36E+00,5.77E+01,4.39E+01,2.03E+01
566,-0.000157187,-33.3665,5.77E+00,6.88E+01,5.03E+01,2.05E+01
567,-0.00120683,-26.7026,6.22E+00,8.56E+01,6.03E+01,2.25E+01
568,-0.0029848,-20.0399,6.69E+00,1.14E+02,7.79E+01,2.85E+01
569,-0.00592099,-13.3792,7.22E+00,1.73E+02,1.17E+02,3.95E+01
570,-0.00852227,-6.71155,7.77E+00,2.80E+02,1.90E+02,6.74E+01
571,-6.66391,-53.3591,4.55E+00,4.52E+01,3.81E+01,1.58E+01
572,-13.328,-53.3535,4.46E+00,4.52E+01,4.11E+01,1.24E+01
573,-19.9916,-53.3465,4.35E+00,4.47E+01,4.56E+01,1.02E+01
574,-26.655,-53.3388,4.22E+00,4.37E+01,5.11E+01,8.79E+00
575,-33.3184,-53.3311,4.06E+00,4.22E+01,5.71E+01,7.92E+00
576,-39.9828,-53.3243,3.89E+00,4.05E+01,6.23E+01,7.27E+00
577,-46.6484,-53.3189,3.71E+00,3.88E+01,6.53E+01,6.71E+00
578,-53.3156,-53.3154,3.51E+00,3.71E+01,6.52E+01,6.31E+00
579,-59.9844,-53.3138,3.31E+00,3.56E+01,6.22E+01,6.10E+00
580,-66.6542,-53.3135,3.10E+00,3.41E+01,5.76E+01,6.02E+00
581,-73.3243,-53.3141,2.88E+00,3.27E+01,5.28E+01,6.00E+00
582,-79.9947,-53.3152,2.66E+00,3.12E+01,4.84E+01,5.97E+00
583,-86.665,-53.3166,2.43E+00,2.97E+01,4.47E+01,5.93E+00
584,-93.3348,-53.3181,2.19E+00,2.81E+01,4.16E+01,5.88E+00
585,-46.6481,-59.9889,3.48E+00,3.71E+01,5.97E+01,6.50E+00
586,-46.6487,-66.6594,3.25E+00,3.54E+01,5.39E+01,6.43E+00
587,-46.6497,-73.3298,3.01E+00,3.37E+01,4.88E+01,6.46E+00
588,-46.651,-80.0001,2.77E+00,3.20E+01,4.46E+01,6.53E+00
589,-46.6524,-86.67,2.52E+00,3.02E+01,4.13E+01,6.62E+00
590,-46.6537,-93.3393,2.28E+00,2.85E+01,3.86E+01,6.72E+00
591,-19.992,-60.0153,4.04E+00,4.10E+01,4.11E+01,1.09E+01
592,-19.9925,-66.6837,3.72E+00,3.79E+01,3.78E+01,1.18E+01
593,-19.993,-73.3517,3.42E+00,3.52E+01,3.54E+01,1.25E+01
594,-19.9935,-80.0194,3.12E+00,3.28E+01,3.34E+01,1.31E+01
595,-19.994,-86.6868,2.82E+00,3.07E+01,3.18E+01,1.36E+01
596,-19.9945,-93.3538,2.52E+00,2.88E+01,3.05E+01,1.39E+01
597,-13.3285,-73.3558,3.48E+00,3.51E+01,3.32E+01,1.51E+01
598,-6.66393,-73.3589,3.53E+00,3.47E+01,3.17E+01,1.81E+01
599,-13.3283,-66.6887,3.80E+00,3.78E+01,3.52E+01,1.43E+01
600,-13.3281,-60.0212,4.13E+00,4.12E+01,3.78E+01,1.34E+01
601,-6.66384,-66.6924,3.86E+00,3.75E+01,3.34E+01,1.76E+01
602,-6.66382,-60.0258,4.20E+00,4.09E+01,3.54E+01,1.68E+01
603,-13.3292,-86.6897,2.86E+00,3.06E+01,3.03E+01,1.60E+01
604,-6.66424,-86.6918,2.90E+00,3.04E+01,2.90E+01,1.87E+01
605,-13.3288,-80.0229,3.17E+00,3.27E+01,3.16E+01,1.56E+01
606,-6.66407,-80.0254,3.21E+00,3.24E+01,3.03E+01,1.85E+01
607,-13.3295,-93.3563,2.56E+00,2.87E+01,2.91E+01,1.62E+01
608,-6.66443,-93.358,2.59E+00,2.86E+01,2.79E+01,1.87E+01
609,-39.9853,-73.3355,3.13E+00,3.44E+01,4.50E+01,7.32E+00
610,-33.3212,-73.3412,3.24E+00,3.49E+01,4.13E+01,8.62E+00
611,-26.6572,-73.3467,3.34E+00,3.51E+01,3.80E+01,1.04E+01
612,-33.3201,-66.6717,3.52E+00,3.72E+01,4.53E+01,8.19E+00
613,-33.3192,-60.0016,3.79E+00,3.96E+01,5.04E+01,7.89E+00
614,-39.9842,-66.6653,3.39E+00,3.64E+01,4.96E+01,7.12E+00
615,-39.9832,-59.9948,3.64E+00,3.84E+01,5.55E+01,7.07E+00
616,-26.6564,-66.6779,3.63E+00,3.77E+01,4.12E+01,9.71E+00
617,-26.6556,-60.0086,3.92E+00,4.05E+01,4.55E+01,9.11E+00
618,-33.3242,-93.3474,2.42E+00,2.88E+01,3.40E+01,9.79E+00
619,-33.3232,-86.6791,2.69E+00,3.07E+01,3.59E+01,9.45E+00
620,-33.3222,-80.0104,2.97E+00,3.27E+01,3.83E+01,9.06E+00
621,-39.9878,-86.6747,2.61E+00,3.05E+01,3.84E+01,7.83E+00
622,-39.9889,-93.3435,2.35E+00,2.87E+01,3.62E+01,8.07E+00
623,-39.9865,-80.0053,2.87E+00,3.24E+01,4.13E+01,7.57E+00
624,-26.6587,-86.6833,2.76E+00,3.07E+01,3.37E+01,1.14E+01
625,-26.6594,-93.3508,2.47E+00,2.88E+01,3.21E+01,1.18E+01
626,-26.6579,-80.0152,3.05E+00,3.28E+01,3.56E+01,1.09E+01
627,-73.32,-59.98,2.74E+00,3.17E+01,5.54E+01,5.85E+00
628,-73.3168,-66.6469,2.59E+00,3.08E+01,5.65E+01,5.91E+00
629,-73.3149,-73.3148,2.43E+00,2.98E+01,5.59E+01,6.09E+00
630,-73.314,-79.9837,2.26E+00,2.88E+01,5.39E+01,6.27E+00
631,-73.3142,-86.6534,2.08E+00,2.79E+01,5.12E+01,6.40E+00
632,-73.3149,-93.3233,1.90E+00,2.68E+01,4.82E+01,6.41E+00
633,-66.6471,-73.3168,2.59E+00,3.08E+01,5.63E+01,5.91E+00
634,-59.9803,-73.3202,2.74E+00,3.18E+01,5.50E+01,5.85E+00
635,-53.3146,-73.3246,2.88E+00,3.28E+01,5.23E+01,6.00E+00
636,-59.9804,-66.6504,2.94E+00,3.30E+01,5.89E+01,5.86E+00
637,-59.9816,-59.9815,3.13E+00,3.43E+01,6.17E+01,5.91E+00
638,-66.6481,-66.648,2.77E+00,3.19E+01,5.86E+01,5.84E+00
639,-66.6504,-59.9801,2.94E+00,3.30E+01,5.92E+01,5.85E+00
640,-53.3139,-66.6543,3.10E+00,3.42E+01,5.72E+01,6.04E+00
641,-53.3141,-59.9844,3.31E+00,3.56E+01,6.19E+01,6.11E+00
642,-59.9836,-93.3309,2.10E+00,2.78E+01,4.38E+01,5.57E+00
643,-59.9822,-86.6608,2.32E+00,2.93E+01,4.71E+01,5.71E+00
644,-59.981,-79.9904,2.53E+00,3.06E+01,5.09E+01,5.81E+00
645,-66.6479,-86.6567,2.20E+00,2.86E+01,4.95E+01,5.93E+00
646,-66.6491,-93.3269,2.00E+00,2.74E+01,4.62E+01,5.82E+00
647,-66.6471,-79.9866,2.40E+00,2.97E+01,5.30E+01,5.96E+00
648,-53.3171,-86.6652,2.43E+00,2.98E+01,4.42E+01,5.91E+00
649,-53.3185,-93.3351,2.19E+00,2.82E+01,4.12E+01,5.85E+00
650,-53.3157,-79.995,2.66E+00,3.13E+01,4.79E+01,5.96E+00
651,-93.3231,-73.3147,1.90E+00,2.67E+01,4.86E+01,6.44E+00
652,-86.6533,-73.3139,2.08E+00,2.78E+01,5.15E+01,6.41E+00
653,-79.9837,-73.3139,2.26E+00,2.88E+01,5.41E+01,6.28E+00
654,-86.6565,-66.6475,2.20E+00,2.85E+01,4.99E+01,5.96E+00
655,-86.6605,-59.9818,2.32E+00,2.91E+01,4.75E+01,5.74E+00
656,-93.3266,-66.6487,2.00E+00,2.73E+01,4.67E+01,5.85E+00
657,-93.3306,-59.9832,2.10E+00,2.77E+01,4.42E+01,5.60E+00
658,-79.9865,-66.6468,2.40E+00,2.97E+01,5.33E+01,5.97E+00
659,-79.9902,-59.9806,2.53E+00,3.05E+01,5.13E+01,5.82E+00
660,-86.649,-93.3183,1.66E+00,2.56E+01,4.98E+01,7.88E+00
661,-86.6495,-86.6494,1.81E+00,2.63E+01,5.13E+01,7.46E+00
662,-86.6509,-79.9812,1.95E+00,2.71E+01,5.20E+01,6.95E+00
663,-93.3183,-86.6489,1.66E+00,2.55E+01,5.00E+01,7.89E+00
664,-93.3171,-93.317,1.52E+00,2.49E+01,4.93E+01,8.52E+00
665,-93.3203,-79.9814,1.78E+00,2.61E+01,4.98E+01,7.16E+00
666,-79.9814,-86.6509,1.95E+00,2.71E+01,5.18E+01,6.94E+00
667,-79.9816,-93.3204,1.78E+00,2.62E+01,4.95E+01,7.14E+00
668,-79.982,-79.982,2.11E+00,2.80E+01,5.35E+01,6.63E+00
669,-46.6925,-6.66356,4.91E+00,4.97E+01,4.17E+01,1.51E+01
670,-46.6855,-13.3274,4.81E+00,4.95E+01,4.59E+01,1.17E+01
671,-46.6771,-19.9906,4.67E+00,4.84E+01,5.20E+01,9.99E+00
672,-46.6684,-26.6537,4.51E+00,4.68E+01,5.91E+01,9.08E+00
673,-46.6605,-33.3175,4.33E+00,4.48E+01,6.56E+01,8.41E+00
674,-46.6542,-39.9828,4.14E+00,4.26E+01,6.95E+01,7.73E+00
675,-46.6502,-46.65,3.93E+00,4.06E+01,6.92E+01,7.11E+00
676,-39.998,-26.6538,4.81E+00,5.08E+01,6.86E+01,1.03E+01
677,-33.3279,-26.6552,5.10E+00,5.55E+01,7.87E+01,1.23E+01
678,-26.6596,-26.6592,5.38E+00,6.12E+01,8.53E+01,1.49E+01
679,-19.9942,-26.6678,5.65E+00,6.83E+01,8.33E+01,1.74E+01
680,-13.3312,-26.6801,5.90E+00,7.64E+01,7.36E+01,1.85E+01
681,-6.66784,-26.6933,6.09E+00,8.38E+01,6.40E+01,1.74E+01
682,-26.6678,-19.9935,5.65E+00,6.78E+01,8.37E+01,1.71E+01
683,-26.6801,-13.3304,5.90E+00,7.51E+01,7.41E+01,1.78E+01
684,-26.6934,-6.66711,6.10E+00,8.15E+01,6.41E+01,1.69E+01
685,-33.3487,-13.3284,5.52E+00,6.39E+01,6.16E+01,1.33E+01
686,-40.0173,-13.3276,5.16E+00,5.57E+01,5.24E+01,1.16E+01
687,-33.3375,-19.9913,5.33E+00,5.98E+01,7.15E+01,1.31E+01
688,-40.0074,-19.9906,5.00E+00,5.35E+01,6.05E+01,1.08E+01
689,-33.3595,-6.66511,5.68E+00,6.68E+01,5.37E+01,1.42E+01
690,-40.0259,-6.66407,5.29E+00,5.69E+01,4.66E+01,1.42E+01
691,-6.68063,-13.3636,7.00E+00,1.56E+02,1.05E+02,4.49E+01
692,-13.3452,-13.3447,6.66E+00,1.19E+02,9.72E+01,3.72E+01
693,-20.0116,-13.3346,6.28E+00,9.16E+01,8.80E+01,2.57E+01
694,-13.3354,-20.0115,6.28E+00,9.29E+01,8.78E+01,2.65E+01
695,-6.67192,-20.0277,6.53E+00,1.09E+02,7.96E+01,2.60E+01
696,-19.9998,-19.9994,5.97E+00,7.85E+01,9.13E+01,2.19E+01
697,-13.3644,-6.68031,7.01E+00,1.53E+02,1.04E+02,4.26E+01
698,-6.69933,-6.69868,7.48E+00,2.35E+02,1.52E+02,7.47E+01
699,-20.028,-6.67124,6.54E+00,1.05E+02,7.94E+01,2.45E+01
700,-26.6545,-46.6687,4.51E+00,4.72E+01,5.86E+01,9.11E+00
701,-26.6545,-39.9982,4.81E+00,5.11E+01,6.81E+01,1.04E+01
702,-26.6557,-33.3279,5.10E+00,5.57E+01,7.84E+01,1.25E+01
703,-33.3189,-39.9904,4.60E+00,4.80E+01,7.36E+01,9.54E+00
704,-39.9855,-39.9852,4.37E+00,4.51E+01,7.39E+01,8.55E+00
705,-33.3181,-46.6606,4.33E+00,4.50E+01,6.52E+01,8.47E+00
706,-39.9832,-46.6542,4.14E+00,4.27E+01,6.92E+01,7.76E+00
707,-33.3217,-33.3215,4.86E+00,5.15E+01,7.93E+01,1.10E+01
708,-39.9904,-33.3184,4.60E+00,4.79E+01,7.39E+01,9.48E+00
709,-13.3281,-46.6857,4.81E+00,5.03E+01,4.57E+01,1.15E+01
710,-13.3284,-40.0175,5.16E+00,5.67E+01,5.21E+01,1.15E+01
711,-13.3293,-33.3489,5.52E+00,6.51E+01,6.12E+01,1.36E+01
712,-19.9913,-40.0077,5.00E+00,5.42E+01,6.00E+01,1.09E+01
713,-19.9913,-46.6774,4.67E+00,4.90E+01,5.17E+01,9.93E+00
714,-19.992,-33.3376,5.33E+00,6.04E+01,7.10E+01,1.34E+01
715,-6.66474,-40.026,5.28E+00,5.82E+01,4.65E+01,1.38E+01
716,-6.66419,-46.6926,4.91E+00,5.07E+01,4.16E+01,1.47E+01
717,-6.66582,-33.3595,5.68E+00,6.85E+01,5.36E+01,1.42E+01
718,-73.3589,-6.66349,3.53E+00,3.43E+01,3.18E+01,1.83E+01
719,-73.3557,-13.3281,3.48E+00,3.47E+01,3.34E+01,1.52E+01
720,-73.3515,-19.9924,3.42E+00,3.49E+01,3.56E+01,1.26E+01
721,-73.3465,-26.6566,3.34E+00,3.49E+01,3.83E+01,1.04E+01
722,-73.3409,-33.3206,3.24E+00,3.46E+01,4.17E+01,8.67E+00
723,-73.3352,-39.9847,3.13E+00,3.42E+01,4.54E+01,7.34E+00
724,-73.3295,-46.6492,3.01E+00,3.35E+01,4.93E+01,6.46E+00
725,-66.6777,-26.6558,3.63E+00,3.74E+01,4.16E+01,9.81E+00
726,-60.0083,-26.655,3.92E+00,4.02E+01,4.58E+01,9.20E+00
727,-53.3385,-26.6542,4.22E+00,4.33E+01,5.16E+01,8.84E+00
728,-66.6885,-13.3277,3.80E+00,3.74E+01,3.54E+01,1.46E+01
729,-60.0211,-13.3275,4.13E+00,4.06E+01,3.79E+01,1.37E+01
730,-53.3534,-13.3273,4.47E+00,4.46E+01,4.13E+01,1.26E+01
731,-60.0257,-6.66329,4.20E+00,4.03E+01,3.55E+01,1.71E+01
732,-66.6924,-6.66335,3.86E+00,3.70E+01,3.35E+01,1.78E+01
733,-53.3591,-6.66333,4.55E+00,4.44E+01,3.82E+01,1.62E+01
734,-60.0151,-19.9913,4.04E+00,4.06E+01,4.14E+01,1.11E+01
735,-66.6835,-19.9919,3.73E+00,3.75E+01,3.81E+01,1.19E+01
736,-53.3463,-19.9909,4.35E+00,4.42E+01,4.59E+01,1.03E+01
737,-59.9888,-46.6476,3.48E+00,3.69E+01,6.01E+01,6.48E+00
738,-59.9946,-39.9826,3.64E+00,3.83E+01,5.60E+01,7.06E+00
739,-60.0013,-33.3185,3.79E+00,3.94E+01,5.09E+01,7.92E+00
740,-66.6651,-39.9836,3.39E+00,3.62E+01,5.01E+01,7.13E+00
741,-66.6592,-46.6482,3.25E+00,3.53E+01,5.44E+01,6.42E+00
742,-66.6714,-33.3195,3.52E+00,3.69E+01,4.57E+01,8.23E+00
743,-53.3241,-39.9822,3.89E+00,4.04E+01,6.28E+01,7.23E+00
744,-53.3189,-46.648,3.71E+00,3.87E+01,6.56E+01,6.68E+00
745,-53.3309,-33.3178,4.06E+00,4.20E+01,5.76E+01,7.91E+00
746,-93.3507,-26.659,2.47E+00,2.86E+01,3.24E+01,1.18E+01
747,-86.6831,-26.6582,2.76E+00,3.05E+01,3.39E+01,1.14E+01
748,-80.015,-26.6574,3.05E+00,3.26E+01,3.59E+01,1.10E+01
749,-86.6867,-19.9936,2.82E+00,3.05E+01,3.20E+01,1.36E+01
750,-86.6896,-13.3288,2.86E+00,3.03E+01,3.05E+01,1.61E+01
751,-86.6918,-6.66388,2.90E+00,3.01E+01,2.92E+01,1.87E+01
752,-93.3562,-13.3292,2.56E+00,2.84E+01,2.93E+01,1.63E+01
753,-93.3537,-19.9942,2.52E+00,2.85E+01,3.07E+01,1.40E+01
754,-93.358,-6.66411,2.59E+00,2.83E+01,2.81E+01,1.88E+01
755,-80.0228,-13.3284,3.17E+00,3.24E+01,3.18E+01,1.57E+01
756,-80.0192,-19.993,3.12E+00,3.25E+01,3.36E+01,1.32E+01
757,-80.0254,-6.66367,3.21E+00,3.21E+01,3.04E+01,1.86E+01
758,-86.6697,-46.6519,2.52E+00,3.01E+01,4.17E+01,6.64E+00
759,-86.6744,-39.9873,2.61E+00,3.04E+01,3.88E+01,7.86E+00
760,-86.6789,-33.3227,2.69E+00,3.05E+01,3.62E+01,9.49E+00
761,-93.3432,-39.9885,2.35E+00,2.85E+01,3.65E+01,8.09E+00
762,-93.3391,-46.6533,2.28E+00,2.84E+01,3.90E+01,6.74E+00
763,-93.3471,-33.3237,2.42E+00,2.86E+01,3.43E+01,9.81E+00
764,-80.005,-39.986,2.87E+00,3.22E+01,4.17E+01,7.60E+00
765,-79.9998,-46.6505,2.77E+00,3.18E+01,4.51E+01,6.55E+00
766,-80.0101,-33.3217,2.97E+00,3.25E+01,3.86E+01,9.11E+00
767,93.3408,-53.3226,2.29E+00,3.37E+01,2.14E+01,4.53E+01
768,86.6716,-53.3218,2.53E+00,3.60E+01,2.24E+01,4.88E+01
769,80.0021,-53.3213,2.77E+00,3.90E+01,2.34E+01,5.31E+01
770,73.3323,-53.321,3.01E+00,4.28E+01,2.43E+01,5.82E+01
771,66.6625,-53.3211,3.24E+00,4.71E+01,2.51E+01,6.39E+01
772,59.9929,-53.3221,3.46E+00,5.13E+01,2.60E+01,6.96E+01
773,53.3242,-53.3244,3.67E+00,5.42E+01,2.70E+01,7.37E+01
774,46.6569,-53.3285,3.87E+00,5.43E+01,2.82E+01,7.46E+01
775,39.991,-53.3344,4.06E+00,5.14E+01,2.98E+01,7.16E+01
776,33.3262,-53.3416,4.23E+00,4.69E+01,3.16E+01,6.54E+01
777,26.6619,-53.3492,4.37E+00,4.30E+01,3.33E+01,5.71E+01
778,19.9972,-53.356,4.49E+00,4.12E+01,3.46E+01,4.74E+01
779,13.332,-53.3609,4.57E+00,4.15E+01,3.54E+01,3.74E+01
780,6.66636,-53.3632,4.60E+00,4.30E+01,3.58E+01,2.83E+01
781,53.3218,-59.993,3.46E+00,5.16E+01,2.59E+01,6.97E+01
782,53.3207,-66.6625,3.24E+00,4.74E+01,2.50E+01,6.42E+01
783,53.3205,-73.3322,3.01E+00,4.31E+01,2.42E+01,5.84E+01
784,53.3208,-80.002,2.77E+00,3.94E+01,2.32E+01,5.33E+01
785,53.3214,-86.6716,2.53E+00,3.64E+01,2.23E+01,4.90E+01
786,53.3222,-93.3407,2.29E+00,3.40E+01,2.13E+01,4.55E+01
787,59.9864,-73.3275,2.86E+00,4.57E+01,2.31E+01,6.11E+01
788,66.6533,-73.3239,2.71E+00,4.69E+01,2.21E+01,6.20E+01
789,73.3212,-73.3213,2.55E+00,4.64E+01,2.12E+01,6.12E+01
790,79.99,-73.3199,2.37E+00,4.47E+01,2.04E+01,5.88E+01
791,86.6594,-73.3194,2.19E+00,4.22E+01,1.97E+01,5.57E+01
792,93.3291,-73.3195,2.00E+00,3.96E+01,1.89E+01,5.23E+01
793,73.3238,-66.6536,2.71E+00,4.67E+01,2.21E+01,6.19E+01
794,73.3276,-59.9868,2.86E+00,4.53E+01,2.32E+01,6.08E+01
795,59.9873,-66.6582,3.07E+00,4.91E+01,2.39E+01,6.56E+01
796,59.9893,-59.9896,3.27E+00,5.13E+01,2.48E+01,6.88E+01
797,66.6551,-66.6553,2.90E+00,4.87E+01,2.29E+01,6.47E+01
798,66.6581,-59.9876,3.07E+00,4.89E+01,2.40E+01,6.54E+01
799,86.663,-66.653,2.31E+00,4.07E+01,2.06E+01,5.41E+01
800,86.6671,-59.9872,2.43E+00,3.84E+01,2.15E+01,5.17E+01
801,79.9932,-66.653,2.52E+00,4.37E+01,2.14E+01,5.81E+01
802,79.9973,-59.9868,2.65E+00,4.17E+01,2.24E+01,5.60E+01
803,93.3327,-66.6535,2.10E+00,3.79E+01,1.98E+01,5.04E+01
804,93.3367,-59.9879,2.20E+00,3.58E+01,2.06E+01,4.80E+01
805,73.3192,-93.3289,2.00E+00,4.00E+01,1.89E+01,5.26E+01
806,73.3191,-86.6594,2.19E+00,4.25E+01,1.96E+01,5.59E+01
807,73.3197,-79.99,2.37E+00,4.48E+01,2.04E+01,5.89E+01
808,66.6526,-86.6629,2.31E+00,4.10E+01,2.05E+01,5.44E+01
809,59.9868,-86.6671,2.43E+00,3.88E+01,2.14E+01,5.20E+01
810,66.6531,-93.3326,2.10E+00,3.82E+01,1.97E+01,5.07E+01
811,59.9875,-93.3366,2.20E+00,3.61E+01,2.05E+01,4.82E+01
812,66.6526,-79.9932,2.52E+00,4.40E+01,2.13E+01,5.83E+01
813,59.9864,-79.9973,2.65E+00,4.20E+01,2.23E+01,5.63E+01
814,93.3235,-86.6537,1.76E+00,4.12E+01,1.74E+01,5.38E+01
815,86.6546,-86.6547,1.92E+00,4.25E+01,1.81E+01,5.55E+01
816,79.9865,-86.6566,2.06E+00,4.30E+01,1.88E+01,5.62E+01
817,86.6535,-93.3234,1.76E+00,4.13E+01,1.74E+01,5.39E+01
818,93.3218,-93.3218,1.63E+00,4.07E+01,1.67E+01,5.31E+01
819,79.986,-93.3259,1.89E+00,4.10E+01,1.81E+01,5.37E+01
820,86.6566,-79.9867,2.06E+00,4.29E+01,1.89E+01,5.61E+01
821,93.3259,-79.9863,1.89E+00,4.08E+01,1.82E+01,5.35E+01
822,79.9877,-79.9879,2.22E+00,4.44E+01,1.96E+01,5.81E+01
823,26.6615,-60.0177,4.06E+00,3.87E+01,3.14E+01,4.97E+01
824,26.6613,-66.6858,3.75E+00,3.55E+01,2.97E+01,4.44E+01
825,26.6613,-73.3534,3.44E+00,3.31E+01,2.82E+01,4.05E+01
826,26.6614,-80.0209,3.13E+00,3.13E+01,2.67E+01,3.75E+01
827,26.6616,-86.6881,2.83E+00,2.98E+01,2.54E+01,3.53E+01
828,26.6619,-93.3549,2.54E+00,2.86E+01,2.42E+01,3.34E+01
829,33.326,-73.3486,3.35E+00,3.45E+01,2.73E+01,4.55E+01
830,39.9906,-73.3431,3.25E+00,3.69E+01,2.63E+01,5.03E+01
831,46.6553,-73.3375,3.14E+00,4.00E+01,2.53E+01,5.47E+01
832,39.9904,-66.6739,3.52E+00,4.06E+01,2.75E+01,5.60E+01
833,39.9904,-60.0043,3.79E+00,4.55E+01,2.87E+01,6.31E+01
834,33.3258,-66.6801,3.65E+00,3.75E+01,2.87E+01,5.04E+01
835,33.3259,-60.011,3.94E+00,4.15E+01,3.01E+01,5.69E+01
836,46.6552,-66.6679,3.39E+00,4.43E+01,2.63E+01,6.07E+01
837,46.6556,-59.998,3.63E+00,4.93E+01,2.72E+01,6.77E+01
838,39.9921,-93.3486,2.43E+00,3.04E+01,2.28E+01,3.96E+01
839,39.9915,-86.6806,2.71E+00,3.20E+01,2.39E+01,4.23E+01
840,39.991,-80.0121,2.98E+00,3.41E+01,2.51E+01,4.58E+01
841,33.3266,-86.6846,2.78E+00,3.06E+01,2.47E+01,3.88E+01
842,33.327,-93.352,2.49E+00,2.93E+01,2.35E+01,3.65E+01
843,33.3263,-80.0168,3.06E+00,3.23E+01,2.60E+01,4.17E+01
844,46.6564,-86.6761,2.62E+00,3.40E+01,2.31E+01,4.57E+01
845,46.6571,-93.3448,2.36E+00,3.20E+01,2.20E+01,4.26E+01
846,46.6558,-80.007,2.88E+00,3.66E+01,2.42E+01,4.97E+01
847,6.6661,-73.3611,3.56E+00,3.36E+01,2.99E+01,2.58E+01
848,13.3313,-73.36,3.54E+00,3.29E+01,2.94E+01,3.04E+01
849,19.9964,-73.3574,3.50E+00,3.26E+01,2.88E+01,3.54E+01
850,13.3314,-66.6937,3.88E+00,3.51E+01,3.10E+01,3.20E+01
851,13.3316,-60.0273,4.22E+00,3.79E+01,3.30E+01,3.43E+01
852,6.66615,-66.6951,3.90E+00,3.60E+01,3.15E+01,2.64E+01
853,6.66623,-60.0291,4.24E+00,3.91E+01,3.34E+01,2.72E+01
854,19.9965,-66.6905,3.82E+00,3.48E+01,3.05E+01,3.82E+01
855,19.9967,-60.0233,4.15E+00,3.75E+01,3.24E+01,4.20E+01
856,13.3314,-93.3586,2.59E+00,2.82E+01,2.55E+01,2.72E+01
857,13.3313,-86.6926,2.90E+00,2.96E+01,2.67E+01,2.81E+01
858,13.3313,-80.0263,3.22E+00,3.11E+01,2.80E+01,2.91E+01
859,6.66606,-86.6933,2.92E+00,2.98E+01,2.73E+01,2.47E+01
860,6.66607,-93.3592,2.60E+00,2.83E+01,2.62E+01,2.42E+01
861,6.66607,-80.0273,3.24E+00,3.15E+01,2.85E+01,2.52E+01
862,19.9965,-86.6908,2.88E+00,2.95E+01,2.61E+01,3.16E+01
863,19.9967,-93.3571,2.57E+00,2.83E+01,2.49E+01,3.03E+01
864,19.9964,-80.0242,3.19E+00,3.09E+01,2.74E+01,3.33E+01
865,53.363,-6.66685,4.60E+00,4.22E+01,3.61E+01,2.92E+01
866,53.3608,-13.3324,4.56E+00,4.07E+01,3.57E+01,3.83E+01
867,53.3559,-19.9977,4.49E+00,4.04E+01,3.50E+01,4.80E+01
868,53.3492,-26.6625,4.37E+00,4.24E+01,3.36E+01,5.73E+01
869,53.3417,-33.3268,4.23E+00,4.64E+01,3.18E+01,6.54E+01
870,53.3344,-39.9916,4.06E+00,5.10E+01,3.00E+01,7.15E+01
871,53.3284,-46.6573,3.87E+00,5.41E+01,2.83E+01,7.45E+01
872,60.0177,-26.662,4.06E+00,3.81E+01,3.17E+01,5.00E+01
873,66.6857,-26.6618,3.74E+00,3.50E+01,2.99E+01,4.46E+01
874,73.3534,-26.6618,3.44E+00,3.27E+01,2.83E+01,4.07E+01
875,80.0208,-26.6619,3.13E+00,3.09E+01,2.69E+01,3.77E+01
876,86.688,-26.662,2.83E+00,2.95E+01,2.56E+01,3.54E+01
877,93.3548,-26.6623,2.53E+00,2.83E+01,2.43E+01,3.35E+01
878,73.3572,-19.9968,3.50E+00,3.22E+01,2.90E+01,3.57E+01
879,73.3598,-13.3317,3.54E+00,3.25E+01,2.96E+01,3.08E+01
880,73.3609,-6.6665,3.56E+00,3.32E+01,3.01E+01,2.62E+01
881,66.6935,-13.3318,3.87E+00,3.46E+01,3.12E+01,3.26E+01
882,60.0271,-13.332,4.21E+00,3.73E+01,3.32E+01,3.49E+01
883,66.6903,-19.997,3.82E+00,3.43E+01,3.07E+01,3.86E+01
884,60.0232,-19.9972,4.15E+00,3.69E+01,3.26E+01,4.25E+01
885,66.6948,-6.66658,3.89E+00,3.55E+01,3.17E+01,2.70E+01
886,60.0288,-6.66669,4.24E+00,3.85E+01,3.37E+01,2.79E+01
887,93.3584,-13.3317,2.59E+00,2.79E+01,2.57E+01,2.74E+01
888,86.6923,-13.3316,2.90E+00,2.93E+01,2.68E+01,2.84E+01
889,80.0261,-13.3316,3.22E+00,3.08E+01,2.81E+01,2.95E+01
890,86.6906,-19.9969,2.87E+00,2.92E+01,2.62E+01,3.19E+01
891,93.357,-19.997,2.57E+00,2.80E+01,2.50E+01,3.05E+01
892,80.024,-19.9968,3.18E+00,3.06E+01,2.76E+01,3.36E+01
893,86.693,-6.66641,2.91E+00,2.95E+01,2.75E+01,2.50E+01
894,93.359,-6.66639,2.60E+00,2.80E+01,2.64E+01,2.44E+01
895,80.027,-6.66645,3.23E+00,3.12E+01,2.87E+01,2.56E+01
896,73.3376,-46.6559,3.14E+00,3.96E+01,2.54E+01,5.45E+01
897,73.3432,-39.9911,3.25E+00,3.65E+01,2.65E+01,5.02E+01
898,73.3486,-33.3265,3.35E+00,3.41E+01,2.75E+01,4.55E+01
899,66.6739,-39.9909,3.52E+00,4.02E+01,2.77E+01,5.58E+01
900,60.0043,-39.991,3.79E+00,4.50E+01,2.89E+01,6.30E+01
901,66.6679,-46.6557,3.39E+00,4.39E+01,2.64E+01,6.05E+01
902,59.998,-46.6561,3.63E+00,4.89E+01,2.73E+01,6.75E+01
903,66.6801,-33.3264,3.64E+00,3.70E+01,2.89E+01,5.04E+01
904,60.0111,-33.3264,3.94E+00,4.10E+01,3.03E+01,5.69E+01
905,93.3486,-39.9925,2.43E+00,3.02E+01,2.29E+01,3.95E+01
906,86.6806,-39.9919,2.70E+00,3.17E+01,2.41E+01,4.23E+01
907,80.0121,-39.9915,2.98E+00,3.38E+01,2.53E+01,4.57E+01
908,86.6762,-46.6569,2.62E+00,3.37E+01,2.33E+01,4.56E+01
909,93.3448,-46.6575,2.36E+00,3.17E+01,2.22E+01,4.24E+01
910,80.0071,-46.6563,2.88E+00,3.62E+01,2.43E+01,4.95E+01
911,86.6846,-33.327,2.77E+00,3.03E+01,2.49E+01,3.89E+01
912,93.352,-33.3274,2.49E+00,2.90E+01,2.36E+01,3.66E+01
913,80.0168,-33.3267,3.06E+00,3.20E+01,2.61E+01,4.18E+01
914,6.66876,-26.7031,6.22E+00,7.98E+01,5.98E+01,4.65E+01
915,13.3384,-26.6947,6.11E+00,7.33E+01,5.72E+01,8.08E+01
916,20.0055,-26.6826,5.89E+00,7.21E+01,5.14E+01,1.04E+02
917,26.6726,-26.6729,5.62E+00,7.09E+01,4.55E+01,1.07E+02
918,33.3413,-26.6674,5.32E+00,6.48E+01,4.12E+01,9.58E+01
919,40.0109,-26.6647,5.01E+00,5.61E+01,3.82E+01,8.06E+01
920,46.6803,-26.6632,4.69E+00,4.83E+01,3.58E+01,6.74E+01
921,26.6825,-20.0059,5.89E+00,7.12E+01,5.17E+01,1.05E+02
922,26.6947,-13.3388,6.10E+00,7.11E+01,5.78E+01,8.31E+01
923,26.7031,-6.6692,6.22E+00,7.71E+01,6.05E+01,4.93E+01
924,20.027,-13.3445,6.52E+00,8.63E+01,7.24E+01,1.08E+02
925,13.3567,-13.3564,6.91E+00,1.08E+02,9.49E+01,1.15E+02
926,6.67878,-13.3737,7.18E+00,1.45E+02,1.16E+02,7.16E+01
927,13.3444,-20.0269,6.52E+00,8.83E+01,7.20E+01,1.05E+02
928,20.0136,-20.0137,6.23E+00,8.00E+01,6.10E+01,1.18E+02
929,6.67154,-20.0392,6.69E+00,1.02E+02,7.85E+01,6.16E+01
930,13.3746,-6.67854,7.18E+00,1.41E+02,1.16E+02,7.56E+01
931,20.0395,-6.67182,6.69E+00,9.86E+01,7.90E+01,6.57E+01
932,6.69648,-6.69504,7.62E+00,2.22E+02,1.68E+02,5.81E+01
933,46.6945,-13.3331,4.93E+00,4.51E+01,3.89E+01,4.33E+01
934,40.0281,-13.3341,5.31E+00,5.12E+01,4.31E+01,5.11E+01
935,33.3616,-13.3358,5.70E+00,5.95E+01,4.90E+01,6.35E+01
936,40.0202,-19.9998,5.18E+00,5.18E+01,4.12E+01,6.77E+01
937,46.6883,-19.9985,4.83E+00,4.52E+01,3.78E+01,5.60E+01
938,33.3516,-20.002,5.54E+00,6.07E+01,4.56E+01,8.43E+01
939,40.0321,-6.66743,5.36E+00,5.38E+01,4.38E+01,3.43E+01
940,46.6974,-6.66707,4.97E+00,4.71E+01,3.93E+01,3.12E+01
941,33.3673,-6.66804,5.78E+00,6.33E+01,5.03E+01,3.96E+01
942,26.6626,-46.6803,4.69E+00,4.90E+01,3.54E+01,6.71E+01
943,26.6641,-40.0109,5.01E+00,5.68E+01,3.78E+01,8.04E+01
944,26.6669,-33.3414,5.32E+00,6.53E+01,4.10E+01,9.56E+01
945,13.3326,-46.6946,4.93E+00,4.62E+01,3.85E+01,4.22E+01
946,13.3336,-40.0282,5.31E+00,5.25E+01,4.27E+01,4.97E+01
947,13.3353,-33.3616,5.70E+00,6.13E+01,4.84E+01,6.18E+01
948,6.66692,-40.0323,5.37E+00,5.52E+01,4.33E+01,3.27E+01
949,6.66657,-46.6977,4.98E+00,4.82E+01,3.90E+01,3.00E+01
950,6.66753,-33.3674,5.78E+00,6.52E+01,4.97E+01,3.76E+01
951,19.9993,-40.0203,5.19E+00,5.29E+01,4.07E+01,6.69E+01
952,19.998,-46.6884,4.83E+00,4.61E+01,3.74E+01,5.53E+01
953,20.0015,-33.3516,5.54E+00,6.19E+01,4.51E+01,8.35E+01
954,39.9926,-46.6649,4.32E+00,5.75E+01,3.11E+01,8.05E+01
955,39.9961,-39.9964,4.57E+00,6.13E+01,3.28E+01,8.69E+01
956,40.0023,-33.3297,4.80E+00,6.06E+01,3.52E+01,8.74E+01
957,33.3292,-40.0024,4.80E+00,6.10E+01,3.50E+01,8.75E+01
958,33.3272,-46.672,4.52E+00,5.38E+01,3.32E+01,7.60E+01
959,33.3336,-33.3338,5.07E+00,6.56E+01,3.75E+01,9.59E+01
960,46.6648,-39.9931,4.32E+00,5.72E+01,3.12E+01,8.04E+01
961,46.6597,-46.66,4.10E+00,5.76E+01,2.95E+01,7.96E+01
962,46.6719,-33.3277,4.52E+00,5.32E+01,3.34E+01,7.60E+01
1302,-99.9847,-106.237,1.14E+00,2.28E+01,4.64E+01,1.03E+01
1303,-99.985,-112.49,1.00E+00,2.19E+01,4.51E+01,1.06E+01
1304,-99.9859,-118.742,8.67E-01,2.08E+01,4.37E+01,1.06E+01
1305,-99.9872,-124.995,7.23E-01,1.91E+01,4.23E+01,1.01E+01
1306,-93.3206,-124.997,7.84E-01,1.91E+01,4.16E+01,8.55E+00
1307,-86.6544,-125,8.40E-01,1.90E+01,4.04E+01,7.01E+00
1308,-79.9883,-125.002,8.90E-01,1.90E+01,3.89E+01,5.66E+00
1309,-73.3224,-125.004,9.35E-01,1.89E+01,3.72E+01,4.83E+00
1310,-66.6567,-125.007,9.75E-01,1.89E+01,3.54E+01,4.81E+00
1311,-59.9909,-125.009,1.01E+00,1.89E+01,3.37E+01,5.61E+00
1312,-53.3253,-125.011,1.04E+00,1.89E+01,3.20E+01,6.96E+00
1313,-46.6597,-125.013,1.07E+00,1.90E+01,3.04E+01,8.59E+00
1314,-39.994,-125.014,1.10E+00,1.91E+01,2.89E+01,1.04E+01
1315,-33.3283,-125.016,1.12E+00,1.92E+01,2.75E+01,1.22E+01
1316,-26.6627,-125.017,1.14E+00,1.94E+01,2.62E+01,1.40E+01
1317,-19.9969,-125.018,1.15E+00,1.96E+01,2.50E+01,1.59E+01
1318,-13.3311,-125.019,1.17E+00,1.99E+01,2.39E+01,1.78E+01
1319,-6.66538,-125.02,1.17E+00,2.02E+01,2.28E+01,1.97E+01
1320,0.000422047,-125.02,1.18E+00,2.06E+01,2.19E+01,2.16E+01
1321,6.66624,-125.02,1.18E+00,2.10E+01,2.09E+01,2.35E+01
1322,13.3321,-125.02,1.18E+00,2.15E+01,2.01E+01,2.54E+01
1323,19.9979,-125.019,1.17E+00,2.20E+01,1.93E+01,2.73E+01
1324,26.6637,-125.019,1.16E+00,2.27E+01,1.85E+01,2.92E+01
1325,33.3295,-125.018,1.15E+00,2.35E+01,1.78E+01,3.11E+01
1326,39.9952,-125.017,1.13E+00,2.44E+01,1.71E+01,3.29E+01
1327,46.661,-125.015,1.11E+00,2.55E+01,1.64E+01,3.48E+01
1328,53.3267,-125.013,1.08E+00,2.67E+01,1.57E+01,3.66E+01
1329,59.9924,-125.012,1.06E+00,2.80E+01,1.51E+01,3.83E+01
1330,66.6582,-125.01,1.03E+00,2.94E+01,1.45E+01,4.01E+01
1331,73.324,-125.008,9.91E-01,3.09E+01,1.40E+01,4.18E+01
1332,79.99,-125.006,9.52E-01,3.22E+01,1.35E+01,4.34E+01
1333,86.6561,-125.003,9.08E-01,3.34E+01,1.30E+01,4.49E+01
1334,93.3225,-125.001,8.60E-01,3.43E+01,1.26E+01,4.61E+01
1335,99.9892,-124.999,8.05E-01,3.47E+01,1.23E+01,4.69E+01
1336,99.9885,-118.746,9.58E-01,3.59E+01,1.32E+01,4.78E+01
1337,99.9882,-112.494,1.10E+00,3.71E+01,1.41E+01,4.89E+01
1338,99.9884,-106.241,1.24E+00,3.82E+01,1.47E+01,5.01E+01
1339,0.000481331,-118.772,1.45E+00,2.25E+01,2.30E+01,2.11E+01
1340,0.00055322,-112.523,1.73E+00,2.41E+01,2.40E+01,2.10E+01
1341,0.000625113,-106.274,2.01E+00,2.55E+01,2.50E+01,2.10E+01
1342,-53.324,-118.76,1.27E+00,2.13E+01,3.35E+01,6.23E+00
1343,-53.3227,-112.509,1.50E+00,2.32E+01,3.50E+01,5.91E+00
1344,-53.3214,-106.257,1.73E+00,2.50E+01,3.67E+01,5.81E+00
1345,-79.9866,-118.75,1.08E+00,2.11E+01,4.07E+01,6.37E+00
1346,-79.985,-112.497,1.26E+00,2.28E+01,4.26E+01,6.85E+00
1347,-79.9836,-106.244,1.44E+00,2.41E+01,4.47E+01,7.11E+00
1348,-86.6513,-112.494,1.18E+00,2.26E+01,4.40E+01,8.13E+00
1349,-93.3178,-112.492,1.10E+00,2.23E+01,4.48E+01,9.42E+00
1350,-86.6527,-118.747,1.01E+00,2.10E+01,4.21E+01,7.75E+00
1351,-93.3191,-118.745,9.43E-01,2.09E+01,4.32E+01,9.20E+00
1352,-86.6501,-106.241,1.34E+00,2.37E+01,4.59E+01,8.25E+00
1353,-93.317,-106.239,1.24E+00,2.33E+01,4.65E+01,9.33E+00
1354,-66.6551,-118.755,1.19E+00,2.12E+01,3.71E+01,4.83E+00
1355,-66.6536,-112.503,1.39E+00,2.31E+01,3.90E+01,5.08E+00
1356,-66.652,-106.25,1.60E+00,2.46E+01,4.10E+01,5.36E+00
1357,-73.3192,-112.5,1.33E+00,2.29E+01,4.09E+01,5.74E+00
1358,-73.3207,-118.752,1.13E+00,2.12E+01,3.90E+01,5.29E+00
1359,-73.3176,-106.247,1.52E+00,2.44E+01,4.30E+01,6.08E+00
1360,-59.9881,-112.506,1.45E+00,2.32E+01,3.70E+01,5.12E+00
1361,-59.9895,-118.758,1.23E+00,2.12E+01,3.53E+01,5.18E+00
1362,-59.9866,-106.253,1.67E+00,2.48E+01,3.89E+01,5.23E+00
1363,-26.6621,-118.768,1.40E+00,2.16E+01,2.74E+01,1.32E+01
1364,-26.6614,-112.518,1.66E+00,2.35E+01,2.85E+01,1.26E+01
1365,-26.6608,-106.268,1.93E+00,2.53E+01,2.96E+01,1.23E+01
1366,-39.9931,-118.764,1.35E+00,2.14E+01,3.02E+01,9.43E+00
1367,-39.9921,-112.514,1.59E+00,2.34E+01,3.15E+01,8.89E+00
1368,-39.9911,-106.263,1.84E+00,2.52E+01,3.28E+01,8.55E+00
1369,-46.6573,-112.511,1.55E+00,2.33E+01,3.32E+01,7.24E+00
1370,-46.6585,-118.762,1.31E+00,2.13E+01,3.18E+01,7.72E+00
1371,-46.6562,-106.26,1.79E+00,2.51E+01,3.47E+01,6.98E+00
1372,-33.3269,-112.516,1.63E+00,2.34E+01,2.99E+01,1.07E+01
1373,-33.3276,-118.766,1.37E+00,2.15E+01,2.88E+01,1.13E+01
1374,-33.326,-106.266,1.89E+00,2.52E+01,3.11E+01,1.04E+01
1375,-13.3308,-118.77,1.43E+00,2.20E+01,2.50E+01,1.71E+01
1376,-13.3305,-112.521,1.71E+00,2.38E+01,2.60E+01,1.67E+01
1377,-13.3302,-106.272,1.98E+00,2.54E+01,2.70E+01,1.65E+01
1378,-19.996,-112.52,1.69E+00,2.36E+01,2.72E+01,1.46E+01
1379,-19.9965,-118.769,1.42E+00,2.18E+01,2.62E+01,1.51E+01
1380,-19.9955,-106.271,1.96E+00,2.53E+01,2.82E+01,1.44E+01
1381,-6.66498,-112.522,1.72E+00,2.39E+01,2.50E+01,1.88E+01
1382,-6.66518,-118.771,1.45E+00,2.22E+01,2.40E+01,1.91E+01
1383,-6.6648,-106.273,2.00E+00,2.54E+01,2.59E+01,1.87E+01
1384,46.6602,-118.765,1.36E+00,2.69E+01,1.76E+01,3.54E+01
1385,46.6594,-112.515,1.61E+00,2.81E+01,1.88E+01,3.65E+01
1386,46.6586,-106.264,1.85E+00,2.92E+01,1.99E+01,3.81E+01
1387,19.9976,-118.771,1.44E+00,2.37E+01,2.05E+01,2.73E+01
1388,19.9973,-112.522,1.71E+00,2.50E+01,2.16E+01,2.77E+01
1389,19.9971,-106.273,1.99E+00,2.61E+01,2.27E+01,2.83E+01
1390,13.3318,-112.523,1.73E+00,2.46E+01,2.24E+01,2.54E+01
1391,6.66614,-112.523,1.73E+00,2.43E+01,2.32E+01,2.32E+01
1392,13.3319,-118.771,1.45E+00,2.32E+01,2.13E+01,2.52E+01
1393,6.66618,-118.772,1.45E+00,2.28E+01,2.21E+01,2.31E+01
1394,13.3316,-106.274,2.01E+00,2.58E+01,2.34E+01,2.58E+01
1395,6.66611,-106.274,2.01E+00,2.56E+01,2.41E+01,2.34E+01
1396,33.3289,-118.769,1.41E+00,2.50E+01,1.90E+01,3.14E+01
1397,33.3284,-112.519,1.67E+00,2.61E+01,2.02E+01,3.22E+01
1398,33.328,-106.269,1.94E+00,2.71E+01,2.13E+01,3.33E+01
1399,26.6629,-112.521,1.70E+00,2.55E+01,2.09E+01,2.99E+01
1400,26.6633,-118.77,1.43E+00,2.42E+01,1.97E+01,2.93E+01
1401,26.6625,-106.271,1.97E+00,2.65E+01,2.20E+01,3.08E+01
1402,39.9939,-112.517,1.64E+00,2.70E+01,1.95E+01,3.44E+01
1403,39.9946,-118.767,1.39E+00,2.59E+01,1.83E+01,3.34E+01
1404,39.9933,-106.267,1.90E+00,2.81E+01,2.06E+01,3.57E+01
1405,73.3228,-118.756,1.20E+00,3.25E+01,1.52E+01,4.30E+01
1406,73.3217,-112.504,1.41E+00,3.40E+01,1.62E+01,4.47E+01
1407,73.3206,-106.251,1.61E+00,3.57E+01,1.72E+01,4.69E+01
1408,59.9914,-118.761,1.29E+00,2.95E+01,1.63E+01,3.93E+01
1409,59.9903,-112.51,1.52E+00,3.09E+01,1.75E+01,4.08E+01
1410,59.9893,-106.258,1.74E+00,3.23E+01,1.85E+01,4.27E+01
1411,53.3248,-112.512,1.56E+00,2.94E+01,1.81E+01,3.87E+01
1412,53.3258,-118.763,1.32E+00,2.82E+01,1.70E+01,3.73E+01
1413,53.3239,-106.261,1.80E+00,3.07E+01,1.92E+01,4.04E+01
1414,66.6559,-112.507,1.47E+00,3.25E+01,1.68E+01,4.28E+01
1415,66.657,-118.758,1.25E+00,3.10E+01,1.57E+01,4.12E+01
1416,66.6549,-106.255,1.68E+00,3.40E+01,1.78E+01,4.49E+01
1417,86.655,-118.751,1.09E+00,3.50E+01,1.42E+01,4.61E+01
1418,86.654,-112.498,1.27E+00,3.65E+01,1.51E+01,4.78E+01
1419,86.6534,-106.245,1.44E+00,3.80E+01,1.59E+01,4.98E+01
1420,79.9877,-112.501,1.34E+00,3.54E+01,1.57E+01,4.65E+01
1421,79.9888,-118.753,1.15E+00,3.38E+01,1.46E+01,4.47E+01
1422,79.9868,-106.248,1.53E+00,3.71E+01,1.66E+01,4.86E+01
1423,93.3209,-112.496,1.19E+00,3.71E+01,1.46E+01,4.87E+01
1424,93.3215,-118.749,1.03E+00,3.57E+01,1.37E+01,4.72E+01
1425,93.3206,-106.243,1.34E+00,3.84E+01,1.53E+01,5.03E+01
1426,99.9848,106.237,1.14E+00,2.28E+01,4.64E+01,1.02E+01
1427,99.9851,112.49,1.01E+00,2.18E+01,4.52E+01,1.05E+01
1428,99.9859,118.742,8.68E-01,2.06E+01,4.39E+01,1.05E+01
1429,99.9872,124.995,7.24E-01,1.89E+01,4.26E+01,1.00E+01
1430,93.3205,124.997,7.86E-01,1.89E+01,4.19E+01,8.52E+00
1431,86.6542,125,8.41E-01,1.89E+01,4.09E+01,7.00E+00
1432,79.9881,125.002,8.91E-01,1.88E+01,3.94E+01,5.66E+00
1433,73.3222,125.004,9.36E-01,1.87E+01,3.78E+01,4.84E+00
1434,66.6563,125.006,9.76E-01,1.87E+01,3.60E+01,4.83E+00
1435,59.9906,125.009,1.01E+00,1.86E+01,3.43E+01,5.64E+00
1436,53.325,125.011,1.04E+00,1.86E+01,3.26E+01,6.99E+00
1437,46.6593,125.012,1.07E+00,1.87E+01,3.10E+01,8.63E+00
1438,39.9936,125.014,1.10E+00,1.87E+01,2.95E+01,1.04E+01
1439,33.328,125.016,1.12E+00,1.88E+01,2.81E+01,1.23E+01
1440,26.6623,125.017,1.14E+00,1.90E+01,2.68E+01,1.41E+01
1441,19.9965,125.018,1.15E+00,1.92E+01,2.55E+01,1.60E+01
1442,13.3308,125.019,1.17E+00,1.94E+01,2.44E+01,1.79E+01
1443,6.66501,125.02,1.17E+00,1.97E+01,2.33E+01,1.98E+01
1444,-0.000786022,125.02,1.18E+00,2.00E+01,2.23E+01,2.17E+01
1445,-6.6666,125.02,1.18E+00,2.04E+01,2.13E+01,2.36E+01
1446,-13.3324,125.02,1.18E+00,2.09E+01,2.05E+01,2.55E+01
1447,-19.9982,125.019,1.17E+00,2.14E+01,1.96E+01,2.74E+01
1448,-26.6641,125.019,1.16E+00,2.21E+01,1.88E+01,2.92E+01
1449,-33.3298,125.018,1.15E+00,2.29E+01,1.81E+01,3.11E+01
1450,-39.9956,125.017,1.13E+00,2.38E+01,1.73E+01,3.29E+01
1451,-46.6613,125.015,1.11E+00,2.49E+01,1.66E+01,3.47E+01
1452,-53.327,125.014,1.08E+00,2.61E+01,1.59E+01,3.64E+01
1453,-59.9927,125.012,1.06E+00,2.74E+01,1.53E+01,3.81E+01
1454,-66.6585,125.01,1.02E+00,2.88E+01,1.47E+01,3.98E+01
1455,-73.3243,125.008,9.90E-01,3.03E+01,1.41E+01,4.15E+01
1456,-79.9902,125.006,9.51E-01,3.17E+01,1.36E+01,4.31E+01
1457,-86.6563,125.004,9.07E-01,3.29E+01,1.31E+01,4.46E+01
1458,-93.3226,125.001,8.59E-01,3.38E+01,1.27E+01,4.58E+01
1459,-99.9893,124.999,8.04E-01,3.44E+01,1.23E+01,4.67E+01
1460,-99.9885,118.746,9.58E-01,3.56E+01,1.33E+01,4.76E+01
1461,-99.9882,112.494,1.10E+00,3.68E+01,1.41E+01,4.88E+01
1462,-99.9884,106.241,1.24E+00,3.80E+01,1.47E+01,5.00E+01
1463,-0.000931113,118.771,1.45E+00,2.20E+01,2.34E+01,2.12E+01
1464,-0.00107381,112.523,1.73E+00,2.36E+01,2.44E+01,2.11E+01
1465,-0.00121566,106.274,2.01E+00,2.51E+01,2.53E+01,2.12E+01
1466,53.3236,118.76,1.28E+00,2.10E+01,3.41E+01,6.24E+00
1467,53.3223,112.508,1.51E+00,2.30E+01,3.56E+01,5.92E+00
1468,53.3209,106.257,1.73E+00,2.48E+01,3.73E+01,5.82E+00
1469,79.9864,118.749,1.08E+00,2.10E+01,4.12E+01,6.37E+00
1470,79.9848,112.496,1.26E+00,2.26E+01,4.31E+01,6.84E+00
1471,79.9834,106.243,1.44E+00,2.40E+01,4.51E+01,7.09E+00
1472,86.6511,112.494,1.18E+00,2.24E+01,4.43E+01,8.11E+00
1473,93.3179,112.492,1.10E+00,2.22E+01,4.51E+01,9.37E+00
1474,86.6525,118.747,1.01E+00,2.09E+01,4.26E+01,7.74E+00
1475,93.319,118.744,9.45E-01,2.08E+01,4.35E+01,9.17E+00
1476,86.65,106.241,1.34E+00,2.36E+01,4.62E+01,8.20E+00
1477,93.3171,106.239,1.24E+00,2.32E+01,4.67E+01,9.26E+00
1478,66.6548,118.755,1.19E+00,2.10E+01,3.77E+01,4.84E+00
1479,66.6532,112.502,1.39E+00,2.29E+01,3.95E+01,5.09E+00
1480,66.6516,106.25,1.60E+00,2.45E+01,4.16E+01,5.37E+00
1481,73.3189,112.499,1.33E+00,2.28E+01,4.14E+01,5.75E+00
1482,73.3205,118.752,1.14E+00,2.10E+01,3.95E+01,5.30E+00
1483,73.3173,106.246,1.52E+00,2.43E+01,4.35E+01,6.07E+00
1484,59.9877,112.505,1.45E+00,2.30E+01,3.75E+01,5.13E+00
1485,59.9891,118.757,1.23E+00,2.10E+01,3.59E+01,5.19E+00
1486,59.9862,106.253,1.67E+00,2.47E+01,3.94E+01,5.24E+00
1487,26.6616,118.768,1.40E+00,2.13E+01,2.79E+01,1.32E+01
1488,26.6609,112.518,1.66E+00,2.32E+01,2.90E+01,1.27E+01
1489,26.6602,106.268,1.92E+00,2.50E+01,3.01E+01,1.24E+01
1490,39.9926,118.764,1.35E+00,2.11E+01,3.08E+01,9.45E+00
1491,39.9916,112.514,1.59E+00,2.31E+01,3.20E+01,8.91E+00
1492,39.9905,106.263,1.84E+00,2.49E+01,3.33E+01,8.58E+00
1493,46.6569,112.511,1.55E+00,2.31E+01,3.37E+01,7.25E+00
1494,46.6581,118.762,1.31E+00,2.11E+01,3.24E+01,7.73E+00
1495,46.6557,106.26,1.79E+00,2.49E+01,3.52E+01,7.00E+00
1496,33.3263,112.516,1.63E+00,2.32E+01,3.04E+01,1.07E+01
1497,33.3271,118.766,1.37E+00,2.12E+01,2.93E+01,1.13E+01
1498,33.3254,106.266,1.89E+00,2.50E+01,3.16E+01,1.04E+01
1499,13.3304,118.77,1.43E+00,2.16E+01,2.55E+01,1.71E+01
1500,13.33,112.521,1.71E+00,2.34E+01,2.65E+01,1.68E+01
1501,13.3296,106.272,1.98E+00,2.50E+01,2.74E+01,1.66E+01
1502,19.9955,112.52,1.69E+00,2.33E+01,2.77E+01,1.47E+01
1503,19.996,118.769,1.42E+00,2.14E+01,2.66E+01,1.52E+01
1504,19.9949,106.27,1.96E+00,2.50E+01,2.87E+01,1.45E+01
1505,6.66447,112.522,1.72E+00,2.35E+01,2.54E+01,1.89E+01
1506,6.66474,118.771,1.44E+00,2.18E+01,2.44E+01,1.91E+01
1507,6.66421,106.273,2.00E+00,2.50E+01,2.63E+01,1.89E+01
1508,-46.6606,118.765,1.36E+00,2.64E+01,1.79E+01,3.52E+01
1509,-46.6599,112.515,1.61E+00,2.76E+01,1.90E+01,3.63E+01
1510,-46.6592,106.265,1.86E+00,2.87E+01,2.01E+01,3.78E+01
1511,-19.998,118.771,1.44E+00,2.31E+01,2.08E+01,2.73E+01
1512,-19.9978,112.522,1.71E+00,2.45E+01,2.19E+01,2.77E+01
1513,-19.9977,106.273,1.99E+00,2.56E+01,2.29E+01,2.83E+01
1514,-13.3323,112.523,1.73E+00,2.41E+01,2.27E+01,2.55E+01
1515,-6.66663,112.523,1.73E+00,2.38E+01,2.35E+01,2.32E+01
1516,-13.3323,118.771,1.45E+00,2.27E+01,2.16E+01,2.53E+01
1517,-6.66661,118.772,1.45E+00,2.23E+01,2.25E+01,2.32E+01
1518,-13.3321,106.274,2.01E+00,2.53E+01,2.37E+01,2.59E+01
1519,-6.66668,106.274,2.01E+00,2.52E+01,2.45E+01,2.35E+01
1520,-33.3293,118.769,1.41E+00,2.44E+01,1.93E+01,3.13E+01
1521,-33.3289,112.519,1.67E+00,2.56E+01,2.04E+01,3.21E+01
1522,-33.3285,106.27,1.94E+00,2.67E+01,2.15E+01,3.32E+01
1523,-26.6633,112.521,1.70E+00,2.50E+01,2.11E+01,2.99E+01
1524,-26.6636,118.77,1.43E+00,2.37E+01,2.00E+01,2.93E+01
1525,-26.663,106.271,1.97E+00,2.60E+01,2.22E+01,3.08E+01
1526,-39.9944,112.517,1.64E+00,2.65E+01,1.97E+01,3.42E+01
1527,-39.995,118.767,1.39E+00,2.53E+01,1.86E+01,3.33E+01
1528,-39.9939,106.267,1.90E+00,2.76E+01,2.08E+01,3.55E+01
1529,-73.3231,118.756,1.20E+00,3.19E+01,1.53E+01,4.27E+01
1530,-73.322,112.504,1.41E+00,3.35E+01,1.64E+01,4.43E+01
1531,-73.321,106.252,1.61E+00,3.51E+01,1.73E+01,4.65E+01
1532,-59.9917,118.761,1.29E+00,2.90E+01,1.65E+01,3.90E+01
1533,-59.9908,112.51,1.52E+00,3.03E+01,1.76E+01,4.04E+01
1534,-59.9898,106.258,1.75E+00,3.17E+01,1.87E+01,4.23E+01
1535,-53.3254,112.513,1.57E+00,2.89E+01,1.83E+01,3.84E+01
1536,-53.3262,118.763,1.32E+00,2.76E+01,1.72E+01,3.71E+01
1537,-53.3245,106.262,1.80E+00,3.01E+01,1.94E+01,4.01E+01
1538,-66.6562,112.507,1.47E+00,3.19E+01,1.70E+01,4.24E+01
1539,-66.6574,118.759,1.25E+00,3.04E+01,1.59E+01,4.09E+01
1540,-66.6553,106.255,1.68E+00,3.35E+01,1.80E+01,4.45E+01
1541,-86.6552,118.751,1.09E+00,3.45E+01,1.42E+01,4.58E+01
1542,-86.6543,112.498,1.27E+00,3.60E+01,1.52E+01,4.74E+01
1543,-86.6536,106.246,1.44E+00,3.76E+01,1.60E+01,4.94E+01
1544,-79.988,112.501,1.34E+00,3.49E+01,1.58E+01,4.60E+01
1545,-79.989,118.754,1.15E+00,3.33E+01,1.48E+01,4.43E+01
1546,-79.9871,106.249,1.53E+00,3.66E+01,1.66E+01,4.82E+01
1547,-93.321,112.496,1.19E+00,3.67E+01,1.46E+01,4.84E+01
1548,-93.3216,118.749,1.03E+00,3.53E+01,1.38E+01,4.69E+01
1549,-93.3206,106.243,1.34E+00,3.81E+01,1.53E+01,5.00E+01
1550,106.237,124.994,6.60E-01,1.89E+01,4.27E+01,1.14E+01
1551,112.488,124.992,5.90E-01,1.87E+01,4.22E+01,1.25E+01
1552,118.739,124.991,5.14E-01,1.83E+01,4.12E+01,1.33E+01
1553,124.991,124.991,4.32E-01,1.75E+01,4.00E+01,1.36E+01
1554,124.991,118.739,5.14E-01,1.83E+01,4.11E+01,1.33E+01
1555,124.992,112.488,5.90E-01,1.87E+01,4.20E+01,1.25E+01
1556,124.994,106.238,6.59E-01,1.89E+01,4.24E+01,1.13E+01
1557,124.995,99.9873,7.23E-01,1.89E+01,4.22E+01,9.94E+00
1558,124.997,93.3206,7.85E-01,1.89E+01,4.15E+01,8.41E+00
1559,125,86.6544,8.40E-01,1.89E+01,4.04E+01,6.88E+00
1560,125.002,79.9883,8.90E-01,1.88E+01,3.90E+01,5.58E+00
1561,125.004,73.3224,9.35E-01,1.88E+01,3.73E+01,4.80E+00
1562,125.007,66.6566,9.75E-01,1.87E+01,3.56E+01,4.83E+00
1563,125.009,59.9909,1.01E+00,1.87E+01,3.39E+01,5.66E+00
1564,125.011,53.3252,1.04E+00,1.88E+01,3.23E+01,7.02E+00
1565,125.013,46.6596,1.07E+00,1.88E+01,3.07E+01,8.67E+00
1566,125.014,39.9939,1.10E+00,1.89E+01,2.92E+01,1.04E+01
1567,125.016,33.3282,1.12E+00,1.90E+01,2.78E+01,1.23E+01
1568,125.017,26.6625,1.14E+00,1.92E+01,2.65E+01,1.41E+01
1569,125.018,19.9967,1.15E+00,1.94E+01,2.53E+01,1.60E+01
1570,125.019,13.331,1.16E+00,1.97E+01,2.41E+01,1.79E+01
1571,125.019,6.66521,1.17E+00,1.99E+01,2.31E+01,1.98E+01
1572,125.02,-0.000595531,1.18E+00,2.03E+01,2.21E+01,2.17E+01
1573,125.02,-6.66642,1.18E+00,2.07E+01,2.12E+01,2.36E+01
1574,125.02,-13.3322,1.18E+00,2.12E+01,2.03E+01,2.55E+01
1575,125.019,-19.9981,1.17E+00,2.17E+01,1.95E+01,2.74E+01
1576,125.019,-26.6639,1.16E+00,2.24E+01,1.87E+01,2.93E+01
1577,125.018,-33.3296,1.15E+00,2.32E+01,1.79E+01,3.11E+01
1578,125.016,-39.9954,1.13E+00,2.41E+01,1.72E+01,3.30E+01
1579,125.015,-46.6612,1.11E+00,2.52E+01,1.65E+01,3.48E+01
1580,125.013,-53.3268,1.08E+00,2.64E+01,1.58E+01,3.65E+01
1581,125.012,-59.9926,1.06E+00,2.77E+01,1.52E+01,3.83E+01
1582,125.01,-66.6584,1.02E+00,2.91E+01,1.46E+01,4.00E+01
1583,125.008,-73.3242,9.90E-01,3.05E+01,1.40E+01,4.17E+01
1584,125.006,-79.9901,9.51E-01,3.18E+01,1.35E+01,4.32E+01
1585,125.003,-86.6563,9.08E-01,3.30E+01,1.31E+01,4.47E+01
1586,125.001,-93.3226,8.59E-01,3.39E+01,1.27E+01,4.59E+01
1587,124.999,-99.9893,8.05E-01,3.44E+01,1.23E+01,4.67E+01
1588,124.997,-106.24,7.47E-01,3.44E+01,1.20E+01,4.71E+01
1589,124.996,-112.49,6.82E-01,3.39E+01,1.17E+01,4.70E+01
1590,124.994,-118.742,6.09E-01,3.29E+01,1.13E+01,4.66E+01
1591,124.993,-124.993,5.26E-01,3.17E+01,1.09E+01,4.62E+01
1592,118.742,-124.994,6.09E-01,3.30E+01,1.13E+01,4.67E+01
1593,112.49,-124.996,6.82E-01,3.40E+01,1.17E+01,4.71E+01
1594,106.24,-124.997,7.47E-01,3.46E+01,1.19E+01,4.72E+01
1595,118.771,-0.000693753,1.45E+00,2.23E+01,2.32E+01,2.12E+01
1596,112.523,-0.000795482,1.73E+00,2.39E+01,2.42E+01,2.11E+01
1597,106.274,-0.000897672,2.01E+00,2.53E+01,2.52E+01,2.12E+01
1598,118.755,66.655,1.19E+00,2.11E+01,3.73E+01,4.82E+00
1599,112.503,66.6535,1.39E+00,2.30E+01,3.91E+01,5.05E+00
1600,106.25,66.652,1.60E+00,2.46E+01,4.11E+01,5.32E+00
1601,118.743,99.7796,8.70E-01,2.06E+01,4.36E+01,1.04E+01
1602,112.49,99.7788,1.01E+00,2.19E+01,4.50E+01,1.04E+01
1603,106.237,99.7784,1.14E+00,2.28E+01,4.63E+01,1.02E+01
1604,112.488,106.151,9.13E-01,2.14E+01,4.47E+01,1.14E+01
1605,112.488,112.488,8.12E-01,2.09E+01,4.39E+01,1.21E+01
1606,112.488,118.74,7.04E-01,2.00E+01,4.31E+01,1.25E+01
1607,118.74,112.488,7.04E-01,2.00E+01,4.30E+01,1.25E+01
1608,118.734,106.166,7.90E-01,2.04E+01,4.36E+01,1.16E+01
1609,118.739,118.739,6.12E-01,1.94E+01,4.21E+01,1.31E+01
1610,106.236,112.488,9.12E-01,2.14E+01,4.48E+01,1.14E+01
1611,106.244,106.166,1.03E+00,2.22E+01,4.57E+01,1.09E+01
1612,106.237,118.741,7.89E-01,2.04E+01,4.38E+01,1.16E+01
1613,118.747,86.6527,1.01E+00,2.09E+01,4.21E+01,7.63E+00
1614,112.494,86.6513,1.18E+00,2.25E+01,4.40E+01,8.02E+00
1615,106.241,86.6502,1.34E+00,2.37E+01,4.59E+01,8.13E+00
1616,112.492,93.233,1.10E+00,2.22E+01,4.48E+01,9.28E+00
1617,118.751,93.2483,9.44E-01,2.08E+01,4.31E+01,9.06E+00
1618,106.232,93.2463,1.25E+00,2.33E+01,4.64E+01,9.20E+00
1619,112.5,73.3192,1.33E+00,2.28E+01,4.10E+01,5.67E+00
1620,112.497,79.985,1.26E+00,2.27E+01,4.26E+01,6.75E+00
1621,118.752,73.3207,1.13E+00,2.10E+01,3.91E+01,5.24E+00
1622,118.749,79.9866,1.08E+00,2.10E+01,4.07E+01,6.28E+00
1623,106.247,73.3176,1.52E+00,2.43E+01,4.31E+01,6.00E+00
1624,106.244,79.9837,1.44E+00,2.40E+01,4.47E+01,7.01E+00
1625,118.766,33.3274,1.37E+00,2.14E+01,2.90E+01,1.13E+01
1626,112.516,33.3266,1.63E+00,2.33E+01,3.02E+01,1.08E+01
1627,106.266,33.3258,1.89E+00,2.51E+01,3.14E+01,1.04E+01
1628,118.76,53.3239,1.27E+00,2.12E+01,3.37E+01,6.28E+00
1629,112.508,53.3226,1.50E+00,2.31E+01,3.53E+01,5.95E+00
1630,106.257,53.3213,1.73E+00,2.49E+01,3.69E+01,5.84E+00
1631,112.506,59.988,1.45E+00,2.31E+01,3.72E+01,5.13E+00
1632,118.757,59.9895,1.23E+00,2.11E+01,3.55E+01,5.20E+00
1633,106.253,59.9865,1.67E+00,2.48E+01,3.90E+01,5.23E+00
1634,112.514,39.9919,1.59E+00,2.33E+01,3.17E+01,8.95E+00
1635,112.511,46.6573,1.55E+00,2.32E+01,3.34E+01,7.29E+00
1636,118.764,39.9929,1.34E+00,2.13E+01,3.05E+01,9.50E+00
1637,118.762,46.6584,1.31E+00,2.12E+01,3.21E+01,7.77E+00
1638,106.263,39.9909,1.84E+00,2.51E+01,3.31E+01,8.62E+00
1639,106.26,46.6561,1.79E+00,2.50E+01,3.49E+01,7.03E+00
1640,118.769,19.9963,1.42E+00,2.16E+01,2.64E+01,1.52E+01
1641,112.52,19.9958,1.69E+00,2.35E+01,2.74E+01,1.47E+01
1642,106.27,19.9953,1.96E+00,2.52E+01,2.84E+01,1.45E+01
1643,112.518,26.6612,1.66E+00,2.34E+01,2.87E+01,1.27E+01
1644,118.768,26.6618,1.40E+00,2.15E+01,2.76E+01,1.32E+01
1645,106.268,26.6605,1.92E+00,2.52E+01,2.98E+01,1.24E+01
1646,112.522,6.66477,1.72E+00,2.37E+01,2.52E+01,1.89E+01
1647,112.521,13.3303,1.70E+00,2.36E+01,2.62E+01,1.68E+01
1648,118.771,6.66499,1.44E+00,2.20E+01,2.42E+01,1.92E+01
1649,118.77,13.3306,1.43E+00,2.18E+01,2.52E+01,1.72E+01
1650,106.273,6.66455,2.00E+00,2.53E+01,2.61E+01,1.89E+01
1651,106.272,13.3299,1.98E+00,2.52E+01,2.72E+01,1.66E+01
1652,118.761,-59.9916,1.29E+00,2.92E+01,1.64E+01,3.92E+01
1653,112.51,-59.9906,1.52E+00,3.06E+01,1.76E+01,4.06E+01
1654,106.258,-59.9896,1.74E+00,3.20E+01,1.86E+01,4.25E+01
1655,118.77,-26.6635,1.43E+00,2.40E+01,1.99E+01,2.94E+01
1656,112.521,-26.6632,1.69E+00,2.52E+01,2.10E+01,3.00E+01
1657,106.271,-26.6629,1.97E+00,2.63E+01,2.21E+01,3.09E+01
1658,118.771,-13.3321,1.45E+00,2.29E+01,2.14E+01,2.53E+01
1659,112.522,-13.332,1.72E+00,2.43E+01,2.25E+01,2.55E+01
1660,106.274,-13.3318,2.00E+00,2.56E+01,2.35E+01,2.60E+01
1661,112.523,-6.66636,1.73E+00,2.41E+01,2.33E+01,2.33E+01
1662,118.771,-6.66638,1.45E+00,2.26E+01,2.23E+01,2.32E+01
1663,106.274,-6.66636,2.01E+00,2.54E+01,2.43E+01,2.35E+01
1664,112.522,-19.9976,1.71E+00,2.47E+01,2.18E+01,2.77E+01
1665,118.771,-19.9978,1.44E+00,2.34E+01,2.07E+01,2.74E+01
1666,106.273,-19.9974,1.99E+00,2.58E+01,2.28E+01,2.84E+01
1667,118.767,-39.9948,1.38E+00,2.56E+01,1.84E+01,3.34E+01
1668,112.517,-39.9942,1.64E+00,2.68E+01,1.96E+01,3.43E+01
1669,106.267,-39.9936,1.90E+00,2.78E+01,2.07E+01,3.57E+01
1670,112.519,-33.3288,1.67E+00,2.59E+01,2.03E+01,3.22E+01
1671,118.769,-33.3292,1.41E+00,2.47E+01,1.92E+01,3.14E+01
1672,106.269,-33.3283,1.94E+00,2.69E+01,2.14E+01,3.33E+01
1673,112.512,-53.3252,1.56E+00,2.92E+01,1.82E+01,3.86E+01
1674,112.515,-46.6596,1.61E+00,2.79E+01,1.89E+01,3.65E+01
1675,118.763,-53.3259,1.32E+00,2.79E+01,1.71E+01,3.73E+01
1676,118.765,-46.6604,1.36E+00,2.67E+01,1.77E+01,3.54E+01
1677,106.261,-53.3242,1.80E+00,3.04E+01,1.93E+01,4.03E+01
1678,106.264,-46.6589,1.85E+00,2.90E+01,2.00E+01,3.80E+01
1679,118.757,-93.2417,1.03E+00,3.54E+01,1.37E+01,4.70E+01
1680,112.496,-93.2207,1.19E+00,3.68E+01,1.46E+01,4.84E+01
1681,106.235,-93.2408,1.34E+00,3.82E+01,1.54E+01,5.01E+01
1682,118.756,-73.323,1.20E+00,3.21E+01,1.53E+01,4.28E+01
1683,112.504,-73.3219,1.41E+00,3.37E+01,1.63E+01,4.45E+01
1684,106.252,-73.3209,1.61E+00,3.53E+01,1.73E+01,4.67E+01
1685,112.507,-66.6561,1.46E+00,3.21E+01,1.69E+01,4.26E+01
1686,118.759,-66.6572,1.25E+00,3.07E+01,1.58E+01,4.10E+01
1687,106.255,-66.6551,1.68E+00,3.37E+01,1.79E+01,4.47E+01
1688,112.498,-86.624,1.27E+00,3.62E+01,1.52E+01,4.76E+01
1689,112.501,-79.9879,1.34E+00,3.51E+01,1.57E+01,4.62E+01
1690,118.754,-86.6351,1.09E+00,3.46E+01,1.42E+01,4.59E+01
1691,118.754,-79.9889,1.15E+00,3.35E+01,1.47E+01,4.45E+01
1692,106.243,-86.6335,1.44E+00,3.78E+01,1.60E+01,4.95E+01
1693,106.248,-79.987,1.53E+00,3.68E+01,1.66E+01,4.83E+01
1694,118.736,-106.159,8.85E-01,3.55E+01,1.29E+01,4.77E+01
1695,112.492,-106.139,1.01E+00,3.65E+01,1.36E+01,4.86E+01
1696,106.249,-106.16,1.13E+00,3.74E+01,1.42E+01,4.95E+01
1697,112.494,-99.7172,1.11E+00,3.69E+01,1.41E+01,4.88E+01
1698,118.747,-99.7411,9.60E-01,3.57E+01,1.33E+01,4.76E+01
1699,106.241,-99.7409,1.24E+00,3.81E+01,1.48E+01,5.00E+01
1700,112.49,-118.743,8.01E-01,3.49E+01,1.24E+01,4.75E+01
1701,112.491,-112.461,9.12E-01,3.57E+01,1.30E+01,4.81E+01
1702,118.742,-118.742,7.10E-01,3.39E+01,1.20E+01,4.70E+01
1703,118.74,-112.47,8.02E-01,3.48E+01,1.24E+01,4.75E+01
1704,106.239,-118.745,8.84E-01,3.56E+01,1.28E+01,4.79E+01
1705,106.242,-112.472,1.01E+00,3.66E+01,1.36E+01,4.87E+01
1706,-106.24,124.997,7.46E-01,3.44E+01,1.20E+01,4.71E+01
1707,-112.49,124.996,6.81E-01,3.39E+01,1.17E+01,4.71E+01
1708,-118.741,124.994,6.08E-01,3.29E+01,1.13E+01,4.68E+01
1709,-124.993,124.993,5.26E-01,3.16E+01,1.08E+01,4.65E+01
1710,-124.994,118.742,6.09E-01,3.28E+01,1.13E+01,4.69E+01
1711,-124.995,112.49,6.82E-01,3.38E+01,1.16E+01,4.73E+01
1712,-124.997,106.24,7.48E-01,3.44E+01,1.19E+01,4.74E+01
1713,-124.999,99.9892,8.06E-01,3.44E+01,1.22E+01,4.70E+01
1714,-125.001,93.3225,8.61E-01,3.40E+01,1.26E+01,4.61E+01
1715,-125.003,86.6561,9.09E-01,3.31E+01,1.30E+01,4.50E+01
1716,-125.005,79.99,9.53E-01,3.18E+01,1.35E+01,4.35E+01
1717,-125.008,73.3241,9.91E-01,3.04E+01,1.40E+01,4.19E+01
1718,-125.01,66.6582,1.03E+00,2.89E+01,1.45E+01,4.01E+01
1719,-125.012,59.9925,1.06E+00,2.75E+01,1.51E+01,3.84E+01
1720,-125.013,53.3268,1.08E+00,2.62E+01,1.58E+01,3.66E+01
1721,-125.015,46.6611,1.11E+00,2.50E+01,1.64E+01,3.48E+01
1722,-125.017,39.9953,1.13E+00,2.39E+01,1.71E+01,3.30E+01
1723,-125.018,33.3296,1.15E+00,2.30E+01,1.79E+01,3.12E+01
1724,-125.019,26.6638,1.16E+00,2.22E+01,1.86E+01,2.93E+01
1725,-125.019,19.998,1.17E+00,2.15E+01,1.94E+01,2.74E+01
1726,-125.02,13.3322,1.18E+00,2.10E+01,2.02E+01,2.55E+01
1727,-125.02,6.66637,1.18E+00,2.05E+01,2.11E+01,2.36E+01
1728,-125.02,0.000555447,1.18E+00,2.01E+01,2.20E+01,2.17E+01
1729,-125.02,-6.66524,1.17E+00,1.98E+01,2.30E+01,1.98E+01
1730,-125.019,-13.331,1.16E+00,1.95E+01,2.41E+01,1.79E+01
1731,-125.018,-19.9968,1.15E+00,1.92E+01,2.52E+01,1.61E+01
1732,-125.017,-26.6625,1.14E+00,1.90E+01,2.65E+01,1.42E+01
1733,-125.016,-33.3281,1.12E+00,1.88E+01,2.78E+01,1.23E+01
1734,-125.014,-39.9938,1.09E+00,1.87E+01,2.93E+01,1.05E+01
1735,-125.013,-46.6595,1.07E+00,1.86E+01,3.08E+01,8.72E+00
1736,-125.011,-53.3251,1.04E+00,1.86E+01,3.24E+01,7.09E+00
1737,-125.009,-59.9908,1.01E+00,1.86E+01,3.41E+01,5.72E+00
1738,-125.006,-66.6565,9.72E-01,1.86E+01,3.59E+01,4.89E+00
1739,-125.004,-73.3222,9.31E-01,1.87E+01,3.77E+01,4.84E+00
1740,-125.002,-79.9881,8.86E-01,1.87E+01,3.94E+01,5.61E+00
1741,-124.999,-86.6542,8.36E-01,1.88E+01,4.09E+01,6.90E+00
1742,-124.997,-93.3204,7.81E-01,1.89E+01,4.20E+01,8.42E+00
1743,-124.995,-99.9871,7.19E-01,1.89E+01,4.27E+01,9.94E+00
1744,-124.993,-106.237,6.56E-01,1.89E+01,4.28E+01,1.13E+01
1745,-124.992,-112.488,5.86E-01,1.88E+01,4.24E+01,1.25E+01
1746,-124.991,-118.739,5.11E-01,1.85E+01,4.14E+01,1.33E+01
1747,-124.991,-124.99,4.30E-01,1.77E+01,4.03E+01,1.38E+01
1748,-118.739,-124.991,5.12E-01,1.85E+01,4.13E+01,1.33E+01
1749,-112.488,-124.992,5.88E-01,1.89E+01,4.22E+01,1.25E+01
1750,-106.237,-124.994,6.59E-01,1.90E+01,4.25E+01,1.14E+01
1751,-118.771,0.000657367,1.45E+00,2.21E+01,2.32E+01,2.12E+01
1752,-112.523,0.000759863,1.73E+00,2.38E+01,2.42E+01,2.10E+01
1753,-106.274,0.000863039,2.01E+00,2.52E+01,2.51E+01,2.11E+01
1754,-118.759,66.6571,1.25E+00,3.06E+01,1.58E+01,4.12E+01
1755,-112.507,66.656,1.47E+00,3.21E+01,1.69E+01,4.27E+01
1756,-106.255,66.655,1.68E+00,3.37E+01,1.79E+01,4.48E+01
1757,-118.746,99.782,9.61E-01,3.57E+01,1.32E+01,4.78E+01
1758,-112.494,99.7817,1.11E+00,3.69E+01,1.40E+01,4.89E+01
1759,-106.241,99.7819,1.24E+00,3.80E+01,1.47E+01,5.01E+01
1760,-112.492,106.154,1.01E+00,3.65E+01,1.35E+01,4.87E+01
1761,-112.491,112.491,9.11E-01,3.57E+01,1.30E+01,4.81E+01
1762,-112.49,118.743,8.01E-01,3.48E+01,1.24E+01,4.75E+01
1763,-118.743,112.49,8.02E-01,3.48E+01,1.24E+01,4.76E+01
1764,-118.737,106.168,8.85E-01,3.55E+01,1.28E+01,4.79E+01
1765,-118.742,118.742,7.10E-01,3.38E+01,1.19E+01,4.71E+01
1766,-106.239,112.492,1.01E+00,3.64E+01,1.36E+01,4.86E+01
1767,-106.247,106.169,1.13E+00,3.73E+01,1.42E+01,4.95E+01
1768,-106.239,118.745,8.84E-01,3.54E+01,1.29E+01,4.78E+01
1769,-118.751,86.655,1.09E+00,3.47E+01,1.42E+01,4.61E+01
1770,-112.498,86.654,1.27E+00,3.62E+01,1.51E+01,4.77E+01
1771,-106.245,86.6534,1.44E+00,3.78E+01,1.59E+01,4.96E+01
1772,-112.496,93.2358,1.19E+00,3.69E+01,1.46E+01,4.86E+01
1773,-118.755,93.2506,1.03E+00,3.55E+01,1.37E+01,4.72E+01
1774,-106.236,93.2496,1.35E+00,3.82E+01,1.53E+01,5.02E+01
1775,-112.504,73.3217,1.41E+00,3.37E+01,1.63E+01,4.46E+01
1776,-112.501,79.9877,1.34E+00,3.51E+01,1.57E+01,4.64E+01
1777,-118.756,73.3229,1.20E+00,3.21E+01,1.52E+01,4.30E+01
1778,-118.753,79.9888,1.15E+00,3.35E+01,1.47E+01,4.47E+01
1779,-106.251,73.3207,1.61E+00,3.54E+01,1.72E+01,4.68E+01
1780,-106.248,79.9868,1.53E+00,3.68E+01,1.66E+01,4.85E+01
1781,-118.769,33.3291,1.41E+00,2.46E+01,1.91E+01,3.14E+01
1782,-112.519,33.3286,1.67E+00,2.58E+01,2.03E+01,3.21E+01
1783,-106.269,33.3281,1.94E+00,2.68E+01,2.14E+01,3.32E+01
1784,-118.763,53.3259,1.33E+00,2.77E+01,1.70E+01,3.73E+01
1785,-112.512,53.325,1.57E+00,2.91E+01,1.82E+01,3.86E+01
1786,-106.261,53.3241,1.80E+00,3.03E+01,1.93E+01,4.03E+01
1787,-112.51,59.9904,1.52E+00,3.05E+01,1.75E+01,4.07E+01
1788,-118.761,59.9914,1.29E+00,2.91E+01,1.64E+01,3.92E+01
1789,-106.258,59.9895,1.75E+00,3.20E+01,1.86E+01,4.26E+01
1790,-112.517,39.9941,1.64E+00,2.67E+01,1.96E+01,3.43E+01
1791,-112.515,46.6595,1.61E+00,2.77E+01,1.89E+01,3.64E+01
1792,-118.767,39.9947,1.38E+00,2.55E+01,1.84E+01,3.34E+01
1793,-118.765,46.6603,1.36E+00,2.65E+01,1.77E+01,3.54E+01
1794,-106.267,39.9935,1.90E+00,2.77E+01,2.07E+01,3.56E+01
1795,-106.264,46.6588,1.86E+00,2.89E+01,1.99E+01,3.79E+01
1796,-118.771,19.9978,1.44E+00,2.33E+01,2.06E+01,2.73E+01
1797,-112.522,19.9975,1.71E+00,2.46E+01,2.17E+01,2.77E+01
1798,-106.273,19.9973,1.99E+00,2.58E+01,2.28E+01,2.83E+01
1799,-112.521,26.6631,1.70E+00,2.51E+01,2.10E+01,2.99E+01
1800,-118.77,26.6634,1.43E+00,2.39E+01,1.99E+01,2.94E+01
1801,-106.271,26.6627,1.97E+00,2.62E+01,2.21E+01,3.08E+01
1802,-112.523,6.66634,1.73E+00,2.40E+01,2.33E+01,2.32E+01
1803,-112.523,13.3319,1.73E+00,2.42E+01,2.25E+01,2.54E+01
1804,-118.772,6.66635,1.45E+00,2.24E+01,2.23E+01,2.32E+01
1805,-118.771,13.3321,1.45E+00,2.28E+01,2.14E+01,2.53E+01
1806,-106.274,6.66633,2.01E+00,2.53E+01,2.43E+01,2.34E+01
1807,-106.274,13.3318,2.01E+00,2.55E+01,2.35E+01,2.58E+01
1808,-118.757,-59.9893,1.23E+00,2.10E+01,3.57E+01,5.24E+00
1809,-112.505,-59.9878,1.45E+00,2.30E+01,3.74E+01,5.16E+00
1810,-106.253,-59.9863,1.67E+00,2.47E+01,3.93E+01,5.27E+00
1811,-118.768,-26.6619,1.40E+00,2.13E+01,2.77E+01,1.32E+01
1812,-112.518,-26.6612,1.66E+00,2.33E+01,2.88E+01,1.27E+01
1813,-106.268,-26.6605,1.92E+00,2.51E+01,2.99E+01,1.23E+01
1814,-118.77,-13.3306,1.43E+00,2.17E+01,2.52E+01,1.71E+01
1815,-112.521,-13.3303,1.70E+00,2.35E+01,2.62E+01,1.67E+01
1816,-106.272,-13.3299,1.98E+00,2.51E+01,2.72E+01,1.65E+01
1817,-112.522,-6.66476,1.72E+00,2.36E+01,2.52E+01,1.89E+01
1818,-118.771,-6.665,1.44E+00,2.19E+01,2.41E+01,1.91E+01
1819,-106.273,-6.66455,2.00E+00,2.52E+01,2.61E+01,1.88E+01
1820,-112.52,-19.9958,1.68E+00,2.34E+01,2.74E+01,1.47E+01
1821,-118.769,-19.9963,1.42E+00,2.15E+01,2.64E+01,1.52E+01
1822,-106.27,-19.9952,1.96E+00,2.51E+01,2.85E+01,1.44E+01
1823,-118.764,-39.9929,1.34E+00,2.11E+01,3.06E+01,9.50E+00
1824,-112.514,-39.9918,1.59E+00,2.32E+01,3.18E+01,8.92E+00
1825,-106.263,-39.9908,1.84E+00,2.50E+01,3.32E+01,8.57E+00
1826,-112.516,-33.3266,1.63E+00,2.32E+01,3.02E+01,1.08E+01
1827,-118.766,-33.3274,1.37E+00,2.12E+01,2.91E+01,1.13E+01
1828,-106.266,-33.3257,1.88E+00,2.50E+01,3.14E+01,1.04E+01
1829,-112.508,-53.3225,1.50E+00,2.31E+01,3.54E+01,5.95E+00
1830,-112.511,-46.6571,1.55E+00,2.31E+01,3.36E+01,7.27E+00
1831,-118.76,-53.3238,1.27E+00,2.10E+01,3.39E+01,6.30E+00
1832,-118.762,-46.6584,1.31E+00,2.11E+01,3.22E+01,7.78E+00
1833,-106.257,-53.321,1.73E+00,2.48E+01,3.71E+01,5.83E+00
1834,-106.26,-46.6559,1.79E+00,2.49E+01,3.51E+01,7.00E+00
1835,-118.752,-93.239,9.41E-01,2.08E+01,4.36E+01,9.12E+00
1836,-112.491,-93.2175,1.10E+00,2.22E+01,4.52E+01,9.38E+00
1837,-106.231,-93.237,1.24E+00,2.32E+01,4.68E+01,9.32E+00
1838,-118.752,-73.3205,1.13E+00,2.10E+01,3.95E+01,5.30E+00
1839,-112.499,-73.3188,1.33E+00,2.28E+01,4.14E+01,5.76E+00
1840,-106.246,-73.3173,1.52E+00,2.43E+01,4.35E+01,6.11E+00
1841,-112.502,-66.6532,1.39E+00,2.29E+01,3.94E+01,5.11E+00
1842,-118.755,-66.6548,1.18E+00,2.10E+01,3.76E+01,4.87E+00
1843,-106.25,-66.6516,1.60E+00,2.45E+01,4.15E+01,5.40E+00
1844,-112.494,-86.6208,1.18E+00,2.24E+01,4.44E+01,8.12E+00
1845,-112.496,-79.9848,1.26E+00,2.26E+01,4.31E+01,6.85E+00
1846,-118.75,-86.6324,1.01E+00,2.09E+01,4.26E+01,7.69E+00
1847,-118.749,-79.9864,1.07E+00,2.09E+01,4.12E+01,6.35E+00
1848,-106.238,-86.6298,1.34E+00,2.36E+01,4.63E+01,8.25E+00
1849,-106.243,-79.9833,1.43E+00,2.40E+01,4.51E+01,7.14E+00
1850,-118.732,-106.156,7.87E-01,2.04E+01,4.39E+01,1.16E+01
1851,-112.488,-106.136,9.11E-01,2.15E+01,4.49E+01,1.15E+01
1852,-106.245,-106.156,1.03E+00,2.22E+01,4.58E+01,1.10E+01
1853,-112.49,-99.7139,1.01E+00,2.19E+01,4.54E+01,1.05E+01
1854,-118.742,-99.7383,8.67E-01,2.06E+01,4.41E+01,1.05E+01
1855,-106.237,-99.7371,1.14E+00,2.28E+01,4.66E+01,1.03E+01
1856,-112.488,-118.74,7.02E-01,2.01E+01,4.31E+01,1.26E+01
1857,-112.488,-112.458,8.10E-01,2.09E+01,4.41E+01,1.22E+01
1858,-118.739,-118.739,6.10E-01,1.95E+01,4.23E+01,1.32E+01
1859,-118.737,-112.467,7.02E-01,2.01E+01,4.33E+01,1.26E+01
1860,-106.236,-118.741,7.88E-01,2.05E+01,4.37E+01,1.17E+01
1861,-106.239,-112.468,9.11E-01,2.15E+01,4.48E+01,1.15E+01
1862,124.993,-131.246,4.34E-01,3.07E+01,1.02E+01,4.63E+01
1863,124.993,-137.498,3.33E-01,2.99E+01,9.08E+00,4.70E+01
1864,124.994,-143.751,2.23E-01,2.88E+01,6.74E+00,4.84E+01
1865,124.996,-150.002,1.14E-01,1.73E+01,1.79E+01,2.97E+01
1866,118.745,-150.003,1.28E-01,1.83E+01,1.77E+01,3.13E+01
1867,112.495,-150.004,1.40E-01,1.87E+01,1.74E+01,3.27E+01
1868,106.246,-150.005,1.50E-01,1.88E+01,1.69E+01,3.38E+01
1869,99.9958,-150.005,1.58E-01,1.86E+01,1.63E+01,3.45E+01
1870,93.3294,-150.006,1.66E-01,1.80E+01,1.57E+01,3.52E+01
1871,86.663,-150.007,1.73E-01,1.72E+01,1.51E+01,3.57E+01
1872,79.9967,-150.007,1.79E-01,1.64E+01,1.46E+01,3.61E+01
1873,73.3304,-150.008,1.85E-01,1.55E+01,1.40E+01,3.65E+01
1874,66.6641,-150.008,1.89E-01,1.45E+01,1.35E+01,3.67E+01
1875,59.9978,-150.009,1.94E-01,1.36E+01,1.30E+01,3.69E+01
1876,53.3315,-150.009,1.97E-01,1.27E+01,1.26E+01,3.70E+01
1877,46.6652,-150.009,2.01E-01,1.17E+01,1.22E+01,3.71E+01
1878,39.9989,-150.01,2.04E-01,1.08E+01,1.19E+01,3.72E+01
1879,33.3326,-150.01,2.06E-01,9.93E+00,1.16E+01,3.72E+01
1880,26.6663,-150.01,2.08E-01,9.05E+00,1.14E+01,3.72E+01
1881,19.9999,-150.01,2.10E-01,8.17E+00,1.13E+01,3.71E+01
1882,13.3336,-150.01,2.11E-01,7.30E+00,1.12E+01,3.71E+01
1883,6.66722,-150.01,2.11E-01,6.41E+00,1.12E+01,3.69E+01
1884,0.000866562,-150.01,2.11E-01,5.52E+00,1.12E+01,3.68E+01
1885,-6.66549,-150.01,2.11E-01,4.62E+00,1.13E+01,3.65E+01
1886,-13.3318,-150.01,2.10E-01,3.71E+00,1.14E+01,3.63E+01
1887,-19.9982,-150.01,2.08E-01,2.89E+00,1.16E+01,3.60E+01
1888,-26.6646,-150.01,2.07E-01,2.64E+00,1.18E+01,3.57E+01
1889,-33.3308,-150.009,2.04E-01,3.03E+00,1.21E+01,3.54E+01
1890,-39.9972,-150.009,2.02E-01,3.67E+00,1.25E+01,3.50E+01
1891,-46.6636,-150.009,1.99E-01,4.42E+00,1.29E+01,3.46E+01
1892,-53.3298,-150.008,1.95E-01,5.29E+00,1.34E+01,3.41E+01
1893,-59.9962,-150.008,1.91E-01,6.29E+00,1.41E+01,3.36E+01
1894,-66.6625,-150.007,1.87E-01,7.41E+00,1.48E+01,3.31E+01
1895,-73.3288,-150.006,1.81E-01,8.68E+00,1.55E+01,3.24E+01
1896,-79.9951,-150.006,1.75E-01,1.01E+01,1.63E+01,3.17E+01
1897,-86.6615,-150.005,1.69E-01,1.16E+01,1.71E+01,3.08E+01
1898,-93.3278,-150.004,1.61E-01,1.30E+01,1.81E+01,3.03E+01
1899,-99.9945,-150.003,1.51E-01,1.44E+01,1.89E+01,3.01E+01
1900,-106.244,-150.002,1.39E-01,1.56E+01,1.96E+01,3.01E+01
1901,-112.494,-150.001,1.26E-01,1.69E+01,2.00E+01,3.04E+01
1902,-118.744,-150,1.12E-01,1.82E+01,2.03E+01,3.08E+01
1903,-124.994,-149.998,9.48E-02,1.92E+01,2.03E+01,3.09E+01
1904,-124.993,-143.747,1.70E-01,9.78E+00,3.74E+01,9.51E+00
1905,-124.991,-137.495,2.56E-01,1.38E+01,3.85E+01,1.22E+01
1906,-124.991,-131.242,3.44E-01,1.62E+01,3.92E+01,1.35E+01
1907,1.16E-05,-143.764,4.18E-01,9.32E+00,1.58E+01,2.86E+01
1908,0.00033192,-137.516,6.57E-01,1.43E+01,1.90E+01,2.49E+01
1909,0.000341173,-131.268,9.12E-01,1.80E+01,2.04E+01,2.26E+01
1910,66.6619,-143.76,3.75E-01,2.04E+01,8.19E+00,4.27E+01
1911,66.6608,-137.51,5.84E-01,2.45E+01,1.14E+01,4.05E+01
1912,66.6594,-131.26,8.03E-01,2.74E+01,1.30E+01,3.97E+01
1913,99.7868,-143.755,3.12E-01,2.80E+01,6.42E+00,4.83E+01
1914,99.7853,-137.504,4.79E-01,3.11E+01,9.30E+00,4.68E+01
1915,99.7839,-131.252,6.45E-01,3.33E+01,1.09E+01,4.64E+01
1916,106.157,-137.502,4.49E-01,3.16E+01,9.14E+00,4.74E+01
1917,112.492,-137.501,4.16E-01,3.16E+01,9.04E+00,4.76E+01
1918,118.742,-137.499,3.77E-01,3.11E+01,9.03E+00,4.75E+01
1919,112.493,-143.753,2.74E-01,2.94E+01,6.30E+00,4.91E+01
1920,106.172,-143.747,2.95E-01,2.89E+01,6.31E+00,4.88E+01
1921,118.743,-143.752,2.51E-01,2.94E+01,6.46E+00,4.89E+01
1922,112.491,-131.248,5.53E-01,3.31E+01,1.05E+01,4.70E+01
1923,106.17,-131.257,6.02E-01,3.35E+01,1.07E+01,4.69E+01
1924,118.742,-131.247,4.98E-01,3.22E+01,1.04E+01,4.68E+01
1925,86.6605,-143.757,3.42E-01,2.52E+01,6.85E+00,4.63E+01
1926,86.659,-137.507,5.28E-01,2.89E+01,9.87E+00,4.47E+01
1927,86.6575,-131.255,7.19E-01,3.16E+01,1.15E+01,4.43E+01
1928,93.2403,-137.505,5.05E-01,3.02E+01,9.54E+00,4.59E+01
1929,93.2559,-143.763,3.28E-01,2.67E+01,6.58E+00,4.74E+01
1930,93.2529,-131.246,6.84E-01,3.26E+01,1.12E+01,4.55E+01
1931,73.3268,-137.509,5.68E-01,2.60E+01,1.08E+01,4.19E+01
1932,79.9929,-137.508,5.49E-01,2.75E+01,1.03E+01,4.33E+01
1933,73.328,-143.759,3.65E-01,2.20E+01,7.68E+00,4.39E+01
1934,79.9942,-143.758,3.54E-01,2.36E+01,7.23E+00,4.51E+01
1935,73.3253,-131.259,7.78E-01,2.89E+01,1.24E+01,4.13E+01
1936,79.9913,-131.257,7.50E-01,3.03E+01,1.19E+01,4.28E+01
1937,33.331,-143.763,4.09E-01,1.37E+01,1.15E+01,3.59E+01
1938,33.3307,-137.515,6.42E-01,1.82E+01,1.47E+01,3.30E+01
1939,33.33,-131.267,8.90E-01,2.14E+01,1.63E+01,3.14E+01
1940,53.3295,-143.761,3.91E-01,1.74E+01,9.38E+00,4.00E+01
1941,53.3287,-137.513,6.12E-01,2.17E+01,1.26E+01,3.76E+01
1942,53.3277,-131.263,8.45E-01,2.47E+01,1.42E+01,3.65E+01
1943,59.9947,-137.512,5.99E-01,2.30E+01,1.20E+01,3.91E+01
1944,59.9957,-143.761,3.84E-01,1.89E+01,8.76E+00,4.13E+01
1945,59.9935,-131.262,8.26E-01,2.60E+01,1.36E+01,3.81E+01
1946,39.9967,-137.514,6.34E-01,1.92E+01,1.40E+01,3.45E+01
1947,46.6627,-137.513,6.24E-01,2.04E+01,1.33E+01,3.61E+01
1948,39.9972,-143.763,4.04E-01,1.48E+01,1.07E+01,3.73E+01
1949,46.6634,-143.762,3.98E-01,1.60E+01,1.00E+01,3.87E+01
1950,39.9959,-131.266,8.78E-01,2.24E+01,1.55E+01,3.31E+01
1951,46.6618,-131.265,8.63E-01,2.35E+01,1.48E+01,3.48E+01
1952,19.9986,-143.764,4.16E-01,1.17E+01,1.31E+01,3.30E+01
1953,19.9985,-137.516,6.53E-01,1.64E+01,1.63E+01,2.98E+01
1954,19.9982,-131.268,9.07E-01,1.98E+01,1.78E+01,2.79E+01
1955,26.6646,-137.515,6.49E-01,1.72E+01,1.55E+01,3.14E+01
1956,26.6648,-143.763,4.13E-01,1.26E+01,1.23E+01,3.45E+01
1957,26.6641,-131.267,9.00E-01,2.05E+01,1.70E+01,2.97E+01
1958,6.6664,-137.516,6.57E-01,1.49E+01,1.80E+01,2.66E+01
1959,13.3325,-137.516,6.56E-01,1.56E+01,1.71E+01,2.82E+01
1960,6.66621,-143.764,4.18E-01,1.00E+01,1.48E+01,3.01E+01
1961,13.3324,-143.764,4.17E-01,1.08E+01,1.39E+01,3.16E+01
1962,6.66628,-131.268,9.13E-01,1.86E+01,1.95E+01,2.44E+01
1963,13.3322,-131.268,9.11E-01,1.91E+01,1.86E+01,2.62E+01
1964,-59.9954,-143.759,3.71E-01,6.08E+00,2.73E+01,1.35E+01
1965,-59.9938,-137.51,5.75E-01,1.17E+01,3.03E+01,9.29E+00
1966,-59.9924,-131.26,7.91E-01,1.59E+01,3.20E+01,6.78E+00
1967,-26.6648,-143.763,4.06E-01,7.14E+00,2.02E+01,2.23E+01
1968,-26.6639,-137.515,6.37E-01,1.25E+01,2.33E+01,1.82E+01
1969,-26.6633,-131.266,8.83E-01,1.66E+01,2.48E+01,1.55E+01
1970,-13.3323,-143.763,4.14E-01,8.10E+00,1.78E+01,2.55E+01
1971,-13.3317,-137.516,6.50E-01,1.33E+01,2.10E+01,2.16E+01
1972,-13.3315,-131.268,9.03E-01,1.72E+01,2.25E+01,1.91E+01
1973,-6.6657,-137.516,6.54E-01,1.38E+01,2.00E+01,2.33E+01
1974,-6.66617,-143.764,4.16E-01,8.68E+00,1.68E+01,2.71E+01
1975,-6.66557,-131.268,9.09E-01,1.76E+01,2.14E+01,2.09E+01
1976,-19.9978,-137.515,6.44E-01,1.29E+01,2.21E+01,1.99E+01
1977,-19.9985,-143.763,4.11E-01,7.59E+00,1.90E+01,2.39E+01
1978,-19.9974,-131.267,8.94E-01,1.68E+01,2.36E+01,1.73E+01
1979,-39.997,-143.762,3.95E-01,6.46E+00,2.28E+01,1.89E+01
1980,-39.9958,-137.513,6.17E-01,1.20E+01,2.59E+01,1.47E+01
1981,-39.995,-131.264,8.54E-01,1.61E+01,2.75E+01,1.19E+01
1982,-33.3299,-137.514,6.28E-01,1.22E+01,2.46E+01,1.65E+01
1983,-33.3309,-143.762,4.01E-01,6.77E+00,2.15E+01,2.06E+01
1984,-33.3292,-131.265,8.69E-01,1.63E+01,2.61E+01,1.37E+01
1985,-53.3279,-137.511,5.91E-01,1.17E+01,2.88E+01,1.11E+01
1986,-46.6618,-137.512,6.05E-01,1.18E+01,2.73E+01,1.29E+01
1987,-53.3293,-143.76,3.80E-01,6.11E+00,2.57E+01,1.54E+01
1988,-46.6632,-143.761,3.88E-01,6.25E+00,2.42E+01,1.72E+01
1989,-53.3265,-131.261,8.14E-01,1.59E+01,3.04E+01,8.39E+00
1990,-46.6608,-131.263,8.35E-01,1.60E+01,2.89E+01,1.01E+01
1991,-93.2464,-143.762,3.01E-01,7.46E+00,3.54E+01,5.66E+00
1992,-93.224,-137.502,4.59E-01,1.27E+01,3.82E+01,5.70E+00
1993,-93.2424,-131.242,6.22E-01,1.65E+01,3.99E+01,7.35E+00
1994,-73.3276,-143.757,3.48E-01,6.33E+00,3.05E+01,9.68E+00
1995,-73.3257,-137.507,5.37E-01,1.19E+01,3.34E+01,6.11E+00
1996,-73.324,-131.256,7.35E-01,1.60E+01,3.53E+01,4.77E+00
1997,-66.6597,-137.508,5.57E-01,1.17E+01,3.19E+01,7.58E+00
1998,-66.6615,-143.758,3.60E-01,6.15E+00,2.89E+01,1.16E+01
1999,-66.6581,-131.258,7.64E-01,1.59E+01,3.36E+01,5.47E+00
2000,-86.6278,-137.504,4.88E-01,1.24E+01,3.67E+01,5.02E+00
2001,-79.9918,-137.505,5.14E-01,1.21E+01,3.51E+01,5.16E+00
2002,-86.6399,-143.758,3.19E-01,7.01E+00,3.37E+01,6.41E+00
2003,-79.9938,-143.756,3.35E-01,6.63E+00,3.20E+01,7.86E+00
2004,-86.636,-131.249,6.64E-01,1.63E+01,3.86E+01,5.91E+00
2005,-79.99,-131.254,7.01E-01,1.61E+01,3.70E+01,4.93E+00
2006,-106.163,-143.742,2.58E-01,8.32E+00,3.75E+01,6.20E+00
2007,-106.14,-137.499,3.90E-01,1.34E+01,3.98E+01,8.42E+00
2008,-106.159,-131.255,5.25E-01,1.68E+01,4.12E+01,1.04E+01
2009,-99.7196,-137.501,4.26E-01,1.31E+01,3.92E+01,6.93E+00
2010,-99.7452,-143.752,2.81E-01,7.91E+00,3.67E+01,5.60E+00
2011,-99.7413,-131.248,5.76E-01,1.67E+01,4.08E+01,8.91E+00
2012,-118.741,-137.496,3.04E-01,1.38E+01,3.95E+01,1.14E+01
2013,-112.461,-137.497,3.49E-01,1.37E+01,3.99E+01,1.00E+01
2014,-118.743,-143.748,2.02E-01,9.39E+00,3.79E+01,8.56E+00
2015,-112.473,-143.747,2.31E-01,8.82E+00,3.80E+01,7.34E+00
2016,-118.74,-131.243,4.09E-01,1.67E+01,4.04E+01,1.29E+01
2017,-112.469,-131.248,4.70E-01,1.69E+01,4.11E+01,1.18E+01
2018,124.991,131.243,3.45E-01,1.60E+01,3.91E+01,1.33E+01
2019,124.992,137.495,2.56E-01,1.35E+01,3.83E+01,1.19E+01
2020,124.993,143.747,1.69E-01,9.43E+00,3.73E+01,9.15E+00
2021,124.995,149.998,9.46E-02,1.90E+01,2.03E+01,3.09E+01
2022,118.744,150,1.12E-01,1.81E+01,2.04E+01,3.09E+01
2023,112.494,150.001,1.27E-01,1.69E+01,2.03E+01,3.07E+01
2024,106.244,150.002,1.40E-01,1.56E+01,1.99E+01,3.05E+01
2025,99.9945,150.003,1.51E-01,1.44E+01,1.92E+01,3.06E+01
2026,93.3278,150.004,1.61E-01,1.31E+01,1.85E+01,3.09E+01
2027,86.6614,150.005,1.70E-01,1.17E+01,1.76E+01,3.15E+01
2028,79.9951,150.006,1.76E-01,1.02E+01,1.69E+01,3.24E+01
2029,73.3287,150.006,1.82E-01,8.75E+00,1.61E+01,3.32E+01
2030,66.6624,150.007,1.87E-01,7.45E+00,1.54E+01,3.38E+01
2031,59.9961,150.008,1.92E-01,6.27E+00,1.47E+01,3.44E+01
2032,53.3298,150.008,1.96E-01,5.21E+00,1.41E+01,3.49E+01
2033,46.6634,150.009,2.00E-01,4.26E+00,1.35E+01,3.54E+01
2034,39.9971,150.009,2.02E-01,3.42E+00,1.31E+01,3.58E+01
2035,33.3308,150.009,2.05E-01,2.69E+00,1.27E+01,3.61E+01
2036,26.6644,150.01,2.07E-01,2.12E+00,1.24E+01,3.65E+01
2037,19.9981,150.01,2.09E-01,2.07E+00,1.21E+01,3.68E+01
2038,13.3317,150.01,2.10E-01,2.69E+00,1.19E+01,3.70E+01
2039,6.6654,150.01,2.11E-01,3.58E+00,1.17E+01,3.72E+01
2040,-0.000946109,150.01,2.11E-01,4.48E+00,1.16E+01,3.74E+01
2041,-6.6673,150.01,2.11E-01,5.38E+00,1.15E+01,3.75E+01
2042,-13.3336,150.01,2.10E-01,6.27E+00,1.15E+01,3.76E+01
2043,-20,150.01,2.09E-01,7.17E+00,1.16E+01,3.77E+01
2044,-26.6664,150.01,2.08E-01,8.07E+00,1.16E+01,3.77E+01
2045,-33.3326,150.01,2.05E-01,8.97E+00,1.18E+01,3.77E+01
2046,-39.999,150.01,2.03E-01,9.90E+00,1.20E+01,3.76E+01
2047,-46.6653,150.009,2.00E-01,1.08E+01,1.22E+01,3.75E+01
2048,-53.3316,150.009,1.97E-01,1.18E+01,1.26E+01,3.73E+01
2049,-59.9979,150.009,1.93E-01,1.28E+01,1.29E+01,3.71E+01
2050,-66.6643,150.008,1.89E-01,1.38E+01,1.34E+01,3.69E+01
2051,-73.3305,150.008,1.84E-01,1.47E+01,1.38E+01,3.66E+01
2052,-79.9968,150.007,1.78E-01,1.57E+01,1.44E+01,3.63E+01
2053,-86.6631,150.007,1.72E-01,1.66E+01,1.49E+01,3.58E+01
2054,-93.3294,150.006,1.65E-01,1.74E+01,1.55E+01,3.52E+01
2055,-99.9958,150.005,1.58E-01,1.81E+01,1.61E+01,3.45E+01
2056,-106.246,150.005,1.49E-01,1.84E+01,1.67E+01,3.38E+01
2057,-112.495,150.004,1.39E-01,1.84E+01,1.72E+01,3.28E+01
2058,-118.745,150.003,1.28E-01,1.80E+01,1.76E+01,3.14E+01
2059,-124.995,150.002,1.14E-01,1.72E+01,1.78E+01,2.98E+01
2060,-124.994,143.751,2.23E-01,2.85E+01,6.71E+00,4.87E+01
2061,-124.993,137.498,3.32E-01,2.97E+01,9.06E+00,4.72E+01
2062,-124.993,131.245,4.34E-01,3.06E+01,1.01E+01,4.65E+01
2063,-0.000254628,143.764,4.17E-01,8.09E+00,1.63E+01,2.93E+01
2064,-0.000491225,137.516,6.55E-01,1.36E+01,1.93E+01,2.53E+01
2065,-0.000639059,131.268,9.11E-01,1.73E+01,2.10E+01,2.29E+01
2066,66.6613,143.758,3.61E-01,5.67E+00,2.96E+01,1.20E+01
2067,66.6596,137.508,5.58E-01,1.15E+01,3.24E+01,7.70E+00
2068,66.658,131.258,7.65E-01,1.56E+01,3.43E+01,5.54E+00
2069,99.7863,143.752,2.81E-01,7.63E+00,3.71E+01,5.69E+00
2070,99.7842,137.5,4.27E-01,1.29E+01,3.95E+01,6.87E+00
2071,99.7824,131.248,5.77E-01,1.65E+01,4.11E+01,8.84E+00
2072,106.155,137.499,3.90E-01,1.33E+01,4.00E+01,8.34E+00
2073,112.491,137.497,3.49E-01,1.35E+01,4.00E+01,9.88E+00
2074,118.741,137.496,3.05E-01,1.36E+01,3.95E+01,1.12E+01
2075,112.493,143.749,2.31E-01,8.57E+00,3.81E+01,7.17E+00
2076,106.172,143.744,2.58E-01,8.06E+00,3.78E+01,6.15E+00
2077,118.743,143.748,2.02E-01,9.12E+00,3.80E+01,8.30E+00
2078,112.489,131.245,4.71E-01,1.67E+01,4.12E+01,1.17E+01
2079,106.168,131.253,5.26E-01,1.67E+01,4.14E+01,1.03E+01
2080,118.74,131.243,4.10E-01,1.65E+01,4.04E+01,1.28E+01
2081,86.6599,143.755,3.20E-01,6.67E+00,3.42E+01,6.69E+00
2082,86.6579,137.504,4.89E-01,1.22E+01,3.72E+01,5.02E+00
2083,86.656,131.252,6.65E-01,1.61E+01,3.91E+01,5.87E+00
2084,93.2392,137.502,4.60E-01,1.25E+01,3.86E+01,5.67E+00
2085,93.2553,143.76,3.01E-01,7.16E+00,3.59E+01,5.86E+00
2086,93.2514,131.243,6.23E-01,1.63E+01,4.03E+01,7.29E+00
2087,73.3256,137.507,5.38E-01,1.16E+01,3.40E+01,6.19E+00
2088,79.9917,137.505,5.15E-01,1.19E+01,3.56E+01,5.21E+00
2089,73.3275,143.757,3.49E-01,5.91E+00,3.11E+01,1.01E+01
2090,79.9936,143.756,3.35E-01,6.25E+00,3.26E+01,8.21E+00
2091,73.3239,131.256,7.36E-01,1.58E+01,3.59E+01,4.80E+00
2092,79.9899,131.254,7.02E-01,1.59E+01,3.76E+01,4.92E+00
2093,33.3306,143.762,4.01E-01,5.86E+00,2.21E+01,2.13E+01
2094,33.3297,137.514,6.28E-01,1.17E+01,2.51E+01,1.67E+01
2095,33.3288,131.265,8.70E-01,1.58E+01,2.67E+01,1.39E+01
2096,53.3291,143.76,3.80E-01,5.48E+00,2.64E+01,1.59E+01
2097,53.3276,137.511,5.92E-01,1.13E+01,2.94E+01,1.13E+01
2098,53.3263,131.261,8.15E-01,1.55E+01,3.11E+01,8.49E+00
2099,59.9936,137.51,5.76E-01,1.14E+01,3.09E+01,9.44E+00
2100,59.9952,143.759,3.71E-01,5.53E+00,2.80E+01,1.40E+01
2101,59.9921,131.259,7.92E-01,1.56E+01,3.27E+01,6.86E+00
2102,39.9957,137.513,6.17E-01,1.15E+01,2.64E+01,1.49E+01
2103,46.6617,137.512,6.05E-01,1.14E+01,2.79E+01,1.31E+01
2104,39.9968,143.761,3.95E-01,5.65E+00,2.35E+01,1.95E+01
2105,46.6629,143.761,3.88E-01,5.52E+00,2.49E+01,1.77E+01
2106,39.9947,131.264,8.54E-01,1.57E+01,2.81E+01,1.21E+01
2107,46.6605,131.262,8.36E-01,1.56E+01,2.96E+01,1.03E+01
2108,19.9983,143.763,4.10E-01,6.53E+00,1.96E+01,2.46E+01
2109,19.9976,137.515,6.44E-01,1.22E+01,2.26E+01,2.02E+01
2110,19.9971,131.267,8.94E-01,1.63E+01,2.42E+01,1.75E+01
2111,26.6637,137.514,6.37E-01,1.19E+01,2.38E+01,1.85E+01
2112,26.6645,143.763,4.06E-01,6.16E+00,2.08E+01,2.30E+01
2113,26.663,131.266,8.83E-01,1.60E+01,2.54E+01,1.57E+01
2114,6.66556,137.516,6.53E-01,1.31E+01,2.04E+01,2.36E+01
2115,13.3316,137.515,6.49E-01,1.26E+01,2.14E+01,2.19E+01
2116,6.66594,143.763,4.15E-01,7.50E+00,1.73E+01,2.78E+01
2117,13.3321,143.763,4.13E-01,6.98E+00,1.84E+01,2.62E+01
2118,6.66528,131.268,9.08E-01,1.69E+01,2.20E+01,2.11E+01
2119,13.3312,131.267,9.02E-01,1.66E+01,2.30E+01,1.93E+01
2120,-59.9959,143.761,3.82E-01,1.75E+01,8.92E+00,4.17E+01
2121,-59.9949,137.512,5.97E-01,2.22E+01,1.20E+01,3.91E+01
2122,-59.9938,131.262,8.24E-01,2.53E+01,1.38E+01,3.80E+01
2123,-26.6651,143.763,4.11E-01,1.13E+01,1.26E+01,3.51E+01
2124,-26.6648,137.515,6.47E-01,1.64E+01,1.57E+01,3.17E+01
2125,-26.6644,131.267,8.98E-01,1.98E+01,1.74E+01,2.99E+01
2126,-13.3326,143.764,4.16E-01,9.51E+00,1.43E+01,3.23E+01
2127,-13.3326,137.516,6.54E-01,1.48E+01,1.75E+01,2.85E+01
2128,-13.3325,131.268,9.10E-01,1.84E+01,1.91E+01,2.64E+01
2129,-6.66652,137.516,6.56E-01,1.41E+01,1.84E+01,2.69E+01
2130,-6.66643,143.764,4.17E-01,8.76E+00,1.53E+01,3.08E+01
2131,-6.66655,131.268,9.12E-01,1.78E+01,2.00E+01,2.47E+01
2132,-19.9987,137.516,6.51E-01,1.55E+01,1.66E+01,3.01E+01
2133,-19.9988,143.764,4.14E-01,1.04E+01,1.35E+01,3.37E+01
2134,-19.9984,131.268,9.06E-01,1.90E+01,1.82E+01,2.81E+01
2135,-39.9974,143.763,4.02E-01,1.35E+01,1.10E+01,3.78E+01
2136,-39.9968,137.514,6.32E-01,1.83E+01,1.42E+01,3.47E+01
2137,-39.9962,131.266,8.76E-01,2.16E+01,1.59E+01,3.32E+01
2138,-33.3309,137.515,6.40E-01,1.73E+01,1.49E+01,3.32E+01
2139,-33.3313,143.763,4.07E-01,1.23E+01,1.18E+01,3.65E+01
2140,-33.3304,131.267,8.89E-01,2.06E+01,1.66E+01,3.15E+01
2141,-53.3289,137.513,6.10E-01,2.08E+01,1.27E+01,3.76E+01
2142,-46.6628,137.514,6.22E-01,1.95E+01,1.34E+01,3.62E+01
2143,-53.3297,143.761,3.90E-01,1.61E+01,9.58E+00,4.05E+01
2144,-46.6636,143.762,3.96E-01,1.47E+01,1.03E+01,3.92E+01
2145,-53.3279,131.263,8.44E-01,2.40E+01,1.45E+01,3.64E+01
2146,-46.6621,131.265,8.61E-01,2.27E+01,1.52E+01,3.48E+01
2147,-93.247,143.765,3.26E-01,2.57E+01,6.60E+00,4.75E+01
2148,-93.2251,137.505,5.03E-01,2.96E+01,9.55E+00,4.57E+01
2149,-93.2439,131.246,6.83E-01,3.21E+01,1.13E+01,4.53E+01
2150,-73.3282,143.759,3.63E-01,2.07E+01,7.77E+00,4.42E+01
2151,-73.3269,137.509,5.66E-01,2.52E+01,1.08E+01,4.19E+01
2152,-73.3255,131.259,7.77E-01,2.82E+01,1.26E+01,4.11E+01
2153,-66.6608,137.511,5.82E-01,2.37E+01,1.14E+01,4.05E+01
2154,-66.662,143.76,3.73E-01,1.91E+01,8.32E+00,4.30E+01
2155,-66.6596,131.261,8.02E-01,2.67E+01,1.32E+01,3.96E+01
2156,-86.6289,137.507,5.26E-01,2.82E+01,9.89E+00,4.45E+01
2157,-79.993,137.508,5.47E-01,2.67E+01,1.03E+01,4.32E+01
2158,-86.6406,143.76,3.40E-01,2.41E+01,6.88E+00,4.65E+01
2159,-79.9944,143.758,3.52E-01,2.24E+01,7.29E+00,4.53E+01
2160,-86.6376,131.253,7.18E-01,3.10E+01,1.17E+01,4.40E+01
2161,-79.9915,131.257,7.49E-01,2.96E+01,1.21E+01,4.26E+01
2162,-106.163,143.746,2.93E-01,2.81E+01,6.30E+00,4.90E+01
2163,-106.142,137.502,4.48E-01,3.12E+01,9.12E+00,4.73E+01
2164,-106.16,131.259,6.00E-01,3.31E+01,1.08E+01,4.68E+01
2165,-99.7207,137.504,4.77E-01,3.06E+01,9.30E+00,4.66E+01
2166,-99.7458,143.755,3.11E-01,2.71E+01,6.42E+00,4.84E+01
2167,-99.7428,131.252,6.44E-01,3.28E+01,1.10E+01,4.62E+01
2168,-118.742,137.499,3.76E-01,3.09E+01,9.01E+00,4.76E+01
2169,-112.462,137.501,4.14E-01,3.14E+01,9.01E+00,4.76E+01
2170,-118.743,143.752,2.50E-01,2.90E+01,6.43E+00,4.92E+01
2171,-112.473,143.75,2.73E-01,2.88E+01,6.28E+00,4.92E+01
2172,-118.742,131.247,4.97E-01,3.20E+01,1.04E+01,4.69E+01
2173,-112.471,131.251,5.52E-01,3.29E+01,1.06E+01,4.71E+01
2174,-131.246,150.001,9.70E-02,1.58E+01,1.78E+01,2.80E+01
2175,-137.496,150,7.71E-02,1.37E+01,1.75E+01,2.63E+01
2176,-143.747,149.999,5.43E-02,1.09E+01,1.66E+01,2.60E+01
2177,-149.997,149.998,3.25E-02,1.33E+01,1.02E+01,3.66E+01
2178,-149.998,143.747,6.38E-02,1.95E+01,5.91E+00,4.95E+01
2179,-150,137.496,8.94E-02,2.21E+01,5.35E+00,5.12E+01
2180,-150.001,131.245,1.10E-01,2.34E+01,4.67E+00,5.27E+01
2181,-150.002,124.995,1.26E-01,2.38E+01,4.26E+00,5.38E+01
2182,-150.003,118.745,1.39E-01,2.35E+01,4.02E+00,5.44E+01
2183,-150.004,112.495,1.50E-01,2.27E+01,3.90E+00,5.46E+01
2184,-150.005,106.245,1.60E-01,2.15E+01,3.81E+00,5.44E+01
2185,-150.005,99.9953,1.68E-01,2.01E+01,3.84E+00,5.41E+01
2186,-150.006,93.3287,1.76E-01,1.84E+01,3.99E+00,5.33E+01
2187,-150.007,86.6623,1.82E-01,1.66E+01,4.17E+00,5.22E+01
2188,-150.007,79.996,1.87E-01,1.47E+01,4.43E+00,5.15E+01
2189,-150.008,73.3297,1.91E-01,1.28E+01,4.77E+00,5.06E+01
2190,-150.008,66.6634,1.95E-01,1.10E+01,5.23E+00,4.96E+01
2191,-150.009,59.9971,1.99E-01,9.32E+00,5.79E+00,4.86E+01
2192,-150.009,53.3308,2.02E-01,7.72E+00,6.43E+00,4.75E+01
2193,-150.009,46.6645,2.05E-01,6.29E+00,7.12E+00,4.63E+01
2194,-150.01,39.9981,2.08E-01,5.42E+00,7.85E+00,4.52E+01
2195,-150.01,33.3318,2.10E-01,5.23E+00,8.62E+00,4.40E+01
2196,-150.01,26.6654,2.12E-01,5.26E+00,9.44E+00,4.27E+01
2197,-150.01,19.9991,2.13E-01,5.31E+00,1.03E+01,4.15E+01
2198,-150.01,13.3327,2.14E-01,5.36E+00,1.12E+01,4.02E+01
2199,-150.01,6.66641,2.14E-01,5.41E+00,1.21E+01,3.88E+01
2200,-150.01,5.98E-05,2.13E-01,5.46E+00,1.31E+01,3.74E+01
2201,-150.01,-6.66629,2.13E-01,5.52E+00,1.42E+01,3.60E+01
2202,-150.01,-13.3326,2.11E-01,5.57E+00,1.53E+01,3.45E+01
2203,-150.01,-19.999,2.10E-01,5.63E+00,1.65E+01,3.30E+01
2204,-150.01,-26.6653,2.07E-01,5.69E+00,1.77E+01,3.14E+01
2205,-150.009,-33.3316,2.05E-01,5.77E+00,1.90E+01,2.98E+01
2206,-150.009,-39.9979,2.02E-01,5.86E+00,2.04E+01,2.81E+01
2207,-150.009,-46.6643,1.98E-01,5.94E+00,2.19E+01,2.63E+01
2208,-150.008,-53.3305,1.94E-01,6.02E+00,2.34E+01,2.44E+01
2209,-150.008,-59.9968,1.90E-01,6.08E+00,2.50E+01,2.25E+01
2210,-150.007,-66.6632,1.84E-01,6.10E+00,2.66E+01,2.05E+01
2211,-150.007,-73.3294,1.78E-01,6.09E+00,2.84E+01,1.83E+01
2212,-150.006,-79.9958,1.71E-01,6.03E+00,3.01E+01,1.61E+01
2213,-150.005,-86.6621,1.63E-01,5.94E+00,3.17E+01,1.38E+01
2214,-150.004,-93.3284,1.53E-01,5.89E+00,3.32E+01,1.14E+01
2215,-150.003,-99.9949,1.42E-01,5.86E+00,3.48E+01,9.04E+00
2216,-150.002,-106.245,1.30E-01,5.53E+00,3.60E+01,7.71E+00
2217,-150.001,-112.495,1.17E-01,5.08E+00,3.68E+01,7.00E+00
2218,-150,-118.745,1.02E-01,4.87E+00,3.74E+01,6.42E+00
2219,-149.999,-124.995,8.52E-02,4.89E+00,3.74E+01,6.43E+00
2220,-149.998,-131.245,6.69E-02,5.15E+00,3.68E+01,6.69E+00
2221,-149.997,-137.495,4.82E-02,5.17E+00,3.55E+01,6.58E+00
2222,-149.996,-143.745,3.11E-02,4.27E+00,3.39E+01,5.54E+00
2223,-149.996,-149.996,1.80E-02,1.04E+01,2.52E+01,1.40E+01
2224,-143.745,-149.996,3.72E-02,1.89E+01,1.86E+01,2.63E+01
2225,-137.495,-149.996,5.68E-02,1.96E+01,1.94E+01,2.90E+01
2226,-131.245,-149.997,7.64E-02,1.97E+01,2.00E+01,3.03E+01
2227,-143.763,0.000207862,4.18E-01,7.73E+00,1.65E+01,2.99E+01
2228,-137.516,0.000335378,6.54E-01,1.35E+01,1.89E+01,2.55E+01
2229,-131.268,0.000448543,9.10E-01,1.74E+01,2.06E+01,2.30E+01
2230,-143.758,79.9943,3.59E-01,2.20E+01,7.67E+00,4.61E+01
2231,-137.508,79.9928,5.51E-01,2.67E+01,1.01E+01,4.37E+01
2232,-131.257,79.9913,7.52E-01,2.97E+01,1.20E+01,4.31E+01
2233,-143.751,118.743,2.57E-01,2.81E+01,6.68E+00,5.03E+01
2234,-137.499,118.742,3.80E-01,3.04E+01,8.85E+00,4.82E+01
2235,-131.247,118.742,4.98E-01,3.18E+01,1.03E+01,4.72E+01
2236,-143.747,137.495,1.57E-01,2.37E+01,7.48E+00,4.82E+01
2237,-137.496,137.496,2.22E-01,2.56E+01,8.49E+00,4.67E+01
2238,-131.244,137.497,2.80E-01,2.79E+01,8.95E+00,4.67E+01
2239,-137.495,143.748,1.52E-01,2.50E+01,7.18E+00,4.69E+01
2240,-143.746,143.747,1.09E-01,2.15E+01,6.94E+00,4.76E+01
2241,-131.244,143.749,1.90E-01,2.73E+01,7.02E+00,4.78E+01
2242,-137.498,124.993,3.35E-01,2.92E+01,8.89E+00,4.78E+01
2243,-137.496,131.244,2.83E-01,2.74E+01,8.80E+00,4.71E+01
2244,-143.75,124.994,2.30E-01,2.74E+01,6.97E+00,4.99E+01
2245,-143.749,131.244,1.97E-01,2.59E+01,7.27E+00,4.92E+01
2246,-131.245,124.993,4.35E-01,3.04E+01,1.01E+01,4.67E+01
2247,-131.244,131.245,3.62E-01,2.90E+01,9.64E+00,4.63E+01
2248,-143.755,99.7869,3.18E-01,2.67E+01,6.68E+00,4.94E+01
2249,-137.504,99.7852,4.81E-01,3.05E+01,9.16E+00,4.72E+01
2250,-131.252,99.7838,6.47E-01,3.28E+01,1.09E+01,4.66E+01
2251,-137.502,106.157,4.52E-01,3.10E+01,8.97E+00,4.79E+01
2252,-137.501,112.492,4.18E-01,3.10E+01,8.85E+00,4.82E+01
2253,-143.747,106.172,3.01E-01,2.77E+01,6.50E+00,4.99E+01
2254,-143.753,112.493,2.81E-01,2.82E+01,6.52E+00,5.03E+01
2255,-131.257,106.17,6.03E-01,3.30E+01,1.07E+01,4.72E+01
2256,-131.248,112.491,5.54E-01,3.27E+01,1.05E+01,4.74E+01
2257,-137.507,86.6589,5.31E-01,2.83E+01,9.72E+00,4.51E+01
2258,-137.505,93.2402,5.08E-01,2.96E+01,9.38E+00,4.63E+01
2259,-143.757,86.6606,3.47E-01,2.37E+01,7.27E+00,4.74E+01
2260,-143.763,93.256,3.33E-01,2.54E+01,6.96E+00,4.86E+01
2261,-131.255,86.6575,7.21E-01,3.11E+01,1.16E+01,4.45E+01
2262,-131.246,93.2528,6.86E-01,3.21E+01,1.12E+01,4.57E+01
2263,-143.762,39.9974,4.06E-01,1.31E+01,1.13E+01,3.85E+01
2264,-137.514,39.9967,6.33E-01,1.84E+01,1.38E+01,3.50E+01
2265,-131.266,39.996,8.77E-01,2.17E+01,1.57E+01,3.34E+01
2266,-143.761,59.9959,3.87E-01,1.73E+01,9.24E+00,4.25E+01
2267,-137.512,59.9947,6.00E-01,2.22E+01,1.18E+01,3.94E+01
2268,-131.262,59.9936,8.26E-01,2.53E+01,1.36E+01,3.83E+01
2269,-137.51,66.6607,5.85E-01,2.36E+01,1.12E+01,4.09E+01
2270,-137.509,73.3267,5.69E-01,2.51E+01,1.06E+01,4.23E+01
2271,-143.76,66.662,3.78E-01,1.88E+01,8.65E+00,4.37E+01
2272,-143.759,73.3281,3.69E-01,2.04E+01,8.12E+00,4.49E+01
2273,-131.26,66.6594,8.04E-01,2.67E+01,1.31E+01,3.99E+01
2274,-131.259,73.3253,7.79E-01,2.82E+01,1.25E+01,4.15E+01
2275,-137.513,46.6627,6.24E-01,1.95E+01,1.31E+01,3.65E+01
2276,-137.513,53.3287,6.13E-01,2.08E+01,1.24E+01,3.80E+01
2277,-143.762,46.6636,4.01E-01,1.44E+01,1.06E+01,3.99E+01
2278,-143.761,53.3297,3.94E-01,1.58E+01,9.89E+00,4.12E+01
2279,-131.264,46.6619,8.62E-01,2.28E+01,1.50E+01,3.51E+01
2280,-131.263,53.3277,8.45E-01,2.40E+01,1.43E+01,3.67E+01
2281,-143.763,19.9988,4.17E-01,9.99E+00,1.37E+01,3.43E+01
2282,-137.516,19.9985,6.52E-01,1.55E+01,1.62E+01,3.03E+01
2283,-131.268,19.9983,9.05E-01,1.91E+01,1.80E+01,2.83E+01
2284,-137.515,26.6646,6.47E-01,1.63E+01,1.53E+01,3.19E+01
2285,-137.515,33.3307,6.41E-01,1.73E+01,1.46E+01,3.35E+01
2286,-143.763,26.665,4.14E-01,1.09E+01,1.29E+01,3.58E+01
2287,-143.763,33.3312,4.11E-01,1.20E+01,1.21E+01,3.72E+01
2288,-131.267,26.6642,8.98E-01,1.99E+01,1.72E+01,3.00E+01
2289,-131.266,33.3301,8.89E-01,2.07E+01,1.64E+01,3.17E+01
2290,-137.516,6.6664,6.55E-01,1.41E+01,1.79E+01,2.71E+01
2291,-137.516,13.3325,6.54E-01,1.48E+01,1.70E+01,2.87E+01
2292,-143.763,6.66641,4.19E-01,8.40E+00,1.55E+01,3.14E+01
2293,-143.763,13.3326,4.18E-01,9.15E+00,1.46E+01,3.29E+01
2294,-131.268,6.66638,9.11E-01,1.79E+01,1.97E+01,2.48E+01
2295,-131.268,13.3323,9.09E-01,1.85E+01,1.88E+01,2.65E+01
2296,-143.757,-73.3275,3.44E-01,5.65E+00,3.15E+01,1.06E+01
2297,-137.507,-73.3257,5.33E-01,1.14E+01,3.39E+01,6.42E+00
2298,-131.256,-73.3239,7.30E-01,1.56E+01,3.58E+01,4.88E+00
2299,-143.762,-33.3307,4.00E-01,5.56E+00,2.23E+01,2.18E+01
2300,-137.514,-33.3298,6.25E-01,1.16E+01,2.46E+01,1.69E+01
2301,-131.265,-33.329,8.66E-01,1.58E+01,2.64E+01,1.40E+01
2302,-143.763,-13.3321,4.14E-01,6.62E+00,1.86E+01,2.68E+01
2303,-137.515,-13.3317,6.48E-01,1.26E+01,2.10E+01,2.21E+01
2304,-131.267,-13.3313,9.00E-01,1.66E+01,2.27E+01,1.94E+01
2305,-137.516,-6.66569,6.52E-01,1.30E+01,1.99E+01,2.38E+01
2306,-143.763,-6.66597,4.16E-01,7.14E+00,1.75E+01,2.83E+01
2307,-131.268,-6.66546,9.06E-01,1.70E+01,2.16E+01,2.12E+01
2308,-137.514,-26.6638,6.34E-01,1.18E+01,2.33E+01,1.87E+01
2309,-137.515,-19.9978,6.42E-01,1.22E+01,2.21E+01,2.04E+01
2310,-143.762,-26.6645,4.06E-01,5.83E+00,2.10E+01,2.35E+01
2311,-143.763,-19.9984,4.10E-01,6.19E+00,1.98E+01,2.51E+01
2312,-131.266,-26.6631,8.80E-01,1.60E+01,2.51E+01,1.58E+01
2313,-131.267,-19.9973,8.91E-01,1.63E+01,2.39E+01,1.77E+01
2314,-143.76,-53.3291,3.78E-01,5.25E+00,2.66E+01,1.64E+01
2315,-137.511,-53.3277,5.88E-01,1.12E+01,2.90E+01,1.15E+01
2316,-131.261,-53.3264,8.11E-01,1.55E+01,3.08E+01,8.65E+00
2317,-137.512,-46.6617,6.02E-01,1.12E+01,2.75E+01,1.33E+01
2318,-137.513,-39.9958,6.14E-01,1.14E+01,2.60E+01,1.52E+01
2319,-143.761,-46.6629,3.86E-01,5.27E+00,2.51E+01,1.82E+01
2320,-143.761,-39.9968,3.94E-01,5.37E+00,2.37E+01,2.00E+01
2321,-131.262,-46.6606,8.32E-01,1.55E+01,2.93E+01,1.04E+01
2322,-131.264,-39.9948,8.50E-01,1.56E+01,2.78E+01,1.22E+01
2323,-137.508,-66.6597,5.53E-01,1.13E+01,3.22E+01,7.94E+00
2324,-137.51,-59.9937,5.71E-01,1.12E+01,3.06E+01,9.68E+00
2325,-143.758,-66.6613,3.57E-01,5.44E+00,2.98E+01,1.25E+01
2326,-143.759,-59.9953,3.68E-01,5.31E+00,2.82E+01,1.45E+01
2327,-131.258,-66.658,7.60E-01,1.55E+01,3.42E+01,5.67E+00
2328,-131.259,-59.9923,7.87E-01,1.55E+01,3.25E+01,7.02E+00
2329,-143.744,-112.461,2.25E-01,8.74E+00,3.88E+01,7.10E+00
2330,-137.497,-112.438,3.45E-01,1.36E+01,4.03E+01,9.87E+00
2331,-131.25,-112.458,4.67E-01,1.68E+01,4.15E+01,1.17E+01
2332,-143.764,-93.2299,2.95E-01,6.77E+00,3.63E+01,6.02E+00
2333,-137.502,-93.1988,4.54E-01,1.23E+01,3.86E+01,5.57E+00
2334,-131.24,-93.2259,6.18E-01,1.62E+01,4.04E+01,7.14E+00
2335,-137.504,-86.6176,4.83E-01,1.19E+01,3.71E+01,5.04E+00
2336,-137.505,-79.9917,5.09E-01,1.17E+01,3.55E+01,5.36E+00
2337,-143.759,-86.6331,3.14E-01,6.29E+00,3.47E+01,7.09E+00
2338,-143.756,-79.9937,3.30E-01,5.93E+00,3.31E+01,8.70E+00
2339,-131.248,-86.6292,6.59E-01,1.60E+01,3.91E+01,5.75E+00
2340,-131.254,-79.9899,6.97E-01,1.58E+01,3.76E+01,4.90E+00
2341,-137.499,-106.092,3.85E-01,1.33E+01,4.02E+01,8.24E+00
2342,-137.5,-99.6879,4.21E-01,1.28E+01,3.96E+01,6.74E+00
2343,-143.742,-106.132,2.51E-01,8.13E+00,3.85E+01,6.04E+00
2344,-143.753,-99.7253,2.74E-01,7.45E+00,3.77E+01,5.66E+00
2345,-131.255,-106.129,5.22E-01,1.66E+01,4.16E+01,1.03E+01
2346,-131.247,-99.7213,5.72E-01,1.64E+01,4.12E+01,8.72E+00
2347,-143.746,-131.243,1.31E-01,1.01E+01,3.68E+01,1.01E+01
2348,-137.494,-131.242,2.02E-01,1.34E+01,3.71E+01,1.24E+01
2349,-131.242,-131.242,2.74E-01,1.52E+01,3.79E+01,1.35E+01
2350,-137.495,-124.991,2.53E-01,1.39E+01,3.88E+01,1.22E+01
2351,-137.496,-118.721,3.01E-01,1.38E+01,3.99E+01,1.13E+01
2352,-143.747,-124.993,1.65E-01,1.00E+01,3.82E+01,9.49E+00
2353,-143.746,-118.729,1.96E-01,9.45E+00,3.88E+01,8.40E+00
2354,-131.242,-124.991,3.43E-01,1.62E+01,3.94E+01,1.35E+01
2355,-131.245,-118.727,4.07E-01,1.67E+01,4.07E+01,1.28E+01
2356,-137.494,-143.745,9.84E-02,9.05E+00,3.45E+01,9.52E+00
2357,-137.493,-137.493,1.49E-01,1.19E+01,3.54E+01,1.16E+01
2358,-143.745,-143.744,6.28E-02,7.31E+00,3.34E+01,7.98E+00
2359,-143.745,-137.494,9.56E-02,9.34E+00,3.49E+01,9.66E+00
2360,-131.243,-143.746,1.35E-01,9.75E+00,3.61E+01,9.92E+00
2361,-131.242,-137.494,2.03E-01,1.33E+01,3.69E+01,1.23E+01
2362,131.245,149.997,7.59E-02,1.93E+01,1.99E+01,3.02E+01
2363,137.495,149.996,5.63E-02,1.89E+01,1.91E+01,2.86E+01
2364,143.745,149.996,3.78E-02,1.78E+01,1.80E+01,2.59E+01
2365,149.996,149.996,2.27E-02,2.31E+01,1.04E+01,3.27E+01
2366,149.996,143.745,3.82E-02,1.77E+01,1.80E+01,2.59E+01
2367,149.996,137.495,5.71E-02,1.88E+01,1.90E+01,2.86E+01
2368,149.997,131.245,7.69E-02,1.91E+01,1.98E+01,3.01E+01
2369,149.998,124.995,9.57E-02,1.88E+01,2.02E+01,3.08E+01
2370,150,118.744,1.13E-01,1.80E+01,2.02E+01,3.08E+01
2371,150.001,112.494,1.27E-01,1.69E+01,2.00E+01,3.06E+01
2372,150.002,106.244,1.40E-01,1.56E+01,1.95E+01,3.05E+01
2373,150.003,99.9945,1.51E-01,1.42E+01,1.90E+01,3.06E+01
2374,150.004,93.328,1.61E-01,1.28E+01,1.82E+01,3.10E+01
2375,150.005,86.6616,1.69E-01,1.13E+01,1.74E+01,3.16E+01
2376,150.006,79.9952,1.77E-01,9.92E+00,1.66E+01,3.22E+01
2377,150.006,73.3289,1.83E-01,8.62E+00,1.58E+01,3.28E+01
2378,150.007,66.6626,1.88E-01,7.41E+00,1.50E+01,3.34E+01
2379,150.008,59.9962,1.93E-01,6.32E+00,1.43E+01,3.39E+01
2380,150.008,53.3299,1.97E-01,5.32E+00,1.37E+01,3.44E+01
2381,150.009,46.6636,2.01E-01,4.44E+00,1.32E+01,3.49E+01
2382,150.009,39.9972,2.04E-01,3.67E+00,1.27E+01,3.53E+01
2383,150.009,33.3309,2.06E-01,3.01E+00,1.24E+01,3.56E+01
2384,150.01,26.6645,2.09E-01,2.50E+00,1.21E+01,3.60E+01
2385,150.01,19.9982,2.10E-01,2.52E+00,1.18E+01,3.63E+01
2386,150.01,13.3319,2.12E-01,3.18E+00,1.16E+01,3.65E+01
2387,150.01,6.66551,2.12E-01,4.07E+00,1.15E+01,3.68E+01
2388,150.01,-0.000836256,2.13E-01,4.97E+00,1.14E+01,3.70E+01
2389,150.01,-6.66719,2.13E-01,5.86E+00,1.13E+01,3.71E+01
2390,150.01,-13.3335,2.12E-01,6.75E+00,1.13E+01,3.72E+01
2391,150.01,-19.9999,2.11E-01,7.64E+00,1.14E+01,3.73E+01
2392,150.01,-26.6663,2.09E-01,8.52E+00,1.15E+01,3.73E+01
2393,150.01,-33.3325,2.07E-01,9.42E+00,1.17E+01,3.73E+01
2394,150.01,-39.9989,2.05E-01,1.03E+01,1.19E+01,3.73E+01
2395,150.009,-46.6652,2.02E-01,1.13E+01,1.22E+01,3.72E+01
2396,150.009,-53.3315,1.98E-01,1.22E+01,1.25E+01,3.70E+01
2397,150.009,-59.9978,1.95E-01,1.32E+01,1.29E+01,3.69E+01
2398,150.008,-66.6642,1.90E-01,1.41E+01,1.34E+01,3.67E+01
2399,150.008,-73.3304,1.85E-01,1.51E+01,1.39E+01,3.64E+01
2400,150.007,-79.9967,1.80E-01,1.60E+01,1.44E+01,3.61E+01
2401,150.007,-86.6631,1.74E-01,1.68E+01,1.50E+01,3.57E+01
2402,150.006,-93.3294,1.67E-01,1.76E+01,1.56E+01,3.51E+01
2403,150.005,-99.9958,1.60E-01,1.81E+01,1.62E+01,3.44E+01
2404,150.005,-106.246,1.51E-01,1.85E+01,1.68E+01,3.36E+01
2405,150.004,-112.495,1.41E-01,1.85E+01,1.72E+01,3.25E+01
2406,150.003,-118.745,1.29E-01,1.81E+01,1.76E+01,3.11E+01
2407,150.002,-124.996,1.15E-01,1.72E+01,1.78E+01,2.95E+01
2408,150.001,-131.246,9.77E-02,1.56E+01,1.78E+01,2.77E+01
2409,150,-137.496,7.67E-02,1.36E+01,1.75E+01,2.61E+01
2410,149.999,-143.747,5.14E-02,1.22E+01,1.66E+01,2.59E+01
2411,149.998,-149.998,2.23E-02,7.50E+00,1.98E+01,1.58E+01
2412,143.747,-149.999,5.13E-02,1.22E+01,1.67E+01,2.59E+01
2413,137.496,-150,7.65E-02,1.35E+01,1.76E+01,2.62E+01
2414,131.246,-150.001,9.73E-02,1.56E+01,1.79E+01,2.79E+01
2415,143.764,-9.89E-05,4.19E-01,8.74E+00,1.61E+01,2.90E+01
2416,137.516,-0.000431067,6.57E-01,1.39E+01,1.92E+01,2.52E+01
2417,131.268,-0.000480115,9.12E-01,1.77E+01,2.07E+01,2.28E+01
2418,143.756,79.9938,3.35E-01,6.24E+00,3.24E+01,8.17E+00
2419,137.505,79.9918,5.14E-01,1.18E+01,3.53E+01,5.25E+00
2420,131.254,79.99,7.01E-01,1.59E+01,3.71E+01,4.89E+00
2421,143.748,118.743,2.03E-01,9.15E+00,3.77E+01,8.32E+00
2422,137.496,118.741,3.05E-01,1.36E+01,3.93E+01,1.12E+01
2423,131.244,118.74,4.10E-01,1.65E+01,4.02E+01,1.28E+01
2424,143.745,137.494,9.89E-02,8.16E+00,3.41E+01,8.69E+00
2425,137.493,137.493,1.50E-01,1.12E+01,3.50E+01,1.10E+01
2426,131.242,137.494,2.04E-01,1.29E+01,3.66E+01,1.20E+01
2427,137.494,143.745,9.85E-02,8.18E+00,3.41E+01,8.67E+00
2428,143.745,143.745,6.48E-02,5.96E+00,3.28E+01,6.81E+00
2429,131.243,143.746,1.34E-01,9.22E+00,3.59E+01,9.40E+00
2430,137.495,124.992,2.56E-01,1.35E+01,3.82E+01,1.19E+01
2431,137.494,131.242,2.04E-01,1.28E+01,3.66E+01,1.20E+01
2432,143.747,124.993,1.70E-01,9.39E+00,3.71E+01,9.20E+00
2433,143.746,131.243,1.35E-01,9.18E+00,3.58E+01,9.44E+00
2434,131.243,124.991,3.45E-01,1.60E+01,3.90E+01,1.33E+01
2435,131.242,131.242,2.75E-01,1.49E+01,3.76E+01,1.32E+01
2436,143.752,99.7863,2.81E-01,7.57E+00,3.65E+01,5.59E+00
2437,137.5,99.7842,4.26E-01,1.28E+01,3.90E+01,6.85E+00
2438,131.248,99.7824,5.76E-01,1.65E+01,4.07E+01,8.80E+00
2439,137.499,106.156,3.90E-01,1.32E+01,3.96E+01,8.38E+00
2440,137.497,112.491,3.49E-01,1.35E+01,3.97E+01,9.90E+00
2441,143.744,106.172,2.58E-01,8.13E+00,3.74E+01,6.14E+00
2442,143.75,112.493,2.32E-01,8.67E+00,3.78E+01,7.17E+00
2443,131.254,106.168,5.26E-01,1.66E+01,4.11E+01,1.04E+01
2444,131.245,112.489,4.71E-01,1.67E+01,4.09E+01,1.17E+01
2445,137.504,86.6579,4.88E-01,1.21E+01,3.67E+01,5.01E+00
2446,137.502,93.2392,4.59E-01,1.24E+01,3.80E+01,5.61E+00
2447,143.755,86.66,3.19E-01,6.60E+00,3.39E+01,6.67E+00
2448,143.76,93.2554,3.01E-01,7.05E+00,3.53E+01,5.76E+00
2449,131.252,86.6561,6.64E-01,1.61E+01,3.86E+01,5.79E+00
2450,131.243,93.2515,6.22E-01,1.63E+01,3.98E+01,7.20E+00
2451,143.761,39.9969,3.97E-01,6.05E+00,2.32E+01,1.93E+01
2452,137.513,39.9958,6.18E-01,1.17E+01,2.62E+01,1.49E+01
2453,131.264,39.9948,8.54E-01,1.59E+01,2.77E+01,1.21E+01
2454,143.759,59.9954,3.72E-01,5.75E+00,2.76E+01,1.38E+01
2455,137.51,59.9937,5.76E-01,1.14E+01,3.06E+01,9.45E+00
2456,131.259,59.9923,7.91E-01,1.57E+01,3.23E+01,6.86E+00
2457,137.508,66.6597,5.58E-01,1.15E+01,3.21E+01,7.72E+00
2458,137.507,73.3257,5.37E-01,1.16E+01,3.37E+01,6.24E+00
2459,143.758,66.6615,3.61E-01,5.82E+00,2.92E+01,1.19E+01
2460,143.757,73.3276,3.49E-01,5.99E+00,3.08E+01,9.97E+00
2461,131.258,66.6582,7.65E-01,1.57E+01,3.39E+01,5.54E+00
2462,131.256,73.3241,7.35E-01,1.58E+01,3.55E+01,4.80E+00
2463,137.512,46.6617,6.06E-01,1.15E+01,2.76E+01,1.31E+01
2464,137.511,53.3277,5.92E-01,1.14E+01,2.90E+01,1.13E+01
2465,143.761,46.6631,3.89E-01,5.87E+00,2.46E+01,1.75E+01
2466,143.76,53.3292,3.81E-01,5.76E+00,2.60E+01,1.57E+01
2467,131.262,46.6607,8.36E-01,1.58E+01,2.92E+01,1.03E+01
2468,131.261,53.3265,8.15E-01,1.57E+01,3.07E+01,8.49E+00
2469,143.763,19.9985,4.12E-01,7.08E+00,1.93E+01,2.43E+01
2470,137.515,19.9977,6.45E-01,1.25E+01,2.24E+01,2.02E+01
2471,131.267,19.9973,8.94E-01,1.66E+01,2.39E+01,1.75E+01
2472,137.514,26.6637,6.37E-01,1.22E+01,2.36E+01,1.85E+01
2473,137.514,33.3298,6.29E-01,1.19E+01,2.48E+01,1.67E+01
2474,143.763,26.6646,4.08E-01,6.67E+00,2.05E+01,2.27E+01
2475,143.762,33.3308,4.03E-01,6.32E+00,2.18E+01,2.10E+01
2476,131.266,26.6631,8.83E-01,1.63E+01,2.51E+01,1.57E+01
2477,131.265,33.329,8.70E-01,1.61E+01,2.63E+01,1.39E+01
2478,137.516,6.66563,6.54E-01,1.34E+01,2.02E+01,2.36E+01
2479,137.515,13.3317,6.50E-01,1.29E+01,2.13E+01,2.19E+01
2480,143.763,6.6661,4.17E-01,8.12E+00,1.71E+01,2.75E+01
2481,143.763,13.3323,4.15E-01,7.57E+00,1.82E+01,2.59E+01
2482,131.268,6.66545,9.08E-01,1.73E+01,2.17E+01,2.11E+01
2483,131.267,13.3314,9.02E-01,1.69E+01,2.27E+01,1.93E+01
2484,143.759,-73.3281,3.65E-01,2.13E+01,7.76E+00,4.41E+01
2485,137.509,-73.3268,5.67E-01,2.55E+01,1.08E+01,4.20E+01
2486,131.259,-73.3254,7.78E-01,2.85E+01,1.25E+01,4.12E+01
2487,143.763,-33.3311,4.09E-01,1.30E+01,1.17E+01,3.63E+01
2488,137.515,-33.3307,6.42E-01,1.77E+01,1.49E+01,3.32E+01
2489,131.266,-33.3301,8.89E-01,2.10E+01,1.64E+01,3.15E+01
2490,143.764,-13.3325,4.18E-01,1.02E+01,1.42E+01,3.20E+01
2491,137.516,-13.3325,6.56E-01,1.52E+01,1.73E+01,2.85E+01
2492,131.268,-13.3323,9.11E-01,1.88E+01,1.89E+01,2.64E+01
2493,137.516,-6.66647,6.57E-01,1.45E+01,1.82E+01,2.69E+01
2494,143.764,-6.66628,4.19E-01,9.44E+00,1.51E+01,3.05E+01
2495,131.268,-6.6664,9.13E-01,1.82E+01,1.97E+01,2.46E+01
2496,137.515,-26.6646,6.48E-01,1.68E+01,1.57E+01,3.17E+01
2497,137.516,-19.9986,6.53E-01,1.59E+01,1.65E+01,3.01E+01
2498,143.763,-26.6648,4.13E-01,1.20E+01,1.25E+01,3.49E+01
2499,143.763,-19.9987,4.16E-01,1.11E+01,1.33E+01,3.35E+01
2500,131.267,-26.6642,8.99E-01,2.02E+01,1.72E+01,2.98E+01
2501,131.268,-19.9983,9.06E-01,1.94E+01,1.80E+01,2.81E+01
2502,143.761,-53.3296,3.92E-01,1.68E+01,9.53E+00,4.03E+01
2503,137.513,-53.3288,6.12E-01,2.12E+01,1.27E+01,3.77E+01
2504,131.263,-53.3278,8.45E-01,2.43E+01,1.43E+01,3.65E+01
2505,137.513,-46.6627,6.23E-01,1.99E+01,1.34E+01,3.62E+01
2506,137.514,-39.9968,6.33E-01,1.87E+01,1.41E+01,3.47E+01
2507,143.762,-46.6634,3.98E-01,1.54E+01,1.02E+01,3.90E+01
2508,143.762,-39.9973,4.04E-01,1.42E+01,1.09E+01,3.76E+01
2509,131.265,-46.6619,8.62E-01,2.31E+01,1.50E+01,3.49E+01
2510,131.266,-39.996,8.77E-01,2.20E+01,1.57E+01,3.32E+01
2511,137.511,-66.6608,5.84E-01,2.40E+01,1.14E+01,4.06E+01
2512,137.512,-59.9948,5.99E-01,2.25E+01,1.20E+01,3.92E+01
2513,143.76,-66.6619,3.75E-01,1.97E+01,8.30E+00,4.28E+01
2514,143.761,-59.9958,3.84E-01,1.82E+01,8.89E+00,4.16E+01
2515,131.26,-66.6595,8.03E-01,2.70E+01,1.31E+01,3.97E+01
2516,131.262,-59.9937,8.25E-01,2.56E+01,1.37E+01,3.81E+01
2517,143.748,-112.462,2.75E-01,2.90E+01,6.31E+00,4.90E+01
2518,137.501,-112.44,4.16E-01,3.14E+01,9.03E+00,4.75E+01
2519,131.254,-112.46,5.53E-01,3.29E+01,1.05E+01,4.69E+01
2520,143.767,-93.2305,3.28E-01,2.61E+01,6.61E+00,4.74E+01
2521,137.505,-93.2,5.05E-01,2.97E+01,9.55E+00,4.57E+01
2522,131.243,-93.2275,6.84E-01,3.22E+01,1.12E+01,4.53E+01
2523,137.507,-86.6188,5.28E-01,2.84E+01,9.90E+00,4.46E+01
2524,137.508,-79.9929,5.49E-01,2.70E+01,1.03E+01,4.33E+01
2525,143.761,-86.6338,3.42E-01,2.46E+01,6.91E+00,4.64E+01
2526,143.758,-79.9943,3.54E-01,2.30E+01,7.30E+00,4.53E+01
2527,131.252,-86.6308,7.19E-01,3.12E+01,1.16E+01,4.41E+01
2528,131.257,-79.9915,7.50E-01,2.99E+01,1.20E+01,4.27E+01
2529,137.502,-106.094,4.50E-01,3.12E+01,9.11E+00,4.72E+01
2530,137.504,-99.6891,4.79E-01,3.06E+01,9.29E+00,4.66E+01
2531,143.745,-106.133,2.95E-01,2.84E+01,6.31E+00,4.88E+01
2532,143.756,-99.7259,3.13E-01,2.74E+01,6.41E+00,4.82E+01
2533,131.259,-106.13,6.02E-01,3.32E+01,1.07E+01,4.67E+01
2534,131.251,-99.723,6.45E-01,3.29E+01,1.09E+01,4.62E+01
2535,143.749,-131.244,1.91E-01,2.73E+01,7.13E+00,4.74E+01
2536,137.497,-131.244,2.81E-01,2.80E+01,9.07E+00,4.63E+01
2537,131.245,-131.245,3.62E-01,2.92E+01,9.77E+00,4.59E+01
2538,137.498,-124.993,3.33E-01,2.97E+01,9.09E+00,4.70E+01
2539,137.499,-118.722,3.78E-01,3.09E+01,9.04E+00,4.74E+01
2540,143.751,-124.994,2.24E-01,2.86E+01,6.73E+00,4.84E+01
2541,143.75,-118.73,2.51E-01,2.91E+01,6.45E+00,4.89E+01
2542,131.246,-124.993,4.34E-01,3.07E+01,1.02E+01,4.62E+01
2543,131.249,-118.729,4.98E-01,3.20E+01,1.04E+01,4.67E+01
2544,137.495,-143.748,1.51E-01,2.52E+01,7.51E+00,4.65E+01
2545,137.496,-137.496,2.20E-01,2.61E+01,8.78E+00,4.59E+01
2546,143.747,-143.747,1.05E-01,2.28E+01,7.32E+00,4.60E+01
2547,143.748,-137.495,1.51E-01,2.52E+01,7.51E+00,4.64E+01
2548,131.244,-143.749,1.90E-01,2.74E+01,7.12E+00,4.75E+01
2549,131.244,-137.497,2.81E-01,2.81E+01,9.04E+00,4.63E+01
2550,-149.998,-156.248,6.39E-03,1.62E+01,1.76E+01,2.50E+01
2551,-150,-162.5,0.00E+00,1.52E+01,1.80E+01,2.66E+01
2552,-143.75,-162.5,0.00E+00,2.73E+01,3.32E+00,5.31E+01
2553,-137.5,-162.5,0.00E+00,2.50E+01,4.40E+00,5.83E+01
2554,-131.25,-162.5,0.00E+00,2.21E+01,5.44E+00,6.23E+01
2555,-125,-162.5,0.00E+00,1.90E+01,6.40E+00,6.53E+01
2556,-118.75,-162.5,0.00E+00,1.58E+01,7.20E+00,6.75E+01
2557,-112.5,-162.5,0.00E+00,1.32E+01,7.70E+00,6.93E+01
2558,-106.25,-162.5,0.00E+00,1.13E+01,7.71E+00,6.98E+01
2559,-100,-162.5,0.00E+00,9.02E+00,7.58E+00,6.91E+01
2560,-93.3333,-162.5,0.00E+00,5.76E+00,7.88E+00,6.91E+01
2561,-86.6667,-162.5,0.00E+00,3.16E+00,8.03E+00,6.94E+01
2562,-80,-162.5,0.00E+00,2.95E+00,7.49E+00,6.90E+01
2563,-73.3333,-162.5,0.00E+00,4.53E+00,6.68E+00,6.83E+01
2564,-66.6667,-162.5,0.00E+00,6.57E+00,5.92E+00,6.76E+01
2565,-60,-162.5,0.00E+00,8.59E+00,5.18E+00,6.68E+01
2566,-53.3333,-162.5,0.00E+00,1.05E+01,4.41E+00,6.60E+01
2567,-46.6667,-162.5,0.00E+00,1.23E+01,3.62E+00,6.52E+01
2568,-40,-162.5,0.00E+00,1.40E+01,2.80E+00,6.43E+01
2569,-33.3333,-162.5,0.00E+00,1.56E+01,1.97E+00,6.35E+01
2570,-26.6667,-162.5,0.00E+00,1.70E+01,1.21E+00,6.26E+01
2571,-20,-162.5,0.00E+00,1.84E+01,8.70E-01,6.16E+01
2572,-13.3333,-162.5,0.00E+00,1.96E+01,1.26E+00,6.06E+01
2573,-6.66667,-162.5,0.00E+00,2.07E+01,2.12E+00,5.96E+01
2574,0,-162.5,0.00E+00,2.17E+01,3.12E+00,5.85E+01
2575,6.66667,-162.5,0.00E+00,2.26E+01,4.19E+00,5.73E+01
2576,13.3333,-162.5,0.00E+00,2.34E+01,5.31E+00,5.60E+01
2577,20,-162.5,0.00E+00,2.40E+01,6.49E+00,5.47E+01
2578,26.6667,-162.5,0.00E+00,2.46E+01,7.72E+00,5.33E+01
2579,33.3333,-162.5,0.00E+00,2.51E+01,9.02E+00,5.19E+01
2580,40,-162.5,0.00E+00,2.55E+01,1.04E+01,5.03E+01
2581,46.6667,-162.5,0.00E+00,2.58E+01,1.18E+01,4.87E+01
2582,53.3333,-162.5,0.00E+00,2.60E+01,1.33E+01,4.70E+01
2583,60,-162.5,0.00E+00,2.61E+01,1.48E+01,4.53E+01
2584,66.6667,-162.5,0.00E+00,2.61E+01,1.65E+01,4.34E+01
2585,73.3333,-162.5,0.00E+00,2.61E+01,1.81E+01,4.14E+01
2586,80,-162.5,0.00E+00,2.59E+01,1.99E+01,3.93E+01
2587,86.6667,-162.5,0.00E+00,2.55E+01,2.17E+01,3.69E+01
2588,93.3333,-162.5,0.00E+00,2.48E+01,2.36E+01,3.49E+01
2589,100,-162.5,0.00E+00,2.41E+01,2.55E+01,3.28E+01
2590,106.25,-162.5,0.00E+00,2.29E+01,2.71E+01,2.96E+01
2591,112.5,-162.5,0.00E+00,2.13E+01,2.84E+01,2.60E+01
2592,118.75,-162.5,0.00E+00,1.91E+01,2.96E+01,2.25E+01
2593,125,-162.5,0.00E+00,1.63E+01,3.07E+01,1.84E+01
2594,131.25,-162.5,0.00E+00,1.25E+01,3.14E+01,1.37E+01
2595,137.5,-162.5,0.00E+00,7.79E+00,3.19E+01,8.61E+00
2596,143.75,-162.5,0.00E+00,3.61E+00,3.17E+01,4.82E+00
2597,150,-162.5,0.00E+00,2.05E+00,3.10E+01,3.18E+00
2598,149.998,-156.248,3.34E-03,2.49E+00,2.74E+01,4.12E+00
2599,0.000359803,-156.256,6.09E-02,1.31E+01,6.14E+00,5.06E+01
2600,-79.9974,-156.255,5.32E-02,9.78E+00,5.11E+00,6.12E+01
2601,-118.747,-156.252,3.68E-02,2.27E+01,5.46E+00,6.11E+01
2602,-137.497,-156.25,2.06E-02,2.85E+01,4.43E+00,5.41E+01
2603,-143.747,-156.249,1.43E-02,2.96E+01,3.79E+00,4.94E+01
2604,-131.247,-156.25,2.66E-02,2.70E+01,4.87E+00,5.73E+01
2605,-124.997,-156.251,3.21E-02,2.50E+01,5.20E+00,5.96E+01
2606,-99.7904,-156.254,4.77E-02,1.64E+01,5.19E+00,6.19E+01
2607,-112.497,-156.252,4.10E-02,2.05E+01,5.56E+00,6.21E+01
2608,-106.191,-156.253,4.46E-02,1.86E+01,5.39E+00,6.24E+01
2609,-93.2734,-156.254,5.01E-02,1.37E+01,5.31E+00,6.16E+01
2610,-86.6638,-156.254,5.18E-02,1.11E+01,5.39E+00,6.15E+01
2611,-39.9986,-156.256,5.91E-02,8.96E+00,3.67E+00,5.65E+01
2612,-59.998,-156.255,5.67E-02,9.10E+00,4.15E+00,5.90E+01
2613,-73.3309,-156.255,5.45E-02,9.33E+00,4.70E+00,6.06E+01
2614,-66.6645,-156.255,5.57E-02,9.17E+00,4.39E+00,5.98E+01
2615,-53.3315,-156.256,5.76E-02,9.04E+00,3.95E+00,5.82E+01
2616,-46.6651,-156.256,5.84E-02,9.00E+00,3.79E+00,5.73E+01
2617,-19.9991,-156.256,6.05E-02,9.74E+00,3.75E+00,5.37E+01
2618,-33.3321,-156.256,5.97E-02,8.94E+00,3.58E+00,5.56E+01
2619,-26.6656,-156.256,6.01E-02,9.06E+00,3.55E+00,5.47E+01
2620,-13.3326,-156.256,6.07E-02,1.09E+01,4.35E+00,5.28E+01
2621,-6.66613,-156.256,6.09E-02,1.20E+01,5.20E+00,5.17E+01
2622,73.3317,-156.255,5.27E-02,1.86E+01,2.04E+01,3.46E+01
2623,33.3328,-156.256,5.90E-02,1.69E+01,1.17E+01,4.43E+01
2624,13.3334,-156.256,6.05E-02,1.49E+01,8.19E+00,4.83E+01
2625,6.66686,-156.256,6.08E-02,1.40E+01,7.14E+00,4.95E+01
2626,19.9999,-156.256,6.01E-02,1.57E+01,9.30E+00,4.71E+01
2627,26.6664,-156.256,5.96E-02,1.63E+01,1.05E+01,4.57E+01
2628,53.3323,-156.255,5.64E-02,1.81E+01,1.58E+01,3.98E+01
2629,39.9993,-156.256,5.82E-02,1.74E+01,1.30E+01,4.29E+01
2630,46.6658,-156.256,5.73E-02,1.78E+01,1.43E+01,4.14E+01
2631,59.9988,-156.255,5.53E-02,1.84E+01,1.72E+01,3.82E+01
2632,66.6653,-156.255,5.40E-02,1.86E+01,1.88E+01,3.64E+01
2633,112.497,-156.253,3.95E-02,1.53E+01,2.94E+01,2.08E+01
2634,93.2743,-156.254,4.73E-02,1.81E+01,2.53E+01,2.84E+01
2635,79.9982,-156.255,5.11E-02,1.86E+01,2.20E+01,3.26E+01
2636,86.6647,-156.254,4.93E-02,1.84E+01,2.37E+01,3.05E+01
2637,99.7913,-156.253,4.51E-02,1.75E+01,2.69E+01,2.62E+01
2638,106.191,-156.253,4.25E-02,1.66E+01,2.83E+01,2.37E+01
2639,131.247,-156.251,2.63E-02,8.37E+00,3.08E+01,1.06E+01
2640,118.747,-156.252,3.60E-02,1.36E+01,3.02E+01,1.77E+01
2641,124.997,-156.251,3.17E-02,1.14E+01,3.08E+01,1.43E+01
2642,137.498,-156.25,1.98E-02,4.85E+00,3.03E+01,7.03E+00
2643,143.748,-156.249,1.18E-02,3.19E+00,2.91E+01,5.25E+00
2644,149.997,156.248,8.46E-03,2.89E+01,3.02E+00,4.38E+01
2645,150,162.5,0.00E+00,2.85E+01,2.83E+00,4.63E+01
2646,143.75,162.5,0.00E+00,2.74E+01,3.53E+00,5.28E+01
2647,137.5,162.5,0.00E+00,2.52E+01,4.32E+00,5.82E+01
2648,131.25,162.5,0.00E+00,2.24E+01,5.26E+00,6.25E+01
2649,125,162.5,0.00E+00,1.93E+01,6.19E+00,6.56E+01
2650,118.75,162.5,0.00E+00,1.62E+01,6.96E+00,6.80E+01
2651,112.5,162.5,0.00E+00,1.37E+01,7.44E+00,7.00E+01
2652,106.25,162.5,0.00E+00,1.18E+01,7.41E+00,7.06E+01
2653,100,162.5,0.00E+00,9.59E+00,7.25E+00,7.00E+01
2654,93.3333,162.5,0.00E+00,6.32E+00,7.55E+00,7.01E+01
2655,86.6667,162.5,0.00E+00,3.45E+00,7.72E+00,7.04E+01
2656,80,162.5,0.00E+00,2.75E+00,7.18E+00,7.00E+01
2657,73.3333,162.5,0.00E+00,4.03E+00,6.38E+00,6.93E+01
2658,66.6667,162.5,0.00E+00,6.01E+00,5.64E+00,6.85E+01
2659,60,162.5,0.00E+00,8.04E+00,4.92E+00,6.77E+01
2660,53.3333,162.5,0.00E+00,9.99E+00,4.17E+00,6.69E+01
2661,46.6667,162.5,0.00E+00,1.18E+01,3.41E+00,6.60E+01
2662,40,162.5,0.00E+00,1.35E+01,2.63E+00,6.50E+01
2663,33.3333,162.5,0.00E+00,1.51E+01,1.85E+00,6.41E+01
2664,26.6667,162.5,0.00E+00,1.66E+01,1.16E+00,6.31E+01
2665,20,162.5,0.00E+00,1.80E+01,9.00E-01,6.20E+01
2666,13.3333,162.5,0.00E+00,1.93E+01,1.32E+00,6.10E+01
2667,6.66667,162.5,0.00E+00,2.04E+01,2.14E+00,5.98E+01
2668,0,162.5,0.00E+00,2.14E+01,3.10E+00,5.86E+01
2669,-6.66667,162.5,0.00E+00,2.24E+01,4.12E+00,5.74E+01
2670,-13.3333,162.5,0.00E+00,2.32E+01,5.20E+00,5.60E+01
2671,-20,162.5,0.00E+00,2.39E+01,6.33E+00,5.46E+01
2672,-26.6667,162.5,0.00E+00,2.45E+01,7.51E+00,5.32E+01
2673,-33.3333,162.5,0.00E+00,2.50E+01,8.76E+00,5.17E+01
2674,-40,162.5,0.00E+00,2.55E+01,1.01E+01,5.01E+01
2675,-46.6667,162.5,0.00E+00,2.58E+01,1.14E+01,4.84E+01
2676,-53.3333,162.5,0.00E+00,2.60E+01,1.29E+01,4.67E+01
2677,-60,162.5,0.00E+00,2.62E+01,1.44E+01,4.49E+01
2678,-66.6667,162.5,0.00E+00,2.63E+01,1.60E+01,4.30E+01
2679,-73.3333,162.5,0.00E+00,2.62E+01,1.76E+01,4.10E+01
2680,-80,162.5,0.00E+00,2.60E+01,1.93E+01,3.88E+01
2681,-86.6667,162.5,0.00E+00,2.56E+01,2.11E+01,3.65E+01
2682,-93.3333,162.5,0.00E+00,2.50E+01,2.30E+01,3.45E+01
2683,-100,162.5,0.00E+00,2.42E+01,2.49E+01,3.23E+01
2684,-106.25,162.5,0.00E+00,2.30E+01,2.65E+01,2.92E+01
2685,-112.5,162.5,0.00E+00,2.14E+01,2.79E+01,2.57E+01
2686,-118.75,162.5,0.00E+00,1.92E+01,2.91E+01,2.22E+01
2687,-125,162.5,0.00E+00,1.64E+01,3.03E+01,1.83E+01
2688,-131.25,162.5,0.00E+00,1.28E+01,3.12E+01,1.39E+01
2689,-137.5,162.5,0.00E+00,8.83E+00,3.17E+01,9.50E+00
2690,-143.75,162.5,0.00E+00,5.69E+00,3.17E+01,6.16E+00
2691,-150,162.5,0.00E+00,1.55E+01,1.69E+01,2.17E+01
2692,-149.998,156.248,7.84E-03,1.21E+01,1.56E+01,2.30E+01
2693,-0.000389951,156.256,6.09E-02,1.28E+01,6.09E+00,5.08E+01
2694,79.9974,156.255,5.36E-02,1.01E+01,5.07E+00,6.22E+01
2695,118.747,156.252,3.68E-02,2.30E+01,5.43E+00,6.17E+01
2696,137.497,156.249,2.01E-02,2.84E+01,4.26E+00,5.42E+01
2697,143.747,156.249,1.39E-02,2.92E+01,3.60E+00,4.95E+01
2698,131.247,156.25,2.63E-02,2.70E+01,4.78E+00,5.76E+01
2699,124.997,156.251,3.19E-02,2.52E+01,5.16E+00,6.00E+01
2700,99.7904,156.253,4.80E-02,1.70E+01,5.09E+00,6.28E+01
2701,112.497,156.252,4.11E-02,2.09E+01,5.54E+00,6.28E+01
2702,106.19,156.253,4.48E-02,1.91E+01,5.33E+00,6.32E+01
2703,93.2733,156.254,5.04E-02,1.43E+01,5.21E+00,6.25E+01
2704,86.6638,156.254,5.21E-02,1.16E+01,5.32E+00,6.24E+01
2705,39.9986,156.256,5.94E-02,9.06E+00,3.69E+00,5.71E+01
2706,59.998,156.255,5.71E-02,9.21E+00,4.16E+00,5.99E+01
2707,73.3309,156.255,5.49E-02,9.47E+00,4.69E+00,6.15E+01
2708,66.6645,156.255,5.60E-02,9.29E+00,4.39E+00,6.07E+01
2709,53.3315,156.256,5.80E-02,9.15E+00,3.97E+00,5.90E+01
2710,46.665,156.256,5.87E-02,9.11E+00,3.82E+00,5.81E+01
2711,19.9991,156.256,6.06E-02,9.48E+00,3.80E+00,5.41E+01
2712,33.3321,156.256,5.99E-02,9.03E+00,3.60E+00,5.62E+01
2713,26.6656,156.256,6.03E-02,9.04E+00,3.58E+00,5.52E+01
2714,13.3326,156.256,6.08E-02,1.05E+01,4.39E+00,5.31E+01
2715,6.66611,156.256,6.09E-02,1.17E+01,5.19E+00,5.20E+01
2716,-73.3317,156.255,5.24E-02,1.88E+01,1.98E+01,3.42E+01
2717,-33.3328,156.256,5.88E-02,1.68E+01,1.14E+01,4.42E+01
2718,-13.3333,156.256,6.04E-02,1.47E+01,8.04E+00,4.83E+01
2719,-6.66688,156.256,6.07E-02,1.38E+01,7.04E+00,4.96E+01
2720,-19.9999,156.256,6.00E-02,1.55E+01,9.10E+00,4.70E+01
2721,-26.6664,156.256,5.95E-02,1.62E+01,1.02E+01,4.56E+01
2722,-53.3323,156.256,5.61E-02,1.82E+01,1.53E+01,3.95E+01
2723,-39.9994,156.256,5.80E-02,1.74E+01,1.26E+01,4.27E+01
2724,-46.6659,156.256,5.71E-02,1.78E+01,1.39E+01,4.11E+01
2725,-59.9988,156.255,5.50E-02,1.85E+01,1.67E+01,3.78E+01
2726,-66.6653,156.255,5.38E-02,1.87E+01,1.82E+01,3.61E+01
2727,-112.497,156.253,3.93E-02,1.55E+01,2.89E+01,2.05E+01
2728,-93.2744,156.254,4.70E-02,1.83E+01,2.46E+01,2.80E+01
2729,-79.9983,156.255,5.08E-02,1.88E+01,2.14E+01,3.22E+01
2730,-86.6648,156.254,4.91E-02,1.86E+01,2.30E+01,3.01E+01
2731,-99.7913,156.253,4.48E-02,1.77E+01,2.63E+01,2.59E+01
2732,-106.192,156.253,4.22E-02,1.68E+01,2.77E+01,2.33E+01
2733,-131.247,156.251,2.63E-02,8.64E+00,3.07E+01,1.07E+01
2734,-118.747,156.252,3.58E-02,1.38E+01,2.98E+01,1.74E+01
2735,-124.997,156.251,3.15E-02,1.15E+01,3.05E+01,1.41E+01
2736,-137.498,156.25,2.01E-02,5.52E+00,3.04E+01,7.48E+00
2737,-143.748,156.249,1.31E-02,3.45E+00,2.93E+01,5.34E+00
2738,-156.25,162.5,0.00E+00,2.33E+01,1.89E+00,3.44E+01
2739,-162.5,162.5,0.00E+00,2.01E+01,1.54E+00,3.03E+01
2740,-162.5,156.25,0.00E+00,2.05E+01,1.83E+00,3.72E+01
2741,-162.5,150,0.00E+00,1.97E+01,2.46E+00,4.81E+01
2742,-162.5,143.75,0.00E+00,1.77E+01,3.68E+00,5.52E+01
2743,-162.5,137.5,0.00E+00,1.57E+01,5.32E+00,6.03E+01
2744,-162.5,131.25,0.00E+00,1.35E+01,6.56E+00,6.39E+01
2745,-162.5,125,0.00E+00,1.13E+01,7.30E+00,6.63E+01
2746,-162.5,118.75,0.00E+00,9.10E+00,7.68E+00,6.81E+01
2747,-162.5,112.5,0.00E+00,7.02E+00,7.72E+00,6.89E+01
2748,-162.5,106.25,0.00E+00,5.23E+00,7.60E+00,6.97E+01
2749,-162.5,100,0.00E+00,3.87E+00,7.24E+00,6.91E+01
2750,-162.5,93.3333,0.00E+00,2.96E+00,6.94E+00,6.83E+01
2751,-162.5,86.6667,0.00E+00,3.63E+00,6.82E+00,6.87E+01
2752,-162.5,80,0.00E+00,5.64E+00,6.24E+00,6.83E+01
2753,-162.5,73.3333,0.00E+00,7.67E+00,5.40E+00,6.76E+01
2754,-162.5,66.6667,0.00E+00,9.67E+00,4.63E+00,6.69E+01
2755,-162.5,60,0.00E+00,1.16E+01,3.90E+00,6.62E+01
2756,-162.5,53.3333,0.00E+00,1.34E+01,3.16E+00,6.54E+01
2757,-162.5,46.6667,0.00E+00,1.51E+01,2.41E+00,6.46E+01
2758,-162.5,40,0.00E+00,1.67E+01,1.66E+00,6.38E+01
2759,-162.5,33.3333,0.00E+00,1.81E+01,1.01E+00,6.29E+01
2760,-162.5,26.6667,0.00E+00,1.94E+01,8.60E-01,6.20E+01
2761,-162.5,20,0.00E+00,2.07E+01,1.38E+00,6.09E+01
2762,-162.5,13.3333,0.00E+00,2.18E+01,2.25E+00,5.99E+01
2763,-162.5,6.66667,0.00E+00,2.27E+01,3.24E+00,5.87E+01
2764,-162.5,-5.33E-14,0.00E+00,2.36E+01,4.29E+00,5.75E+01
2765,-162.5,-6.66667,0.00E+00,2.44E+01,5.41E+00,5.62E+01
2766,-162.5,-13.3333,0.00E+00,2.51E+01,6.58E+00,5.49E+01
2767,-162.5,-20,0.00E+00,2.57E+01,7.82E+00,5.35E+01
2768,-162.5,-26.6667,0.00E+00,2.62E+01,9.12E+00,5.20E+01
2769,-162.5,-33.3333,0.00E+00,2.66E+01,1.05E+01,5.04E+01
2770,-162.5,-40,0.00E+00,2.69E+01,1.19E+01,4.88E+01
2771,-162.5,-46.6667,0.00E+00,2.71E+01,1.35E+01,4.70E+01
2772,-162.5,-53.3333,0.00E+00,2.72E+01,1.51E+01,4.52E+01
2773,-162.5,-60,0.00E+00,2.72E+01,1.68E+01,4.32E+01
2774,-162.5,-66.6667,0.00E+00,2.70E+01,1.86E+01,4.11E+01
2775,-162.5,-73.3333,0.00E+00,2.66E+01,2.05E+01,3.87E+01
2776,-162.5,-80,0.00E+00,2.60E+01,2.25E+01,3.62E+01
2777,-162.5,-86.6667,0.00E+00,2.52E+01,2.46E+01,3.33E+01
2778,-162.5,-93.3333,0.00E+00,2.37E+01,2.69E+01,3.07E+01
2779,-162.5,-100,0.00E+00,2.20E+01,2.94E+01,2.92E+01
2780,-162.5,-106.25,0.00E+00,2.02E+01,3.17E+01,2.55E+01
2781,-162.5,-112.5,0.00E+00,1.79E+01,3.31E+01,2.05E+01
2782,-162.5,-118.75,0.00E+00,1.50E+01,3.43E+01,1.68E+01
2783,-162.5,-125,0.00E+00,1.18E+01,3.59E+01,1.30E+01
2784,-162.5,-131.25,0.00E+00,8.67E+00,3.70E+01,9.38E+00
2785,-162.5,-137.5,0.00E+00,5.95E+00,3.76E+01,6.51E+00
2786,-162.5,-143.75,0.00E+00,3.95E+00,3.73E+01,4.53E+00
2787,-162.5,-150,0.00E+00,2.73E+00,3.57E+01,3.40E+00
2788,-162.5,-156.25,0.00E+00,2.05E+00,3.11E+01,2.47E+00
2789,-162.5,-162.5,0.00E+00,1.74E+00,2.76E+01,1.90E+00
2790,-156.25,-162.5,0.00E+00,1.96E+00,3.04E+01,2.56E+00
2791,-156.256,-0.000168524,6.18E-02,1.52E+01,7.73E+00,4.98E+01
2792,-156.255,86.6642,5.38E-02,7.92E+00,4.65E+00,6.21E+01
2793,-156.252,124.997,3.88E-02,1.63E+01,5.03E+00,6.14E+01
2794,-156.25,143.748,2.15E-02,1.87E+01,4.40E+00,5.28E+01
2795,-156.248,156.249,2.90E-03,2.09E+01,2.26E+00,3.93E+01
2796,-156.249,149.998,1.17E-02,1.85E+01,3.47E+00,4.74E+01
2797,-156.251,137.497,2.89E-02,1.85E+01,4.60E+00,5.66E+01
2798,-156.252,131.247,3.45E-02,1.76E+01,4.82E+00,5.94E+01
2799,-156.254,106.191,4.81E-02,1.14E+01,5.08E+00,6.35E+01
2800,-156.253,118.747,4.24E-02,1.48E+01,5.18E+00,6.26E+01
2801,-156.253,112.497,4.54E-02,1.31E+01,5.18E+00,6.33E+01
2802,-156.254,99.7908,5.05E-02,9.86E+00,4.84E+00,6.31E+01
2803,-156.255,93.2738,5.25E-02,8.55E+00,4.67E+00,6.24E+01
2804,-156.256,46.6653,5.98E-02,8.21E+00,3.75E+00,5.76E+01
2805,-156.256,66.6648,5.71E-02,7.94E+00,3.95E+00,6.02E+01
2806,-156.255,79.9977,5.49E-02,7.91E+00,4.42E+00,6.17E+01
2807,-156.255,73.3313,5.60E-02,7.90E+00,4.13E+00,6.10E+01
2808,-156.256,59.9983,5.81E-02,8.00E+00,3.85E+00,5.94E+01
2809,-156.256,53.3318,5.90E-02,8.08E+00,3.79E+00,5.85E+01
2810,-156.256,26.6658,6.14E-02,1.12E+01,4.14E+00,5.46E+01
2811,-156.256,39.9988,6.04E-02,8.80E+00,3.74E+00,5.66E+01
2812,-156.256,33.3323,6.10E-02,9.93E+00,3.80E+00,5.56E+01
2813,-156.257,13.3328,6.19E-02,1.34E+01,5.72E+00,5.23E+01
2814,-156.256,19.9993,6.17E-02,1.23E+01,4.83E+00,5.35E+01
2815,-156.257,6.66633,6.19E-02,1.43E+01,6.69E+00,5.11E+01
2816,-156.254,-79.998,5.03E-02,1.77E+01,2.54E+01,2.85E+01
2817,-156.256,-39.9991,5.87E-02,1.84E+01,1.52E+01,4.09E+01
2818,-156.256,-19.9997,6.08E-02,1.72E+01,1.12E+01,4.57E+01
2819,-156.256,-6.66666,6.16E-02,1.59E+01,8.82E+00,4.85E+01
2820,-156.256,-13.3331,6.13E-02,1.66E+01,9.97E+00,4.71E+01
2821,-156.256,-26.6662,6.02E-02,1.77E+01,1.25E+01,4.42E+01
2822,-156.256,-33.3326,5.95E-02,1.81E+01,1.38E+01,4.26E+01
2823,-156.255,-59.9986,5.54E-02,1.87E+01,1.99E+01,3.53E+01
2824,-156.256,-46.6657,5.78E-02,1.86E+01,1.67E+01,3.92E+01
2825,-156.255,-53.3321,5.67E-02,1.87E+01,1.83E+01,3.73E+01
2826,-156.255,-66.6651,5.40E-02,1.85E+01,2.17E+01,3.32E+01
2827,-156.255,-73.3315,5.23E-02,1.82E+01,2.35E+01,3.10E+01
2828,-156.251,-118.747,3.02E-02,8.95E+00,3.55E+01,1.15E+01
2829,-156.253,-99.791,4.20E-02,1.47E+01,3.12E+01,2.08E+01
2830,-156.254,-86.6645,4.80E-02,1.70E+01,2.73E+01,2.58E+01
2831,-156.253,-93.2741,4.53E-02,1.60E+01,2.92E+01,2.31E+01
2832,-156.252,-106.191,3.85E-02,1.31E+01,3.31E+01,1.79E+01
2833,-156.252,-112.497,3.46E-02,1.11E+01,3.43E+01,1.45E+01
2834,-156.249,-137.497,1.36E-02,4.32E+00,3.68E+01,5.66E+00
2835,-156.25,-124.997,2.51E-02,7.00E+00,3.65E+01,9.05E+00
2836,-156.249,-131.247,1.94E-02,5.49E+00,3.69E+01,7.13E+00
2837,-156.248,-149.997,4.22E-03,2.57E+00,3.39E+01,3.51E+00
2838,-156.248,-143.747,8.39E-03,3.20E+00,3.60E+01,4.37E+00
2839,-156.248,-156.248,7.66E-04,2.24E+00,3.15E+01,2.93E+00
2840,156.25,162.5,0.00E+00,2.61E+01,2.09E+00,3.74E+01
2841,162.5,162.5,0.00E+00,2.37E+01,1.71E+00,3.20E+01
2842,162.5,156.25,0.00E+00,2.61E+01,2.09E+00,3.74E+01
2843,162.5,150,0.00E+00,2.84E+01,2.79E+00,4.63E+01
2844,162.5,143.75,0.00E+00,2.73E+01,3.45E+00,5.26E+01
2845,162.5,137.5,0.00E+00,2.50E+01,4.24E+00,5.78E+01
2846,162.5,131.25,0.00E+00,2.23E+01,5.20E+00,6.19E+01
2847,162.5,125,0.00E+00,1.94E+01,6.16E+00,6.50E+01
2848,162.5,118.75,0.00E+00,1.64E+01,6.95E+00,6.72E+01
2849,162.5,112.5,0.00E+00,1.34E+01,7.48E+00,6.86E+01
2850,162.5,106.25,0.00E+00,1.05E+01,7.76E+00,6.94E+01
2851,162.5,100,0.00E+00,7.68E+00,7.77E+00,6.98E+01
2852,162.5,93.3333,0.00E+00,5.07E+00,7.56E+00,6.98E+01
2853,162.5,86.6667,0.00E+00,3.04E+00,7.20E+00,6.96E+01
2854,162.5,80,0.00E+00,2.71E+00,6.71E+00,6.91E+01
2855,162.5,73.3333,0.00E+00,4.12E+00,6.13E+00,6.85E+01
2856,162.5,66.6667,0.00E+00,6.13E+00,5.48E+00,6.78E+01
2857,162.5,60,0.00E+00,8.16E+00,4.77E+00,6.71E+01
2858,162.5,53.3333,0.00E+00,1.01E+01,4.02E+00,6.63E+01
2859,162.5,46.6667,0.00E+00,1.19E+01,3.23E+00,6.55E+01
2860,162.5,40,0.00E+00,1.36E+01,2.44E+00,6.46E+01
2861,162.5,33.3333,0.00E+00,1.52E+01,1.65E+00,6.37E+01
2862,162.5,26.6667,0.00E+00,1.67E+01,1.03E+00,6.28E+01
2863,162.5,20,0.00E+00,1.81E+01,9.82E-01,6.18E+01
2864,162.5,13.3333,0.00E+00,1.93E+01,1.58E+00,6.08E+01
2865,162.5,6.66667,0.00E+00,2.04E+01,2.48E+00,5.97E+01
2866,162.5,5.33E-14,0.00E+00,2.15E+01,3.47E+00,5.85E+01
2867,162.5,-6.66667,0.00E+00,2.24E+01,4.52E+00,5.73E+01
2868,162.5,-13.3333,0.00E+00,2.32E+01,5.62E+00,5.60E+01
2869,162.5,-20,0.00E+00,2.39E+01,6.78E+00,5.47E+01
2870,162.5,-26.6667,0.00E+00,2.45E+01,7.99E+00,5.32E+01
2871,162.5,-33.3333,0.00E+00,2.50E+01,9.26E+00,5.17E+01
2872,162.5,-40,0.00E+00,2.54E+01,1.06E+01,5.02E+01
2873,162.5,-46.6667,0.00E+00,2.57E+01,1.20E+01,4.85E+01
2874,162.5,-53.3333,0.00E+00,2.60E+01,1.34E+01,4.68E+01
2875,162.5,-60,0.00E+00,2.61E+01,1.49E+01,4.50E+01
2876,162.5,-66.6667,0.00E+00,2.62E+01,1.65E+01,4.32E+01
2877,162.5,-73.3333,0.00E+00,2.61E+01,1.82E+01,4.12E+01
2878,162.5,-80,0.00E+00,2.59E+01,1.98E+01,3.91E+01
2879,162.5,-86.6667,0.00E+00,2.55E+01,2.16E+01,3.68E+01
2880,162.5,-93.3333,0.00E+00,2.49E+01,2.33E+01,3.44E+01
2881,162.5,-100,0.00E+00,2.41E+01,2.50E+01,3.17E+01
2882,162.5,-106.25,0.00E+00,2.29E+01,2.66E+01,2.89E+01
2883,162.5,-112.5,0.00E+00,2.13E+01,2.81E+01,2.57E+01
2884,162.5,-118.75,0.00E+00,1.91E+01,2.94E+01,2.22E+01
2885,162.5,-125,0.00E+00,1.62E+01,3.05E+01,1.81E+01
2886,162.5,-131.25,0.00E+00,1.25E+01,3.12E+01,1.35E+01
2887,162.5,-137.5,0.00E+00,7.75E+00,3.17E+01,8.47E+00
2888,162.5,-143.75,0.00E+00,3.59E+00,3.16E+01,4.78E+00
2889,162.5,-150,0.00E+00,2.05E+00,3.09E+01,3.17E+00
2890,162.5,-156.25,0.00E+00,1.88E+00,2.78E+01,2.17E+00
2891,162.5,-162.5,0.00E+00,1.65E+00,2.51E+01,1.61E+00
2892,156.25,-162.5,0.00E+00,1.87E+00,2.78E+01,2.18E+00
2893,156.256,-0.000236742,6.22E-02,1.28E+01,6.27E+00,5.06E+01
2894,156.254,86.664,5.27E-02,1.11E+01,5.02E+00,6.21E+01
2895,156.251,124.997,3.30E-02,2.50E+01,5.08E+00,5.95E+01
2896,156.249,143.747,1.45E-02,2.91E+01,3.56E+00,4.94E+01
2897,156.248,156.248,3.20E-03,2.72E+01,2.44E+00,3.91E+01
2898,156.248,149.997,8.77E-03,2.88E+01,3.00E+00,4.37E+01
2899,156.249,137.497,2.09E-02,2.82E+01,4.19E+00,5.39E+01
2900,156.25,131.247,2.73E-02,2.68E+01,4.70E+00,5.72E+01
2901,156.253,106.19,4.53E-02,1.83E+01,5.49E+00,6.26E+01
2902,156.252,118.747,3.78E-02,2.30E+01,5.32E+00,6.11E+01
2903,156.252,112.497,4.19E-02,2.07E+01,5.45E+00,6.21E+01
2904,156.253,99.7906,4.81E-02,1.58E+01,5.41E+00,6.27E+01
2905,156.254,93.2736,5.06E-02,1.33E+01,5.24E+00,6.25E+01
2906,156.256,46.6652,6.00E-02,9.04E+00,3.65E+00,5.76E+01
2907,156.255,66.6646,5.72E-02,9.15E+00,4.23E+00,6.01E+01
2908,156.255,79.9975,5.44E-02,9.72E+00,4.75E+00,6.15E+01
2909,156.255,73.3311,5.59E-02,9.26E+00,4.48E+00,6.08E+01
2910,156.255,59.9981,5.82E-02,9.10E+00,4.00E+00,5.93E+01
2911,156.256,53.3316,5.92E-02,9.07E+00,3.80E+00,5.84E+01
2912,156.256,26.6657,6.16E-02,9.05E+00,3.46E+00,5.48E+01
2913,156.256,39.9987,6.06E-02,9.02E+00,3.52E+00,5.67E+01
2914,156.256,33.3322,6.12E-02,9.01E+00,3.44E+00,5.58E+01
2915,156.256,13.3327,6.21E-02,1.05E+01,4.49E+00,5.28E+01
2916,156.256,19.9992,6.19E-02,9.51E+00,3.80E+00,5.38E+01
2917,156.256,6.66626,6.22E-02,1.17E+01,5.35E+00,5.17E+01
2918,156.254,-79.9981,5.21E-02,1.86E+01,2.18E+01,3.23E+01
2919,156.256,-39.9992,5.93E-02,1.72E+01,1.30E+01,4.27E+01
2920,156.256,-19.9997,6.13E-02,1.54E+01,9.36E+00,4.69E+01
2921,156.256,-6.66673,6.20E-02,1.37E+01,7.25E+00,4.94E+01
2922,156.256,-13.3332,6.18E-02,1.46E+01,8.28E+00,4.82E+01
2923,156.256,-26.6663,6.08E-02,1.61E+01,1.05E+01,4.56E+01
2924,156.256,-33.3327,6.01E-02,1.67E+01,1.17E+01,4.41E+01
2925,156.255,-59.9987,5.63E-02,1.83E+01,1.71E+01,3.79E+01
2926,156.256,-46.6657,5.84E-02,1.77E+01,1.43E+01,4.11E+01
2927,156.255,-53.3322,5.74E-02,1.80E+01,1.57E+01,3.95E+01
2928,156.255,-66.6652,5.50E-02,1.85E+01,1.86E+01,3.61E+01
2929,156.255,-73.3316,5.36E-02,1.86E+01,2.02E+01,3.43E+01
2930,156.252,-118.747,3.68E-02,1.36E+01,3.00E+01,1.74E+01
2931,156.253,-99.7912,4.61E-02,1.74E+01,2.65E+01,2.57E+01
2932,156.254,-86.6647,5.03E-02,1.84E+01,2.34E+01,3.03E+01
2933,156.254,-93.2743,4.84E-02,1.80E+01,2.50E+01,2.81E+01
2934,156.253,-106.192,4.35E-02,1.66E+01,2.79E+01,2.32E+01
2935,156.253,-112.497,4.04E-02,1.53E+01,2.91E+01,2.04E+01
2936,156.25,-137.498,2.01E-02,4.82E+00,3.01E+01,6.92E+00
2937,156.251,-124.997,3.23E-02,1.13E+01,3.05E+01,1.40E+01
2938,156.251,-131.247,2.68E-02,8.32E+00,3.06E+01,1.03E+01
2939,156.248,-149.998,3.35E-03,2.53E+00,2.73E+01,4.15E+00
2940,156.249,-143.748,1.19E-02,3.21E+00,2.89E+01,5.26E+00
2941,156.248,-156.248,-4.55E-04,1.76E+00,2.72E+01,2.66E+00
